sample_id,module_id,y_level,payload_raw,validation_payload_v4,semantic_family,static_valid_v4,static_quality_score_v4,slot_sanity_score_v4,module_contract_valid_score,malformed_syntax_penalty_v4,evidence_tier,hard_case_reason,intended_tier,parent_sample_id,parent_module_level,transform_recipe_id,roundtrip_valid,structure_preserved,semantic_preserved
Y3_R001_C01_S01,Y3_encoded_boolean,Y3,32%20%3D%2032,32 = 32,comparison_numeric,1,1.0,1.0,1.0,0.0,T1_static_validated,representation_case,LLM_review_or_future_special_module,Y1_R001_C01_S01,Y1_basic_boolean,T_Y3_URL_FULL,1,1,1
Y3_R001_C01_S02,Y3_encoded_boolean,Y3,45%20=%2045,45 = 45,comparison_numeric,1,1.0,1.0,1.0,0.0,T1_static_validated,representation_case,LLM_review_or_future_special_module,Y2_R001_C01_S02,Y2_boolean_variation,T_Y3_URL_PARTIAL,1,1,1
Y3_R001_C01_S03,Y3_encoded_boolean,Y3,58%20%3D%2058,58 = 58,comparison_numeric,1,1.0,1.0,1.0,0.0,T1_static_validated,representation_case,LLM_review_or_future_special_module,Y1_R001_C01_S03,Y1_basic_boolean,T_Y3_OPERATOR_QUOTE_PERCENT,1,1,1
Y3_R001_C01_S04,Y3_encoded_boolean,Y3,71%20%3D%2088,71 = 88,comparison_numeric,1,1.0,1.0,1.0,0.0,T1_static_validated,representation_case,LLM_review_or_future_special_module,Y1_R001_C01_S04,Y1_basic_boolean,T_Y3_URL_FULL,1,1,1
Y3_R001_C01_S05,Y3_encoded_boolean,Y3,84%20=%204,84 = 4,comparison_numeric,1,1.0,1.0,1.0,0.0,T1_static_validated,representation_case,LLM_review_or_future_special_module,Y2_R001_C01_S05,Y2_boolean_variation,T_Y3_URL_PARTIAL,1,1,1
Y3_R001_C01_S06,Y3_encoded_boolean,Y3,97%20%3D%2017,97 = 17,comparison_numeric,1,1.0,1.0,1.0,0.0,T1_static_validated,representation_case,LLM_review_or_future_special_module,Y1_R001_C01_S06,Y1_basic_boolean,T_Y3_OPERATOR_QUOTE_PERCENT,1,1,1
Y3_R001_C02_S01,Y3_encoded_boolean,Y3,%2843%20=%2043%29,(43 = 43),comparison_numeric,1,1.0,1.0,1.0,0.0,T1_static_validated,representation_case,LLM_review_or_future_special_module,Y2_R001_C02_S01,Y2_boolean_variation,T_Y3_URL_PARTIAL,1,1,1
Y3_R001_C02_S02,Y3_encoded_boolean,Y3,(56%20%3D%2056),(56 = 56),comparison_numeric,1,1.0,1.0,1.0,0.0,T1_static_validated,representation_case,LLM_review_or_future_special_module,Y1_R001_C02_S02,Y1_basic_boolean,T_Y3_OPERATOR_QUOTE_PERCENT,1,1,1
Y3_R001_C02_S03,Y3_encoded_boolean,Y3,%2869%20%3D%2069%29,(69 = 69),comparison_numeric,1,1.0,1.0,1.0,0.0,T1_static_validated,representation_case,LLM_review_or_future_special_module,Y1_R001_C02_S03,Y1_basic_boolean,T_Y3_URL_FULL,1,1,1
Y3_R001_C02_S04,Y3_encoded_boolean,Y3,%2882%20=%202%29,(82 = 2),comparison_numeric,1,1.0,1.0,1.0,0.0,T1_static_validated,representation_case,LLM_review_or_future_special_module,Y2_R001_C02_S04,Y2_boolean_variation,T_Y3_URL_PARTIAL,1,1,1
Y3_R001_C02_S05,Y3_encoded_boolean,Y3,(95%20%3D%2015),(95 = 15),comparison_numeric,1,1.0,1.0,1.0,0.0,T1_static_validated,representation_case,LLM_review_or_future_special_module,Y1_R001_C02_S05,Y1_basic_boolean,T_Y3_OPERATOR_QUOTE_PERCENT,1,1,1
Y3_R001_C02_S06,Y3_encoded_boolean,Y3,%2811%20%3D%2028%29,(11 = 28),comparison_numeric,1,1.0,1.0,1.0,0.0,T1_static_validated,representation_case,LLM_review_or_future_special_module,Y1_R001_C02_S06,Y1_basic_boolean,T_Y3_URL_FULL,1,1,1
Y3_R001_C03_S01,Y3_encoded_boolean,Y3,NOT%20(54%20%3D%2071),NOT (54 = 71),comparison_numeric,1,1.0,1.0,1.0,0.0,T1_static_validated,representation_case,LLM_review_or_future_special_module,Y1_R001_C03_S01,Y1_basic_boolean,T_Y3_OPERATOR_QUOTE_PERCENT,1,1,1
Y3_R001_C03_S02,Y3_encoded_boolean,Y3,NOT%20%2867%20%3D%2084%29,NOT (67 = 84),comparison_numeric,1,1.0,1.0,1.0,0.0,T1_static_validated,representation_case,LLM_review_or_future_special_module,Y1_R001_C03_S02,Y1_basic_boolean,T_Y3_URL_FULL,1,1,1
Y3_R001_C03_S03,Y3_encoded_boolean,Y3,NOT%20%2880%20=%2097%29,NOT (80 = 97),comparison_numeric,1,1.0,1.0,1.0,0.0,T1_static_validated,representation_case,LLM_review_or_future_special_module,Y2_R001_C03_S03,Y2_boolean_variation,T_Y3_URL_PARTIAL,1,1,1
Y3_R001_C03_S04,Y3_encoded_boolean,Y3,NOT%20(93%20%3D%2093),NOT (93 = 93),comparison_numeric,1,1.0,1.0,1.0,0.0,T1_static_validated,representation_case,LLM_review_or_future_special_module,Y1_R001_C03_S04,Y1_basic_boolean,T_Y3_OPERATOR_QUOTE_PERCENT,1,1,1
Y3_R001_C03_S05,Y3_encoded_boolean,Y3,NOT%20%289%20%3D%209%29,NOT (9 = 9),comparison_numeric,1,1.0,1.0,1.0,0.0,T1_static_validated,representation_case,LLM_review_or_future_special_module,Y1_R001_C03_S05,Y1_basic_boolean,T_Y3_URL_FULL,1,1,1
Y3_R001_C03_S06,Y3_encoded_boolean,Y3,NOT%20%2822%20=%2022%29,NOT (22 = 22),comparison_numeric,1,1.0,1.0,1.0,0.0,T1_static_validated,representation_case,LLM_review_or_future_special_module,Y2_R001_C03_S06,Y2_boolean_variation,T_Y3_URL_PARTIAL,1,1,1
Y3_R001_C04_S01,Y3_encoded_boolean,Y3,%2865%20%3D%2065%29%20IS%20TRUE,(65 = 65) IS TRUE,comparison_numeric,1,1.0,1.0,1.0,0.0,T1_static_validated,representation_case,LLM_review_or_future_special_module,Y1_R001_C04_S01,Y1_basic_boolean,T_Y3_URL_FULL,1,1,1
Y3_R001_C04_S02,Y3_encoded_boolean,Y3,%2878%20=%2078%29%20IS%20TRUE,(78 = 78) IS TRUE,comparison_numeric,1,1.0,1.0,1.0,0.0,T1_static_validated,representation_case,LLM_review_or_future_special_module,Y2_R001_C04_S02,Y2_boolean_variation,T_Y3_URL_PARTIAL,1,1,1
Y3_R001_C04_S03,Y3_encoded_boolean,Y3,(91%20%3D%2091)%20IS%20TRUE,(91 = 91) IS TRUE,comparison_numeric,1,1.0,1.0,1.0,0.0,T1_static_validated,representation_case,LLM_review_or_future_special_module,Y1_R001_C04_S03,Y1_basic_boolean,T_Y3_OPERATOR_QUOTE_PERCENT,1,1,1
Y3_R001_C04_S04,Y3_encoded_boolean,Y3,%287%20%3D%2024%29%20IS%20TRUE,(7 = 24) IS TRUE,comparison_numeric,1,1.0,1.0,1.0,0.0,T1_static_validated,representation_case,LLM_review_or_future_special_module,Y1_R001_C04_S04,Y1_basic_boolean,T_Y3_URL_FULL,1,1,1
Y3_R001_C04_S05,Y3_encoded_boolean,Y3,%2820%20=%2037%29%20IS%20TRUE,(20 = 37) IS TRUE,comparison_numeric,1,1.0,1.0,1.0,0.0,T1_static_validated,representation_case,LLM_review_or_future_special_module,Y2_R001_C04_S05,Y2_boolean_variation,T_Y3_URL_PARTIAL,1,1,1
Y3_R001_C04_S06,Y3_encoded_boolean,Y3,(33%20%3D%2050)%20IS%20TRUE,(33 = 50) IS TRUE,comparison_numeric,1,1.0,1.0,1.0,0.0,T1_static_validated,representation_case,LLM_review_or_future_special_module,Y1_R001_C04_S06,Y1_basic_boolean,T_Y3_OPERATOR_QUOTE_PERCENT,1,1,1
Y3_R001_C05_S01,Y3_encoded_boolean,Y3,%2876%20=%2076%29%20IS%20NOT%20FALSE,(76 = 76) IS NOT FALSE,comparison_numeric,1,1.0,1.0,1.0,0.0,T1_static_validated,representation_case,LLM_review_or_future_special_module,Y2_R001_C05_S01,Y2_boolean_variation,T_Y3_URL_PARTIAL,1,1,1
Y3_R001_C05_S02,Y3_encoded_boolean,Y3,(89%20%3D%2089)%20IS%20NOT%20FALSE,(89 = 89) IS NOT FALSE,comparison_numeric,1,1.0,1.0,1.0,0.0,T1_static_validated,representation_case,LLM_review_or_future_special_module,Y1_R001_C05_S02,Y1_basic_boolean,T_Y3_OPERATOR_QUOTE_PERCENT,1,1,1
Y3_R001_C05_S03,Y3_encoded_boolean,Y3,%285%20%3D%205%29%20IS%20NOT%20FALSE,(5 = 5) IS NOT FALSE,comparison_numeric,1,1.0,1.0,1.0,0.0,T1_static_validated,representation_case,LLM_review_or_future_special_module,Y1_R001_C05_S03,Y1_basic_boolean,T_Y3_URL_FULL,1,1,1
Y3_R001_C05_S04,Y3_encoded_boolean,Y3,%2818%20=%2035%29%20IS%20NOT%20FALSE,(18 = 35) IS NOT FALSE,comparison_numeric,1,1.0,1.0,1.0,0.0,T1_static_validated,representation_case,LLM_review_or_future_special_module,Y2_R001_C05_S04,Y2_boolean_variation,T_Y3_URL_PARTIAL,1,1,1
Y3_R001_C05_S05,Y3_encoded_boolean,Y3,(31%20%3D%2048)%20IS%20NOT%20FALSE,(31 = 48) IS NOT FALSE,comparison_numeric,1,1.0,1.0,1.0,0.0,T1_static_validated,representation_case,LLM_review_or_future_special_module,Y1_R001_C05_S05,Y1_basic_boolean,T_Y3_OPERATOR_QUOTE_PERCENT,1,1,1
Y3_R001_C05_S06,Y3_encoded_boolean,Y3,%2844%20%3D%2061%29%20IS%20NOT%20FALSE,(44 = 61) IS NOT FALSE,comparison_numeric,1,1.0,1.0,1.0,0.0,T1_static_validated,representation_case,LLM_review_or_future_special_module,Y1_R001_C05_S06,Y1_basic_boolean,T_Y3_URL_FULL,1,1,1
Y3_R001_C06_S01,Y3_encoded_boolean,Y3,CASE%20WHEN%20(87%20%3D%2087)%20THEN%20TRUE%20ELSE%20FALSE%20END,CASE WHEN (87 = 87) THEN TRUE ELSE FALSE END,comparison_numeric,1,1.0,1.0,1.0,0.0,T1_static_validated,representation_case,LLM_review_or_future_special_module,Y1_R001_C06_S01,Y1_basic_boolean,T_Y3_OPERATOR_QUOTE_PERCENT,1,1,1
Y3_R001_C06_S02,Y3_encoded_boolean,Y3,CASE%20WHEN%20%283%20%3D%203%29%20THEN%20TRUE%20ELSE%20FALSE%20END,CASE WHEN (3 = 3) THEN TRUE ELSE FALSE END,comparison_numeric,1,1.0,1.0,1.0,0.0,T1_static_validated,representation_case,LLM_review_or_future_special_module,Y1_R001_C06_S02,Y1_basic_boolean,T_Y3_URL_FULL,1,1,1
Y3_R001_C06_S03,Y3_encoded_boolean,Y3,CASE%20WHEN%20%2816%20=%2016%29%20THEN%20TRUE%20ELSE%20FALSE%20END,CASE WHEN (16 = 16) THEN TRUE ELSE FALSE END,comparison_numeric,1,1.0,1.0,1.0,0.0,T1_static_validated,representation_case,LLM_review_or_future_special_module,Y2_R001_C06_S03,Y2_boolean_variation,T_Y3_URL_PARTIAL,1,1,1
Y3_R001_C06_S04,Y3_encoded_boolean,Y3,CASE%20WHEN%20(29%20%3D%2046)%20THEN%20TRUE%20ELSE%20FALSE%20END,CASE WHEN (29 = 46) THEN TRUE ELSE FALSE END,comparison_numeric,1,1.0,1.0,1.0,0.0,T1_static_validated,representation_case,LLM_review_or_future_special_module,Y1_R001_C06_S04,Y1_basic_boolean,T_Y3_OPERATOR_QUOTE_PERCENT,1,1,1
Y3_R001_C06_S05,Y3_encoded_boolean,Y3,CASE%20WHEN%20%2842%20%3D%2059%29%20THEN%20TRUE%20ELSE%20FALSE%20END,CASE WHEN (42 = 59) THEN TRUE ELSE FALSE END,comparison_numeric,1,1.0,1.0,1.0,0.0,T1_static_validated,representation_case,LLM_review_or_future_special_module,Y1_R001_C06_S05,Y1_basic_boolean,T_Y3_URL_FULL,1,1,1
Y3_R001_C06_S06,Y3_encoded_boolean,Y3,CASE%20WHEN%20%2855%20=%2072%29%20THEN%20TRUE%20ELSE%20FALSE%20END,CASE WHEN (55 = 72) THEN TRUE ELSE FALSE END,comparison_numeric,1,1.0,1.0,1.0,0.0,T1_static_validated,representation_case,LLM_review_or_future_special_module,Y2_R001_C06_S06,Y2_boolean_variation,T_Y3_URL_PARTIAL,1,1,1
Y3_R001_C07_S01,Y3_encoded_boolean,Y3,%281%20%3D%201%29%20AND%20%2852%20%3D%2052%29,(1 = 1) AND (52 = 52),comparison_numeric,1,1.0,1.0,1.0,0.0,T1_static_validated,representation_case,LLM_review_or_future_special_module,Y1_R001_C07_S01,Y1_basic_boolean,T_Y3_URL_FULL,1,1,1
Y3_R001_C07_S02,Y3_encoded_boolean,Y3,%2814%20=%2014%29%20AND%20%2865%20=%2065%29,(14 = 14) AND (65 = 65),comparison_numeric,1,1.0,1.0,1.0,0.0,T1_static_validated,representation_case,LLM_review_or_future_special_module,Y2_R001_C07_S02,Y2_boolean_variation,T_Y3_URL_PARTIAL,1,1,1
Y3_R001_C07_S03,Y3_encoded_boolean,Y3,(27%20%3D%2027)%20AND%20(78%20%3D%2078),(27 = 27) AND (78 = 78),comparison_numeric,1,1.0,1.0,1.0,0.0,T1_static_validated,representation_case,LLM_review_or_future_special_module,Y1_R001_C07_S03,Y1_basic_boolean,T_Y3_OPERATOR_QUOTE_PERCENT,1,1,1
Y3_R001_C07_S04,Y3_encoded_boolean,Y3,%2840%20%3D%2057%29%20AND%20%2891%20%3D%2091%29,(40 = 57) AND (91 = 91),comparison_numeric,1,1.0,1.0,1.0,0.0,T1_static_validated,representation_case,LLM_review_or_future_special_module,Y1_R001_C07_S04,Y1_basic_boolean,T_Y3_URL_FULL,1,1,1
Y3_R001_C07_S05,Y3_encoded_boolean,Y3,%2853%20=%2070%29%20AND%20%287%20=%207%29,(53 = 70) AND (7 = 7),comparison_numeric,1,1.0,1.0,1.0,0.0,T1_static_validated,representation_case,LLM_review_or_future_special_module,Y2_R001_C07_S05,Y2_boolean_variation,T_Y3_URL_PARTIAL,1,1,1
Y3_R001_C07_S06,Y3_encoded_boolean,Y3,(66%20%3D%2083)%20AND%20(20%20%3D%2020),(66 = 83) AND (20 = 20),comparison_numeric,1,1.0,1.0,1.0,0.0,T1_static_validated,representation_case,LLM_review_or_future_special_module,Y1_R001_C07_S06,Y1_basic_boolean,T_Y3_OPERATOR_QUOTE_PERCENT,1,1,1
Y3_R001_C08_S01,Y3_encoded_boolean,Y3,%2812%20=%2012%29%20OR%20%2880%20<>%2080%29,(12 = 12) OR (80 <> 80),comparison_numeric,1,1.0,1.0,1.0,0.0,T1_static_validated,representation_case,LLM_review_or_future_special_module,Y2_R001_C08_S01,Y2_boolean_variation,T_Y3_URL_PARTIAL,1,1,1
Y3_R001_C08_S02,Y3_encoded_boolean,Y3,(25%20%3D%2025)%20OR%20(93%20%3C%3E%2093),(25 = 25) OR (93 <> 93),comparison_numeric,1,1.0,1.0,1.0,0.0,T1_static_validated,representation_case,LLM_review_or_future_special_module,Y1_R001_C08_S02,Y1_basic_boolean,T_Y3_OPERATOR_QUOTE_PERCENT,1,1,1
Y3_R001_C08_S03,Y3_encoded_boolean,Y3,%2838%20%3D%2038%29%20OR%20%289%20%3C%3E%209%29,(38 = 38) OR (9 <> 9),comparison_numeric,1,1.0,1.0,1.0,0.0,T1_static_validated,representation_case,LLM_review_or_future_special_module,Y1_R001_C08_S03,Y1_basic_boolean,T_Y3_URL_FULL,1,1,1
Y3_R001_C08_S04,Y3_encoded_boolean,Y3,%2851%20=%2068%29%20OR%20%2822%20<>%2022%29,(51 = 68) OR (22 <> 22),comparison_numeric,1,1.0,1.0,1.0,0.0,T1_static_validated,representation_case,LLM_review_or_future_special_module,Y2_R001_C08_S04,Y2_boolean_variation,T_Y3_URL_PARTIAL,1,1,1
Y3_R001_C08_S05,Y3_encoded_boolean,Y3,(64%20%3D%2081)%20OR%20(35%20%3C%3E%2035),(64 = 81) OR (35 <> 35),comparison_numeric,1,1.0,1.0,1.0,0.0,T1_static_validated,representation_case,LLM_review_or_future_special_module,Y1_R001_C08_S05,Y1_basic_boolean,T_Y3_OPERATOR_QUOTE_PERCENT,1,1,1
Y3_R001_C08_S06,Y3_encoded_boolean,Y3,%2877%20%3D%2094%29%20OR%20%2848%20%3C%3E%2048%29,(77 = 94) OR (48 <> 48),comparison_numeric,1,1.0,1.0,1.0,0.0,T1_static_validated,representation_case,LLM_review_or_future_special_module,Y1_R001_C08_S06,Y1_basic_boolean,T_Y3_URL_FULL,1,1,1
Y3_R001_C09_S01,Y3_encoded_boolean,Y3,((23%20%3D%2023)%20%3D%20TRUE),((23 = 23) = TRUE),comparison_numeric,1,1.0,1.0,1.0,0.0,T1_static_validated,representation_case,LLM_review_or_future_special_module,Y1_R001_C09_S01,Y1_basic_boolean,T_Y3_OPERATOR_QUOTE_PERCENT,1,1,1
Y3_R001_C09_S02,Y3_encoded_boolean,Y3,%28%2836%20%3D%2036%29%20%3D%20TRUE%29,((36 = 36) = TRUE),comparison_numeric,1,1.0,1.0,1.0,0.0,T1_static_validated,representation_case,LLM_review_or_future_special_module,Y1_R001_C09_S02,Y1_basic_boolean,T_Y3_URL_FULL,1,1,1
Y3_R001_C09_S03,Y3_encoded_boolean,Y3,%28%2849%20=%2049%29%20=%20TRUE%29,((49 = 49) = TRUE),comparison_numeric,1,1.0,1.0,1.0,0.0,T1_static_validated,representation_case,LLM_review_or_future_special_module,Y2_R001_C09_S03,Y2_boolean_variation,T_Y3_URL_PARTIAL,1,1,1
Y3_R001_C09_S04,Y3_encoded_boolean,Y3,((62%20%3D%2079)%20%3D%20TRUE),((62 = 79) = TRUE),comparison_numeric,1,1.0,1.0,1.0,0.0,T1_static_validated,representation_case,LLM_review_or_future_special_module,Y1_R001_C09_S04,Y1_basic_boolean,T_Y3_OPERATOR_QUOTE_PERCENT,1,1,1
Y3_R001_C09_S05,Y3_encoded_boolean,Y3,%28%2875%20%3D%2092%29%20%3D%20TRUE%29,((75 = 92) = TRUE),comparison_numeric,1,1.0,1.0,1.0,0.0,T1_static_validated,representation_case,LLM_review_or_future_special_module,Y1_R001_C09_S05,Y1_basic_boolean,T_Y3_URL_FULL,1,1,1
Y3_R001_C09_S06,Y3_encoded_boolean,Y3,%28%2888%20=%208%29%20=%20TRUE%29,((88 = 8) = TRUE),comparison_numeric,1,1.0,1.0,1.0,0.0,T1_static_validated,representation_case,LLM_review_or_future_special_module,Y2_R001_C09_S06,Y2_boolean_variation,T_Y3_URL_PARTIAL,1,1,1
Y3_R001_C10_S01,Y3_encoded_boolean,Y3,COALESCE%28%2834%20%3D%2034%29%2C%20FALSE%29,"COALESCE((34 = 34), FALSE)",comparison_numeric,1,1.0,1.0,1.0,0.0,T1_static_validated,representation_case,LLM_review_or_future_special_module,Y1_R001_C10_S01,Y1_basic_boolean,T_Y3_URL_FULL,1,1,1
Y3_R001_C10_S02,Y3_encoded_boolean,Y3,COALESCE%28%2847%20=%2047%29%2C%20FALSE%29,"COALESCE((47 = 47), FALSE)",comparison_numeric,1,1.0,1.0,1.0,0.0,T1_static_validated,representation_case,LLM_review_or_future_special_module,Y2_R001_C10_S02,Y2_boolean_variation,T_Y3_URL_PARTIAL,1,1,1
Y3_R001_C10_S03,Y3_encoded_boolean,Y3,"COALESCE((60%20%3D%2060),%20FALSE)","COALESCE((60 = 60), FALSE)",comparison_numeric,1,1.0,1.0,1.0,0.0,T1_static_validated,representation_case,LLM_review_or_future_special_module,Y1_R001_C10_S03,Y1_basic_boolean,T_Y3_OPERATOR_QUOTE_PERCENT,1,1,1
Y3_R001_C10_S04,Y3_encoded_boolean,Y3,COALESCE%28%2873%20%3D%2090%29%2C%20FALSE%29,"COALESCE((73 = 90), FALSE)",comparison_numeric,1,1.0,1.0,1.0,0.0,T1_static_validated,representation_case,LLM_review_or_future_special_module,Y1_R001_C10_S04,Y1_basic_boolean,T_Y3_URL_FULL,1,1,1
Y3_R001_C10_S05,Y3_encoded_boolean,Y3,COALESCE%28%2886%20=%206%29%2C%20FALSE%29,"COALESCE((86 = 6), FALSE)",comparison_numeric,1,1.0,1.0,1.0,0.0,T1_static_validated,representation_case,LLM_review_or_future_special_module,Y2_R001_C10_S05,Y2_boolean_variation,T_Y3_URL_PARTIAL,1,1,1
Y3_R001_C10_S06,Y3_encoded_boolean,Y3,"COALESCE((2%20%3D%2019),%20FALSE)","COALESCE((2 = 19), FALSE)",comparison_numeric,1,1.0,1.0,1.0,0.0,T1_static_validated,representation_case,LLM_review_or_future_special_module,Y1_R001_C10_S06,Y1_basic_boolean,T_Y3_OPERATOR_QUOTE_PERCENT,1,1,1
Y3_R002_C01_S01,Y3_encoded_boolean,Y3,39%20<>%2056,39 <> 56,comparison_numeric,1,1.0,1.0,1.0,0.0,T1_static_validated,representation_case,LLM_review_or_future_special_module,Y2_R002_C01_S01,Y2_boolean_variation,T_Y3_URL_PARTIAL,1,1,1
Y3_R002_C01_S02,Y3_encoded_boolean,Y3,52%20%3C%3E%2069,52 <> 69,comparison_numeric,1,1.0,1.0,1.0,0.0,T1_static_validated,representation_case,LLM_review_or_future_special_module,Y1_R002_C01_S02,Y1_basic_boolean,T_Y3_OPERATOR_QUOTE_PERCENT,1,1,1
Y3_R002_C01_S03,Y3_encoded_boolean,Y3,65%20%3C%3E%2082,65 <> 82,comparison_numeric,1,1.0,1.0,1.0,0.0,T1_static_validated,representation_case,LLM_review_or_future_special_module,Y1_R002_C01_S03,Y1_basic_boolean,T_Y3_URL_FULL,1,1,1
Y3_R002_C01_S04,Y3_encoded_boolean,Y3,78%20<>%2078,78 <> 78,comparison_numeric,1,1.0,1.0,1.0,0.0,T1_static_validated,representation_case,LLM_review_or_future_special_module,Y2_R002_C01_S04,Y2_boolean_variation,T_Y3_URL_PARTIAL,1,1,1
Y3_R002_C01_S05,Y3_encoded_boolean,Y3,91%20%3C%3E%2091,91 <> 91,comparison_numeric,1,1.0,1.0,1.0,0.0,T1_static_validated,representation_case,LLM_review_or_future_special_module,Y1_R002_C01_S05,Y1_basic_boolean,T_Y3_OPERATOR_QUOTE_PERCENT,1,1,1
Y3_R002_C01_S06,Y3_encoded_boolean,Y3,7%20%3C%3E%207,7 <> 7,comparison_numeric,1,1.0,1.0,1.0,0.0,T1_static_validated,representation_case,LLM_review_or_future_special_module,Y1_R002_C01_S06,Y1_basic_boolean,T_Y3_URL_FULL,1,1,1
Y3_R002_C02_S01,Y3_encoded_boolean,Y3,(50%20%3C%3E%2067),(50 <> 67),comparison_numeric,1,1.0,1.0,1.0,0.0,T1_static_validated,representation_case,LLM_review_or_future_special_module,Y1_R002_C02_S01,Y1_basic_boolean,T_Y3_OPERATOR_QUOTE_PERCENT,1,1,1
Y3_R002_C02_S02,Y3_encoded_boolean,Y3,%2863%20%3C%3E%2080%29,(63 <> 80),comparison_numeric,1,1.0,1.0,1.0,0.0,T1_static_validated,representation_case,LLM_review_or_future_special_module,Y1_R002_C02_S02,Y1_basic_boolean,T_Y3_URL_FULL,1,1,1
Y3_R002_C02_S03,Y3_encoded_boolean,Y3,%2876%20<>%2093%29,(76 <> 93),comparison_numeric,1,1.0,1.0,1.0,0.0,T1_static_validated,representation_case,LLM_review_or_future_special_module,Y2_R002_C02_S03,Y2_boolean_variation,T_Y3_URL_PARTIAL,1,1,1
Y3_R002_C02_S04,Y3_encoded_boolean,Y3,(89%20%3C%3E%2089),(89 <> 89),comparison_numeric,1,1.0,1.0,1.0,0.0,T1_static_validated,representation_case,LLM_review_or_future_special_module,Y1_R002_C02_S04,Y1_basic_boolean,T_Y3_OPERATOR_QUOTE_PERCENT,1,1,1
Y3_R002_C02_S05,Y3_encoded_boolean,Y3,%285%20%3C%3E%205%29,(5 <> 5),comparison_numeric,1,1.0,1.0,1.0,0.0,T1_static_validated,representation_case,LLM_review_or_future_special_module,Y1_R002_C02_S05,Y1_basic_boolean,T_Y3_URL_FULL,1,1,1
Y3_R002_C02_S06,Y3_encoded_boolean,Y3,%2818%20<>%2018%29,(18 <> 18),comparison_numeric,1,1.0,1.0,1.0,0.0,T1_static_validated,representation_case,LLM_review_or_future_special_module,Y2_R002_C02_S06,Y2_boolean_variation,T_Y3_URL_PARTIAL,1,1,1
Y3_R002_C03_S01,Y3_encoded_boolean,Y3,NOT%20%2861%20%3C%3E%2061%29,NOT (61 <> 61),comparison_numeric,1,1.0,1.0,1.0,0.0,T1_static_validated,representation_case,LLM_review_or_future_special_module,Y1_R002_C03_S01,Y1_basic_boolean,T_Y3_URL_FULL,1,1,1
Y3_R002_C03_S02,Y3_encoded_boolean,Y3,NOT%20%2874%20<>%2074%29,NOT (74 <> 74),comparison_numeric,1,1.0,1.0,1.0,0.0,T1_static_validated,representation_case,LLM_review_or_future_special_module,Y2_R002_C03_S02,Y2_boolean_variation,T_Y3_URL_PARTIAL,1,1,1
Y3_R002_C03_S03,Y3_encoded_boolean,Y3,NOT%20(87%20%3C%3E%2087),NOT (87 <> 87),comparison_numeric,1,1.0,1.0,1.0,0.0,T1_static_validated,representation_case,LLM_review_or_future_special_module,Y1_R002_C03_S03,Y1_basic_boolean,T_Y3_OPERATOR_QUOTE_PERCENT,1,1,1
Y3_R002_C03_S04,Y3_encoded_boolean,Y3,NOT%20%283%20%3C%3E%2020%29,NOT (3 <> 20),comparison_numeric,1,1.0,1.0,1.0,0.0,T1_static_validated,representation_case,LLM_review_or_future_special_module,Y1_R002_C03_S04,Y1_basic_boolean,T_Y3_URL_FULL,1,1,1
Y3_R002_C03_S05,Y3_encoded_boolean,Y3,NOT%20%2816%20<>%2033%29,NOT (16 <> 33),comparison_numeric,1,1.0,1.0,1.0,0.0,T1_static_validated,representation_case,LLM_review_or_future_special_module,Y2_R002_C03_S05,Y2_boolean_variation,T_Y3_URL_PARTIAL,1,1,1
Y3_R002_C03_S06,Y3_encoded_boolean,Y3,NOT%20(29%20%3C%3E%2046),NOT (29 <> 46),comparison_numeric,1,1.0,1.0,1.0,0.0,T1_static_validated,representation_case,LLM_review_or_future_special_module,Y1_R002_C03_S06,Y1_basic_boolean,T_Y3_OPERATOR_QUOTE_PERCENT,1,1,1
Y3_R002_C04_S01,Y3_encoded_boolean,Y3,%2872%20<>%2089%29%20IS%20TRUE,(72 <> 89) IS TRUE,comparison_numeric,1,1.0,1.0,1.0,0.0,T1_static_validated,representation_case,LLM_review_or_future_special_module,Y2_R002_C04_S01,Y2_boolean_variation,T_Y3_URL_PARTIAL,1,1,1
Y3_R002_C04_S02,Y3_encoded_boolean,Y3,(85%20%3C%3E%205)%20IS%20TRUE,(85 <> 5) IS TRUE,comparison_numeric,1,1.0,1.0,1.0,0.0,T1_static_validated,representation_case,LLM_review_or_future_special_module,Y1_R002_C04_S02,Y1_basic_boolean,T_Y3_OPERATOR_QUOTE_PERCENT,1,1,1
Y3_R002_C04_S03,Y3_encoded_boolean,Y3,%281%20%3C%3E%2018%29%20IS%20TRUE,(1 <> 18) IS TRUE,comparison_numeric,1,1.0,1.0,1.0,0.0,T1_static_validated,representation_case,LLM_review_or_future_special_module,Y1_R002_C04_S03,Y1_basic_boolean,T_Y3_URL_FULL,1,1,1
Y3_R002_C04_S04,Y3_encoded_boolean,Y3,%2814%20<>%2014%29%20IS%20TRUE,(14 <> 14) IS TRUE,comparison_numeric,1,1.0,1.0,1.0,0.0,T1_static_validated,representation_case,LLM_review_or_future_special_module,Y2_R002_C04_S04,Y2_boolean_variation,T_Y3_URL_PARTIAL,1,1,1
Y3_R002_C04_S05,Y3_encoded_boolean,Y3,(27%20%3C%3E%2027)%20IS%20TRUE,(27 <> 27) IS TRUE,comparison_numeric,1,1.0,1.0,1.0,0.0,T1_static_validated,representation_case,LLM_review_or_future_special_module,Y1_R002_C04_S05,Y1_basic_boolean,T_Y3_OPERATOR_QUOTE_PERCENT,1,1,1
Y3_R002_C04_S06,Y3_encoded_boolean,Y3,%2840%20%3C%3E%2040%29%20IS%20TRUE,(40 <> 40) IS TRUE,comparison_numeric,1,1.0,1.0,1.0,0.0,T1_static_validated,representation_case,LLM_review_or_future_special_module,Y1_R002_C04_S06,Y1_basic_boolean,T_Y3_URL_FULL,1,1,1
Y3_R002_C05_S01,Y3_encoded_boolean,Y3,(83%20%3C%3E%203)%20IS%20NOT%20FALSE,(83 <> 3) IS NOT FALSE,comparison_numeric,1,1.0,1.0,1.0,0.0,T1_static_validated,representation_case,LLM_review_or_future_special_module,Y1_R002_C05_S01,Y1_basic_boolean,T_Y3_OPERATOR_QUOTE_PERCENT,1,1,1
Y3_R002_C05_S02,Y3_encoded_boolean,Y3,%2896%20%3C%3E%2016%29%20IS%20NOT%20FALSE,(96 <> 16) IS NOT FALSE,comparison_numeric,1,1.0,1.0,1.0,0.0,T1_static_validated,representation_case,LLM_review_or_future_special_module,Y1_R002_C05_S02,Y1_basic_boolean,T_Y3_URL_FULL,1,1,1
Y3_R002_C05_S03,Y3_encoded_boolean,Y3,%2812%20<>%2029%29%20IS%20NOT%20FALSE,(12 <> 29) IS NOT FALSE,comparison_numeric,1,1.0,1.0,1.0,0.0,T1_static_validated,representation_case,LLM_review_or_future_special_module,Y2_R002_C05_S03,Y2_boolean_variation,T_Y3_URL_PARTIAL,1,1,1
Y3_R002_C05_S04,Y3_encoded_boolean,Y3,(25%20%3C%3E%2025)%20IS%20NOT%20FALSE,(25 <> 25) IS NOT FALSE,comparison_numeric,1,1.0,1.0,1.0,0.0,T1_static_validated,representation_case,LLM_review_or_future_special_module,Y1_R002_C05_S04,Y1_basic_boolean,T_Y3_OPERATOR_QUOTE_PERCENT,1,1,1
Y3_R002_C05_S05,Y3_encoded_boolean,Y3,%2838%20%3C%3E%2038%29%20IS%20NOT%20FALSE,(38 <> 38) IS NOT FALSE,comparison_numeric,1,1.0,1.0,1.0,0.0,T1_static_validated,representation_case,LLM_review_or_future_special_module,Y1_R002_C05_S05,Y1_basic_boolean,T_Y3_URL_FULL,1,1,1
Y3_R002_C05_S06,Y3_encoded_boolean,Y3,%2851%20<>%2051%29%20IS%20NOT%20FALSE,(51 <> 51) IS NOT FALSE,comparison_numeric,1,1.0,1.0,1.0,0.0,T1_static_validated,representation_case,LLM_review_or_future_special_module,Y2_R002_C05_S06,Y2_boolean_variation,T_Y3_URL_PARTIAL,1,1,1
Y3_R002_C06_S01,Y3_encoded_boolean,Y3,CASE%20WHEN%20%2894%20%3C%3E%2014%29%20THEN%20TRUE%20ELSE%20FALSE%20END,CASE WHEN (94 <> 14) THEN TRUE ELSE FALSE END,comparison_numeric,1,1.0,1.0,1.0,0.0,T1_static_validated,representation_case,LLM_review_or_future_special_module,Y1_R002_C06_S01,Y1_basic_boolean,T_Y3_URL_FULL,1,1,1
Y3_R002_C06_S02,Y3_encoded_boolean,Y3,CASE%20WHEN%20%2810%20<>%2027%29%20THEN%20TRUE%20ELSE%20FALSE%20END,CASE WHEN (10 <> 27) THEN TRUE ELSE FALSE END,comparison_numeric,1,1.0,1.0,1.0,0.0,T1_static_validated,representation_case,LLM_review_or_future_special_module,Y2_R002_C06_S02,Y2_boolean_variation,T_Y3_URL_PARTIAL,1,1,1
Y3_R002_C06_S03,Y3_encoded_boolean,Y3,CASE%20WHEN%20(23%20%3C%3E%2040)%20THEN%20TRUE%20ELSE%20FALSE%20END,CASE WHEN (23 <> 40) THEN TRUE ELSE FALSE END,comparison_numeric,1,1.0,1.0,1.0,0.0,T1_static_validated,representation_case,LLM_review_or_future_special_module,Y1_R002_C06_S03,Y1_basic_boolean,T_Y3_OPERATOR_QUOTE_PERCENT,1,1,1
Y3_R002_C06_S04,Y3_encoded_boolean,Y3,CASE%20WHEN%20%2836%20%3C%3E%2036%29%20THEN%20TRUE%20ELSE%20FALSE%20END,CASE WHEN (36 <> 36) THEN TRUE ELSE FALSE END,comparison_numeric,1,1.0,1.0,1.0,0.0,T1_static_validated,representation_case,LLM_review_or_future_special_module,Y1_R002_C06_S04,Y1_basic_boolean,T_Y3_URL_FULL,1,1,1
Y3_R002_C06_S05,Y3_encoded_boolean,Y3,CASE%20WHEN%20%2849%20<>%2049%29%20THEN%20TRUE%20ELSE%20FALSE%20END,CASE WHEN (49 <> 49) THEN TRUE ELSE FALSE END,comparison_numeric,1,1.0,1.0,1.0,0.0,T1_static_validated,representation_case,LLM_review_or_future_special_module,Y2_R002_C06_S05,Y2_boolean_variation,T_Y3_URL_PARTIAL,1,1,1
Y3_R002_C06_S06,Y3_encoded_boolean,Y3,CASE%20WHEN%20(62%20%3C%3E%2062)%20THEN%20TRUE%20ELSE%20FALSE%20END,CASE WHEN (62 <> 62) THEN TRUE ELSE FALSE END,comparison_numeric,1,1.0,1.0,1.0,0.0,T1_static_validated,representation_case,LLM_review_or_future_special_module,Y1_R002_C06_S06,Y1_basic_boolean,T_Y3_OPERATOR_QUOTE_PERCENT,1,1,1
Y3_R002_C07_S01,Y3_encoded_boolean,Y3,%288%20<>%2025%29%20AND%20%2859%20=%2059%29,(8 <> 25) AND (59 = 59),comparison_numeric,1,1.0,1.0,1.0,0.0,T1_static_validated,representation_case,LLM_review_or_future_special_module,Y2_R002_C07_S01,Y2_boolean_variation,T_Y3_URL_PARTIAL,1,1,1
Y3_R002_C07_S02,Y3_encoded_boolean,Y3,(21%20%3C%3E%2038)%20AND%20(72%20%3D%2072),(21 <> 38) AND (72 = 72),comparison_numeric,1,1.0,1.0,1.0,0.0,T1_static_validated,representation_case,LLM_review_or_future_special_module,Y1_R002_C07_S02,Y1_basic_boolean,T_Y3_OPERATOR_QUOTE_PERCENT,1,1,1
Y3_R002_C07_S03,Y3_encoded_boolean,Y3,%2834%20%3C%3E%2051%29%20AND%20%2885%20%3D%2085%29,(34 <> 51) AND (85 = 85),comparison_numeric,1,1.0,1.0,1.0,0.0,T1_static_validated,representation_case,LLM_review_or_future_special_module,Y1_R002_C07_S03,Y1_basic_boolean,T_Y3_URL_FULL,1,1,1
Y3_R002_C07_S04,Y3_encoded_boolean,Y3,%2847%20<>%2047%29%20AND%20%281%20=%201%29,(47 <> 47) AND (1 = 1),comparison_numeric,1,1.0,1.0,1.0,0.0,T1_static_validated,representation_case,LLM_review_or_future_special_module,Y2_R002_C07_S04,Y2_boolean_variation,T_Y3_URL_PARTIAL,1,1,1
Y3_R002_C07_S05,Y3_encoded_boolean,Y3,(60%20%3C%3E%2060)%20AND%20(14%20%3D%2014),(60 <> 60) AND (14 = 14),comparison_numeric,1,1.0,1.0,1.0,0.0,T1_static_validated,representation_case,LLM_review_or_future_special_module,Y1_R002_C07_S05,Y1_basic_boolean,T_Y3_OPERATOR_QUOTE_PERCENT,1,1,1
Y3_R002_C07_S06,Y3_encoded_boolean,Y3,%2873%20%3C%3E%2073%29%20AND%20%2827%20%3D%2027%29,(73 <> 73) AND (27 = 27),comparison_numeric,1,1.0,1.0,1.0,0.0,T1_static_validated,representation_case,LLM_review_or_future_special_module,Y1_R002_C07_S06,Y1_basic_boolean,T_Y3_URL_FULL,1,1,1
Y3_R002_C08_S01,Y3_encoded_boolean,Y3,(19%20%3C%3E%2036)%20OR%20(87%20%3C%3E%2087),(19 <> 36) OR (87 <> 87),comparison_numeric,1,1.0,1.0,1.0,0.0,T1_static_validated,representation_case,LLM_review_or_future_special_module,Y1_R002_C08_S01,Y1_basic_boolean,T_Y3_OPERATOR_QUOTE_PERCENT,1,1,1
Y3_R002_C08_S02,Y3_encoded_boolean,Y3,%2832%20%3C%3E%2049%29%20OR%20%283%20%3C%3E%203%29,(32 <> 49) OR (3 <> 3),comparison_numeric,1,1.0,1.0,1.0,0.0,T1_static_validated,representation_case,LLM_review_or_future_special_module,Y1_R002_C08_S02,Y1_basic_boolean,T_Y3_URL_FULL,1,1,1
Y3_R002_C08_S03,Y3_encoded_boolean,Y3,%2845%20<>%2062%29%20OR%20%2816%20<>%2016%29,(45 <> 62) OR (16 <> 16),comparison_numeric,1,1.0,1.0,1.0,0.0,T1_static_validated,representation_case,LLM_review_or_future_special_module,Y2_R002_C08_S03,Y2_boolean_variation,T_Y3_URL_PARTIAL,1,1,1
Y3_R002_C08_S04,Y3_encoded_boolean,Y3,(58%20%3C%3E%2058)%20OR%20(29%20%3C%3E%2029),(58 <> 58) OR (29 <> 29),comparison_numeric,1,1.0,1.0,1.0,0.0,T1_static_validated,representation_case,LLM_review_or_future_special_module,Y1_R002_C08_S04,Y1_basic_boolean,T_Y3_OPERATOR_QUOTE_PERCENT,1,1,1
Y3_R002_C08_S05,Y3_encoded_boolean,Y3,%2871%20%3C%3E%2071%29%20OR%20%2842%20%3C%3E%2042%29,(71 <> 71) OR (42 <> 42),comparison_numeric,1,1.0,1.0,1.0,0.0,T1_static_validated,representation_case,LLM_review_or_future_special_module,Y1_R002_C08_S05,Y1_basic_boolean,T_Y3_URL_FULL,1,1,1
Y3_R002_C08_S06,Y3_encoded_boolean,Y3,%2884%20<>%2084%29%20OR%20%2855%20<>%2055%29,(84 <> 84) OR (55 <> 55),comparison_numeric,1,1.0,1.0,1.0,0.0,T1_static_validated,representation_case,LLM_review_or_future_special_module,Y2_R002_C08_S06,Y2_boolean_variation,T_Y3_URL_PARTIAL,1,1,1
Y3_R002_C09_S01,Y3_encoded_boolean,Y3,%28%2830%20%3C%3E%2047%29%20%3D%20TRUE%29,((30 <> 47) = TRUE),comparison_numeric,1,1.0,1.0,1.0,0.0,T1_static_validated,representation_case,LLM_review_or_future_special_module,Y1_R002_C09_S01,Y1_basic_boolean,T_Y3_URL_FULL,1,1,1
Y3_R002_C09_S02,Y3_encoded_boolean,Y3,%28%2843%20<>%2060%29%20=%20TRUE%29,((43 <> 60) = TRUE),comparison_numeric,1,1.0,1.0,1.0,0.0,T1_static_validated,representation_case,LLM_review_or_future_special_module,Y2_R002_C09_S02,Y2_boolean_variation,T_Y3_URL_PARTIAL,1,1,1
Y3_R002_C09_S03,Y3_encoded_boolean,Y3,((56%20%3C%3E%2073)%20%3D%20TRUE),((56 <> 73) = TRUE),comparison_numeric,1,1.0,1.0,1.0,0.0,T1_static_validated,representation_case,LLM_review_or_future_special_module,Y1_R002_C09_S03,Y1_basic_boolean,T_Y3_OPERATOR_QUOTE_PERCENT,1,1,1
Y3_R002_C09_S04,Y3_encoded_boolean,Y3,%28%2869%20%3C%3E%2069%29%20%3D%20TRUE%29,((69 <> 69) = TRUE),comparison_numeric,1,1.0,1.0,1.0,0.0,T1_static_validated,representation_case,LLM_review_or_future_special_module,Y1_R002_C09_S04,Y1_basic_boolean,T_Y3_URL_FULL,1,1,1
Y3_R002_C09_S05,Y3_encoded_boolean,Y3,%28%2882%20<>%2082%29%20=%20TRUE%29,((82 <> 82) = TRUE),comparison_numeric,1,1.0,1.0,1.0,0.0,T1_static_validated,representation_case,LLM_review_or_future_special_module,Y2_R002_C09_S05,Y2_boolean_variation,T_Y3_URL_PARTIAL,1,1,1
Y3_R002_C09_S06,Y3_encoded_boolean,Y3,((95%20%3C%3E%2095)%20%3D%20TRUE),((95 <> 95) = TRUE),comparison_numeric,1,1.0,1.0,1.0,0.0,T1_static_validated,representation_case,LLM_review_or_future_special_module,Y1_R002_C09_S06,Y1_basic_boolean,T_Y3_OPERATOR_QUOTE_PERCENT,1,1,1
Y3_R002_C10_S01,Y3_encoded_boolean,Y3,COALESCE%28%2841%20<>%2058%29%2C%20FALSE%29,"COALESCE((41 <> 58), FALSE)",comparison_numeric,1,1.0,1.0,1.0,0.0,T1_static_validated,representation_case,LLM_review_or_future_special_module,Y2_R002_C10_S01,Y2_boolean_variation,T_Y3_URL_PARTIAL,1,1,1
Y3_R002_C10_S02,Y3_encoded_boolean,Y3,"COALESCE((54%20%3C%3E%2071),%20FALSE)","COALESCE((54 <> 71), FALSE)",comparison_numeric,1,1.0,1.0,1.0,0.0,T1_static_validated,representation_case,LLM_review_or_future_special_module,Y1_R002_C10_S02,Y1_basic_boolean,T_Y3_OPERATOR_QUOTE_PERCENT,1,1,1
Y3_R002_C10_S03,Y3_encoded_boolean,Y3,COALESCE%28%2867%20%3C%3E%2084%29%2C%20FALSE%29,"COALESCE((67 <> 84), FALSE)",comparison_numeric,1,1.0,1.0,1.0,0.0,T1_static_validated,representation_case,LLM_review_or_future_special_module,Y1_R002_C10_S03,Y1_basic_boolean,T_Y3_URL_FULL,1,1,1
Y3_R002_C10_S04,Y3_encoded_boolean,Y3,COALESCE%28%2880%20<>%2080%29%2C%20FALSE%29,"COALESCE((80 <> 80), FALSE)",comparison_numeric,1,1.0,1.0,1.0,0.0,T1_static_validated,representation_case,LLM_review_or_future_special_module,Y2_R002_C10_S04,Y2_boolean_variation,T_Y3_URL_PARTIAL,1,1,1
Y3_R002_C10_S05,Y3_encoded_boolean,Y3,"COALESCE((93%20%3C%3E%2093),%20FALSE)","COALESCE((93 <> 93), FALSE)",comparison_numeric,1,1.0,1.0,1.0,0.0,T1_static_validated,representation_case,LLM_review_or_future_special_module,Y1_R002_C10_S05,Y1_basic_boolean,T_Y3_OPERATOR_QUOTE_PERCENT,1,1,1
Y3_R002_C10_S06,Y3_encoded_boolean,Y3,COALESCE%28%289%20%3C%3E%209%29%2C%20FALSE%29,"COALESCE((9 <> 9), FALSE)",comparison_numeric,1,1.0,1.0,1.0,0.0,T1_static_validated,representation_case,LLM_review_or_future_special_module,Y1_R002_C10_S06,Y1_basic_boolean,T_Y3_URL_FULL,1,1,1
Y3_R003_C01_S01,Y3_encoded_boolean,Y3,63%20%3E%2046,63 > 46,comparison_numeric,1,1.0,1.0,1.0,0.0,T1_static_validated,representation_case,LLM_review_or_future_special_module,Y1_R003_C01_S01,Y1_basic_boolean,T_Y3_OPERATOR_QUOTE_PERCENT,1,1,1
Y3_R003_C01_S02,Y3_encoded_boolean,Y3,76%20%3E%2059,76 > 59,comparison_numeric,1,1.0,1.0,1.0,0.0,T1_static_validated,representation_case,LLM_review_or_future_special_module,Y1_R003_C01_S02,Y1_basic_boolean,T_Y3_URL_FULL,1,1,1
Y3_R003_C01_S03,Y3_encoded_boolean,Y3,89%20>%2072,89 > 72,comparison_numeric,1,1.0,1.0,1.0,0.0,T1_static_validated,representation_case,LLM_review_or_future_special_module,Y2_R003_C01_S03,Y2_boolean_variation,T_Y3_URL_PARTIAL,1,1,1
Y3_R003_C01_S04,Y3_encoded_boolean,Y3,5%20%3E%206,5 > 6,comparison_numeric,1,1.0,1.0,1.0,0.0,T1_static_validated,representation_case,LLM_review_or_future_special_module,Y1_R003_C01_S04,Y1_basic_boolean,T_Y3_OPERATOR_QUOTE_PERCENT,1,1,1
Y3_R003_C01_S05,Y3_encoded_boolean,Y3,18%20%3E%2019,18 > 19,comparison_numeric,1,1.0,1.0,1.0,0.0,T1_static_validated,representation_case,LLM_review_or_future_special_module,Y1_R003_C01_S05,Y1_basic_boolean,T_Y3_URL_FULL,1,1,1
Y3_R003_C01_S06,Y3_encoded_boolean,Y3,31%20>%2032,31 > 32,comparison_numeric,1,1.0,1.0,1.0,0.0,T1_static_validated,representation_case,LLM_review_or_future_special_module,Y2_R003_C01_S06,Y2_boolean_variation,T_Y3_URL_PARTIAL,1,1,1
Y3_R003_C02_S01,Y3_encoded_boolean,Y3,%2874%20%3E%2057%29,(74 > 57),comparison_numeric,1,1.0,1.0,1.0,0.0,T1_static_validated,representation_case,LLM_review_or_future_special_module,Y1_R003_C02_S01,Y1_basic_boolean,T_Y3_URL_FULL,1,1,1
Y3_R003_C02_S02,Y3_encoded_boolean,Y3,%2887%20>%2070%29,(87 > 70),comparison_numeric,1,1.0,1.0,1.0,0.0,T1_static_validated,representation_case,LLM_review_or_future_special_module,Y2_R003_C02_S02,Y2_boolean_variation,T_Y3_URL_PARTIAL,1,1,1
Y3_R003_C02_S03,Y3_encoded_boolean,Y3,(3%20%3E%2083),(3 > 83),comparison_numeric,1,1.0,1.0,1.0,0.0,T1_static_validated,representation_case,LLM_review_or_future_special_module,Y1_R003_C02_S03,Y1_basic_boolean,T_Y3_OPERATOR_QUOTE_PERCENT,1,1,1
Y3_R003_C02_S04,Y3_encoded_boolean,Y3,%2816%20%3E%2017%29,(16 > 17),comparison_numeric,1,1.0,1.0,1.0,0.0,T1_static_validated,representation_case,LLM_review_or_future_special_module,Y1_R003_C02_S04,Y1_basic_boolean,T_Y3_URL_FULL,1,1,1
Y3_R003_C02_S05,Y3_encoded_boolean,Y3,%2829%20>%2030%29,(29 > 30),comparison_numeric,1,1.0,1.0,1.0,0.0,T1_static_validated,representation_case,LLM_review_or_future_special_module,Y2_R003_C02_S05,Y2_boolean_variation,T_Y3_URL_PARTIAL,1,1,1
Y3_R003_C02_S06,Y3_encoded_boolean,Y3,(42%20%3E%2043),(42 > 43),comparison_numeric,1,1.0,1.0,1.0,0.0,T1_static_validated,representation_case,LLM_review_or_future_special_module,Y1_R003_C02_S06,Y1_basic_boolean,T_Y3_OPERATOR_QUOTE_PERCENT,1,1,1
Y3_R003_C03_S01,Y3_encoded_boolean,Y3,NOT%20%2885%20>%2086%29,NOT (85 > 86),comparison_numeric,1,1.0,1.0,1.0,0.0,T1_static_validated,representation_case,LLM_review_or_future_special_module,Y2_R003_C03_S01,Y2_boolean_variation,T_Y3_URL_PARTIAL,1,1,1
Y3_R003_C03_S02,Y3_encoded_boolean,Y3,NOT%20(1%20%3E%202),NOT (1 > 2),comparison_numeric,1,1.0,1.0,1.0,0.0,T1_static_validated,representation_case,LLM_review_or_future_special_module,Y1_R003_C03_S02,Y1_basic_boolean,T_Y3_OPERATOR_QUOTE_PERCENT,1,1,1
Y3_R003_C03_S03,Y3_encoded_boolean,Y3,NOT%20%2814%20%3E%2015%29,NOT (14 > 15),comparison_numeric,1,1.0,1.0,1.0,0.0,T1_static_validated,representation_case,LLM_review_or_future_special_module,Y1_R003_C03_S03,Y1_basic_boolean,T_Y3_URL_FULL,1,1,1
Y3_R003_C03_S04,Y3_encoded_boolean,Y3,NOT%20%2827%20>%2010%29,NOT (27 > 10),comparison_numeric,1,1.0,1.0,1.0,0.0,T1_static_validated,representation_case,LLM_review_or_future_special_module,Y2_R003_C03_S04,Y2_boolean_variation,T_Y3_URL_PARTIAL,1,1,1
Y3_R003_C03_S05,Y3_encoded_boolean,Y3,NOT%20(40%20%3E%2023),NOT (40 > 23),comparison_numeric,1,1.0,1.0,1.0,0.0,T1_static_validated,representation_case,LLM_review_or_future_special_module,Y1_R003_C03_S05,Y1_basic_boolean,T_Y3_OPERATOR_QUOTE_PERCENT,1,1,1
Y3_R003_C03_S06,Y3_encoded_boolean,Y3,NOT%20%2853%20%3E%2036%29,NOT (53 > 36),comparison_numeric,1,1.0,1.0,1.0,0.0,T1_static_validated,representation_case,LLM_review_or_future_special_module,Y1_R003_C03_S06,Y1_basic_boolean,T_Y3_URL_FULL,1,1,1
Y3_R003_C04_S01,Y3_encoded_boolean,Y3,(96%20%3E%2079)%20IS%20TRUE,(96 > 79) IS TRUE,comparison_numeric,1,1.0,1.0,1.0,0.0,T1_static_validated,representation_case,LLM_review_or_future_special_module,Y1_R003_C04_S01,Y1_basic_boolean,T_Y3_OPERATOR_QUOTE_PERCENT,1,1,1
Y3_R003_C04_S02,Y3_encoded_boolean,Y3,%2812%20%3E%2092%29%20IS%20TRUE,(12 > 92) IS TRUE,comparison_numeric,1,1.0,1.0,1.0,0.0,T1_static_validated,representation_case,LLM_review_or_future_special_module,Y1_R003_C04_S02,Y1_basic_boolean,T_Y3_URL_FULL,1,1,1
Y3_R003_C04_S03,Y3_encoded_boolean,Y3,%2825%20>%208%29%20IS%20TRUE,(25 > 8) IS TRUE,comparison_numeric,1,1.0,1.0,1.0,0.0,T1_static_validated,representation_case,LLM_review_or_future_special_module,Y2_R003_C04_S03,Y2_boolean_variation,T_Y3_URL_PARTIAL,1,1,1
Y3_R003_C04_S04,Y3_encoded_boolean,Y3,(38%20%3E%2039)%20IS%20TRUE,(38 > 39) IS TRUE,comparison_numeric,1,1.0,1.0,1.0,0.0,T1_static_validated,representation_case,LLM_review_or_future_special_module,Y1_R003_C04_S04,Y1_basic_boolean,T_Y3_OPERATOR_QUOTE_PERCENT,1,1,1
Y3_R003_C04_S05,Y3_encoded_boolean,Y3,%2851%20%3E%2052%29%20IS%20TRUE,(51 > 52) IS TRUE,comparison_numeric,1,1.0,1.0,1.0,0.0,T1_static_validated,representation_case,LLM_review_or_future_special_module,Y1_R003_C04_S05,Y1_basic_boolean,T_Y3_URL_FULL,1,1,1
Y3_R003_C04_S06,Y3_encoded_boolean,Y3,%2864%20>%2065%29%20IS%20TRUE,(64 > 65) IS TRUE,comparison_numeric,1,1.0,1.0,1.0,0.0,T1_static_validated,representation_case,LLM_review_or_future_special_module,Y2_R003_C04_S06,Y2_boolean_variation,T_Y3_URL_PARTIAL,1,1,1
Y3_R003_C05_S01,Y3_encoded_boolean,Y3,%2810%20%3E%2090%29%20IS%20NOT%20FALSE,(10 > 90) IS NOT FALSE,comparison_numeric,1,1.0,1.0,1.0,0.0,T1_static_validated,representation_case,LLM_review_or_future_special_module,Y1_R003_C05_S01,Y1_basic_boolean,T_Y3_URL_FULL,1,1,1
Y3_R003_C05_S02,Y3_encoded_boolean,Y3,%2823%20>%206%29%20IS%20NOT%20FALSE,(23 > 6) IS NOT FALSE,comparison_numeric,1,1.0,1.0,1.0,0.0,T1_static_validated,representation_case,LLM_review_or_future_special_module,Y2_R003_C05_S02,Y2_boolean_variation,T_Y3_URL_PARTIAL,1,1,1
Y3_R003_C05_S03,Y3_encoded_boolean,Y3,(36%20%3E%2019)%20IS%20NOT%20FALSE,(36 > 19) IS NOT FALSE,comparison_numeric,1,1.0,1.0,1.0,0.0,T1_static_validated,representation_case,LLM_review_or_future_special_module,Y1_R003_C05_S03,Y1_basic_boolean,T_Y3_OPERATOR_QUOTE_PERCENT,1,1,1
Y3_R003_C05_S04,Y3_encoded_boolean,Y3,%2849%20%3E%2050%29%20IS%20NOT%20FALSE,(49 > 50) IS NOT FALSE,comparison_numeric,1,1.0,1.0,1.0,0.0,T1_static_validated,representation_case,LLM_review_or_future_special_module,Y1_R003_C05_S04,Y1_basic_boolean,T_Y3_URL_FULL,1,1,1
Y3_R003_C05_S05,Y3_encoded_boolean,Y3,%2862%20>%2063%29%20IS%20NOT%20FALSE,(62 > 63) IS NOT FALSE,comparison_numeric,1,1.0,1.0,1.0,0.0,T1_static_validated,representation_case,LLM_review_or_future_special_module,Y2_R003_C05_S05,Y2_boolean_variation,T_Y3_URL_PARTIAL,1,1,1
Y3_R003_C05_S06,Y3_encoded_boolean,Y3,(75%20%3E%2076)%20IS%20NOT%20FALSE,(75 > 76) IS NOT FALSE,comparison_numeric,1,1.0,1.0,1.0,0.0,T1_static_validated,representation_case,LLM_review_or_future_special_module,Y1_R003_C05_S06,Y1_basic_boolean,T_Y3_OPERATOR_QUOTE_PERCENT,1,1,1
Y3_R003_C06_S01,Y3_encoded_boolean,Y3,CASE%20WHEN%20%2821%20>%204%29%20THEN%20TRUE%20ELSE%20FALSE%20END,CASE WHEN (21 > 4) THEN TRUE ELSE FALSE END,comparison_numeric,1,1.0,1.0,1.0,0.0,T1_static_validated,representation_case,LLM_review_or_future_special_module,Y2_R003_C06_S01,Y2_boolean_variation,T_Y3_URL_PARTIAL,1,1,1
Y3_R003_C06_S02,Y3_encoded_boolean,Y3,CASE%20WHEN%20(34%20%3E%2017)%20THEN%20TRUE%20ELSE%20FALSE%20END,CASE WHEN (34 > 17) THEN TRUE ELSE FALSE END,comparison_numeric,1,1.0,1.0,1.0,0.0,T1_static_validated,representation_case,LLM_review_or_future_special_module,Y1_R003_C06_S02,Y1_basic_boolean,T_Y3_OPERATOR_QUOTE_PERCENT,1,1,1
Y3_R003_C06_S03,Y3_encoded_boolean,Y3,CASE%20WHEN%20%2847%20%3E%2030%29%20THEN%20TRUE%20ELSE%20FALSE%20END,CASE WHEN (47 > 30) THEN TRUE ELSE FALSE END,comparison_numeric,1,1.0,1.0,1.0,0.0,T1_static_validated,representation_case,LLM_review_or_future_special_module,Y1_R003_C06_S03,Y1_basic_boolean,T_Y3_URL_FULL,1,1,1
Y3_R003_C06_S04,Y3_encoded_boolean,Y3,CASE%20WHEN%20%2860%20>%2061%29%20THEN%20TRUE%20ELSE%20FALSE%20END,CASE WHEN (60 > 61) THEN TRUE ELSE FALSE END,comparison_numeric,1,1.0,1.0,1.0,0.0,T1_static_validated,representation_case,LLM_review_or_future_special_module,Y2_R003_C06_S04,Y2_boolean_variation,T_Y3_URL_PARTIAL,1,1,1
Y3_R003_C06_S05,Y3_encoded_boolean,Y3,CASE%20WHEN%20(73%20%3E%2074)%20THEN%20TRUE%20ELSE%20FALSE%20END,CASE WHEN (73 > 74) THEN TRUE ELSE FALSE END,comparison_numeric,1,1.0,1.0,1.0,0.0,T1_static_validated,representation_case,LLM_review_or_future_special_module,Y1_R003_C06_S05,Y1_basic_boolean,T_Y3_OPERATOR_QUOTE_PERCENT,1,1,1
Y3_R003_C06_S06,Y3_encoded_boolean,Y3,CASE%20WHEN%20%2886%20%3E%2087%29%20THEN%20TRUE%20ELSE%20FALSE%20END,CASE WHEN (86 > 87) THEN TRUE ELSE FALSE END,comparison_numeric,1,1.0,1.0,1.0,0.0,T1_static_validated,representation_case,LLM_review_or_future_special_module,Y1_R003_C06_S06,Y1_basic_boolean,T_Y3_URL_FULL,1,1,1
Y3_R003_C07_S01,Y3_encoded_boolean,Y3,(32%20%3E%2015)%20AND%20(66%20%3D%2066),(32 > 15) AND (66 = 66),comparison_numeric,1,1.0,1.0,1.0,0.0,T1_static_validated,representation_case,LLM_review_or_future_special_module,Y1_R003_C07_S01,Y1_basic_boolean,T_Y3_OPERATOR_QUOTE_PERCENT,1,1,1
Y3_R003_C07_S02,Y3_encoded_boolean,Y3,%2845%20%3E%2028%29%20AND%20%2879%20%3D%2079%29,(45 > 28) AND (79 = 79),comparison_numeric,1,1.0,1.0,1.0,0.0,T1_static_validated,representation_case,LLM_review_or_future_special_module,Y1_R003_C07_S02,Y1_basic_boolean,T_Y3_URL_FULL,1,1,1
Y3_R003_C07_S03,Y3_encoded_boolean,Y3,%2858%20>%2041%29%20AND%20%2892%20=%2092%29,(58 > 41) AND (92 = 92),comparison_numeric,1,1.0,1.0,1.0,0.0,T1_static_validated,representation_case,LLM_review_or_future_special_module,Y2_R003_C07_S03,Y2_boolean_variation,T_Y3_URL_PARTIAL,1,1,1
Y3_R003_C07_S04,Y3_encoded_boolean,Y3,(71%20%3E%2072)%20AND%20(8%20%3D%208),(71 > 72) AND (8 = 8),comparison_numeric,1,1.0,1.0,1.0,0.0,T1_static_validated,representation_case,LLM_review_or_future_special_module,Y1_R003_C07_S04,Y1_basic_boolean,T_Y3_OPERATOR_QUOTE_PERCENT,1,1,1
Y3_R003_C07_S05,Y3_encoded_boolean,Y3,%2884%20%3E%2085%29%20AND%20%2821%20%3D%2021%29,(84 > 85) AND (21 = 21),comparison_numeric,1,1.0,1.0,1.0,0.0,T1_static_validated,representation_case,LLM_review_or_future_special_module,Y1_R003_C07_S05,Y1_basic_boolean,T_Y3_URL_FULL,1,1,1
Y3_R003_C07_S06,Y3_encoded_boolean,Y3,%2897%20>%2098%29%20AND%20%2834%20=%2034%29,(97 > 98) AND (34 = 34),comparison_numeric,1,1.0,1.0,1.0,0.0,T1_static_validated,representation_case,LLM_review_or_future_special_module,Y2_R003_C07_S06,Y2_boolean_variation,T_Y3_URL_PARTIAL,1,1,1
Y3_R003_C08_S01,Y3_encoded_boolean,Y3,%2843%20%3E%2026%29%20OR%20%2894%20%3C%3E%2094%29,(43 > 26) OR (94 <> 94),comparison_numeric,1,1.0,1.0,1.0,0.0,T1_static_validated,representation_case,LLM_review_or_future_special_module,Y1_R003_C08_S01,Y1_basic_boolean,T_Y3_URL_FULL,1,1,1
Y3_R003_C08_S02,Y3_encoded_boolean,Y3,%2856%20>%2039%29%20OR%20%2810%20<>%2010%29,(56 > 39) OR (10 <> 10),comparison_numeric,1,1.0,1.0,1.0,0.0,T1_static_validated,representation_case,LLM_review_or_future_special_module,Y2_R003_C08_S02,Y2_boolean_variation,T_Y3_URL_PARTIAL,1,1,1
Y3_R003_C08_S03,Y3_encoded_boolean,Y3,(69%20%3E%2052)%20OR%20(23%20%3C%3E%2023),(69 > 52) OR (23 <> 23),comparison_numeric,1,1.0,1.0,1.0,0.0,T1_static_validated,representation_case,LLM_review_or_future_special_module,Y1_R003_C08_S03,Y1_basic_boolean,T_Y3_OPERATOR_QUOTE_PERCENT,1,1,1
Y3_R003_C08_S04,Y3_encoded_boolean,Y3,%2882%20%3E%2083%29%20OR%20%2836%20%3C%3E%2036%29,(82 > 83) OR (36 <> 36),comparison_numeric,1,1.0,1.0,1.0,0.0,T1_static_validated,representation_case,LLM_review_or_future_special_module,Y1_R003_C08_S04,Y1_basic_boolean,T_Y3_URL_FULL,1,1,1
Y3_R003_C08_S05,Y3_encoded_boolean,Y3,%2895%20>%2096%29%20OR%20%2849%20<>%2049%29,(95 > 96) OR (49 <> 49),comparison_numeric,1,1.0,1.0,1.0,0.0,T1_static_validated,representation_case,LLM_review_or_future_special_module,Y2_R003_C08_S05,Y2_boolean_variation,T_Y3_URL_PARTIAL,1,1,1
Y3_R003_C08_S06,Y3_encoded_boolean,Y3,(11%20%3E%2012)%20OR%20(62%20%3C%3E%2062),(11 > 12) OR (62 <> 62),comparison_numeric,1,1.0,1.0,1.0,0.0,T1_static_validated,representation_case,LLM_review_or_future_special_module,Y1_R003_C08_S06,Y1_basic_boolean,T_Y3_OPERATOR_QUOTE_PERCENT,1,1,1
Y3_R003_C09_S01,Y3_encoded_boolean,Y3,%28%2854%20>%2037%29%20=%20TRUE%29,((54 > 37) = TRUE),comparison_numeric,1,1.0,1.0,1.0,0.0,T1_static_validated,representation_case,LLM_review_or_future_special_module,Y2_R003_C09_S01,Y2_boolean_variation,T_Y3_URL_PARTIAL,1,1,1
Y3_R003_C09_S02,Y3_encoded_boolean,Y3,((67%20%3E%2050)%20%3D%20TRUE),((67 > 50) = TRUE),comparison_numeric,1,1.0,1.0,1.0,0.0,T1_static_validated,representation_case,LLM_review_or_future_special_module,Y1_R003_C09_S02,Y1_basic_boolean,T_Y3_OPERATOR_QUOTE_PERCENT,1,1,1
Y3_R003_C09_S03,Y3_encoded_boolean,Y3,%28%2880%20%3E%2063%29%20%3D%20TRUE%29,((80 > 63) = TRUE),comparison_numeric,1,1.0,1.0,1.0,0.0,T1_static_validated,representation_case,LLM_review_or_future_special_module,Y1_R003_C09_S03,Y1_basic_boolean,T_Y3_URL_FULL,1,1,1
Y3_R003_C09_S04,Y3_encoded_boolean,Y3,%28%2893%20>%2094%29%20=%20TRUE%29,((93 > 94) = TRUE),comparison_numeric,1,1.0,1.0,1.0,0.0,T1_static_validated,representation_case,LLM_review_or_future_special_module,Y2_R003_C09_S04,Y2_boolean_variation,T_Y3_URL_PARTIAL,1,1,1
Y3_R003_C09_S05,Y3_encoded_boolean,Y3,((9%20%3E%2010)%20%3D%20TRUE),((9 > 10) = TRUE),comparison_numeric,1,1.0,1.0,1.0,0.0,T1_static_validated,representation_case,LLM_review_or_future_special_module,Y1_R003_C09_S05,Y1_basic_boolean,T_Y3_OPERATOR_QUOTE_PERCENT,1,1,1
Y3_R003_C09_S06,Y3_encoded_boolean,Y3,%28%2822%20%3E%2023%29%20%3D%20TRUE%29,((22 > 23) = TRUE),comparison_numeric,1,1.0,1.0,1.0,0.0,T1_static_validated,representation_case,LLM_review_or_future_special_module,Y1_R003_C09_S06,Y1_basic_boolean,T_Y3_URL_FULL,1,1,1
Y3_R003_C10_S01,Y3_encoded_boolean,Y3,"COALESCE((65%20%3E%2048),%20FALSE)","COALESCE((65 > 48), FALSE)",comparison_numeric,1,1.0,1.0,1.0,0.0,T1_static_validated,representation_case,LLM_review_or_future_special_module,Y1_R003_C10_S01,Y1_basic_boolean,T_Y3_OPERATOR_QUOTE_PERCENT,1,1,1
Y3_R003_C10_S02,Y3_encoded_boolean,Y3,COALESCE%28%2878%20%3E%2061%29%2C%20FALSE%29,"COALESCE((78 > 61), FALSE)",comparison_numeric,1,1.0,1.0,1.0,0.0,T1_static_validated,representation_case,LLM_review_or_future_special_module,Y1_R003_C10_S02,Y1_basic_boolean,T_Y3_URL_FULL,1,1,1
Y3_R003_C10_S03,Y3_encoded_boolean,Y3,COALESCE%28%2891%20>%2074%29%2C%20FALSE%29,"COALESCE((91 > 74), FALSE)",comparison_numeric,1,1.0,1.0,1.0,0.0,T1_static_validated,representation_case,LLM_review_or_future_special_module,Y2_R003_C10_S03,Y2_boolean_variation,T_Y3_URL_PARTIAL,1,1,1
Y3_R003_C10_S04,Y3_encoded_boolean,Y3,"COALESCE((7%20%3E%208),%20FALSE)","COALESCE((7 > 8), FALSE)",comparison_numeric,1,1.0,1.0,1.0,0.0,T1_static_validated,representation_case,LLM_review_or_future_special_module,Y1_R003_C10_S04,Y1_basic_boolean,T_Y3_OPERATOR_QUOTE_PERCENT,1,1,1
Y3_R003_C10_S05,Y3_encoded_boolean,Y3,COALESCE%28%2820%20%3E%2021%29%2C%20FALSE%29,"COALESCE((20 > 21), FALSE)",comparison_numeric,1,1.0,1.0,1.0,0.0,T1_static_validated,representation_case,LLM_review_or_future_special_module,Y1_R003_C10_S05,Y1_basic_boolean,T_Y3_URL_FULL,1,1,1
Y3_R003_C10_S06,Y3_encoded_boolean,Y3,COALESCE%28%2833%20>%2034%29%2C%20FALSE%29,"COALESCE((33 > 34), FALSE)",comparison_numeric,1,1.0,1.0,1.0,0.0,T1_static_validated,representation_case,LLM_review_or_future_special_module,Y2_R003_C10_S06,Y2_boolean_variation,T_Y3_URL_PARTIAL,1,1,1
Y3_R004_C01_S01,Y3_encoded_boolean,Y3,53%20%3C%3D%2070,53 <= 70,comparison_numeric,1,1.0,1.0,1.0,0.0,T1_static_validated,representation_case,LLM_review_or_future_special_module,Y1_R004_C01_S01,Y1_basic_boolean,T_Y3_URL_FULL,1,1,1
Y3_R004_C01_S02,Y3_encoded_boolean,Y3,66%20<=%2083,66 <= 83,comparison_numeric,1,1.0,1.0,1.0,0.0,T1_static_validated,representation_case,LLM_review_or_future_special_module,Y2_R004_C01_S02,Y2_boolean_variation,T_Y3_URL_PARTIAL,1,1,1
Y3_R004_C01_S03,Y3_encoded_boolean,Y3,79%20%3C%3D%2096,79 <= 96,comparison_numeric,1,1.0,1.0,1.0,0.0,T1_static_validated,representation_case,LLM_review_or_future_special_module,Y1_R004_C01_S03,Y1_basic_boolean,T_Y3_OPERATOR_QUOTE_PERCENT,1,1,1
Y3_R004_C01_S04,Y3_encoded_boolean,Y3,92%20%3C%3D%2091,92 <= 91,comparison_numeric,1,1.0,1.0,1.0,0.0,T1_static_validated,representation_case,LLM_review_or_future_special_module,Y1_R004_C01_S04,Y1_basic_boolean,T_Y3_URL_FULL,1,1,1
Y3_R004_C01_S05,Y3_encoded_boolean,Y3,8%20<=%207,8 <= 7,comparison_numeric,1,1.0,1.0,1.0,0.0,T1_static_validated,representation_case,LLM_review_or_future_special_module,Y2_R004_C01_S05,Y2_boolean_variation,T_Y3_URL_PARTIAL,1,1,1
Y3_R004_C01_S06,Y3_encoded_boolean,Y3,21%20%3C%3D%2020,21 <= 20,comparison_numeric,1,1.0,1.0,1.0,0.0,T1_static_validated,representation_case,LLM_review_or_future_special_module,Y1_R004_C01_S06,Y1_basic_boolean,T_Y3_OPERATOR_QUOTE_PERCENT,1,1,1
Y3_R004_C02_S01,Y3_encoded_boolean,Y3,%2864%20<=%2081%29,(64 <= 81),comparison_numeric,1,1.0,1.0,1.0,0.0,T1_static_validated,representation_case,LLM_review_or_future_special_module,Y2_R004_C02_S01,Y2_boolean_variation,T_Y3_URL_PARTIAL,1,1,1
Y3_R004_C02_S02,Y3_encoded_boolean,Y3,(77%20%3C%3D%2094),(77 <= 94),comparison_numeric,1,1.0,1.0,1.0,0.0,T1_static_validated,representation_case,LLM_review_or_future_special_module,Y1_R004_C02_S02,Y1_basic_boolean,T_Y3_OPERATOR_QUOTE_PERCENT,1,1,1
Y3_R004_C02_S03,Y3_encoded_boolean,Y3,%2890%20%3C%3D%2010%29,(90 <= 10),comparison_numeric,1,1.0,1.0,1.0,0.0,T1_static_validated,representation_case,LLM_review_or_future_special_module,Y1_R004_C02_S03,Y1_basic_boolean,T_Y3_URL_FULL,1,1,1
Y3_R004_C02_S04,Y3_encoded_boolean,Y3,%286%20<=%205%29,(6 <= 5),comparison_numeric,1,1.0,1.0,1.0,0.0,T1_static_validated,representation_case,LLM_review_or_future_special_module,Y2_R004_C02_S04,Y2_boolean_variation,T_Y3_URL_PARTIAL,1,1,1
Y3_R004_C02_S05,Y3_encoded_boolean,Y3,(19%20%3C%3D%2018),(19 <= 18),comparison_numeric,1,1.0,1.0,1.0,0.0,T1_static_validated,representation_case,LLM_review_or_future_special_module,Y1_R004_C02_S05,Y1_basic_boolean,T_Y3_OPERATOR_QUOTE_PERCENT,1,1,1
Y3_R004_C02_S06,Y3_encoded_boolean,Y3,%2832%20%3C%3D%2031%29,(32 <= 31),comparison_numeric,1,1.0,1.0,1.0,0.0,T1_static_validated,representation_case,LLM_review_or_future_special_module,Y1_R004_C02_S06,Y1_basic_boolean,T_Y3_URL_FULL,1,1,1
Y3_R004_C03_S01,Y3_encoded_boolean,Y3,NOT%20(75%20%3C%3D%2074),NOT (75 <= 74),comparison_numeric,1,1.0,1.0,1.0,0.0,T1_static_validated,representation_case,LLM_review_or_future_special_module,Y1_R004_C03_S01,Y1_basic_boolean,T_Y3_OPERATOR_QUOTE_PERCENT,1,1,1
Y3_R004_C03_S02,Y3_encoded_boolean,Y3,NOT%20%2888%20%3C%3D%2087%29,NOT (88 <= 87),comparison_numeric,1,1.0,1.0,1.0,0.0,T1_static_validated,representation_case,LLM_review_or_future_special_module,Y1_R004_C03_S02,Y1_basic_boolean,T_Y3_URL_FULL,1,1,1
Y3_R004_C03_S03,Y3_encoded_boolean,Y3,NOT%20%284%20<=%203%29,NOT (4 <= 3),comparison_numeric,1,1.0,1.0,1.0,0.0,T1_static_validated,representation_case,LLM_review_or_future_special_module,Y2_R004_C03_S03,Y2_boolean_variation,T_Y3_URL_PARTIAL,1,1,1
Y3_R004_C03_S04,Y3_encoded_boolean,Y3,NOT%20(17%20%3C%3D%2034),NOT (17 <= 34),comparison_numeric,1,1.0,1.0,1.0,0.0,T1_static_validated,representation_case,LLM_review_or_future_special_module,Y1_R004_C03_S04,Y1_basic_boolean,T_Y3_OPERATOR_QUOTE_PERCENT,1,1,1
Y3_R004_C03_S05,Y3_encoded_boolean,Y3,NOT%20%2830%20%3C%3D%2047%29,NOT (30 <= 47),comparison_numeric,1,1.0,1.0,1.0,0.0,T1_static_validated,representation_case,LLM_review_or_future_special_module,Y1_R004_C03_S05,Y1_basic_boolean,T_Y3_URL_FULL,1,1,1
Y3_R004_C03_S06,Y3_encoded_boolean,Y3,NOT%20%2843%20<=%2060%29,NOT (43 <= 60),comparison_numeric,1,1.0,1.0,1.0,0.0,T1_static_validated,representation_case,LLM_review_or_future_special_module,Y2_R004_C03_S06,Y2_boolean_variation,T_Y3_URL_PARTIAL,1,1,1
Y3_R004_C04_S01,Y3_encoded_boolean,Y3,%2886%20%3C%3D%206%29%20IS%20TRUE,(86 <= 6) IS TRUE,comparison_numeric,1,1.0,1.0,1.0,0.0,T1_static_validated,representation_case,LLM_review_or_future_special_module,Y1_R004_C04_S01,Y1_basic_boolean,T_Y3_URL_FULL,1,1,1
Y3_R004_C04_S02,Y3_encoded_boolean,Y3,%282%20<=%2019%29%20IS%20TRUE,(2 <= 19) IS TRUE,comparison_numeric,1,1.0,1.0,1.0,0.0,T1_static_validated,representation_case,LLM_review_or_future_special_module,Y2_R004_C04_S02,Y2_boolean_variation,T_Y3_URL_PARTIAL,1,1,1
Y3_R004_C04_S03,Y3_encoded_boolean,Y3,(15%20%3C%3D%2032)%20IS%20TRUE,(15 <= 32) IS TRUE,comparison_numeric,1,1.0,1.0,1.0,0.0,T1_static_validated,representation_case,LLM_review_or_future_special_module,Y1_R004_C04_S03,Y1_basic_boolean,T_Y3_OPERATOR_QUOTE_PERCENT,1,1,1
Y3_R004_C04_S04,Y3_encoded_boolean,Y3,%2828%20%3C%3D%2027%29%20IS%20TRUE,(28 <= 27) IS TRUE,comparison_numeric,1,1.0,1.0,1.0,0.0,T1_static_validated,representation_case,LLM_review_or_future_special_module,Y1_R004_C04_S04,Y1_basic_boolean,T_Y3_URL_FULL,1,1,1
Y3_R004_C04_S05,Y3_encoded_boolean,Y3,%2841%20<=%2040%29%20IS%20TRUE,(41 <= 40) IS TRUE,comparison_numeric,1,1.0,1.0,1.0,0.0,T1_static_validated,representation_case,LLM_review_or_future_special_module,Y2_R004_C04_S05,Y2_boolean_variation,T_Y3_URL_PARTIAL,1,1,1
Y3_R004_C04_S06,Y3_encoded_boolean,Y3,(54%20%3C%3D%2053)%20IS%20TRUE,(54 <= 53) IS TRUE,comparison_numeric,1,1.0,1.0,1.0,0.0,T1_static_validated,representation_case,LLM_review_or_future_special_module,Y1_R004_C04_S06,Y1_basic_boolean,T_Y3_OPERATOR_QUOTE_PERCENT,1,1,1
Y3_R004_C05_S01,Y3_encoded_boolean,Y3,%2897%20<=%2017%29%20IS%20NOT%20FALSE,(97 <= 17) IS NOT FALSE,comparison_numeric,1,1.0,1.0,1.0,0.0,T1_static_validated,representation_case,LLM_review_or_future_special_module,Y2_R004_C05_S01,Y2_boolean_variation,T_Y3_URL_PARTIAL,1,1,1
Y3_R004_C05_S02,Y3_encoded_boolean,Y3,(13%20%3C%3D%2030)%20IS%20NOT%20FALSE,(13 <= 30) IS NOT FALSE,comparison_numeric,1,1.0,1.0,1.0,0.0,T1_static_validated,representation_case,LLM_review_or_future_special_module,Y1_R004_C05_S02,Y1_basic_boolean,T_Y3_OPERATOR_QUOTE_PERCENT,1,1,1
Y3_R004_C05_S03,Y3_encoded_boolean,Y3,%2826%20%3C%3D%2043%29%20IS%20NOT%20FALSE,(26 <= 43) IS NOT FALSE,comparison_numeric,1,1.0,1.0,1.0,0.0,T1_static_validated,representation_case,LLM_review_or_future_special_module,Y1_R004_C05_S03,Y1_basic_boolean,T_Y3_URL_FULL,1,1,1
Y3_R004_C05_S04,Y3_encoded_boolean,Y3,%2839%20<=%2038%29%20IS%20NOT%20FALSE,(39 <= 38) IS NOT FALSE,comparison_numeric,1,1.0,1.0,1.0,0.0,T1_static_validated,representation_case,LLM_review_or_future_special_module,Y2_R004_C05_S04,Y2_boolean_variation,T_Y3_URL_PARTIAL,1,1,1
Y3_R004_C05_S05,Y3_encoded_boolean,Y3,(52%20%3C%3D%2051)%20IS%20NOT%20FALSE,(52 <= 51) IS NOT FALSE,comparison_numeric,1,1.0,1.0,1.0,0.0,T1_static_validated,representation_case,LLM_review_or_future_special_module,Y1_R004_C05_S05,Y1_basic_boolean,T_Y3_OPERATOR_QUOTE_PERCENT,1,1,1
Y3_R004_C05_S06,Y3_encoded_boolean,Y3,%2865%20%3C%3D%2064%29%20IS%20NOT%20FALSE,(65 <= 64) IS NOT FALSE,comparison_numeric,1,1.0,1.0,1.0,0.0,T1_static_validated,representation_case,LLM_review_or_future_special_module,Y1_R004_C05_S06,Y1_basic_boolean,T_Y3_URL_FULL,1,1,1
Y3_R004_C06_S01,Y3_encoded_boolean,Y3,CASE%20WHEN%20(11%20%3C%3D%2028)%20THEN%20TRUE%20ELSE%20FALSE%20END,CASE WHEN (11 <= 28) THEN TRUE ELSE FALSE END,comparison_numeric,1,1.0,1.0,1.0,0.0,T1_static_validated,representation_case,LLM_review_or_future_special_module,Y1_R004_C06_S01,Y1_basic_boolean,T_Y3_OPERATOR_QUOTE_PERCENT,1,1,1
Y3_R004_C06_S02,Y3_encoded_boolean,Y3,CASE%20WHEN%20%2824%20%3C%3D%2041%29%20THEN%20TRUE%20ELSE%20FALSE%20END,CASE WHEN (24 <= 41) THEN TRUE ELSE FALSE END,comparison_numeric,1,1.0,1.0,1.0,0.0,T1_static_validated,representation_case,LLM_review_or_future_special_module,Y1_R004_C06_S02,Y1_basic_boolean,T_Y3_URL_FULL,1,1,1
Y3_R004_C06_S03,Y3_encoded_boolean,Y3,CASE%20WHEN%20%2837%20<=%2054%29%20THEN%20TRUE%20ELSE%20FALSE%20END,CASE WHEN (37 <= 54) THEN TRUE ELSE FALSE END,comparison_numeric,1,1.0,1.0,1.0,0.0,T1_static_validated,representation_case,LLM_review_or_future_special_module,Y2_R004_C06_S03,Y2_boolean_variation,T_Y3_URL_PARTIAL,1,1,1
Y3_R004_C06_S04,Y3_encoded_boolean,Y3,CASE%20WHEN%20(50%20%3C%3D%2049)%20THEN%20TRUE%20ELSE%20FALSE%20END,CASE WHEN (50 <= 49) THEN TRUE ELSE FALSE END,comparison_numeric,1,1.0,1.0,1.0,0.0,T1_static_validated,representation_case,LLM_review_or_future_special_module,Y1_R004_C06_S04,Y1_basic_boolean,T_Y3_OPERATOR_QUOTE_PERCENT,1,1,1
Y3_R004_C06_S05,Y3_encoded_boolean,Y3,CASE%20WHEN%20%2863%20%3C%3D%2062%29%20THEN%20TRUE%20ELSE%20FALSE%20END,CASE WHEN (63 <= 62) THEN TRUE ELSE FALSE END,comparison_numeric,1,1.0,1.0,1.0,0.0,T1_static_validated,representation_case,LLM_review_or_future_special_module,Y1_R004_C06_S05,Y1_basic_boolean,T_Y3_URL_FULL,1,1,1
Y3_R004_C06_S06,Y3_encoded_boolean,Y3,CASE%20WHEN%20%2876%20<=%2075%29%20THEN%20TRUE%20ELSE%20FALSE%20END,CASE WHEN (76 <= 75) THEN TRUE ELSE FALSE END,comparison_numeric,1,1.0,1.0,1.0,0.0,T1_static_validated,representation_case,LLM_review_or_future_special_module,Y2_R004_C06_S06,Y2_boolean_variation,T_Y3_URL_PARTIAL,1,1,1
Y3_R004_C07_S01,Y3_encoded_boolean,Y3,%2822%20%3C%3D%2039%29%20AND%20%2873%20%3D%2073%29,(22 <= 39) AND (73 = 73),comparison_numeric,1,1.0,1.0,1.0,0.0,T1_static_validated,representation_case,LLM_review_or_future_special_module,Y1_R004_C07_S01,Y1_basic_boolean,T_Y3_URL_FULL,1,1,1
Y3_R004_C07_S02,Y3_encoded_boolean,Y3,%2835%20<=%2052%29%20AND%20%2886%20=%2086%29,(35 <= 52) AND (86 = 86),comparison_numeric,1,1.0,1.0,1.0,0.0,T1_static_validated,representation_case,LLM_review_or_future_special_module,Y2_R004_C07_S02,Y2_boolean_variation,T_Y3_URL_PARTIAL,1,1,1
Y3_R004_C07_S03,Y3_encoded_boolean,Y3,(48%20%3C%3D%2065)%20AND%20(2%20%3D%202),(48 <= 65) AND (2 = 2),comparison_numeric,1,1.0,1.0,1.0,0.0,T1_static_validated,representation_case,LLM_review_or_future_special_module,Y1_R004_C07_S03,Y1_basic_boolean,T_Y3_OPERATOR_QUOTE_PERCENT,1,1,1
Y3_R004_C07_S04,Y3_encoded_boolean,Y3,%2861%20%3C%3D%2060%29%20AND%20%2815%20%3D%2015%29,(61 <= 60) AND (15 = 15),comparison_numeric,1,1.0,1.0,1.0,0.0,T1_static_validated,representation_case,LLM_review_or_future_special_module,Y1_R004_C07_S04,Y1_basic_boolean,T_Y3_URL_FULL,1,1,1
Y3_R004_C07_S05,Y3_encoded_boolean,Y3,%2874%20<=%2073%29%20AND%20%2828%20=%2028%29,(74 <= 73) AND (28 = 28),comparison_numeric,1,1.0,1.0,1.0,0.0,T1_static_validated,representation_case,LLM_review_or_future_special_module,Y2_R004_C07_S05,Y2_boolean_variation,T_Y3_URL_PARTIAL,1,1,1
Y3_R004_C07_S06,Y3_encoded_boolean,Y3,(87%20%3C%3D%2086)%20AND%20(41%20%3D%2041),(87 <= 86) AND (41 = 41),comparison_numeric,1,1.0,1.0,1.0,0.0,T1_static_validated,representation_case,LLM_review_or_future_special_module,Y1_R004_C07_S06,Y1_basic_boolean,T_Y3_OPERATOR_QUOTE_PERCENT,1,1,1
Y3_R004_C08_S01,Y3_encoded_boolean,Y3,%2833%20<=%2050%29%20OR%20%284%20<>%204%29,(33 <= 50) OR (4 <> 4),comparison_numeric,1,1.0,1.0,1.0,0.0,T1_static_validated,representation_case,LLM_review_or_future_special_module,Y2_R004_C08_S01,Y2_boolean_variation,T_Y3_URL_PARTIAL,1,1,1
Y3_R004_C08_S02,Y3_encoded_boolean,Y3,(46%20%3C%3D%2063)%20OR%20(17%20%3C%3E%2017),(46 <= 63) OR (17 <> 17),comparison_numeric,1,1.0,1.0,1.0,0.0,T1_static_validated,representation_case,LLM_review_or_future_special_module,Y1_R004_C08_S02,Y1_basic_boolean,T_Y3_OPERATOR_QUOTE_PERCENT,1,1,1
Y3_R004_C08_S03,Y3_encoded_boolean,Y3,%2859%20%3C%3D%2076%29%20OR%20%2830%20%3C%3E%2030%29,(59 <= 76) OR (30 <> 30),comparison_numeric,1,1.0,1.0,1.0,0.0,T1_static_validated,representation_case,LLM_review_or_future_special_module,Y1_R004_C08_S03,Y1_basic_boolean,T_Y3_URL_FULL,1,1,1
Y3_R004_C08_S04,Y3_encoded_boolean,Y3,%2872%20<=%2071%29%20OR%20%2843%20<>%2043%29,(72 <= 71) OR (43 <> 43),comparison_numeric,1,1.0,1.0,1.0,0.0,T1_static_validated,representation_case,LLM_review_or_future_special_module,Y2_R004_C08_S04,Y2_boolean_variation,T_Y3_URL_PARTIAL,1,1,1
Y3_R004_C08_S05,Y3_encoded_boolean,Y3,(85%20%3C%3D%2084)%20OR%20(56%20%3C%3E%2056),(85 <= 84) OR (56 <> 56),comparison_numeric,1,1.0,1.0,1.0,0.0,T1_static_validated,representation_case,LLM_review_or_future_special_module,Y1_R004_C08_S05,Y1_basic_boolean,T_Y3_OPERATOR_QUOTE_PERCENT,1,1,1
Y3_R004_C08_S06,Y3_encoded_boolean,Y3,%281%20%3C%3D%200%29%20OR%20%2869%20%3C%3E%2069%29,(1 <= 0) OR (69 <> 69),comparison_numeric,1,1.0,1.0,1.0,0.0,T1_static_validated,representation_case,LLM_review_or_future_special_module,Y1_R004_C08_S06,Y1_basic_boolean,T_Y3_URL_FULL,1,1,1
Y3_R004_C09_S01,Y3_encoded_boolean,Y3,((44%20%3C%3D%2061)%20%3D%20TRUE),((44 <= 61) = TRUE),comparison_numeric,1,1.0,1.0,1.0,0.0,T1_static_validated,representation_case,LLM_review_or_future_special_module,Y1_R004_C09_S01,Y1_basic_boolean,T_Y3_OPERATOR_QUOTE_PERCENT,1,1,1
Y3_R004_C09_S02,Y3_encoded_boolean,Y3,%28%2857%20%3C%3D%2074%29%20%3D%20TRUE%29,((57 <= 74) = TRUE),comparison_numeric,1,1.0,1.0,1.0,0.0,T1_static_validated,representation_case,LLM_review_or_future_special_module,Y1_R004_C09_S02,Y1_basic_boolean,T_Y3_URL_FULL,1,1,1
Y3_R004_C09_S03,Y3_encoded_boolean,Y3,%28%2870%20<=%2087%29%20=%20TRUE%29,((70 <= 87) = TRUE),comparison_numeric,1,1.0,1.0,1.0,0.0,T1_static_validated,representation_case,LLM_review_or_future_special_module,Y2_R004_C09_S03,Y2_boolean_variation,T_Y3_URL_PARTIAL,1,1,1
Y3_R004_C09_S04,Y3_encoded_boolean,Y3,((83%20%3C%3D%2082)%20%3D%20TRUE),((83 <= 82) = TRUE),comparison_numeric,1,1.0,1.0,1.0,0.0,T1_static_validated,representation_case,LLM_review_or_future_special_module,Y1_R004_C09_S04,Y1_basic_boolean,T_Y3_OPERATOR_QUOTE_PERCENT,1,1,1
Y3_R004_C09_S05,Y3_encoded_boolean,Y3,%28%2896%20%3C%3D%2095%29%20%3D%20TRUE%29,((96 <= 95) = TRUE),comparison_numeric,1,1.0,1.0,1.0,0.0,T1_static_validated,representation_case,LLM_review_or_future_special_module,Y1_R004_C09_S05,Y1_basic_boolean,T_Y3_URL_FULL,1,1,1
Y3_R004_C09_S06,Y3_encoded_boolean,Y3,%28%2812%20<=%2011%29%20=%20TRUE%29,((12 <= 11) = TRUE),comparison_numeric,1,1.0,1.0,1.0,0.0,T1_static_validated,representation_case,LLM_review_or_future_special_module,Y2_R004_C09_S06,Y2_boolean_variation,T_Y3_URL_PARTIAL,1,1,1
Y3_R004_C10_S01,Y3_encoded_boolean,Y3,COALESCE%28%2855%20%3C%3D%2072%29%2C%20FALSE%29,"COALESCE((55 <= 72), FALSE)",comparison_numeric,1,1.0,1.0,1.0,0.0,T1_static_validated,representation_case,LLM_review_or_future_special_module,Y1_R004_C10_S01,Y1_basic_boolean,T_Y3_URL_FULL,1,1,1
Y3_R004_C10_S02,Y3_encoded_boolean,Y3,COALESCE%28%2868%20<=%2085%29%2C%20FALSE%29,"COALESCE((68 <= 85), FALSE)",comparison_numeric,1,1.0,1.0,1.0,0.0,T1_static_validated,representation_case,LLM_review_or_future_special_module,Y2_R004_C10_S02,Y2_boolean_variation,T_Y3_URL_PARTIAL,1,1,1
Y3_R004_C10_S03,Y3_encoded_boolean,Y3,"COALESCE((81%20%3C%3D%201),%20FALSE)","COALESCE((81 <= 1), FALSE)",comparison_numeric,1,1.0,1.0,1.0,0.0,T1_static_validated,representation_case,LLM_review_or_future_special_module,Y1_R004_C10_S03,Y1_basic_boolean,T_Y3_OPERATOR_QUOTE_PERCENT,1,1,1
Y3_R004_C10_S04,Y3_encoded_boolean,Y3,COALESCE%28%2894%20%3C%3D%2093%29%2C%20FALSE%29,"COALESCE((94 <= 93), FALSE)",comparison_numeric,1,1.0,1.0,1.0,0.0,T1_static_validated,representation_case,LLM_review_or_future_special_module,Y1_R004_C10_S04,Y1_basic_boolean,T_Y3_URL_FULL,1,1,1
Y3_R004_C10_S05,Y3_encoded_boolean,Y3,COALESCE%28%2810%20<=%209%29%2C%20FALSE%29,"COALESCE((10 <= 9), FALSE)",comparison_numeric,1,1.0,1.0,1.0,0.0,T1_static_validated,representation_case,LLM_review_or_future_special_module,Y2_R004_C10_S05,Y2_boolean_variation,T_Y3_URL_PARTIAL,1,1,1
Y3_R004_C10_S06,Y3_encoded_boolean,Y3,"COALESCE((23%20%3C%3D%2022),%20FALSE)","COALESCE((23 <= 22), FALSE)",comparison_numeric,1,1.0,1.0,1.0,0.0,T1_static_validated,representation_case,LLM_review_or_future_special_module,Y1_R004_C10_S06,Y1_basic_boolean,T_Y3_OPERATOR_QUOTE_PERCENT,1,1,1
Y3_R005_C01_S01,Y3_encoded_boolean,Y3,%2860%20+%2094%29%20=%20154,(60 + 94) = 154,comparison_numeric,1,1.0,1.0,1.0,0.0,T1_static_validated,representation_case,LLM_review_or_future_special_module,Y2_R005_C01_S01,Y2_boolean_variation,T_Y3_URL_PARTIAL,1,1,1
Y3_R005_C01_S02,Y3_encoded_boolean,Y3,(73%20+%2010)%20%3D%2083,(73 + 10) = 83,comparison_numeric,1,1.0,1.0,1.0,0.0,T1_static_validated,representation_case,LLM_review_or_future_special_module,Y1_R005_C01_S02,Y1_basic_boolean,T_Y3_OPERATOR_QUOTE_PERCENT,1,1,1
Y3_R005_C01_S03,Y3_encoded_boolean,Y3,%2886%20%2B%2023%29%20%3D%20109,(86 + 23) = 109,comparison_numeric,1,1.0,1.0,1.0,0.0,T1_static_validated,representation_case,LLM_review_or_future_special_module,Y1_R005_C01_S03,Y1_basic_boolean,T_Y3_URL_FULL,1,1,1
Y3_R005_C01_S04,Y3_encoded_boolean,Y3,%282%20+%2036%29%20=%2039,(2 + 36) = 39,comparison_numeric,1,1.0,1.0,1.0,0.0,T1_static_validated,representation_case,LLM_review_or_future_special_module,Y2_R005_C01_S04,Y2_boolean_variation,T_Y3_URL_PARTIAL,1,1,1
Y3_R005_C01_S05,Y3_encoded_boolean,Y3,(15%20+%2049)%20%3D%2065,(15 + 49) = 65,comparison_numeric,1,1.0,1.0,1.0,0.0,T1_static_validated,representation_case,LLM_review_or_future_special_module,Y1_R005_C01_S05,Y1_basic_boolean,T_Y3_OPERATOR_QUOTE_PERCENT,1,1,1
Y3_R005_C01_S06,Y3_encoded_boolean,Y3,%2828%20%2B%2062%29%20%3D%2091,(28 + 62) = 91,comparison_numeric,1,1.0,1.0,1.0,0.0,T1_static_validated,representation_case,LLM_review_or_future_special_module,Y1_R005_C01_S06,Y1_basic_boolean,T_Y3_URL_FULL,1,1,1
Y3_R005_C02_S01,Y3_encoded_boolean,Y3,((71%20+%208)%20%3D%2079),((71 + 8) = 79),comparison_numeric,1,1.0,1.0,1.0,0.0,T1_static_validated,representation_case,LLM_review_or_future_special_module,Y1_R005_C02_S01,Y1_basic_boolean,T_Y3_OPERATOR_QUOTE_PERCENT,1,1,1
Y3_R005_C02_S02,Y3_encoded_boolean,Y3,%28%2884%20%2B%2021%29%20%3D%20105%29,((84 + 21) = 105),comparison_numeric,1,1.0,1.0,1.0,0.0,T1_static_validated,representation_case,LLM_review_or_future_special_module,Y1_R005_C02_S02,Y1_basic_boolean,T_Y3_URL_FULL,1,1,1
Y3_R005_C02_S03,Y3_encoded_boolean,Y3,%28%2897%20+%2034%29%20=%20131%29,((97 + 34) = 131),comparison_numeric,1,1.0,1.0,1.0,0.0,T1_static_validated,representation_case,LLM_review_or_future_special_module,Y2_R005_C02_S03,Y2_boolean_variation,T_Y3_URL_PARTIAL,1,1,1
Y3_R005_C02_S04,Y3_encoded_boolean,Y3,((13%20+%2047)%20%3D%2061),((13 + 47) = 61),comparison_numeric,1,1.0,1.0,1.0,0.0,T1_static_validated,representation_case,LLM_review_or_future_special_module,Y1_R005_C02_S04,Y1_basic_boolean,T_Y3_OPERATOR_QUOTE_PERCENT,1,1,1
Y3_R005_C02_S05,Y3_encoded_boolean,Y3,%28%2826%20%2B%2060%29%20%3D%2087%29,((26 + 60) = 87),comparison_numeric,1,1.0,1.0,1.0,0.0,T1_static_validated,representation_case,LLM_review_or_future_special_module,Y1_R005_C02_S05,Y1_basic_boolean,T_Y3_URL_FULL,1,1,1
Y3_R005_C02_S06,Y3_encoded_boolean,Y3,%28%2839%20+%2073%29%20=%20113%29,((39 + 73) = 113),comparison_numeric,1,1.0,1.0,1.0,0.0,T1_static_validated,representation_case,LLM_review_or_future_special_module,Y2_R005_C02_S06,Y2_boolean_variation,T_Y3_URL_PARTIAL,1,1,1
Y3_R005_C03_S01,Y3_encoded_boolean,Y3,NOT%20%28%2882%20%2B%2019%29%20%3D%20102%29,NOT ((82 + 19) = 102),comparison_numeric,1,1.0,1.0,1.0,0.0,T1_static_validated,representation_case,LLM_review_or_future_special_module,Y1_R005_C03_S01,Y1_basic_boolean,T_Y3_URL_FULL,1,1,1
Y3_R005_C03_S02,Y3_encoded_boolean,Y3,NOT%20%28%2895%20+%2032%29%20=%20128%29,NOT ((95 + 32) = 128),comparison_numeric,1,1.0,1.0,1.0,0.0,T1_static_validated,representation_case,LLM_review_or_future_special_module,Y2_R005_C03_S02,Y2_boolean_variation,T_Y3_URL_PARTIAL,1,1,1
Y3_R005_C03_S03,Y3_encoded_boolean,Y3,NOT%20((11%20+%2045)%20%3D%2057),NOT ((11 + 45) = 57),comparison_numeric,1,1.0,1.0,1.0,0.0,T1_static_validated,representation_case,LLM_review_or_future_special_module,Y1_R005_C03_S03,Y1_basic_boolean,T_Y3_OPERATOR_QUOTE_PERCENT,1,1,1
Y3_R005_C03_S04,Y3_encoded_boolean,Y3,NOT%20%28%2824%20%2B%2058%29%20%3D%2082%29,NOT ((24 + 58) = 82),comparison_numeric,1,1.0,1.0,1.0,0.0,T1_static_validated,representation_case,LLM_review_or_future_special_module,Y1_R005_C03_S04,Y1_basic_boolean,T_Y3_URL_FULL,1,1,1
Y3_R005_C03_S05,Y3_encoded_boolean,Y3,NOT%20%28%2837%20+%2071%29%20=%20108%29,NOT ((37 + 71) = 108),comparison_numeric,1,1.0,1.0,1.0,0.0,T1_static_validated,representation_case,LLM_review_or_future_special_module,Y2_R005_C03_S05,Y2_boolean_variation,T_Y3_URL_PARTIAL,1,1,1
Y3_R005_C03_S06,Y3_encoded_boolean,Y3,NOT%20((50%20+%2084)%20%3D%20134),NOT ((50 + 84) = 134),comparison_numeric,1,1.0,1.0,1.0,0.0,T1_static_validated,representation_case,LLM_review_or_future_special_module,Y1_R005_C03_S06,Y1_basic_boolean,T_Y3_OPERATOR_QUOTE_PERCENT,1,1,1
Y3_R005_C04_S01,Y3_encoded_boolean,Y3,%28%2893%20+%2030%29%20=%20123%29%20IS%20TRUE,((93 + 30) = 123) IS TRUE,comparison_numeric,1,1.0,1.0,1.0,0.0,T1_static_validated,representation_case,LLM_review_or_future_special_module,Y2_R005_C04_S01,Y2_boolean_variation,T_Y3_URL_PARTIAL,1,1,1
Y3_R005_C04_S02,Y3_encoded_boolean,Y3,((9%20+%2043)%20%3D%2052)%20IS%20TRUE,((9 + 43) = 52) IS TRUE,comparison_numeric,1,1.0,1.0,1.0,0.0,T1_static_validated,representation_case,LLM_review_or_future_special_module,Y1_R005_C04_S02,Y1_basic_boolean,T_Y3_OPERATOR_QUOTE_PERCENT,1,1,1
Y3_R005_C04_S03,Y3_encoded_boolean,Y3,%28%2822%20%2B%2056%29%20%3D%2078%29%20IS%20TRUE,((22 + 56) = 78) IS TRUE,comparison_numeric,1,1.0,1.0,1.0,0.0,T1_static_validated,representation_case,LLM_review_or_future_special_module,Y1_R005_C04_S03,Y1_basic_boolean,T_Y3_URL_FULL,1,1,1
Y3_R005_C04_S04,Y3_encoded_boolean,Y3,%28%2835%20+%2069%29%20=%20105%29%20IS%20TRUE,((35 + 69) = 105) IS TRUE,comparison_numeric,1,1.0,1.0,1.0,0.0,T1_static_validated,representation_case,LLM_review_or_future_special_module,Y2_R005_C04_S04,Y2_boolean_variation,T_Y3_URL_PARTIAL,1,1,1
Y3_R005_C04_S05,Y3_encoded_boolean,Y3,((48%20+%2082)%20%3D%20131)%20IS%20TRUE,((48 + 82) = 131) IS TRUE,comparison_numeric,1,1.0,1.0,1.0,0.0,T1_static_validated,representation_case,LLM_review_or_future_special_module,Y1_R005_C04_S05,Y1_basic_boolean,T_Y3_OPERATOR_QUOTE_PERCENT,1,1,1
Y3_R005_C04_S06,Y3_encoded_boolean,Y3,%28%2861%20%2B%2095%29%20%3D%20157%29%20IS%20TRUE,((61 + 95) = 157) IS TRUE,comparison_numeric,1,1.0,1.0,1.0,0.0,T1_static_validated,representation_case,LLM_review_or_future_special_module,Y1_R005_C04_S06,Y1_basic_boolean,T_Y3_URL_FULL,1,1,1
Y3_R005_C05_S01,Y3_encoded_boolean,Y3,((7%20+%2041)%20%3D%2048)%20IS%20NOT%20FALSE,((7 + 41) = 48) IS NOT FALSE,comparison_numeric,1,1.0,1.0,1.0,0.0,T1_static_validated,representation_case,LLM_review_or_future_special_module,Y1_R005_C05_S01,Y1_basic_boolean,T_Y3_OPERATOR_QUOTE_PERCENT,1,1,1
Y3_R005_C05_S02,Y3_encoded_boolean,Y3,%28%2820%20%2B%2054%29%20%3D%2074%29%20IS%20NOT%20FALSE,((20 + 54) = 74) IS NOT FALSE,comparison_numeric,1,1.0,1.0,1.0,0.0,T1_static_validated,representation_case,LLM_review_or_future_special_module,Y1_R005_C05_S02,Y1_basic_boolean,T_Y3_URL_FULL,1,1,1
Y3_R005_C05_S03,Y3_encoded_boolean,Y3,%28%2833%20+%2067%29%20=%20100%29%20IS%20NOT%20FALSE,((33 + 67) = 100) IS NOT FALSE,comparison_numeric,1,1.0,1.0,1.0,0.0,T1_static_validated,representation_case,LLM_review_or_future_special_module,Y2_R005_C05_S03,Y2_boolean_variation,T_Y3_URL_PARTIAL,1,1,1
Y3_R005_C05_S04,Y3_encoded_boolean,Y3,((46%20+%2080)%20%3D%20127)%20IS%20NOT%20FALSE,((46 + 80) = 127) IS NOT FALSE,comparison_numeric,1,1.0,1.0,1.0,0.0,T1_static_validated,representation_case,LLM_review_or_future_special_module,Y1_R005_C05_S04,Y1_basic_boolean,T_Y3_OPERATOR_QUOTE_PERCENT,1,1,1
Y3_R005_C05_S05,Y3_encoded_boolean,Y3,%28%2859%20%2B%2093%29%20%3D%20153%29%20IS%20NOT%20FALSE,((59 + 93) = 153) IS NOT FALSE,comparison_numeric,1,1.0,1.0,1.0,0.0,T1_static_validated,representation_case,LLM_review_or_future_special_module,Y1_R005_C05_S05,Y1_basic_boolean,T_Y3_URL_FULL,1,1,1
Y3_R005_C05_S06,Y3_encoded_boolean,Y3,%28%2872%20+%209%29%20=%2082%29%20IS%20NOT%20FALSE,((72 + 9) = 82) IS NOT FALSE,comparison_numeric,1,1.0,1.0,1.0,0.0,T1_static_validated,representation_case,LLM_review_or_future_special_module,Y2_R005_C05_S06,Y2_boolean_variation,T_Y3_URL_PARTIAL,1,1,1
Y3_R005_C06_S01,Y3_encoded_boolean,Y3,CASE%20WHEN%20%28%2818%20%2B%2052%29%20%3D%2070%29%20THEN%20TRUE%20ELSE%20FALSE%20END,CASE WHEN ((18 + 52) = 70) THEN TRUE ELSE FALSE END,comparison_numeric,1,1.0,1.0,1.0,0.0,T1_static_validated,representation_case,LLM_review_or_future_special_module,Y1_R005_C06_S01,Y1_basic_boolean,T_Y3_URL_FULL,1,1,1
Y3_R005_C06_S02,Y3_encoded_boolean,Y3,CASE%20WHEN%20%28%2831%20+%2065%29%20=%2096%29%20THEN%20TRUE%20ELSE%20FALSE%20END,CASE WHEN ((31 + 65) = 96) THEN TRUE ELSE FALSE END,comparison_numeric,1,1.0,1.0,1.0,0.0,T1_static_validated,representation_case,LLM_review_or_future_special_module,Y2_R005_C06_S02,Y2_boolean_variation,T_Y3_URL_PARTIAL,1,1,1
Y3_R005_C06_S03,Y3_encoded_boolean,Y3,CASE%20WHEN%20((44%20+%2078)%20%3D%20122)%20THEN%20TRUE%20ELSE%20FALSE%20END,CASE WHEN ((44 + 78) = 122) THEN TRUE ELSE FALSE END,comparison_numeric,1,1.0,1.0,1.0,0.0,T1_static_validated,representation_case,LLM_review_or_future_special_module,Y1_R005_C06_S03,Y1_basic_boolean,T_Y3_OPERATOR_QUOTE_PERCENT,1,1,1
Y3_R005_C06_S04,Y3_encoded_boolean,Y3,CASE%20WHEN%20%28%2857%20%2B%2091%29%20%3D%20149%29%20THEN%20TRUE%20ELSE%20FALSE%20END,CASE WHEN ((57 + 91) = 149) THEN TRUE ELSE FALSE END,comparison_numeric,1,1.0,1.0,1.0,0.0,T1_static_validated,representation_case,LLM_review_or_future_special_module,Y1_R005_C06_S04,Y1_basic_boolean,T_Y3_URL_FULL,1,1,1
Y3_R005_C06_S05,Y3_encoded_boolean,Y3,CASE%20WHEN%20%28%2870%20+%207%29%20=%2078%29%20THEN%20TRUE%20ELSE%20FALSE%20END,CASE WHEN ((70 + 7) = 78) THEN TRUE ELSE FALSE END,comparison_numeric,1,1.0,1.0,1.0,0.0,T1_static_validated,representation_case,LLM_review_or_future_special_module,Y2_R005_C06_S05,Y2_boolean_variation,T_Y3_URL_PARTIAL,1,1,1
Y3_R005_C06_S06,Y3_encoded_boolean,Y3,CASE%20WHEN%20((83%20+%2020)%20%3D%20104)%20THEN%20TRUE%20ELSE%20FALSE%20END,CASE WHEN ((83 + 20) = 104) THEN TRUE ELSE FALSE END,comparison_numeric,1,1.0,1.0,1.0,0.0,T1_static_validated,representation_case,LLM_review_or_future_special_module,Y1_R005_C06_S06,Y1_basic_boolean,T_Y3_OPERATOR_QUOTE_PERCENT,1,1,1
Y3_R005_C07_S01,Y3_encoded_boolean,Y3,%28%2829%20+%2063%29%20=%2092%29%20AND%20%2880%20=%2080%29,((29 + 63) = 92) AND (80 = 80),comparison_numeric,1,1.0,1.0,1.0,0.0,T1_static_validated,representation_case,LLM_review_or_future_special_module,Y2_R005_C07_S01,Y2_boolean_variation,T_Y3_URL_PARTIAL,1,1,1
Y3_R005_C07_S02,Y3_encoded_boolean,Y3,((42%20+%2076)%20%3D%20118)%20AND%20(93%20%3D%2093),((42 + 76) = 118) AND (93 = 93),comparison_numeric,1,1.0,1.0,1.0,0.0,T1_static_validated,representation_case,LLM_review_or_future_special_module,Y1_R005_C07_S02,Y1_basic_boolean,T_Y3_OPERATOR_QUOTE_PERCENT,1,1,1
Y3_R005_C07_S03,Y3_encoded_boolean,Y3,%28%2855%20%2B%2089%29%20%3D%20144%29%20AND%20%289%20%3D%209%29,((55 + 89) = 144) AND (9 = 9),comparison_numeric,1,1.0,1.0,1.0,0.0,T1_static_validated,representation_case,LLM_review_or_future_special_module,Y1_R005_C07_S03,Y1_basic_boolean,T_Y3_URL_FULL,1,1,1
Y3_R005_C07_S04,Y3_encoded_boolean,Y3,%28%2868%20+%205%29%20=%2074%29%20AND%20%2822%20=%2022%29,((68 + 5) = 74) AND (22 = 22),comparison_numeric,1,1.0,1.0,1.0,0.0,T1_static_validated,representation_case,LLM_review_or_future_special_module,Y2_R005_C07_S04,Y2_boolean_variation,T_Y3_URL_PARTIAL,1,1,1
Y3_R005_C07_S05,Y3_encoded_boolean,Y3,((81%20+%2018)%20%3D%20100)%20AND%20(35%20%3D%2035),((81 + 18) = 100) AND (35 = 35),comparison_numeric,1,1.0,1.0,1.0,0.0,T1_static_validated,representation_case,LLM_review_or_future_special_module,Y1_R005_C07_S05,Y1_basic_boolean,T_Y3_OPERATOR_QUOTE_PERCENT,1,1,1
Y3_R005_C07_S06,Y3_encoded_boolean,Y3,%28%2894%20%2B%2031%29%20%3D%20126%29%20AND%20%2848%20%3D%2048%29,((94 + 31) = 126) AND (48 = 48),comparison_numeric,1,1.0,1.0,1.0,0.0,T1_static_validated,representation_case,LLM_review_or_future_special_module,Y1_R005_C07_S06,Y1_basic_boolean,T_Y3_URL_FULL,1,1,1
Y3_R005_C08_S01,Y3_encoded_boolean,Y3,((40%20+%2074)%20%3D%20114)%20OR%20(11%20%3C%3E%2011),((40 + 74) = 114) OR (11 <> 11),comparison_numeric,1,1.0,1.0,1.0,0.0,T1_static_validated,representation_case,LLM_review_or_future_special_module,Y1_R005_C08_S01,Y1_basic_boolean,T_Y3_OPERATOR_QUOTE_PERCENT,1,1,1
Y3_R005_C08_S02,Y3_encoded_boolean,Y3,%28%2853%20%2B%2087%29%20%3D%20140%29%20OR%20%2824%20%3C%3E%2024%29,((53 + 87) = 140) OR (24 <> 24),comparison_numeric,1,1.0,1.0,1.0,0.0,T1_static_validated,representation_case,LLM_review_or_future_special_module,Y1_R005_C08_S02,Y1_basic_boolean,T_Y3_URL_FULL,1,1,1
Y3_R005_C08_S03,Y3_encoded_boolean,Y3,%28%2866%20+%203%29%20=%2069%29%20OR%20%2837%20<>%2037%29,((66 + 3) = 69) OR (37 <> 37),comparison_numeric,1,1.0,1.0,1.0,0.0,T1_static_validated,representation_case,LLM_review_or_future_special_module,Y2_R005_C08_S03,Y2_boolean_variation,T_Y3_URL_PARTIAL,1,1,1
Y3_R005_C08_S04,Y3_encoded_boolean,Y3,((79%20+%2016)%20%3D%2096)%20OR%20(50%20%3C%3E%2050),((79 + 16) = 96) OR (50 <> 50),comparison_numeric,1,1.0,1.0,1.0,0.0,T1_static_validated,representation_case,LLM_review_or_future_special_module,Y1_R005_C08_S04,Y1_basic_boolean,T_Y3_OPERATOR_QUOTE_PERCENT,1,1,1
Y3_R005_C08_S05,Y3_encoded_boolean,Y3,%28%2892%20%2B%2029%29%20%3D%20122%29%20OR%20%2863%20%3C%3E%2063%29,((92 + 29) = 122) OR (63 <> 63),comparison_numeric,1,1.0,1.0,1.0,0.0,T1_static_validated,representation_case,LLM_review_or_future_special_module,Y1_R005_C08_S05,Y1_basic_boolean,T_Y3_URL_FULL,1,1,1
Y3_R005_C08_S06,Y3_encoded_boolean,Y3,%28%288%20+%2042%29%20=%2051%29%20OR%20%2876%20<>%2076%29,((8 + 42) = 51) OR (76 <> 76),comparison_numeric,1,1.0,1.0,1.0,0.0,T1_static_validated,representation_case,LLM_review_or_future_special_module,Y2_R005_C08_S06,Y2_boolean_variation,T_Y3_URL_PARTIAL,1,1,1
Y3_R005_C09_S01,Y3_encoded_boolean,Y3,%28%28%2851%20%2B%2085%29%20%3D%20136%29%20%3D%20TRUE%29,(((51 + 85) = 136) = TRUE),comparison_numeric,1,1.0,1.0,1.0,0.0,T1_static_validated,representation_case,LLM_review_or_future_special_module,Y1_R005_C09_S01,Y1_basic_boolean,T_Y3_URL_FULL,1,1,1
Y3_R005_C09_S02,Y3_encoded_boolean,Y3,%28%28%2864%20+%201%29%20=%2065%29%20=%20TRUE%29,(((64 + 1) = 65) = TRUE),comparison_numeric,1,1.0,1.0,1.0,0.0,T1_static_validated,representation_case,LLM_review_or_future_special_module,Y2_R005_C09_S02,Y2_boolean_variation,T_Y3_URL_PARTIAL,1,1,1
Y3_R005_C09_S03,Y3_encoded_boolean,Y3,(((77%20+%2014)%20%3D%2091)%20%3D%20TRUE),(((77 + 14) = 91) = TRUE),comparison_numeric,1,1.0,1.0,1.0,0.0,T1_static_validated,representation_case,LLM_review_or_future_special_module,Y1_R005_C09_S03,Y1_basic_boolean,T_Y3_OPERATOR_QUOTE_PERCENT,1,1,1
Y3_R005_C09_S04,Y3_encoded_boolean,Y3,%28%28%2890%20%2B%2027%29%20%3D%20118%29%20%3D%20TRUE%29,(((90 + 27) = 118) = TRUE),comparison_numeric,1,1.0,1.0,1.0,0.0,T1_static_validated,representation_case,LLM_review_or_future_special_module,Y1_R005_C09_S04,Y1_basic_boolean,T_Y3_URL_FULL,1,1,1
Y3_R005_C09_S05,Y3_encoded_boolean,Y3,%28%28%286%20+%2040%29%20=%2047%29%20=%20TRUE%29,(((6 + 40) = 47) = TRUE),comparison_numeric,1,1.0,1.0,1.0,0.0,T1_static_validated,representation_case,LLM_review_or_future_special_module,Y2_R005_C09_S05,Y2_boolean_variation,T_Y3_URL_PARTIAL,1,1,1
Y3_R005_C09_S06,Y3_encoded_boolean,Y3,(((19%20+%2053)%20%3D%2073)%20%3D%20TRUE),(((19 + 53) = 73) = TRUE),comparison_numeric,1,1.0,1.0,1.0,0.0,T1_static_validated,representation_case,LLM_review_or_future_special_module,Y1_R005_C09_S06,Y1_basic_boolean,T_Y3_OPERATOR_QUOTE_PERCENT,1,1,1
Y3_R005_C10_S01,Y3_encoded_boolean,Y3,COALESCE%28%28%2862%20+%2096%29%20=%20158%29%2C%20FALSE%29,"COALESCE(((62 + 96) = 158), FALSE)",comparison_numeric,1,1.0,1.0,1.0,0.0,T1_static_validated,representation_case,LLM_review_or_future_special_module,Y2_R005_C10_S01,Y2_boolean_variation,T_Y3_URL_PARTIAL,1,1,1
Y3_R005_C10_S02,Y3_encoded_boolean,Y3,"COALESCE(((75%20+%2012)%20%3D%2087),%20FALSE)","COALESCE(((75 + 12) = 87), FALSE)",comparison_numeric,1,1.0,1.0,1.0,0.0,T1_static_validated,representation_case,LLM_review_or_future_special_module,Y1_R005_C10_S02,Y1_basic_boolean,T_Y3_OPERATOR_QUOTE_PERCENT,1,1,1
Y3_R005_C10_S03,Y3_encoded_boolean,Y3,COALESCE%28%28%2888%20%2B%2025%29%20%3D%20113%29%2C%20FALSE%29,"COALESCE(((88 + 25) = 113), FALSE)",comparison_numeric,1,1.0,1.0,1.0,0.0,T1_static_validated,representation_case,LLM_review_or_future_special_module,Y1_R005_C10_S03,Y1_basic_boolean,T_Y3_URL_FULL,1,1,1
Y3_R005_C10_S04,Y3_encoded_boolean,Y3,COALESCE%28%28%284%20+%2038%29%20=%2043%29%2C%20FALSE%29,"COALESCE(((4 + 38) = 43), FALSE)",comparison_numeric,1,1.0,1.0,1.0,0.0,T1_static_validated,representation_case,LLM_review_or_future_special_module,Y2_R005_C10_S04,Y2_boolean_variation,T_Y3_URL_PARTIAL,1,1,1
Y3_R005_C10_S05,Y3_encoded_boolean,Y3,"COALESCE(((17%20+%2051)%20%3D%2069),%20FALSE)","COALESCE(((17 + 51) = 69), FALSE)",comparison_numeric,1,1.0,1.0,1.0,0.0,T1_static_validated,representation_case,LLM_review_or_future_special_module,Y1_R005_C10_S05,Y1_basic_boolean,T_Y3_OPERATOR_QUOTE_PERCENT,1,1,1
Y3_R005_C10_S06,Y3_encoded_boolean,Y3,COALESCE%28%28%2830%20%2B%2064%29%20%3D%2095%29%2C%20FALSE%29,"COALESCE(((30 + 64) = 95), FALSE)",comparison_numeric,1,1.0,1.0,1.0,0.0,T1_static_validated,representation_case,LLM_review_or_future_special_module,Y1_R005_C10_S06,Y1_basic_boolean,T_Y3_URL_FULL,1,1,1
Y3_R006_C01_S01,Y3_encoded_boolean,Y3,%27member7%27%20%3D%20%27member7%27,'member7' = 'member7',comparison_text,1,1.0,1.0,1.0,0.0,T1_static_validated,representation_case,LLM_review_or_future_special_module,Y1_R006_C01_S01,Y1_basic_boolean,T_Y3_OPERATOR_QUOTE_PERCENT,1,1,1
Y3_R006_C01_S02,Y3_encoded_boolean,Y3,%27stone8%27%20%3D%20%27stone8%27,'stone8' = 'stone8',comparison_text,1,1.0,1.0,1.0,0.0,T1_static_validated,representation_case,LLM_review_or_future_special_module,Y1_R006_C01_S02,Y1_basic_boolean,T_Y3_URL_FULL,1,1,1
Y3_R006_C01_S03,Y3_encoded_boolean,Y3,'north0'%20=%20'north0','north0' = 'north0',comparison_text,1,1.0,1.0,1.0,0.0,T1_static_validated,representation_case,LLM_review_or_future_special_module,Y2_R006_C01_S03,Y2_boolean_variation,T_Y3_URL_PARTIAL,1,1,1
Y3_R006_C01_S04,Y3_encoded_boolean,Y3,%27south1%27%20%3D%20%27east2%27,'south1' = 'east2',comparison_text,1,1.0,1.0,1.0,0.0,T1_static_validated,representation_case,LLM_review_or_future_special_module,Y1_R006_C01_S04,Y1_basic_boolean,T_Y3_OPERATOR_QUOTE_PERCENT,1,1,1
Y3_R006_C01_S05,Y3_encoded_boolean,Y3,%27east2%27%20%3D%20%27west3%27,'east2' = 'west3',comparison_text,1,1.0,1.0,1.0,0.0,T1_static_validated,representation_case,LLM_review_or_future_special_module,Y1_R006_C01_S05,Y1_basic_boolean,T_Y3_URL_FULL,1,1,1
Y3_R006_C01_S06,Y3_encoded_boolean,Y3,'west3'%20=%20'prime4','west3' = 'prime4',comparison_text,1,1.0,1.0,1.0,0.0,T1_static_validated,representation_case,LLM_review_or_future_special_module,Y2_R006_C01_S06,Y2_boolean_variation,T_Y3_URL_PARTIAL,1,1,1
Y3_R006_C02_S01,Y3_encoded_boolean,Y3,%28%27stone7%27%20%3D%20%27stone7%27%29,('stone7' = 'stone7'),comparison_text,1,1.0,1.0,1.0,0.0,T1_static_validated,representation_case,LLM_review_or_future_special_module,Y1_R006_C02_S01,Y1_basic_boolean,T_Y3_URL_FULL,1,1,1
Y3_R006_C02_S02,Y3_encoded_boolean,Y3,%28'north8'%20=%20'north8'%29,('north8' = 'north8'),comparison_text,1,1.0,1.0,1.0,0.0,T1_static_validated,representation_case,LLM_review_or_future_special_module,Y2_R006_C02_S02,Y2_boolean_variation,T_Y3_URL_PARTIAL,1,1,1
Y3_R006_C02_S03,Y3_encoded_boolean,Y3,(%27south0%27%20%3D%20%27south0%27),('south0' = 'south0'),comparison_text,1,1.0,1.0,1.0,0.0,T1_static_validated,representation_case,LLM_review_or_future_special_module,Y1_R006_C02_S03,Y1_basic_boolean,T_Y3_OPERATOR_QUOTE_PERCENT,1,1,1
Y3_R006_C02_S04,Y3_encoded_boolean,Y3,%28%27east1%27%20%3D%20%27west2%27%29,('east1' = 'west2'),comparison_text,1,1.0,1.0,1.0,0.0,T1_static_validated,representation_case,LLM_review_or_future_special_module,Y1_R006_C02_S04,Y1_basic_boolean,T_Y3_URL_FULL,1,1,1
Y3_R006_C02_S05,Y3_encoded_boolean,Y3,%28'west2'%20=%20'prime3'%29,('west2' = 'prime3'),comparison_text,1,1.0,1.0,1.0,0.0,T1_static_validated,representation_case,LLM_review_or_future_special_module,Y2_R006_C02_S05,Y2_boolean_variation,T_Y3_URL_PARTIAL,1,1,1
Y3_R006_C02_S06,Y3_encoded_boolean,Y3,(%27prime3%27%20%3D%20%27core4%27),('prime3' = 'core4'),comparison_text,1,1.0,1.0,1.0,0.0,T1_static_validated,representation_case,LLM_review_or_future_special_module,Y1_R006_C02_S06,Y1_basic_boolean,T_Y3_OPERATOR_QUOTE_PERCENT,1,1,1
Y3_R006_C03_S01,Y3_encoded_boolean,Y3,NOT%20%28'north7'%20=%20'south8'%29,NOT ('north7' = 'south8'),comparison_text,1,1.0,1.0,1.0,0.0,T1_static_validated,representation_case,LLM_review_or_future_special_module,Y2_R006_C03_S01,Y2_boolean_variation,T_Y3_URL_PARTIAL,1,1,1
Y3_R006_C03_S02,Y3_encoded_boolean,Y3,NOT%20(%27south8%27%20%3D%20%27east0%27),NOT ('south8' = 'east0'),comparison_text,1,1.0,1.0,1.0,0.0,T1_static_validated,representation_case,LLM_review_or_future_special_module,Y1_R006_C03_S02,Y1_basic_boolean,T_Y3_OPERATOR_QUOTE_PERCENT,1,1,1
Y3_R006_C03_S03,Y3_encoded_boolean,Y3,NOT%20%28%27east0%27%20%3D%20%27west1%27%29,NOT ('east0' = 'west1'),comparison_text,1,1.0,1.0,1.0,0.0,T1_static_validated,representation_case,LLM_review_or_future_special_module,Y1_R006_C03_S03,Y1_basic_boolean,T_Y3_URL_FULL,1,1,1
Y3_R006_C03_S04,Y3_encoded_boolean,Y3,NOT%20%28'west1'%20=%20'west1'%29,NOT ('west1' = 'west1'),comparison_text,1,1.0,1.0,1.0,0.0,T1_static_validated,representation_case,LLM_review_or_future_special_module,Y2_R006_C03_S04,Y2_boolean_variation,T_Y3_URL_PARTIAL,1,1,1
Y3_R006_C03_S05,Y3_encoded_boolean,Y3,NOT%20(%27prime2%27%20%3D%20%27prime2%27),NOT ('prime2' = 'prime2'),comparison_text,1,1.0,1.0,1.0,0.0,T1_static_validated,representation_case,LLM_review_or_future_special_module,Y1_R006_C03_S05,Y1_basic_boolean,T_Y3_OPERATOR_QUOTE_PERCENT,1,1,1
Y3_R006_C03_S06,Y3_encoded_boolean,Y3,NOT%20%28%27core3%27%20%3D%20%27core3%27%29,NOT ('core3' = 'core3'),comparison_text,1,1.0,1.0,1.0,0.0,T1_static_validated,representation_case,LLM_review_or_future_special_module,Y1_R006_C03_S06,Y1_basic_boolean,T_Y3_URL_FULL,1,1,1
Y3_R006_C04_S01,Y3_encoded_boolean,Y3,(%27south7%27%20%3D%20%27south7%27)%20IS%20TRUE,('south7' = 'south7') IS TRUE,comparison_text,1,1.0,1.0,1.0,0.0,T1_static_validated,representation_case,LLM_review_or_future_special_module,Y1_R006_C04_S01,Y1_basic_boolean,T_Y3_OPERATOR_QUOTE_PERCENT,1,1,1
Y3_R006_C04_S02,Y3_encoded_boolean,Y3,%28%27east8%27%20%3D%20%27east8%27%29%20IS%20TRUE,('east8' = 'east8') IS TRUE,comparison_text,1,1.0,1.0,1.0,0.0,T1_static_validated,representation_case,LLM_review_or_future_special_module,Y1_R006_C04_S02,Y1_basic_boolean,T_Y3_URL_FULL,1,1,1
Y3_R006_C04_S03,Y3_encoded_boolean,Y3,%28'west0'%20=%20'west0'%29%20IS%20TRUE,('west0' = 'west0') IS TRUE,comparison_text,1,1.0,1.0,1.0,0.0,T1_static_validated,representation_case,LLM_review_or_future_special_module,Y2_R006_C04_S03,Y2_boolean_variation,T_Y3_URL_PARTIAL,1,1,1
Y3_R006_C04_S04,Y3_encoded_boolean,Y3,(%27prime1%27%20%3D%20%27core2%27)%20IS%20TRUE,('prime1' = 'core2') IS TRUE,comparison_text,1,1.0,1.0,1.0,0.0,T1_static_validated,representation_case,LLM_review_or_future_special_module,Y1_R006_C04_S04,Y1_basic_boolean,T_Y3_OPERATOR_QUOTE_PERCENT,1,1,1
Y3_R006_C04_S05,Y3_encoded_boolean,Y3,%28%27core2%27%20%3D%20%27safe3%27%29%20IS%20TRUE,('core2' = 'safe3') IS TRUE,comparison_text,1,1.0,1.0,1.0,0.0,T1_static_validated,representation_case,LLM_review_or_future_special_module,Y1_R006_C04_S05,Y1_basic_boolean,T_Y3_URL_FULL,1,1,1
Y3_R006_C04_S06,Y3_encoded_boolean,Y3,%28'safe3'%20=%20'audit4'%29%20IS%20TRUE,('safe3' = 'audit4') IS TRUE,comparison_text,1,1.0,1.0,1.0,0.0,T1_static_validated,representation_case,LLM_review_or_future_special_module,Y2_R006_C04_S06,Y2_boolean_variation,T_Y3_URL_PARTIAL,1,1,1
Y3_R006_C05_S01,Y3_encoded_boolean,Y3,%28%27east7%27%20%3D%20%27east7%27%29%20IS%20NOT%20FALSE,('east7' = 'east7') IS NOT FALSE,comparison_text,1,1.0,1.0,1.0,0.0,T1_static_validated,representation_case,LLM_review_or_future_special_module,Y1_R006_C05_S01,Y1_basic_boolean,T_Y3_URL_FULL,1,1,1
Y3_R006_C05_S02,Y3_encoded_boolean,Y3,%28'west8'%20=%20'west8'%29%20IS%20NOT%20FALSE,('west8' = 'west8') IS NOT FALSE,comparison_text,1,1.0,1.0,1.0,0.0,T1_static_validated,representation_case,LLM_review_or_future_special_module,Y2_R006_C05_S02,Y2_boolean_variation,T_Y3_URL_PARTIAL,1,1,1
Y3_R006_C05_S03,Y3_encoded_boolean,Y3,(%27prime0%27%20%3D%20%27prime0%27)%20IS%20NOT%20FALSE,('prime0' = 'prime0') IS NOT FALSE,comparison_text,1,1.0,1.0,1.0,0.0,T1_static_validated,representation_case,LLM_review_or_future_special_module,Y1_R006_C05_S03,Y1_basic_boolean,T_Y3_OPERATOR_QUOTE_PERCENT,1,1,1
Y3_R006_C05_S04,Y3_encoded_boolean,Y3,%28%27core1%27%20%3D%20%27safe2%27%29%20IS%20NOT%20FALSE,('core1' = 'safe2') IS NOT FALSE,comparison_text,1,1.0,1.0,1.0,0.0,T1_static_validated,representation_case,LLM_review_or_future_special_module,Y1_R006_C05_S04,Y1_basic_boolean,T_Y3_URL_FULL,1,1,1
Y3_R006_C05_S05,Y3_encoded_boolean,Y3,%28'safe2'%20=%20'audit3'%29%20IS%20NOT%20FALSE,('safe2' = 'audit3') IS NOT FALSE,comparison_text,1,1.0,1.0,1.0,0.0,T1_static_validated,representation_case,LLM_review_or_future_special_module,Y2_R006_C05_S05,Y2_boolean_variation,T_Y3_URL_PARTIAL,1,1,1
Y3_R006_C05_S06,Y3_encoded_boolean,Y3,(%27audit3%27%20%3D%20%27trace4%27)%20IS%20NOT%20FALSE,('audit3' = 'trace4') IS NOT FALSE,comparison_text,1,1.0,1.0,1.0,0.0,T1_static_validated,representation_case,LLM_review_or_future_special_module,Y1_R006_C05_S06,Y1_basic_boolean,T_Y3_OPERATOR_QUOTE_PERCENT,1,1,1
Y3_R006_C06_S01,Y3_encoded_boolean,Y3,CASE%20WHEN%20%28'west7'%20=%20'west7'%29%20THEN%20TRUE%20ELSE%20FALSE%20END,CASE WHEN ('west7' = 'west7') THEN TRUE ELSE FALSE END,comparison_text,1,1.0,1.0,1.0,0.0,T1_static_validated,representation_case,LLM_review_or_future_special_module,Y2_R006_C06_S01,Y2_boolean_variation,T_Y3_URL_PARTIAL,1,1,1
Y3_R006_C06_S02,Y3_encoded_boolean,Y3,CASE%20WHEN%20(%27prime8%27%20%3D%20%27prime8%27)%20THEN%20TRUE%20ELSE%20FALSE%20END,CASE WHEN ('prime8' = 'prime8') THEN TRUE ELSE FALSE END,comparison_text,1,1.0,1.0,1.0,0.0,T1_static_validated,representation_case,LLM_review_or_future_special_module,Y1_R006_C06_S02,Y1_basic_boolean,T_Y3_OPERATOR_QUOTE_PERCENT,1,1,1
Y3_R006_C06_S03,Y3_encoded_boolean,Y3,CASE%20WHEN%20%28%27core0%27%20%3D%20%27core0%27%29%20THEN%20TRUE%20ELSE%20FALSE%20END,CASE WHEN ('core0' = 'core0') THEN TRUE ELSE FALSE END,comparison_text,1,1.0,1.0,1.0,0.0,T1_static_validated,representation_case,LLM_review_or_future_special_module,Y1_R006_C06_S03,Y1_basic_boolean,T_Y3_URL_FULL,1,1,1
Y3_R006_C06_S04,Y3_encoded_boolean,Y3,CASE%20WHEN%20%28'safe1'%20=%20'audit2'%29%20THEN%20TRUE%20ELSE%20FALSE%20END,CASE WHEN ('safe1' = 'audit2') THEN TRUE ELSE FALSE END,comparison_text,1,1.0,1.0,1.0,0.0,T1_static_validated,representation_case,LLM_review_or_future_special_module,Y2_R006_C06_S04,Y2_boolean_variation,T_Y3_URL_PARTIAL,1,1,1
Y3_R006_C06_S05,Y3_encoded_boolean,Y3,CASE%20WHEN%20(%27audit2%27%20%3D%20%27trace3%27)%20THEN%20TRUE%20ELSE%20FALSE%20END,CASE WHEN ('audit2' = 'trace3') THEN TRUE ELSE FALSE END,comparison_text,1,1.0,1.0,1.0,0.0,T1_static_validated,representation_case,LLM_review_or_future_special_module,Y1_R006_C06_S05,Y1_basic_boolean,T_Y3_OPERATOR_QUOTE_PERCENT,1,1,1
Y3_R006_C06_S06,Y3_encoded_boolean,Y3,CASE%20WHEN%20%28%27trace3%27%20%3D%20%27signal4%27%29%20THEN%20TRUE%20ELSE%20FALSE%20END,CASE WHEN ('trace3' = 'signal4') THEN TRUE ELSE FALSE END,comparison_text,1,1.0,1.0,1.0,0.0,T1_static_validated,representation_case,LLM_review_or_future_special_module,Y1_R006_C06_S06,Y1_basic_boolean,T_Y3_URL_FULL,1,1,1
Y3_R006_C07_S01,Y3_encoded_boolean,Y3,(%27prime7%27%20%3D%20%27prime7%27)%20AND%20(87%20%3D%2087),('prime7' = 'prime7') AND (87 = 87),comparison_text,1,1.0,1.0,1.0,0.0,T1_static_validated,representation_case,LLM_review_or_future_special_module,Y1_R006_C07_S01,Y1_basic_boolean,T_Y3_OPERATOR_QUOTE_PERCENT,1,1,1
Y3_R006_C07_S02,Y3_encoded_boolean,Y3,%28%27core8%27%20%3D%20%27core8%27%29%20AND%20%283%20%3D%203%29,('core8' = 'core8') AND (3 = 3),comparison_text,1,1.0,1.0,1.0,0.0,T1_static_validated,representation_case,LLM_review_or_future_special_module,Y1_R006_C07_S02,Y1_basic_boolean,T_Y3_URL_FULL,1,1,1
Y3_R006_C07_S03,Y3_encoded_boolean,Y3,%28'safe0'%20=%20'safe0'%29%20AND%20%2816%20=%2016%29,('safe0' = 'safe0') AND (16 = 16),comparison_text,1,1.0,1.0,1.0,0.0,T1_static_validated,representation_case,LLM_review_or_future_special_module,Y2_R006_C07_S03,Y2_boolean_variation,T_Y3_URL_PARTIAL,1,1,1
Y3_R006_C07_S04,Y3_encoded_boolean,Y3,(%27audit1%27%20%3D%20%27trace2%27)%20AND%20(29%20%3D%2029),('audit1' = 'trace2') AND (29 = 29),comparison_text,1,1.0,1.0,1.0,0.0,T1_static_validated,representation_case,LLM_review_or_future_special_module,Y1_R006_C07_S04,Y1_basic_boolean,T_Y3_OPERATOR_QUOTE_PERCENT,1,1,1
Y3_R006_C07_S05,Y3_encoded_boolean,Y3,%28%27trace2%27%20%3D%20%27signal3%27%29%20AND%20%2842%20%3D%2042%29,('trace2' = 'signal3') AND (42 = 42),comparison_text,1,1.0,1.0,1.0,0.0,T1_static_validated,representation_case,LLM_review_or_future_special_module,Y1_R006_C07_S05,Y1_basic_boolean,T_Y3_URL_FULL,1,1,1
Y3_R006_C07_S06,Y3_encoded_boolean,Y3,%28'signal3'%20=%20'alpha4'%29%20AND%20%2855%20=%2055%29,('signal3' = 'alpha4') AND (55 = 55),comparison_text,1,1.0,1.0,1.0,0.0,T1_static_validated,representation_case,LLM_review_or_future_special_module,Y2_R006_C07_S06,Y2_boolean_variation,T_Y3_URL_PARTIAL,1,1,1
Y3_R006_C08_S01,Y3_encoded_boolean,Y3,%28%27core7%27%20%3D%20%27core7%27%29%20OR%20%2818%20%3C%3E%2018%29,('core7' = 'core7') OR (18 <> 18),comparison_text,1,1.0,1.0,1.0,0.0,T1_static_validated,representation_case,LLM_review_or_future_special_module,Y1_R006_C08_S01,Y1_basic_boolean,T_Y3_URL_FULL,1,1,1
Y3_R006_C08_S02,Y3_encoded_boolean,Y3,%28'safe8'%20=%20'safe8'%29%20OR%20%2831%20<>%2031%29,('safe8' = 'safe8') OR (31 <> 31),comparison_text,1,1.0,1.0,1.0,0.0,T1_static_validated,representation_case,LLM_review_or_future_special_module,Y2_R006_C08_S02,Y2_boolean_variation,T_Y3_URL_PARTIAL,1,1,1
Y3_R006_C08_S03,Y3_encoded_boolean,Y3,(%27audit0%27%20%3D%20%27audit0%27)%20OR%20(44%20%3C%3E%2044),('audit0' = 'audit0') OR (44 <> 44),comparison_text,1,1.0,1.0,1.0,0.0,T1_static_validated,representation_case,LLM_review_or_future_special_module,Y1_R006_C08_S03,Y1_basic_boolean,T_Y3_OPERATOR_QUOTE_PERCENT,1,1,1
Y3_R006_C08_S04,Y3_encoded_boolean,Y3,%28%27trace1%27%20%3D%20%27signal2%27%29%20OR%20%2857%20%3C%3E%2057%29,('trace1' = 'signal2') OR (57 <> 57),comparison_text,1,1.0,1.0,1.0,0.0,T1_static_validated,representation_case,LLM_review_or_future_special_module,Y1_R006_C08_S04,Y1_basic_boolean,T_Y3_URL_FULL,1,1,1
Y3_R006_C08_S05,Y3_encoded_boolean,Y3,%28'signal2'%20=%20'alpha3'%29%20OR%20%2870%20<>%2070%29,('signal2' = 'alpha3') OR (70 <> 70),comparison_text,1,1.0,1.0,1.0,0.0,T1_static_validated,representation_case,LLM_review_or_future_special_module,Y2_R006_C08_S05,Y2_boolean_variation,T_Y3_URL_PARTIAL,1,1,1
Y3_R006_C08_S06,Y3_encoded_boolean,Y3,(%27alpha3%27%20%3D%20%27beta4%27)%20OR%20(83%20%3C%3E%2083),('alpha3' = 'beta4') OR (83 <> 83),comparison_text,1,1.0,1.0,1.0,0.0,T1_static_validated,representation_case,LLM_review_or_future_special_module,Y1_R006_C08_S06,Y1_basic_boolean,T_Y3_OPERATOR_QUOTE_PERCENT,1,1,1
Y3_R006_C09_S01,Y3_encoded_boolean,Y3,%28%28'safe7'%20=%20'safe7'%29%20=%20TRUE%29,(('safe7' = 'safe7') = TRUE),comparison_text,1,1.0,1.0,1.0,0.0,T1_static_validated,representation_case,LLM_review_or_future_special_module,Y2_R006_C09_S01,Y2_boolean_variation,T_Y3_URL_PARTIAL,1,1,1
Y3_R006_C09_S02,Y3_encoded_boolean,Y3,((%27audit8%27%20%3D%20%27audit8%27)%20%3D%20TRUE),(('audit8' = 'audit8') = TRUE),comparison_text,1,1.0,1.0,1.0,0.0,T1_static_validated,representation_case,LLM_review_or_future_special_module,Y1_R006_C09_S02,Y1_basic_boolean,T_Y3_OPERATOR_QUOTE_PERCENT,1,1,1
Y3_R006_C09_S03,Y3_encoded_boolean,Y3,%28%28%27trace0%27%20%3D%20%27trace0%27%29%20%3D%20TRUE%29,(('trace0' = 'trace0') = TRUE),comparison_text,1,1.0,1.0,1.0,0.0,T1_static_validated,representation_case,LLM_review_or_future_special_module,Y1_R006_C09_S03,Y1_basic_boolean,T_Y3_URL_FULL,1,1,1
Y3_R006_C09_S04,Y3_encoded_boolean,Y3,%28%28'signal1'%20=%20'alpha2'%29%20=%20TRUE%29,(('signal1' = 'alpha2') = TRUE),comparison_text,1,1.0,1.0,1.0,0.0,T1_static_validated,representation_case,LLM_review_or_future_special_module,Y2_R006_C09_S04,Y2_boolean_variation,T_Y3_URL_PARTIAL,1,1,1
Y3_R006_C09_S05,Y3_encoded_boolean,Y3,((%27alpha2%27%20%3D%20%27beta3%27)%20%3D%20TRUE),(('alpha2' = 'beta3') = TRUE),comparison_text,1,1.0,1.0,1.0,0.0,T1_static_validated,representation_case,LLM_review_or_future_special_module,Y1_R006_C09_S05,Y1_basic_boolean,T_Y3_OPERATOR_QUOTE_PERCENT,1,1,1
Y3_R006_C09_S06,Y3_encoded_boolean,Y3,%28%28%27beta3%27%20%3D%20%27gamma4%27%29%20%3D%20TRUE%29,(('beta3' = 'gamma4') = TRUE),comparison_text,1,1.0,1.0,1.0,0.0,T1_static_validated,representation_case,LLM_review_or_future_special_module,Y1_R006_C09_S06,Y1_basic_boolean,T_Y3_URL_FULL,1,1,1
Y3_R006_C10_S01,Y3_encoded_boolean,Y3,"COALESCE((%27audit7%27%20%3D%20%27audit7%27),%20FALSE)","COALESCE(('audit7' = 'audit7'), FALSE)",comparison_text,1,1.0,1.0,1.0,0.0,T1_static_validated,representation_case,LLM_review_or_future_special_module,Y1_R006_C10_S01,Y1_basic_boolean,T_Y3_OPERATOR_QUOTE_PERCENT,1,1,1
Y3_R006_C10_S02,Y3_encoded_boolean,Y3,COALESCE%28%28%27trace8%27%20%3D%20%27trace8%27%29%2C%20FALSE%29,"COALESCE(('trace8' = 'trace8'), FALSE)",comparison_text,1,1.0,1.0,1.0,0.0,T1_static_validated,representation_case,LLM_review_or_future_special_module,Y1_R006_C10_S02,Y1_basic_boolean,T_Y3_URL_FULL,1,1,1
Y3_R006_C10_S03,Y3_encoded_boolean,Y3,COALESCE%28%28'signal0'%20=%20'signal0'%29%2C%20FALSE%29,"COALESCE(('signal0' = 'signal0'), FALSE)",comparison_text,1,1.0,1.0,1.0,0.0,T1_static_validated,representation_case,LLM_review_or_future_special_module,Y2_R006_C10_S03,Y2_boolean_variation,T_Y3_URL_PARTIAL,1,1,1
Y3_R006_C10_S04,Y3_encoded_boolean,Y3,"COALESCE((%27alpha1%27%20%3D%20%27beta2%27),%20FALSE)","COALESCE(('alpha1' = 'beta2'), FALSE)",comparison_text,1,1.0,1.0,1.0,0.0,T1_static_validated,representation_case,LLM_review_or_future_special_module,Y1_R006_C10_S04,Y1_basic_boolean,T_Y3_OPERATOR_QUOTE_PERCENT,1,1,1
Y3_R006_C10_S05,Y3_encoded_boolean,Y3,COALESCE%28%28%27beta2%27%20%3D%20%27gamma3%27%29%2C%20FALSE%29,"COALESCE(('beta2' = 'gamma3'), FALSE)",comparison_text,1,1.0,1.0,1.0,0.0,T1_static_validated,representation_case,LLM_review_or_future_special_module,Y1_R006_C10_S05,Y1_basic_boolean,T_Y3_URL_FULL,1,1,1
Y3_R006_C10_S06,Y3_encoded_boolean,Y3,COALESCE%28%28'gamma3'%20=%20'delta4'%29%2C%20FALSE%29,"COALESCE(('gamma3' = 'delta4'), FALSE)",comparison_text,1,1.0,1.0,1.0,0.0,T1_static_validated,representation_case,LLM_review_or_future_special_module,Y2_R006_C10_S06,Y2_boolean_variation,T_Y3_URL_PARTIAL,1,1,1
Y3_R007_C01_S01,Y3_encoded_boolean,Y3,%27stone8%27%20%3C%3E%20%27north0%27,'stone8' <> 'north0',comparison_text,1,1.0,1.0,1.0,0.0,T1_static_validated,representation_case,LLM_review_or_future_special_module,Y1_R007_C01_S01,Y1_basic_boolean,T_Y3_URL_FULL,1,1,1
Y3_R007_C01_S02,Y3_encoded_boolean,Y3,'north0'%20<>%20'south1','north0' <> 'south1',comparison_text,1,1.0,1.0,1.0,0.0,T1_static_validated,representation_case,LLM_review_or_future_special_module,Y2_R007_C01_S02,Y2_boolean_variation,T_Y3_URL_PARTIAL,1,1,1
Y3_R007_C01_S03,Y3_encoded_boolean,Y3,%27south1%27%20%3C%3E%20%27east2%27,'south1' <> 'east2',comparison_text,1,1.0,1.0,1.0,0.0,T1_static_validated,representation_case,LLM_review_or_future_special_module,Y1_R007_C01_S03,Y1_basic_boolean,T_Y3_OPERATOR_QUOTE_PERCENT,1,1,1
Y3_R007_C01_S04,Y3_encoded_boolean,Y3,%27east2%27%20%3C%3E%20%27east2%27,'east2' <> 'east2',comparison_text,1,1.0,1.0,1.0,0.0,T1_static_validated,representation_case,LLM_review_or_future_special_module,Y1_R007_C01_S04,Y1_basic_boolean,T_Y3_URL_FULL,1,1,1
Y3_R007_C01_S05,Y3_encoded_boolean,Y3,'west3'%20<>%20'west3','west3' <> 'west3',comparison_text,1,1.0,1.0,1.0,0.0,T1_static_validated,representation_case,LLM_review_or_future_special_module,Y2_R007_C01_S05,Y2_boolean_variation,T_Y3_URL_PARTIAL,1,1,1
Y3_R007_C01_S06,Y3_encoded_boolean,Y3,%27prime4%27%20%3C%3E%20%27prime4%27,'prime4' <> 'prime4',comparison_text,1,1.0,1.0,1.0,0.0,T1_static_validated,representation_case,LLM_review_or_future_special_module,Y1_R007_C01_S06,Y1_basic_boolean,T_Y3_OPERATOR_QUOTE_PERCENT,1,1,1
Y3_R007_C02_S01,Y3_encoded_boolean,Y3,%28'north8'%20<>%20'south0'%29,('north8' <> 'south0'),comparison_text,1,1.0,1.0,1.0,0.0,T1_static_validated,representation_case,LLM_review_or_future_special_module,Y2_R007_C02_S01,Y2_boolean_variation,T_Y3_URL_PARTIAL,1,1,1
Y3_R007_C02_S02,Y3_encoded_boolean,Y3,(%27south0%27%20%3C%3E%20%27east1%27),('south0' <> 'east1'),comparison_text,1,1.0,1.0,1.0,0.0,T1_static_validated,representation_case,LLM_review_or_future_special_module,Y1_R007_C02_S02,Y1_basic_boolean,T_Y3_OPERATOR_QUOTE_PERCENT,1,1,1
Y3_R007_C02_S03,Y3_encoded_boolean,Y3,%28%27east1%27%20%3C%3E%20%27west2%27%29,('east1' <> 'west2'),comparison_text,1,1.0,1.0,1.0,0.0,T1_static_validated,representation_case,LLM_review_or_future_special_module,Y1_R007_C02_S03,Y1_basic_boolean,T_Y3_URL_FULL,1,1,1
Y3_R007_C02_S04,Y3_encoded_boolean,Y3,%28'west2'%20<>%20'west2'%29,('west2' <> 'west2'),comparison_text,1,1.0,1.0,1.0,0.0,T1_static_validated,representation_case,LLM_review_or_future_special_module,Y2_R007_C02_S04,Y2_boolean_variation,T_Y3_URL_PARTIAL,1,1,1
Y3_R007_C02_S05,Y3_encoded_boolean,Y3,(%27prime3%27%20%3C%3E%20%27prime3%27),('prime3' <> 'prime3'),comparison_text,1,1.0,1.0,1.0,0.0,T1_static_validated,representation_case,LLM_review_or_future_special_module,Y1_R007_C02_S05,Y1_basic_boolean,T_Y3_OPERATOR_QUOTE_PERCENT,1,1,1
Y3_R007_C02_S06,Y3_encoded_boolean,Y3,%28%27core4%27%20%3C%3E%20%27core4%27%29,('core4' <> 'core4'),comparison_text,1,1.0,1.0,1.0,0.0,T1_static_validated,representation_case,LLM_review_or_future_special_module,Y1_R007_C02_S06,Y1_basic_boolean,T_Y3_URL_FULL,1,1,1
Y3_R007_C03_S01,Y3_encoded_boolean,Y3,NOT%20(%27south8%27%20%3C%3E%20%27south8%27),NOT ('south8' <> 'south8'),comparison_text,1,1.0,1.0,1.0,0.0,T1_static_validated,representation_case,LLM_review_or_future_special_module,Y1_R007_C03_S01,Y1_basic_boolean,T_Y3_OPERATOR_QUOTE_PERCENT,1,1,1
Y3_R007_C03_S02,Y3_encoded_boolean,Y3,NOT%20%28%27east0%27%20%3C%3E%20%27east0%27%29,NOT ('east0' <> 'east0'),comparison_text,1,1.0,1.0,1.0,0.0,T1_static_validated,representation_case,LLM_review_or_future_special_module,Y1_R007_C03_S02,Y1_basic_boolean,T_Y3_URL_FULL,1,1,1
Y3_R007_C03_S03,Y3_encoded_boolean,Y3,NOT%20%28'west1'%20<>%20'west1'%29,NOT ('west1' <> 'west1'),comparison_text,1,1.0,1.0,1.0,0.0,T1_static_validated,representation_case,LLM_review_or_future_special_module,Y2_R007_C03_S03,Y2_boolean_variation,T_Y3_URL_PARTIAL,1,1,1
Y3_R007_C03_S04,Y3_encoded_boolean,Y3,NOT%20(%27prime2%27%20%3C%3E%20%27core3%27),NOT ('prime2' <> 'core3'),comparison_text,1,1.0,1.0,1.0,0.0,T1_static_validated,representation_case,LLM_review_or_future_special_module,Y1_R007_C03_S04,Y1_basic_boolean,T_Y3_OPERATOR_QUOTE_PERCENT,1,1,1
Y3_R007_C03_S05,Y3_encoded_boolean,Y3,NOT%20%28%27core3%27%20%3C%3E%20%27safe4%27%29,NOT ('core3' <> 'safe4'),comparison_text,1,1.0,1.0,1.0,0.0,T1_static_validated,representation_case,LLM_review_or_future_special_module,Y1_R007_C03_S05,Y1_basic_boolean,T_Y3_URL_FULL,1,1,1
Y3_R007_C03_S06,Y3_encoded_boolean,Y3,NOT%20%28'safe4'%20<>%20'audit5'%29,NOT ('safe4' <> 'audit5'),comparison_text,1,1.0,1.0,1.0,0.0,T1_static_validated,representation_case,LLM_review_or_future_special_module,Y2_R007_C03_S06,Y2_boolean_variation,T_Y3_URL_PARTIAL,1,1,1
Y3_R007_C04_S01,Y3_encoded_boolean,Y3,%28%27east8%27%20%3C%3E%20%27west0%27%29%20IS%20TRUE,('east8' <> 'west0') IS TRUE,comparison_text,1,1.0,1.0,1.0,0.0,T1_static_validated,representation_case,LLM_review_or_future_special_module,Y1_R007_C04_S01,Y1_basic_boolean,T_Y3_URL_FULL,1,1,1
Y3_R007_C04_S02,Y3_encoded_boolean,Y3,%28'west0'%20<>%20'prime1'%29%20IS%20TRUE,('west0' <> 'prime1') IS TRUE,comparison_text,1,1.0,1.0,1.0,0.0,T1_static_validated,representation_case,LLM_review_or_future_special_module,Y2_R007_C04_S02,Y2_boolean_variation,T_Y3_URL_PARTIAL,1,1,1
Y3_R007_C04_S03,Y3_encoded_boolean,Y3,(%27prime1%27%20%3C%3E%20%27core2%27)%20IS%20TRUE,('prime1' <> 'core2') IS TRUE,comparison_text,1,1.0,1.0,1.0,0.0,T1_static_validated,representation_case,LLM_review_or_future_special_module,Y1_R007_C04_S03,Y1_basic_boolean,T_Y3_OPERATOR_QUOTE_PERCENT,1,1,1
Y3_R007_C04_S04,Y3_encoded_boolean,Y3,%28%27core2%27%20%3C%3E%20%27core2%27%29%20IS%20TRUE,('core2' <> 'core2') IS TRUE,comparison_text,1,1.0,1.0,1.0,0.0,T1_static_validated,representation_case,LLM_review_or_future_special_module,Y1_R007_C04_S04,Y1_basic_boolean,T_Y3_URL_FULL,1,1,1
Y3_R007_C04_S05,Y3_encoded_boolean,Y3,%28'safe3'%20<>%20'safe3'%29%20IS%20TRUE,('safe3' <> 'safe3') IS TRUE,comparison_text,1,1.0,1.0,1.0,0.0,T1_static_validated,representation_case,LLM_review_or_future_special_module,Y2_R007_C04_S05,Y2_boolean_variation,T_Y3_URL_PARTIAL,1,1,1
Y3_R007_C04_S06,Y3_encoded_boolean,Y3,(%27audit4%27%20%3C%3E%20%27audit4%27)%20IS%20TRUE,('audit4' <> 'audit4') IS TRUE,comparison_text,1,1.0,1.0,1.0,0.0,T1_static_validated,representation_case,LLM_review_or_future_special_module,Y1_R007_C04_S06,Y1_basic_boolean,T_Y3_OPERATOR_QUOTE_PERCENT,1,1,1
Y3_R007_C05_S01,Y3_encoded_boolean,Y3,%28'west8'%20<>%20'prime0'%29%20IS%20NOT%20FALSE,('west8' <> 'prime0') IS NOT FALSE,comparison_text,1,1.0,1.0,1.0,0.0,T1_static_validated,representation_case,LLM_review_or_future_special_module,Y2_R007_C05_S01,Y2_boolean_variation,T_Y3_URL_PARTIAL,1,1,1
Y3_R007_C05_S02,Y3_encoded_boolean,Y3,(%27prime0%27%20%3C%3E%20%27core1%27)%20IS%20NOT%20FALSE,('prime0' <> 'core1') IS NOT FALSE,comparison_text,1,1.0,1.0,1.0,0.0,T1_static_validated,representation_case,LLM_review_or_future_special_module,Y1_R007_C05_S02,Y1_basic_boolean,T_Y3_OPERATOR_QUOTE_PERCENT,1,1,1
Y3_R007_C05_S03,Y3_encoded_boolean,Y3,%28%27core1%27%20%3C%3E%20%27safe2%27%29%20IS%20NOT%20FALSE,('core1' <> 'safe2') IS NOT FALSE,comparison_text,1,1.0,1.0,1.0,0.0,T1_static_validated,representation_case,LLM_review_or_future_special_module,Y1_R007_C05_S03,Y1_basic_boolean,T_Y3_URL_FULL,1,1,1
Y3_R007_C05_S04,Y3_encoded_boolean,Y3,%28'safe2'%20<>%20'safe2'%29%20IS%20NOT%20FALSE,('safe2' <> 'safe2') IS NOT FALSE,comparison_text,1,1.0,1.0,1.0,0.0,T1_static_validated,representation_case,LLM_review_or_future_special_module,Y2_R007_C05_S04,Y2_boolean_variation,T_Y3_URL_PARTIAL,1,1,1
Y3_R007_C05_S05,Y3_encoded_boolean,Y3,(%27audit3%27%20%3C%3E%20%27audit3%27)%20IS%20NOT%20FALSE,('audit3' <> 'audit3') IS NOT FALSE,comparison_text,1,1.0,1.0,1.0,0.0,T1_static_validated,representation_case,LLM_review_or_future_special_module,Y1_R007_C05_S05,Y1_basic_boolean,T_Y3_OPERATOR_QUOTE_PERCENT,1,1,1
Y3_R007_C05_S06,Y3_encoded_boolean,Y3,%28%27trace4%27%20%3C%3E%20%27trace4%27%29%20IS%20NOT%20FALSE,('trace4' <> 'trace4') IS NOT FALSE,comparison_text,1,1.0,1.0,1.0,0.0,T1_static_validated,representation_case,LLM_review_or_future_special_module,Y1_R007_C05_S06,Y1_basic_boolean,T_Y3_URL_FULL,1,1,1
Y3_R007_C06_S01,Y3_encoded_boolean,Y3,CASE%20WHEN%20(%27prime8%27%20%3C%3E%20%27core0%27)%20THEN%20TRUE%20ELSE%20FALSE%20END,CASE WHEN ('prime8' <> 'core0') THEN TRUE ELSE FALSE END,comparison_text,1,1.0,1.0,1.0,0.0,T1_static_validated,representation_case,LLM_review_or_future_special_module,Y1_R007_C06_S01,Y1_basic_boolean,T_Y3_OPERATOR_QUOTE_PERCENT,1,1,1
Y3_R007_C06_S02,Y3_encoded_boolean,Y3,CASE%20WHEN%20%28%27core0%27%20%3C%3E%20%27safe1%27%29%20THEN%20TRUE%20ELSE%20FALSE%20END,CASE WHEN ('core0' <> 'safe1') THEN TRUE ELSE FALSE END,comparison_text,1,1.0,1.0,1.0,0.0,T1_static_validated,representation_case,LLM_review_or_future_special_module,Y1_R007_C06_S02,Y1_basic_boolean,T_Y3_URL_FULL,1,1,1
Y3_R007_C06_S03,Y3_encoded_boolean,Y3,CASE%20WHEN%20%28'safe1'%20<>%20'audit2'%29%20THEN%20TRUE%20ELSE%20FALSE%20END,CASE WHEN ('safe1' <> 'audit2') THEN TRUE ELSE FALSE END,comparison_text,1,1.0,1.0,1.0,0.0,T1_static_validated,representation_case,LLM_review_or_future_special_module,Y2_R007_C06_S03,Y2_boolean_variation,T_Y3_URL_PARTIAL,1,1,1
Y3_R007_C06_S04,Y3_encoded_boolean,Y3,CASE%20WHEN%20(%27audit2%27%20%3C%3E%20%27audit2%27)%20THEN%20TRUE%20ELSE%20FALSE%20END,CASE WHEN ('audit2' <> 'audit2') THEN TRUE ELSE FALSE END,comparison_text,1,1.0,1.0,1.0,0.0,T1_static_validated,representation_case,LLM_review_or_future_special_module,Y1_R007_C06_S04,Y1_basic_boolean,T_Y3_OPERATOR_QUOTE_PERCENT,1,1,1
Y3_R007_C06_S05,Y3_encoded_boolean,Y3,CASE%20WHEN%20%28%27trace3%27%20%3C%3E%20%27trace3%27%29%20THEN%20TRUE%20ELSE%20FALSE%20END,CASE WHEN ('trace3' <> 'trace3') THEN TRUE ELSE FALSE END,comparison_text,1,1.0,1.0,1.0,0.0,T1_static_validated,representation_case,LLM_review_or_future_special_module,Y1_R007_C06_S05,Y1_basic_boolean,T_Y3_URL_FULL,1,1,1
Y3_R007_C06_S06,Y3_encoded_boolean,Y3,CASE%20WHEN%20%28'signal4'%20<>%20'signal4'%29%20THEN%20TRUE%20ELSE%20FALSE%20END,CASE WHEN ('signal4' <> 'signal4') THEN TRUE ELSE FALSE END,comparison_text,1,1.0,1.0,1.0,0.0,T1_static_validated,representation_case,LLM_review_or_future_special_module,Y2_R007_C06_S06,Y2_boolean_variation,T_Y3_URL_PARTIAL,1,1,1
Y3_R007_C07_S01,Y3_encoded_boolean,Y3,%28%27core8%27%20%3C%3E%20%27safe0%27%29%20AND%20%2894%20%3D%2094%29,('core8' <> 'safe0') AND (94 = 94),comparison_text,1,1.0,1.0,1.0,0.0,T1_static_validated,representation_case,LLM_review_or_future_special_module,Y1_R007_C07_S01,Y1_basic_boolean,T_Y3_URL_FULL,1,1,1
Y3_R007_C07_S02,Y3_encoded_boolean,Y3,%28'safe0'%20<>%20'audit1'%29%20AND%20%2810%20=%2010%29,('safe0' <> 'audit1') AND (10 = 10),comparison_text,1,1.0,1.0,1.0,0.0,T1_static_validated,representation_case,LLM_review_or_future_special_module,Y2_R007_C07_S02,Y2_boolean_variation,T_Y3_URL_PARTIAL,1,1,1
Y3_R007_C07_S03,Y3_encoded_boolean,Y3,(%27audit1%27%20%3C%3E%20%27trace2%27)%20AND%20(23%20%3D%2023),('audit1' <> 'trace2') AND (23 = 23),comparison_text,1,1.0,1.0,1.0,0.0,T1_static_validated,representation_case,LLM_review_or_future_special_module,Y1_R007_C07_S03,Y1_basic_boolean,T_Y3_OPERATOR_QUOTE_PERCENT,1,1,1
Y3_R007_C07_S04,Y3_encoded_boolean,Y3,%28%27trace2%27%20%3C%3E%20%27trace2%27%29%20AND%20%2836%20%3D%2036%29,('trace2' <> 'trace2') AND (36 = 36),comparison_text,1,1.0,1.0,1.0,0.0,T1_static_validated,representation_case,LLM_review_or_future_special_module,Y1_R007_C07_S04,Y1_basic_boolean,T_Y3_URL_FULL,1,1,1
Y3_R007_C07_S05,Y3_encoded_boolean,Y3,%28'signal3'%20<>%20'signal3'%29%20AND%20%2849%20=%2049%29,('signal3' <> 'signal3') AND (49 = 49),comparison_text,1,1.0,1.0,1.0,0.0,T1_static_validated,representation_case,LLM_review_or_future_special_module,Y2_R007_C07_S05,Y2_boolean_variation,T_Y3_URL_PARTIAL,1,1,1
Y3_R007_C07_S06,Y3_encoded_boolean,Y3,(%27alpha4%27%20%3C%3E%20%27alpha4%27)%20AND%20(62%20%3D%2062),('alpha4' <> 'alpha4') AND (62 = 62),comparison_text,1,1.0,1.0,1.0,0.0,T1_static_validated,representation_case,LLM_review_or_future_special_module,Y1_R007_C07_S06,Y1_basic_boolean,T_Y3_OPERATOR_QUOTE_PERCENT,1,1,1
Y3_R007_C08_S01,Y3_encoded_boolean,Y3,%28'safe8'%20<>%20'audit0'%29%20OR%20%2825%20<>%2025%29,('safe8' <> 'audit0') OR (25 <> 25),comparison_text,1,1.0,1.0,1.0,0.0,T1_static_validated,representation_case,LLM_review_or_future_special_module,Y2_R007_C08_S01,Y2_boolean_variation,T_Y3_URL_PARTIAL,1,1,1
Y3_R007_C08_S02,Y3_encoded_boolean,Y3,(%27audit0%27%20%3C%3E%20%27trace1%27)%20OR%20(38%20%3C%3E%2038),('audit0' <> 'trace1') OR (38 <> 38),comparison_text,1,1.0,1.0,1.0,0.0,T1_static_validated,representation_case,LLM_review_or_future_special_module,Y1_R007_C08_S02,Y1_basic_boolean,T_Y3_OPERATOR_QUOTE_PERCENT,1,1,1
Y3_R007_C08_S03,Y3_encoded_boolean,Y3,%28%27trace1%27%20%3C%3E%20%27signal2%27%29%20OR%20%2851%20%3C%3E%2051%29,('trace1' <> 'signal2') OR (51 <> 51),comparison_text,1,1.0,1.0,1.0,0.0,T1_static_validated,representation_case,LLM_review_or_future_special_module,Y1_R007_C08_S03,Y1_basic_boolean,T_Y3_URL_FULL,1,1,1
Y3_R007_C08_S04,Y3_encoded_boolean,Y3,%28'signal2'%20<>%20'signal2'%29%20OR%20%2864%20<>%2064%29,('signal2' <> 'signal2') OR (64 <> 64),comparison_text,1,1.0,1.0,1.0,0.0,T1_static_validated,representation_case,LLM_review_or_future_special_module,Y2_R007_C08_S04,Y2_boolean_variation,T_Y3_URL_PARTIAL,1,1,1
Y3_R007_C08_S05,Y3_encoded_boolean,Y3,(%27alpha3%27%20%3C%3E%20%27alpha3%27)%20OR%20(77%20%3C%3E%2077),('alpha3' <> 'alpha3') OR (77 <> 77),comparison_text,1,1.0,1.0,1.0,0.0,T1_static_validated,representation_case,LLM_review_or_future_special_module,Y1_R007_C08_S05,Y1_basic_boolean,T_Y3_OPERATOR_QUOTE_PERCENT,1,1,1
Y3_R007_C08_S06,Y3_encoded_boolean,Y3,%28%27beta4%27%20%3C%3E%20%27beta4%27%29%20OR%20%2890%20%3C%3E%2090%29,('beta4' <> 'beta4') OR (90 <> 90),comparison_text,1,1.0,1.0,1.0,0.0,T1_static_validated,representation_case,LLM_review_or_future_special_module,Y1_R007_C08_S06,Y1_basic_boolean,T_Y3_URL_FULL,1,1,1
Y3_R007_C09_S01,Y3_encoded_boolean,Y3,((%27audit8%27%20%3C%3E%20%27trace0%27)%20%3D%20TRUE),(('audit8' <> 'trace0') = TRUE),comparison_text,1,1.0,1.0,1.0,0.0,T1_static_validated,representation_case,LLM_review_or_future_special_module,Y1_R007_C09_S01,Y1_basic_boolean,T_Y3_OPERATOR_QUOTE_PERCENT,1,1,1
Y3_R007_C09_S02,Y3_encoded_boolean,Y3,%28%28%27trace0%27%20%3C%3E%20%27signal1%27%29%20%3D%20TRUE%29,(('trace0' <> 'signal1') = TRUE),comparison_text,1,1.0,1.0,1.0,0.0,T1_static_validated,representation_case,LLM_review_or_future_special_module,Y1_R007_C09_S02,Y1_basic_boolean,T_Y3_URL_FULL,1,1,1
Y3_R007_C09_S03,Y3_encoded_boolean,Y3,%28%28'signal1'%20<>%20'alpha2'%29%20=%20TRUE%29,(('signal1' <> 'alpha2') = TRUE),comparison_text,1,1.0,1.0,1.0,0.0,T1_static_validated,representation_case,LLM_review_or_future_special_module,Y2_R007_C09_S03,Y2_boolean_variation,T_Y3_URL_PARTIAL,1,1,1
Y3_R007_C09_S04,Y3_encoded_boolean,Y3,((%27alpha2%27%20%3C%3E%20%27alpha2%27)%20%3D%20TRUE),(('alpha2' <> 'alpha2') = TRUE),comparison_text,1,1.0,1.0,1.0,0.0,T1_static_validated,representation_case,LLM_review_or_future_special_module,Y1_R007_C09_S04,Y1_basic_boolean,T_Y3_OPERATOR_QUOTE_PERCENT,1,1,1
Y3_R007_C09_S05,Y3_encoded_boolean,Y3,%28%28%27beta3%27%20%3C%3E%20%27beta3%27%29%20%3D%20TRUE%29,(('beta3' <> 'beta3') = TRUE),comparison_text,1,1.0,1.0,1.0,0.0,T1_static_validated,representation_case,LLM_review_or_future_special_module,Y1_R007_C09_S05,Y1_basic_boolean,T_Y3_URL_FULL,1,1,1
Y3_R007_C09_S06,Y3_encoded_boolean,Y3,%28%28'gamma4'%20<>%20'gamma4'%29%20=%20TRUE%29,(('gamma4' <> 'gamma4') = TRUE),comparison_text,1,1.0,1.0,1.0,0.0,T1_static_validated,representation_case,LLM_review_or_future_special_module,Y2_R007_C09_S06,Y2_boolean_variation,T_Y3_URL_PARTIAL,1,1,1
Y3_R007_C10_S01,Y3_encoded_boolean,Y3,COALESCE%28%28%27trace8%27%20%3C%3E%20%27signal0%27%29%2C%20FALSE%29,"COALESCE(('trace8' <> 'signal0'), FALSE)",comparison_text,1,1.0,1.0,1.0,0.0,T1_static_validated,representation_case,LLM_review_or_future_special_module,Y1_R007_C10_S01,Y1_basic_boolean,T_Y3_URL_FULL,1,1,1
Y3_R007_C10_S02,Y3_encoded_boolean,Y3,COALESCE%28%28'signal0'%20<>%20'alpha1'%29%2C%20FALSE%29,"COALESCE(('signal0' <> 'alpha1'), FALSE)",comparison_text,1,1.0,1.0,1.0,0.0,T1_static_validated,representation_case,LLM_review_or_future_special_module,Y2_R007_C10_S02,Y2_boolean_variation,T_Y3_URL_PARTIAL,1,1,1
Y3_R007_C10_S03,Y3_encoded_boolean,Y3,"COALESCE((%27alpha1%27%20%3C%3E%20%27beta2%27),%20FALSE)","COALESCE(('alpha1' <> 'beta2'), FALSE)",comparison_text,1,1.0,1.0,1.0,0.0,T1_static_validated,representation_case,LLM_review_or_future_special_module,Y1_R007_C10_S03,Y1_basic_boolean,T_Y3_OPERATOR_QUOTE_PERCENT,1,1,1
Y3_R007_C10_S04,Y3_encoded_boolean,Y3,COALESCE%28%28%27beta2%27%20%3C%3E%20%27beta2%27%29%2C%20FALSE%29,"COALESCE(('beta2' <> 'beta2'), FALSE)",comparison_text,1,1.0,1.0,1.0,0.0,T1_static_validated,representation_case,LLM_review_or_future_special_module,Y1_R007_C10_S04,Y1_basic_boolean,T_Y3_URL_FULL,1,1,1
Y3_R007_C10_S05,Y3_encoded_boolean,Y3,COALESCE%28%28'gamma3'%20<>%20'gamma3'%29%2C%20FALSE%29,"COALESCE(('gamma3' <> 'gamma3'), FALSE)",comparison_text,1,1.0,1.0,1.0,0.0,T1_static_validated,representation_case,LLM_review_or_future_special_module,Y2_R007_C10_S05,Y2_boolean_variation,T_Y3_URL_PARTIAL,1,1,1
Y3_R007_C10_S06,Y3_encoded_boolean,Y3,"COALESCE((%27delta4%27%20%3C%3E%20%27delta4%27),%20FALSE)","COALESCE(('delta4' <> 'delta4'), FALSE)",comparison_text,1,1.0,1.0,1.0,0.0,T1_static_validated,representation_case,LLM_review_or_future_special_module,Y1_R007_C10_S06,Y1_basic_boolean,T_Y3_OPERATOR_QUOTE_PERCENT,1,1,1
Y3_R008_C01_S01,Y3_encoded_boolean,Y3,lower%28'NORTH0'%29%20=%20'north0',lower('NORTH0') = 'north0',comparison_text,1,1.0,1.0,1.0,0.0,T1_static_validated,representation_case,LLM_review_or_future_special_module,Y2_R008_C01_S01,Y2_boolean_variation,T_Y3_URL_PARTIAL,1,1,1
Y3_R008_C01_S02,Y3_encoded_boolean,Y3,lower(%27SOUTH1%27)%20%3D%20%27south1%27,lower('SOUTH1') = 'south1',comparison_text,1,1.0,1.0,1.0,0.0,T1_static_validated,representation_case,LLM_review_or_future_special_module,Y1_R008_C01_S02,Y1_basic_boolean,T_Y3_OPERATOR_QUOTE_PERCENT,1,1,1
Y3_R008_C01_S03,Y3_encoded_boolean,Y3,lower%28%27EAST2%27%29%20%3D%20%27east2%27,lower('EAST2') = 'east2',comparison_text,1,1.0,1.0,1.0,0.0,T1_static_validated,representation_case,LLM_review_or_future_special_module,Y1_R008_C01_S03,Y1_basic_boolean,T_Y3_URL_FULL,1,1,1
Y3_R008_C01_S04,Y3_encoded_boolean,Y3,lower%28'WEST3'%29%20=%20'prime4',lower('WEST3') = 'prime4',comparison_text,1,1.0,1.0,1.0,0.0,T1_static_validated,representation_case,LLM_review_or_future_special_module,Y2_R008_C01_S04,Y2_boolean_variation,T_Y3_URL_PARTIAL,1,1,1
Y3_R008_C01_S05,Y3_encoded_boolean,Y3,lower(%27PRIME4%27)%20%3D%20%27core5%27,lower('PRIME4') = 'core5',comparison_text,1,1.0,1.0,1.0,0.0,T1_static_validated,representation_case,LLM_review_or_future_special_module,Y1_R008_C01_S05,Y1_basic_boolean,T_Y3_OPERATOR_QUOTE_PERCENT,1,1,1
Y3_R008_C01_S06,Y3_encoded_boolean,Y3,lower%28%27CORE5%27%29%20%3D%20%27safe6%27,lower('CORE5') = 'safe6',comparison_text,1,1.0,1.0,1.0,0.0,T1_static_validated,representation_case,LLM_review_or_future_special_module,Y1_R008_C01_S06,Y1_basic_boolean,T_Y3_URL_FULL,1,1,1
Y3_R008_C02_S01,Y3_encoded_boolean,Y3,(lower(%27SOUTH0%27)%20%3D%20%27south0%27),(lower('SOUTH0') = 'south0'),comparison_text,1,1.0,1.0,1.0,0.0,T1_static_validated,representation_case,LLM_review_or_future_special_module,Y1_R008_C02_S01,Y1_basic_boolean,T_Y3_OPERATOR_QUOTE_PERCENT,1,1,1
Y3_R008_C02_S02,Y3_encoded_boolean,Y3,%28lower%28%27EAST1%27%29%20%3D%20%27east1%27%29,(lower('EAST1') = 'east1'),comparison_text,1,1.0,1.0,1.0,0.0,T1_static_validated,representation_case,LLM_review_or_future_special_module,Y1_R008_C02_S02,Y1_basic_boolean,T_Y3_URL_FULL,1,1,1
Y3_R008_C02_S03,Y3_encoded_boolean,Y3,%28lower%28'WEST2'%29%20=%20'west2'%29,(lower('WEST2') = 'west2'),comparison_text,1,1.0,1.0,1.0,0.0,T1_static_validated,representation_case,LLM_review_or_future_special_module,Y2_R008_C02_S03,Y2_boolean_variation,T_Y3_URL_PARTIAL,1,1,1
Y3_R008_C02_S04,Y3_encoded_boolean,Y3,(lower(%27PRIME3%27)%20%3D%20%27core4%27),(lower('PRIME3') = 'core4'),comparison_text,1,1.0,1.0,1.0,0.0,T1_static_validated,representation_case,LLM_review_or_future_special_module,Y1_R008_C02_S04,Y1_basic_boolean,T_Y3_OPERATOR_QUOTE_PERCENT,1,1,1
Y3_R008_C02_S05,Y3_encoded_boolean,Y3,%28lower%28%27CORE4%27%29%20%3D%20%27safe5%27%29,(lower('CORE4') = 'safe5'),comparison_text,1,1.0,1.0,1.0,0.0,T1_static_validated,representation_case,LLM_review_or_future_special_module,Y1_R008_C02_S05,Y1_basic_boolean,T_Y3_URL_FULL,1,1,1
Y3_R008_C02_S06,Y3_encoded_boolean,Y3,%28lower%28'SAFE5'%29%20=%20'audit6'%29,(lower('SAFE5') = 'audit6'),comparison_text,1,1.0,1.0,1.0,0.0,T1_static_validated,representation_case,LLM_review_or_future_special_module,Y2_R008_C02_S06,Y2_boolean_variation,T_Y3_URL_PARTIAL,1,1,1
Y3_R008_C03_S01,Y3_encoded_boolean,Y3,NOT%20%28lower%28%27EAST0%27%29%20%3D%20%27west1%27%29,NOT (lower('EAST0') = 'west1'),comparison_text,1,1.0,1.0,1.0,0.0,T1_static_validated,representation_case,LLM_review_or_future_special_module,Y1_R008_C03_S01,Y1_basic_boolean,T_Y3_URL_FULL,1,1,1
Y3_R008_C03_S02,Y3_encoded_boolean,Y3,NOT%20%28lower%28'WEST1'%29%20=%20'prime2'%29,NOT (lower('WEST1') = 'prime2'),comparison_text,1,1.0,1.0,1.0,0.0,T1_static_validated,representation_case,LLM_review_or_future_special_module,Y2_R008_C03_S02,Y2_boolean_variation,T_Y3_URL_PARTIAL,1,1,1
Y3_R008_C03_S03,Y3_encoded_boolean,Y3,NOT%20(lower(%27PRIME2%27)%20%3D%20%27core3%27),NOT (lower('PRIME2') = 'core3'),comparison_text,1,1.0,1.0,1.0,0.0,T1_static_validated,representation_case,LLM_review_or_future_special_module,Y1_R008_C03_S03,Y1_basic_boolean,T_Y3_OPERATOR_QUOTE_PERCENT,1,1,1
Y3_R008_C03_S04,Y3_encoded_boolean,Y3,NOT%20%28lower%28%27CORE3%27%29%20%3D%20%27core3%27%29,NOT (lower('CORE3') = 'core3'),comparison_text,1,1.0,1.0,1.0,0.0,T1_static_validated,representation_case,LLM_review_or_future_special_module,Y1_R008_C03_S04,Y1_basic_boolean,T_Y3_URL_FULL,1,1,1
Y3_R008_C03_S05,Y3_encoded_boolean,Y3,NOT%20%28lower%28'SAFE4'%29%20=%20'safe4'%29,NOT (lower('SAFE4') = 'safe4'),comparison_text,1,1.0,1.0,1.0,0.0,T1_static_validated,representation_case,LLM_review_or_future_special_module,Y2_R008_C03_S05,Y2_boolean_variation,T_Y3_URL_PARTIAL,1,1,1
Y3_R008_C03_S06,Y3_encoded_boolean,Y3,NOT%20(lower(%27AUDIT5%27)%20%3D%20%27audit5%27),NOT (lower('AUDIT5') = 'audit5'),comparison_text,1,1.0,1.0,1.0,0.0,T1_static_validated,representation_case,LLM_review_or_future_special_module,Y1_R008_C03_S06,Y1_basic_boolean,T_Y3_OPERATOR_QUOTE_PERCENT,1,1,1
Y3_R008_C04_S01,Y3_encoded_boolean,Y3,%28lower%28'WEST0'%29%20=%20'west0'%29%20IS%20TRUE,(lower('WEST0') = 'west0') IS TRUE,comparison_text,1,1.0,1.0,1.0,0.0,T1_static_validated,representation_case,LLM_review_or_future_special_module,Y2_R008_C04_S01,Y2_boolean_variation,T_Y3_URL_PARTIAL,1,1,1
Y3_R008_C04_S02,Y3_encoded_boolean,Y3,(lower(%27PRIME1%27)%20%3D%20%27prime1%27)%20IS%20TRUE,(lower('PRIME1') = 'prime1') IS TRUE,comparison_text,1,1.0,1.0,1.0,0.0,T1_static_validated,representation_case,LLM_review_or_future_special_module,Y1_R008_C04_S02,Y1_basic_boolean,T_Y3_OPERATOR_QUOTE_PERCENT,1,1,1
Y3_R008_C04_S03,Y3_encoded_boolean,Y3,%28lower%28%27CORE2%27%29%20%3D%20%27core2%27%29%20IS%20TRUE,(lower('CORE2') = 'core2') IS TRUE,comparison_text,1,1.0,1.0,1.0,0.0,T1_static_validated,representation_case,LLM_review_or_future_special_module,Y1_R008_C04_S03,Y1_basic_boolean,T_Y3_URL_FULL,1,1,1
Y3_R008_C04_S04,Y3_encoded_boolean,Y3,%28lower%28'SAFE3'%29%20=%20'audit4'%29%20IS%20TRUE,(lower('SAFE3') = 'audit4') IS TRUE,comparison_text,1,1.0,1.0,1.0,0.0,T1_static_validated,representation_case,LLM_review_or_future_special_module,Y2_R008_C04_S04,Y2_boolean_variation,T_Y3_URL_PARTIAL,1,1,1
Y3_R008_C04_S05,Y3_encoded_boolean,Y3,(lower(%27AUDIT4%27)%20%3D%20%27trace5%27)%20IS%20TRUE,(lower('AUDIT4') = 'trace5') IS TRUE,comparison_text,1,1.0,1.0,1.0,0.0,T1_static_validated,representation_case,LLM_review_or_future_special_module,Y1_R008_C04_S05,Y1_basic_boolean,T_Y3_OPERATOR_QUOTE_PERCENT,1,1,1
Y3_R008_C04_S06,Y3_encoded_boolean,Y3,%28lower%28%27TRACE5%27%29%20%3D%20%27signal6%27%29%20IS%20TRUE,(lower('TRACE5') = 'signal6') IS TRUE,comparison_text,1,1.0,1.0,1.0,0.0,T1_static_validated,representation_case,LLM_review_or_future_special_module,Y1_R008_C04_S06,Y1_basic_boolean,T_Y3_URL_FULL,1,1,1
Y3_R008_C05_S01,Y3_encoded_boolean,Y3,(lower(%27PRIME0%27)%20%3D%20%27prime0%27)%20IS%20NOT%20FALSE,(lower('PRIME0') = 'prime0') IS NOT FALSE,comparison_text,1,1.0,1.0,1.0,0.0,T1_static_validated,representation_case,LLM_review_or_future_special_module,Y1_R008_C05_S01,Y1_basic_boolean,T_Y3_OPERATOR_QUOTE_PERCENT,1,1,1
Y3_R008_C05_S02,Y3_encoded_boolean,Y3,%28lower%28%27CORE1%27%29%20%3D%20%27core1%27%29%20IS%20NOT%20FALSE,(lower('CORE1') = 'core1') IS NOT FALSE,comparison_text,1,1.0,1.0,1.0,0.0,T1_static_validated,representation_case,LLM_review_or_future_special_module,Y1_R008_C05_S02,Y1_basic_boolean,T_Y3_URL_FULL,1,1,1
Y3_R008_C05_S03,Y3_encoded_boolean,Y3,%28lower%28'SAFE2'%29%20=%20'safe2'%29%20IS%20NOT%20FALSE,(lower('SAFE2') = 'safe2') IS NOT FALSE,comparison_text,1,1.0,1.0,1.0,0.0,T1_static_validated,representation_case,LLM_review_or_future_special_module,Y2_R008_C05_S03,Y2_boolean_variation,T_Y3_URL_PARTIAL,1,1,1
Y3_R008_C05_S04,Y3_encoded_boolean,Y3,(lower(%27AUDIT3%27)%20%3D%20%27trace4%27)%20IS%20NOT%20FALSE,(lower('AUDIT3') = 'trace4') IS NOT FALSE,comparison_text,1,1.0,1.0,1.0,0.0,T1_static_validated,representation_case,LLM_review_or_future_special_module,Y1_R008_C05_S04,Y1_basic_boolean,T_Y3_OPERATOR_QUOTE_PERCENT,1,1,1
Y3_R008_C05_S05,Y3_encoded_boolean,Y3,%28lower%28%27TRACE4%27%29%20%3D%20%27signal5%27%29%20IS%20NOT%20FALSE,(lower('TRACE4') = 'signal5') IS NOT FALSE,comparison_text,1,1.0,1.0,1.0,0.0,T1_static_validated,representation_case,LLM_review_or_future_special_module,Y1_R008_C05_S05,Y1_basic_boolean,T_Y3_URL_FULL,1,1,1
Y3_R008_C05_S06,Y3_encoded_boolean,Y3,%28lower%28'SIGNAL5'%29%20=%20'alpha6'%29%20IS%20NOT%20FALSE,(lower('SIGNAL5') = 'alpha6') IS NOT FALSE,comparison_text,1,1.0,1.0,1.0,0.0,T1_static_validated,representation_case,LLM_review_or_future_special_module,Y2_R008_C05_S06,Y2_boolean_variation,T_Y3_URL_PARTIAL,1,1,1
Y3_R008_C06_S01,Y3_encoded_boolean,Y3,CASE%20WHEN%20%28lower%28%27CORE0%27%29%20%3D%20%27core0%27%29%20THEN%20TRUE%20ELSE%20FALSE%20END,CASE WHEN (lower('CORE0') = 'core0') THEN TRUE ELSE FALSE END,comparison_text,1,1.0,1.0,1.0,0.0,T1_static_validated,representation_case,LLM_review_or_future_special_module,Y1_R008_C06_S01,Y1_basic_boolean,T_Y3_URL_FULL,1,1,1
Y3_R008_C06_S02,Y3_encoded_boolean,Y3,CASE%20WHEN%20%28lower%28'SAFE1'%29%20=%20'safe1'%29%20THEN%20TRUE%20ELSE%20FALSE%20END,CASE WHEN (lower('SAFE1') = 'safe1') THEN TRUE ELSE FALSE END,comparison_text,1,1.0,1.0,1.0,0.0,T1_static_validated,representation_case,LLM_review_or_future_special_module,Y2_R008_C06_S02,Y2_boolean_variation,T_Y3_URL_PARTIAL,1,1,1
Y3_R008_C06_S03,Y3_encoded_boolean,Y3,CASE%20WHEN%20(lower(%27AUDIT2%27)%20%3D%20%27audit2%27)%20THEN%20TRUE%20ELSE%20FALSE%20END,CASE WHEN (lower('AUDIT2') = 'audit2') THEN TRUE ELSE FALSE END,comparison_text,1,1.0,1.0,1.0,0.0,T1_static_validated,representation_case,LLM_review_or_future_special_module,Y1_R008_C06_S03,Y1_basic_boolean,T_Y3_OPERATOR_QUOTE_PERCENT,1,1,1
Y3_R008_C06_S04,Y3_encoded_boolean,Y3,CASE%20WHEN%20%28lower%28%27TRACE3%27%29%20%3D%20%27signal4%27%29%20THEN%20TRUE%20ELSE%20FALSE%20END,CASE WHEN (lower('TRACE3') = 'signal4') THEN TRUE ELSE FALSE END,comparison_text,1,1.0,1.0,1.0,0.0,T1_static_validated,representation_case,LLM_review_or_future_special_module,Y1_R008_C06_S04,Y1_basic_boolean,T_Y3_URL_FULL,1,1,1
Y3_R008_C06_S05,Y3_encoded_boolean,Y3,CASE%20WHEN%20%28lower%28'SIGNAL4'%29%20=%20'alpha5'%29%20THEN%20TRUE%20ELSE%20FALSE%20END,CASE WHEN (lower('SIGNAL4') = 'alpha5') THEN TRUE ELSE FALSE END,comparison_text,1,1.0,1.0,1.0,0.0,T1_static_validated,representation_case,LLM_review_or_future_special_module,Y2_R008_C06_S05,Y2_boolean_variation,T_Y3_URL_PARTIAL,1,1,1
Y3_R008_C06_S06,Y3_encoded_boolean,Y3,CASE%20WHEN%20(lower(%27ALPHA5%27)%20%3D%20%27beta6%27)%20THEN%20TRUE%20ELSE%20FALSE%20END,CASE WHEN (lower('ALPHA5') = 'beta6') THEN TRUE ELSE FALSE END,comparison_text,1,1.0,1.0,1.0,0.0,T1_static_validated,representation_case,LLM_review_or_future_special_module,Y1_R008_C06_S06,Y1_basic_boolean,T_Y3_OPERATOR_QUOTE_PERCENT,1,1,1
Y3_R008_C07_S01,Y3_encoded_boolean,Y3,%28lower%28'SAFE0'%29%20=%20'safe0'%29%20AND%20%284%20=%204%29,(lower('SAFE0') = 'safe0') AND (4 = 4),comparison_text,1,1.0,1.0,1.0,0.0,T1_static_validated,representation_case,LLM_review_or_future_special_module,Y2_R008_C07_S01,Y2_boolean_variation,T_Y3_URL_PARTIAL,1,1,1
Y3_R008_C07_S02,Y3_encoded_boolean,Y3,(lower(%27AUDIT1%27)%20%3D%20%27audit1%27)%20AND%20(17%20%3D%2017),(lower('AUDIT1') = 'audit1') AND (17 = 17),comparison_text,1,1.0,1.0,1.0,0.0,T1_static_validated,representation_case,LLM_review_or_future_special_module,Y1_R008_C07_S02,Y1_basic_boolean,T_Y3_OPERATOR_QUOTE_PERCENT,1,1,1
Y3_R008_C07_S03,Y3_encoded_boolean,Y3,%28lower%28%27TRACE2%27%29%20%3D%20%27trace2%27%29%20AND%20%2830%20%3D%2030%29,(lower('TRACE2') = 'trace2') AND (30 = 30),comparison_text,1,1.0,1.0,1.0,0.0,T1_static_validated,representation_case,LLM_review_or_future_special_module,Y1_R008_C07_S03,Y1_basic_boolean,T_Y3_URL_FULL,1,1,1
Y3_R008_C07_S04,Y3_encoded_boolean,Y3,%28lower%28'SIGNAL3'%29%20=%20'alpha4'%29%20AND%20%2843%20=%2043%29,(lower('SIGNAL3') = 'alpha4') AND (43 = 43),comparison_text,1,1.0,1.0,1.0,0.0,T1_static_validated,representation_case,LLM_review_or_future_special_module,Y2_R008_C07_S04,Y2_boolean_variation,T_Y3_URL_PARTIAL,1,1,1
Y3_R008_C07_S05,Y3_encoded_boolean,Y3,(lower(%27ALPHA4%27)%20%3D%20%27beta5%27)%20AND%20(56%20%3D%2056),(lower('ALPHA4') = 'beta5') AND (56 = 56),comparison_text,1,1.0,1.0,1.0,0.0,T1_static_validated,representation_case,LLM_review_or_future_special_module,Y1_R008_C07_S05,Y1_basic_boolean,T_Y3_OPERATOR_QUOTE_PERCENT,1,1,1
Y3_R008_C07_S06,Y3_encoded_boolean,Y3,%28lower%28%27BETA5%27%29%20%3D%20%27gamma6%27%29%20AND%20%2869%20%3D%2069%29,(lower('BETA5') = 'gamma6') AND (69 = 69),comparison_text,1,1.0,1.0,1.0,0.0,T1_static_validated,representation_case,LLM_review_or_future_special_module,Y1_R008_C07_S06,Y1_basic_boolean,T_Y3_URL_FULL,1,1,1
Y3_R008_C08_S01,Y3_encoded_boolean,Y3,(lower(%27AUDIT0%27)%20%3D%20%27audit0%27)%20OR%20(32%20%3C%3E%2032),(lower('AUDIT0') = 'audit0') OR (32 <> 32),comparison_text,1,1.0,1.0,1.0,0.0,T1_static_validated,representation_case,LLM_review_or_future_special_module,Y1_R008_C08_S01,Y1_basic_boolean,T_Y3_OPERATOR_QUOTE_PERCENT,1,1,1
Y3_R008_C08_S02,Y3_encoded_boolean,Y3,%28lower%28%27TRACE1%27%29%20%3D%20%27trace1%27%29%20OR%20%2845%20%3C%3E%2045%29,(lower('TRACE1') = 'trace1') OR (45 <> 45),comparison_text,1,1.0,1.0,1.0,0.0,T1_static_validated,representation_case,LLM_review_or_future_special_module,Y1_R008_C08_S02,Y1_basic_boolean,T_Y3_URL_FULL,1,1,1
Y3_R008_C08_S03,Y3_encoded_boolean,Y3,%28lower%28'SIGNAL2'%29%20=%20'signal2'%29%20OR%20%2858%20<>%2058%29,(lower('SIGNAL2') = 'signal2') OR (58 <> 58),comparison_text,1,1.0,1.0,1.0,0.0,T1_static_validated,representation_case,LLM_review_or_future_special_module,Y2_R008_C08_S03,Y2_boolean_variation,T_Y3_URL_PARTIAL,1,1,1
Y3_R008_C08_S04,Y3_encoded_boolean,Y3,(lower(%27ALPHA3%27)%20%3D%20%27beta4%27)%20OR%20(71%20%3C%3E%2071),(lower('ALPHA3') = 'beta4') OR (71 <> 71),comparison_text,1,1.0,1.0,1.0,0.0,T1_static_validated,representation_case,LLM_review_or_future_special_module,Y1_R008_C08_S04,Y1_basic_boolean,T_Y3_OPERATOR_QUOTE_PERCENT,1,1,1
Y3_R008_C08_S05,Y3_encoded_boolean,Y3,%28lower%28%27BETA4%27%29%20%3D%20%27gamma5%27%29%20OR%20%2884%20%3C%3E%2084%29,(lower('BETA4') = 'gamma5') OR (84 <> 84),comparison_text,1,1.0,1.0,1.0,0.0,T1_static_validated,representation_case,LLM_review_or_future_special_module,Y1_R008_C08_S05,Y1_basic_boolean,T_Y3_URL_FULL,1,1,1
Y3_R008_C08_S06,Y3_encoded_boolean,Y3,%28lower%28'GAMMA5'%29%20=%20'delta6'%29%20OR%20%2897%20<>%2097%29,(lower('GAMMA5') = 'delta6') OR (97 <> 97),comparison_text,1,1.0,1.0,1.0,0.0,T1_static_validated,representation_case,LLM_review_or_future_special_module,Y2_R008_C08_S06,Y2_boolean_variation,T_Y3_URL_PARTIAL,1,1,1
Y3_R008_C09_S01,Y3_encoded_boolean,Y3,%28%28lower%28%27TRACE0%27%29%20%3D%20%27trace0%27%29%20%3D%20TRUE%29,((lower('TRACE0') = 'trace0') = TRUE),comparison_text,1,1.0,1.0,1.0,0.0,T1_static_validated,representation_case,LLM_review_or_future_special_module,Y1_R008_C09_S01,Y1_basic_boolean,T_Y3_URL_FULL,1,1,1
Y3_R008_C09_S02,Y3_encoded_boolean,Y3,%28%28lower%28'SIGNAL1'%29%20=%20'signal1'%29%20=%20TRUE%29,((lower('SIGNAL1') = 'signal1') = TRUE),comparison_text,1,1.0,1.0,1.0,0.0,T1_static_validated,representation_case,LLM_review_or_future_special_module,Y2_R008_C09_S02,Y2_boolean_variation,T_Y3_URL_PARTIAL,1,1,1
Y3_R008_C09_S03,Y3_encoded_boolean,Y3,((lower(%27ALPHA2%27)%20%3D%20%27alpha2%27)%20%3D%20TRUE),((lower('ALPHA2') = 'alpha2') = TRUE),comparison_text,1,1.0,1.0,1.0,0.0,T1_static_validated,representation_case,LLM_review_or_future_special_module,Y1_R008_C09_S03,Y1_basic_boolean,T_Y3_OPERATOR_QUOTE_PERCENT,1,1,1
Y3_R008_C09_S04,Y3_encoded_boolean,Y3,%28%28lower%28%27BETA3%27%29%20%3D%20%27gamma4%27%29%20%3D%20TRUE%29,((lower('BETA3') = 'gamma4') = TRUE),comparison_text,1,1.0,1.0,1.0,0.0,T1_static_validated,representation_case,LLM_review_or_future_special_module,Y1_R008_C09_S04,Y1_basic_boolean,T_Y3_URL_FULL,1,1,1
Y3_R008_C09_S05,Y3_encoded_boolean,Y3,%28%28lower%28'GAMMA4'%29%20=%20'delta5'%29%20=%20TRUE%29,((lower('GAMMA4') = 'delta5') = TRUE),comparison_text,1,1.0,1.0,1.0,0.0,T1_static_validated,representation_case,LLM_review_or_future_special_module,Y2_R008_C09_S05,Y2_boolean_variation,T_Y3_URL_PARTIAL,1,1,1
Y3_R008_C09_S06,Y3_encoded_boolean,Y3,((lower(%27DELTA5%27)%20%3D%20%27omega6%27)%20%3D%20TRUE),((lower('DELTA5') = 'omega6') = TRUE),comparison_text,1,1.0,1.0,1.0,0.0,T1_static_validated,representation_case,LLM_review_or_future_special_module,Y1_R008_C09_S06,Y1_basic_boolean,T_Y3_OPERATOR_QUOTE_PERCENT,1,1,1
Y3_R008_C10_S01,Y3_encoded_boolean,Y3,COALESCE%28%28lower%28'SIGNAL0'%29%20=%20'signal0'%29%2C%20FALSE%29,"COALESCE((lower('SIGNAL0') = 'signal0'), FALSE)",comparison_text,1,1.0,1.0,1.0,0.0,T1_static_validated,representation_case,LLM_review_or_future_special_module,Y2_R008_C10_S01,Y2_boolean_variation,T_Y3_URL_PARTIAL,1,1,1
Y3_R008_C10_S02,Y3_encoded_boolean,Y3,"COALESCE((lower(%27ALPHA1%27)%20%3D%20%27alpha1%27),%20FALSE)","COALESCE((lower('ALPHA1') = 'alpha1'), FALSE)",comparison_text,1,1.0,1.0,1.0,0.0,T1_static_validated,representation_case,LLM_review_or_future_special_module,Y1_R008_C10_S02,Y1_basic_boolean,T_Y3_OPERATOR_QUOTE_PERCENT,1,1,1
Y3_R008_C10_S03,Y3_encoded_boolean,Y3,COALESCE%28%28lower%28%27BETA2%27%29%20%3D%20%27beta2%27%29%2C%20FALSE%29,"COALESCE((lower('BETA2') = 'beta2'), FALSE)",comparison_text,1,1.0,1.0,1.0,0.0,T1_static_validated,representation_case,LLM_review_or_future_special_module,Y1_R008_C10_S03,Y1_basic_boolean,T_Y3_URL_FULL,1,1,1
Y3_R008_C10_S04,Y3_encoded_boolean,Y3,COALESCE%28%28lower%28'GAMMA3'%29%20=%20'delta4'%29%2C%20FALSE%29,"COALESCE((lower('GAMMA3') = 'delta4'), FALSE)",comparison_text,1,1.0,1.0,1.0,0.0,T1_static_validated,representation_case,LLM_review_or_future_special_module,Y2_R008_C10_S04,Y2_boolean_variation,T_Y3_URL_PARTIAL,1,1,1
Y3_R008_C10_S05,Y3_encoded_boolean,Y3,"COALESCE((lower(%27DELTA4%27)%20%3D%20%27omega5%27),%20FALSE)","COALESCE((lower('DELTA4') = 'omega5'), FALSE)",comparison_text,1,1.0,1.0,1.0,0.0,T1_static_validated,representation_case,LLM_review_or_future_special_module,Y1_R008_C10_S05,Y1_basic_boolean,T_Y3_OPERATOR_QUOTE_PERCENT,1,1,1
Y3_R008_C10_S06,Y3_encoded_boolean,Y3,COALESCE%28%28lower%28%27OMEGA5%27%29%20%3D%20%27active6%27%29%2C%20FALSE%29,"COALESCE((lower('OMEGA5') = 'active6'), FALSE)",comparison_text,1,1.0,1.0,1.0,0.0,T1_static_validated,representation_case,LLM_review_or_future_special_module,Y1_R008_C10_S06,Y1_basic_boolean,T_Y3_URL_FULL,1,1,1
Y3_R009_C01_S01,Y3_encoded_boolean,Y3,char_length(%27south1%27)%20%3D%206,char_length('south1') = 6,comparison_text,1,1.0,1.0,1.0,0.0,T1_static_validated,representation_case,LLM_review_or_future_special_module,Y1_R009_C01_S01,Y1_basic_boolean,T_Y3_OPERATOR_QUOTE_PERCENT,1,1,1
Y3_R009_C01_S02,Y3_encoded_boolean,Y3,char_length%28%27east2%27%29%20%3D%205,char_length('east2') = 5,comparison_text,1,1.0,1.0,1.0,0.0,T1_static_validated,representation_case,LLM_review_or_future_special_module,Y1_R009_C01_S02,Y1_basic_boolean,T_Y3_URL_FULL,1,1,1
Y3_R009_C01_S03,Y3_encoded_boolean,Y3,char_length%28'west3'%29%20=%205,char_length('west3') = 5,comparison_text,1,1.0,1.0,1.0,0.0,T1_static_validated,representation_case,LLM_review_or_future_special_module,Y2_R009_C01_S03,Y2_boolean_variation,T_Y3_URL_PARTIAL,1,1,1
Y3_R009_C01_S04,Y3_encoded_boolean,Y3,char_length(%27prime4%27)%20%3D%207,char_length('prime4') = 7,comparison_text,1,1.0,1.0,1.0,0.0,T1_static_validated,representation_case,LLM_review_or_future_special_module,Y1_R009_C01_S04,Y1_basic_boolean,T_Y3_OPERATOR_QUOTE_PERCENT,1,1,1
Y3_R009_C01_S05,Y3_encoded_boolean,Y3,char_length%28%27core5%27%29%20%3D%206,char_length('core5') = 6,comparison_text,1,1.0,1.0,1.0,0.0,T1_static_validated,representation_case,LLM_review_or_future_special_module,Y1_R009_C01_S05,Y1_basic_boolean,T_Y3_URL_FULL,1,1,1
Y3_R009_C01_S06,Y3_encoded_boolean,Y3,char_length%28'safe6'%29%20=%206,char_length('safe6') = 6,comparison_text,1,1.0,1.0,1.0,0.0,T1_static_validated,representation_case,LLM_review_or_future_special_module,Y2_R009_C01_S06,Y2_boolean_variation,T_Y3_URL_PARTIAL,1,1,1
Y3_R009_C02_S01,Y3_encoded_boolean,Y3,%28char_length%28%27east1%27%29%20%3D%205%29,(char_length('east1') = 5),comparison_text,1,1.0,1.0,1.0,0.0,T1_static_validated,representation_case,LLM_review_or_future_special_module,Y1_R009_C02_S01,Y1_basic_boolean,T_Y3_URL_FULL,1,1,1
Y3_R009_C02_S02,Y3_encoded_boolean,Y3,%28char_length%28'west2'%29%20=%205%29,(char_length('west2') = 5),comparison_text,1,1.0,1.0,1.0,0.0,T1_static_validated,representation_case,LLM_review_or_future_special_module,Y2_R009_C02_S02,Y2_boolean_variation,T_Y3_URL_PARTIAL,1,1,1
Y3_R009_C02_S03,Y3_encoded_boolean,Y3,(char_length(%27prime3%27)%20%3D%206),(char_length('prime3') = 6),comparison_text,1,1.0,1.0,1.0,0.0,T1_static_validated,representation_case,LLM_review_or_future_special_module,Y1_R009_C02_S03,Y1_basic_boolean,T_Y3_OPERATOR_QUOTE_PERCENT,1,1,1
Y3_R009_C02_S04,Y3_encoded_boolean,Y3,%28char_length%28%27core4%27%29%20%3D%206%29,(char_length('core4') = 6),comparison_text,1,1.0,1.0,1.0,0.0,T1_static_validated,representation_case,LLM_review_or_future_special_module,Y1_R009_C02_S04,Y1_basic_boolean,T_Y3_URL_FULL,1,1,1
Y3_R009_C02_S05,Y3_encoded_boolean,Y3,%28char_length%28'safe5'%29%20=%206%29,(char_length('safe5') = 6),comparison_text,1,1.0,1.0,1.0,0.0,T1_static_validated,representation_case,LLM_review_or_future_special_module,Y2_R009_C02_S05,Y2_boolean_variation,T_Y3_URL_PARTIAL,1,1,1
Y3_R009_C02_S06,Y3_encoded_boolean,Y3,(char_length(%27audit6%27)%20%3D%207),(char_length('audit6') = 7),comparison_text,1,1.0,1.0,1.0,0.0,T1_static_validated,representation_case,LLM_review_or_future_special_module,Y1_R009_C02_S06,Y1_basic_boolean,T_Y3_OPERATOR_QUOTE_PERCENT,1,1,1
Y3_R009_C03_S01,Y3_encoded_boolean,Y3,NOT%20%28char_length%28'west1'%29%20=%206%29,NOT (char_length('west1') = 6),comparison_text,1,1.0,1.0,1.0,0.0,T1_static_validated,representation_case,LLM_review_or_future_special_module,Y2_R009_C03_S01,Y2_boolean_variation,T_Y3_URL_PARTIAL,1,1,1
Y3_R009_C03_S02,Y3_encoded_boolean,Y3,NOT%20(char_length(%27prime2%27)%20%3D%207),NOT (char_length('prime2') = 7),comparison_text,1,1.0,1.0,1.0,0.0,T1_static_validated,representation_case,LLM_review_or_future_special_module,Y1_R009_C03_S02,Y1_basic_boolean,T_Y3_OPERATOR_QUOTE_PERCENT,1,1,1
Y3_R009_C03_S03,Y3_encoded_boolean,Y3,NOT%20%28char_length%28%27core3%27%29%20%3D%206%29,NOT (char_length('core3') = 6),comparison_text,1,1.0,1.0,1.0,0.0,T1_static_validated,representation_case,LLM_review_or_future_special_module,Y1_R009_C03_S03,Y1_basic_boolean,T_Y3_URL_FULL,1,1,1
Y3_R009_C03_S04,Y3_encoded_boolean,Y3,NOT%20%28char_length%28'safe4'%29%20=%205%29,NOT (char_length('safe4') = 5),comparison_text,1,1.0,1.0,1.0,0.0,T1_static_validated,representation_case,LLM_review_or_future_special_module,Y2_R009_C03_S04,Y2_boolean_variation,T_Y3_URL_PARTIAL,1,1,1
Y3_R009_C03_S05,Y3_encoded_boolean,Y3,NOT%20(char_length(%27audit5%27)%20%3D%206),NOT (char_length('audit5') = 6),comparison_text,1,1.0,1.0,1.0,0.0,T1_static_validated,representation_case,LLM_review_or_future_special_module,Y1_R009_C03_S05,Y1_basic_boolean,T_Y3_OPERATOR_QUOTE_PERCENT,1,1,1
Y3_R009_C03_S06,Y3_encoded_boolean,Y3,NOT%20%28char_length%28%27trace6%27%29%20%3D%206%29,NOT (char_length('trace6') = 6),comparison_text,1,1.0,1.0,1.0,0.0,T1_static_validated,representation_case,LLM_review_or_future_special_module,Y1_R009_C03_S06,Y1_basic_boolean,T_Y3_URL_FULL,1,1,1
Y3_R009_C04_S01,Y3_encoded_boolean,Y3,(char_length(%27prime1%27)%20%3D%206)%20IS%20TRUE,(char_length('prime1') = 6) IS TRUE,comparison_text,1,1.0,1.0,1.0,0.0,T1_static_validated,representation_case,LLM_review_or_future_special_module,Y1_R009_C04_S01,Y1_basic_boolean,T_Y3_OPERATOR_QUOTE_PERCENT,1,1,1
Y3_R009_C04_S02,Y3_encoded_boolean,Y3,%28char_length%28%27core2%27%29%20%3D%205%29%20IS%20TRUE,(char_length('core2') = 5) IS TRUE,comparison_text,1,1.0,1.0,1.0,0.0,T1_static_validated,representation_case,LLM_review_or_future_special_module,Y1_R009_C04_S02,Y1_basic_boolean,T_Y3_URL_FULL,1,1,1
