sample_id,module_id,y_level,payload_raw,validation_payload_v4,semantic_family,static_valid_v4,static_quality_score_v4,slot_sanity_score_v4,module_contract_valid_score,malformed_syntax_penalty_v4,evidence_tier,hard_case_reason,intended_tier,parent_sample_id,parent_module_level,transform_recipe_id,roundtrip_valid,structure_preserved,semantic_preserved
Y1_R031_C01_S01,Y1_basic_boolean,Y1,'west5' LIKE 'we%','west5' LIKE 'we%',like_ilike,0,0.85,1.0,0.8,0.0,T0_generated_candidate,slot_sanity_or_static_issue,LLM_review_or_future_special_module,,,NONE_BASE,1,0,1
Y1_R031_C01_S02,Y1_basic_boolean,Y1,'prime6' LIKE 'pr%','prime6' LIKE 'pr%',like_ilike,0,0.85,1.0,0.8,0.0,T0_generated_candidate,slot_sanity_or_static_issue,LLM_review_or_future_special_module,,,NONE_BASE,1,0,1
Y1_R031_C01_S03,Y1_basic_boolean,Y1,'core7' LIKE 'co%','core7' LIKE 'co%',like_ilike,0,0.85,1.0,0.8,0.0,T0_generated_candidate,slot_sanity_or_static_issue,LLM_review_or_future_special_module,,,NONE_BASE,1,0,1
Y1_R031_C01_S04,Y1_basic_boolean,Y1,'safe8' LIKE 'zz%','safe8' LIKE 'zz%',like_ilike,0,0.85,1.0,0.8,0.0,T0_generated_candidate,slot_sanity_or_static_issue,LLM_review_or_future_special_module,,,NONE_BASE,1,0,1
Y1_R031_C01_S05,Y1_basic_boolean,Y1,'audit0' LIKE 'zz%','audit0' LIKE 'zz%',like_ilike,0,0.85,1.0,0.8,0.0,T0_generated_candidate,slot_sanity_or_static_issue,LLM_review_or_future_special_module,,,NONE_BASE,1,0,1
Y1_R031_C01_S06,Y1_basic_boolean,Y1,'trace1' LIKE 'zz%','trace1' LIKE 'zz%',like_ilike,0,0.85,1.0,0.8,0.0,T0_generated_candidate,slot_sanity_or_static_issue,LLM_review_or_future_special_module,,,NONE_BASE,1,0,1
Y1_R031_C02_S01,Y1_basic_boolean,Y1,('prime5' LIKE 'pr%'),('prime5' LIKE 'pr%'),like_ilike,0,0.85,1.0,0.8,0.0,T0_generated_candidate,slot_sanity_or_static_issue,LLM_review_or_future_special_module,,,NONE_BASE,1,0,1
Y1_R031_C02_S02,Y1_basic_boolean,Y1,('core6' LIKE 'co%'),('core6' LIKE 'co%'),like_ilike,0,0.85,1.0,0.8,0.0,T0_generated_candidate,slot_sanity_or_static_issue,LLM_review_or_future_special_module,,,NONE_BASE,1,0,1
Y1_R031_C02_S03,Y1_basic_boolean,Y1,('safe7' LIKE 'sa%'),('safe7' LIKE 'sa%'),like_ilike,0,0.85,1.0,0.8,0.0,T0_generated_candidate,slot_sanity_or_static_issue,LLM_review_or_future_special_module,,,NONE_BASE,1,0,1
Y1_R031_C02_S04,Y1_basic_boolean,Y1,('audit8' LIKE 'zz%'),('audit8' LIKE 'zz%'),like_ilike,0,0.85,1.0,0.8,0.0,T0_generated_candidate,slot_sanity_or_static_issue,LLM_review_or_future_special_module,,,NONE_BASE,1,0,1
Y1_R031_C02_S05,Y1_basic_boolean,Y1,('trace0' LIKE 'zz%'),('trace0' LIKE 'zz%'),like_ilike,0,0.85,1.0,0.8,0.0,T0_generated_candidate,slot_sanity_or_static_issue,LLM_review_or_future_special_module,,,NONE_BASE,1,0,1
Y1_R031_C02_S06,Y1_basic_boolean,Y1,('signal1' LIKE 'zz%'),('signal1' LIKE 'zz%'),like_ilike,0,0.85,1.0,0.8,0.0,T0_generated_candidate,slot_sanity_or_static_issue,LLM_review_or_future_special_module,,,NONE_BASE,1,0,1
Y1_R031_C03_S01,Y1_basic_boolean,Y1,NOT ('core5' LIKE 'zz%'),NOT ('core5' LIKE 'zz%'),like_ilike,0,0.85,1.0,0.8,0.0,T0_generated_candidate,slot_sanity_or_static_issue,LLM_review_or_future_special_module,,,NONE_BASE,1,0,1
Y1_R031_C03_S02,Y1_basic_boolean,Y1,NOT ('safe6' LIKE 'zz%'),NOT ('safe6' LIKE 'zz%'),like_ilike,0,0.85,1.0,0.8,0.0,T0_generated_candidate,slot_sanity_or_static_issue,LLM_review_or_future_special_module,,,NONE_BASE,1,0,1
Y1_R031_C03_S03,Y1_basic_boolean,Y1,NOT ('audit7' LIKE 'zz%'),NOT ('audit7' LIKE 'zz%'),like_ilike,0,0.85,1.0,0.8,0.0,T0_generated_candidate,slot_sanity_or_static_issue,LLM_review_or_future_special_module,,,NONE_BASE,1,0,1
Y1_R031_C03_S04,Y1_basic_boolean,Y1,NOT ('trace8' LIKE 'tr%'),NOT ('trace8' LIKE 'tr%'),like_ilike,0,0.85,1.0,0.8,0.0,T0_generated_candidate,slot_sanity_or_static_issue,LLM_review_or_future_special_module,,,NONE_BASE,1,0,1
Y1_R031_C03_S05,Y1_basic_boolean,Y1,NOT ('signal0' LIKE 'si%'),NOT ('signal0' LIKE 'si%'),like_ilike,0,0.85,1.0,0.8,0.0,T0_generated_candidate,slot_sanity_or_static_issue,LLM_review_or_future_special_module,,,NONE_BASE,1,0,1
Y1_R031_C03_S06,Y1_basic_boolean,Y1,NOT ('alpha1' LIKE 'al%'),NOT ('alpha1' LIKE 'al%'),like_ilike,0,0.85,1.0,0.8,0.0,T0_generated_candidate,slot_sanity_or_static_issue,LLM_review_or_future_special_module,,,NONE_BASE,1,0,1
Y1_R031_C04_S01,Y1_basic_boolean,Y1,('safe5' LIKE 'sa%') IS TRUE,('safe5' LIKE 'sa%') IS TRUE,like_ilike,0,0.85,1.0,0.8,0.0,T0_generated_candidate,slot_sanity_or_static_issue,LLM_review_or_future_special_module,,,NONE_BASE,1,0,1
Y1_R031_C04_S02,Y1_basic_boolean,Y1,('audit6' LIKE 'au%') IS TRUE,('audit6' LIKE 'au%') IS TRUE,like_ilike,0,0.85,1.0,0.8,0.0,T0_generated_candidate,slot_sanity_or_static_issue,LLM_review_or_future_special_module,,,NONE_BASE,1,0,1
Y1_R031_C04_S03,Y1_basic_boolean,Y1,('trace7' LIKE 'tr%') IS TRUE,('trace7' LIKE 'tr%') IS TRUE,like_ilike,0,0.85,1.0,0.8,0.0,T0_generated_candidate,slot_sanity_or_static_issue,LLM_review_or_future_special_module,,,NONE_BASE,1,0,1
Y1_R031_C04_S04,Y1_basic_boolean,Y1,('signal8' LIKE 'zz%') IS TRUE,('signal8' LIKE 'zz%') IS TRUE,like_ilike,0,0.85,1.0,0.8,0.0,T0_generated_candidate,slot_sanity_or_static_issue,LLM_review_or_future_special_module,,,NONE_BASE,1,0,1
Y1_R031_C04_S05,Y1_basic_boolean,Y1,('alpha0' LIKE 'zz%') IS TRUE,('alpha0' LIKE 'zz%') IS TRUE,like_ilike,0,0.85,1.0,0.8,0.0,T0_generated_candidate,slot_sanity_or_static_issue,LLM_review_or_future_special_module,,,NONE_BASE,1,0,1
Y1_R031_C04_S06,Y1_basic_boolean,Y1,('beta1' LIKE 'zz%') IS TRUE,('beta1' LIKE 'zz%') IS TRUE,like_ilike,0,0.85,1.0,0.8,0.0,T0_generated_candidate,slot_sanity_or_static_issue,LLM_review_or_future_special_module,,,NONE_BASE,1,0,1
Y1_R031_C05_S01,Y1_basic_boolean,Y1,('audit5' LIKE 'au%') IS NOT FALSE,('audit5' LIKE 'au%') IS NOT FALSE,like_ilike,0,0.85,1.0,0.8,0.0,T0_generated_candidate,slot_sanity_or_static_issue,LLM_review_or_future_special_module,,,NONE_BASE,1,0,1
Y1_R031_C05_S02,Y1_basic_boolean,Y1,('trace6' LIKE 'tr%') IS NOT FALSE,('trace6' LIKE 'tr%') IS NOT FALSE,like_ilike,0,0.85,1.0,0.8,0.0,T0_generated_candidate,slot_sanity_or_static_issue,LLM_review_or_future_special_module,,,NONE_BASE,1,0,1
Y1_R031_C05_S03,Y1_basic_boolean,Y1,('signal7' LIKE 'si%') IS NOT FALSE,('signal7' LIKE 'si%') IS NOT FALSE,like_ilike,0,0.85,1.0,0.8,0.0,T0_generated_candidate,slot_sanity_or_static_issue,LLM_review_or_future_special_module,,,NONE_BASE,1,0,1
Y1_R031_C05_S04,Y1_basic_boolean,Y1,('alpha8' LIKE 'zz%') IS NOT FALSE,('alpha8' LIKE 'zz%') IS NOT FALSE,like_ilike,0,0.85,1.0,0.8,0.0,T0_generated_candidate,slot_sanity_or_static_issue,LLM_review_or_future_special_module,,,NONE_BASE,1,0,1
Y1_R031_C05_S05,Y1_basic_boolean,Y1,('beta0' LIKE 'zz%') IS NOT FALSE,('beta0' LIKE 'zz%') IS NOT FALSE,like_ilike,0,0.85,1.0,0.8,0.0,T0_generated_candidate,slot_sanity_or_static_issue,LLM_review_or_future_special_module,,,NONE_BASE,1,0,1
Y1_R031_C05_S06,Y1_basic_boolean,Y1,('gamma1' LIKE 'zz%') IS NOT FALSE,('gamma1' LIKE 'zz%') IS NOT FALSE,like_ilike,0,0.85,1.0,0.8,0.0,T0_generated_candidate,slot_sanity_or_static_issue,LLM_review_or_future_special_module,,,NONE_BASE,1,0,1
Y1_R031_C06_S01,Y1_basic_boolean,Y1,CASE WHEN ('trace5' LIKE 'tr%') THEN TRUE ELSE FALSE END,CASE WHEN ('trace5' LIKE 'tr%') THEN TRUE ELSE FALSE END,like_ilike,0,0.85,1.0,0.8,0.0,T0_generated_candidate,slot_sanity_or_static_issue,LLM_review_or_future_special_module,,,NONE_BASE,1,0,1
Y1_R031_C06_S02,Y1_basic_boolean,Y1,CASE WHEN ('signal6' LIKE 'si%') THEN TRUE ELSE FALSE END,CASE WHEN ('signal6' LIKE 'si%') THEN TRUE ELSE FALSE END,like_ilike,0,0.85,1.0,0.8,0.0,T0_generated_candidate,slot_sanity_or_static_issue,LLM_review_or_future_special_module,,,NONE_BASE,1,0,1
Y1_R031_C06_S03,Y1_basic_boolean,Y1,CASE WHEN ('alpha7' LIKE 'al%') THEN TRUE ELSE FALSE END,CASE WHEN ('alpha7' LIKE 'al%') THEN TRUE ELSE FALSE END,like_ilike,0,0.85,1.0,0.8,0.0,T0_generated_candidate,slot_sanity_or_static_issue,LLM_review_or_future_special_module,,,NONE_BASE,1,0,1
Y1_R031_C06_S04,Y1_basic_boolean,Y1,CASE WHEN ('beta8' LIKE 'zz%') THEN TRUE ELSE FALSE END,CASE WHEN ('beta8' LIKE 'zz%') THEN TRUE ELSE FALSE END,like_ilike,0,0.85,1.0,0.8,0.0,T0_generated_candidate,slot_sanity_or_static_issue,LLM_review_or_future_special_module,,,NONE_BASE,1,0,1
Y1_R031_C06_S05,Y1_basic_boolean,Y1,CASE WHEN ('gamma0' LIKE 'zz%') THEN TRUE ELSE FALSE END,CASE WHEN ('gamma0' LIKE 'zz%') THEN TRUE ELSE FALSE END,like_ilike,0,0.85,1.0,0.8,0.0,T0_generated_candidate,slot_sanity_or_static_issue,LLM_review_or_future_special_module,,,NONE_BASE,1,0,1
Y1_R031_C06_S06,Y1_basic_boolean,Y1,CASE WHEN ('delta1' LIKE 'zz%') THEN TRUE ELSE FALSE END,CASE WHEN ('delta1' LIKE 'zz%') THEN TRUE ELSE FALSE END,like_ilike,0,0.85,1.0,0.8,0.0,T0_generated_candidate,slot_sanity_or_static_issue,LLM_review_or_future_special_module,,,NONE_BASE,1,0,1
Y1_R031_C07_S01,Y1_basic_boolean,Y1,('signal5' LIKE 'si%') AND (68 = 68),('signal5' LIKE 'si%') AND (68 = 68),like_ilike,0,0.85,1.0,0.8,0.0,T0_generated_candidate,slot_sanity_or_static_issue,LLM_review_or_future_special_module,,,NONE_BASE,1,0,1
Y1_R031_C07_S02,Y1_basic_boolean,Y1,('alpha6' LIKE 'al%') AND (81 = 81),('alpha6' LIKE 'al%') AND (81 = 81),like_ilike,0,0.85,1.0,0.8,0.0,T0_generated_candidate,slot_sanity_or_static_issue,LLM_review_or_future_special_module,,,NONE_BASE,1,0,1
Y1_R031_C07_S03,Y1_basic_boolean,Y1,('beta7' LIKE 'be%') AND (94 = 94),('beta7' LIKE 'be%') AND (94 = 94),like_ilike,0,0.85,1.0,0.8,0.0,T0_generated_candidate,slot_sanity_or_static_issue,LLM_review_or_future_special_module,,,NONE_BASE,1,0,1
Y1_R031_C07_S04,Y1_basic_boolean,Y1,('gamma8' LIKE 'zz%') AND (10 = 10),('gamma8' LIKE 'zz%') AND (10 = 10),like_ilike,0,0.85,1.0,0.8,0.0,T0_generated_candidate,slot_sanity_or_static_issue,LLM_review_or_future_special_module,,,NONE_BASE,1,0,1
Y1_R031_C07_S05,Y1_basic_boolean,Y1,('delta0' LIKE 'zz%') AND (23 = 23),('delta0' LIKE 'zz%') AND (23 = 23),like_ilike,0,0.85,1.0,0.8,0.0,T0_generated_candidate,slot_sanity_or_static_issue,LLM_review_or_future_special_module,,,NONE_BASE,1,0,1
Y1_R031_C07_S06,Y1_basic_boolean,Y1,('omega1' LIKE 'zz%') AND (36 = 36),('omega1' LIKE 'zz%') AND (36 = 36),like_ilike,0,0.85,1.0,0.8,0.0,T0_generated_candidate,slot_sanity_or_static_issue,LLM_review_or_future_special_module,,,NONE_BASE,1,0,1
Y1_R031_C08_S01,Y1_basic_boolean,Y1,('alpha5' LIKE 'al%') OR (96 <> 96),('alpha5' LIKE 'al%') OR (96 <> 96),like_ilike,0,0.85,1.0,0.8,0.0,T0_generated_candidate,slot_sanity_or_static_issue,LLM_review_or_future_special_module,,,NONE_BASE,1,0,1
Y1_R031_C08_S02,Y1_basic_boolean,Y1,('beta6' LIKE 'be%') OR (12 <> 12),('beta6' LIKE 'be%') OR (12 <> 12),like_ilike,0,0.85,1.0,0.8,0.0,T0_generated_candidate,slot_sanity_or_static_issue,LLM_review_or_future_special_module,,,NONE_BASE,1,0,1
Y1_R031_C08_S03,Y1_basic_boolean,Y1,('gamma7' LIKE 'ga%') OR (25 <> 25),('gamma7' LIKE 'ga%') OR (25 <> 25),like_ilike,0,0.85,1.0,0.8,0.0,T0_generated_candidate,slot_sanity_or_static_issue,LLM_review_or_future_special_module,,,NONE_BASE,1,0,1
Y1_R031_C08_S04,Y1_basic_boolean,Y1,('delta8' LIKE 'zz%') OR (38 <> 38),('delta8' LIKE 'zz%') OR (38 <> 38),like_ilike,0,0.85,1.0,0.8,0.0,T0_generated_candidate,slot_sanity_or_static_issue,LLM_review_or_future_special_module,,,NONE_BASE,1,0,1
Y1_R031_C08_S05,Y1_basic_boolean,Y1,('omega0' LIKE 'zz%') OR (51 <> 51),('omega0' LIKE 'zz%') OR (51 <> 51),like_ilike,0,0.85,1.0,0.8,0.0,T0_generated_candidate,slot_sanity_or_static_issue,LLM_review_or_future_special_module,,,NONE_BASE,1,0,1
Y1_R031_C08_S06,Y1_basic_boolean,Y1,('active1' LIKE 'zz%') OR (64 <> 64),('active1' LIKE 'zz%') OR (64 <> 64),like_ilike,0,0.85,1.0,0.8,0.0,T0_generated_candidate,slot_sanity_or_static_issue,LLM_review_or_future_special_module,,,NONE_BASE,1,0,1
Y1_R031_C09_S01,Y1_basic_boolean,Y1,(('beta5' LIKE 'be%') = TRUE),(('beta5' LIKE 'be%') = TRUE),like_ilike,0,0.85,1.0,0.8,0.0,T0_generated_candidate,slot_sanity_or_static_issue,LLM_review_or_future_special_module,,,NONE_BASE,1,0,1
Y1_R031_C09_S02,Y1_basic_boolean,Y1,(('gamma6' LIKE 'ga%') = TRUE),(('gamma6' LIKE 'ga%') = TRUE),like_ilike,0,0.85,1.0,0.8,0.0,T0_generated_candidate,slot_sanity_or_static_issue,LLM_review_or_future_special_module,,,NONE_BASE,1,0,1
Y1_R031_C09_S03,Y1_basic_boolean,Y1,(('delta7' LIKE 'de%') = TRUE),(('delta7' LIKE 'de%') = TRUE),like_ilike,0,0.85,1.0,0.8,0.0,T0_generated_candidate,slot_sanity_or_static_issue,LLM_review_or_future_special_module,,,NONE_BASE,1,0,1
Y1_R031_C09_S04,Y1_basic_boolean,Y1,(('omega8' LIKE 'zz%') = TRUE),(('omega8' LIKE 'zz%') = TRUE),like_ilike,0,0.85,1.0,0.8,0.0,T0_generated_candidate,slot_sanity_or_static_issue,LLM_review_or_future_special_module,,,NONE_BASE,1,0,1
Y1_R031_C09_S05,Y1_basic_boolean,Y1,(('active0' LIKE 'zz%') = TRUE),(('active0' LIKE 'zz%') = TRUE),like_ilike,0,0.85,1.0,0.8,0.0,T0_generated_candidate,slot_sanity_or_static_issue,LLM_review_or_future_special_module,,,NONE_BASE,1,0,1
Y1_R031_C09_S06,Y1_basic_boolean,Y1,(('pending1' LIKE 'zz%') = TRUE),(('pending1' LIKE 'zz%') = TRUE),like_ilike,0,0.85,1.0,0.8,0.0,T0_generated_candidate,slot_sanity_or_static_issue,LLM_review_or_future_special_module,,,NONE_BASE,1,0,1
Y1_R031_C10_S01,Y1_basic_boolean,Y1,"COALESCE(('gamma5' LIKE 'ga%'), FALSE)","COALESCE(('gamma5' LIKE 'ga%'), FALSE)",like_ilike,0,0.85,1.0,0.8,0.0,T0_generated_candidate,slot_sanity_or_static_issue,LLM_review_or_future_special_module,,,NONE_BASE,1,0,1
Y1_R031_C10_S02,Y1_basic_boolean,Y1,"COALESCE(('delta6' LIKE 'de%'), FALSE)","COALESCE(('delta6' LIKE 'de%'), FALSE)",like_ilike,0,0.85,1.0,0.8,0.0,T0_generated_candidate,slot_sanity_or_static_issue,LLM_review_or_future_special_module,,,NONE_BASE,1,0,1
Y1_R031_C10_S03,Y1_basic_boolean,Y1,"COALESCE(('omega7' LIKE 'om%'), FALSE)","COALESCE(('omega7' LIKE 'om%'), FALSE)",like_ilike,0,0.85,1.0,0.8,0.0,T0_generated_candidate,slot_sanity_or_static_issue,LLM_review_or_future_special_module,,,NONE_BASE,1,0,1
Y1_R031_C10_S04,Y1_basic_boolean,Y1,"COALESCE(('active8' LIKE 'zz%'), FALSE)","COALESCE(('active8' LIKE 'zz%'), FALSE)",like_ilike,0,0.85,1.0,0.8,0.0,T0_generated_candidate,slot_sanity_or_static_issue,LLM_review_or_future_special_module,,,NONE_BASE,1,0,1
Y1_R031_C10_S05,Y1_basic_boolean,Y1,"COALESCE(('pending0' LIKE 'zz%'), FALSE)","COALESCE(('pending0' LIKE 'zz%'), FALSE)",like_ilike,0,0.85,1.0,0.8,0.0,T0_generated_candidate,slot_sanity_or_static_issue,LLM_review_or_future_special_module,,,NONE_BASE,1,0,1
Y1_R031_C10_S06,Y1_basic_boolean,Y1,"COALESCE(('public1' LIKE 'zz%'), FALSE)","COALESCE(('public1' LIKE 'zz%'), FALSE)",like_ilike,0,0.85,1.0,0.8,0.0,T0_generated_candidate,slot_sanity_or_static_issue,LLM_review_or_future_special_module,,,NONE_BASE,1,0,1
Y1_R032_C01_S01,Y1_basic_boolean,Y1,'PRIME6' ILIKE 'pr%','PRIME6' ILIKE 'pr%',like_ilike,0,0.85,1.0,0.8,0.0,T0_generated_candidate,slot_sanity_or_static_issue,LLM_review_or_future_special_module,,,NONE_BASE,1,0,1
Y1_R032_C01_S02,Y1_basic_boolean,Y1,'CORE7' ILIKE 'co%','CORE7' ILIKE 'co%',like_ilike,0,0.85,1.0,0.8,0.0,T0_generated_candidate,slot_sanity_or_static_issue,LLM_review_or_future_special_module,,,NONE_BASE,1,0,1
Y1_R032_C01_S03,Y1_basic_boolean,Y1,'SAFE8' ILIKE 'sa%','SAFE8' ILIKE 'sa%',like_ilike,0,0.85,1.0,0.8,0.0,T0_generated_candidate,slot_sanity_or_static_issue,LLM_review_or_future_special_module,,,NONE_BASE,1,0,1
Y1_R032_C01_S04,Y1_basic_boolean,Y1,'AUDIT0' ILIKE 'zz%','AUDIT0' ILIKE 'zz%',like_ilike,0,0.85,1.0,0.8,0.0,T0_generated_candidate,slot_sanity_or_static_issue,LLM_review_or_future_special_module,,,NONE_BASE,1,0,1
Y1_R032_C01_S05,Y1_basic_boolean,Y1,'TRACE1' ILIKE 'zz%','TRACE1' ILIKE 'zz%',like_ilike,0,0.85,1.0,0.8,0.0,T0_generated_candidate,slot_sanity_or_static_issue,LLM_review_or_future_special_module,,,NONE_BASE,1,0,1
Y1_R032_C01_S06,Y1_basic_boolean,Y1,'SIGNAL2' ILIKE 'zz%','SIGNAL2' ILIKE 'zz%',like_ilike,0,0.85,1.0,0.8,0.0,T0_generated_candidate,slot_sanity_or_static_issue,LLM_review_or_future_special_module,,,NONE_BASE,1,0,1
Y1_R032_C02_S01,Y1_basic_boolean,Y1,('CORE6' ILIKE 'co%'),('CORE6' ILIKE 'co%'),like_ilike,0,0.85,1.0,0.8,0.0,T0_generated_candidate,slot_sanity_or_static_issue,LLM_review_or_future_special_module,,,NONE_BASE,1,0,1
Y1_R032_C02_S02,Y1_basic_boolean,Y1,('SAFE7' ILIKE 'sa%'),('SAFE7' ILIKE 'sa%'),like_ilike,0,0.85,1.0,0.8,0.0,T0_generated_candidate,slot_sanity_or_static_issue,LLM_review_or_future_special_module,,,NONE_BASE,1,0,1
Y1_R032_C02_S03,Y1_basic_boolean,Y1,('AUDIT8' ILIKE 'au%'),('AUDIT8' ILIKE 'au%'),like_ilike,0,0.85,1.0,0.8,0.0,T0_generated_candidate,slot_sanity_or_static_issue,LLM_review_or_future_special_module,,,NONE_BASE,1,0,1
Y1_R032_C02_S04,Y1_basic_boolean,Y1,('TRACE0' ILIKE 'zz%'),('TRACE0' ILIKE 'zz%'),like_ilike,0,0.85,1.0,0.8,0.0,T0_generated_candidate,slot_sanity_or_static_issue,LLM_review_or_future_special_module,,,NONE_BASE,1,0,1
Y1_R032_C02_S05,Y1_basic_boolean,Y1,('SIGNAL1' ILIKE 'zz%'),('SIGNAL1' ILIKE 'zz%'),like_ilike,0,0.85,1.0,0.8,0.0,T0_generated_candidate,slot_sanity_or_static_issue,LLM_review_or_future_special_module,,,NONE_BASE,1,0,1
Y1_R032_C02_S06,Y1_basic_boolean,Y1,('ALPHA2' ILIKE 'zz%'),('ALPHA2' ILIKE 'zz%'),like_ilike,0,0.85,1.0,0.8,0.0,T0_generated_candidate,slot_sanity_or_static_issue,LLM_review_or_future_special_module,,,NONE_BASE,1,0,1
Y1_R032_C03_S01,Y1_basic_boolean,Y1,NOT ('SAFE6' ILIKE 'zz%'),NOT ('SAFE6' ILIKE 'zz%'),like_ilike,0,0.85,1.0,0.8,0.0,T0_generated_candidate,slot_sanity_or_static_issue,LLM_review_or_future_special_module,,,NONE_BASE,1,0,1
Y1_R032_C03_S02,Y1_basic_boolean,Y1,NOT ('AUDIT7' ILIKE 'zz%'),NOT ('AUDIT7' ILIKE 'zz%'),like_ilike,0,0.85,1.0,0.8,0.0,T0_generated_candidate,slot_sanity_or_static_issue,LLM_review_or_future_special_module,,,NONE_BASE,1,0,1
Y1_R032_C03_S03,Y1_basic_boolean,Y1,NOT ('TRACE8' ILIKE 'zz%'),NOT ('TRACE8' ILIKE 'zz%'),like_ilike,0,0.85,1.0,0.8,0.0,T0_generated_candidate,slot_sanity_or_static_issue,LLM_review_or_future_special_module,,,NONE_BASE,1,0,1
Y1_R032_C03_S04,Y1_basic_boolean,Y1,NOT ('SIGNAL0' ILIKE 'si%'),NOT ('SIGNAL0' ILIKE 'si%'),like_ilike,0,0.85,1.0,0.8,0.0,T0_generated_candidate,slot_sanity_or_static_issue,LLM_review_or_future_special_module,,,NONE_BASE,1,0,1
Y1_R032_C03_S05,Y1_basic_boolean,Y1,NOT ('ALPHA1' ILIKE 'al%'),NOT ('ALPHA1' ILIKE 'al%'),like_ilike,0,0.85,1.0,0.8,0.0,T0_generated_candidate,slot_sanity_or_static_issue,LLM_review_or_future_special_module,,,NONE_BASE,1,0,1
Y1_R032_C03_S06,Y1_basic_boolean,Y1,NOT ('BETA2' ILIKE 'be%'),NOT ('BETA2' ILIKE 'be%'),like_ilike,0,0.85,1.0,0.8,0.0,T0_generated_candidate,slot_sanity_or_static_issue,LLM_review_or_future_special_module,,,NONE_BASE,1,0,1
Y1_R032_C04_S01,Y1_basic_boolean,Y1,('AUDIT6' ILIKE 'au%') IS TRUE,('AUDIT6' ILIKE 'au%') IS TRUE,like_ilike,0,0.85,1.0,0.8,0.0,T0_generated_candidate,slot_sanity_or_static_issue,LLM_review_or_future_special_module,,,NONE_BASE,1,0,1
Y1_R032_C04_S02,Y1_basic_boolean,Y1,('TRACE7' ILIKE 'tr%') IS TRUE,('TRACE7' ILIKE 'tr%') IS TRUE,like_ilike,0,0.85,1.0,0.8,0.0,T0_generated_candidate,slot_sanity_or_static_issue,LLM_review_or_future_special_module,,,NONE_BASE,1,0,1
Y1_R032_C04_S03,Y1_basic_boolean,Y1,('SIGNAL8' ILIKE 'si%') IS TRUE,('SIGNAL8' ILIKE 'si%') IS TRUE,like_ilike,0,0.85,1.0,0.8,0.0,T0_generated_candidate,slot_sanity_or_static_issue,LLM_review_or_future_special_module,,,NONE_BASE,1,0,1
Y1_R032_C04_S04,Y1_basic_boolean,Y1,('ALPHA0' ILIKE 'zz%') IS TRUE,('ALPHA0' ILIKE 'zz%') IS TRUE,like_ilike,0,0.85,1.0,0.8,0.0,T0_generated_candidate,slot_sanity_or_static_issue,LLM_review_or_future_special_module,,,NONE_BASE,1,0,1
Y1_R032_C04_S05,Y1_basic_boolean,Y1,('BETA1' ILIKE 'zz%') IS TRUE,('BETA1' ILIKE 'zz%') IS TRUE,like_ilike,0,0.85,1.0,0.8,0.0,T0_generated_candidate,slot_sanity_or_static_issue,LLM_review_or_future_special_module,,,NONE_BASE,1,0,1
Y1_R032_C04_S06,Y1_basic_boolean,Y1,('GAMMA2' ILIKE 'zz%') IS TRUE,('GAMMA2' ILIKE 'zz%') IS TRUE,like_ilike,0,0.85,1.0,0.8,0.0,T0_generated_candidate,slot_sanity_or_static_issue,LLM_review_or_future_special_module,,,NONE_BASE,1,0,1
Y1_R032_C05_S01,Y1_basic_boolean,Y1,('TRACE6' ILIKE 'tr%') IS NOT FALSE,('TRACE6' ILIKE 'tr%') IS NOT FALSE,like_ilike,0,0.85,1.0,0.8,0.0,T0_generated_candidate,slot_sanity_or_static_issue,LLM_review_or_future_special_module,,,NONE_BASE,1,0,1
Y1_R032_C05_S02,Y1_basic_boolean,Y1,('SIGNAL7' ILIKE 'si%') IS NOT FALSE,('SIGNAL7' ILIKE 'si%') IS NOT FALSE,like_ilike,0,0.85,1.0,0.8,0.0,T0_generated_candidate,slot_sanity_or_static_issue,LLM_review_or_future_special_module,,,NONE_BASE,1,0,1
Y1_R032_C05_S03,Y1_basic_boolean,Y1,('ALPHA8' ILIKE 'al%') IS NOT FALSE,('ALPHA8' ILIKE 'al%') IS NOT FALSE,like_ilike,0,0.85,1.0,0.8,0.0,T0_generated_candidate,slot_sanity_or_static_issue,LLM_review_or_future_special_module,,,NONE_BASE,1,0,1
Y1_R032_C05_S04,Y1_basic_boolean,Y1,('BETA0' ILIKE 'zz%') IS NOT FALSE,('BETA0' ILIKE 'zz%') IS NOT FALSE,like_ilike,0,0.85,1.0,0.8,0.0,T0_generated_candidate,slot_sanity_or_static_issue,LLM_review_or_future_special_module,,,NONE_BASE,1,0,1
Y1_R032_C05_S05,Y1_basic_boolean,Y1,('GAMMA1' ILIKE 'zz%') IS NOT FALSE,('GAMMA1' ILIKE 'zz%') IS NOT FALSE,like_ilike,0,0.85,1.0,0.8,0.0,T0_generated_candidate,slot_sanity_or_static_issue,LLM_review_or_future_special_module,,,NONE_BASE,1,0,1
Y1_R032_C05_S06,Y1_basic_boolean,Y1,('DELTA2' ILIKE 'zz%') IS NOT FALSE,('DELTA2' ILIKE 'zz%') IS NOT FALSE,like_ilike,0,0.85,1.0,0.8,0.0,T0_generated_candidate,slot_sanity_or_static_issue,LLM_review_or_future_special_module,,,NONE_BASE,1,0,1
Y1_R032_C06_S01,Y1_basic_boolean,Y1,CASE WHEN ('SIGNAL6' ILIKE 'si%') THEN TRUE ELSE FALSE END,CASE WHEN ('SIGNAL6' ILIKE 'si%') THEN TRUE ELSE FALSE END,like_ilike,0,0.85,1.0,0.8,0.0,T0_generated_candidate,slot_sanity_or_static_issue,LLM_review_or_future_special_module,,,NONE_BASE,1,0,1
Y1_R032_C06_S02,Y1_basic_boolean,Y1,CASE WHEN ('ALPHA7' ILIKE 'al%') THEN TRUE ELSE FALSE END,CASE WHEN ('ALPHA7' ILIKE 'al%') THEN TRUE ELSE FALSE END,like_ilike,0,0.85,1.0,0.8,0.0,T0_generated_candidate,slot_sanity_or_static_issue,LLM_review_or_future_special_module,,,NONE_BASE,1,0,1
Y1_R032_C06_S03,Y1_basic_boolean,Y1,CASE WHEN ('BETA8' ILIKE 'be%') THEN TRUE ELSE FALSE END,CASE WHEN ('BETA8' ILIKE 'be%') THEN TRUE ELSE FALSE END,like_ilike,0,0.85,1.0,0.8,0.0,T0_generated_candidate,slot_sanity_or_static_issue,LLM_review_or_future_special_module,,,NONE_BASE,1,0,1
Y1_R032_C06_S04,Y1_basic_boolean,Y1,CASE WHEN ('GAMMA0' ILIKE 'zz%') THEN TRUE ELSE FALSE END,CASE WHEN ('GAMMA0' ILIKE 'zz%') THEN TRUE ELSE FALSE END,like_ilike,0,0.85,1.0,0.8,0.0,T0_generated_candidate,slot_sanity_or_static_issue,LLM_review_or_future_special_module,,,NONE_BASE,1,0,1
Y1_R032_C06_S05,Y1_basic_boolean,Y1,CASE WHEN ('DELTA1' ILIKE 'zz%') THEN TRUE ELSE FALSE END,CASE WHEN ('DELTA1' ILIKE 'zz%') THEN TRUE ELSE FALSE END,like_ilike,0,0.85,1.0,0.8,0.0,T0_generated_candidate,slot_sanity_or_static_issue,LLM_review_or_future_special_module,,,NONE_BASE,1,0,1
Y1_R032_C06_S06,Y1_basic_boolean,Y1,CASE WHEN ('OMEGA2' ILIKE 'zz%') THEN TRUE ELSE FALSE END,CASE WHEN ('OMEGA2' ILIKE 'zz%') THEN TRUE ELSE FALSE END,like_ilike,0,0.85,1.0,0.8,0.0,T0_generated_candidate,slot_sanity_or_static_issue,LLM_review_or_future_special_module,,,NONE_BASE,1,0,1
Y1_R032_C07_S01,Y1_basic_boolean,Y1,('ALPHA6' ILIKE 'al%') AND (75 = 75),('ALPHA6' ILIKE 'al%') AND (75 = 75),like_ilike,0,0.85,1.0,0.8,0.0,T0_generated_candidate,slot_sanity_or_static_issue,LLM_review_or_future_special_module,,,NONE_BASE,1,0,1
Y1_R032_C07_S02,Y1_basic_boolean,Y1,('BETA7' ILIKE 'be%') AND (88 = 88),('BETA7' ILIKE 'be%') AND (88 = 88),like_ilike,0,0.85,1.0,0.8,0.0,T0_generated_candidate,slot_sanity_or_static_issue,LLM_review_or_future_special_module,,,NONE_BASE,1,0,1
Y1_R032_C07_S03,Y1_basic_boolean,Y1,('GAMMA8' ILIKE 'ga%') AND (4 = 4),('GAMMA8' ILIKE 'ga%') AND (4 = 4),like_ilike,0,0.85,1.0,0.8,0.0,T0_generated_candidate,slot_sanity_or_static_issue,LLM_review_or_future_special_module,,,NONE_BASE,1,0,1
Y1_R032_C07_S04,Y1_basic_boolean,Y1,('DELTA0' ILIKE 'zz%') AND (17 = 17),('DELTA0' ILIKE 'zz%') AND (17 = 17),like_ilike,0,0.85,1.0,0.8,0.0,T0_generated_candidate,slot_sanity_or_static_issue,LLM_review_or_future_special_module,,,NONE_BASE,1,0,1
Y1_R032_C07_S05,Y1_basic_boolean,Y1,('OMEGA1' ILIKE 'zz%') AND (30 = 30),('OMEGA1' ILIKE 'zz%') AND (30 = 30),like_ilike,0,0.85,1.0,0.8,0.0,T0_generated_candidate,slot_sanity_or_static_issue,LLM_review_or_future_special_module,,,NONE_BASE,1,0,1
Y1_R032_C07_S06,Y1_basic_boolean,Y1,('ACTIVE2' ILIKE 'zz%') AND (43 = 43),('ACTIVE2' ILIKE 'zz%') AND (43 = 43),like_ilike,0,0.85,1.0,0.8,0.0,T0_generated_candidate,slot_sanity_or_static_issue,LLM_review_or_future_special_module,,,NONE_BASE,1,0,1
Y1_R032_C08_S01,Y1_basic_boolean,Y1,('BETA6' ILIKE 'be%') OR (6 <> 6),('BETA6' ILIKE 'be%') OR (6 <> 6),like_ilike,0,0.85,1.0,0.8,0.0,T0_generated_candidate,slot_sanity_or_static_issue,LLM_review_or_future_special_module,,,NONE_BASE,1,0,1
Y1_R032_C08_S02,Y1_basic_boolean,Y1,('GAMMA7' ILIKE 'ga%') OR (19 <> 19),('GAMMA7' ILIKE 'ga%') OR (19 <> 19),like_ilike,0,0.85,1.0,0.8,0.0,T0_generated_candidate,slot_sanity_or_static_issue,LLM_review_or_future_special_module,,,NONE_BASE,1,0,1
Y1_R032_C08_S03,Y1_basic_boolean,Y1,('DELTA8' ILIKE 'de%') OR (32 <> 32),('DELTA8' ILIKE 'de%') OR (32 <> 32),like_ilike,0,0.85,1.0,0.8,0.0,T0_generated_candidate,slot_sanity_or_static_issue,LLM_review_or_future_special_module,,,NONE_BASE,1,0,1
Y1_R032_C08_S04,Y1_basic_boolean,Y1,('OMEGA0' ILIKE 'zz%') OR (45 <> 45),('OMEGA0' ILIKE 'zz%') OR (45 <> 45),like_ilike,0,0.85,1.0,0.8,0.0,T0_generated_candidate,slot_sanity_or_static_issue,LLM_review_or_future_special_module,,,NONE_BASE,1,0,1
Y1_R032_C08_S05,Y1_basic_boolean,Y1,('ACTIVE1' ILIKE 'zz%') OR (58 <> 58),('ACTIVE1' ILIKE 'zz%') OR (58 <> 58),like_ilike,0,0.85,1.0,0.8,0.0,T0_generated_candidate,slot_sanity_or_static_issue,LLM_review_or_future_special_module,,,NONE_BASE,1,0,1
Y1_R032_C08_S06,Y1_basic_boolean,Y1,('PENDING2' ILIKE 'zz%') OR (71 <> 71),('PENDING2' ILIKE 'zz%') OR (71 <> 71),like_ilike,0,0.85,1.0,0.8,0.0,T0_generated_candidate,slot_sanity_or_static_issue,LLM_review_or_future_special_module,,,NONE_BASE,1,0,1
Y1_R032_C09_S01,Y1_basic_boolean,Y1,(('GAMMA6' ILIKE 'ga%') = TRUE),(('GAMMA6' ILIKE 'ga%') = TRUE),like_ilike,0,0.85,1.0,0.8,0.0,T0_generated_candidate,slot_sanity_or_static_issue,LLM_review_or_future_special_module,,,NONE_BASE,1,0,1
Y1_R032_C09_S02,Y1_basic_boolean,Y1,(('DELTA7' ILIKE 'de%') = TRUE),(('DELTA7' ILIKE 'de%') = TRUE),like_ilike,0,0.85,1.0,0.8,0.0,T0_generated_candidate,slot_sanity_or_static_issue,LLM_review_or_future_special_module,,,NONE_BASE,1,0,1
Y1_R032_C09_S03,Y1_basic_boolean,Y1,(('OMEGA8' ILIKE 'om%') = TRUE),(('OMEGA8' ILIKE 'om%') = TRUE),like_ilike,0,0.85,1.0,0.8,0.0,T0_generated_candidate,slot_sanity_or_static_issue,LLM_review_or_future_special_module,,,NONE_BASE,1,0,1
Y1_R032_C09_S04,Y1_basic_boolean,Y1,(('ACTIVE0' ILIKE 'zz%') = TRUE),(('ACTIVE0' ILIKE 'zz%') = TRUE),like_ilike,0,0.85,1.0,0.8,0.0,T0_generated_candidate,slot_sanity_or_static_issue,LLM_review_or_future_special_module,,,NONE_BASE,1,0,1
Y1_R032_C09_S05,Y1_basic_boolean,Y1,(('PENDING1' ILIKE 'zz%') = TRUE),(('PENDING1' ILIKE 'zz%') = TRUE),like_ilike,0,0.85,1.0,0.8,0.0,T0_generated_candidate,slot_sanity_or_static_issue,LLM_review_or_future_special_module,,,NONE_BASE,1,0,1
Y1_R032_C09_S06,Y1_basic_boolean,Y1,(('PUBLIC2' ILIKE 'zz%') = TRUE),(('PUBLIC2' ILIKE 'zz%') = TRUE),like_ilike,0,0.85,1.0,0.8,0.0,T0_generated_candidate,slot_sanity_or_static_issue,LLM_review_or_future_special_module,,,NONE_BASE,1,0,1
Y1_R032_C10_S01,Y1_basic_boolean,Y1,"COALESCE(('DELTA6' ILIKE 'de%'), FALSE)","COALESCE(('DELTA6' ILIKE 'de%'), FALSE)",like_ilike,0,0.85,1.0,0.8,0.0,T0_generated_candidate,slot_sanity_or_static_issue,LLM_review_or_future_special_module,,,NONE_BASE,1,0,1
Y1_R032_C10_S02,Y1_basic_boolean,Y1,"COALESCE(('OMEGA7' ILIKE 'om%'), FALSE)","COALESCE(('OMEGA7' ILIKE 'om%'), FALSE)",like_ilike,0,0.85,1.0,0.8,0.0,T0_generated_candidate,slot_sanity_or_static_issue,LLM_review_or_future_special_module,,,NONE_BASE,1,0,1
Y1_R032_C10_S03,Y1_basic_boolean,Y1,"COALESCE(('ACTIVE8' ILIKE 'ac%'), FALSE)","COALESCE(('ACTIVE8' ILIKE 'ac%'), FALSE)",like_ilike,0,0.85,1.0,0.8,0.0,T0_generated_candidate,slot_sanity_or_static_issue,LLM_review_or_future_special_module,,,NONE_BASE,1,0,1
Y1_R032_C10_S04,Y1_basic_boolean,Y1,"COALESCE(('PENDING0' ILIKE 'zz%'), FALSE)","COALESCE(('PENDING0' ILIKE 'zz%'), FALSE)",like_ilike,0,0.85,1.0,0.8,0.0,T0_generated_candidate,slot_sanity_or_static_issue,LLM_review_or_future_special_module,,,NONE_BASE,1,0,1
Y1_R032_C10_S05,Y1_basic_boolean,Y1,"COALESCE(('PUBLIC1' ILIKE 'zz%'), FALSE)","COALESCE(('PUBLIC1' ILIKE 'zz%'), FALSE)",like_ilike,0,0.85,1.0,0.8,0.0,T0_generated_candidate,slot_sanity_or_static_issue,LLM_review_or_future_special_module,,,NONE_BASE,1,0,1
Y1_R032_C10_S06,Y1_basic_boolean,Y1,"COALESCE(('MEMBER2' ILIKE 'zz%'), FALSE)","COALESCE(('MEMBER2' ILIKE 'zz%'), FALSE)",like_ilike,0,0.85,1.0,0.8,0.0,T0_generated_candidate,slot_sanity_or_static_issue,LLM_review_or_future_special_module,,,NONE_BASE,1,0,1
Y1_R033_C01_S01,Y1_basic_boolean,Y1,'core7' NOT LIKE 'zz%','core7' NOT LIKE 'zz%',like_ilike,0,0.85,1.0,0.8,0.0,T0_generated_candidate,slot_sanity_or_static_issue,LLM_review_or_future_special_module,,,NONE_BASE,1,0,1
Y1_R033_C01_S02,Y1_basic_boolean,Y1,'safe8' NOT LIKE 'zz%','safe8' NOT LIKE 'zz%',like_ilike,0,0.85,1.0,0.8,0.0,T0_generated_candidate,slot_sanity_or_static_issue,LLM_review_or_future_special_module,,,NONE_BASE,1,0,1
Y1_R033_C01_S03,Y1_basic_boolean,Y1,'audit0' NOT LIKE 'zz%','audit0' NOT LIKE 'zz%',like_ilike,0,0.85,1.0,0.8,0.0,T0_generated_candidate,slot_sanity_or_static_issue,LLM_review_or_future_special_module,,,NONE_BASE,1,0,1
Y1_R033_C01_S04,Y1_basic_boolean,Y1,'trace1' NOT LIKE 'tr%','trace1' NOT LIKE 'tr%',like_ilike,0,0.85,1.0,0.8,0.0,T0_generated_candidate,slot_sanity_or_static_issue,LLM_review_or_future_special_module,,,NONE_BASE,1,0,1
Y1_R033_C01_S05,Y1_basic_boolean,Y1,'signal2' NOT LIKE 'si%','signal2' NOT LIKE 'si%',like_ilike,0,0.85,1.0,0.8,0.0,T0_generated_candidate,slot_sanity_or_static_issue,LLM_review_or_future_special_module,,,NONE_BASE,1,0,1
Y1_R033_C01_S06,Y1_basic_boolean,Y1,'alpha3' NOT LIKE 'al%','alpha3' NOT LIKE 'al%',like_ilike,0,0.85,1.0,0.8,0.0,T0_generated_candidate,slot_sanity_or_static_issue,LLM_review_or_future_special_module,,,NONE_BASE,1,0,1
Y1_R033_C02_S01,Y1_basic_boolean,Y1,('safe7' NOT LIKE 'zz%'),('safe7' NOT LIKE 'zz%'),like_ilike,0,0.85,1.0,0.8,0.0,T0_generated_candidate,slot_sanity_or_static_issue,LLM_review_or_future_special_module,,,NONE_BASE,1,0,1
Y1_R033_C02_S02,Y1_basic_boolean,Y1,('audit8' NOT LIKE 'zz%'),('audit8' NOT LIKE 'zz%'),like_ilike,0,0.85,1.0,0.8,0.0,T0_generated_candidate,slot_sanity_or_static_issue,LLM_review_or_future_special_module,,,NONE_BASE,1,0,1
Y1_R033_C02_S03,Y1_basic_boolean,Y1,('trace0' NOT LIKE 'zz%'),('trace0' NOT LIKE 'zz%'),like_ilike,0,0.85,1.0,0.8,0.0,T0_generated_candidate,slot_sanity_or_static_issue,LLM_review_or_future_special_module,,,NONE_BASE,1,0,1
Y1_R033_C02_S04,Y1_basic_boolean,Y1,('signal1' NOT LIKE 'si%'),('signal1' NOT LIKE 'si%'),like_ilike,0,0.85,1.0,0.8,0.0,T0_generated_candidate,slot_sanity_or_static_issue,LLM_review_or_future_special_module,,,NONE_BASE,1,0,1
Y1_R033_C02_S05,Y1_basic_boolean,Y1,('alpha2' NOT LIKE 'al%'),('alpha2' NOT LIKE 'al%'),like_ilike,0,0.85,1.0,0.8,0.0,T0_generated_candidate,slot_sanity_or_static_issue,LLM_review_or_future_special_module,,,NONE_BASE,1,0,1
Y1_R033_C02_S06,Y1_basic_boolean,Y1,('beta3' NOT LIKE 'be%'),('beta3' NOT LIKE 'be%'),like_ilike,0,0.85,1.0,0.8,0.0,T0_generated_candidate,slot_sanity_or_static_issue,LLM_review_or_future_special_module,,,NONE_BASE,1,0,1
Y1_R033_C03_S01,Y1_basic_boolean,Y1,NOT ('audit7' NOT LIKE 'au%'),NOT ('audit7' NOT LIKE 'au%'),like_ilike,0,0.85,1.0,0.8,0.0,T0_generated_candidate,slot_sanity_or_static_issue,LLM_review_or_future_special_module,,,NONE_BASE,1,0,1
Y1_R033_C03_S02,Y1_basic_boolean,Y1,NOT ('trace8' NOT LIKE 'tr%'),NOT ('trace8' NOT LIKE 'tr%'),like_ilike,0,0.85,1.0,0.8,0.0,T0_generated_candidate,slot_sanity_or_static_issue,LLM_review_or_future_special_module,,,NONE_BASE,1,0,1
Y1_R033_C03_S03,Y1_basic_boolean,Y1,NOT ('signal0' NOT LIKE 'si%'),NOT ('signal0' NOT LIKE 'si%'),like_ilike,0,0.85,1.0,0.8,0.0,T0_generated_candidate,slot_sanity_or_static_issue,LLM_review_or_future_special_module,,,NONE_BASE,1,0,1
Y1_R033_C03_S04,Y1_basic_boolean,Y1,NOT ('alpha1' NOT LIKE 'zz%'),NOT ('alpha1' NOT LIKE 'zz%'),like_ilike,0,0.85,1.0,0.8,0.0,T0_generated_candidate,slot_sanity_or_static_issue,LLM_review_or_future_special_module,,,NONE_BASE,1,0,1
Y1_R033_C03_S05,Y1_basic_boolean,Y1,NOT ('beta2' NOT LIKE 'zz%'),NOT ('beta2' NOT LIKE 'zz%'),like_ilike,0,0.85,1.0,0.8,0.0,T0_generated_candidate,slot_sanity_or_static_issue,LLM_review_or_future_special_module,,,NONE_BASE,1,0,1
Y1_R033_C03_S06,Y1_basic_boolean,Y1,NOT ('gamma3' NOT LIKE 'zz%'),NOT ('gamma3' NOT LIKE 'zz%'),like_ilike,0,0.85,1.0,0.8,0.0,T0_generated_candidate,slot_sanity_or_static_issue,LLM_review_or_future_special_module,,,NONE_BASE,1,0,1
Y1_R033_C04_S01,Y1_basic_boolean,Y1,('trace7' NOT LIKE 'zz%') IS TRUE,('trace7' NOT LIKE 'zz%') IS TRUE,like_ilike,0,0.85,1.0,0.8,0.0,T0_generated_candidate,slot_sanity_or_static_issue,LLM_review_or_future_special_module,,,NONE_BASE,1,0,1
Y1_R033_C04_S02,Y1_basic_boolean,Y1,('signal8' NOT LIKE 'zz%') IS TRUE,('signal8' NOT LIKE 'zz%') IS TRUE,like_ilike,0,0.85,1.0,0.8,0.0,T0_generated_candidate,slot_sanity_or_static_issue,LLM_review_or_future_special_module,,,NONE_BASE,1,0,1
Y1_R033_C04_S03,Y1_basic_boolean,Y1,('alpha0' NOT LIKE 'zz%') IS TRUE,('alpha0' NOT LIKE 'zz%') IS TRUE,like_ilike,0,0.85,1.0,0.8,0.0,T0_generated_candidate,slot_sanity_or_static_issue,LLM_review_or_future_special_module,,,NONE_BASE,1,0,1
Y1_R033_C04_S04,Y1_basic_boolean,Y1,('beta1' NOT LIKE 'be%') IS TRUE,('beta1' NOT LIKE 'be%') IS TRUE,like_ilike,0,0.85,1.0,0.8,0.0,T0_generated_candidate,slot_sanity_or_static_issue,LLM_review_or_future_special_module,,,NONE_BASE,1,0,1
Y1_R033_C04_S05,Y1_basic_boolean,Y1,('gamma2' NOT LIKE 'ga%') IS TRUE,('gamma2' NOT LIKE 'ga%') IS TRUE,like_ilike,0,0.85,1.0,0.8,0.0,T0_generated_candidate,slot_sanity_or_static_issue,LLM_review_or_future_special_module,,,NONE_BASE,1,0,1
Y1_R033_C04_S06,Y1_basic_boolean,Y1,('delta3' NOT LIKE 'de%') IS TRUE,('delta3' NOT LIKE 'de%') IS TRUE,like_ilike,0,0.85,1.0,0.8,0.0,T0_generated_candidate,slot_sanity_or_static_issue,LLM_review_or_future_special_module,,,NONE_BASE,1,0,1
Y1_R033_C05_S01,Y1_basic_boolean,Y1,('signal7' NOT LIKE 'zz%') IS NOT FALSE,('signal7' NOT LIKE 'zz%') IS NOT FALSE,like_ilike,0,0.85,1.0,0.8,0.0,T0_generated_candidate,slot_sanity_or_static_issue,LLM_review_or_future_special_module,,,NONE_BASE,1,0,1
Y1_R033_C05_S02,Y1_basic_boolean,Y1,('alpha8' NOT LIKE 'zz%') IS NOT FALSE,('alpha8' NOT LIKE 'zz%') IS NOT FALSE,like_ilike,0,0.85,1.0,0.8,0.0,T0_generated_candidate,slot_sanity_or_static_issue,LLM_review_or_future_special_module,,,NONE_BASE,1,0,1
Y1_R033_C05_S03,Y1_basic_boolean,Y1,('beta0' NOT LIKE 'zz%') IS NOT FALSE,('beta0' NOT LIKE 'zz%') IS NOT FALSE,like_ilike,0,0.85,1.0,0.8,0.0,T0_generated_candidate,slot_sanity_or_static_issue,LLM_review_or_future_special_module,,,NONE_BASE,1,0,1
Y1_R033_C05_S04,Y1_basic_boolean,Y1,('gamma1' NOT LIKE 'ga%') IS NOT FALSE,('gamma1' NOT LIKE 'ga%') IS NOT FALSE,like_ilike,0,0.85,1.0,0.8,0.0,T0_generated_candidate,slot_sanity_or_static_issue,LLM_review_or_future_special_module,,,NONE_BASE,1,0,1
Y1_R033_C05_S05,Y1_basic_boolean,Y1,('delta2' NOT LIKE 'de%') IS NOT FALSE,('delta2' NOT LIKE 'de%') IS NOT FALSE,like_ilike,0,0.85,1.0,0.8,0.0,T0_generated_candidate,slot_sanity_or_static_issue,LLM_review_or_future_special_module,,,NONE_BASE,1,0,1
Y1_R033_C05_S06,Y1_basic_boolean,Y1,('omega3' NOT LIKE 'om%') IS NOT FALSE,('omega3' NOT LIKE 'om%') IS NOT FALSE,like_ilike,0,0.85,1.0,0.8,0.0,T0_generated_candidate,slot_sanity_or_static_issue,LLM_review_or_future_special_module,,,NONE_BASE,1,0,1
Y1_R033_C06_S01,Y1_basic_boolean,Y1,CASE WHEN ('alpha7' NOT LIKE 'zz%') THEN TRUE ELSE FALSE END,CASE WHEN ('alpha7' NOT LIKE 'zz%') THEN TRUE ELSE FALSE END,like_ilike,0,0.85,1.0,0.8,0.0,T0_generated_candidate,slot_sanity_or_static_issue,LLM_review_or_future_special_module,,,NONE_BASE,1,0,1
Y1_R033_C06_S02,Y1_basic_boolean,Y1,CASE WHEN ('beta8' NOT LIKE 'zz%') THEN TRUE ELSE FALSE END,CASE WHEN ('beta8' NOT LIKE 'zz%') THEN TRUE ELSE FALSE END,like_ilike,0,0.85,1.0,0.8,0.0,T0_generated_candidate,slot_sanity_or_static_issue,LLM_review_or_future_special_module,,,NONE_BASE,1,0,1
Y1_R033_C06_S03,Y1_basic_boolean,Y1,CASE WHEN ('gamma0' NOT LIKE 'zz%') THEN TRUE ELSE FALSE END,CASE WHEN ('gamma0' NOT LIKE 'zz%') THEN TRUE ELSE FALSE END,like_ilike,0,0.85,1.0,0.8,0.0,T0_generated_candidate,slot_sanity_or_static_issue,LLM_review_or_future_special_module,,,NONE_BASE,1,0,1
Y1_R033_C06_S04,Y1_basic_boolean,Y1,CASE WHEN ('delta1' NOT LIKE 'de%') THEN TRUE ELSE FALSE END,CASE WHEN ('delta1' NOT LIKE 'de%') THEN TRUE ELSE FALSE END,like_ilike,0,0.85,1.0,0.8,0.0,T0_generated_candidate,slot_sanity_or_static_issue,LLM_review_or_future_special_module,,,NONE_BASE,1,0,1
Y1_R033_C06_S05,Y1_basic_boolean,Y1,CASE WHEN ('omega2' NOT LIKE 'om%') THEN TRUE ELSE FALSE END,CASE WHEN ('omega2' NOT LIKE 'om%') THEN TRUE ELSE FALSE END,like_ilike,0,0.85,1.0,0.8,0.0,T0_generated_candidate,slot_sanity_or_static_issue,LLM_review_or_future_special_module,,,NONE_BASE,1,0,1
Y1_R033_C06_S06,Y1_basic_boolean,Y1,CASE WHEN ('active3' NOT LIKE 'ac%') THEN TRUE ELSE FALSE END,CASE WHEN ('active3' NOT LIKE 'ac%') THEN TRUE ELSE FALSE END,like_ilike,0,0.85,1.0,0.8,0.0,T0_generated_candidate,slot_sanity_or_static_issue,LLM_review_or_future_special_module,,,NONE_BASE,1,0,1
Y1_R033_C07_S01,Y1_basic_boolean,Y1,('beta7' NOT LIKE 'zz%') AND (82 = 82),('beta7' NOT LIKE 'zz%') AND (82 = 82),like_ilike,0,0.85,1.0,0.8,0.0,T0_generated_candidate,slot_sanity_or_static_issue,LLM_review_or_future_special_module,,,NONE_BASE,1,0,1
Y1_R033_C07_S02,Y1_basic_boolean,Y1,('gamma8' NOT LIKE 'zz%') AND (95 = 95),('gamma8' NOT LIKE 'zz%') AND (95 = 95),like_ilike,0,0.85,1.0,0.8,0.0,T0_generated_candidate,slot_sanity_or_static_issue,LLM_review_or_future_special_module,,,NONE_BASE,1,0,1
Y1_R033_C07_S03,Y1_basic_boolean,Y1,('delta0' NOT LIKE 'zz%') AND (11 = 11),('delta0' NOT LIKE 'zz%') AND (11 = 11),like_ilike,0,0.85,1.0,0.8,0.0,T0_generated_candidate,slot_sanity_or_static_issue,LLM_review_or_future_special_module,,,NONE_BASE,1,0,1
Y1_R033_C07_S04,Y1_basic_boolean,Y1,('omega1' NOT LIKE 'om%') AND (24 = 24),('omega1' NOT LIKE 'om%') AND (24 = 24),like_ilike,0,0.85,1.0,0.8,0.0,T0_generated_candidate,slot_sanity_or_static_issue,LLM_review_or_future_special_module,,,NONE_BASE,1,0,1
Y1_R033_C07_S05,Y1_basic_boolean,Y1,('active2' NOT LIKE 'ac%') AND (37 = 37),('active2' NOT LIKE 'ac%') AND (37 = 37),like_ilike,0,0.85,1.0,0.8,0.0,T0_generated_candidate,slot_sanity_or_static_issue,LLM_review_or_future_special_module,,,NONE_BASE,1,0,1
Y1_R033_C07_S06,Y1_basic_boolean,Y1,('pending3' NOT LIKE 'pe%') AND (50 = 50),('pending3' NOT LIKE 'pe%') AND (50 = 50),like_ilike,0,0.85,1.0,0.8,0.0,T0_generated_candidate,slot_sanity_or_static_issue,LLM_review_or_future_special_module,,,NONE_BASE,1,0,1
Y1_R033_C08_S01,Y1_basic_boolean,Y1,('gamma7' NOT LIKE 'zz%') OR (13 <> 13),('gamma7' NOT LIKE 'zz%') OR (13 <> 13),like_ilike,0,0.85,1.0,0.8,0.0,T0_generated_candidate,slot_sanity_or_static_issue,LLM_review_or_future_special_module,,,NONE_BASE,1,0,1
Y1_R033_C08_S02,Y1_basic_boolean,Y1,('delta8' NOT LIKE 'zz%') OR (26 <> 26),('delta8' NOT LIKE 'zz%') OR (26 <> 26),like_ilike,0,0.85,1.0,0.8,0.0,T0_generated_candidate,slot_sanity_or_static_issue,LLM_review_or_future_special_module,,,NONE_BASE,1,0,1
Y1_R033_C08_S03,Y1_basic_boolean,Y1,('omega0' NOT LIKE 'zz%') OR (39 <> 39),('omega0' NOT LIKE 'zz%') OR (39 <> 39),like_ilike,0,0.85,1.0,0.8,0.0,T0_generated_candidate,slot_sanity_or_static_issue,LLM_review_or_future_special_module,,,NONE_BASE,1,0,1
Y1_R033_C08_S04,Y1_basic_boolean,Y1,('active1' NOT LIKE 'ac%') OR (52 <> 52),('active1' NOT LIKE 'ac%') OR (52 <> 52),like_ilike,0,0.85,1.0,0.8,0.0,T0_generated_candidate,slot_sanity_or_static_issue,LLM_review_or_future_special_module,,,NONE_BASE,1,0,1
Y1_R033_C08_S05,Y1_basic_boolean,Y1,('pending2' NOT LIKE 'pe%') OR (65 <> 65),('pending2' NOT LIKE 'pe%') OR (65 <> 65),like_ilike,0,0.85,1.0,0.8,0.0,T0_generated_candidate,slot_sanity_or_static_issue,LLM_review_or_future_special_module,,,NONE_BASE,1,0,1
Y1_R033_C08_S06,Y1_basic_boolean,Y1,('public3' NOT LIKE 'pu%') OR (78 <> 78),('public3' NOT LIKE 'pu%') OR (78 <> 78),like_ilike,0,0.85,1.0,0.8,0.0,T0_generated_candidate,slot_sanity_or_static_issue,LLM_review_or_future_special_module,,,NONE_BASE,1,0,1
Y1_R033_C09_S01,Y1_basic_boolean,Y1,(('delta7' NOT LIKE 'zz%') = TRUE),(('delta7' NOT LIKE 'zz%') = TRUE),like_ilike,0,0.85,1.0,0.8,0.0,T0_generated_candidate,slot_sanity_or_static_issue,LLM_review_or_future_special_module,,,NONE_BASE,1,0,1
Y1_R033_C09_S02,Y1_basic_boolean,Y1,(('omega8' NOT LIKE 'zz%') = TRUE),(('omega8' NOT LIKE 'zz%') = TRUE),like_ilike,0,0.85,1.0,0.8,0.0,T0_generated_candidate,slot_sanity_or_static_issue,LLM_review_or_future_special_module,,,NONE_BASE,1,0,1
Y1_R033_C09_S03,Y1_basic_boolean,Y1,(('active0' NOT LIKE 'zz%') = TRUE),(('active0' NOT LIKE 'zz%') = TRUE),like_ilike,0,0.85,1.0,0.8,0.0,T0_generated_candidate,slot_sanity_or_static_issue,LLM_review_or_future_special_module,,,NONE_BASE,1,0,1
Y1_R033_C09_S04,Y1_basic_boolean,Y1,(('pending1' NOT LIKE 'pe%') = TRUE),(('pending1' NOT LIKE 'pe%') = TRUE),like_ilike,0,0.85,1.0,0.8,0.0,T0_generated_candidate,slot_sanity_or_static_issue,LLM_review_or_future_special_module,,,NONE_BASE,1,0,1
Y1_R033_C09_S05,Y1_basic_boolean,Y1,(('public2' NOT LIKE 'pu%') = TRUE),(('public2' NOT LIKE 'pu%') = TRUE),like_ilike,0,0.85,1.0,0.8,0.0,T0_generated_candidate,slot_sanity_or_static_issue,LLM_review_or_future_special_module,,,NONE_BASE,1,0,1
Y1_R033_C09_S06,Y1_basic_boolean,Y1,(('member3' NOT LIKE 'me%') = TRUE),(('member3' NOT LIKE 'me%') = TRUE),like_ilike,0,0.85,1.0,0.8,0.0,T0_generated_candidate,slot_sanity_or_static_issue,LLM_review_or_future_special_module,,,NONE_BASE,1,0,1
Y1_R033_C10_S01,Y1_basic_boolean,Y1,"COALESCE(('omega7' NOT LIKE 'zz%'), FALSE)","COALESCE(('omega7' NOT LIKE 'zz%'), FALSE)",like_ilike,0,0.85,1.0,0.8,0.0,T0_generated_candidate,slot_sanity_or_static_issue,LLM_review_or_future_special_module,,,NONE_BASE,1,0,1
Y1_R033_C10_S02,Y1_basic_boolean,Y1,"COALESCE(('active8' NOT LIKE 'zz%'), FALSE)","COALESCE(('active8' NOT LIKE 'zz%'), FALSE)",like_ilike,0,0.85,1.0,0.8,0.0,T0_generated_candidate,slot_sanity_or_static_issue,LLM_review_or_future_special_module,,,NONE_BASE,1,0,1
Y1_R033_C10_S03,Y1_basic_boolean,Y1,"COALESCE(('pending0' NOT LIKE 'zz%'), FALSE)","COALESCE(('pending0' NOT LIKE 'zz%'), FALSE)",like_ilike,0,0.85,1.0,0.8,0.0,T0_generated_candidate,slot_sanity_or_static_issue,LLM_review_or_future_special_module,,,NONE_BASE,1,0,1
Y1_R033_C10_S04,Y1_basic_boolean,Y1,"COALESCE(('public1' NOT LIKE 'pu%'), FALSE)","COALESCE(('public1' NOT LIKE 'pu%'), FALSE)",like_ilike,0,0.85,1.0,0.8,0.0,T0_generated_candidate,slot_sanity_or_static_issue,LLM_review_or_future_special_module,,,NONE_BASE,1,0,1
Y1_R033_C10_S05,Y1_basic_boolean,Y1,"COALESCE(('member2' NOT LIKE 'me%'), FALSE)","COALESCE(('member2' NOT LIKE 'me%'), FALSE)",like_ilike,0,0.85,1.0,0.8,0.0,T0_generated_candidate,slot_sanity_or_static_issue,LLM_review_or_future_special_module,,,NONE_BASE,1,0,1
Y1_R033_C10_S06,Y1_basic_boolean,Y1,"COALESCE(('stone3' NOT LIKE 'st%'), FALSE)","COALESCE(('stone3' NOT LIKE 'st%'), FALSE)",like_ilike,0,0.85,1.0,0.8,0.0,T0_generated_candidate,slot_sanity_or_static_issue,LLM_review_or_future_special_module,,,NONE_BASE,1,0,1
Y1_R034_C01_S01,Y1_basic_boolean,Y1,'safe8' LIKE '%e8','safe8' LIKE '%e8',like_ilike,0,0.85,1.0,0.8,0.0,T0_generated_candidate,slot_sanity_or_static_issue,LLM_review_or_future_special_module,,,NONE_BASE,1,0,1
Y1_R034_C01_S02,Y1_basic_boolean,Y1,'audit0' LIKE '%t0','audit0' LIKE '%t0',like_ilike,0,0.85,1.0,0.8,0.0,T0_generated_candidate,slot_sanity_or_static_issue,LLM_review_or_future_special_module,,,NONE_BASE,1,0,1
Y1_R034_C01_S03,Y1_basic_boolean,Y1,'trace1' LIKE '%e1','trace1' LIKE '%e1',like_ilike,0,0.85,1.0,0.8,0.0,T0_generated_candidate,slot_sanity_or_static_issue,LLM_review_or_future_special_module,,,NONE_BASE,1,0,1
Y1_R034_C01_S04,Y1_basic_boolean,Y1,'signal2' LIKE '%zz','signal2' LIKE '%zz',like_ilike,0,0.85,1.0,0.8,0.0,T0_generated_candidate,slot_sanity_or_static_issue,LLM_review_or_future_special_module,,,NONE_BASE,1,0,1
Y1_R034_C01_S05,Y1_basic_boolean,Y1,'alpha3' LIKE '%zz','alpha3' LIKE '%zz',like_ilike,0,0.85,1.0,0.8,0.0,T0_generated_candidate,slot_sanity_or_static_issue,LLM_review_or_future_special_module,,,NONE_BASE,1,0,1
Y1_R034_C01_S06,Y1_basic_boolean,Y1,'beta4' LIKE '%zz','beta4' LIKE '%zz',like_ilike,0,0.85,1.0,0.8,0.0,T0_generated_candidate,slot_sanity_or_static_issue,LLM_review_or_future_special_module,,,NONE_BASE,1,0,1
Y1_R034_C02_S01,Y1_basic_boolean,Y1,('audit8' LIKE '%t8'),('audit8' LIKE '%t8'),like_ilike,0,0.85,1.0,0.8,0.0,T0_generated_candidate,slot_sanity_or_static_issue,LLM_review_or_future_special_module,,,NONE_BASE,1,0,1
Y1_R034_C02_S02,Y1_basic_boolean,Y1,('trace0' LIKE '%e0'),('trace0' LIKE '%e0'),like_ilike,0,0.85,1.0,0.8,0.0,T0_generated_candidate,slot_sanity_or_static_issue,LLM_review_or_future_special_module,,,NONE_BASE,1,0,1
Y1_R034_C02_S03,Y1_basic_boolean,Y1,('signal1' LIKE '%l1'),('signal1' LIKE '%l1'),like_ilike,0,0.85,1.0,0.8,0.0,T0_generated_candidate,slot_sanity_or_static_issue,LLM_review_or_future_special_module,,,NONE_BASE,1,0,1
Y1_R034_C02_S04,Y1_basic_boolean,Y1,('alpha2' LIKE '%zz'),('alpha2' LIKE '%zz'),like_ilike,0,0.85,1.0,0.8,0.0,T0_generated_candidate,slot_sanity_or_static_issue,LLM_review_or_future_special_module,,,NONE_BASE,1,0,1
Y1_R034_C02_S05,Y1_basic_boolean,Y1,('beta3' LIKE '%zz'),('beta3' LIKE '%zz'),like_ilike,0,0.85,1.0,0.8,0.0,T0_generated_candidate,slot_sanity_or_static_issue,LLM_review_or_future_special_module,,,NONE_BASE,1,0,1
Y1_R034_C02_S06,Y1_basic_boolean,Y1,('gamma4' LIKE '%zz'),('gamma4' LIKE '%zz'),like_ilike,0,0.85,1.0,0.8,0.0,T0_generated_candidate,slot_sanity_or_static_issue,LLM_review_or_future_special_module,,,NONE_BASE,1,0,1
Y1_R034_C03_S01,Y1_basic_boolean,Y1,NOT ('trace8' LIKE '%zz'),NOT ('trace8' LIKE '%zz'),like_ilike,0,0.85,1.0,0.8,0.0,T0_generated_candidate,slot_sanity_or_static_issue,LLM_review_or_future_special_module,,,NONE_BASE,1,0,1
Y1_R034_C03_S02,Y1_basic_boolean,Y1,NOT ('signal0' LIKE '%zz'),NOT ('signal0' LIKE '%zz'),like_ilike,0,0.85,1.0,0.8,0.0,T0_generated_candidate,slot_sanity_or_static_issue,LLM_review_or_future_special_module,,,NONE_BASE,1,0,1
Y1_R034_C03_S03,Y1_basic_boolean,Y1,NOT ('alpha1' LIKE '%zz'),NOT ('alpha1' LIKE '%zz'),like_ilike,0,0.85,1.0,0.8,0.0,T0_generated_candidate,slot_sanity_or_static_issue,LLM_review_or_future_special_module,,,NONE_BASE,1,0,1
Y1_R034_C03_S04,Y1_basic_boolean,Y1,NOT ('beta2' LIKE '%a2'),NOT ('beta2' LIKE '%a2'),like_ilike,0,0.85,1.0,0.8,0.0,T0_generated_candidate,slot_sanity_or_static_issue,LLM_review_or_future_special_module,,,NONE_BASE,1,0,1
Y1_R034_C03_S05,Y1_basic_boolean,Y1,NOT ('gamma3' LIKE '%a3'),NOT ('gamma3' LIKE '%a3'),like_ilike,0,0.85,1.0,0.8,0.0,T0_generated_candidate,slot_sanity_or_static_issue,LLM_review_or_future_special_module,,,NONE_BASE,1,0,1
Y1_R034_C03_S06,Y1_basic_boolean,Y1,NOT ('delta4' LIKE '%a4'),NOT ('delta4' LIKE '%a4'),like_ilike,0,0.85,1.0,0.8,0.0,T0_generated_candidate,slot_sanity_or_static_issue,LLM_review_or_future_special_module,,,NONE_BASE,1,0,1
Y1_R034_C04_S01,Y1_basic_boolean,Y1,('signal8' LIKE '%l8') IS TRUE,('signal8' LIKE '%l8') IS TRUE,like_ilike,0,0.85,1.0,0.8,0.0,T0_generated_candidate,slot_sanity_or_static_issue,LLM_review_or_future_special_module,,,NONE_BASE,1,0,1
Y1_R034_C04_S02,Y1_basic_boolean,Y1,('alpha0' LIKE '%a0') IS TRUE,('alpha0' LIKE '%a0') IS TRUE,like_ilike,0,0.85,1.0,0.8,0.0,T0_generated_candidate,slot_sanity_or_static_issue,LLM_review_or_future_special_module,,,NONE_BASE,1,0,1
Y1_R034_C04_S03,Y1_basic_boolean,Y1,('beta1' LIKE '%a1') IS TRUE,('beta1' LIKE '%a1') IS TRUE,like_ilike,0,0.85,1.0,0.8,0.0,T0_generated_candidate,slot_sanity_or_static_issue,LLM_review_or_future_special_module,,,NONE_BASE,1,0,1
Y1_R034_C04_S04,Y1_basic_boolean,Y1,('gamma2' LIKE '%zz') IS TRUE,('gamma2' LIKE '%zz') IS TRUE,like_ilike,0,0.85,1.0,0.8,0.0,T0_generated_candidate,slot_sanity_or_static_issue,LLM_review_or_future_special_module,,,NONE_BASE,1,0,1
Y1_R034_C04_S05,Y1_basic_boolean,Y1,('delta3' LIKE '%zz') IS TRUE,('delta3' LIKE '%zz') IS TRUE,like_ilike,0,0.85,1.0,0.8,0.0,T0_generated_candidate,slot_sanity_or_static_issue,LLM_review_or_future_special_module,,,NONE_BASE,1,0,1
Y1_R034_C04_S06,Y1_basic_boolean,Y1,('omega4' LIKE '%zz') IS TRUE,('omega4' LIKE '%zz') IS TRUE,like_ilike,0,0.85,1.0,0.8,0.0,T0_generated_candidate,slot_sanity_or_static_issue,LLM_review_or_future_special_module,,,NONE_BASE,1,0,1
Y1_R034_C05_S01,Y1_basic_boolean,Y1,('alpha8' LIKE '%a8') IS NOT FALSE,('alpha8' LIKE '%a8') IS NOT FALSE,like_ilike,0,0.85,1.0,0.8,0.0,T0_generated_candidate,slot_sanity_or_static_issue,LLM_review_or_future_special_module,,,NONE_BASE,1,0,1
Y1_R034_C05_S02,Y1_basic_boolean,Y1,('beta0' LIKE '%a0') IS NOT FALSE,('beta0' LIKE '%a0') IS NOT FALSE,like_ilike,0,0.85,1.0,0.8,0.0,T0_generated_candidate,slot_sanity_or_static_issue,LLM_review_or_future_special_module,,,NONE_BASE,1,0,1
Y1_R034_C05_S03,Y1_basic_boolean,Y1,('gamma1' LIKE '%a1') IS NOT FALSE,('gamma1' LIKE '%a1') IS NOT FALSE,like_ilike,0,0.85,1.0,0.8,0.0,T0_generated_candidate,slot_sanity_or_static_issue,LLM_review_or_future_special_module,,,NONE_BASE,1,0,1
Y1_R034_C05_S04,Y1_basic_boolean,Y1,('delta2' LIKE '%zz') IS NOT FALSE,('delta2' LIKE '%zz') IS NOT FALSE,like_ilike,0,0.85,1.0,0.8,0.0,T0_generated_candidate,slot_sanity_or_static_issue,LLM_review_or_future_special_module,,,NONE_BASE,1,0,1
Y1_R034_C05_S05,Y1_basic_boolean,Y1,('omega3' LIKE '%zz') IS NOT FALSE,('omega3' LIKE '%zz') IS NOT FALSE,like_ilike,0,0.85,1.0,0.8,0.0,T0_generated_candidate,slot_sanity_or_static_issue,LLM_review_or_future_special_module,,,NONE_BASE,1,0,1
Y1_R034_C05_S06,Y1_basic_boolean,Y1,('active4' LIKE '%zz') IS NOT FALSE,('active4' LIKE '%zz') IS NOT FALSE,like_ilike,0,0.85,1.0,0.8,0.0,T0_generated_candidate,slot_sanity_or_static_issue,LLM_review_or_future_special_module,,,NONE_BASE,1,0,1
Y1_R034_C06_S01,Y1_basic_boolean,Y1,CASE WHEN ('beta8' LIKE '%a8') THEN TRUE ELSE FALSE END,CASE WHEN ('beta8' LIKE '%a8') THEN TRUE ELSE FALSE END,like_ilike,0,0.85,1.0,0.8,0.0,T0_generated_candidate,slot_sanity_or_static_issue,LLM_review_or_future_special_module,,,NONE_BASE,1,0,1
Y1_R034_C06_S02,Y1_basic_boolean,Y1,CASE WHEN ('gamma0' LIKE '%a0') THEN TRUE ELSE FALSE END,CASE WHEN ('gamma0' LIKE '%a0') THEN TRUE ELSE FALSE END,like_ilike,0,0.85,1.0,0.8,0.0,T0_generated_candidate,slot_sanity_or_static_issue,LLM_review_or_future_special_module,,,NONE_BASE,1,0,1
Y1_R034_C06_S03,Y1_basic_boolean,Y1,CASE WHEN ('delta1' LIKE '%a1') THEN TRUE ELSE FALSE END,CASE WHEN ('delta1' LIKE '%a1') THEN TRUE ELSE FALSE END,like_ilike,0,0.85,1.0,0.8,0.0,T0_generated_candidate,slot_sanity_or_static_issue,LLM_review_or_future_special_module,,,NONE_BASE,1,0,1
Y1_R034_C06_S04,Y1_basic_boolean,Y1,CASE WHEN ('omega2' LIKE '%zz') THEN TRUE ELSE FALSE END,CASE WHEN ('omega2' LIKE '%zz') THEN TRUE ELSE FALSE END,like_ilike,0,0.85,1.0,0.8,0.0,T0_generated_candidate,slot_sanity_or_static_issue,LLM_review_or_future_special_module,,,NONE_BASE,1,0,1
Y1_R034_C06_S05,Y1_basic_boolean,Y1,CASE WHEN ('active3' LIKE '%zz') THEN TRUE ELSE FALSE END,CASE WHEN ('active3' LIKE '%zz') THEN TRUE ELSE FALSE END,like_ilike,0,0.85,1.0,0.8,0.0,T0_generated_candidate,slot_sanity_or_static_issue,LLM_review_or_future_special_module,,,NONE_BASE,1,0,1
Y1_R034_C06_S06,Y1_basic_boolean,Y1,CASE WHEN ('pending4' LIKE '%zz') THEN TRUE ELSE FALSE END,CASE WHEN ('pending4' LIKE '%zz') THEN TRUE ELSE FALSE END,like_ilike,0,0.85,1.0,0.8,0.0,T0_generated_candidate,slot_sanity_or_static_issue,LLM_review_or_future_special_module,,,NONE_BASE,1,0,1
Y1_R034_C07_S01,Y1_basic_boolean,Y1,('gamma8' LIKE '%a8') AND (89 = 89),('gamma8' LIKE '%a8') AND (89 = 89),like_ilike,0,0.85,1.0,0.8,0.0,T0_generated_candidate,slot_sanity_or_static_issue,LLM_review_or_future_special_module,,,NONE_BASE,1,0,1
Y1_R034_C07_S02,Y1_basic_boolean,Y1,('delta0' LIKE '%a0') AND (5 = 5),('delta0' LIKE '%a0') AND (5 = 5),like_ilike,0,0.85,1.0,0.8,0.0,T0_generated_candidate,slot_sanity_or_static_issue,LLM_review_or_future_special_module,,,NONE_BASE,1,0,1
Y1_R034_C07_S03,Y1_basic_boolean,Y1,('omega1' LIKE '%a1') AND (18 = 18),('omega1' LIKE '%a1') AND (18 = 18),like_ilike,0,0.85,1.0,0.8,0.0,T0_generated_candidate,slot_sanity_or_static_issue,LLM_review_or_future_special_module,,,NONE_BASE,1,0,1
Y1_R034_C07_S04,Y1_basic_boolean,Y1,('active2' LIKE '%zz') AND (31 = 31),('active2' LIKE '%zz') AND (31 = 31),like_ilike,0,0.85,1.0,0.8,0.0,T0_generated_candidate,slot_sanity_or_static_issue,LLM_review_or_future_special_module,,,NONE_BASE,1,0,1
Y1_R034_C07_S05,Y1_basic_boolean,Y1,('pending3' LIKE '%zz') AND (44 = 44),('pending3' LIKE '%zz') AND (44 = 44),like_ilike,0,0.85,1.0,0.8,0.0,T0_generated_candidate,slot_sanity_or_static_issue,LLM_review_or_future_special_module,,,NONE_BASE,1,0,1
Y1_R034_C07_S06,Y1_basic_boolean,Y1,('public4' LIKE '%zz') AND (57 = 57),('public4' LIKE '%zz') AND (57 = 57),like_ilike,0,0.85,1.0,0.8,0.0,T0_generated_candidate,slot_sanity_or_static_issue,LLM_review_or_future_special_module,,,NONE_BASE,1,0,1
Y1_R034_C08_S01,Y1_basic_boolean,Y1,('delta8' LIKE '%a8') OR (20 <> 20),('delta8' LIKE '%a8') OR (20 <> 20),like_ilike,0,0.85,1.0,0.8,0.0,T0_generated_candidate,slot_sanity_or_static_issue,LLM_review_or_future_special_module,,,NONE_BASE,1,0,1
Y1_R034_C08_S02,Y1_basic_boolean,Y1,('omega0' LIKE '%a0') OR (33 <> 33),('omega0' LIKE '%a0') OR (33 <> 33),like_ilike,0,0.85,1.0,0.8,0.0,T0_generated_candidate,slot_sanity_or_static_issue,LLM_review_or_future_special_module,,,NONE_BASE,1,0,1
Y1_R034_C08_S03,Y1_basic_boolean,Y1,('active1' LIKE '%e1') OR (46 <> 46),('active1' LIKE '%e1') OR (46 <> 46),like_ilike,0,0.85,1.0,0.8,0.0,T0_generated_candidate,slot_sanity_or_static_issue,LLM_review_or_future_special_module,,,NONE_BASE,1,0,1
Y1_R034_C08_S04,Y1_basic_boolean,Y1,('pending2' LIKE '%zz') OR (59 <> 59),('pending2' LIKE '%zz') OR (59 <> 59),like_ilike,0,0.85,1.0,0.8,0.0,T0_generated_candidate,slot_sanity_or_static_issue,LLM_review_or_future_special_module,,,NONE_BASE,1,0,1
Y1_R034_C08_S05,Y1_basic_boolean,Y1,('public3' LIKE '%zz') OR (72 <> 72),('public3' LIKE '%zz') OR (72 <> 72),like_ilike,0,0.85,1.0,0.8,0.0,T0_generated_candidate,slot_sanity_or_static_issue,LLM_review_or_future_special_module,,,NONE_BASE,1,0,1
Y1_R034_C08_S06,Y1_basic_boolean,Y1,('member4' LIKE '%zz') OR (85 <> 85),('member4' LIKE '%zz') OR (85 <> 85),like_ilike,0,0.85,1.0,0.8,0.0,T0_generated_candidate,slot_sanity_or_static_issue,LLM_review_or_future_special_module,,,NONE_BASE,1,0,1
Y1_R034_C09_S01,Y1_basic_boolean,Y1,(('omega8' LIKE '%a8') = TRUE),(('omega8' LIKE '%a8') = TRUE),like_ilike,0,0.85,1.0,0.8,0.0,T0_generated_candidate,slot_sanity_or_static_issue,LLM_review_or_future_special_module,,,NONE_BASE,1,0,1
Y1_R034_C09_S02,Y1_basic_boolean,Y1,(('active0' LIKE '%e0') = TRUE),(('active0' LIKE '%e0') = TRUE),like_ilike,0,0.85,1.0,0.8,0.0,T0_generated_candidate,slot_sanity_or_static_issue,LLM_review_or_future_special_module,,,NONE_BASE,1,0,1
Y1_R034_C09_S03,Y1_basic_boolean,Y1,(('pending1' LIKE '%g1') = TRUE),(('pending1' LIKE '%g1') = TRUE),like_ilike,0,0.85,1.0,0.8,0.0,T0_generated_candidate,slot_sanity_or_static_issue,LLM_review_or_future_special_module,,,NONE_BASE,1,0,1
Y1_R034_C09_S04,Y1_basic_boolean,Y1,(('public2' LIKE '%zz') = TRUE),(('public2' LIKE '%zz') = TRUE),like_ilike,0,0.85,1.0,0.8,0.0,T0_generated_candidate,slot_sanity_or_static_issue,LLM_review_or_future_special_module,,,NONE_BASE,1,0,1
Y1_R034_C09_S05,Y1_basic_boolean,Y1,(('member3' LIKE '%zz') = TRUE),(('member3' LIKE '%zz') = TRUE),like_ilike,0,0.85,1.0,0.8,0.0,T0_generated_candidate,slot_sanity_or_static_issue,LLM_review_or_future_special_module,,,NONE_BASE,1,0,1
Y1_R034_C09_S06,Y1_basic_boolean,Y1,(('stone4' LIKE '%zz') = TRUE),(('stone4' LIKE '%zz') = TRUE),like_ilike,0,0.85,1.0,0.8,0.0,T0_generated_candidate,slot_sanity_or_static_issue,LLM_review_or_future_special_module,,,NONE_BASE,1,0,1
Y1_R034_C10_S01,Y1_basic_boolean,Y1,"COALESCE(('active8' LIKE '%e8'), FALSE)","COALESCE(('active8' LIKE '%e8'), FALSE)",like_ilike,0,0.85,1.0,0.8,0.0,T0_generated_candidate,slot_sanity_or_static_issue,LLM_review_or_future_special_module,,,NONE_BASE,1,0,1
Y1_R034_C10_S02,Y1_basic_boolean,Y1,"COALESCE(('pending0' LIKE '%g0'), FALSE)","COALESCE(('pending0' LIKE '%g0'), FALSE)",like_ilike,0,0.85,1.0,0.8,0.0,T0_generated_candidate,slot_sanity_or_static_issue,LLM_review_or_future_special_module,,,NONE_BASE,1,0,1
Y1_R034_C10_S03,Y1_basic_boolean,Y1,"COALESCE(('public1' LIKE '%c1'), FALSE)","COALESCE(('public1' LIKE '%c1'), FALSE)",like_ilike,0,0.85,1.0,0.8,0.0,T0_generated_candidate,slot_sanity_or_static_issue,LLM_review_or_future_special_module,,,NONE_BASE,1,0,1
Y1_R034_C10_S04,Y1_basic_boolean,Y1,"COALESCE(('member2' LIKE '%zz'), FALSE)","COALESCE(('member2' LIKE '%zz'), FALSE)",like_ilike,0,0.85,1.0,0.8,0.0,T0_generated_candidate,slot_sanity_or_static_issue,LLM_review_or_future_special_module,,,NONE_BASE,1,0,1
Y1_R034_C10_S05,Y1_basic_boolean,Y1,"COALESCE(('stone3' LIKE '%zz'), FALSE)","COALESCE(('stone3' LIKE '%zz'), FALSE)",like_ilike,0,0.85,1.0,0.8,0.0,T0_generated_candidate,slot_sanity_or_static_issue,LLM_review_or_future_special_module,,,NONE_BASE,1,0,1
Y1_R034_C10_S06,Y1_basic_boolean,Y1,"COALESCE(('north4' LIKE '%zz'), FALSE)","COALESCE(('north4' LIKE '%zz'), FALSE)",like_ilike,0,0.85,1.0,0.8,0.0,T0_generated_candidate,slot_sanity_or_static_issue,LLM_review_or_future_special_module,,,NONE_BASE,1,0,1
Y1_R035_C01_S01,Y1_basic_boolean,Y1,'audit0' ILIKE '%ud%','audit0' ILIKE '%ud%',like_ilike,0,0.85,1.0,0.8,0.0,T0_generated_candidate,slot_sanity_or_static_issue,LLM_review_or_future_special_module,,,NONE_BASE,1,0,1
Y1_R035_C01_S02,Y1_basic_boolean,Y1,'trace1' ILIKE '%ra%','trace1' ILIKE '%ra%',like_ilike,0,0.85,1.0,0.8,0.0,T0_generated_candidate,slot_sanity_or_static_issue,LLM_review_or_future_special_module,,,NONE_BASE,1,0,1
Y1_R035_C01_S03,Y1_basic_boolean,Y1,'signal2' ILIKE '%ig%','signal2' ILIKE '%ig%',like_ilike,0,0.85,1.0,0.8,0.0,T0_generated_candidate,slot_sanity_or_static_issue,LLM_review_or_future_special_module,,,NONE_BASE,1,0,1
Y1_R035_C01_S04,Y1_basic_boolean,Y1,'alpha3' ILIKE '%zz%','alpha3' ILIKE '%zz%',like_ilike,0,0.85,1.0,0.8,0.0,T0_generated_candidate,slot_sanity_or_static_issue,LLM_review_or_future_special_module,,,NONE_BASE,1,0,1
Y1_R035_C01_S05,Y1_basic_boolean,Y1,'beta4' ILIKE '%zz%','beta4' ILIKE '%zz%',like_ilike,0,0.85,1.0,0.8,0.0,T0_generated_candidate,slot_sanity_or_static_issue,LLM_review_or_future_special_module,,,NONE_BASE,1,0,1
Y1_R035_C01_S06,Y1_basic_boolean,Y1,'gamma5' ILIKE '%zz%','gamma5' ILIKE '%zz%',like_ilike,0,0.85,1.0,0.8,0.0,T0_generated_candidate,slot_sanity_or_static_issue,LLM_review_or_future_special_module,,,NONE_BASE,1,0,1
Y1_R035_C02_S01,Y1_basic_boolean,Y1,('trace0' ILIKE '%ra%'),('trace0' ILIKE '%ra%'),like_ilike,0,0.85,1.0,0.8,0.0,T0_generated_candidate,slot_sanity_or_static_issue,LLM_review_or_future_special_module,,,NONE_BASE,1,0,1
Y1_R035_C02_S02,Y1_basic_boolean,Y1,('signal1' ILIKE '%ig%'),('signal1' ILIKE '%ig%'),like_ilike,0,0.85,1.0,0.8,0.0,T0_generated_candidate,slot_sanity_or_static_issue,LLM_review_or_future_special_module,,,NONE_BASE,1,0,1
Y1_R035_C02_S03,Y1_basic_boolean,Y1,('alpha2' ILIKE '%lp%'),('alpha2' ILIKE '%lp%'),like_ilike,0,0.85,1.0,0.8,0.0,T0_generated_candidate,slot_sanity_or_static_issue,LLM_review_or_future_special_module,,,NONE_BASE,1,0,1
Y1_R035_C02_S04,Y1_basic_boolean,Y1,('beta3' ILIKE '%zz%'),('beta3' ILIKE '%zz%'),like_ilike,0,0.85,1.0,0.8,0.0,T0_generated_candidate,slot_sanity_or_static_issue,LLM_review_or_future_special_module,,,NONE_BASE,1,0,1
Y1_R035_C02_S05,Y1_basic_boolean,Y1,('gamma4' ILIKE '%zz%'),('gamma4' ILIKE '%zz%'),like_ilike,0,0.85,1.0,0.8,0.0,T0_generated_candidate,slot_sanity_or_static_issue,LLM_review_or_future_special_module,,,NONE_BASE,1,0,1
Y1_R035_C02_S06,Y1_basic_boolean,Y1,('delta5' ILIKE '%zz%'),('delta5' ILIKE '%zz%'),like_ilike,0,0.85,1.0,0.8,0.0,T0_generated_candidate,slot_sanity_or_static_issue,LLM_review_or_future_special_module,,,NONE_BASE,1,0,1
Y1_R035_C03_S01,Y1_basic_boolean,Y1,NOT ('signal0' ILIKE '%zz%'),NOT ('signal0' ILIKE '%zz%'),like_ilike,0,0.85,1.0,0.8,0.0,T0_generated_candidate,slot_sanity_or_static_issue,LLM_review_or_future_special_module,,,NONE_BASE,1,0,1
Y1_R035_C03_S02,Y1_basic_boolean,Y1,NOT ('alpha1' ILIKE '%zz%'),NOT ('alpha1' ILIKE '%zz%'),like_ilike,0,0.85,1.0,0.8,0.0,T0_generated_candidate,slot_sanity_or_static_issue,LLM_review_or_future_special_module,,,NONE_BASE,1,0,1
Y1_R035_C03_S03,Y1_basic_boolean,Y1,NOT ('beta2' ILIKE '%zz%'),NOT ('beta2' ILIKE '%zz%'),like_ilike,0,0.85,1.0,0.8,0.0,T0_generated_candidate,slot_sanity_or_static_issue,LLM_review_or_future_special_module,,,NONE_BASE,1,0,1
Y1_R035_C03_S04,Y1_basic_boolean,Y1,NOT ('gamma3' ILIKE '%am%'),NOT ('gamma3' ILIKE '%am%'),like_ilike,0,0.85,1.0,0.8,0.0,T0_generated_candidate,slot_sanity_or_static_issue,LLM_review_or_future_special_module,,,NONE_BASE,1,0,1
Y1_R035_C03_S05,Y1_basic_boolean,Y1,NOT ('delta4' ILIKE '%el%'),NOT ('delta4' ILIKE '%el%'),like_ilike,0,0.85,1.0,0.8,0.0,T0_generated_candidate,slot_sanity_or_static_issue,LLM_review_or_future_special_module,,,NONE_BASE,1,0,1
Y1_R035_C03_S06,Y1_basic_boolean,Y1,NOT ('omega5' ILIKE '%me%'),NOT ('omega5' ILIKE '%me%'),like_ilike,0,0.85,1.0,0.8,0.0,T0_generated_candidate,slot_sanity_or_static_issue,LLM_review_or_future_special_module,,,NONE_BASE,1,0,1
Y1_R035_C04_S01,Y1_basic_boolean,Y1,('alpha0' ILIKE '%lp%') IS TRUE,('alpha0' ILIKE '%lp%') IS TRUE,like_ilike,0,0.85,1.0,0.8,0.0,T0_generated_candidate,slot_sanity_or_static_issue,LLM_review_or_future_special_module,,,NONE_BASE,1,0,1
Y1_R035_C04_S02,Y1_basic_boolean,Y1,('beta1' ILIKE '%et%') IS TRUE,('beta1' ILIKE '%et%') IS TRUE,like_ilike,0,0.85,1.0,0.8,0.0,T0_generated_candidate,slot_sanity_or_static_issue,LLM_review_or_future_special_module,,,NONE_BASE,1,0,1
Y1_R035_C04_S03,Y1_basic_boolean,Y1,('gamma2' ILIKE '%am%') IS TRUE,('gamma2' ILIKE '%am%') IS TRUE,like_ilike,0,0.85,1.0,0.8,0.0,T0_generated_candidate,slot_sanity_or_static_issue,LLM_review_or_future_special_module,,,NONE_BASE,1,0,1
Y1_R035_C04_S04,Y1_basic_boolean,Y1,('delta3' ILIKE '%zz%') IS TRUE,('delta3' ILIKE '%zz%') IS TRUE,like_ilike,0,0.85,1.0,0.8,0.0,T0_generated_candidate,slot_sanity_or_static_issue,LLM_review_or_future_special_module,,,NONE_BASE,1,0,1
Y1_R035_C04_S05,Y1_basic_boolean,Y1,('omega4' ILIKE '%zz%') IS TRUE,('omega4' ILIKE '%zz%') IS TRUE,like_ilike,0,0.85,1.0,0.8,0.0,T0_generated_candidate,slot_sanity_or_static_issue,LLM_review_or_future_special_module,,,NONE_BASE,1,0,1
Y1_R035_C04_S06,Y1_basic_boolean,Y1,('active5' ILIKE '%zz%') IS TRUE,('active5' ILIKE '%zz%') IS TRUE,like_ilike,0,0.85,1.0,0.8,0.0,T0_generated_candidate,slot_sanity_or_static_issue,LLM_review_or_future_special_module,,,NONE_BASE,1,0,1
Y1_R035_C05_S01,Y1_basic_boolean,Y1,('beta0' ILIKE '%et%') IS NOT FALSE,('beta0' ILIKE '%et%') IS NOT FALSE,like_ilike,0,0.85,1.0,0.8,0.0,T0_generated_candidate,slot_sanity_or_static_issue,LLM_review_or_future_special_module,,,NONE_BASE,1,0,1
Y1_R035_C05_S02,Y1_basic_boolean,Y1,('gamma1' ILIKE '%am%') IS NOT FALSE,('gamma1' ILIKE '%am%') IS NOT FALSE,like_ilike,0,0.85,1.0,0.8,0.0,T0_generated_candidate,slot_sanity_or_static_issue,LLM_review_or_future_special_module,,,NONE_BASE,1,0,1
Y1_R035_C05_S03,Y1_basic_boolean,Y1,('delta2' ILIKE '%el%') IS NOT FALSE,('delta2' ILIKE '%el%') IS NOT FALSE,like_ilike,0,0.85,1.0,0.8,0.0,T0_generated_candidate,slot_sanity_or_static_issue,LLM_review_or_future_special_module,,,NONE_BASE,1,0,1
Y1_R035_C05_S04,Y1_basic_boolean,Y1,('omega3' ILIKE '%zz%') IS NOT FALSE,('omega3' ILIKE '%zz%') IS NOT FALSE,like_ilike,0,0.85,1.0,0.8,0.0,T0_generated_candidate,slot_sanity_or_static_issue,LLM_review_or_future_special_module,,,NONE_BASE,1,0,1
Y1_R035_C05_S05,Y1_basic_boolean,Y1,('active4' ILIKE '%zz%') IS NOT FALSE,('active4' ILIKE '%zz%') IS NOT FALSE,like_ilike,0,0.85,1.0,0.8,0.0,T0_generated_candidate,slot_sanity_or_static_issue,LLM_review_or_future_special_module,,,NONE_BASE,1,0,1
Y1_R035_C05_S06,Y1_basic_boolean,Y1,('pending5' ILIKE '%zz%') IS NOT FALSE,('pending5' ILIKE '%zz%') IS NOT FALSE,like_ilike,0,0.85,1.0,0.8,0.0,T0_generated_candidate,slot_sanity_or_static_issue,LLM_review_or_future_special_module,,,NONE_BASE,1,0,1
Y1_R035_C06_S01,Y1_basic_boolean,Y1,CASE WHEN ('gamma0' ILIKE '%am%') THEN TRUE ELSE FALSE END,CASE WHEN ('gamma0' ILIKE '%am%') THEN TRUE ELSE FALSE END,like_ilike,0,0.85,1.0,0.8,0.0,T0_generated_candidate,slot_sanity_or_static_issue,LLM_review_or_future_special_module,,,NONE_BASE,1,0,1
Y1_R035_C06_S02,Y1_basic_boolean,Y1,CASE WHEN ('delta1' ILIKE '%el%') THEN TRUE ELSE FALSE END,CASE WHEN ('delta1' ILIKE '%el%') THEN TRUE ELSE FALSE END,like_ilike,0,0.85,1.0,0.8,0.0,T0_generated_candidate,slot_sanity_or_static_issue,LLM_review_or_future_special_module,,,NONE_BASE,1,0,1
Y1_R035_C06_S03,Y1_basic_boolean,Y1,CASE WHEN ('omega2' ILIKE '%me%') THEN TRUE ELSE FALSE END,CASE WHEN ('omega2' ILIKE '%me%') THEN TRUE ELSE FALSE END,like_ilike,0,0.85,1.0,0.8,0.0,T0_generated_candidate,slot_sanity_or_static_issue,LLM_review_or_future_special_module,,,NONE_BASE,1,0,1
Y1_R035_C06_S04,Y1_basic_boolean,Y1,CASE WHEN ('active3' ILIKE '%zz%') THEN TRUE ELSE FALSE END,CASE WHEN ('active3' ILIKE '%zz%') THEN TRUE ELSE FALSE END,like_ilike,0,0.85,1.0,0.8,0.0,T0_generated_candidate,slot_sanity_or_static_issue,LLM_review_or_future_special_module,,,NONE_BASE,1,0,1
Y1_R035_C06_S05,Y1_basic_boolean,Y1,CASE WHEN ('pending4' ILIKE '%zz%') THEN TRUE ELSE FALSE END,CASE WHEN ('pending4' ILIKE '%zz%') THEN TRUE ELSE FALSE END,like_ilike,0,0.85,1.0,0.8,0.0,T0_generated_candidate,slot_sanity_or_static_issue,LLM_review_or_future_special_module,,,NONE_BASE,1,0,1
Y1_R035_C06_S06,Y1_basic_boolean,Y1,CASE WHEN ('public5' ILIKE '%zz%') THEN TRUE ELSE FALSE END,CASE WHEN ('public5' ILIKE '%zz%') THEN TRUE ELSE FALSE END,like_ilike,0,0.85,1.0,0.8,0.0,T0_generated_candidate,slot_sanity_or_static_issue,LLM_review_or_future_special_module,,,NONE_BASE,1,0,1
Y1_R035_C07_S01,Y1_basic_boolean,Y1,('delta0' ILIKE '%el%') AND (96 = 96),('delta0' ILIKE '%el%') AND (96 = 96),like_ilike,0,0.85,1.0,0.8,0.0,T0_generated_candidate,slot_sanity_or_static_issue,LLM_review_or_future_special_module,,,NONE_BASE,1,0,1
Y1_R035_C07_S02,Y1_basic_boolean,Y1,('omega1' ILIKE '%me%') AND (12 = 12),('omega1' ILIKE '%me%') AND (12 = 12),like_ilike,0,0.85,1.0,0.8,0.0,T0_generated_candidate,slot_sanity_or_static_issue,LLM_review_or_future_special_module,,,NONE_BASE,1,0,1
Y1_R035_C07_S03,Y1_basic_boolean,Y1,('active2' ILIKE '%ct%') AND (25 = 25),('active2' ILIKE '%ct%') AND (25 = 25),like_ilike,0,0.85,1.0,0.8,0.0,T0_generated_candidate,slot_sanity_or_static_issue,LLM_review_or_future_special_module,,,NONE_BASE,1,0,1
Y1_R035_C07_S04,Y1_basic_boolean,Y1,('pending3' ILIKE '%zz%') AND (38 = 38),('pending3' ILIKE '%zz%') AND (38 = 38),like_ilike,0,0.85,1.0,0.8,0.0,T0_generated_candidate,slot_sanity_or_static_issue,LLM_review_or_future_special_module,,,NONE_BASE,1,0,1
Y1_R035_C07_S05,Y1_basic_boolean,Y1,('public4' ILIKE '%zz%') AND (51 = 51),('public4' ILIKE '%zz%') AND (51 = 51),like_ilike,0,0.85,1.0,0.8,0.0,T0_generated_candidate,slot_sanity_or_static_issue,LLM_review_or_future_special_module,,,NONE_BASE,1,0,1
Y1_R035_C07_S06,Y1_basic_boolean,Y1,('member5' ILIKE '%zz%') AND (64 = 64),('member5' ILIKE '%zz%') AND (64 = 64),like_ilike,0,0.85,1.0,0.8,0.0,T0_generated_candidate,slot_sanity_or_static_issue,LLM_review_or_future_special_module,,,NONE_BASE,1,0,1
Y1_R035_C08_S01,Y1_basic_boolean,Y1,('omega0' ILIKE '%me%') OR (27 <> 27),('omega0' ILIKE '%me%') OR (27 <> 27),like_ilike,0,0.85,1.0,0.8,0.0,T0_generated_candidate,slot_sanity_or_static_issue,LLM_review_or_future_special_module,,,NONE_BASE,1,0,1
Y1_R035_C08_S02,Y1_basic_boolean,Y1,('active1' ILIKE '%ct%') OR (40 <> 40),('active1' ILIKE '%ct%') OR (40 <> 40),like_ilike,0,0.85,1.0,0.8,0.0,T0_generated_candidate,slot_sanity_or_static_issue,LLM_review_or_future_special_module,,,NONE_BASE,1,0,1
Y1_R035_C08_S03,Y1_basic_boolean,Y1,('pending2' ILIKE '%en%') OR (53 <> 53),('pending2' ILIKE '%en%') OR (53 <> 53),like_ilike,0,0.85,1.0,0.8,0.0,T0_generated_candidate,slot_sanity_or_static_issue,LLM_review_or_future_special_module,,,NONE_BASE,1,0,1
Y1_R035_C08_S04,Y1_basic_boolean,Y1,('public3' ILIKE '%zz%') OR (66 <> 66),('public3' ILIKE '%zz%') OR (66 <> 66),like_ilike,0,0.85,1.0,0.8,0.0,T0_generated_candidate,slot_sanity_or_static_issue,LLM_review_or_future_special_module,,,NONE_BASE,1,0,1
Y1_R035_C08_S05,Y1_basic_boolean,Y1,('member4' ILIKE '%zz%') OR (79 <> 79),('member4' ILIKE '%zz%') OR (79 <> 79),like_ilike,0,0.85,1.0,0.8,0.0,T0_generated_candidate,slot_sanity_or_static_issue,LLM_review_or_future_special_module,,,NONE_BASE,1,0,1
Y1_R035_C08_S06,Y1_basic_boolean,Y1,('stone5' ILIKE '%zz%') OR (92 <> 92),('stone5' ILIKE '%zz%') OR (92 <> 92),like_ilike,0,0.85,1.0,0.8,0.0,T0_generated_candidate,slot_sanity_or_static_issue,LLM_review_or_future_special_module,,,NONE_BASE,1,0,1
Y1_R035_C09_S01,Y1_basic_boolean,Y1,(('active0' ILIKE '%ct%') = TRUE),(('active0' ILIKE '%ct%') = TRUE),like_ilike,0,0.85,1.0,0.8,0.0,T0_generated_candidate,slot_sanity_or_static_issue,LLM_review_or_future_special_module,,,NONE_BASE,1,0,1
Y1_R035_C09_S02,Y1_basic_boolean,Y1,(('pending1' ILIKE '%en%') = TRUE),(('pending1' ILIKE '%en%') = TRUE),like_ilike,0,0.85,1.0,0.8,0.0,T0_generated_candidate,slot_sanity_or_static_issue,LLM_review_or_future_special_module,,,NONE_BASE,1,0,1
Y1_R035_C09_S03,Y1_basic_boolean,Y1,(('public2' ILIKE '%ub%') = TRUE),(('public2' ILIKE '%ub%') = TRUE),like_ilike,0,0.85,1.0,0.8,0.0,T0_generated_candidate,slot_sanity_or_static_issue,LLM_review_or_future_special_module,,,NONE_BASE,1,0,1
Y1_R035_C09_S04,Y1_basic_boolean,Y1,(('member3' ILIKE '%zz%') = TRUE),(('member3' ILIKE '%zz%') = TRUE),like_ilike,0,0.85,1.0,0.8,0.0,T0_generated_candidate,slot_sanity_or_static_issue,LLM_review_or_future_special_module,,,NONE_BASE,1,0,1
Y1_R035_C09_S05,Y1_basic_boolean,Y1,(('stone4' ILIKE '%zz%') = TRUE),(('stone4' ILIKE '%zz%') = TRUE),like_ilike,0,0.85,1.0,0.8,0.0,T0_generated_candidate,slot_sanity_or_static_issue,LLM_review_or_future_special_module,,,NONE_BASE,1,0,1
Y1_R035_C09_S06,Y1_basic_boolean,Y1,(('north5' ILIKE '%zz%') = TRUE),(('north5' ILIKE '%zz%') = TRUE),like_ilike,0,0.85,1.0,0.8,0.0,T0_generated_candidate,slot_sanity_or_static_issue,LLM_review_or_future_special_module,,,NONE_BASE,1,0,1
Y1_R035_C10_S01,Y1_basic_boolean,Y1,"COALESCE(('pending0' ILIKE '%en%'), FALSE)","COALESCE(('pending0' ILIKE '%en%'), FALSE)",like_ilike,0,0.85,1.0,0.8,0.0,T0_generated_candidate,slot_sanity_or_static_issue,LLM_review_or_future_special_module,,,NONE_BASE,1,0,1
Y1_R035_C10_S02,Y1_basic_boolean,Y1,"COALESCE(('public1' ILIKE '%ub%'), FALSE)","COALESCE(('public1' ILIKE '%ub%'), FALSE)",like_ilike,0,0.85,1.0,0.8,0.0,T0_generated_candidate,slot_sanity_or_static_issue,LLM_review_or_future_special_module,,,NONE_BASE,1,0,1
Y1_R035_C10_S03,Y1_basic_boolean,Y1,"COALESCE(('member2' ILIKE '%em%'), FALSE)","COALESCE(('member2' ILIKE '%em%'), FALSE)",like_ilike,0,0.85,1.0,0.8,0.0,T0_generated_candidate,slot_sanity_or_static_issue,LLM_review_or_future_special_module,,,NONE_BASE,1,0,1
Y1_R035_C10_S04,Y1_basic_boolean,Y1,"COALESCE(('stone3' ILIKE '%zz%'), FALSE)","COALESCE(('stone3' ILIKE '%zz%'), FALSE)",like_ilike,0,0.85,1.0,0.8,0.0,T0_generated_candidate,slot_sanity_or_static_issue,LLM_review_or_future_special_module,,,NONE_BASE,1,0,1
Y1_R035_C10_S05,Y1_basic_boolean,Y1,"COALESCE(('north4' ILIKE '%zz%'), FALSE)","COALESCE(('north4' ILIKE '%zz%'), FALSE)",like_ilike,0,0.85,1.0,0.8,0.0,T0_generated_candidate,slot_sanity_or_static_issue,LLM_review_or_future_special_module,,,NONE_BASE,1,0,1
Y1_R035_C10_S06,Y1_basic_boolean,Y1,"COALESCE(('south5' ILIKE '%zz%'), FALSE)","COALESCE(('south5' ILIKE '%zz%'), FALSE)",like_ilike,0,0.85,1.0,0.8,0.0,T0_generated_candidate,slot_sanity_or_static_issue,LLM_review_or_future_special_module,,,NONE_BASE,1,0,1
Y1_R039_C03_S01,Y1_basic_boolean,Y1,NOT ('delta4' SIMILAR TO 'zz%'),NOT ('delta4' SIMILAR TO 'zz%'),regex_match,0,0.85,1.0,0.8,0.0,T0_generated_candidate,slot_sanity_or_static_issue,LLM_review_or_future_special_module,,,NONE_BASE,1,0,1
Y1_R039_C03_S02,Y1_basic_boolean,Y1,NOT ('omega5' SIMILAR TO 'zz%'),NOT ('omega5' SIMILAR TO 'zz%'),regex_match,0,0.85,1.0,0.8,0.0,T0_generated_candidate,slot_sanity_or_static_issue,LLM_review_or_future_special_module,,,NONE_BASE,1,0,1
Y1_R039_C03_S03,Y1_basic_boolean,Y1,NOT ('active6' SIMILAR TO 'zz%'),NOT ('active6' SIMILAR TO 'zz%'),regex_match,0,0.85,1.0,0.8,0.0,T0_generated_candidate,slot_sanity_or_static_issue,LLM_review_or_future_special_module,,,NONE_BASE,1,0,1
Y1_R039_C03_S04,Y1_basic_boolean,Y1,NOT ('pending7' SIMILAR TO 'pe%'),NOT ('pending7' SIMILAR TO 'pe%'),regex_match,0,0.85,1.0,0.8,0.0,T0_generated_candidate,slot_sanity_or_static_issue,LLM_review_or_future_special_module,,,NONE_BASE,1,0,1
Y1_R039_C03_S05,Y1_basic_boolean,Y1,NOT ('public8' SIMILAR TO 'pu%'),NOT ('public8' SIMILAR TO 'pu%'),regex_match,0,0.85,1.0,0.8,0.0,T0_generated_candidate,slot_sanity_or_static_issue,LLM_review_or_future_special_module,,,NONE_BASE,1,0,1
Y1_R039_C03_S06,Y1_basic_boolean,Y1,NOT ('member0' SIMILAR TO 'me%'),NOT ('member0' SIMILAR TO 'me%'),regex_match,0,0.85,1.0,0.8,0.0,T0_generated_candidate,slot_sanity_or_static_issue,LLM_review_or_future_special_module,,,NONE_BASE,1,0,1
Y1_R039_C04_S01,Y1_basic_boolean,Y1,('omega4' SIMILAR TO 'om%') IS TRUE,('omega4' SIMILAR TO 'om%') IS TRUE,regex_match,0,0.85,1.0,0.8,0.0,T0_generated_candidate,slot_sanity_or_static_issue,LLM_review_or_future_special_module,,,NONE_BASE,1,0,1
Y1_R039_C04_S02,Y1_basic_boolean,Y1,('active5' SIMILAR TO 'ac%') IS TRUE,('active5' SIMILAR TO 'ac%') IS TRUE,regex_match,0,0.85,1.0,0.8,0.0,T0_generated_candidate,slot_sanity_or_static_issue,LLM_review_or_future_special_module,,,NONE_BASE,1,0,1
Y1_R039_C04_S03,Y1_basic_boolean,Y1,('pending6' SIMILAR TO 'pe%') IS TRUE,('pending6' SIMILAR TO 'pe%') IS TRUE,regex_match,0,0.85,1.0,0.8,0.0,T0_generated_candidate,slot_sanity_or_static_issue,LLM_review_or_future_special_module,,,NONE_BASE,1,0,1
Y1_R039_C04_S04,Y1_basic_boolean,Y1,('public7' SIMILAR TO 'zz%') IS TRUE,('public7' SIMILAR TO 'zz%') IS TRUE,regex_match,0,0.85,1.0,0.8,0.0,T0_generated_candidate,slot_sanity_or_static_issue,LLM_review_or_future_special_module,,,NONE_BASE,1,0,1
Y1_R039_C04_S05,Y1_basic_boolean,Y1,('member8' SIMILAR TO 'zz%') IS TRUE,('member8' SIMILAR TO 'zz%') IS TRUE,regex_match,0,0.85,1.0,0.8,0.0,T0_generated_candidate,slot_sanity_or_static_issue,LLM_review_or_future_special_module,,,NONE_BASE,1,0,1
Y1_R039_C04_S06,Y1_basic_boolean,Y1,('stone0' SIMILAR TO 'zz%') IS TRUE,('stone0' SIMILAR TO 'zz%') IS TRUE,regex_match,0,0.85,1.0,0.8,0.0,T0_generated_candidate,slot_sanity_or_static_issue,LLM_review_or_future_special_module,,,NONE_BASE,1,0,1
Y1_R039_C05_S01,Y1_basic_boolean,Y1,('active4' SIMILAR TO 'ac%') IS NOT FALSE,('active4' SIMILAR TO 'ac%') IS NOT FALSE,regex_match,0,0.85,1.0,0.8,0.0,T0_generated_candidate,slot_sanity_or_static_issue,LLM_review_or_future_special_module,,,NONE_BASE,1,0,1
Y1_R039_C05_S02,Y1_basic_boolean,Y1,('pending5' SIMILAR TO 'pe%') IS NOT FALSE,('pending5' SIMILAR TO 'pe%') IS NOT FALSE,regex_match,0,0.85,1.0,0.8,0.0,T0_generated_candidate,slot_sanity_or_static_issue,LLM_review_or_future_special_module,,,NONE_BASE,1,0,1
Y1_R039_C05_S03,Y1_basic_boolean,Y1,('public6' SIMILAR TO 'pu%') IS NOT FALSE,('public6' SIMILAR TO 'pu%') IS NOT FALSE,regex_match,0,0.85,1.0,0.8,0.0,T0_generated_candidate,slot_sanity_or_static_issue,LLM_review_or_future_special_module,,,NONE_BASE,1,0,1
Y1_R039_C05_S04,Y1_basic_boolean,Y1,('member7' SIMILAR TO 'zz%') IS NOT FALSE,('member7' SIMILAR TO 'zz%') IS NOT FALSE,regex_match,0,0.85,1.0,0.8,0.0,T0_generated_candidate,slot_sanity_or_static_issue,LLM_review_or_future_special_module,,,NONE_BASE,1,0,1
Y1_R039_C05_S05,Y1_basic_boolean,Y1,('stone8' SIMILAR TO 'zz%') IS NOT FALSE,('stone8' SIMILAR TO 'zz%') IS NOT FALSE,regex_match,0,0.85,1.0,0.8,0.0,T0_generated_candidate,slot_sanity_or_static_issue,LLM_review_or_future_special_module,,,NONE_BASE,1,0,1
Y1_R039_C05_S06,Y1_basic_boolean,Y1,('north0' SIMILAR TO 'zz%') IS NOT FALSE,('north0' SIMILAR TO 'zz%') IS NOT FALSE,regex_match,0,0.85,1.0,0.8,0.0,T0_generated_candidate,slot_sanity_or_static_issue,LLM_review_or_future_special_module,,,NONE_BASE,1,0,1
Y1_R039_C07_S01,Y1_basic_boolean,Y1,('public4' SIMILAR TO 'pu%') AND (27 = 27),('public4' SIMILAR TO 'pu%') AND (27 = 27),regex_match,0,0.85,1.0,0.8,0.0,T0_generated_candidate,slot_sanity_or_static_issue,LLM_review_or_future_special_module,,,NONE_BASE,1,0,1
Y1_R039_C07_S02,Y1_basic_boolean,Y1,('member5' SIMILAR TO 'me%') AND (40 = 40),('member5' SIMILAR TO 'me%') AND (40 = 40),regex_match,0,0.85,1.0,0.8,0.0,T0_generated_candidate,slot_sanity_or_static_issue,LLM_review_or_future_special_module,,,NONE_BASE,1,0,1
Y1_R039_C07_S03,Y1_basic_boolean,Y1,('stone6' SIMILAR TO 'st%') AND (53 = 53),('stone6' SIMILAR TO 'st%') AND (53 = 53),regex_match,0,0.85,1.0,0.8,0.0,T0_generated_candidate,slot_sanity_or_static_issue,LLM_review_or_future_special_module,,,NONE_BASE,1,0,1
Y1_R039_C07_S04,Y1_basic_boolean,Y1,('north7' SIMILAR TO 'zz%') AND (66 = 66),('north7' SIMILAR TO 'zz%') AND (66 = 66),regex_match,0,0.85,1.0,0.8,0.0,T0_generated_candidate,slot_sanity_or_static_issue,LLM_review_or_future_special_module,,,NONE_BASE,1,0,1
Y1_R039_C07_S05,Y1_basic_boolean,Y1,('south8' SIMILAR TO 'zz%') AND (79 = 79),('south8' SIMILAR TO 'zz%') AND (79 = 79),regex_match,0,0.85,1.0,0.8,0.0,T0_generated_candidate,slot_sanity_or_static_issue,LLM_review_or_future_special_module,,,NONE_BASE,1,0,1
Y1_R039_C07_S06,Y1_basic_boolean,Y1,('east0' SIMILAR TO 'zz%') AND (92 = 92),('east0' SIMILAR TO 'zz%') AND (92 = 92),regex_match,0,0.85,1.0,0.8,0.0,T0_generated_candidate,slot_sanity_or_static_issue,LLM_review_or_future_special_module,,,NONE_BASE,1,0,1
Y1_R039_C08_S01,Y1_basic_boolean,Y1,('member4' SIMILAR TO 'me%') OR (55 <> 55),('member4' SIMILAR TO 'me%') OR (55 <> 55),regex_match,0,0.85,1.0,0.8,0.0,T0_generated_candidate,slot_sanity_or_static_issue,LLM_review_or_future_special_module,,,NONE_BASE,1,0,1
Y1_R039_C08_S02,Y1_basic_boolean,Y1,('stone5' SIMILAR TO 'st%') OR (68 <> 68),('stone5' SIMILAR TO 'st%') OR (68 <> 68),regex_match,0,0.85,1.0,0.8,0.0,T0_generated_candidate,slot_sanity_or_static_issue,LLM_review_or_future_special_module,,,NONE_BASE,1,0,1
Y1_R039_C08_S03,Y1_basic_boolean,Y1,('north6' SIMILAR TO 'no%') OR (81 <> 81),('north6' SIMILAR TO 'no%') OR (81 <> 81),regex_match,0,0.85,1.0,0.8,0.0,T0_generated_candidate,slot_sanity_or_static_issue,LLM_review_or_future_special_module,,,NONE_BASE,1,0,1
Y1_R039_C08_S04,Y1_basic_boolean,Y1,('south7' SIMILAR TO 'zz%') OR (94 <> 94),('south7' SIMILAR TO 'zz%') OR (94 <> 94),regex_match,0,0.85,1.0,0.8,0.0,T0_generated_candidate,slot_sanity_or_static_issue,LLM_review_or_future_special_module,,,NONE_BASE,1,0,1
Y1_R039_C08_S05,Y1_basic_boolean,Y1,('east8' SIMILAR TO 'zz%') OR (10 <> 10),('east8' SIMILAR TO 'zz%') OR (10 <> 10),regex_match,0,0.85,1.0,0.8,0.0,T0_generated_candidate,slot_sanity_or_static_issue,LLM_review_or_future_special_module,,,NONE_BASE,1,0,1
Y1_R039_C08_S06,Y1_basic_boolean,Y1,('west0' SIMILAR TO 'zz%') OR (23 <> 23),('west0' SIMILAR TO 'zz%') OR (23 <> 23),regex_match,0,0.85,1.0,0.8,0.0,T0_generated_candidate,slot_sanity_or_static_issue,LLM_review_or_future_special_module,,,NONE_BASE,1,0,1
Y1_R039_C09_S01,Y1_basic_boolean,Y1,(('stone4' SIMILAR TO 'st%') = TRUE),(('stone4' SIMILAR TO 'st%') = TRUE),regex_match,0,0.85,1.0,0.8,0.0,T0_generated_candidate,slot_sanity_or_static_issue,LLM_review_or_future_special_module,,,NONE_BASE,1,0,1
Y1_R039_C09_S02,Y1_basic_boolean,Y1,(('north5' SIMILAR TO 'no%') = TRUE),(('north5' SIMILAR TO 'no%') = TRUE),regex_match,0,0.85,1.0,0.8,0.0,T0_generated_candidate,slot_sanity_or_static_issue,LLM_review_or_future_special_module,,,NONE_BASE,1,0,1
Y1_R039_C09_S03,Y1_basic_boolean,Y1,(('south6' SIMILAR TO 'so%') = TRUE),(('south6' SIMILAR TO 'so%') = TRUE),regex_match,0,0.85,1.0,0.8,0.0,T0_generated_candidate,slot_sanity_or_static_issue,LLM_review_or_future_special_module,,,NONE_BASE,1,0,1
Y1_R039_C09_S04,Y1_basic_boolean,Y1,(('east7' SIMILAR TO 'zz%') = TRUE),(('east7' SIMILAR TO 'zz%') = TRUE),regex_match,0,0.85,1.0,0.8,0.0,T0_generated_candidate,slot_sanity_or_static_issue,LLM_review_or_future_special_module,,,NONE_BASE,1,0,1
Y1_R039_C09_S05,Y1_basic_boolean,Y1,(('west8' SIMILAR TO 'zz%') = TRUE),(('west8' SIMILAR TO 'zz%') = TRUE),regex_match,0,0.85,1.0,0.8,0.0,T0_generated_candidate,slot_sanity_or_static_issue,LLM_review_or_future_special_module,,,NONE_BASE,1,0,1
Y1_R039_C09_S06,Y1_basic_boolean,Y1,(('prime0' SIMILAR TO 'zz%') = TRUE),(('prime0' SIMILAR TO 'zz%') = TRUE),regex_match,0,0.85,1.0,0.8,0.0,T0_generated_candidate,slot_sanity_or_static_issue,LLM_review_or_future_special_module,,,NONE_BASE,1,0,1
Y1_R040_C01_S01,Y1_basic_boolean,Y1,'gamma5' NOT SIMILAR TO 'zz%','gamma5' NOT SIMILAR TO 'zz%',regex_match,0,0.85,1.0,0.8,0.0,T0_generated_candidate,slot_sanity_or_static_issue,LLM_review_or_future_special_module,,,NONE_BASE,1,0,1
Y1_R040_C01_S02,Y1_basic_boolean,Y1,'delta6' NOT SIMILAR TO 'zz%','delta6' NOT SIMILAR TO 'zz%',regex_match,0,0.85,1.0,0.8,0.0,T0_generated_candidate,slot_sanity_or_static_issue,LLM_review_or_future_special_module,,,NONE_BASE,1,0,1
Y1_R040_C01_S03,Y1_basic_boolean,Y1,'omega7' NOT SIMILAR TO 'zz%','omega7' NOT SIMILAR TO 'zz%',regex_match,0,0.85,1.0,0.8,0.0,T0_generated_candidate,slot_sanity_or_static_issue,LLM_review_or_future_special_module,,,NONE_BASE,1,0,1
Y1_R040_C01_S04,Y1_basic_boolean,Y1,'active8' NOT SIMILAR TO 'ac%','active8' NOT SIMILAR TO 'ac%',regex_match,0,0.85,1.0,0.8,0.0,T0_generated_candidate,slot_sanity_or_static_issue,LLM_review_or_future_special_module,,,NONE_BASE,1,0,1
Y1_R040_C01_S05,Y1_basic_boolean,Y1,'pending0' NOT SIMILAR TO 'pe%','pending0' NOT SIMILAR TO 'pe%',regex_match,0,0.85,1.0,0.8,0.0,T0_generated_candidate,slot_sanity_or_static_issue,LLM_review_or_future_special_module,,,NONE_BASE,1,0,1
Y1_R040_C01_S06,Y1_basic_boolean,Y1,'public1' NOT SIMILAR TO 'pu%','public1' NOT SIMILAR TO 'pu%',regex_match,0,0.85,1.0,0.8,0.0,T0_generated_candidate,slot_sanity_or_static_issue,LLM_review_or_future_special_module,,,NONE_BASE,1,0,1
Y1_R040_C02_S01,Y1_basic_boolean,Y1,('delta5' NOT SIMILAR TO 'zz%'),('delta5' NOT SIMILAR TO 'zz%'),regex_match,0,0.85,1.0,0.8,0.0,T0_generated_candidate,slot_sanity_or_static_issue,LLM_review_or_future_special_module,,,NONE_BASE,1,0,1
Y1_R040_C02_S02,Y1_basic_boolean,Y1,('omega6' NOT SIMILAR TO 'zz%'),('omega6' NOT SIMILAR TO 'zz%'),regex_match,0,0.85,1.0,0.8,0.0,T0_generated_candidate,slot_sanity_or_static_issue,LLM_review_or_future_special_module,,,NONE_BASE,1,0,1
Y1_R040_C02_S03,Y1_basic_boolean,Y1,('active7' NOT SIMILAR TO 'zz%'),('active7' NOT SIMILAR TO 'zz%'),regex_match,0,0.85,1.0,0.8,0.0,T0_generated_candidate,slot_sanity_or_static_issue,LLM_review_or_future_special_module,,,NONE_BASE,1,0,1
Y1_R040_C02_S04,Y1_basic_boolean,Y1,('pending8' NOT SIMILAR TO 'pe%'),('pending8' NOT SIMILAR TO 'pe%'),regex_match,0,0.85,1.0,0.8,0.0,T0_generated_candidate,slot_sanity_or_static_issue,LLM_review_or_future_special_module,,,NONE_BASE,1,0,1
Y1_R040_C02_S05,Y1_basic_boolean,Y1,('public0' NOT SIMILAR TO 'pu%'),('public0' NOT SIMILAR TO 'pu%'),regex_match,0,0.85,1.0,0.8,0.0,T0_generated_candidate,slot_sanity_or_static_issue,LLM_review_or_future_special_module,,,NONE_BASE,1,0,1
Y1_R040_C02_S06,Y1_basic_boolean,Y1,('member1' NOT SIMILAR TO 'me%'),('member1' NOT SIMILAR TO 'me%'),regex_match,0,0.85,1.0,0.8,0.0,T0_generated_candidate,slot_sanity_or_static_issue,LLM_review_or_future_special_module,,,NONE_BASE,1,0,1
Y1_R040_C03_S01,Y1_basic_boolean,Y1,NOT ('omega5' NOT SIMILAR TO 'om%'),NOT ('omega5' NOT SIMILAR TO 'om%'),regex_match,0,0.85,1.0,0.8,0.0,T0_generated_candidate,slot_sanity_or_static_issue,LLM_review_or_future_special_module,,,NONE_BASE,1,0,1
Y1_R040_C03_S02,Y1_basic_boolean,Y1,NOT ('active6' NOT SIMILAR TO 'ac%'),NOT ('active6' NOT SIMILAR TO 'ac%'),regex_match,0,0.85,1.0,0.8,0.0,T0_generated_candidate,slot_sanity_or_static_issue,LLM_review_or_future_special_module,,,NONE_BASE,1,0,1
Y1_R040_C03_S03,Y1_basic_boolean,Y1,NOT ('pending7' NOT SIMILAR TO 'pe%'),NOT ('pending7' NOT SIMILAR TO 'pe%'),regex_match,0,0.85,1.0,0.8,0.0,T0_generated_candidate,slot_sanity_or_static_issue,LLM_review_or_future_special_module,,,NONE_BASE,1,0,1
Y1_R040_C03_S04,Y1_basic_boolean,Y1,NOT ('public8' NOT SIMILAR TO 'zz%'),NOT ('public8' NOT SIMILAR TO 'zz%'),regex_match,0,0.85,1.0,0.8,0.0,T0_generated_candidate,slot_sanity_or_static_issue,LLM_review_or_future_special_module,,,NONE_BASE,1,0,1
Y1_R040_C03_S05,Y1_basic_boolean,Y1,NOT ('member0' NOT SIMILAR TO 'zz%'),NOT ('member0' NOT SIMILAR TO 'zz%'),regex_match,0,0.85,1.0,0.8,0.0,T0_generated_candidate,slot_sanity_or_static_issue,LLM_review_or_future_special_module,,,NONE_BASE,1,0,1
Y1_R040_C03_S06,Y1_basic_boolean,Y1,NOT ('stone1' NOT SIMILAR TO 'zz%'),NOT ('stone1' NOT SIMILAR TO 'zz%'),regex_match,0,0.85,1.0,0.8,0.0,T0_generated_candidate,slot_sanity_or_static_issue,LLM_review_or_future_special_module,,,NONE_BASE,1,0,1
Y1_R040_C04_S01,Y1_basic_boolean,Y1,('active5' NOT SIMILAR TO 'zz%') IS TRUE,('active5' NOT SIMILAR TO 'zz%') IS TRUE,regex_match,0,0.85,1.0,0.8,0.0,T0_generated_candidate,slot_sanity_or_static_issue,LLM_review_or_future_special_module,,,NONE_BASE,1,0,1
Y1_R040_C04_S02,Y1_basic_boolean,Y1,('pending6' NOT SIMILAR TO 'zz%') IS TRUE,('pending6' NOT SIMILAR TO 'zz%') IS TRUE,regex_match,0,0.85,1.0,0.8,0.0,T0_generated_candidate,slot_sanity_or_static_issue,LLM_review_or_future_special_module,,,NONE_BASE,1,0,1
Y1_R040_C04_S03,Y1_basic_boolean,Y1,('public7' NOT SIMILAR TO 'zz%') IS TRUE,('public7' NOT SIMILAR TO 'zz%') IS TRUE,regex_match,0,0.85,1.0,0.8,0.0,T0_generated_candidate,slot_sanity_or_static_issue,LLM_review_or_future_special_module,,,NONE_BASE,1,0,1
Y1_R040_C04_S04,Y1_basic_boolean,Y1,('member8' NOT SIMILAR TO 'me%') IS TRUE,('member8' NOT SIMILAR TO 'me%') IS TRUE,regex_match,0,0.85,1.0,0.8,0.0,T0_generated_candidate,slot_sanity_or_static_issue,LLM_review_or_future_special_module,,,NONE_BASE,1,0,1
Y1_R040_C04_S05,Y1_basic_boolean,Y1,('stone0' NOT SIMILAR TO 'st%') IS TRUE,('stone0' NOT SIMILAR TO 'st%') IS TRUE,regex_match,0,0.85,1.0,0.8,0.0,T0_generated_candidate,slot_sanity_or_static_issue,LLM_review_or_future_special_module,,,NONE_BASE,1,0,1
Y1_R040_C04_S06,Y1_basic_boolean,Y1,('north1' NOT SIMILAR TO 'no%') IS TRUE,('north1' NOT SIMILAR TO 'no%') IS TRUE,regex_match,0,0.85,1.0,0.8,0.0,T0_generated_candidate,slot_sanity_or_static_issue,LLM_review_or_future_special_module,,,NONE_BASE,1,0,1
Y1_R040_C05_S01,Y1_basic_boolean,Y1,('pending5' NOT SIMILAR TO 'zz%') IS NOT FALSE,('pending5' NOT SIMILAR TO 'zz%') IS NOT FALSE,regex_match,0,0.85,1.0,0.8,0.0,T0_generated_candidate,slot_sanity_or_static_issue,LLM_review_or_future_special_module,,,NONE_BASE,1,0,1
Y1_R040_C05_S02,Y1_basic_boolean,Y1,('public6' NOT SIMILAR TO 'zz%') IS NOT FALSE,('public6' NOT SIMILAR TO 'zz%') IS NOT FALSE,regex_match,0,0.85,1.0,0.8,0.0,T0_generated_candidate,slot_sanity_or_static_issue,LLM_review_or_future_special_module,,,NONE_BASE,1,0,1
Y1_R040_C05_S03,Y1_basic_boolean,Y1,('member7' NOT SIMILAR TO 'zz%') IS NOT FALSE,('member7' NOT SIMILAR TO 'zz%') IS NOT FALSE,regex_match,0,0.85,1.0,0.8,0.0,T0_generated_candidate,slot_sanity_or_static_issue,LLM_review_or_future_special_module,,,NONE_BASE,1,0,1
Y1_R040_C05_S04,Y1_basic_boolean,Y1,('stone8' NOT SIMILAR TO 'st%') IS NOT FALSE,('stone8' NOT SIMILAR TO 'st%') IS NOT FALSE,regex_match,0,0.85,1.0,0.8,0.0,T0_generated_candidate,slot_sanity_or_static_issue,LLM_review_or_future_special_module,,,NONE_BASE,1,0,1
Y1_R040_C05_S05,Y1_basic_boolean,Y1,('north0' NOT SIMILAR TO 'no%') IS NOT FALSE,('north0' NOT SIMILAR TO 'no%') IS NOT FALSE,regex_match,0,0.85,1.0,0.8,0.0,T0_generated_candidate,slot_sanity_or_static_issue,LLM_review_or_future_special_module,,,NONE_BASE,1,0,1
Y1_R040_C05_S06,Y1_basic_boolean,Y1,('south1' NOT SIMILAR TO 'so%') IS NOT FALSE,('south1' NOT SIMILAR TO 'so%') IS NOT FALSE,regex_match,0,0.85,1.0,0.8,0.0,T0_generated_candidate,slot_sanity_or_static_issue,LLM_review_or_future_special_module,,,NONE_BASE,1,0,1
Y1_R040_C06_S01,Y1_basic_boolean,Y1,CASE WHEN ('public5' NOT SIMILAR TO 'zz%') THEN TRUE ELSE FALSE END,CASE WHEN ('public5' NOT SIMILAR TO 'zz%') THEN TRUE ELSE FALSE END,regex_match,0,0.85,1.0,0.8,0.0,T0_generated_candidate,slot_sanity_or_static_issue,LLM_review_or_future_special_module,,,NONE_BASE,1,0,1
Y1_R040_C06_S02,Y1_basic_boolean,Y1,CASE WHEN ('member6' NOT SIMILAR TO 'zz%') THEN TRUE ELSE FALSE END,CASE WHEN ('member6' NOT SIMILAR TO 'zz%') THEN TRUE ELSE FALSE END,regex_match,0,0.85,1.0,0.8,0.0,T0_generated_candidate,slot_sanity_or_static_issue,LLM_review_or_future_special_module,,,NONE_BASE,1,0,1
Y1_R040_C06_S03,Y1_basic_boolean,Y1,CASE WHEN ('stone7' NOT SIMILAR TO 'zz%') THEN TRUE ELSE FALSE END,CASE WHEN ('stone7' NOT SIMILAR TO 'zz%') THEN TRUE ELSE FALSE END,regex_match,0,0.85,1.0,0.8,0.0,T0_generated_candidate,slot_sanity_or_static_issue,LLM_review_or_future_special_module,,,NONE_BASE,1,0,1
Y1_R040_C06_S04,Y1_basic_boolean,Y1,CASE WHEN ('north8' NOT SIMILAR TO 'no%') THEN TRUE ELSE FALSE END,CASE WHEN ('north8' NOT SIMILAR TO 'no%') THEN TRUE ELSE FALSE END,regex_match,0,0.85,1.0,0.8,0.0,T0_generated_candidate,slot_sanity_or_static_issue,LLM_review_or_future_special_module,,,NONE_BASE,1,0,1
Y1_R040_C06_S05,Y1_basic_boolean,Y1,CASE WHEN ('south0' NOT SIMILAR TO 'so%') THEN TRUE ELSE FALSE END,CASE WHEN ('south0' NOT SIMILAR TO 'so%') THEN TRUE ELSE FALSE END,regex_match,0,0.85,1.0,0.8,0.0,T0_generated_candidate,slot_sanity_or_static_issue,LLM_review_or_future_special_module,,,NONE_BASE,1,0,1
Y1_R040_C06_S06,Y1_basic_boolean,Y1,CASE WHEN ('east1' NOT SIMILAR TO 'ea%') THEN TRUE ELSE FALSE END,CASE WHEN ('east1' NOT SIMILAR TO 'ea%') THEN TRUE ELSE FALSE END,regex_match,0,0.85,1.0,0.8,0.0,T0_generated_candidate,slot_sanity_or_static_issue,LLM_review_or_future_special_module,,,NONE_BASE,1,0,1
Y1_R040_C07_S01,Y1_basic_boolean,Y1,('member5' NOT SIMILAR TO 'zz%') AND (34 = 34),('member5' NOT SIMILAR TO 'zz%') AND (34 = 34),regex_match,0,0.85,1.0,0.8,0.0,T0_generated_candidate,slot_sanity_or_static_issue,LLM_review_or_future_special_module,,,NONE_BASE,1,0,1
Y1_R040_C07_S02,Y1_basic_boolean,Y1,('stone6' NOT SIMILAR TO 'zz%') AND (47 = 47),('stone6' NOT SIMILAR TO 'zz%') AND (47 = 47),regex_match,0,0.85,1.0,0.8,0.0,T0_generated_candidate,slot_sanity_or_static_issue,LLM_review_or_future_special_module,,,NONE_BASE,1,0,1
Y1_R040_C07_S03,Y1_basic_boolean,Y1,('north7' NOT SIMILAR TO 'zz%') AND (60 = 60),('north7' NOT SIMILAR TO 'zz%') AND (60 = 60),regex_match,0,0.85,1.0,0.8,0.0,T0_generated_candidate,slot_sanity_or_static_issue,LLM_review_or_future_special_module,,,NONE_BASE,1,0,1
Y1_R040_C07_S04,Y1_basic_boolean,Y1,('south8' NOT SIMILAR TO 'so%') AND (73 = 73),('south8' NOT SIMILAR TO 'so%') AND (73 = 73),regex_match,0,0.85,1.0,0.8,0.0,T0_generated_candidate,slot_sanity_or_static_issue,LLM_review_or_future_special_module,,,NONE_BASE,1,0,1
Y1_R040_C07_S05,Y1_basic_boolean,Y1,('east0' NOT SIMILAR TO 'ea%') AND (86 = 86),('east0' NOT SIMILAR TO 'ea%') AND (86 = 86),regex_match,0,0.85,1.0,0.8,0.0,T0_generated_candidate,slot_sanity_or_static_issue,LLM_review_or_future_special_module,,,NONE_BASE,1,0,1
Y1_R040_C07_S06,Y1_basic_boolean,Y1,('west1' NOT SIMILAR TO 'we%') AND (2 = 2),('west1' NOT SIMILAR TO 'we%') AND (2 = 2),regex_match,0,0.85,1.0,0.8,0.0,T0_generated_candidate,slot_sanity_or_static_issue,LLM_review_or_future_special_module,,,NONE_BASE,1,0,1
Y1_R040_C08_S01,Y1_basic_boolean,Y1,('stone5' NOT SIMILAR TO 'zz%') OR (62 <> 62),('stone5' NOT SIMILAR TO 'zz%') OR (62 <> 62),regex_match,0,0.85,1.0,0.8,0.0,T0_generated_candidate,slot_sanity_or_static_issue,LLM_review_or_future_special_module,,,NONE_BASE,1,0,1
Y1_R040_C08_S02,Y1_basic_boolean,Y1,('north6' NOT SIMILAR TO 'zz%') OR (75 <> 75),('north6' NOT SIMILAR TO 'zz%') OR (75 <> 75),regex_match,0,0.85,1.0,0.8,0.0,T0_generated_candidate,slot_sanity_or_static_issue,LLM_review_or_future_special_module,,,NONE_BASE,1,0,1
Y1_R040_C08_S03,Y1_basic_boolean,Y1,('south7' NOT SIMILAR TO 'zz%') OR (88 <> 88),('south7' NOT SIMILAR TO 'zz%') OR (88 <> 88),regex_match,0,0.85,1.0,0.8,0.0,T0_generated_candidate,slot_sanity_or_static_issue,LLM_review_or_future_special_module,,,NONE_BASE,1,0,1
Y1_R040_C08_S04,Y1_basic_boolean,Y1,('east8' NOT SIMILAR TO 'ea%') OR (4 <> 4),('east8' NOT SIMILAR TO 'ea%') OR (4 <> 4),regex_match,0,0.85,1.0,0.8,0.0,T0_generated_candidate,slot_sanity_or_static_issue,LLM_review_or_future_special_module,,,NONE_BASE,1,0,1
Y1_R040_C08_S05,Y1_basic_boolean,Y1,('west0' NOT SIMILAR TO 'we%') OR (17 <> 17),('west0' NOT SIMILAR TO 'we%') OR (17 <> 17),regex_match,0,0.85,1.0,0.8,0.0,T0_generated_candidate,slot_sanity_or_static_issue,LLM_review_or_future_special_module,,,NONE_BASE,1,0,1
Y1_R040_C08_S06,Y1_basic_boolean,Y1,('prime1' NOT SIMILAR TO 'pr%') OR (30 <> 30),('prime1' NOT SIMILAR TO 'pr%') OR (30 <> 30),regex_match,0,0.85,1.0,0.8,0.0,T0_generated_candidate,slot_sanity_or_static_issue,LLM_review_or_future_special_module,,,NONE_BASE,1,0,1
Y1_R040_C09_S01,Y1_basic_boolean,Y1,(('north5' NOT SIMILAR TO 'zz%') = TRUE),(('north5' NOT SIMILAR TO 'zz%') = TRUE),regex_match,0,0.85,1.0,0.8,0.0,T0_generated_candidate,slot_sanity_or_static_issue,LLM_review_or_future_special_module,,,NONE_BASE,1,0,1
Y1_R040_C09_S02,Y1_basic_boolean,Y1,(('south6' NOT SIMILAR TO 'zz%') = TRUE),(('south6' NOT SIMILAR TO 'zz%') = TRUE),regex_match,0,0.85,1.0,0.8,0.0,T0_generated_candidate,slot_sanity_or_static_issue,LLM_review_or_future_special_module,,,NONE_BASE,1,0,1
Y1_R040_C09_S03,Y1_basic_boolean,Y1,(('east7' NOT SIMILAR TO 'zz%') = TRUE),(('east7' NOT SIMILAR TO 'zz%') = TRUE),regex_match,0,0.85,1.0,0.8,0.0,T0_generated_candidate,slot_sanity_or_static_issue,LLM_review_or_future_special_module,,,NONE_BASE,1,0,1
Y1_R040_C09_S04,Y1_basic_boolean,Y1,(('west8' NOT SIMILAR TO 'we%') = TRUE),(('west8' NOT SIMILAR TO 'we%') = TRUE),regex_match,0,0.85,1.0,0.8,0.0,T0_generated_candidate,slot_sanity_or_static_issue,LLM_review_or_future_special_module,,,NONE_BASE,1,0,1
Y1_R040_C09_S05,Y1_basic_boolean,Y1,(('prime0' NOT SIMILAR TO 'pr%') = TRUE),(('prime0' NOT SIMILAR TO 'pr%') = TRUE),regex_match,0,0.85,1.0,0.8,0.0,T0_generated_candidate,slot_sanity_or_static_issue,LLM_review_or_future_special_module,,,NONE_BASE,1,0,1
Y1_R040_C09_S06,Y1_basic_boolean,Y1,(('core1' NOT SIMILAR TO 'co%') = TRUE),(('core1' NOT SIMILAR TO 'co%') = TRUE),regex_match,0,0.85,1.0,0.8,0.0,T0_generated_candidate,slot_sanity_or_static_issue,LLM_review_or_future_special_module,,,NONE_BASE,1,0,1
Y1_R040_C10_S01,Y1_basic_boolean,Y1,"COALESCE(('south5' NOT SIMILAR TO 'zz%'), FALSE)","COALESCE(('south5' NOT SIMILAR TO 'zz%'), FALSE)",regex_match,0,0.85,1.0,0.8,0.0,T0_generated_candidate,slot_sanity_or_static_issue,LLM_review_or_future_special_module,,,NONE_BASE,1,0,1
Y1_R040_C10_S02,Y1_basic_boolean,Y1,"COALESCE(('east6' NOT SIMILAR TO 'zz%'), FALSE)","COALESCE(('east6' NOT SIMILAR TO 'zz%'), FALSE)",regex_match,0,0.85,1.0,0.8,0.0,T0_generated_candidate,slot_sanity_or_static_issue,LLM_review_or_future_special_module,,,NONE_BASE,1,0,1
Y1_R040_C10_S03,Y1_basic_boolean,Y1,"COALESCE(('west7' NOT SIMILAR TO 'zz%'), FALSE)","COALESCE(('west7' NOT SIMILAR TO 'zz%'), FALSE)",regex_match,0,0.85,1.0,0.8,0.0,T0_generated_candidate,slot_sanity_or_static_issue,LLM_review_or_future_special_module,,,NONE_BASE,1,0,1
Y1_R040_C10_S04,Y1_basic_boolean,Y1,"COALESCE(('prime8' NOT SIMILAR TO 'pr%'), FALSE)","COALESCE(('prime8' NOT SIMILAR TO 'pr%'), FALSE)",regex_match,0,0.85,1.0,0.8,0.0,T0_generated_candidate,slot_sanity_or_static_issue,LLM_review_or_future_special_module,,,NONE_BASE,1,0,1
Y1_R040_C10_S05,Y1_basic_boolean,Y1,"COALESCE(('core0' NOT SIMILAR TO 'co%'), FALSE)","COALESCE(('core0' NOT SIMILAR TO 'co%'), FALSE)",regex_match,0,0.85,1.0,0.8,0.0,T0_generated_candidate,slot_sanity_or_static_issue,LLM_review_or_future_special_module,,,NONE_BASE,1,0,1
Y1_R040_C10_S06,Y1_basic_boolean,Y1,"COALESCE(('safe1' NOT SIMILAR TO 'sa%'), FALSE)","COALESCE(('safe1' NOT SIMILAR TO 'sa%'), FALSE)",regex_match,0,0.85,1.0,0.8,0.0,T0_generated_candidate,slot_sanity_or_static_issue,LLM_review_or_future_special_module,,,NONE_BASE,1,0,1
Y1_R049_C01_S01,Y1_basic_boolean,Y1,(94 % 77) = 17,(94 % 77) = 17,arithmetic_expression,0,0.85,1.0,0.8,0.0,T0_generated_candidate,slot_sanity_or_static_issue,LLM_review_or_future_special_module,,,NONE_BASE,1,0,1
Y1_R049_C01_S02,Y1_basic_boolean,Y1,(10 % 90) = 10,(10 % 90) = 10,arithmetic_expression,0,0.85,1.0,0.8,0.0,T0_generated_candidate,slot_sanity_or_static_issue,LLM_review_or_future_special_module,,,NONE_BASE,1,0,1
Y1_R049_C01_S03,Y1_basic_boolean,Y1,(23 % 6) = 5,(23 % 6) = 5,arithmetic_expression,0,0.85,1.0,0.8,0.0,T0_generated_candidate,slot_sanity_or_static_issue,LLM_review_or_future_special_module,,,NONE_BASE,1,0,1
Y1_R049_C01_S04,Y1_basic_boolean,Y1,(36 % 19) = 18,(36 % 19) = 18,arithmetic_expression,0,0.85,1.0,0.8,0.0,T0_generated_candidate,slot_sanity_or_static_issue,LLM_review_or_future_special_module,,,NONE_BASE,1,0,1
Y1_R049_C01_S05,Y1_basic_boolean,Y1,(49 % 32) = 18,(49 % 32) = 18,arithmetic_expression,0,0.85,1.0,0.8,0.0,T0_generated_candidate,slot_sanity_or_static_issue,LLM_review_or_future_special_module,,,NONE_BASE,1,0,1
Y1_R049_C01_S06,Y1_basic_boolean,Y1,(62 % 45) = 18,(62 % 45) = 18,arithmetic_expression,0,0.85,1.0,0.8,0.0,T0_generated_candidate,slot_sanity_or_static_issue,LLM_review_or_future_special_module,,,NONE_BASE,1,0,1
Y1_R049_C02_S01,Y1_basic_boolean,Y1,((8 % 88) = 8),((8 % 88) = 8),arithmetic_expression,0,0.85,1.0,0.8,0.0,T0_generated_candidate,slot_sanity_or_static_issue,LLM_review_or_future_special_module,,,NONE_BASE,1,0,1
Y1_R049_C02_S02,Y1_basic_boolean,Y1,((21 % 4) = 1),((21 % 4) = 1),arithmetic_expression,0,0.85,1.0,0.8,0.0,T0_generated_candidate,slot_sanity_or_static_issue,LLM_review_or_future_special_module,,,NONE_BASE,1,0,1
Y1_R049_C02_S03,Y1_basic_boolean,Y1,((34 % 17) = 0),((34 % 17) = 0),arithmetic_expression,0,0.85,1.0,0.8,0.0,T0_generated_candidate,slot_sanity_or_static_issue,LLM_review_or_future_special_module,,,NONE_BASE,1,0,1
Y1_R049_C02_S04,Y1_basic_boolean,Y1,((47 % 30) = 18),((47 % 30) = 18),arithmetic_expression,0,0.85,1.0,0.8,0.0,T0_generated_candidate,slot_sanity_or_static_issue,LLM_review_or_future_special_module,,,NONE_BASE,1,0,1
Y1_R049_C02_S05,Y1_basic_boolean,Y1,((60 % 43) = 18),((60 % 43) = 18),arithmetic_expression,0,0.85,1.0,0.8,0.0,T0_generated_candidate,slot_sanity_or_static_issue,LLM_review_or_future_special_module,,,NONE_BASE,1,0,1
Y1_R049_C02_S06,Y1_basic_boolean,Y1,((73 % 56) = 18),((73 % 56) = 18),arithmetic_expression,0,0.85,1.0,0.8,0.0,T0_generated_candidate,slot_sanity_or_static_issue,LLM_review_or_future_special_module,,,NONE_BASE,1,0,1
Y1_R049_C03_S01,Y1_basic_boolean,Y1,NOT ((19 % 2) = 2),NOT ((19 % 2) = 2),arithmetic_expression,0,0.85,1.0,0.8,0.0,T0_generated_candidate,slot_sanity_or_static_issue,LLM_review_or_future_special_module,,,NONE_BASE,1,0,1
Y1_R049_C03_S02,Y1_basic_boolean,Y1,NOT ((32 % 15) = 3),NOT ((32 % 15) = 3),arithmetic_expression,0,0.85,1.0,0.8,0.0,T0_generated_candidate,slot_sanity_or_static_issue,LLM_review_or_future_special_module,,,NONE_BASE,1,0,1
Y1_R049_C03_S03,Y1_basic_boolean,Y1,NOT ((45 % 28) = 18),NOT ((45 % 28) = 18),arithmetic_expression,0,0.85,1.0,0.8,0.0,T0_generated_candidate,slot_sanity_or_static_issue,LLM_review_or_future_special_module,,,NONE_BASE,1,0,1
Y1_R049_C03_S04,Y1_basic_boolean,Y1,NOT ((58 % 41) = 17),NOT ((58 % 41) = 17),arithmetic_expression,0,0.85,1.0,0.8,0.0,T0_generated_candidate,slot_sanity_or_static_issue,LLM_review_or_future_special_module,,,NONE_BASE,1,0,1
Y1_R049_C03_S05,Y1_basic_boolean,Y1,NOT ((71 % 54) = 17),NOT ((71 % 54) = 17),arithmetic_expression,0,0.85,1.0,0.8,0.0,T0_generated_candidate,slot_sanity_or_static_issue,LLM_review_or_future_special_module,,,NONE_BASE,1,0,1
Y1_R049_C03_S06,Y1_basic_boolean,Y1,NOT ((84 % 67) = 17),NOT ((84 % 67) = 17),arithmetic_expression,0,0.85,1.0,0.8,0.0,T0_generated_candidate,slot_sanity_or_static_issue,LLM_review_or_future_special_module,,,NONE_BASE,1,0,1
Y1_R049_C04_S01,Y1_basic_boolean,Y1,((30 % 13) = 4) IS TRUE,((30 % 13) = 4) IS TRUE,arithmetic_expression,0,0.85,1.0,0.8,0.0,T0_generated_candidate,slot_sanity_or_static_issue,LLM_review_or_future_special_module,,,NONE_BASE,1,0,1
Y1_R049_C04_S02,Y1_basic_boolean,Y1,((43 % 26) = 17) IS TRUE,((43 % 26) = 17) IS TRUE,arithmetic_expression,0,0.85,1.0,0.8,0.0,T0_generated_candidate,slot_sanity_or_static_issue,LLM_review_or_future_special_module,,,NONE_BASE,1,0,1
Y1_R049_C04_S03,Y1_basic_boolean,Y1,((56 % 39) = 17) IS TRUE,((56 % 39) = 17) IS TRUE,arithmetic_expression,0,0.85,1.0,0.8,0.0,T0_generated_candidate,slot_sanity_or_static_issue,LLM_review_or_future_special_module,,,NONE_BASE,1,0,1
Y1_R049_C04_S04,Y1_basic_boolean,Y1,((69 % 52) = 18) IS TRUE,((69 % 52) = 18) IS TRUE,arithmetic_expression,0,0.85,1.0,0.8,0.0,T0_generated_candidate,slot_sanity_or_static_issue,LLM_review_or_future_special_module,,,NONE_BASE,1,0,1
Y1_R049_C04_S05,Y1_basic_boolean,Y1,((82 % 65) = 18) IS TRUE,((82 % 65) = 18) IS TRUE,arithmetic_expression,0,0.85,1.0,0.8,0.0,T0_generated_candidate,slot_sanity_or_static_issue,LLM_review_or_future_special_module,,,NONE_BASE,1,0,1
Y1_R049_C04_S06,Y1_basic_boolean,Y1,((95 % 78) = 18) IS TRUE,((95 % 78) = 18) IS TRUE,arithmetic_expression,0,0.85,1.0,0.8,0.0,T0_generated_candidate,slot_sanity_or_static_issue,LLM_review_or_future_special_module,,,NONE_BASE,1,0,1
Y1_R049_C05_S01,Y1_basic_boolean,Y1,((41 % 24) = 17) IS NOT FALSE,((41 % 24) = 17) IS NOT FALSE,arithmetic_expression,0,0.85,1.0,0.8,0.0,T0_generated_candidate,slot_sanity_or_static_issue,LLM_review_or_future_special_module,,,NONE_BASE,1,0,1
Y1_R049_C05_S02,Y1_basic_boolean,Y1,((54 % 37) = 17) IS NOT FALSE,((54 % 37) = 17) IS NOT FALSE,arithmetic_expression,0,0.85,1.0,0.8,0.0,T0_generated_candidate,slot_sanity_or_static_issue,LLM_review_or_future_special_module,,,NONE_BASE,1,0,1
Y1_R049_C05_S03,Y1_basic_boolean,Y1,((67 % 50) = 17) IS NOT FALSE,((67 % 50) = 17) IS NOT FALSE,arithmetic_expression,0,0.85,1.0,0.8,0.0,T0_generated_candidate,slot_sanity_or_static_issue,LLM_review_or_future_special_module,,,NONE_BASE,1,0,1
Y1_R049_C05_S04,Y1_basic_boolean,Y1,((80 % 63) = 18) IS NOT FALSE,((80 % 63) = 18) IS NOT FALSE,arithmetic_expression,0,0.85,1.0,0.8,0.0,T0_generated_candidate,slot_sanity_or_static_issue,LLM_review_or_future_special_module,,,NONE_BASE,1,0,1
Y1_R049_C05_S05,Y1_basic_boolean,Y1,((93 % 76) = 18) IS NOT FALSE,((93 % 76) = 18) IS NOT FALSE,arithmetic_expression,0,0.85,1.0,0.8,0.0,T0_generated_candidate,slot_sanity_or_static_issue,LLM_review_or_future_special_module,,,NONE_BASE,1,0,1
Y1_R049_C05_S06,Y1_basic_boolean,Y1,((9 % 89) = 10) IS NOT FALSE,((9 % 89) = 10) IS NOT FALSE,arithmetic_expression,0,0.85,1.0,0.8,0.0,T0_generated_candidate,slot_sanity_or_static_issue,LLM_review_or_future_special_module,,,NONE_BASE,1,0,1
Y1_R049_C06_S01,Y1_basic_boolean,Y1,CASE WHEN ((52 % 35) = 17) THEN TRUE ELSE FALSE END,CASE WHEN ((52 % 35) = 17) THEN TRUE ELSE FALSE END,arithmetic_expression,0,0.85,1.0,0.8,0.0,T0_generated_candidate,slot_sanity_or_static_issue,LLM_review_or_future_special_module,,,NONE_BASE,1,0,1
Y1_R049_C06_S02,Y1_basic_boolean,Y1,CASE WHEN ((65 % 48) = 17) THEN TRUE ELSE FALSE END,CASE WHEN ((65 % 48) = 17) THEN TRUE ELSE FALSE END,arithmetic_expression,0,0.85,1.0,0.8,0.0,T0_generated_candidate,slot_sanity_or_static_issue,LLM_review_or_future_special_module,,,NONE_BASE,1,0,1
Y1_R049_C06_S03,Y1_basic_boolean,Y1,CASE WHEN ((78 % 61) = 17) THEN TRUE ELSE FALSE END,CASE WHEN ((78 % 61) = 17) THEN TRUE ELSE FALSE END,arithmetic_expression,0,0.85,1.0,0.8,0.0,T0_generated_candidate,slot_sanity_or_static_issue,LLM_review_or_future_special_module,,,NONE_BASE,1,0,1
Y1_R049_C06_S04,Y1_basic_boolean,Y1,CASE WHEN ((91 % 74) = 18) THEN TRUE ELSE FALSE END,CASE WHEN ((91 % 74) = 18) THEN TRUE ELSE FALSE END,arithmetic_expression,0,0.85,1.0,0.8,0.0,T0_generated_candidate,slot_sanity_or_static_issue,LLM_review_or_future_special_module,,,NONE_BASE,1,0,1
Y1_R049_C06_S05,Y1_basic_boolean,Y1,CASE WHEN ((7 % 87) = 8) THEN TRUE ELSE FALSE END,CASE WHEN ((7 % 87) = 8) THEN TRUE ELSE FALSE END,arithmetic_expression,0,0.85,1.0,0.8,0.0,T0_generated_candidate,slot_sanity_or_static_issue,LLM_review_or_future_special_module,,,NONE_BASE,1,0,1
Y1_R049_C06_S06,Y1_basic_boolean,Y1,CASE WHEN ((20 % 3) = 3) THEN TRUE ELSE FALSE END,CASE WHEN ((20 % 3) = 3) THEN TRUE ELSE FALSE END,arithmetic_expression,0,0.85,1.0,0.8,0.0,T0_generated_candidate,slot_sanity_or_static_issue,LLM_review_or_future_special_module,,,NONE_BASE,1,0,1
Y1_R049_C07_S01,Y1_basic_boolean,Y1,((63 % 46) = 17) AND (97 = 97),((63 % 46) = 17) AND (97 = 97),arithmetic_expression,0,0.85,1.0,0.8,0.0,T0_generated_candidate,slot_sanity_or_static_issue,LLM_review_or_future_special_module,,,NONE_BASE,1,0,1
Y1_R049_C07_S02,Y1_basic_boolean,Y1,((76 % 59) = 17) AND (13 = 13),((76 % 59) = 17) AND (13 = 13),arithmetic_expression,0,0.85,1.0,0.8,0.0,T0_generated_candidate,slot_sanity_or_static_issue,LLM_review_or_future_special_module,,,NONE_BASE,1,0,1
Y1_R049_C07_S03,Y1_basic_boolean,Y1,((89 % 72) = 17) AND (26 = 26),((89 % 72) = 17) AND (26 = 26),arithmetic_expression,0,0.85,1.0,0.8,0.0,T0_generated_candidate,slot_sanity_or_static_issue,LLM_review_or_future_special_module,,,NONE_BASE,1,0,1
Y1_R049_C07_S04,Y1_basic_boolean,Y1,((5 % 85) = 6) AND (39 = 39),((5 % 85) = 6) AND (39 = 39),arithmetic_expression,0,0.85,1.0,0.8,0.0,T0_generated_candidate,slot_sanity_or_static_issue,LLM_review_or_future_special_module,,,NONE_BASE,1,0,1
Y1_R049_C07_S05,Y1_basic_boolean,Y1,((18 % 1) = 1) AND (52 = 52),((18 % 1) = 1) AND (52 = 52),arithmetic_expression,0,0.85,1.0,0.8,0.0,T0_generated_candidate,slot_sanity_or_static_issue,LLM_review_or_future_special_module,,,NONE_BASE,1,0,1
Y1_R049_C07_S06,Y1_basic_boolean,Y1,((31 % 14) = 4) AND (65 = 65),((31 % 14) = 4) AND (65 = 65),arithmetic_expression,0,0.85,1.0,0.8,0.0,T0_generated_candidate,slot_sanity_or_static_issue,LLM_review_or_future_special_module,,,NONE_BASE,1,0,1
Y1_R049_C08_S01,Y1_basic_boolean,Y1,((74 % 57) = 17) OR (28 <> 28),((74 % 57) = 17) OR (28 <> 28),arithmetic_expression,0,0.85,1.0,0.8,0.0,T0_generated_candidate,slot_sanity_or_static_issue,LLM_review_or_future_special_module,,,NONE_BASE,1,0,1
Y1_R049_C08_S02,Y1_basic_boolean,Y1,((87 % 70) = 17) OR (41 <> 41),((87 % 70) = 17) OR (41 <> 41),arithmetic_expression,0,0.85,1.0,0.8,0.0,T0_generated_candidate,slot_sanity_or_static_issue,LLM_review_or_future_special_module,,,NONE_BASE,1,0,1
Y1_R049_C08_S03,Y1_basic_boolean,Y1,((3 % 83) = 3) OR (54 <> 54),((3 % 83) = 3) OR (54 <> 54),arithmetic_expression,0,0.85,1.0,0.8,0.0,T0_generated_candidate,slot_sanity_or_static_issue,LLM_review_or_future_special_module,,,NONE_BASE,1,0,1
Y1_R049_C08_S04,Y1_basic_boolean,Y1,((16 % 96) = 17) OR (67 <> 67),((16 % 96) = 17) OR (67 <> 67),arithmetic_expression,0,0.85,1.0,0.8,0.0,T0_generated_candidate,slot_sanity_or_static_issue,LLM_review_or_future_special_module,,,NONE_BASE,1,0,1
Y1_R049_C08_S05,Y1_basic_boolean,Y1,((29 % 12) = 6) OR (80 <> 80),((29 % 12) = 6) OR (80 <> 80),arithmetic_expression,0,0.85,1.0,0.8,0.0,T0_generated_candidate,slot_sanity_or_static_issue,LLM_review_or_future_special_module,,,NONE_BASE,1,0,1
Y1_R049_C08_S06,Y1_basic_boolean,Y1,((42 % 25) = 18) OR (93 <> 93),((42 % 25) = 18) OR (93 <> 93),arithmetic_expression,0,0.85,1.0,0.8,0.0,T0_generated_candidate,slot_sanity_or_static_issue,LLM_review_or_future_special_module,,,NONE_BASE,1,0,1
Y1_R049_C09_S01,Y1_basic_boolean,Y1,(((85 % 68) = 17) = TRUE),(((85 % 68) = 17) = TRUE),arithmetic_expression,0,0.85,1.0,0.8,0.0,T0_generated_candidate,slot_sanity_or_static_issue,LLM_review_or_future_special_module,,,NONE_BASE,1,0,1
Y1_R049_C09_S02,Y1_basic_boolean,Y1,(((1 % 81) = 1) = TRUE),(((1 % 81) = 1) = TRUE),arithmetic_expression,0,0.85,1.0,0.8,0.0,T0_generated_candidate,slot_sanity_or_static_issue,LLM_review_or_future_special_module,,,NONE_BASE,1,0,1
Y1_R049_C09_S03,Y1_basic_boolean,Y1,(((14 % 94) = 14) = TRUE),(((14 % 94) = 14) = TRUE),arithmetic_expression,0,0.85,1.0,0.8,0.0,T0_generated_candidate,slot_sanity_or_static_issue,LLM_review_or_future_special_module,,,NONE_BASE,1,0,1
Y1_R049_C09_S04,Y1_basic_boolean,Y1,(((27 % 10) = 8) = TRUE),(((27 % 10) = 8) = TRUE),arithmetic_expression,0,0.85,1.0,0.8,0.0,T0_generated_candidate,slot_sanity_or_static_issue,LLM_review_or_future_special_module,,,NONE_BASE,1,0,1
Y1_R049_C09_S05,Y1_basic_boolean,Y1,(((40 % 23) = 18) = TRUE),(((40 % 23) = 18) = TRUE),arithmetic_expression,0,0.85,1.0,0.8,0.0,T0_generated_candidate,slot_sanity_or_static_issue,LLM_review_or_future_special_module,,,NONE_BASE,1,0,1
Y1_R049_C09_S06,Y1_basic_boolean,Y1,(((53 % 36) = 18) = TRUE),(((53 % 36) = 18) = TRUE),arithmetic_expression,0,0.85,1.0,0.8,0.0,T0_generated_candidate,slot_sanity_or_static_issue,LLM_review_or_future_special_module,,,NONE_BASE,1,0,1
Y1_R049_C10_S01,Y1_basic_boolean,Y1,"COALESCE(((96 % 79) = 17), FALSE)","COALESCE(((96 % 79) = 17), FALSE)",arithmetic_expression,0,0.85,1.0,0.8,0.0,T0_generated_candidate,slot_sanity_or_static_issue,LLM_review_or_future_special_module,,,NONE_BASE,1,0,1
Y1_R049_C10_S02,Y1_basic_boolean,Y1,"COALESCE(((12 % 92) = 12), FALSE)","COALESCE(((12 % 92) = 12), FALSE)",arithmetic_expression,0,0.85,1.0,0.8,0.0,T0_generated_candidate,slot_sanity_or_static_issue,LLM_review_or_future_special_module,,,NONE_BASE,1,0,1
Y1_R049_C10_S03,Y1_basic_boolean,Y1,"COALESCE(((25 % 8) = 1), FALSE)","COALESCE(((25 % 8) = 1), FALSE)",arithmetic_expression,0,0.85,1.0,0.8,0.0,T0_generated_candidate,slot_sanity_or_static_issue,LLM_review_or_future_special_module,,,NONE_BASE,1,0,1
Y1_R049_C10_S04,Y1_basic_boolean,Y1,"COALESCE(((38 % 21) = 18), FALSE)","COALESCE(((38 % 21) = 18), FALSE)",arithmetic_expression,0,0.85,1.0,0.8,0.0,T0_generated_candidate,slot_sanity_or_static_issue,LLM_review_or_future_special_module,,,NONE_BASE,1,0,1
Y1_R049_C10_S05,Y1_basic_boolean,Y1,"COALESCE(((51 % 34) = 18), FALSE)","COALESCE(((51 % 34) = 18), FALSE)",arithmetic_expression,0,0.85,1.0,0.8,0.0,T0_generated_candidate,slot_sanity_or_static_issue,LLM_review_or_future_special_module,,,NONE_BASE,1,0,1
Y1_R049_C10_S06,Y1_basic_boolean,Y1,"COALESCE(((64 % 47) = 18), FALSE)","COALESCE(((64 % 47) = 18), FALSE)",arithmetic_expression,0,0.85,1.0,0.8,0.0,T0_generated_candidate,slot_sanity_or_static_issue,LLM_review_or_future_special_module,,,NONE_BASE,1,0,1
Y1_R086_C01_S01,Y1_basic_boolean,Y1,uuid '00000000-0000-0000-0000-000000003195' = uuid '00000000-0000-0000-0000-000000003195',uuid '00000000-0000-0000-0000-000000003195' = uuid '00000000-0000-0000-0000-000000003195',uuid_predicate,1,0.9,0.0,1.0,0.0,T1_static_validated,slot_sanity_or_static_issue,LLM_review_or_future_special_module,,,NONE_BASE,1,1,1
Y1_R086_C01_S02,Y1_basic_boolean,Y1,uuid '00000000-0000-0000-0000-000000003208' = uuid '00000000-0000-0000-0000-000000003208',uuid '00000000-0000-0000-0000-000000003208' = uuid '00000000-0000-0000-0000-000000003208',uuid_predicate,1,0.9,0.0,1.0,0.0,T1_static_validated,slot_sanity_or_static_issue,LLM_review_or_future_special_module,,,NONE_BASE,1,1,1
Y1_R086_C01_S03,Y1_basic_boolean,Y1,uuid '00000000-0000-0000-0000-000000003221' = uuid '00000000-0000-0000-0000-000000003221',uuid '00000000-0000-0000-0000-000000003221' = uuid '00000000-0000-0000-0000-000000003221',uuid_predicate,1,0.9,0.0,1.0,0.0,T1_static_validated,slot_sanity_or_static_issue,LLM_review_or_future_special_module,,,NONE_BASE,1,1,1
Y1_R086_C01_S04,Y1_basic_boolean,Y1,uuid '00000000-0000-0000-0000-000000003234' = uuid '00000000-0000-0000-0000-000000003241',uuid '00000000-0000-0000-0000-000000003234' = uuid '00000000-0000-0000-0000-000000003241',uuid_predicate,1,0.9,0.0,1.0,0.0,T1_static_validated,slot_sanity_or_static_issue,LLM_review_or_future_special_module,,,NONE_BASE,1,1,1
Y1_R086_C01_S05,Y1_basic_boolean,Y1,uuid '00000000-0000-0000-0000-000000003247' = uuid '00000000-0000-0000-0000-000000003254',uuid '00000000-0000-0000-0000-000000003247' = uuid '00000000-0000-0000-0000-000000003254',uuid_predicate,1,0.9,0.0,1.0,0.0,T1_static_validated,slot_sanity_or_static_issue,LLM_review_or_future_special_module,,,NONE_BASE,1,1,1
Y1_R086_C01_S06,Y1_basic_boolean,Y1,uuid '00000000-0000-0000-0000-000000003260' = uuid '00000000-0000-0000-0000-000000003267',uuid '00000000-0000-0000-0000-000000003260' = uuid '00000000-0000-0000-0000-000000003267',uuid_predicate,1,0.9,0.0,1.0,0.0,T1_static_validated,slot_sanity_or_static_issue,LLM_review_or_future_special_module,,,NONE_BASE,1,1,1
Y1_R086_C02_S01,Y1_basic_boolean,Y1,(uuid '00000000-0000-0000-0000-000000003195' = uuid '00000000-0000-0000-0000-000000003195'),(uuid '00000000-0000-0000-0000-000000003195' = uuid '00000000-0000-0000-0000-000000003195'),uuid_predicate,1,0.9,0.0,1.0,0.0,T1_static_validated,slot_sanity_or_static_issue,LLM_review_or_future_special_module,,,NONE_BASE,1,1,1
Y1_R086_C02_S02,Y1_basic_boolean,Y1,(uuid '00000000-0000-0000-0000-000000003208' = uuid '00000000-0000-0000-0000-000000003208'),(uuid '00000000-0000-0000-0000-000000003208' = uuid '00000000-0000-0000-0000-000000003208'),uuid_predicate,1,0.9,0.0,1.0,0.0,T1_static_validated,slot_sanity_or_static_issue,LLM_review_or_future_special_module,,,NONE_BASE,1,1,1
Y1_R086_C02_S03,Y1_basic_boolean,Y1,(uuid '00000000-0000-0000-0000-000000003221' = uuid '00000000-0000-0000-0000-000000003221'),(uuid '00000000-0000-0000-0000-000000003221' = uuid '00000000-0000-0000-0000-000000003221'),uuid_predicate,1,0.9,0.0,1.0,0.0,T1_static_validated,slot_sanity_or_static_issue,LLM_review_or_future_special_module,,,NONE_BASE,1,1,1
Y1_R086_C02_S04,Y1_basic_boolean,Y1,(uuid '00000000-0000-0000-0000-000000003234' = uuid '00000000-0000-0000-0000-000000003241'),(uuid '00000000-0000-0000-0000-000000003234' = uuid '00000000-0000-0000-0000-000000003241'),uuid_predicate,1,0.9,0.0,1.0,0.0,T1_static_validated,slot_sanity_or_static_issue,LLM_review_or_future_special_module,,,NONE_BASE,1,1,1
Y1_R086_C02_S05,Y1_basic_boolean,Y1,(uuid '00000000-0000-0000-0000-000000003247' = uuid '00000000-0000-0000-0000-000000003254'),(uuid '00000000-0000-0000-0000-000000003247' = uuid '00000000-0000-0000-0000-000000003254'),uuid_predicate,1,0.9,0.0,1.0,0.0,T1_static_validated,slot_sanity_or_static_issue,LLM_review_or_future_special_module,,,NONE_BASE,1,1,1
Y1_R086_C02_S06,Y1_basic_boolean,Y1,(uuid '00000000-0000-0000-0000-000000003260' = uuid '00000000-0000-0000-0000-000000003267'),(uuid '00000000-0000-0000-0000-000000003260' = uuid '00000000-0000-0000-0000-000000003267'),uuid_predicate,1,0.9,0.0,1.0,0.0,T1_static_validated,slot_sanity_or_static_issue,LLM_review_or_future_special_module,,,NONE_BASE,1,1,1
Y1_R086_C03_S01,Y1_basic_boolean,Y1,NOT (uuid '00000000-0000-0000-0000-000000003195' = uuid '00000000-0000-0000-0000-000000003202'),NOT (uuid '00000000-0000-0000-0000-000000003195' = uuid '00000000-0000-0000-0000-000000003202'),uuid_predicate,1,0.9,0.0,1.0,0.0,T1_static_validated,slot_sanity_or_static_issue,LLM_review_or_future_special_module,,,NONE_BASE,1,1,1
Y1_R086_C03_S02,Y1_basic_boolean,Y1,NOT (uuid '00000000-0000-0000-0000-000000003208' = uuid '00000000-0000-0000-0000-000000003215'),NOT (uuid '00000000-0000-0000-0000-000000003208' = uuid '00000000-0000-0000-0000-000000003215'),uuid_predicate,1,0.9,0.0,1.0,0.0,T1_static_validated,slot_sanity_or_static_issue,LLM_review_or_future_special_module,,,NONE_BASE,1,1,1
Y1_R086_C03_S03,Y1_basic_boolean,Y1,NOT (uuid '00000000-0000-0000-0000-000000003221' = uuid '00000000-0000-0000-0000-000000003228'),NOT (uuid '00000000-0000-0000-0000-000000003221' = uuid '00000000-0000-0000-0000-000000003228'),uuid_predicate,1,0.9,0.0,1.0,0.0,T1_static_validated,slot_sanity_or_static_issue,LLM_review_or_future_special_module,,,NONE_BASE,1,1,1
Y1_R086_C03_S04,Y1_basic_boolean,Y1,NOT (uuid '00000000-0000-0000-0000-000000003234' = uuid '00000000-0000-0000-0000-000000003234'),NOT (uuid '00000000-0000-0000-0000-000000003234' = uuid '00000000-0000-0000-0000-000000003234'),uuid_predicate,1,0.9,0.0,1.0,0.0,T1_static_validated,slot_sanity_or_static_issue,LLM_review_or_future_special_module,,,NONE_BASE,1,1,1
Y1_R086_C03_S05,Y1_basic_boolean,Y1,NOT (uuid '00000000-0000-0000-0000-000000003247' = uuid '00000000-0000-0000-0000-000000003247'),NOT (uuid '00000000-0000-0000-0000-000000003247' = uuid '00000000-0000-0000-0000-000000003247'),uuid_predicate,1,0.9,0.0,1.0,0.0,T1_static_validated,slot_sanity_or_static_issue,LLM_review_or_future_special_module,,,NONE_BASE,1,1,1
Y1_R086_C03_S06,Y1_basic_boolean,Y1,NOT (uuid '00000000-0000-0000-0000-000000003260' = uuid '00000000-0000-0000-0000-000000003260'),NOT (uuid '00000000-0000-0000-0000-000000003260' = uuid '00000000-0000-0000-0000-000000003260'),uuid_predicate,1,0.9,0.0,1.0,0.0,T1_static_validated,slot_sanity_or_static_issue,LLM_review_or_future_special_module,,,NONE_BASE,1,1,1
Y1_R086_C04_S01,Y1_basic_boolean,Y1,(uuid '00000000-0000-0000-0000-000000003195' = uuid '00000000-0000-0000-0000-000000003195') IS TRUE,(uuid '00000000-0000-0000-0000-000000003195' = uuid '00000000-0000-0000-0000-000000003195') IS TRUE,uuid_predicate,1,0.9,0.0,1.0,0.0,T1_static_validated,slot_sanity_or_static_issue,LLM_review_or_future_special_module,,,NONE_BASE,1,1,1
Y1_R086_C04_S02,Y1_basic_boolean,Y1,(uuid '00000000-0000-0000-0000-000000003208' = uuid '00000000-0000-0000-0000-000000003208') IS TRUE,(uuid '00000000-0000-0000-0000-000000003208' = uuid '00000000-0000-0000-0000-000000003208') IS TRUE,uuid_predicate,1,0.9,0.0,1.0,0.0,T1_static_validated,slot_sanity_or_static_issue,LLM_review_or_future_special_module,,,NONE_BASE,1,1,1
Y1_R086_C04_S03,Y1_basic_boolean,Y1,(uuid '00000000-0000-0000-0000-000000003221' = uuid '00000000-0000-0000-0000-000000003221') IS TRUE,(uuid '00000000-0000-0000-0000-000000003221' = uuid '00000000-0000-0000-0000-000000003221') IS TRUE,uuid_predicate,1,0.9,0.0,1.0,0.0,T1_static_validated,slot_sanity_or_static_issue,LLM_review_or_future_special_module,,,NONE_BASE,1,1,1
Y1_R086_C04_S04,Y1_basic_boolean,Y1,(uuid '00000000-0000-0000-0000-000000003234' = uuid '00000000-0000-0000-0000-000000003241') IS TRUE,(uuid '00000000-0000-0000-0000-000000003234' = uuid '00000000-0000-0000-0000-000000003241') IS TRUE,uuid_predicate,1,0.9,0.0,1.0,0.0,T1_static_validated,slot_sanity_or_static_issue,LLM_review_or_future_special_module,,,NONE_BASE,1,1,1
Y1_R086_C04_S05,Y1_basic_boolean,Y1,(uuid '00000000-0000-0000-0000-000000003247' = uuid '00000000-0000-0000-0000-000000003254') IS TRUE,(uuid '00000000-0000-0000-0000-000000003247' = uuid '00000000-0000-0000-0000-000000003254') IS TRUE,uuid_predicate,1,0.9,0.0,1.0,0.0,T1_static_validated,slot_sanity_or_static_issue,LLM_review_or_future_special_module,,,NONE_BASE,1,1,1
Y1_R086_C04_S06,Y1_basic_boolean,Y1,(uuid '00000000-0000-0000-0000-000000003260' = uuid '00000000-0000-0000-0000-000000003267') IS TRUE,(uuid '00000000-0000-0000-0000-000000003260' = uuid '00000000-0000-0000-0000-000000003267') IS TRUE,uuid_predicate,1,0.9,0.0,1.0,0.0,T1_static_validated,slot_sanity_or_static_issue,LLM_review_or_future_special_module,,,NONE_BASE,1,1,1
Y1_R086_C05_S01,Y1_basic_boolean,Y1,(uuid '00000000-0000-0000-0000-000000003195' = uuid '00000000-0000-0000-0000-000000003195') IS NOT FALSE,(uuid '00000000-0000-0000-0000-000000003195' = uuid '00000000-0000-0000-0000-000000003195') IS NOT FALSE,uuid_predicate,1,0.9,0.0,1.0,0.0,T1_static_validated,slot_sanity_or_static_issue,LLM_review_or_future_special_module,,,NONE_BASE,1,1,1
Y1_R086_C05_S02,Y1_basic_boolean,Y1,(uuid '00000000-0000-0000-0000-000000003208' = uuid '00000000-0000-0000-0000-000000003208') IS NOT FALSE,(uuid '00000000-0000-0000-0000-000000003208' = uuid '00000000-0000-0000-0000-000000003208') IS NOT FALSE,uuid_predicate,1,0.9,0.0,1.0,0.0,T1_static_validated,slot_sanity_or_static_issue,LLM_review_or_future_special_module,,,NONE_BASE,1,1,1
Y1_R086_C05_S03,Y1_basic_boolean,Y1,(uuid '00000000-0000-0000-0000-000000003221' = uuid '00000000-0000-0000-0000-000000003221') IS NOT FALSE,(uuid '00000000-0000-0000-0000-000000003221' = uuid '00000000-0000-0000-0000-000000003221') IS NOT FALSE,uuid_predicate,1,0.9,0.0,1.0,0.0,T1_static_validated,slot_sanity_or_static_issue,LLM_review_or_future_special_module,,,NONE_BASE,1,1,1
Y1_R086_C05_S04,Y1_basic_boolean,Y1,(uuid '00000000-0000-0000-0000-000000003234' = uuid '00000000-0000-0000-0000-000000003241') IS NOT FALSE,(uuid '00000000-0000-0000-0000-000000003234' = uuid '00000000-0000-0000-0000-000000003241') IS NOT FALSE,uuid_predicate,1,0.9,0.0,1.0,0.0,T1_static_validated,slot_sanity_or_static_issue,LLM_review_or_future_special_module,,,NONE_BASE,1,1,1
Y1_R086_C05_S05,Y1_basic_boolean,Y1,(uuid '00000000-0000-0000-0000-000000003247' = uuid '00000000-0000-0000-0000-000000003254') IS NOT FALSE,(uuid '00000000-0000-0000-0000-000000003247' = uuid '00000000-0000-0000-0000-000000003254') IS NOT FALSE,uuid_predicate,1,0.9,0.0,1.0,0.0,T1_static_validated,slot_sanity_or_static_issue,LLM_review_or_future_special_module,,,NONE_BASE,1,1,1
Y1_R086_C05_S06,Y1_basic_boolean,Y1,(uuid '00000000-0000-0000-0000-000000003260' = uuid '00000000-0000-0000-0000-000000003267') IS NOT FALSE,(uuid '00000000-0000-0000-0000-000000003260' = uuid '00000000-0000-0000-0000-000000003267') IS NOT FALSE,uuid_predicate,1,0.9,0.0,1.0,0.0,T1_static_validated,slot_sanity_or_static_issue,LLM_review_or_future_special_module,,,NONE_BASE,1,1,1
Y1_R086_C06_S01,Y1_basic_boolean,Y1,CASE WHEN (uuid '00000000-0000-0000-0000-000000003195' = uuid '00000000-0000-0000-0000-000000003195') THEN TRUE ELSE FALSE END,CASE WHEN (uuid '00000000-0000-0000-0000-000000003195' = uuid '00000000-0000-0000-0000-000000003195') THEN TRUE ELSE FALSE END,uuid_predicate,1,0.9,0.0,1.0,0.0,T1_static_validated,slot_sanity_or_static_issue,LLM_review_or_future_special_module,,,NONE_BASE,1,1,1
Y1_R086_C06_S02,Y1_basic_boolean,Y1,CASE WHEN (uuid '00000000-0000-0000-0000-000000003208' = uuid '00000000-0000-0000-0000-000000003208') THEN TRUE ELSE FALSE END,CASE WHEN (uuid '00000000-0000-0000-0000-000000003208' = uuid '00000000-0000-0000-0000-000000003208') THEN TRUE ELSE FALSE END,uuid_predicate,1,0.9,0.0,1.0,0.0,T1_static_validated,slot_sanity_or_static_issue,LLM_review_or_future_special_module,,,NONE_BASE,1,1,1
Y1_R086_C06_S03,Y1_basic_boolean,Y1,CASE WHEN (uuid '00000000-0000-0000-0000-000000003221' = uuid '00000000-0000-0000-0000-000000003221') THEN TRUE ELSE FALSE END,CASE WHEN (uuid '00000000-0000-0000-0000-000000003221' = uuid '00000000-0000-0000-0000-000000003221') THEN TRUE ELSE FALSE END,uuid_predicate,1,0.9,0.0,1.0,0.0,T1_static_validated,slot_sanity_or_static_issue,LLM_review_or_future_special_module,,,NONE_BASE,1,1,1
Y1_R086_C06_S04,Y1_basic_boolean,Y1,CASE WHEN (uuid '00000000-0000-0000-0000-000000003234' = uuid '00000000-0000-0000-0000-000000003241') THEN TRUE ELSE FALSE END,CASE WHEN (uuid '00000000-0000-0000-0000-000000003234' = uuid '00000000-0000-0000-0000-000000003241') THEN TRUE ELSE FALSE END,uuid_predicate,1,0.9,0.0,1.0,0.0,T1_static_validated,slot_sanity_or_static_issue,LLM_review_or_future_special_module,,,NONE_BASE,1,1,1
Y1_R086_C06_S05,Y1_basic_boolean,Y1,CASE WHEN (uuid '00000000-0000-0000-0000-000000003247' = uuid '00000000-0000-0000-0000-000000003254') THEN TRUE ELSE FALSE END,CASE WHEN (uuid '00000000-0000-0000-0000-000000003247' = uuid '00000000-0000-0000-0000-000000003254') THEN TRUE ELSE FALSE END,uuid_predicate,1,0.9,0.0,1.0,0.0,T1_static_validated,slot_sanity_or_static_issue,LLM_review_or_future_special_module,,,NONE_BASE,1,1,1
Y1_R086_C06_S06,Y1_basic_boolean,Y1,CASE WHEN (uuid '00000000-0000-0000-0000-000000003260' = uuid '00000000-0000-0000-0000-000000003267') THEN TRUE ELSE FALSE END,CASE WHEN (uuid '00000000-0000-0000-0000-000000003260' = uuid '00000000-0000-0000-0000-000000003267') THEN TRUE ELSE FALSE END,uuid_predicate,1,0.9,0.0,1.0,0.0,T1_static_validated,slot_sanity_or_static_issue,LLM_review_or_future_special_module,,,NONE_BASE,1,1,1
Y1_R086_C07_S01,Y1_basic_boolean,Y1,(uuid '00000000-0000-0000-0000-000000003195' = uuid '00000000-0000-0000-0000-000000003195') AND (65 = 65),(uuid '00000000-0000-0000-0000-000000003195' = uuid '00000000-0000-0000-0000-000000003195') AND (65 = 65),uuid_predicate,1,0.9,0.0,1.0,0.0,T1_static_validated,slot_sanity_or_static_issue,LLM_review_or_future_special_module,,,NONE_BASE,1,1,1
Y1_R086_C07_S02,Y1_basic_boolean,Y1,(uuid '00000000-0000-0000-0000-000000003208' = uuid '00000000-0000-0000-0000-000000003208') AND (78 = 78),(uuid '00000000-0000-0000-0000-000000003208' = uuid '00000000-0000-0000-0000-000000003208') AND (78 = 78),uuid_predicate,1,0.9,0.0,1.0,0.0,T1_static_validated,slot_sanity_or_static_issue,LLM_review_or_future_special_module,,,NONE_BASE,1,1,1
Y1_R086_C07_S03,Y1_basic_boolean,Y1,(uuid '00000000-0000-0000-0000-000000003221' = uuid '00000000-0000-0000-0000-000000003221') AND (91 = 91),(uuid '00000000-0000-0000-0000-000000003221' = uuid '00000000-0000-0000-0000-000000003221') AND (91 = 91),uuid_predicate,1,0.9,0.0,1.0,0.0,T1_static_validated,slot_sanity_or_static_issue,LLM_review_or_future_special_module,,,NONE_BASE,1,1,1
Y1_R086_C07_S04,Y1_basic_boolean,Y1,(uuid '00000000-0000-0000-0000-000000003234' = uuid '00000000-0000-0000-0000-000000003241') AND (7 = 7),(uuid '00000000-0000-0000-0000-000000003234' = uuid '00000000-0000-0000-0000-000000003241') AND (7 = 7),uuid_predicate,1,0.9,0.0,1.0,0.0,T1_static_validated,slot_sanity_or_static_issue,LLM_review_or_future_special_module,,,NONE_BASE,1,1,1
Y1_R086_C07_S05,Y1_basic_boolean,Y1,(uuid '00000000-0000-0000-0000-000000003247' = uuid '00000000-0000-0000-0000-000000003254') AND (20 = 20),(uuid '00000000-0000-0000-0000-000000003247' = uuid '00000000-0000-0000-0000-000000003254') AND (20 = 20),uuid_predicate,1,0.9,0.0,1.0,0.0,T1_static_validated,slot_sanity_or_static_issue,LLM_review_or_future_special_module,,,NONE_BASE,1,1,1
Y1_R086_C07_S06,Y1_basic_boolean,Y1,(uuid '00000000-0000-0000-0000-000000003260' = uuid '00000000-0000-0000-0000-000000003267') AND (33 = 33),(uuid '00000000-0000-0000-0000-000000003260' = uuid '00000000-0000-0000-0000-000000003267') AND (33 = 33),uuid_predicate,1,0.9,0.0,1.0,0.0,T1_static_validated,slot_sanity_or_static_issue,LLM_review_or_future_special_module,,,NONE_BASE,1,1,1
Y1_R086_C08_S01,Y1_basic_boolean,Y1,(uuid '00000000-0000-0000-0000-000000003195' = uuid '00000000-0000-0000-0000-000000003195') OR (93 <> 93),(uuid '00000000-0000-0000-0000-000000003195' = uuid '00000000-0000-0000-0000-000000003195') OR (93 <> 93),uuid_predicate,1,0.9,0.0,1.0,0.0,T1_static_validated,slot_sanity_or_static_issue,LLM_review_or_future_special_module,,,NONE_BASE,1,1,1
Y1_R086_C08_S02,Y1_basic_boolean,Y1,(uuid '00000000-0000-0000-0000-000000003208' = uuid '00000000-0000-0000-0000-000000003208') OR (9 <> 9),(uuid '00000000-0000-0000-0000-000000003208' = uuid '00000000-0000-0000-0000-000000003208') OR (9 <> 9),uuid_predicate,1,0.9,0.0,1.0,0.0,T1_static_validated,slot_sanity_or_static_issue,LLM_review_or_future_special_module,,,NONE_BASE,1,1,1
Y2_R031_C01_S01,Y2_boolean_variation,Y2,'west5' like 'we%','west5' like 'we%',like_ilike,0,0.85,1.0,0.8,0.0,T0_generated_candidate,slot_sanity_or_static_issue,LLM_review_or_future_special_module,,,NONE_BASE,1,0,0
Y2_R031_C01_S02,Y2_boolean_variation,Y2,(  'prime6'  LIKE  'pr%'  ),( 'prime6' LIKE 'pr%' ),like_ilike,0,0.85,1.0,0.8,0.0,T0_generated_candidate,slot_sanity_or_static_issue,LLM_review_or_future_special_module,,,NONE_BASE,1,0,1
Y2_R031_C01_S03,Y2_boolean_variation,Y2,'core7' like 'co%','core7' like 'co%',like_ilike,0,0.85,1.0,0.8,0.0,T0_generated_candidate,slot_sanity_or_static_issue,LLM_review_or_future_special_module,,,NONE_BASE,1,0,0
Y2_R031_C01_S04,Y2_boolean_variation,Y2,( 'safe8' LIKE 'zz%' ),( 'safe8' LIKE 'zz%' ),like_ilike,0,0.85,1.0,0.8,0.0,T0_generated_candidate,slot_sanity_or_static_issue,LLM_review_or_future_special_module,,,NONE_BASE,1,0,1
Y2_R031_C01_S05,Y2_boolean_variation,Y2,'audit0'  like  'zz%','audit0' like 'zz%',like_ilike,0,0.85,1.0,0.8,0.0,T0_generated_candidate,slot_sanity_or_static_issue,LLM_review_or_future_special_module,,,NONE_BASE,1,0,0
Y2_R031_C01_S06,Y2_boolean_variation,Y2,( 'trace1' LIKE 'zz%' ),( 'trace1' LIKE 'zz%' ),like_ilike,0,0.85,1.0,0.8,0.0,T0_generated_candidate,slot_sanity_or_static_issue,LLM_review_or_future_special_module,,,NONE_BASE,1,0,1
Y2_R031_C02_S01,Y2_boolean_variation,Y2,( ('prime5' like 'pr%') ),( ('prime5' like 'pr%') ),like_ilike,0,0.85,1.0,0.8,0.0,T0_generated_candidate,slot_sanity_or_static_issue,LLM_review_or_future_special_module,,,NONE_BASE,1,0,0
Y2_R031_C02_S02,Y2_boolean_variation,Y2,('core6'  LIKE  'co%'),('core6' LIKE 'co%'),like_ilike,0,0.85,1.0,0.8,0.0,T0_generated_candidate,slot_sanity_or_static_issue,LLM_review_or_future_special_module,,,NONE_BASE,1,0,1
Y2_R031_C02_S03,Y2_boolean_variation,Y2,( ('safe7' like 'sa%') ),( ('safe7' like 'sa%') ),like_ilike,0,0.85,1.0,0.8,0.0,T0_generated_candidate,slot_sanity_or_static_issue,LLM_review_or_future_special_module,,,NONE_BASE,1,0,0
Y2_R031_C02_S04,Y2_boolean_variation,Y2,('audit8' LIKE 'zz%'),('audit8' LIKE 'zz%'),like_ilike,0,0.85,1.0,0.8,0.0,T0_generated_candidate,slot_sanity_or_static_issue,LLM_review_or_future_special_module,,,NONE_BASE,1,0,1
Y2_R031_C02_S05,Y2_boolean_variation,Y2,(  ('trace0'  like  'zz%')  ),( ('trace0' like 'zz%') ),like_ilike,0,0.85,1.0,0.8,0.0,T0_generated_candidate,slot_sanity_or_static_issue,LLM_review_or_future_special_module,,,NONE_BASE,1,0,0
Y2_R031_C02_S06,Y2_boolean_variation,Y2,('signal1' LIKE 'zz%'),('signal1' LIKE 'zz%'),like_ilike,0,0.85,1.0,0.8,0.0,T0_generated_candidate,slot_sanity_or_static_issue,LLM_review_or_future_special_module,,,NONE_BASE,1,0,1
Y2_R031_C03_S01,Y2_boolean_variation,Y2,NOT ('core5' like 'zz%'),NOT ('core5' like 'zz%'),like_ilike,0,0.85,1.0,0.8,0.0,T0_generated_candidate,slot_sanity_or_static_issue,LLM_review_or_future_special_module,,,NONE_BASE,1,0,0
Y2_R031_C03_S02,Y2_boolean_variation,Y2,(  not  ('safe6'  LIKE  'zz%')  ),( not ('safe6' LIKE 'zz%') ),like_ilike,0,0.85,1.0,0.8,0.0,T0_generated_candidate,slot_sanity_or_static_issue,LLM_review_or_future_special_module,,,NONE_BASE,1,0,0
Y2_R031_C03_S03,Y2_boolean_variation,Y2,NOT ('audit7' like 'zz%'),NOT ('audit7' like 'zz%'),like_ilike,0,0.85,1.0,0.8,0.0,T0_generated_candidate,slot_sanity_or_static_issue,LLM_review_or_future_special_module,,,NONE_BASE,1,0,0
Y2_R031_C03_S04,Y2_boolean_variation,Y2,( not ('trace8' LIKE 'tr%') ),( not ('trace8' LIKE 'tr%') ),like_ilike,0,0.85,1.0,0.8,0.0,T0_generated_candidate,slot_sanity_or_static_issue,LLM_review_or_future_special_module,,,NONE_BASE,1,0,0
Y2_R031_C03_S05,Y2_boolean_variation,Y2,NOT  ('signal0'  like  'si%'),NOT ('signal0' like 'si%'),like_ilike,0,0.85,1.0,0.8,0.0,T0_generated_candidate,slot_sanity_or_static_issue,LLM_review_or_future_special_module,,,NONE_BASE,1,0,0
Y2_R031_C03_S06,Y2_boolean_variation,Y2,( not ('alpha1' LIKE 'al%') ),( not ('alpha1' LIKE 'al%') ),like_ilike,0,0.85,1.0,0.8,0.0,T0_generated_candidate,slot_sanity_or_static_issue,LLM_review_or_future_special_module,,,NONE_BASE,1,0,0
Y2_R031_C04_S01,Y2_boolean_variation,Y2,( ('safe5' like 'sa%') is true ),( ('safe5' like 'sa%') is true ),like_ilike,0,0.85,1.0,0.8,0.0,T0_generated_candidate,slot_sanity_or_static_issue,LLM_review_or_future_special_module,,,NONE_BASE,1,0,0
Y2_R031_C04_S02,Y2_boolean_variation,Y2,('audit6'  LIKE  'au%')  IS  TRUE,('audit6' LIKE 'au%') IS TRUE,like_ilike,0,0.85,1.0,0.8,0.0,T0_generated_candidate,slot_sanity_or_static_issue,LLM_review_or_future_special_module,,,NONE_BASE,1,0,1
Y2_R031_C04_S03,Y2_boolean_variation,Y2,( ('trace7' like 'tr%') is true ),( ('trace7' like 'tr%') is true ),like_ilike,0,0.85,1.0,0.8,0.0,T0_generated_candidate,slot_sanity_or_static_issue,LLM_review_or_future_special_module,,,NONE_BASE,1,0,0
Y2_R031_C04_S04,Y2_boolean_variation,Y2,('signal8' LIKE 'zz%') IS TRUE,('signal8' LIKE 'zz%') IS TRUE,like_ilike,0,0.85,1.0,0.8,0.0,T0_generated_candidate,slot_sanity_or_static_issue,LLM_review_or_future_special_module,,,NONE_BASE,1,0,1
Y2_R031_C04_S05,Y2_boolean_variation,Y2,(  ('alpha0'  like  'zz%')  is  true  ),( ('alpha0' like 'zz%') is true ),like_ilike,0,0.85,1.0,0.8,0.0,T0_generated_candidate,slot_sanity_or_static_issue,LLM_review_or_future_special_module,,,NONE_BASE,1,0,0
Y2_R031_C04_S06,Y2_boolean_variation,Y2,('beta1' LIKE 'zz%') IS TRUE,('beta1' LIKE 'zz%') IS TRUE,like_ilike,0,0.85,1.0,0.8,0.0,T0_generated_candidate,slot_sanity_or_static_issue,LLM_review_or_future_special_module,,,NONE_BASE,1,0,1
Y2_R031_C05_S01,Y2_boolean_variation,Y2,('audit5' like 'au%') is NOT FALSE,('audit5' like 'au%') is NOT FALSE,like_ilike,0,0.85,1.0,0.8,0.0,T0_generated_candidate,slot_sanity_or_static_issue,LLM_review_or_future_special_module,,,NONE_BASE,1,0,0
Y2_R031_C05_S02,Y2_boolean_variation,Y2,(  ('trace6'  LIKE  'tr%')  IS  not  false  ),( ('trace6' LIKE 'tr%') IS not false ),like_ilike,0,0.85,1.0,0.8,0.0,T0_generated_candidate,slot_sanity_or_static_issue,LLM_review_or_future_special_module,,,NONE_BASE,1,0,0
Y2_R031_C05_S03,Y2_boolean_variation,Y2,('signal7' like 'si%') is NOT FALSE,('signal7' like 'si%') is NOT FALSE,like_ilike,0,0.85,1.0,0.8,0.0,T0_generated_candidate,slot_sanity_or_static_issue,LLM_review_or_future_special_module,,,NONE_BASE,1,0,0
Y2_R031_C05_S04,Y2_boolean_variation,Y2,( ('alpha8' LIKE 'zz%') IS not false ),( ('alpha8' LIKE 'zz%') IS not false ),like_ilike,0,0.85,1.0,0.8,0.0,T0_generated_candidate,slot_sanity_or_static_issue,LLM_review_or_future_special_module,,,NONE_BASE,1,0,0
Y2_R031_C05_S05,Y2_boolean_variation,Y2,('beta0'  like  'zz%')  is  NOT  FALSE,('beta0' like 'zz%') is NOT FALSE,like_ilike,0,0.85,1.0,0.8,0.0,T0_generated_candidate,slot_sanity_or_static_issue,LLM_review_or_future_special_module,,,NONE_BASE,1,0,0
Y2_R031_C05_S06,Y2_boolean_variation,Y2,( ('gamma1' LIKE 'zz%') IS not false ),( ('gamma1' LIKE 'zz%') IS not false ),like_ilike,0,0.85,1.0,0.8,0.0,T0_generated_candidate,slot_sanity_or_static_issue,LLM_review_or_future_special_module,,,NONE_BASE,1,0,0
Y2_R031_C06_S01,Y2_boolean_variation,Y2,( case when ('trace5' like 'tr%') then true else FALSE END ),( case when ('trace5' like 'tr%') then true else FALSE END ),like_ilike,0,0.85,1.0,0.8,0.0,T0_generated_candidate,slot_sanity_or_static_issue,LLM_review_or_future_special_module,,,NONE_BASE,1,0,0
Y2_R031_C06_S02,Y2_boolean_variation,Y2,CASE  WHEN  ('signal6'  LIKE  'si%')  THEN  TRUE  ELSE  false  end,CASE WHEN ('signal6' LIKE 'si%') THEN TRUE ELSE false end,like_ilike,0,0.85,1.0,0.8,0.0,T0_generated_candidate,slot_sanity_or_static_issue,LLM_review_or_future_special_module,,,NONE_BASE,1,0,0
Y2_R031_C06_S03,Y2_boolean_variation,Y2,( case when ('alpha7' like 'al%') then true else FALSE END ),( case when ('alpha7' like 'al%') then true else FALSE END ),like_ilike,0,0.85,1.0,0.8,0.0,T0_generated_candidate,slot_sanity_or_static_issue,LLM_review_or_future_special_module,,,NONE_BASE,1,0,0
Y2_R031_C06_S04,Y2_boolean_variation,Y2,CASE WHEN ('beta8' LIKE 'zz%') THEN TRUE ELSE false end,CASE WHEN ('beta8' LIKE 'zz%') THEN TRUE ELSE false end,like_ilike,0,0.85,1.0,0.8,0.0,T0_generated_candidate,slot_sanity_or_static_issue,LLM_review_or_future_special_module,,,NONE_BASE,1,0,0
Y2_R031_C06_S05,Y2_boolean_variation,Y2,(  case  when  ('gamma0'  like  'zz%')  then  true  else  FALSE  END  ),( case when ('gamma0' like 'zz%') then true else FALSE END ),like_ilike,0,0.85,1.0,0.8,0.0,T0_generated_candidate,slot_sanity_or_static_issue,LLM_review_or_future_special_module,,,NONE_BASE,1,0,0
Y2_R031_C06_S06,Y2_boolean_variation,Y2,CASE WHEN ('delta1' LIKE 'zz%') THEN TRUE ELSE false end,CASE WHEN ('delta1' LIKE 'zz%') THEN TRUE ELSE false end,like_ilike,0,0.85,1.0,0.8,0.0,T0_generated_candidate,slot_sanity_or_static_issue,LLM_review_or_future_special_module,,,NONE_BASE,1,0,0
Y2_R031_C07_S01,Y2_boolean_variation,Y2,('signal5' like 'si%') AND (68 = 68),('signal5' like 'si%') AND (68 = 68),like_ilike,0,0.85,1.0,0.8,0.0,T0_generated_candidate,slot_sanity_or_static_issue,LLM_review_or_future_special_module,,,NONE_BASE,1,0,0
Y2_R031_C07_S02,Y2_boolean_variation,Y2,(  ('alpha6'  LIKE  'al%')  and  (81  =  81)  ),( ('alpha6' LIKE 'al%') and (81 = 81) ),like_ilike,0,0.85,1.0,0.8,0.0,T0_generated_candidate,slot_sanity_or_static_issue,LLM_review_or_future_special_module,,,NONE_BASE,1,0,0
Y2_R031_C07_S03,Y2_boolean_variation,Y2,('beta7' like 'be%') AND (94 = 94),('beta7' like 'be%') AND (94 = 94),like_ilike,0,0.85,1.0,0.8,0.0,T0_generated_candidate,slot_sanity_or_static_issue,LLM_review_or_future_special_module,,,NONE_BASE,1,0,0
Y2_R031_C07_S04,Y2_boolean_variation,Y2,( ('gamma8' LIKE 'zz%') and (10 = 10) ),( ('gamma8' LIKE 'zz%') and (10 = 10) ),like_ilike,0,0.85,1.0,0.8,0.0,T0_generated_candidate,slot_sanity_or_static_issue,LLM_review_or_future_special_module,,,NONE_BASE,1,0,0
Y2_R031_C07_S05,Y2_boolean_variation,Y2,('delta0'  like  'zz%')  AND  (23  =  23),('delta0' like 'zz%') AND (23 = 23),like_ilike,0,0.85,1.0,0.8,0.0,T0_generated_candidate,slot_sanity_or_static_issue,LLM_review_or_future_special_module,,,NONE_BASE,1,0,0
Y2_R031_C07_S06,Y2_boolean_variation,Y2,( ('omega1' LIKE 'zz%') and (36 = 36) ),( ('omega1' LIKE 'zz%') and (36 = 36) ),like_ilike,0,0.85,1.0,0.8,0.0,T0_generated_candidate,slot_sanity_or_static_issue,LLM_review_or_future_special_module,,,NONE_BASE,1,0,0
Y2_R031_C08_S01,Y2_boolean_variation,Y2,( ('alpha5' like 'al%') or (96 <> 96) ),( ('alpha5' like 'al%') or (96 <> 96) ),like_ilike,0,0.85,1.0,0.8,0.0,T0_generated_candidate,slot_sanity_or_static_issue,LLM_review_or_future_special_module,,,NONE_BASE,1,0,0
Y2_R031_C08_S02,Y2_boolean_variation,Y2,('beta6'  LIKE  'be%')  OR  (12  <>  12),('beta6' LIKE 'be%') OR (12 <> 12),like_ilike,0,0.85,1.0,0.8,0.0,T0_generated_candidate,slot_sanity_or_static_issue,LLM_review_or_future_special_module,,,NONE_BASE,1,0,1
Y2_R031_C08_S03,Y2_boolean_variation,Y2,( ('gamma7' like 'ga%') or (25 <> 25) ),( ('gamma7' like 'ga%') or (25 <> 25) ),like_ilike,0,0.85,1.0,0.8,0.0,T0_generated_candidate,slot_sanity_or_static_issue,LLM_review_or_future_special_module,,,NONE_BASE,1,0,0
Y2_R031_C08_S04,Y2_boolean_variation,Y2,('delta8' LIKE 'zz%') OR (38 <> 38),('delta8' LIKE 'zz%') OR (38 <> 38),like_ilike,0,0.85,1.0,0.8,0.0,T0_generated_candidate,slot_sanity_or_static_issue,LLM_review_or_future_special_module,,,NONE_BASE,1,0,1
Y2_R031_C08_S05,Y2_boolean_variation,Y2,(  ('omega0'  like  'zz%')  or  (51  <>  51)  ),( ('omega0' like 'zz%') or (51 <> 51) ),like_ilike,0,0.85,1.0,0.8,0.0,T0_generated_candidate,slot_sanity_or_static_issue,LLM_review_or_future_special_module,,,NONE_BASE,1,0,0
Y2_R031_C08_S06,Y2_boolean_variation,Y2,('active1' LIKE 'zz%') OR (64 <> 64),('active1' LIKE 'zz%') OR (64 <> 64),like_ilike,0,0.85,1.0,0.8,0.0,T0_generated_candidate,slot_sanity_or_static_issue,LLM_review_or_future_special_module,,,NONE_BASE,1,0,1
Y2_R031_C09_S01,Y2_boolean_variation,Y2,(('beta5' like 'be%') = true),(('beta5' like 'be%') = true),like_ilike,0,0.85,1.0,0.8,0.0,T0_generated_candidate,slot_sanity_or_static_issue,LLM_review_or_future_special_module,,,NONE_BASE,1,0,0
Y2_R031_C09_S02,Y2_boolean_variation,Y2,(  (('gamma6'  LIKE  'ga%')  =  TRUE)  ),( (('gamma6' LIKE 'ga%') = TRUE) ),like_ilike,0,0.85,1.0,0.8,0.0,T0_generated_candidate,slot_sanity_or_static_issue,LLM_review_or_future_special_module,,,NONE_BASE,1,0,1
Y2_R031_C09_S03,Y2_boolean_variation,Y2,(('delta7' like 'de%') = true),(('delta7' like 'de%') = true),like_ilike,0,0.85,1.0,0.8,0.0,T0_generated_candidate,slot_sanity_or_static_issue,LLM_review_or_future_special_module,,,NONE_BASE,1,0,0
Y2_R031_C09_S04,Y2_boolean_variation,Y2,( (('omega8' LIKE 'zz%') = TRUE) ),( (('omega8' LIKE 'zz%') = TRUE) ),like_ilike,0,0.85,1.0,0.8,0.0,T0_generated_candidate,slot_sanity_or_static_issue,LLM_review_or_future_special_module,,,NONE_BASE,1,0,1
Y2_R031_C09_S05,Y2_boolean_variation,Y2,(('active0'  like  'zz%')  =  true),(('active0' like 'zz%') = true),like_ilike,0,0.85,1.0,0.8,0.0,T0_generated_candidate,slot_sanity_or_static_issue,LLM_review_or_future_special_module,,,NONE_BASE,1,0,0
Y2_R031_C09_S06,Y2_boolean_variation,Y2,( (('pending1' LIKE 'zz%') = TRUE) ),( (('pending1' LIKE 'zz%') = TRUE) ),like_ilike,0,0.85,1.0,0.8,0.0,T0_generated_candidate,slot_sanity_or_static_issue,LLM_review_or_future_special_module,,,NONE_BASE,1,0,1
Y2_R031_C10_S01,Y2_boolean_variation,Y2,"( coalesce(('gamma5' like 'ga%'), FALSE) )","( coalesce(('gamma5' like 'ga%'), FALSE) )",like_ilike,0,0.85,1.0,0.8,0.0,T0_generated_candidate,slot_sanity_or_static_issue,LLM_review_or_future_special_module,,,NONE_BASE,1,0,0
Y2_R031_C10_S02,Y2_boolean_variation,Y2,"COALESCE(('delta6'  LIKE  'de%'),  false)","COALESCE(('delta6' LIKE 'de%'), false)",like_ilike,0,0.85,1.0,0.8,0.0,T0_generated_candidate,slot_sanity_or_static_issue,LLM_review_or_future_special_module,,,NONE_BASE,1,0,0
Y2_R031_C10_S03,Y2_boolean_variation,Y2,"( coalesce(('omega7' like 'om%'), FALSE) )","( coalesce(('omega7' like 'om%'), FALSE) )",like_ilike,0,0.85,1.0,0.8,0.0,T0_generated_candidate,slot_sanity_or_static_issue,LLM_review_or_future_special_module,,,NONE_BASE,1,0,0
Y2_R031_C10_S04,Y2_boolean_variation,Y2,"COALESCE(('active8' LIKE 'zz%'), false)","COALESCE(('active8' LIKE 'zz%'), false)",like_ilike,0,0.85,1.0,0.8,0.0,T0_generated_candidate,slot_sanity_or_static_issue,LLM_review_or_future_special_module,,,NONE_BASE,1,0,0
Y2_R031_C10_S05,Y2_boolean_variation,Y2,"(  coalesce(('pending0'  like  'zz%'),  FALSE)  )","( coalesce(('pending0' like 'zz%'), FALSE) )",like_ilike,0,0.85,1.0,0.8,0.0,T0_generated_candidate,slot_sanity_or_static_issue,LLM_review_or_future_special_module,,,NONE_BASE,1,0,0
Y2_R031_C10_S06,Y2_boolean_variation,Y2,"COALESCE(('public1' LIKE 'zz%'), false)","COALESCE(('public1' LIKE 'zz%'), false)",like_ilike,0,0.85,1.0,0.8,0.0,T0_generated_candidate,slot_sanity_or_static_issue,LLM_review_or_future_special_module,,,NONE_BASE,1,0,0
Y2_R032_C01_S01,Y2_boolean_variation,Y2,(  'PRIME6'  ilike  'pr%'  ),( 'PRIME6' ilike 'pr%' ),like_ilike,0,0.85,1.0,0.8,0.0,T0_generated_candidate,slot_sanity_or_static_issue,LLM_review_or_future_special_module,,,NONE_BASE,1,0,0
Y2_R032_C01_S02,Y2_boolean_variation,Y2,'CORE7' ILIKE 'co%','CORE7' ILIKE 'co%',like_ilike,0,0.85,1.0,0.8,0.0,T0_generated_candidate,slot_sanity_or_static_issue,LLM_review_or_future_special_module,,,NONE_BASE,1,0,1
Y2_R032_C01_S03,Y2_boolean_variation,Y2,( 'SAFE8' ilike 'sa%' ),( 'SAFE8' ilike 'sa%' ),like_ilike,0,0.85,1.0,0.8,0.0,T0_generated_candidate,slot_sanity_or_static_issue,LLM_review_or_future_special_module,,,NONE_BASE,1,0,0
Y2_R032_C01_S04,Y2_boolean_variation,Y2,'AUDIT0'  ILIKE  'zz%','AUDIT0' ILIKE 'zz%',like_ilike,0,0.85,1.0,0.8,0.0,T0_generated_candidate,slot_sanity_or_static_issue,LLM_review_or_future_special_module,,,NONE_BASE,1,0,1
Y2_R032_C01_S05,Y2_boolean_variation,Y2,( 'TRACE1' ilike 'zz%' ),( 'TRACE1' ilike 'zz%' ),like_ilike,0,0.85,1.0,0.8,0.0,T0_generated_candidate,slot_sanity_or_static_issue,LLM_review_or_future_special_module,,,NONE_BASE,1,0,0
Y2_R032_C01_S06,Y2_boolean_variation,Y2,'SIGNAL2' ILIKE 'zz%','SIGNAL2' ILIKE 'zz%',like_ilike,0,0.85,1.0,0.8,0.0,T0_generated_candidate,slot_sanity_or_static_issue,LLM_review_or_future_special_module,,,NONE_BASE,1,0,1
Y2_R032_C02_S01,Y2_boolean_variation,Y2,('CORE6'  ilike  'co%'),('CORE6' ilike 'co%'),like_ilike,0,0.85,1.0,0.8,0.0,T0_generated_candidate,slot_sanity_or_static_issue,LLM_review_or_future_special_module,,,NONE_BASE,1,0,0
Y2_R032_C02_S02,Y2_boolean_variation,Y2,( ('SAFE7' ILIKE 'sa%') ),( ('SAFE7' ILIKE 'sa%') ),like_ilike,0,0.85,1.0,0.8,0.0,T0_generated_candidate,slot_sanity_or_static_issue,LLM_review_or_future_special_module,,,NONE_BASE,1,0,1
Y2_R032_C02_S03,Y2_boolean_variation,Y2,('AUDIT8' ilike 'au%'),('AUDIT8' ilike 'au%'),like_ilike,0,0.85,1.0,0.8,0.0,T0_generated_candidate,slot_sanity_or_static_issue,LLM_review_or_future_special_module,,,NONE_BASE,1,0,0
Y2_R032_C02_S04,Y2_boolean_variation,Y2,(  ('TRACE0'  ILIKE  'zz%')  ),( ('TRACE0' ILIKE 'zz%') ),like_ilike,0,0.85,1.0,0.8,0.0,T0_generated_candidate,slot_sanity_or_static_issue,LLM_review_or_future_special_module,,,NONE_BASE,1,0,1
Y2_R032_C02_S05,Y2_boolean_variation,Y2,('SIGNAL1' ilike 'zz%'),('SIGNAL1' ilike 'zz%'),like_ilike,0,0.85,1.0,0.8,0.0,T0_generated_candidate,slot_sanity_or_static_issue,LLM_review_or_future_special_module,,,NONE_BASE,1,0,0
Y2_R032_C02_S06,Y2_boolean_variation,Y2,( ('ALPHA2' ILIKE 'zz%') ),( ('ALPHA2' ILIKE 'zz%') ),like_ilike,0,0.85,1.0,0.8,0.0,T0_generated_candidate,slot_sanity_or_static_issue,LLM_review_or_future_special_module,,,NONE_BASE,1,0,1
Y2_R032_C03_S01,Y2_boolean_variation,Y2,(  not  ('SAFE6'  ilike  'zz%')  ),( not ('SAFE6' ilike 'zz%') ),like_ilike,0,0.85,1.0,0.8,0.0,T0_generated_candidate,slot_sanity_or_static_issue,LLM_review_or_future_special_module,,,NONE_BASE,1,0,0
Y2_R032_C03_S02,Y2_boolean_variation,Y2,NOT ('AUDIT7' ILIKE 'zz%'),NOT ('AUDIT7' ILIKE 'zz%'),like_ilike,0,0.85,1.0,0.8,0.0,T0_generated_candidate,slot_sanity_or_static_issue,LLM_review_or_future_special_module,,,NONE_BASE,1,0,1
Y2_R032_C03_S03,Y2_boolean_variation,Y2,( not ('TRACE8' ilike 'zz%') ),( not ('TRACE8' ilike 'zz%') ),like_ilike,0,0.85,1.0,0.8,0.0,T0_generated_candidate,slot_sanity_or_static_issue,LLM_review_or_future_special_module,,,NONE_BASE,1,0,0
Y2_R032_C03_S04,Y2_boolean_variation,Y2,NOT  ('SIGNAL0'  ILIKE  'si%'),NOT ('SIGNAL0' ILIKE 'si%'),like_ilike,0,0.85,1.0,0.8,0.0,T0_generated_candidate,slot_sanity_or_static_issue,LLM_review_or_future_special_module,,,NONE_BASE,1,0,1
Y2_R032_C03_S05,Y2_boolean_variation,Y2,( not ('ALPHA1' ilike 'al%') ),( not ('ALPHA1' ilike 'al%') ),like_ilike,0,0.85,1.0,0.8,0.0,T0_generated_candidate,slot_sanity_or_static_issue,LLM_review_or_future_special_module,,,NONE_BASE,1,0,0
Y2_R032_C03_S06,Y2_boolean_variation,Y2,NOT ('BETA2' ILIKE 'be%'),NOT ('BETA2' ILIKE 'be%'),like_ilike,0,0.85,1.0,0.8,0.0,T0_generated_candidate,slot_sanity_or_static_issue,LLM_review_or_future_special_module,,,NONE_BASE,1,0,1
Y2_R032_C04_S01,Y2_boolean_variation,Y2,('AUDIT6'  ilike  'au%')  IS  TRUE,('AUDIT6' ilike 'au%') IS TRUE,like_ilike,0,0.85,1.0,0.8,0.0,T0_generated_candidate,slot_sanity_or_static_issue,LLM_review_or_future_special_module,,,NONE_BASE,1,0,0
Y2_R032_C04_S02,Y2_boolean_variation,Y2,( ('TRACE7' ILIKE 'tr%') is true ),( ('TRACE7' ILIKE 'tr%') is true ),like_ilike,0,0.85,1.0,0.8,0.0,T0_generated_candidate,slot_sanity_or_static_issue,LLM_review_or_future_special_module,,,NONE_BASE,1,0,0
Y2_R032_C04_S03,Y2_boolean_variation,Y2,('SIGNAL8' ilike 'si%') IS TRUE,('SIGNAL8' ilike 'si%') IS TRUE,like_ilike,0,0.85,1.0,0.8,0.0,T0_generated_candidate,slot_sanity_or_static_issue,LLM_review_or_future_special_module,,,NONE_BASE,1,0,0
Y2_R032_C04_S04,Y2_boolean_variation,Y2,(  ('ALPHA0'  ILIKE  'zz%')  is  true  ),( ('ALPHA0' ILIKE 'zz%') is true ),like_ilike,0,0.85,1.0,0.8,0.0,T0_generated_candidate,slot_sanity_or_static_issue,LLM_review_or_future_special_module,,,NONE_BASE,1,0,0
Y2_R032_C04_S05,Y2_boolean_variation,Y2,('BETA1' ilike 'zz%') IS TRUE,('BETA1' ilike 'zz%') IS TRUE,like_ilike,0,0.85,1.0,0.8,0.0,T0_generated_candidate,slot_sanity_or_static_issue,LLM_review_or_future_special_module,,,NONE_BASE,1,0,0
Y2_R032_C04_S06,Y2_boolean_variation,Y2,( ('GAMMA2' ILIKE 'zz%') is true ),( ('GAMMA2' ILIKE 'zz%') is true ),like_ilike,0,0.85,1.0,0.8,0.0,T0_generated_candidate,slot_sanity_or_static_issue,LLM_review_or_future_special_module,,,NONE_BASE,1,0,0
Y2_R032_C05_S01,Y2_boolean_variation,Y2,(  ('TRACE6'  ilike  'tr%')  IS  not  false  ),( ('TRACE6' ilike 'tr%') IS not false ),like_ilike,0,0.85,1.0,0.8,0.0,T0_generated_candidate,slot_sanity_or_static_issue,LLM_review_or_future_special_module,,,NONE_BASE,1,0,0
Y2_R032_C05_S02,Y2_boolean_variation,Y2,('SIGNAL7' ILIKE 'si%') is NOT FALSE,('SIGNAL7' ILIKE 'si%') is NOT FALSE,like_ilike,0,0.85,1.0,0.8,0.0,T0_generated_candidate,slot_sanity_or_static_issue,LLM_review_or_future_special_module,,,NONE_BASE,1,0,0
Y2_R032_C05_S03,Y2_boolean_variation,Y2,( ('ALPHA8' ilike 'al%') IS not false ),( ('ALPHA8' ilike 'al%') IS not false ),like_ilike,0,0.85,1.0,0.8,0.0,T0_generated_candidate,slot_sanity_or_static_issue,LLM_review_or_future_special_module,,,NONE_BASE,1,0,0
Y2_R032_C05_S04,Y2_boolean_variation,Y2,('BETA0'  ILIKE  'zz%')  is  NOT  FALSE,('BETA0' ILIKE 'zz%') is NOT FALSE,like_ilike,0,0.85,1.0,0.8,0.0,T0_generated_candidate,slot_sanity_or_static_issue,LLM_review_or_future_special_module,,,NONE_BASE,1,0,0
Y2_R032_C05_S05,Y2_boolean_variation,Y2,( ('GAMMA1' ilike 'zz%') IS not false ),( ('GAMMA1' ilike 'zz%') IS not false ),like_ilike,0,0.85,1.0,0.8,0.0,T0_generated_candidate,slot_sanity_or_static_issue,LLM_review_or_future_special_module,,,NONE_BASE,1,0,0
Y2_R032_C05_S06,Y2_boolean_variation,Y2,('DELTA2' ILIKE 'zz%') is NOT FALSE,('DELTA2' ILIKE 'zz%') is NOT FALSE,like_ilike,0,0.85,1.0,0.8,0.0,T0_generated_candidate,slot_sanity_or_static_issue,LLM_review_or_future_special_module,,,NONE_BASE,1,0,0
Y2_R032_C06_S01,Y2_boolean_variation,Y2,CASE  WHEN  ('SIGNAL6'  ilike  'si%')  THEN  TRUE  ELSE  false  end,CASE WHEN ('SIGNAL6' ilike 'si%') THEN TRUE ELSE false end,like_ilike,0,0.85,1.0,0.8,0.0,T0_generated_candidate,slot_sanity_or_static_issue,LLM_review_or_future_special_module,,,NONE_BASE,1,0,0
Y2_R032_C06_S02,Y2_boolean_variation,Y2,( case when ('ALPHA7' ILIKE 'al%') then true else FALSE END ),( case when ('ALPHA7' ILIKE 'al%') then true else FALSE END ),like_ilike,0,0.85,1.0,0.8,0.0,T0_generated_candidate,slot_sanity_or_static_issue,LLM_review_or_future_special_module,,,NONE_BASE,1,0,0
Y2_R032_C06_S03,Y2_boolean_variation,Y2,CASE WHEN ('BETA8' ilike 'be%') THEN TRUE ELSE false end,CASE WHEN ('BETA8' ilike 'be%') THEN TRUE ELSE false end,like_ilike,0,0.85,1.0,0.8,0.0,T0_generated_candidate,slot_sanity_or_static_issue,LLM_review_or_future_special_module,,,NONE_BASE,1,0,0
Y2_R032_C06_S04,Y2_boolean_variation,Y2,(  case  when  ('GAMMA0'  ILIKE  'zz%')  then  true  else  FALSE  END  ),( case when ('GAMMA0' ILIKE 'zz%') then true else FALSE END ),like_ilike,0,0.85,1.0,0.8,0.0,T0_generated_candidate,slot_sanity_or_static_issue,LLM_review_or_future_special_module,,,NONE_BASE,1,0,0
Y2_R032_C06_S05,Y2_boolean_variation,Y2,CASE WHEN ('DELTA1' ilike 'zz%') THEN TRUE ELSE false end,CASE WHEN ('DELTA1' ilike 'zz%') THEN TRUE ELSE false end,like_ilike,0,0.85,1.0,0.8,0.0,T0_generated_candidate,slot_sanity_or_static_issue,LLM_review_or_future_special_module,,,NONE_BASE,1,0,0
Y2_R032_C06_S06,Y2_boolean_variation,Y2,( case when ('OMEGA2' ILIKE 'zz%') then true else FALSE END ),( case when ('OMEGA2' ILIKE 'zz%') then true else FALSE END ),like_ilike,0,0.85,1.0,0.8,0.0,T0_generated_candidate,slot_sanity_or_static_issue,LLM_review_or_future_special_module,,,NONE_BASE,1,0,0
Y2_R032_C07_S01,Y2_boolean_variation,Y2,(  ('ALPHA6'  ilike  'al%')  and  (75  =  75)  ),( ('ALPHA6' ilike 'al%') and (75 = 75) ),like_ilike,0,0.85,1.0,0.8,0.0,T0_generated_candidate,slot_sanity_or_static_issue,LLM_review_or_future_special_module,,,NONE_BASE,1,0,0
Y2_R032_C07_S02,Y2_boolean_variation,Y2,('BETA7' ILIKE 'be%') AND (88 = 88),('BETA7' ILIKE 'be%') AND (88 = 88),like_ilike,0,0.85,1.0,0.8,0.0,T0_generated_candidate,slot_sanity_or_static_issue,LLM_review_or_future_special_module,,,NONE_BASE,1,0,1
Y2_R032_C07_S03,Y2_boolean_variation,Y2,( ('GAMMA8' ilike 'ga%') and (4 = 4) ),( ('GAMMA8' ilike 'ga%') and (4 = 4) ),like_ilike,0,0.85,1.0,0.8,0.0,T0_generated_candidate,slot_sanity_or_static_issue,LLM_review_or_future_special_module,,,NONE_BASE,1,0,0
Y2_R032_C07_S04,Y2_boolean_variation,Y2,('DELTA0'  ILIKE  'zz%')  AND  (17  =  17),('DELTA0' ILIKE 'zz%') AND (17 = 17),like_ilike,0,0.85,1.0,0.8,0.0,T0_generated_candidate,slot_sanity_or_static_issue,LLM_review_or_future_special_module,,,NONE_BASE,1,0,1
Y2_R032_C07_S05,Y2_boolean_variation,Y2,( ('OMEGA1' ilike 'zz%') and (30 = 30) ),( ('OMEGA1' ilike 'zz%') and (30 = 30) ),like_ilike,0,0.85,1.0,0.8,0.0,T0_generated_candidate,slot_sanity_or_static_issue,LLM_review_or_future_special_module,,,NONE_BASE,1,0,0
Y2_R032_C07_S06,Y2_boolean_variation,Y2,('ACTIVE2' ILIKE 'zz%') AND (43 = 43),('ACTIVE2' ILIKE 'zz%') AND (43 = 43),like_ilike,0,0.85,1.0,0.8,0.0,T0_generated_candidate,slot_sanity_or_static_issue,LLM_review_or_future_special_module,,,NONE_BASE,1,0,1
Y2_R032_C08_S01,Y2_boolean_variation,Y2,('BETA6'  ilike  'be%')  OR  (6  <>  6),('BETA6' ilike 'be%') OR (6 <> 6),like_ilike,0,0.85,1.0,0.8,0.0,T0_generated_candidate,slot_sanity_or_static_issue,LLM_review_or_future_special_module,,,NONE_BASE,1,0,0
Y2_R032_C08_S02,Y2_boolean_variation,Y2,( ('GAMMA7' ILIKE 'ga%') or (19 <> 19) ),( ('GAMMA7' ILIKE 'ga%') or (19 <> 19) ),like_ilike,0,0.85,1.0,0.8,0.0,T0_generated_candidate,slot_sanity_or_static_issue,LLM_review_or_future_special_module,,,NONE_BASE,1,0,0
Y2_R032_C08_S03,Y2_boolean_variation,Y2,('DELTA8' ilike 'de%') OR (32 <> 32),('DELTA8' ilike 'de%') OR (32 <> 32),like_ilike,0,0.85,1.0,0.8,0.0,T0_generated_candidate,slot_sanity_or_static_issue,LLM_review_or_future_special_module,,,NONE_BASE,1,0,0
Y2_R032_C08_S04,Y2_boolean_variation,Y2,(  ('OMEGA0'  ILIKE  'zz%')  or  (45  <>  45)  ),( ('OMEGA0' ILIKE 'zz%') or (45 <> 45) ),like_ilike,0,0.85,1.0,0.8,0.0,T0_generated_candidate,slot_sanity_or_static_issue,LLM_review_or_future_special_module,,,NONE_BASE,1,0,0
Y2_R032_C08_S05,Y2_boolean_variation,Y2,('ACTIVE1' ilike 'zz%') OR (58 <> 58),('ACTIVE1' ilike 'zz%') OR (58 <> 58),like_ilike,0,0.85,1.0,0.8,0.0,T0_generated_candidate,slot_sanity_or_static_issue,LLM_review_or_future_special_module,,,NONE_BASE,1,0,0
Y2_R032_C08_S06,Y2_boolean_variation,Y2,( ('PENDING2' ILIKE 'zz%') or (71 <> 71) ),( ('PENDING2' ILIKE 'zz%') or (71 <> 71) ),like_ilike,0,0.85,1.0,0.8,0.0,T0_generated_candidate,slot_sanity_or_static_issue,LLM_review_or_future_special_module,,,NONE_BASE,1,0,0
Y2_R032_C09_S01,Y2_boolean_variation,Y2,(  (('GAMMA6'  ilike  'ga%')  =  TRUE)  ),( (('GAMMA6' ilike 'ga%') = TRUE) ),like_ilike,0,0.85,1.0,0.8,0.0,T0_generated_candidate,slot_sanity_or_static_issue,LLM_review_or_future_special_module,,,NONE_BASE,1,0,0
Y2_R032_C09_S02,Y2_boolean_variation,Y2,(('DELTA7' ILIKE 'de%') = true),(('DELTA7' ILIKE 'de%') = true),like_ilike,0,0.85,1.0,0.8,0.0,T0_generated_candidate,slot_sanity_or_static_issue,LLM_review_or_future_special_module,,,NONE_BASE,1,0,0
Y2_R032_C09_S03,Y2_boolean_variation,Y2,( (('OMEGA8' ilike 'om%') = TRUE) ),( (('OMEGA8' ilike 'om%') = TRUE) ),like_ilike,0,0.85,1.0,0.8,0.0,T0_generated_candidate,slot_sanity_or_static_issue,LLM_review_or_future_special_module,,,NONE_BASE,1,0,0
Y2_R032_C09_S04,Y2_boolean_variation,Y2,(('ACTIVE0'  ILIKE  'zz%')  =  true),(('ACTIVE0' ILIKE 'zz%') = true),like_ilike,0,0.85,1.0,0.8,0.0,T0_generated_candidate,slot_sanity_or_static_issue,LLM_review_or_future_special_module,,,NONE_BASE,1,0,0
Y2_R032_C09_S05,Y2_boolean_variation,Y2,( (('PENDING1' ilike 'zz%') = TRUE) ),( (('PENDING1' ilike 'zz%') = TRUE) ),like_ilike,0,0.85,1.0,0.8,0.0,T0_generated_candidate,slot_sanity_or_static_issue,LLM_review_or_future_special_module,,,NONE_BASE,1,0,0
Y2_R032_C09_S06,Y2_boolean_variation,Y2,(('PUBLIC2' ILIKE 'zz%') = true),(('PUBLIC2' ILIKE 'zz%') = true),like_ilike,0,0.85,1.0,0.8,0.0,T0_generated_candidate,slot_sanity_or_static_issue,LLM_review_or_future_special_module,,,NONE_BASE,1,0,0
Y2_R032_C10_S01,Y2_boolean_variation,Y2,"COALESCE(('DELTA6'  ilike  'de%'),  false)","COALESCE(('DELTA6' ilike 'de%'), false)",like_ilike,0,0.85,1.0,0.8,0.0,T0_generated_candidate,slot_sanity_or_static_issue,LLM_review_or_future_special_module,,,NONE_BASE,1,0,0
Y2_R032_C10_S02,Y2_boolean_variation,Y2,"( coalesce(('OMEGA7' ILIKE 'om%'), FALSE) )","( coalesce(('OMEGA7' ILIKE 'om%'), FALSE) )",like_ilike,0,0.85,1.0,0.8,0.0,T0_generated_candidate,slot_sanity_or_static_issue,LLM_review_or_future_special_module,,,NONE_BASE,1,0,0
Y2_R032_C10_S03,Y2_boolean_variation,Y2,"COALESCE(('ACTIVE8' ilike 'ac%'), false)","COALESCE(('ACTIVE8' ilike 'ac%'), false)",like_ilike,0,0.85,1.0,0.8,0.0,T0_generated_candidate,slot_sanity_or_static_issue,LLM_review_or_future_special_module,,,NONE_BASE,1,0,0
Y2_R032_C10_S04,Y2_boolean_variation,Y2,"(  coalesce(('PENDING0'  ILIKE  'zz%'),  FALSE)  )","( coalesce(('PENDING0' ILIKE 'zz%'), FALSE) )",like_ilike,0,0.85,1.0,0.8,0.0,T0_generated_candidate,slot_sanity_or_static_issue,LLM_review_or_future_special_module,,,NONE_BASE,1,0,0
Y2_R032_C10_S05,Y2_boolean_variation,Y2,"COALESCE(('PUBLIC1' ilike 'zz%'), false)","COALESCE(('PUBLIC1' ilike 'zz%'), false)",like_ilike,0,0.85,1.0,0.8,0.0,T0_generated_candidate,slot_sanity_or_static_issue,LLM_review_or_future_special_module,,,NONE_BASE,1,0,0
Y2_R032_C10_S06,Y2_boolean_variation,Y2,"( coalesce(('MEMBER2' ILIKE 'zz%'), FALSE) )","( coalesce(('MEMBER2' ILIKE 'zz%'), FALSE) )",like_ilike,0,0.85,1.0,0.8,0.0,T0_generated_candidate,slot_sanity_or_static_issue,LLM_review_or_future_special_module,,,NONE_BASE,1,0,0
Y2_R033_C01_S01,Y2_boolean_variation,Y2,'core7' NOT like 'zz%','core7' NOT like 'zz%',like_ilike,0,0.85,1.0,0.8,0.0,T0_generated_candidate,slot_sanity_or_static_issue,LLM_review_or_future_special_module,,,NONE_BASE,1,0,0
Y2_R033_C01_S02,Y2_boolean_variation,Y2,( 'safe8' not LIKE 'zz%' ),( 'safe8' not LIKE 'zz%' ),like_ilike,0,0.85,1.0,0.8,0.0,T0_generated_candidate,slot_sanity_or_static_issue,LLM_review_or_future_special_module,,,NONE_BASE,1,0,0
Y2_R033_C01_S03,Y2_boolean_variation,Y2,'audit0'  NOT  like  'zz%','audit0' NOT like 'zz%',like_ilike,0,0.85,1.0,0.8,0.0,T0_generated_candidate,slot_sanity_or_static_issue,LLM_review_or_future_special_module,,,NONE_BASE,1,0,0
Y2_R033_C01_S04,Y2_boolean_variation,Y2,( 'trace1' not LIKE 'tr%' ),( 'trace1' not LIKE 'tr%' ),like_ilike,0,0.85,1.0,0.8,0.0,T0_generated_candidate,slot_sanity_or_static_issue,LLM_review_or_future_special_module,,,NONE_BASE,1,0,0
Y2_R033_C01_S05,Y2_boolean_variation,Y2,'signal2' NOT like 'si%','signal2' NOT like 'si%',like_ilike,0,0.85,1.0,0.8,0.0,T0_generated_candidate,slot_sanity_or_static_issue,LLM_review_or_future_special_module,,,NONE_BASE,1,0,0
Y2_R033_C01_S06,Y2_boolean_variation,Y2,(  'alpha3'  not  LIKE  'al%'  ),( 'alpha3' not LIKE 'al%' ),like_ilike,0,0.85,1.0,0.8,0.0,T0_generated_candidate,slot_sanity_or_static_issue,LLM_review_or_future_special_module,,,NONE_BASE,1,0,0
Y2_R033_C02_S01,Y2_boolean_variation,Y2,( ('safe7' NOT like 'zz%') ),( ('safe7' NOT like 'zz%') ),like_ilike,0,0.85,1.0,0.8,0.0,T0_generated_candidate,slot_sanity_or_static_issue,LLM_review_or_future_special_module,,,NONE_BASE,1,0,0
Y2_R033_C02_S02,Y2_boolean_variation,Y2,('audit8' not LIKE 'zz%'),('audit8' not LIKE 'zz%'),like_ilike,0,0.85,1.0,0.8,0.0,T0_generated_candidate,slot_sanity_or_static_issue,LLM_review_or_future_special_module,,,NONE_BASE,1,0,0
Y2_R033_C02_S03,Y2_boolean_variation,Y2,(  ('trace0'  NOT  like  'zz%')  ),( ('trace0' NOT like 'zz%') ),like_ilike,0,0.85,1.0,0.8,0.0,T0_generated_candidate,slot_sanity_or_static_issue,LLM_review_or_future_special_module,,,NONE_BASE,1,0,0
Y2_R033_C02_S04,Y2_boolean_variation,Y2,('signal1' not LIKE 'si%'),('signal1' not LIKE 'si%'),like_ilike,0,0.85,1.0,0.8,0.0,T0_generated_candidate,slot_sanity_or_static_issue,LLM_review_or_future_special_module,,,NONE_BASE,1,0,0
Y2_R033_C02_S05,Y2_boolean_variation,Y2,( ('alpha2' NOT like 'al%') ),( ('alpha2' NOT like 'al%') ),like_ilike,0,0.85,1.0,0.8,0.0,T0_generated_candidate,slot_sanity_or_static_issue,LLM_review_or_future_special_module,,,NONE_BASE,1,0,0
Y2_R033_C02_S06,Y2_boolean_variation,Y2,('beta3'  not  LIKE  'be%'),('beta3' not LIKE 'be%'),like_ilike,0,0.85,1.0,0.8,0.0,T0_generated_candidate,slot_sanity_or_static_issue,LLM_review_or_future_special_module,,,NONE_BASE,1,0,0
Y2_R033_C03_S01,Y2_boolean_variation,Y2,NOT ('audit7' NOT like 'au%'),NOT ('audit7' NOT like 'au%'),like_ilike,0,0.85,1.0,0.8,0.0,T0_generated_candidate,slot_sanity_or_static_issue,LLM_review_or_future_special_module,,,NONE_BASE,1,0,0
Y2_R033_C03_S02,Y2_boolean_variation,Y2,( not ('trace8' not LIKE 'tr%') ),( not ('trace8' not LIKE 'tr%') ),like_ilike,0,0.85,1.0,0.8,0.0,T0_generated_candidate,slot_sanity_or_static_issue,LLM_review_or_future_special_module,,,NONE_BASE,1,0,0
Y2_R033_C03_S03,Y2_boolean_variation,Y2,NOT  ('signal0'  NOT  like  'si%'),NOT ('signal0' NOT like 'si%'),like_ilike,0,0.85,1.0,0.8,0.0,T0_generated_candidate,slot_sanity_or_static_issue,LLM_review_or_future_special_module,,,NONE_BASE,1,0,0
Y2_R033_C03_S04,Y2_boolean_variation,Y2,( not ('alpha1' not LIKE 'zz%') ),( not ('alpha1' not LIKE 'zz%') ),like_ilike,0,0.85,1.0,0.8,0.0,T0_generated_candidate,slot_sanity_or_static_issue,LLM_review_or_future_special_module,,,NONE_BASE,1,0,0
Y2_R033_C03_S05,Y2_boolean_variation,Y2,NOT ('beta2' NOT like 'zz%'),NOT ('beta2' NOT like 'zz%'),like_ilike,0,0.85,1.0,0.8,0.0,T0_generated_candidate,slot_sanity_or_static_issue,LLM_review_or_future_special_module,,,NONE_BASE,1,0,0
Y2_R033_C03_S06,Y2_boolean_variation,Y2,(  not  ('gamma3'  not  LIKE  'zz%')  ),( not ('gamma3' not LIKE 'zz%') ),like_ilike,0,0.85,1.0,0.8,0.0,T0_generated_candidate,slot_sanity_or_static_issue,LLM_review_or_future_special_module,,,NONE_BASE,1,0,0
Y2_R033_C04_S01,Y2_boolean_variation,Y2,( ('trace7' NOT like 'zz%') is true ),( ('trace7' NOT like 'zz%') is true ),like_ilike,0,0.85,1.0,0.8,0.0,T0_generated_candidate,slot_sanity_or_static_issue,LLM_review_or_future_special_module,,,NONE_BASE,1,0,0
Y2_R033_C04_S02,Y2_boolean_variation,Y2,('signal8' not LIKE 'zz%') IS TRUE,('signal8' not LIKE 'zz%') IS TRUE,like_ilike,0,0.85,1.0,0.8,0.0,T0_generated_candidate,slot_sanity_or_static_issue,LLM_review_or_future_special_module,,,NONE_BASE,1,0,0
Y2_R033_C04_S03,Y2_boolean_variation,Y2,(  ('alpha0'  NOT  like  'zz%')  is  true  ),( ('alpha0' NOT like 'zz%') is true ),like_ilike,0,0.85,1.0,0.8,0.0,T0_generated_candidate,slot_sanity_or_static_issue,LLM_review_or_future_special_module,,,NONE_BASE,1,0,0
Y2_R033_C04_S04,Y2_boolean_variation,Y2,('beta1' not LIKE 'be%') IS TRUE,('beta1' not LIKE 'be%') IS TRUE,like_ilike,0,0.85,1.0,0.8,0.0,T0_generated_candidate,slot_sanity_or_static_issue,LLM_review_or_future_special_module,,,NONE_BASE,1,0,0
Y2_R033_C04_S05,Y2_boolean_variation,Y2,( ('gamma2' NOT like 'ga%') is true ),( ('gamma2' NOT like 'ga%') is true ),like_ilike,0,0.85,1.0,0.8,0.0,T0_generated_candidate,slot_sanity_or_static_issue,LLM_review_or_future_special_module,,,NONE_BASE,1,0,0
Y2_R033_C04_S06,Y2_boolean_variation,Y2,('delta3'  not  LIKE  'de%')  IS  TRUE,('delta3' not LIKE 'de%') IS TRUE,like_ilike,0,0.85,1.0,0.8,0.0,T0_generated_candidate,slot_sanity_or_static_issue,LLM_review_or_future_special_module,,,NONE_BASE,1,0,0
Y2_R033_C05_S01,Y2_boolean_variation,Y2,('signal7' NOT like 'zz%') is NOT FALSE,('signal7' NOT like 'zz%') is NOT FALSE,like_ilike,0,0.85,1.0,0.8,0.0,T0_generated_candidate,slot_sanity_or_static_issue,LLM_review_or_future_special_module,,,NONE_BASE,1,0,0
Y2_R033_C05_S02,Y2_boolean_variation,Y2,( ('alpha8' not LIKE 'zz%') IS not false ),( ('alpha8' not LIKE 'zz%') IS not false ),like_ilike,0,0.85,1.0,0.8,0.0,T0_generated_candidate,slot_sanity_or_static_issue,LLM_review_or_future_special_module,,,NONE_BASE,1,0,0
Y2_R033_C05_S03,Y2_boolean_variation,Y2,('beta0'  NOT  like  'zz%')  is  NOT  FALSE,('beta0' NOT like 'zz%') is NOT FALSE,like_ilike,0,0.85,1.0,0.8,0.0,T0_generated_candidate,slot_sanity_or_static_issue,LLM_review_or_future_special_module,,,NONE_BASE,1,0,0
Y2_R033_C05_S04,Y2_boolean_variation,Y2,( ('gamma1' not LIKE 'ga%') IS not false ),( ('gamma1' not LIKE 'ga%') IS not false ),like_ilike,0,0.85,1.0,0.8,0.0,T0_generated_candidate,slot_sanity_or_static_issue,LLM_review_or_future_special_module,,,NONE_BASE,1,0,0
Y2_R033_C05_S05,Y2_boolean_variation,Y2,('delta2' NOT like 'de%') is NOT FALSE,('delta2' NOT like 'de%') is NOT FALSE,like_ilike,0,0.85,1.0,0.8,0.0,T0_generated_candidate,slot_sanity_or_static_issue,LLM_review_or_future_special_module,,,NONE_BASE,1,0,0
Y2_R033_C05_S06,Y2_boolean_variation,Y2,(  ('omega3'  not  LIKE  'om%')  IS  not  false  ),( ('omega3' not LIKE 'om%') IS not false ),like_ilike,0,0.85,1.0,0.8,0.0,T0_generated_candidate,slot_sanity_or_static_issue,LLM_review_or_future_special_module,,,NONE_BASE,1,0,0
Y2_R033_C06_S01,Y2_boolean_variation,Y2,( case when ('alpha7' NOT like 'zz%') then true else FALSE END ),( case when ('alpha7' NOT like 'zz%') then true else FALSE END ),like_ilike,0,0.85,1.0,0.8,0.0,T0_generated_candidate,slot_sanity_or_static_issue,LLM_review_or_future_special_module,,,NONE_BASE,1,0,0
Y2_R033_C06_S02,Y2_boolean_variation,Y2,CASE WHEN ('beta8' not LIKE 'zz%') THEN TRUE ELSE false end,CASE WHEN ('beta8' not LIKE 'zz%') THEN TRUE ELSE false end,like_ilike,0,0.85,1.0,0.8,0.0,T0_generated_candidate,slot_sanity_or_static_issue,LLM_review_or_future_special_module,,,NONE_BASE,1,0,0
Y2_R033_C06_S03,Y2_boolean_variation,Y2,(  case  when  ('gamma0'  NOT  like  'zz%')  then  true  else  FALSE  END  ),( case when ('gamma0' NOT like 'zz%') then true else FALSE END ),like_ilike,0,0.85,1.0,0.8,0.0,T0_generated_candidate,slot_sanity_or_static_issue,LLM_review_or_future_special_module,,,NONE_BASE,1,0,0
Y2_R033_C06_S04,Y2_boolean_variation,Y2,CASE WHEN ('delta1' not LIKE 'de%') THEN TRUE ELSE false end,CASE WHEN ('delta1' not LIKE 'de%') THEN TRUE ELSE false end,like_ilike,0,0.85,1.0,0.8,0.0,T0_generated_candidate,slot_sanity_or_static_issue,LLM_review_or_future_special_module,,,NONE_BASE,1,0,0
Y2_R033_C06_S05,Y2_boolean_variation,Y2,( case when ('omega2' NOT like 'om%') then true else FALSE END ),( case when ('omega2' NOT like 'om%') then true else FALSE END ),like_ilike,0,0.85,1.0,0.8,0.0,T0_generated_candidate,slot_sanity_or_static_issue,LLM_review_or_future_special_module,,,NONE_BASE,1,0,0
Y2_R033_C06_S06,Y2_boolean_variation,Y2,CASE  WHEN  ('active3'  not  LIKE  'ac%')  THEN  TRUE  ELSE  false  end,CASE WHEN ('active3' not LIKE 'ac%') THEN TRUE ELSE false end,like_ilike,0,0.85,1.0,0.8,0.0,T0_generated_candidate,slot_sanity_or_static_issue,LLM_review_or_future_special_module,,,NONE_BASE,1,0,0
Y2_R033_C07_S01,Y2_boolean_variation,Y2,('beta7' NOT like 'zz%') AND (82 = 82),('beta7' NOT like 'zz%') AND (82 = 82),like_ilike,0,0.85,1.0,0.8,0.0,T0_generated_candidate,slot_sanity_or_static_issue,LLM_review_or_future_special_module,,,NONE_BASE,1,0,0
Y2_R033_C07_S02,Y2_boolean_variation,Y2,( ('gamma8' not LIKE 'zz%') and (95 = 95) ),( ('gamma8' not LIKE 'zz%') and (95 = 95) ),like_ilike,0,0.85,1.0,0.8,0.0,T0_generated_candidate,slot_sanity_or_static_issue,LLM_review_or_future_special_module,,,NONE_BASE,1,0,0
Y2_R033_C07_S03,Y2_boolean_variation,Y2,('delta0'  NOT  like  'zz%')  AND  (11  =  11),('delta0' NOT like 'zz%') AND (11 = 11),like_ilike,0,0.85,1.0,0.8,0.0,T0_generated_candidate,slot_sanity_or_static_issue,LLM_review_or_future_special_module,,,NONE_BASE,1,0,0
Y2_R033_C07_S04,Y2_boolean_variation,Y2,( ('omega1' not LIKE 'om%') and (24 = 24) ),( ('omega1' not LIKE 'om%') and (24 = 24) ),like_ilike,0,0.85,1.0,0.8,0.0,T0_generated_candidate,slot_sanity_or_static_issue,LLM_review_or_future_special_module,,,NONE_BASE,1,0,0
Y2_R033_C07_S05,Y2_boolean_variation,Y2,('active2' NOT like 'ac%') AND (37 = 37),('active2' NOT like 'ac%') AND (37 = 37),like_ilike,0,0.85,1.0,0.8,0.0,T0_generated_candidate,slot_sanity_or_static_issue,LLM_review_or_future_special_module,,,NONE_BASE,1,0,0
Y2_R033_C07_S06,Y2_boolean_variation,Y2,(  ('pending3'  not  LIKE  'pe%')  and  (50  =  50)  ),( ('pending3' not LIKE 'pe%') and (50 = 50) ),like_ilike,0,0.85,1.0,0.8,0.0,T0_generated_candidate,slot_sanity_or_static_issue,LLM_review_or_future_special_module,,,NONE_BASE,1,0,0
Y2_R033_C08_S01,Y2_boolean_variation,Y2,( ('gamma7' NOT like 'zz%') or (13 <> 13) ),( ('gamma7' NOT like 'zz%') or (13 <> 13) ),like_ilike,0,0.85,1.0,0.8,0.0,T0_generated_candidate,slot_sanity_or_static_issue,LLM_review_or_future_special_module,,,NONE_BASE,1,0,0
Y2_R033_C08_S02,Y2_boolean_variation,Y2,('delta8' not LIKE 'zz%') OR (26 <> 26),('delta8' not LIKE 'zz%') OR (26 <> 26),like_ilike,0,0.85,1.0,0.8,0.0,T0_generated_candidate,slot_sanity_or_static_issue,LLM_review_or_future_special_module,,,NONE_BASE,1,0,0
Y2_R033_C08_S03,Y2_boolean_variation,Y2,(  ('omega0'  NOT  like  'zz%')  or  (39  <>  39)  ),( ('omega0' NOT like 'zz%') or (39 <> 39) ),like_ilike,0,0.85,1.0,0.8,0.0,T0_generated_candidate,slot_sanity_or_static_issue,LLM_review_or_future_special_module,,,NONE_BASE,1,0,0
Y2_R033_C08_S04,Y2_boolean_variation,Y2,('active1' not LIKE 'ac%') OR (52 <> 52),('active1' not LIKE 'ac%') OR (52 <> 52),like_ilike,0,0.85,1.0,0.8,0.0,T0_generated_candidate,slot_sanity_or_static_issue,LLM_review_or_future_special_module,,,NONE_BASE,1,0,0
Y2_R033_C08_S05,Y2_boolean_variation,Y2,( ('pending2' NOT like 'pe%') or (65 <> 65) ),( ('pending2' NOT like 'pe%') or (65 <> 65) ),like_ilike,0,0.85,1.0,0.8,0.0,T0_generated_candidate,slot_sanity_or_static_issue,LLM_review_or_future_special_module,,,NONE_BASE,1,0,0
Y2_R033_C08_S06,Y2_boolean_variation,Y2,('public3'  not  LIKE  'pu%')  OR  (78  <>  78),('public3' not LIKE 'pu%') OR (78 <> 78),like_ilike,0,0.85,1.0,0.8,0.0,T0_generated_candidate,slot_sanity_or_static_issue,LLM_review_or_future_special_module,,,NONE_BASE,1,0,0
Y2_R033_C09_S01,Y2_boolean_variation,Y2,(('delta7' NOT like 'zz%') = true),(('delta7' NOT like 'zz%') = true),like_ilike,0,0.85,1.0,0.8,0.0,T0_generated_candidate,slot_sanity_or_static_issue,LLM_review_or_future_special_module,,,NONE_BASE,1,0,0
Y2_R033_C09_S02,Y2_boolean_variation,Y2,( (('omega8' not LIKE 'zz%') = TRUE) ),( (('omega8' not LIKE 'zz%') = TRUE) ),like_ilike,0,0.85,1.0,0.8,0.0,T0_generated_candidate,slot_sanity_or_static_issue,LLM_review_or_future_special_module,,,NONE_BASE,1,0,0
Y2_R033_C09_S03,Y2_boolean_variation,Y2,(('active0'  NOT  like  'zz%')  =  true),(('active0' NOT like 'zz%') = true),like_ilike,0,0.85,1.0,0.8,0.0,T0_generated_candidate,slot_sanity_or_static_issue,LLM_review_or_future_special_module,,,NONE_BASE,1,0,0
Y2_R033_C09_S04,Y2_boolean_variation,Y2,( (('pending1' not LIKE 'pe%') = TRUE) ),( (('pending1' not LIKE 'pe%') = TRUE) ),like_ilike,0,0.85,1.0,0.8,0.0,T0_generated_candidate,slot_sanity_or_static_issue,LLM_review_or_future_special_module,,,NONE_BASE,1,0,0
Y2_R033_C09_S05,Y2_boolean_variation,Y2,(('public2' NOT like 'pu%') = true),(('public2' NOT like 'pu%') = true),like_ilike,0,0.85,1.0,0.8,0.0,T0_generated_candidate,slot_sanity_or_static_issue,LLM_review_or_future_special_module,,,NONE_BASE,1,0,0
Y2_R033_C09_S06,Y2_boolean_variation,Y2,(  (('member3'  not  LIKE  'me%')  =  TRUE)  ),( (('member3' not LIKE 'me%') = TRUE) ),like_ilike,0,0.85,1.0,0.8,0.0,T0_generated_candidate,slot_sanity_or_static_issue,LLM_review_or_future_special_module,,,NONE_BASE,1,0,0
Y2_R033_C10_S01,Y2_boolean_variation,Y2,"( coalesce(('omega7' NOT like 'zz%'), FALSE) )","( coalesce(('omega7' NOT like 'zz%'), FALSE) )",like_ilike,0,0.85,1.0,0.8,0.0,T0_generated_candidate,slot_sanity_or_static_issue,LLM_review_or_future_special_module,,,NONE_BASE,1,0,0
Y2_R033_C10_S02,Y2_boolean_variation,Y2,"COALESCE(('active8' not LIKE 'zz%'), false)","COALESCE(('active8' not LIKE 'zz%'), false)",like_ilike,0,0.85,1.0,0.8,0.0,T0_generated_candidate,slot_sanity_or_static_issue,LLM_review_or_future_special_module,,,NONE_BASE,1,0,0
Y2_R033_C10_S03,Y2_boolean_variation,Y2,"(  coalesce(('pending0'  NOT  like  'zz%'),  FALSE)  )","( coalesce(('pending0' NOT like 'zz%'), FALSE) )",like_ilike,0,0.85,1.0,0.8,0.0,T0_generated_candidate,slot_sanity_or_static_issue,LLM_review_or_future_special_module,,,NONE_BASE,1,0,0
Y2_R033_C10_S04,Y2_boolean_variation,Y2,"COALESCE(('public1' not LIKE 'pu%'), false)","COALESCE(('public1' not LIKE 'pu%'), false)",like_ilike,0,0.85,1.0,0.8,0.0,T0_generated_candidate,slot_sanity_or_static_issue,LLM_review_or_future_special_module,,,NONE_BASE,1,0,0
Y2_R033_C10_S05,Y2_boolean_variation,Y2,"( coalesce(('member2' NOT like 'me%'), FALSE) )","( coalesce(('member2' NOT like 'me%'), FALSE) )",like_ilike,0,0.85,1.0,0.8,0.0,T0_generated_candidate,slot_sanity_or_static_issue,LLM_review_or_future_special_module,,,NONE_BASE,1,0,0
Y2_R033_C10_S06,Y2_boolean_variation,Y2,"COALESCE(('stone3'  not  LIKE  'st%'),  false)","COALESCE(('stone3' not LIKE 'st%'), false)",like_ilike,0,0.85,1.0,0.8,0.0,T0_generated_candidate,slot_sanity_or_static_issue,LLM_review_or_future_special_module,,,NONE_BASE,1,0,0
Y2_R034_C01_S01,Y2_boolean_variation,Y2,( 'safe8' LIKE '%e8' ),( 'safe8' LIKE '%e8' ),like_ilike,0,0.85,1.0,0.8,0.0,T0_generated_candidate,slot_sanity_or_static_issue,LLM_review_or_future_special_module,,,NONE_BASE,1,0,1
Y2_R034_C01_S02,Y2_boolean_variation,Y2,'audit0'  like  '%t0','audit0' like '%t0',like_ilike,0,0.85,1.0,0.8,0.0,T0_generated_candidate,slot_sanity_or_static_issue,LLM_review_or_future_special_module,,,NONE_BASE,1,0,0
Y2_R034_C01_S03,Y2_boolean_variation,Y2,( 'trace1' LIKE '%e1' ),( 'trace1' LIKE '%e1' ),like_ilike,0,0.85,1.0,0.8,0.0,T0_generated_candidate,slot_sanity_or_static_issue,LLM_review_or_future_special_module,,,NONE_BASE,1,0,1
Y2_R034_C01_S04,Y2_boolean_variation,Y2,'signal2' like '%zz','signal2' like '%zz',like_ilike,0,0.85,1.0,0.8,0.0,T0_generated_candidate,slot_sanity_or_static_issue,LLM_review_or_future_special_module,,,NONE_BASE,1,0,0
Y2_R034_C01_S05,Y2_boolean_variation,Y2,(  'alpha3'  LIKE  '%zz'  ),( 'alpha3' LIKE '%zz' ),like_ilike,0,0.85,1.0,0.8,0.0,T0_generated_candidate,slot_sanity_or_static_issue,LLM_review_or_future_special_module,,,NONE_BASE,1,0,1
Y2_R034_C01_S06,Y2_boolean_variation,Y2,'beta4' like '%zz','beta4' like '%zz',like_ilike,0,0.85,1.0,0.8,0.0,T0_generated_candidate,slot_sanity_or_static_issue,LLM_review_or_future_special_module,,,NONE_BASE,1,0,0
Y2_R034_C02_S01,Y2_boolean_variation,Y2,('audit8' LIKE '%t8'),('audit8' LIKE '%t8'),like_ilike,0,0.85,1.0,0.8,0.0,T0_generated_candidate,slot_sanity_or_static_issue,LLM_review_or_future_special_module,,,NONE_BASE,1,0,1
Y2_R034_C02_S02,Y2_boolean_variation,Y2,(  ('trace0'  like  '%e0')  ),( ('trace0' like '%e0') ),like_ilike,0,0.85,1.0,0.8,0.0,T0_generated_candidate,slot_sanity_or_static_issue,LLM_review_or_future_special_module,,,NONE_BASE,1,0,0
Y2_R034_C02_S03,Y2_boolean_variation,Y2,('signal1' LIKE '%l1'),('signal1' LIKE '%l1'),like_ilike,0,0.85,1.0,0.8,0.0,T0_generated_candidate,slot_sanity_or_static_issue,LLM_review_or_future_special_module,,,NONE_BASE,1,0,1
Y2_R034_C02_S04,Y2_boolean_variation,Y2,( ('alpha2' like '%zz') ),( ('alpha2' like '%zz') ),like_ilike,0,0.85,1.0,0.8,0.0,T0_generated_candidate,slot_sanity_or_static_issue,LLM_review_or_future_special_module,,,NONE_BASE,1,0,0
Y2_R034_C02_S05,Y2_boolean_variation,Y2,('beta3'  LIKE  '%zz'),('beta3' LIKE '%zz'),like_ilike,0,0.85,1.0,0.8,0.0,T0_generated_candidate,slot_sanity_or_static_issue,LLM_review_or_future_special_module,,,NONE_BASE,1,0,1
Y2_R034_C02_S06,Y2_boolean_variation,Y2,( ('gamma4' like '%zz') ),( ('gamma4' like '%zz') ),like_ilike,0,0.85,1.0,0.8,0.0,T0_generated_candidate,slot_sanity_or_static_issue,LLM_review_or_future_special_module,,,NONE_BASE,1,0,0
Y2_R034_C03_S01,Y2_boolean_variation,Y2,( not ('trace8' LIKE '%zz') ),( not ('trace8' LIKE '%zz') ),like_ilike,0,0.85,1.0,0.8,0.0,T0_generated_candidate,slot_sanity_or_static_issue,LLM_review_or_future_special_module,,,NONE_BASE,1,0,0
Y2_R034_C03_S02,Y2_boolean_variation,Y2,NOT  ('signal0'  like  '%zz'),NOT ('signal0' like '%zz'),like_ilike,0,0.85,1.0,0.8,0.0,T0_generated_candidate,slot_sanity_or_static_issue,LLM_review_or_future_special_module,,,NONE_BASE,1,0,0
Y2_R034_C03_S03,Y2_boolean_variation,Y2,( not ('alpha1' LIKE '%zz') ),( not ('alpha1' LIKE '%zz') ),like_ilike,0,0.85,1.0,0.8,0.0,T0_generated_candidate,slot_sanity_or_static_issue,LLM_review_or_future_special_module,,,NONE_BASE,1,0,0
Y2_R034_C03_S04,Y2_boolean_variation,Y2,NOT ('beta2' like '%a2'),NOT ('beta2' like '%a2'),like_ilike,0,0.85,1.0,0.8,0.0,T0_generated_candidate,slot_sanity_or_static_issue,LLM_review_or_future_special_module,,,NONE_BASE,1,0,0
Y2_R034_C03_S05,Y2_boolean_variation,Y2,(  not  ('gamma3'  LIKE  '%a3')  ),( not ('gamma3' LIKE '%a3') ),like_ilike,0,0.85,1.0,0.8,0.0,T0_generated_candidate,slot_sanity_or_static_issue,LLM_review_or_future_special_module,,,NONE_BASE,1,0,0
Y2_R034_C03_S06,Y2_boolean_variation,Y2,NOT ('delta4' like '%a4'),NOT ('delta4' like '%a4'),like_ilike,0,0.85,1.0,0.8,0.0,T0_generated_candidate,slot_sanity_or_static_issue,LLM_review_or_future_special_module,,,NONE_BASE,1,0,0
Y2_R034_C04_S01,Y2_boolean_variation,Y2,('signal8' LIKE '%l8') IS TRUE,('signal8' LIKE '%l8') IS TRUE,like_ilike,0,0.85,1.0,0.8,0.0,T0_generated_candidate,slot_sanity_or_static_issue,LLM_review_or_future_special_module,,,NONE_BASE,1,0,1
Y2_R034_C04_S02,Y2_boolean_variation,Y2,(  ('alpha0'  like  '%a0')  is  true  ),( ('alpha0' like '%a0') is true ),like_ilike,0,0.85,1.0,0.8,0.0,T0_generated_candidate,slot_sanity_or_static_issue,LLM_review_or_future_special_module,,,NONE_BASE,1,0,0
Y2_R034_C04_S03,Y2_boolean_variation,Y2,('beta1' LIKE '%a1') IS TRUE,('beta1' LIKE '%a1') IS TRUE,like_ilike,0,0.85,1.0,0.8,0.0,T0_generated_candidate,slot_sanity_or_static_issue,LLM_review_or_future_special_module,,,NONE_BASE,1,0,1
Y2_R034_C04_S04,Y2_boolean_variation,Y2,( ('gamma2' like '%zz') is true ),( ('gamma2' like '%zz') is true ),like_ilike,0,0.85,1.0,0.8,0.0,T0_generated_candidate,slot_sanity_or_static_issue,LLM_review_or_future_special_module,,,NONE_BASE,1,0,0
Y2_R034_C04_S05,Y2_boolean_variation,Y2,('delta3'  LIKE  '%zz')  IS  TRUE,('delta3' LIKE '%zz') IS TRUE,like_ilike,0,0.85,1.0,0.8,0.0,T0_generated_candidate,slot_sanity_or_static_issue,LLM_review_or_future_special_module,,,NONE_BASE,1,0,1
Y2_R034_C04_S06,Y2_boolean_variation,Y2,( ('omega4' like '%zz') is true ),( ('omega4' like '%zz') is true ),like_ilike,0,0.85,1.0,0.8,0.0,T0_generated_candidate,slot_sanity_or_static_issue,LLM_review_or_future_special_module,,,NONE_BASE,1,0,0
Y2_R034_C05_S01,Y2_boolean_variation,Y2,( ('alpha8' LIKE '%a8') IS not false ),( ('alpha8' LIKE '%a8') IS not false ),like_ilike,0,0.85,1.0,0.8,0.0,T0_generated_candidate,slot_sanity_or_static_issue,LLM_review_or_future_special_module,,,NONE_BASE,1,0,0
Y2_R034_C05_S02,Y2_boolean_variation,Y2,('beta0'  like  '%a0')  is  NOT  FALSE,('beta0' like '%a0') is NOT FALSE,like_ilike,0,0.85,1.0,0.8,0.0,T0_generated_candidate,slot_sanity_or_static_issue,LLM_review_or_future_special_module,,,NONE_BASE,1,0,0
Y2_R034_C05_S03,Y2_boolean_variation,Y2,( ('gamma1' LIKE '%a1') IS not false ),( ('gamma1' LIKE '%a1') IS not false ),like_ilike,0,0.85,1.0,0.8,0.0,T0_generated_candidate,slot_sanity_or_static_issue,LLM_review_or_future_special_module,,,NONE_BASE,1,0,0
Y2_R034_C05_S04,Y2_boolean_variation,Y2,('delta2' like '%zz') is NOT FALSE,('delta2' like '%zz') is NOT FALSE,like_ilike,0,0.85,1.0,0.8,0.0,T0_generated_candidate,slot_sanity_or_static_issue,LLM_review_or_future_special_module,,,NONE_BASE,1,0,0
Y2_R034_C05_S05,Y2_boolean_variation,Y2,(  ('omega3'  LIKE  '%zz')  IS  not  false  ),( ('omega3' LIKE '%zz') IS not false ),like_ilike,0,0.85,1.0,0.8,0.0,T0_generated_candidate,slot_sanity_or_static_issue,LLM_review_or_future_special_module,,,NONE_BASE,1,0,0
Y2_R034_C05_S06,Y2_boolean_variation,Y2,('active4' like '%zz') is NOT FALSE,('active4' like '%zz') is NOT FALSE,like_ilike,0,0.85,1.0,0.8,0.0,T0_generated_candidate,slot_sanity_or_static_issue,LLM_review_or_future_special_module,,,NONE_BASE,1,0,0
Y2_R034_C06_S01,Y2_boolean_variation,Y2,CASE WHEN ('beta8' LIKE '%a8') THEN TRUE ELSE false end,CASE WHEN ('beta8' LIKE '%a8') THEN TRUE ELSE false end,like_ilike,0,0.85,1.0,0.8,0.0,T0_generated_candidate,slot_sanity_or_static_issue,LLM_review_or_future_special_module,,,NONE_BASE,1,0,0
Y2_R034_C06_S02,Y2_boolean_variation,Y2,(  case  when  ('gamma0'  like  '%a0')  then  true  else  FALSE  END  ),( case when ('gamma0' like '%a0') then true else FALSE END ),like_ilike,0,0.85,1.0,0.8,0.0,T0_generated_candidate,slot_sanity_or_static_issue,LLM_review_or_future_special_module,,,NONE_BASE,1,0,0
Y2_R034_C06_S03,Y2_boolean_variation,Y2,CASE WHEN ('delta1' LIKE '%a1') THEN TRUE ELSE false end,CASE WHEN ('delta1' LIKE '%a1') THEN TRUE ELSE false end,like_ilike,0,0.85,1.0,0.8,0.0,T0_generated_candidate,slot_sanity_or_static_issue,LLM_review_or_future_special_module,,,NONE_BASE,1,0,0
Y2_R034_C06_S04,Y2_boolean_variation,Y2,( case when ('omega2' like '%zz') then true else FALSE END ),( case when ('omega2' like '%zz') then true else FALSE END ),like_ilike,0,0.85,1.0,0.8,0.0,T0_generated_candidate,slot_sanity_or_static_issue,LLM_review_or_future_special_module,,,NONE_BASE,1,0,0
Y2_R034_C06_S05,Y2_boolean_variation,Y2,CASE  WHEN  ('active3'  LIKE  '%zz')  THEN  TRUE  ELSE  false  end,CASE WHEN ('active3' LIKE '%zz') THEN TRUE ELSE false end,like_ilike,0,0.85,1.0,0.8,0.0,T0_generated_candidate,slot_sanity_or_static_issue,LLM_review_or_future_special_module,,,NONE_BASE,1,0,0
Y2_R034_C06_S06,Y2_boolean_variation,Y2,( case when ('pending4' like '%zz') then true else FALSE END ),( case when ('pending4' like '%zz') then true else FALSE END ),like_ilike,0,0.85,1.0,0.8,0.0,T0_generated_candidate,slot_sanity_or_static_issue,LLM_review_or_future_special_module,,,NONE_BASE,1,0,0
Y2_R034_C07_S01,Y2_boolean_variation,Y2,( ('gamma8' LIKE '%a8') and (89 = 89) ),( ('gamma8' LIKE '%a8') and (89 = 89) ),like_ilike,0,0.85,1.0,0.8,0.0,T0_generated_candidate,slot_sanity_or_static_issue,LLM_review_or_future_special_module,,,NONE_BASE,1,0,0
Y2_R034_C07_S02,Y2_boolean_variation,Y2,('delta0'  like  '%a0')  AND  (5  =  5),('delta0' like '%a0') AND (5 = 5),like_ilike,0,0.85,1.0,0.8,0.0,T0_generated_candidate,slot_sanity_or_static_issue,LLM_review_or_future_special_module,,,NONE_BASE,1,0,0
Y2_R034_C07_S03,Y2_boolean_variation,Y2,( ('omega1' LIKE '%a1') and (18 = 18) ),( ('omega1' LIKE '%a1') and (18 = 18) ),like_ilike,0,0.85,1.0,0.8,0.0,T0_generated_candidate,slot_sanity_or_static_issue,LLM_review_or_future_special_module,,,NONE_BASE,1,0,0
Y2_R034_C07_S04,Y2_boolean_variation,Y2,('active2' like '%zz') AND (31 = 31),('active2' like '%zz') AND (31 = 31),like_ilike,0,0.85,1.0,0.8,0.0,T0_generated_candidate,slot_sanity_or_static_issue,LLM_review_or_future_special_module,,,NONE_BASE,1,0,0
Y2_R034_C07_S05,Y2_boolean_variation,Y2,(  ('pending3'  LIKE  '%zz')  and  (44  =  44)  ),( ('pending3' LIKE '%zz') and (44 = 44) ),like_ilike,0,0.85,1.0,0.8,0.0,T0_generated_candidate,slot_sanity_or_static_issue,LLM_review_or_future_special_module,,,NONE_BASE,1,0,0
Y2_R034_C07_S06,Y2_boolean_variation,Y2,('public4' like '%zz') AND (57 = 57),('public4' like '%zz') AND (57 = 57),like_ilike,0,0.85,1.0,0.8,0.0,T0_generated_candidate,slot_sanity_or_static_issue,LLM_review_or_future_special_module,,,NONE_BASE,1,0,0
Y2_R034_C08_S01,Y2_boolean_variation,Y2,('delta8' LIKE '%a8') OR (20 <> 20),('delta8' LIKE '%a8') OR (20 <> 20),like_ilike,0,0.85,1.0,0.8,0.0,T0_generated_candidate,slot_sanity_or_static_issue,LLM_review_or_future_special_module,,,NONE_BASE,1,0,1
Y2_R034_C08_S02,Y2_boolean_variation,Y2,(  ('omega0'  like  '%a0')  or  (33  <>  33)  ),( ('omega0' like '%a0') or (33 <> 33) ),like_ilike,0,0.85,1.0,0.8,0.0,T0_generated_candidate,slot_sanity_or_static_issue,LLM_review_or_future_special_module,,,NONE_BASE,1,0,0
Y2_R034_C08_S03,Y2_boolean_variation,Y2,('active1' LIKE '%e1') OR (46 <> 46),('active1' LIKE '%e1') OR (46 <> 46),like_ilike,0,0.85,1.0,0.8,0.0,T0_generated_candidate,slot_sanity_or_static_issue,LLM_review_or_future_special_module,,,NONE_BASE,1,0,1
Y2_R034_C08_S04,Y2_boolean_variation,Y2,( ('pending2' like '%zz') or (59 <> 59) ),( ('pending2' like '%zz') or (59 <> 59) ),like_ilike,0,0.85,1.0,0.8,0.0,T0_generated_candidate,slot_sanity_or_static_issue,LLM_review_or_future_special_module,,,NONE_BASE,1,0,0
Y2_R034_C08_S05,Y2_boolean_variation,Y2,('public3'  LIKE  '%zz')  OR  (72  <>  72),('public3' LIKE '%zz') OR (72 <> 72),like_ilike,0,0.85,1.0,0.8,0.0,T0_generated_candidate,slot_sanity_or_static_issue,LLM_review_or_future_special_module,,,NONE_BASE,1,0,1
Y2_R034_C08_S06,Y2_boolean_variation,Y2,( ('member4' like '%zz') or (85 <> 85) ),( ('member4' like '%zz') or (85 <> 85) ),like_ilike,0,0.85,1.0,0.8,0.0,T0_generated_candidate,slot_sanity_or_static_issue,LLM_review_or_future_special_module,,,NONE_BASE,1,0,0
Y2_R034_C09_S01,Y2_boolean_variation,Y2,( (('omega8' LIKE '%a8') = TRUE) ),( (('omega8' LIKE '%a8') = TRUE) ),like_ilike,0,0.85,1.0,0.8,0.0,T0_generated_candidate,slot_sanity_or_static_issue,LLM_review_or_future_special_module,,,NONE_BASE,1,0,1
Y2_R034_C09_S02,Y2_boolean_variation,Y2,(('active0'  like  '%e0')  =  true),(('active0' like '%e0') = true),like_ilike,0,0.85,1.0,0.8,0.0,T0_generated_candidate,slot_sanity_or_static_issue,LLM_review_or_future_special_module,,,NONE_BASE,1,0,0
Y2_R034_C09_S03,Y2_boolean_variation,Y2,( (('pending1' LIKE '%g1') = TRUE) ),( (('pending1' LIKE '%g1') = TRUE) ),like_ilike,0,0.85,1.0,0.8,0.0,T0_generated_candidate,slot_sanity_or_static_issue,LLM_review_or_future_special_module,,,NONE_BASE,1,0,1
Y2_R034_C09_S04,Y2_boolean_variation,Y2,(('public2' like '%zz') = true),(('public2' like '%zz') = true),like_ilike,0,0.85,1.0,0.8,0.0,T0_generated_candidate,slot_sanity_or_static_issue,LLM_review_or_future_special_module,,,NONE_BASE,1,0,0
Y2_R034_C09_S05,Y2_boolean_variation,Y2,(  (('member3'  LIKE  '%zz')  =  TRUE)  ),( (('member3' LIKE '%zz') = TRUE) ),like_ilike,0,0.85,1.0,0.8,0.0,T0_generated_candidate,slot_sanity_or_static_issue,LLM_review_or_future_special_module,,,NONE_BASE,1,0,1
Y2_R034_C09_S06,Y2_boolean_variation,Y2,(('stone4' like '%zz') = true),(('stone4' like '%zz') = true),like_ilike,0,0.85,1.0,0.8,0.0,T0_generated_candidate,slot_sanity_or_static_issue,LLM_review_or_future_special_module,,,NONE_BASE,1,0,0
Y2_R034_C10_S01,Y2_boolean_variation,Y2,"COALESCE(('active8' LIKE '%e8'), false)","COALESCE(('active8' LIKE '%e8'), false)",like_ilike,0,0.85,1.0,0.8,0.0,T0_generated_candidate,slot_sanity_or_static_issue,LLM_review_or_future_special_module,,,NONE_BASE,1,0,0
Y2_R034_C10_S02,Y2_boolean_variation,Y2,"(  coalesce(('pending0'  like  '%g0'),  FALSE)  )","( coalesce(('pending0' like '%g0'), FALSE) )",like_ilike,0,0.85,1.0,0.8,0.0,T0_generated_candidate,slot_sanity_or_static_issue,LLM_review_or_future_special_module,,,NONE_BASE,1,0,0
Y2_R034_C10_S03,Y2_boolean_variation,Y2,"COALESCE(('public1' LIKE '%c1'), false)","COALESCE(('public1' LIKE '%c1'), false)",like_ilike,0,0.85,1.0,0.8,0.0,T0_generated_candidate,slot_sanity_or_static_issue,LLM_review_or_future_special_module,,,NONE_BASE,1,0,0
Y2_R034_C10_S04,Y2_boolean_variation,Y2,"( coalesce(('member2' like '%zz'), FALSE) )","( coalesce(('member2' like '%zz'), FALSE) )",like_ilike,0,0.85,1.0,0.8,0.0,T0_generated_candidate,slot_sanity_or_static_issue,LLM_review_or_future_special_module,,,NONE_BASE,1,0,0
Y2_R034_C10_S05,Y2_boolean_variation,Y2,"COALESCE(('stone3'  LIKE  '%zz'),  false)","COALESCE(('stone3' LIKE '%zz'), false)",like_ilike,0,0.85,1.0,0.8,0.0,T0_generated_candidate,slot_sanity_or_static_issue,LLM_review_or_future_special_module,,,NONE_BASE,1,0,0
Y2_R034_C10_S06,Y2_boolean_variation,Y2,"( coalesce(('north4' like '%zz'), FALSE) )","( coalesce(('north4' like '%zz'), FALSE) )",like_ilike,0,0.85,1.0,0.8,0.0,T0_generated_candidate,slot_sanity_or_static_issue,LLM_review_or_future_special_module,,,NONE_BASE,1,0,0
Y2_R035_C01_S01,Y2_boolean_variation,Y2,'audit0'  ILIKE  '%ud%','audit0' ILIKE '%ud%',like_ilike,0,0.85,1.0,0.8,0.0,T0_generated_candidate,slot_sanity_or_static_issue,LLM_review_or_future_special_module,,,NONE_BASE,1,0,1
Y2_R035_C01_S02,Y2_boolean_variation,Y2,( 'trace1' ilike '%ra%' ),( 'trace1' ilike '%ra%' ),like_ilike,0,0.85,1.0,0.8,0.0,T0_generated_candidate,slot_sanity_or_static_issue,LLM_review_or_future_special_module,,,NONE_BASE,1,0,0
Y2_R035_C01_S03,Y2_boolean_variation,Y2,'signal2' ILIKE '%ig%','signal2' ILIKE '%ig%',like_ilike,0,0.85,1.0,0.8,0.0,T0_generated_candidate,slot_sanity_or_static_issue,LLM_review_or_future_special_module,,,NONE_BASE,1,0,1
Y2_R035_C01_S04,Y2_boolean_variation,Y2,(  'alpha3'  ilike  '%zz%'  ),( 'alpha3' ilike '%zz%' ),like_ilike,0,0.85,1.0,0.8,0.0,T0_generated_candidate,slot_sanity_or_static_issue,LLM_review_or_future_special_module,,,NONE_BASE,1,0,0
Y2_R035_C01_S05,Y2_boolean_variation,Y2,'beta4' ILIKE '%zz%','beta4' ILIKE '%zz%',like_ilike,0,0.85,1.0,0.8,0.0,T0_generated_candidate,slot_sanity_or_static_issue,LLM_review_or_future_special_module,,,NONE_BASE,1,0,1
Y2_R035_C01_S06,Y2_boolean_variation,Y2,( 'gamma5' ilike '%zz%' ),( 'gamma5' ilike '%zz%' ),like_ilike,0,0.85,1.0,0.8,0.0,T0_generated_candidate,slot_sanity_or_static_issue,LLM_review_or_future_special_module,,,NONE_BASE,1,0,0
Y2_R035_C02_S01,Y2_boolean_variation,Y2,(  ('trace0'  ILIKE  '%ra%')  ),( ('trace0' ILIKE '%ra%') ),like_ilike,0,0.85,1.0,0.8,0.0,T0_generated_candidate,slot_sanity_or_static_issue,LLM_review_or_future_special_module,,,NONE_BASE,1,0,1
Y2_R035_C02_S02,Y2_boolean_variation,Y2,('signal1' ilike '%ig%'),('signal1' ilike '%ig%'),like_ilike,0,0.85,1.0,0.8,0.0,T0_generated_candidate,slot_sanity_or_static_issue,LLM_review_or_future_special_module,,,NONE_BASE,1,0,0
Y2_R035_C02_S03,Y2_boolean_variation,Y2,( ('alpha2' ILIKE '%lp%') ),( ('alpha2' ILIKE '%lp%') ),like_ilike,0,0.85,1.0,0.8,0.0,T0_generated_candidate,slot_sanity_or_static_issue,LLM_review_or_future_special_module,,,NONE_BASE,1,0,1
Y2_R035_C02_S04,Y2_boolean_variation,Y2,('beta3'  ilike  '%zz%'),('beta3' ilike '%zz%'),like_ilike,0,0.85,1.0,0.8,0.0,T0_generated_candidate,slot_sanity_or_static_issue,LLM_review_or_future_special_module,,,NONE_BASE,1,0,0
Y2_R035_C02_S05,Y2_boolean_variation,Y2,( ('gamma4' ILIKE '%zz%') ),( ('gamma4' ILIKE '%zz%') ),like_ilike,0,0.85,1.0,0.8,0.0,T0_generated_candidate,slot_sanity_or_static_issue,LLM_review_or_future_special_module,,,NONE_BASE,1,0,1
Y2_R035_C02_S06,Y2_boolean_variation,Y2,('delta5' ilike '%zz%'),('delta5' ilike '%zz%'),like_ilike,0,0.85,1.0,0.8,0.0,T0_generated_candidate,slot_sanity_or_static_issue,LLM_review_or_future_special_module,,,NONE_BASE,1,0,0
Y2_R035_C03_S01,Y2_boolean_variation,Y2,NOT  ('signal0'  ILIKE  '%zz%'),NOT ('signal0' ILIKE '%zz%'),like_ilike,0,0.85,1.0,0.8,0.0,T0_generated_candidate,slot_sanity_or_static_issue,LLM_review_or_future_special_module,,,NONE_BASE,1,0,1
Y2_R035_C03_S02,Y2_boolean_variation,Y2,( not ('alpha1' ilike '%zz%') ),( not ('alpha1' ilike '%zz%') ),like_ilike,0,0.85,1.0,0.8,0.0,T0_generated_candidate,slot_sanity_or_static_issue,LLM_review_or_future_special_module,,,NONE_BASE,1,0,0
Y2_R035_C03_S03,Y2_boolean_variation,Y2,NOT ('beta2' ILIKE '%zz%'),NOT ('beta2' ILIKE '%zz%'),like_ilike,0,0.85,1.0,0.8,0.0,T0_generated_candidate,slot_sanity_or_static_issue,LLM_review_or_future_special_module,,,NONE_BASE,1,0,1
Y2_R035_C03_S04,Y2_boolean_variation,Y2,(  not  ('gamma3'  ilike  '%am%')  ),( not ('gamma3' ilike '%am%') ),like_ilike,0,0.85,1.0,0.8,0.0,T0_generated_candidate,slot_sanity_or_static_issue,LLM_review_or_future_special_module,,,NONE_BASE,1,0,0
Y2_R035_C03_S05,Y2_boolean_variation,Y2,NOT ('delta4' ILIKE '%el%'),NOT ('delta4' ILIKE '%el%'),like_ilike,0,0.85,1.0,0.8,0.0,T0_generated_candidate,slot_sanity_or_static_issue,LLM_review_or_future_special_module,,,NONE_BASE,1,0,1
Y2_R035_C03_S06,Y2_boolean_variation,Y2,( not ('omega5' ilike '%me%') ),( not ('omega5' ilike '%me%') ),like_ilike,0,0.85,1.0,0.8,0.0,T0_generated_candidate,slot_sanity_or_static_issue,LLM_review_or_future_special_module,,,NONE_BASE,1,0,0
Y2_R035_C04_S01,Y2_boolean_variation,Y2,(  ('alpha0'  ILIKE  '%lp%')  is  true  ),( ('alpha0' ILIKE '%lp%') is true ),like_ilike,0,0.85,1.0,0.8,0.0,T0_generated_candidate,slot_sanity_or_static_issue,LLM_review_or_future_special_module,,,NONE_BASE,1,0,0
Y2_R035_C04_S02,Y2_boolean_variation,Y2,('beta1' ilike '%et%') IS TRUE,('beta1' ilike '%et%') IS TRUE,like_ilike,0,0.85,1.0,0.8,0.0,T0_generated_candidate,slot_sanity_or_static_issue,LLM_review_or_future_special_module,,,NONE_BASE,1,0,0
Y2_R035_C04_S03,Y2_boolean_variation,Y2,( ('gamma2' ILIKE '%am%') is true ),( ('gamma2' ILIKE '%am%') is true ),like_ilike,0,0.85,1.0,0.8,0.0,T0_generated_candidate,slot_sanity_or_static_issue,LLM_review_or_future_special_module,,,NONE_BASE,1,0,0
Y2_R035_C04_S04,Y2_boolean_variation,Y2,('delta3'  ilike  '%zz%')  IS  TRUE,('delta3' ilike '%zz%') IS TRUE,like_ilike,0,0.85,1.0,0.8,0.0,T0_generated_candidate,slot_sanity_or_static_issue,LLM_review_or_future_special_module,,,NONE_BASE,1,0,0
Y2_R035_C04_S05,Y2_boolean_variation,Y2,( ('omega4' ILIKE '%zz%') is true ),( ('omega4' ILIKE '%zz%') is true ),like_ilike,0,0.85,1.0,0.8,0.0,T0_generated_candidate,slot_sanity_or_static_issue,LLM_review_or_future_special_module,,,NONE_BASE,1,0,0
Y2_R035_C04_S06,Y2_boolean_variation,Y2,('active5' ilike '%zz%') IS TRUE,('active5' ilike '%zz%') IS TRUE,like_ilike,0,0.85,1.0,0.8,0.0,T0_generated_candidate,slot_sanity_or_static_issue,LLM_review_or_future_special_module,,,NONE_BASE,1,0,0
Y2_R035_C05_S01,Y2_boolean_variation,Y2,('beta0'  ILIKE  '%et%')  is  NOT  FALSE,('beta0' ILIKE '%et%') is NOT FALSE,like_ilike,0,0.85,1.0,0.8,0.0,T0_generated_candidate,slot_sanity_or_static_issue,LLM_review_or_future_special_module,,,NONE_BASE,1,0,0
Y2_R035_C05_S02,Y2_boolean_variation,Y2,( ('gamma1' ilike '%am%') IS not false ),( ('gamma1' ilike '%am%') IS not false ),like_ilike,0,0.85,1.0,0.8,0.0,T0_generated_candidate,slot_sanity_or_static_issue,LLM_review_or_future_special_module,,,NONE_BASE,1,0,0
Y2_R035_C05_S03,Y2_boolean_variation,Y2,('delta2' ILIKE '%el%') is NOT FALSE,('delta2' ILIKE '%el%') is NOT FALSE,like_ilike,0,0.85,1.0,0.8,0.0,T0_generated_candidate,slot_sanity_or_static_issue,LLM_review_or_future_special_module,,,NONE_BASE,1,0,0
Y2_R035_C05_S04,Y2_boolean_variation,Y2,(  ('omega3'  ilike  '%zz%')  IS  not  false  ),( ('omega3' ilike '%zz%') IS not false ),like_ilike,0,0.85,1.0,0.8,0.0,T0_generated_candidate,slot_sanity_or_static_issue,LLM_review_or_future_special_module,,,NONE_BASE,1,0,0
Y2_R035_C05_S05,Y2_boolean_variation,Y2,('active4' ILIKE '%zz%') is NOT FALSE,('active4' ILIKE '%zz%') is NOT FALSE,like_ilike,0,0.85,1.0,0.8,0.0,T0_generated_candidate,slot_sanity_or_static_issue,LLM_review_or_future_special_module,,,NONE_BASE,1,0,0
Y2_R035_C05_S06,Y2_boolean_variation,Y2,( ('pending5' ilike '%zz%') IS not false ),( ('pending5' ilike '%zz%') IS not false ),like_ilike,0,0.85,1.0,0.8,0.0,T0_generated_candidate,slot_sanity_or_static_issue,LLM_review_or_future_special_module,,,NONE_BASE,1,0,0
Y2_R035_C06_S01,Y2_boolean_variation,Y2,(  case  when  ('gamma0'  ILIKE  '%am%')  then  true  else  FALSE  END  ),( case when ('gamma0' ILIKE '%am%') then true else FALSE END ),like_ilike,0,0.85,1.0,0.8,0.0,T0_generated_candidate,slot_sanity_or_static_issue,LLM_review_or_future_special_module,,,NONE_BASE,1,0,0
Y2_R035_C06_S02,Y2_boolean_variation,Y2,CASE WHEN ('delta1' ilike '%el%') THEN TRUE ELSE false end,CASE WHEN ('delta1' ilike '%el%') THEN TRUE ELSE false end,like_ilike,0,0.85,1.0,0.8,0.0,T0_generated_candidate,slot_sanity_or_static_issue,LLM_review_or_future_special_module,,,NONE_BASE,1,0,0
Y2_R035_C06_S03,Y2_boolean_variation,Y2,( case when ('omega2' ILIKE '%me%') then true else FALSE END ),( case when ('omega2' ILIKE '%me%') then true else FALSE END ),like_ilike,0,0.85,1.0,0.8,0.0,T0_generated_candidate,slot_sanity_or_static_issue,LLM_review_or_future_special_module,,,NONE_BASE,1,0,0
Y2_R035_C06_S04,Y2_boolean_variation,Y2,CASE  WHEN  ('active3'  ilike  '%zz%')  THEN  TRUE  ELSE  false  end,CASE WHEN ('active3' ilike '%zz%') THEN TRUE ELSE false end,like_ilike,0,0.85,1.0,0.8,0.0,T0_generated_candidate,slot_sanity_or_static_issue,LLM_review_or_future_special_module,,,NONE_BASE,1,0,0
Y2_R035_C06_S05,Y2_boolean_variation,Y2,( case when ('pending4' ILIKE '%zz%') then true else FALSE END ),( case when ('pending4' ILIKE '%zz%') then true else FALSE END ),like_ilike,0,0.85,1.0,0.8,0.0,T0_generated_candidate,slot_sanity_or_static_issue,LLM_review_or_future_special_module,,,NONE_BASE,1,0,0
Y2_R035_C06_S06,Y2_boolean_variation,Y2,CASE WHEN ('public5' ilike '%zz%') THEN TRUE ELSE false end,CASE WHEN ('public5' ilike '%zz%') THEN TRUE ELSE false end,like_ilike,0,0.85,1.0,0.8,0.0,T0_generated_candidate,slot_sanity_or_static_issue,LLM_review_or_future_special_module,,,NONE_BASE,1,0,0
Y2_R035_C07_S01,Y2_boolean_variation,Y2,('delta0'  ILIKE  '%el%')  AND  (96  =  96),('delta0' ILIKE '%el%') AND (96 = 96),like_ilike,0,0.85,1.0,0.8,0.0,T0_generated_candidate,slot_sanity_or_static_issue,LLM_review_or_future_special_module,,,NONE_BASE,1,0,1
Y2_R035_C07_S02,Y2_boolean_variation,Y2,( ('omega1' ilike '%me%') and (12 = 12) ),( ('omega1' ilike '%me%') and (12 = 12) ),like_ilike,0,0.85,1.0,0.8,0.0,T0_generated_candidate,slot_sanity_or_static_issue,LLM_review_or_future_special_module,,,NONE_BASE,1,0,0
Y2_R035_C07_S03,Y2_boolean_variation,Y2,('active2' ILIKE '%ct%') AND (25 = 25),('active2' ILIKE '%ct%') AND (25 = 25),like_ilike,0,0.85,1.0,0.8,0.0,T0_generated_candidate,slot_sanity_or_static_issue,LLM_review_or_future_special_module,,,NONE_BASE,1,0,1
Y2_R035_C07_S04,Y2_boolean_variation,Y2,(  ('pending3'  ilike  '%zz%')  and  (38  =  38)  ),( ('pending3' ilike '%zz%') and (38 = 38) ),like_ilike,0,0.85,1.0,0.8,0.0,T0_generated_candidate,slot_sanity_or_static_issue,LLM_review_or_future_special_module,,,NONE_BASE,1,0,0
Y2_R035_C07_S05,Y2_boolean_variation,Y2,('public4' ILIKE '%zz%') AND (51 = 51),('public4' ILIKE '%zz%') AND (51 = 51),like_ilike,0,0.85,1.0,0.8,0.0,T0_generated_candidate,slot_sanity_or_static_issue,LLM_review_or_future_special_module,,,NONE_BASE,1,0,1
Y2_R035_C07_S06,Y2_boolean_variation,Y2,( ('member5' ilike '%zz%') and (64 = 64) ),( ('member5' ilike '%zz%') and (64 = 64) ),like_ilike,0,0.85,1.0,0.8,0.0,T0_generated_candidate,slot_sanity_or_static_issue,LLM_review_or_future_special_module,,,NONE_BASE,1,0,0
Y2_R035_C08_S01,Y2_boolean_variation,Y2,(  ('omega0'  ILIKE  '%me%')  or  (27  <>  27)  ),( ('omega0' ILIKE '%me%') or (27 <> 27) ),like_ilike,0,0.85,1.0,0.8,0.0,T0_generated_candidate,slot_sanity_or_static_issue,LLM_review_or_future_special_module,,,NONE_BASE,1,0,0
Y2_R035_C08_S02,Y2_boolean_variation,Y2,('active1' ilike '%ct%') OR (40 <> 40),('active1' ilike '%ct%') OR (40 <> 40),like_ilike,0,0.85,1.0,0.8,0.0,T0_generated_candidate,slot_sanity_or_static_issue,LLM_review_or_future_special_module,,,NONE_BASE,1,0,0
Y2_R035_C08_S03,Y2_boolean_variation,Y2,( ('pending2' ILIKE '%en%') or (53 <> 53) ),( ('pending2' ILIKE '%en%') or (53 <> 53) ),like_ilike,0,0.85,1.0,0.8,0.0,T0_generated_candidate,slot_sanity_or_static_issue,LLM_review_or_future_special_module,,,NONE_BASE,1,0,0
Y2_R035_C08_S04,Y2_boolean_variation,Y2,('public3'  ilike  '%zz%')  OR  (66  <>  66),('public3' ilike '%zz%') OR (66 <> 66),like_ilike,0,0.85,1.0,0.8,0.0,T0_generated_candidate,slot_sanity_or_static_issue,LLM_review_or_future_special_module,,,NONE_BASE,1,0,0
Y2_R035_C08_S05,Y2_boolean_variation,Y2,( ('member4' ILIKE '%zz%') or (79 <> 79) ),( ('member4' ILIKE '%zz%') or (79 <> 79) ),like_ilike,0,0.85,1.0,0.8,0.0,T0_generated_candidate,slot_sanity_or_static_issue,LLM_review_or_future_special_module,,,NONE_BASE,1,0,0
Y2_R035_C08_S06,Y2_boolean_variation,Y2,('stone5' ilike '%zz%') OR (92 <> 92),('stone5' ilike '%zz%') OR (92 <> 92),like_ilike,0,0.85,1.0,0.8,0.0,T0_generated_candidate,slot_sanity_or_static_issue,LLM_review_or_future_special_module,,,NONE_BASE,1,0,0
Y2_R035_C09_S01,Y2_boolean_variation,Y2,(('active0'  ILIKE  '%ct%')  =  true),(('active0' ILIKE '%ct%') = true),like_ilike,0,0.85,1.0,0.8,0.0,T0_generated_candidate,slot_sanity_or_static_issue,LLM_review_or_future_special_module,,,NONE_BASE,1,0,0
Y2_R035_C09_S02,Y2_boolean_variation,Y2,( (('pending1' ilike '%en%') = TRUE) ),( (('pending1' ilike '%en%') = TRUE) ),like_ilike,0,0.85,1.0,0.8,0.0,T0_generated_candidate,slot_sanity_or_static_issue,LLM_review_or_future_special_module,,,NONE_BASE,1,0,0
Y2_R035_C09_S03,Y2_boolean_variation,Y2,(('public2' ILIKE '%ub%') = true),(('public2' ILIKE '%ub%') = true),like_ilike,0,0.85,1.0,0.8,0.0,T0_generated_candidate,slot_sanity_or_static_issue,LLM_review_or_future_special_module,,,NONE_BASE,1,0,0
Y2_R035_C09_S04,Y2_boolean_variation,Y2,(  (('member3'  ilike  '%zz%')  =  TRUE)  ),( (('member3' ilike '%zz%') = TRUE) ),like_ilike,0,0.85,1.0,0.8,0.0,T0_generated_candidate,slot_sanity_or_static_issue,LLM_review_or_future_special_module,,,NONE_BASE,1,0,0
Y2_R035_C09_S05,Y2_boolean_variation,Y2,(('stone4' ILIKE '%zz%') = true),(('stone4' ILIKE '%zz%') = true),like_ilike,0,0.85,1.0,0.8,0.0,T0_generated_candidate,slot_sanity_or_static_issue,LLM_review_or_future_special_module,,,NONE_BASE,1,0,0
Y2_R035_C09_S06,Y2_boolean_variation,Y2,( (('north5' ilike '%zz%') = TRUE) ),( (('north5' ilike '%zz%') = TRUE) ),like_ilike,0,0.85,1.0,0.8,0.0,T0_generated_candidate,slot_sanity_or_static_issue,LLM_review_or_future_special_module,,,NONE_BASE,1,0,0
Y2_R035_C10_S01,Y2_boolean_variation,Y2,"(  coalesce(('pending0'  ILIKE  '%en%'),  FALSE)  )","( coalesce(('pending0' ILIKE '%en%'), FALSE) )",like_ilike,0,0.85,1.0,0.8,0.0,T0_generated_candidate,slot_sanity_or_static_issue,LLM_review_or_future_special_module,,,NONE_BASE,1,0,0
Y2_R035_C10_S02,Y2_boolean_variation,Y2,"COALESCE(('public1' ilike '%ub%'), false)","COALESCE(('public1' ilike '%ub%'), false)",like_ilike,0,0.85,1.0,0.8,0.0,T0_generated_candidate,slot_sanity_or_static_issue,LLM_review_or_future_special_module,,,NONE_BASE,1,0,0
Y2_R035_C10_S03,Y2_boolean_variation,Y2,"( coalesce(('member2' ILIKE '%em%'), FALSE) )","( coalesce(('member2' ILIKE '%em%'), FALSE) )",like_ilike,0,0.85,1.0,0.8,0.0,T0_generated_candidate,slot_sanity_or_static_issue,LLM_review_or_future_special_module,,,NONE_BASE,1,0,0
Y2_R035_C10_S04,Y2_boolean_variation,Y2,"COALESCE(('stone3'  ilike  '%zz%'),  false)","COALESCE(('stone3' ilike '%zz%'), false)",like_ilike,0,0.85,1.0,0.8,0.0,T0_generated_candidate,slot_sanity_or_static_issue,LLM_review_or_future_special_module,,,NONE_BASE,1,0,0
Y2_R035_C10_S05,Y2_boolean_variation,Y2,"( coalesce(('north4' ILIKE '%zz%'), FALSE) )","( coalesce(('north4' ILIKE '%zz%'), FALSE) )",like_ilike,0,0.85,1.0,0.8,0.0,T0_generated_candidate,slot_sanity_or_static_issue,LLM_review_or_future_special_module,,,NONE_BASE,1,0,0
Y2_R035_C10_S06,Y2_boolean_variation,Y2,"COALESCE(('south5' ilike '%zz%'), false)","COALESCE(('south5' ilike '%zz%'), false)",like_ilike,0,0.85,1.0,0.8,0.0,T0_generated_candidate,slot_sanity_or_static_issue,LLM_review_or_future_special_module,,,NONE_BASE,1,0,0
Y2_R039_C03_S01,Y2_boolean_variation,Y2,NOT ('delta4' SIMILAR TO 'zz%'),NOT ('delta4' SIMILAR TO 'zz%'),regex_match,0,0.85,1.0,0.8,0.0,T0_generated_candidate,slot_sanity_or_static_issue,LLM_review_or_future_special_module,,,NONE_BASE,1,0,1
Y2_R039_C03_S02,Y2_boolean_variation,Y2,( not ('omega5' SIMILAR TO 'zz%') ),( not ('omega5' SIMILAR TO 'zz%') ),regex_match,0,0.85,1.0,0.8,0.0,T0_generated_candidate,slot_sanity_or_static_issue,LLM_review_or_future_special_module,,,NONE_BASE,1,0,0
Y2_R039_C03_S03,Y2_boolean_variation,Y2,NOT  ('active6'  SIMILAR  TO  'zz%'),NOT ('active6' SIMILAR TO 'zz%'),regex_match,0,0.85,1.0,0.8,0.0,T0_generated_candidate,slot_sanity_or_static_issue,LLM_review_or_future_special_module,,,NONE_BASE,1,0,1
Y2_R039_C03_S04,Y2_boolean_variation,Y2,( not ('pending7' SIMILAR TO 'pe%') ),( not ('pending7' SIMILAR TO 'pe%') ),regex_match,0,0.85,1.0,0.8,0.0,T0_generated_candidate,slot_sanity_or_static_issue,LLM_review_or_future_special_module,,,NONE_BASE,1,0,0
Y2_R039_C03_S05,Y2_boolean_variation,Y2,NOT ('public8' SIMILAR TO 'pu%'),NOT ('public8' SIMILAR TO 'pu%'),regex_match,0,0.85,1.0,0.8,0.0,T0_generated_candidate,slot_sanity_or_static_issue,LLM_review_or_future_special_module,,,NONE_BASE,1,0,1
Y2_R039_C03_S06,Y2_boolean_variation,Y2,(  not  ('member0'  SIMILAR  TO  'me%')  ),( not ('member0' SIMILAR TO 'me%') ),regex_match,0,0.85,1.0,0.8,0.0,T0_generated_candidate,slot_sanity_or_static_issue,LLM_review_or_future_special_module,,,NONE_BASE,1,0,0
Y2_R039_C04_S01,Y2_boolean_variation,Y2,( ('omega4' SIMILAR TO 'om%') is true ),( ('omega4' SIMILAR TO 'om%') is true ),regex_match,0,0.85,1.0,0.8,0.0,T0_generated_candidate,slot_sanity_or_static_issue,LLM_review_or_future_special_module,,,NONE_BASE,1,0,0
Y2_R039_C04_S02,Y2_boolean_variation,Y2,('active5' SIMILAR TO 'ac%') IS TRUE,('active5' SIMILAR TO 'ac%') IS TRUE,regex_match,0,0.85,1.0,0.8,0.0,T0_generated_candidate,slot_sanity_or_static_issue,LLM_review_or_future_special_module,,,NONE_BASE,1,0,1
Y2_R039_C04_S03,Y2_boolean_variation,Y2,(  ('pending6'  SIMILAR  TO  'pe%')  is  true  ),( ('pending6' SIMILAR TO 'pe%') is true ),regex_match,0,0.85,1.0,0.8,0.0,T0_generated_candidate,slot_sanity_or_static_issue,LLM_review_or_future_special_module,,,NONE_BASE,1,0,0
Y2_R039_C04_S04,Y2_boolean_variation,Y2,('public7' SIMILAR TO 'zz%') IS TRUE,('public7' SIMILAR TO 'zz%') IS TRUE,regex_match,0,0.85,1.0,0.8,0.0,T0_generated_candidate,slot_sanity_or_static_issue,LLM_review_or_future_special_module,,,NONE_BASE,1,0,1
Y2_R039_C04_S05,Y2_boolean_variation,Y2,( ('member8' SIMILAR TO 'zz%') is true ),( ('member8' SIMILAR TO 'zz%') is true ),regex_match,0,0.85,1.0,0.8,0.0,T0_generated_candidate,slot_sanity_or_static_issue,LLM_review_or_future_special_module,,,NONE_BASE,1,0,0
Y2_R039_C04_S06,Y2_boolean_variation,Y2,('stone0'  SIMILAR  TO  'zz%')  IS  TRUE,('stone0' SIMILAR TO 'zz%') IS TRUE,regex_match,0,0.85,1.0,0.8,0.0,T0_generated_candidate,slot_sanity_or_static_issue,LLM_review_or_future_special_module,,,NONE_BASE,1,0,1
Y2_R039_C05_S01,Y2_boolean_variation,Y2,('active4' SIMILAR TO 'ac%') is NOT FALSE,('active4' SIMILAR TO 'ac%') is NOT FALSE,regex_match,0,0.85,1.0,0.8,0.0,T0_generated_candidate,slot_sanity_or_static_issue,LLM_review_or_future_special_module,,,NONE_BASE,1,0,0
Y2_R039_C05_S02,Y2_boolean_variation,Y2,( ('pending5' SIMILAR TO 'pe%') IS not false ),( ('pending5' SIMILAR TO 'pe%') IS not false ),regex_match,0,0.85,1.0,0.8,0.0,T0_generated_candidate,slot_sanity_or_static_issue,LLM_review_or_future_special_module,,,NONE_BASE,1,0,0
Y2_R039_C05_S03,Y2_boolean_variation,Y2,('public6'  SIMILAR  TO  'pu%')  is  NOT  FALSE,('public6' SIMILAR TO 'pu%') is NOT FALSE,regex_match,0,0.85,1.0,0.8,0.0,T0_generated_candidate,slot_sanity_or_static_issue,LLM_review_or_future_special_module,,,NONE_BASE,1,0,0
Y2_R039_C05_S04,Y2_boolean_variation,Y2,( ('member7' SIMILAR TO 'zz%') IS not false ),( ('member7' SIMILAR TO 'zz%') IS not false ),regex_match,0,0.85,1.0,0.8,0.0,T0_generated_candidate,slot_sanity_or_static_issue,LLM_review_or_future_special_module,,,NONE_BASE,1,0,0
Y2_R039_C05_S05,Y2_boolean_variation,Y2,('stone8' SIMILAR TO 'zz%') is NOT FALSE,('stone8' SIMILAR TO 'zz%') is NOT FALSE,regex_match,0,0.85,1.0,0.8,0.0,T0_generated_candidate,slot_sanity_or_static_issue,LLM_review_or_future_special_module,,,NONE_BASE,1,0,0
Y2_R039_C05_S06,Y2_boolean_variation,Y2,(  ('north0'  SIMILAR  TO  'zz%')  IS  not  false  ),( ('north0' SIMILAR TO 'zz%') IS not false ),regex_match,0,0.85,1.0,0.8,0.0,T0_generated_candidate,slot_sanity_or_static_issue,LLM_review_or_future_special_module,,,NONE_BASE,1,0,0
Y2_R039_C07_S01,Y2_boolean_variation,Y2,('public4' SIMILAR TO 'pu%') AND (27 = 27),('public4' SIMILAR TO 'pu%') AND (27 = 27),regex_match,0,0.85,1.0,0.8,0.0,T0_generated_candidate,slot_sanity_or_static_issue,LLM_review_or_future_special_module,,,NONE_BASE,1,0,1
Y2_R039_C07_S02,Y2_boolean_variation,Y2,( ('member5' SIMILAR TO 'me%') and (40 = 40) ),( ('member5' SIMILAR TO 'me%') and (40 = 40) ),regex_match,0,0.85,1.0,0.8,0.0,T0_generated_candidate,slot_sanity_or_static_issue,LLM_review_or_future_special_module,,,NONE_BASE,1,0,0
Y2_R039_C07_S03,Y2_boolean_variation,Y2,('stone6'  SIMILAR  TO  'st%')  AND  (53  =  53),('stone6' SIMILAR TO 'st%') AND (53 = 53),regex_match,0,0.85,1.0,0.8,0.0,T0_generated_candidate,slot_sanity_or_static_issue,LLM_review_or_future_special_module,,,NONE_BASE,1,0,1
Y2_R039_C07_S04,Y2_boolean_variation,Y2,( ('north7' SIMILAR TO 'zz%') and (66 = 66) ),( ('north7' SIMILAR TO 'zz%') and (66 = 66) ),regex_match,0,0.85,1.0,0.8,0.0,T0_generated_candidate,slot_sanity_or_static_issue,LLM_review_or_future_special_module,,,NONE_BASE,1,0,0
Y2_R039_C07_S05,Y2_boolean_variation,Y2,('south8' SIMILAR TO 'zz%') AND (79 = 79),('south8' SIMILAR TO 'zz%') AND (79 = 79),regex_match,0,0.85,1.0,0.8,0.0,T0_generated_candidate,slot_sanity_or_static_issue,LLM_review_or_future_special_module,,,NONE_BASE,1,0,1
Y2_R039_C07_S06,Y2_boolean_variation,Y2,(  ('east0'  SIMILAR  TO  'zz%')  and  (92  =  92)  ),( ('east0' SIMILAR TO 'zz%') and (92 = 92) ),regex_match,0,0.85,1.0,0.8,0.0,T0_generated_candidate,slot_sanity_or_static_issue,LLM_review_or_future_special_module,,,NONE_BASE,1,0,0
Y2_R039_C08_S01,Y2_boolean_variation,Y2,( ('member4' SIMILAR TO 'me%') or (55 <> 55) ),( ('member4' SIMILAR TO 'me%') or (55 <> 55) ),regex_match,0,0.85,1.0,0.8,0.0,T0_generated_candidate,slot_sanity_or_static_issue,LLM_review_or_future_special_module,,,NONE_BASE,1,0,0
Y2_R039_C08_S02,Y2_boolean_variation,Y2,('stone5' SIMILAR TO 'st%') OR (68 <> 68),('stone5' SIMILAR TO 'st%') OR (68 <> 68),regex_match,0,0.85,1.0,0.8,0.0,T0_generated_candidate,slot_sanity_or_static_issue,LLM_review_or_future_special_module,,,NONE_BASE,1,0,1
Y2_R039_C08_S03,Y2_boolean_variation,Y2,(  ('north6'  SIMILAR  TO  'no%')  or  (81  <>  81)  ),( ('north6' SIMILAR TO 'no%') or (81 <> 81) ),regex_match,0,0.85,1.0,0.8,0.0,T0_generated_candidate,slot_sanity_or_static_issue,LLM_review_or_future_special_module,,,NONE_BASE,1,0,0
Y2_R039_C08_S04,Y2_boolean_variation,Y2,('south7' SIMILAR TO 'zz%') OR (94 <> 94),('south7' SIMILAR TO 'zz%') OR (94 <> 94),regex_match,0,0.85,1.0,0.8,0.0,T0_generated_candidate,slot_sanity_or_static_issue,LLM_review_or_future_special_module,,,NONE_BASE,1,0,1
Y2_R039_C08_S05,Y2_boolean_variation,Y2,( ('east8' SIMILAR TO 'zz%') or (10 <> 10) ),( ('east8' SIMILAR TO 'zz%') or (10 <> 10) ),regex_match,0,0.85,1.0,0.8,0.0,T0_generated_candidate,slot_sanity_or_static_issue,LLM_review_or_future_special_module,,,NONE_BASE,1,0,0
Y2_R039_C08_S06,Y2_boolean_variation,Y2,('west0'  SIMILAR  TO  'zz%')  OR  (23  <>  23),('west0' SIMILAR TO 'zz%') OR (23 <> 23),regex_match,0,0.85,1.0,0.8,0.0,T0_generated_candidate,slot_sanity_or_static_issue,LLM_review_or_future_special_module,,,NONE_BASE,1,0,1
Y2_R039_C09_S01,Y2_boolean_variation,Y2,(('stone4' SIMILAR TO 'st%') = true),(('stone4' SIMILAR TO 'st%') = true),regex_match,0,0.85,1.0,0.8,0.0,T0_generated_candidate,slot_sanity_or_static_issue,LLM_review_or_future_special_module,,,NONE_BASE,1,0,0
Y2_R039_C09_S02,Y2_boolean_variation,Y2,( (('north5' SIMILAR TO 'no%') = TRUE) ),( (('north5' SIMILAR TO 'no%') = TRUE) ),regex_match,0,0.85,1.0,0.8,0.0,T0_generated_candidate,slot_sanity_or_static_issue,LLM_review_or_future_special_module,,,NONE_BASE,1,0,1
Y2_R039_C09_S03,Y2_boolean_variation,Y2,(('south6'  SIMILAR  TO  'so%')  =  true),(('south6' SIMILAR TO 'so%') = true),regex_match,0,0.85,1.0,0.8,0.0,T0_generated_candidate,slot_sanity_or_static_issue,LLM_review_or_future_special_module,,,NONE_BASE,1,0,0
Y2_R039_C09_S04,Y2_boolean_variation,Y2,( (('east7' SIMILAR TO 'zz%') = TRUE) ),( (('east7' SIMILAR TO 'zz%') = TRUE) ),regex_match,0,0.85,1.0,0.8,0.0,T0_generated_candidate,slot_sanity_or_static_issue,LLM_review_or_future_special_module,,,NONE_BASE,1,0,1
Y2_R039_C09_S05,Y2_boolean_variation,Y2,(('west8' SIMILAR TO 'zz%') = true),(('west8' SIMILAR TO 'zz%') = true),regex_match,0,0.85,1.0,0.8,0.0,T0_generated_candidate,slot_sanity_or_static_issue,LLM_review_or_future_special_module,,,NONE_BASE,1,0,0
Y2_R039_C09_S06,Y2_boolean_variation,Y2,(  (('prime0'  SIMILAR  TO  'zz%')  =  TRUE)  ),( (('prime0' SIMILAR TO 'zz%') = TRUE) ),regex_match,0,0.85,1.0,0.8,0.0,T0_generated_candidate,slot_sanity_or_static_issue,LLM_review_or_future_special_module,,,NONE_BASE,1,0,1
Y2_R040_C01_S01,Y2_boolean_variation,Y2,( 'gamma5' not SIMILAR TO 'zz%' ),( 'gamma5' not SIMILAR TO 'zz%' ),regex_match,0,0.85,1.0,0.8,0.0,T0_generated_candidate,slot_sanity_or_static_issue,LLM_review_or_future_special_module,,,NONE_BASE,1,0,0
Y2_R040_C01_S02,Y2_boolean_variation,Y2,'delta6'  NOT  SIMILAR  TO  'zz%','delta6' NOT SIMILAR TO 'zz%',regex_match,0,0.85,1.0,0.8,0.0,T0_generated_candidate,slot_sanity_or_static_issue,LLM_review_or_future_special_module,,,NONE_BASE,1,0,1
Y2_R040_C01_S03,Y2_boolean_variation,Y2,( 'omega7' not SIMILAR TO 'zz%' ),( 'omega7' not SIMILAR TO 'zz%' ),regex_match,0,0.85,1.0,0.8,0.0,T0_generated_candidate,slot_sanity_or_static_issue,LLM_review_or_future_special_module,,,NONE_BASE,1,0,0
Y2_R040_C01_S04,Y2_boolean_variation,Y2,'active8' NOT SIMILAR TO 'ac%','active8' NOT SIMILAR TO 'ac%',regex_match,0,0.85,1.0,0.8,0.0,T0_generated_candidate,slot_sanity_or_static_issue,LLM_review_or_future_special_module,,,NONE_BASE,1,0,1
Y2_R040_C01_S05,Y2_boolean_variation,Y2,(  'pending0'  not  SIMILAR  TO  'pe%'  ),( 'pending0' not SIMILAR TO 'pe%' ),regex_match,0,0.85,1.0,0.8,0.0,T0_generated_candidate,slot_sanity_or_static_issue,LLM_review_or_future_special_module,,,NONE_BASE,1,0,0
Y2_R040_C01_S06,Y2_boolean_variation,Y2,'public1' NOT SIMILAR TO 'pu%','public1' NOT SIMILAR TO 'pu%',regex_match,0,0.85,1.0,0.8,0.0,T0_generated_candidate,slot_sanity_or_static_issue,LLM_review_or_future_special_module,,,NONE_BASE,1,0,1
Y2_R040_C02_S01,Y2_boolean_variation,Y2,('delta5' not SIMILAR TO 'zz%'),('delta5' not SIMILAR TO 'zz%'),regex_match,0,0.85,1.0,0.8,0.0,T0_generated_candidate,slot_sanity_or_static_issue,LLM_review_or_future_special_module,,,NONE_BASE,1,0,0
Y2_R040_C02_S02,Y2_boolean_variation,Y2,(  ('omega6'  NOT  SIMILAR  TO  'zz%')  ),( ('omega6' NOT SIMILAR TO 'zz%') ),regex_match,0,0.85,1.0,0.8,0.0,T0_generated_candidate,slot_sanity_or_static_issue,LLM_review_or_future_special_module,,,NONE_BASE,1,0,1
Y2_R040_C02_S03,Y2_boolean_variation,Y2,('active7' not SIMILAR TO 'zz%'),('active7' not SIMILAR TO 'zz%'),regex_match,0,0.85,1.0,0.8,0.0,T0_generated_candidate,slot_sanity_or_static_issue,LLM_review_or_future_special_module,,,NONE_BASE,1,0,0
Y2_R040_C02_S04,Y2_boolean_variation,Y2,( ('pending8' NOT SIMILAR TO 'pe%') ),( ('pending8' NOT SIMILAR TO 'pe%') ),regex_match,0,0.85,1.0,0.8,0.0,T0_generated_candidate,slot_sanity_or_static_issue,LLM_review_or_future_special_module,,,NONE_BASE,1,0,1
Y2_R040_C02_S05,Y2_boolean_variation,Y2,('public0'  not  SIMILAR  TO  'pu%'),('public0' not SIMILAR TO 'pu%'),regex_match,0,0.85,1.0,0.8,0.0,T0_generated_candidate,slot_sanity_or_static_issue,LLM_review_or_future_special_module,,,NONE_BASE,1,0,0
Y2_R040_C02_S06,Y2_boolean_variation,Y2,( ('member1' NOT SIMILAR TO 'me%') ),( ('member1' NOT SIMILAR TO 'me%') ),regex_match,0,0.85,1.0,0.8,0.0,T0_generated_candidate,slot_sanity_or_static_issue,LLM_review_or_future_special_module,,,NONE_BASE,1,0,1
Y2_R040_C03_S01,Y2_boolean_variation,Y2,( not ('omega5' not SIMILAR TO 'om%') ),( not ('omega5' not SIMILAR TO 'om%') ),regex_match,0,0.85,1.0,0.8,0.0,T0_generated_candidate,slot_sanity_or_static_issue,LLM_review_or_future_special_module,,,NONE_BASE,1,0,0
Y2_R040_C03_S02,Y2_boolean_variation,Y2,NOT  ('active6'  NOT  SIMILAR  TO  'ac%'),NOT ('active6' NOT SIMILAR TO 'ac%'),regex_match,0,0.85,1.0,0.8,0.0,T0_generated_candidate,slot_sanity_or_static_issue,LLM_review_or_future_special_module,,,NONE_BASE,1,0,1
Y2_R040_C03_S03,Y2_boolean_variation,Y2,( not ('pending7' not SIMILAR TO 'pe%') ),( not ('pending7' not SIMILAR TO 'pe%') ),regex_match,0,0.85,1.0,0.8,0.0,T0_generated_candidate,slot_sanity_or_static_issue,LLM_review_or_future_special_module,,,NONE_BASE,1,0,0
Y2_R040_C03_S04,Y2_boolean_variation,Y2,NOT ('public8' NOT SIMILAR TO 'zz%'),NOT ('public8' NOT SIMILAR TO 'zz%'),regex_match,0,0.85,1.0,0.8,0.0,T0_generated_candidate,slot_sanity_or_static_issue,LLM_review_or_future_special_module,,,NONE_BASE,1,0,1
Y2_R040_C03_S05,Y2_boolean_variation,Y2,(  not  ('member0'  not  SIMILAR  TO  'zz%')  ),( not ('member0' not SIMILAR TO 'zz%') ),regex_match,0,0.85,1.0,0.8,0.0,T0_generated_candidate,slot_sanity_or_static_issue,LLM_review_or_future_special_module,,,NONE_BASE,1,0,0
Y2_R040_C03_S06,Y2_boolean_variation,Y2,NOT ('stone1' NOT SIMILAR TO 'zz%'),NOT ('stone1' NOT SIMILAR TO 'zz%'),regex_match,0,0.85,1.0,0.8,0.0,T0_generated_candidate,slot_sanity_or_static_issue,LLM_review_or_future_special_module,,,NONE_BASE,1,0,1
Y2_R040_C04_S01,Y2_boolean_variation,Y2,('active5' not SIMILAR TO 'zz%') IS TRUE,('active5' not SIMILAR TO 'zz%') IS TRUE,regex_match,0,0.85,1.0,0.8,0.0,T0_generated_candidate,slot_sanity_or_static_issue,LLM_review_or_future_special_module,,,NONE_BASE,1,0,0
Y2_R040_C04_S02,Y2_boolean_variation,Y2,(  ('pending6'  NOT  SIMILAR  TO  'zz%')  is  true  ),( ('pending6' NOT SIMILAR TO 'zz%') is true ),regex_match,0,0.85,1.0,0.8,0.0,T0_generated_candidate,slot_sanity_or_static_issue,LLM_review_or_future_special_module,,,NONE_BASE,1,0,0
Y2_R040_C04_S03,Y2_boolean_variation,Y2,('public7' not SIMILAR TO 'zz%') IS TRUE,('public7' not SIMILAR TO 'zz%') IS TRUE,regex_match,0,0.85,1.0,0.8,0.0,T0_generated_candidate,slot_sanity_or_static_issue,LLM_review_or_future_special_module,,,NONE_BASE,1,0,0
Y2_R040_C04_S04,Y2_boolean_variation,Y2,( ('member8' NOT SIMILAR TO 'me%') is true ),( ('member8' NOT SIMILAR TO 'me%') is true ),regex_match,0,0.85,1.0,0.8,0.0,T0_generated_candidate,slot_sanity_or_static_issue,LLM_review_or_future_special_module,,,NONE_BASE,1,0,0
Y2_R040_C04_S05,Y2_boolean_variation,Y2,('stone0'  not  SIMILAR  TO  'st%')  IS  TRUE,('stone0' not SIMILAR TO 'st%') IS TRUE,regex_match,0,0.85,1.0,0.8,0.0,T0_generated_candidate,slot_sanity_or_static_issue,LLM_review_or_future_special_module,,,NONE_BASE,1,0,0
Y2_R040_C04_S06,Y2_boolean_variation,Y2,( ('north1' NOT SIMILAR TO 'no%') is true ),( ('north1' NOT SIMILAR TO 'no%') is true ),regex_match,0,0.85,1.0,0.8,0.0,T0_generated_candidate,slot_sanity_or_static_issue,LLM_review_or_future_special_module,,,NONE_BASE,1,0,0
Y2_R040_C05_S01,Y2_boolean_variation,Y2,( ('pending5' not SIMILAR TO 'zz%') IS not false ),( ('pending5' not SIMILAR TO 'zz%') IS not false ),regex_match,0,0.85,1.0,0.8,0.0,T0_generated_candidate,slot_sanity_or_static_issue,LLM_review_or_future_special_module,,,NONE_BASE,1,0,0
Y2_R040_C05_S02,Y2_boolean_variation,Y2,('public6'  NOT  SIMILAR  TO  'zz%')  is  NOT  FALSE,('public6' NOT SIMILAR TO 'zz%') is NOT FALSE,regex_match,0,0.85,1.0,0.8,0.0,T0_generated_candidate,slot_sanity_or_static_issue,LLM_review_or_future_special_module,,,NONE_BASE,1,0,0
Y2_R040_C05_S03,Y2_boolean_variation,Y2,( ('member7' not SIMILAR TO 'zz%') IS not false ),( ('member7' not SIMILAR TO 'zz%') IS not false ),regex_match,0,0.85,1.0,0.8,0.0,T0_generated_candidate,slot_sanity_or_static_issue,LLM_review_or_future_special_module,,,NONE_BASE,1,0,0
Y2_R040_C05_S04,Y2_boolean_variation,Y2,('stone8' NOT SIMILAR TO 'st%') is NOT FALSE,('stone8' NOT SIMILAR TO 'st%') is NOT FALSE,regex_match,0,0.85,1.0,0.8,0.0,T0_generated_candidate,slot_sanity_or_static_issue,LLM_review_or_future_special_module,,,NONE_BASE,1,0,0
Y2_R040_C05_S05,Y2_boolean_variation,Y2,(  ('north0'  not  SIMILAR  TO  'no%')  IS  not  false  ),( ('north0' not SIMILAR TO 'no%') IS not false ),regex_match,0,0.85,1.0,0.8,0.0,T0_generated_candidate,slot_sanity_or_static_issue,LLM_review_or_future_special_module,,,NONE_BASE,1,0,0
Y2_R040_C05_S06,Y2_boolean_variation,Y2,('south1' NOT SIMILAR TO 'so%') is NOT FALSE,('south1' NOT SIMILAR TO 'so%') is NOT FALSE,regex_match,0,0.85,1.0,0.8,0.0,T0_generated_candidate,slot_sanity_or_static_issue,LLM_review_or_future_special_module,,,NONE_BASE,1,0,0
Y2_R040_C06_S01,Y2_boolean_variation,Y2,CASE WHEN ('public5' not SIMILAR TO 'zz%') THEN TRUE ELSE false end,CASE WHEN ('public5' not SIMILAR TO 'zz%') THEN TRUE ELSE false end,regex_match,0,0.85,1.0,0.8,0.0,T0_generated_candidate,slot_sanity_or_static_issue,LLM_review_or_future_special_module,,,NONE_BASE,1,0,0
Y2_R040_C06_S02,Y2_boolean_variation,Y2,(  case  when  ('member6'  NOT  SIMILAR  TO  'zz%')  then  true  else  FALSE  END  ),( case when ('member6' NOT SIMILAR TO 'zz%') then true else FALSE END ),regex_match,0,0.85,1.0,0.8,0.0,T0_generated_candidate,slot_sanity_or_static_issue,LLM_review_or_future_special_module,,,NONE_BASE,1,0,0
Y2_R040_C06_S03,Y2_boolean_variation,Y2,CASE WHEN ('stone7' not SIMILAR TO 'zz%') THEN TRUE ELSE false end,CASE WHEN ('stone7' not SIMILAR TO 'zz%') THEN TRUE ELSE false end,regex_match,0,0.85,1.0,0.8,0.0,T0_generated_candidate,slot_sanity_or_static_issue,LLM_review_or_future_special_module,,,NONE_BASE,1,0,0
Y2_R040_C06_S04,Y2_boolean_variation,Y2,( case when ('north8' NOT SIMILAR TO 'no%') then true else FALSE END ),( case when ('north8' NOT SIMILAR TO 'no%') then true else FALSE END ),regex_match,0,0.85,1.0,0.8,0.0,T0_generated_candidate,slot_sanity_or_static_issue,LLM_review_or_future_special_module,,,NONE_BASE,1,0,0
Y2_R040_C06_S05,Y2_boolean_variation,Y2,CASE  WHEN  ('south0'  not  SIMILAR  TO  'so%')  THEN  TRUE  ELSE  false  end,CASE WHEN ('south0' not SIMILAR TO 'so%') THEN TRUE ELSE false end,regex_match,0,0.85,1.0,0.8,0.0,T0_generated_candidate,slot_sanity_or_static_issue,LLM_review_or_future_special_module,,,NONE_BASE,1,0,0
Y2_R040_C06_S06,Y2_boolean_variation,Y2,( case when ('east1' NOT SIMILAR TO 'ea%') then true else FALSE END ),( case when ('east1' NOT SIMILAR TO 'ea%') then true else FALSE END ),regex_match,0,0.85,1.0,0.8,0.0,T0_generated_candidate,slot_sanity_or_static_issue,LLM_review_or_future_special_module,,,NONE_BASE,1,0,0
Y2_R040_C07_S01,Y2_boolean_variation,Y2,( ('member5' not SIMILAR TO 'zz%') and (34 = 34) ),( ('member5' not SIMILAR TO 'zz%') and (34 = 34) ),regex_match,0,0.85,1.0,0.8,0.0,T0_generated_candidate,slot_sanity_or_static_issue,LLM_review_or_future_special_module,,,NONE_BASE,1,0,0
Y2_R040_C07_S02,Y2_boolean_variation,Y2,('stone6'  NOT  SIMILAR  TO  'zz%')  AND  (47  =  47),('stone6' NOT SIMILAR TO 'zz%') AND (47 = 47),regex_match,0,0.85,1.0,0.8,0.0,T0_generated_candidate,slot_sanity_or_static_issue,LLM_review_or_future_special_module,,,NONE_BASE,1,0,1
Y2_R040_C07_S03,Y2_boolean_variation,Y2,( ('north7' not SIMILAR TO 'zz%') and (60 = 60) ),( ('north7' not SIMILAR TO 'zz%') and (60 = 60) ),regex_match,0,0.85,1.0,0.8,0.0,T0_generated_candidate,slot_sanity_or_static_issue,LLM_review_or_future_special_module,,,NONE_BASE,1,0,0
Y2_R040_C07_S04,Y2_boolean_variation,Y2,('south8' NOT SIMILAR TO 'so%') AND (73 = 73),('south8' NOT SIMILAR TO 'so%') AND (73 = 73),regex_match,0,0.85,1.0,0.8,0.0,T0_generated_candidate,slot_sanity_or_static_issue,LLM_review_or_future_special_module,,,NONE_BASE,1,0,1
Y2_R040_C07_S05,Y2_boolean_variation,Y2,(  ('east0'  not  SIMILAR  TO  'ea%')  and  (86  =  86)  ),( ('east0' not SIMILAR TO 'ea%') and (86 = 86) ),regex_match,0,0.85,1.0,0.8,0.0,T0_generated_candidate,slot_sanity_or_static_issue,LLM_review_or_future_special_module,,,NONE_BASE,1,0,0
Y2_R040_C07_S06,Y2_boolean_variation,Y2,('west1' NOT SIMILAR TO 'we%') AND (2 = 2),('west1' NOT SIMILAR TO 'we%') AND (2 = 2),regex_match,0,0.85,1.0,0.8,0.0,T0_generated_candidate,slot_sanity_or_static_issue,LLM_review_or_future_special_module,,,NONE_BASE,1,0,1
Y2_R040_C08_S01,Y2_boolean_variation,Y2,('stone5' not SIMILAR TO 'zz%') OR (62 <> 62),('stone5' not SIMILAR TO 'zz%') OR (62 <> 62),regex_match,0,0.85,1.0,0.8,0.0,T0_generated_candidate,slot_sanity_or_static_issue,LLM_review_or_future_special_module,,,NONE_BASE,1,0,0
Y2_R040_C08_S02,Y2_boolean_variation,Y2,(  ('north6'  NOT  SIMILAR  TO  'zz%')  or  (75  <>  75)  ),( ('north6' NOT SIMILAR TO 'zz%') or (75 <> 75) ),regex_match,0,0.85,1.0,0.8,0.0,T0_generated_candidate,slot_sanity_or_static_issue,LLM_review_or_future_special_module,,,NONE_BASE,1,0,0
Y2_R040_C08_S03,Y2_boolean_variation,Y2,('south7' not SIMILAR TO 'zz%') OR (88 <> 88),('south7' not SIMILAR TO 'zz%') OR (88 <> 88),regex_match,0,0.85,1.0,0.8,0.0,T0_generated_candidate,slot_sanity_or_static_issue,LLM_review_or_future_special_module,,,NONE_BASE,1,0,0
Y2_R040_C08_S04,Y2_boolean_variation,Y2,( ('east8' NOT SIMILAR TO 'ea%') or (4 <> 4) ),( ('east8' NOT SIMILAR TO 'ea%') or (4 <> 4) ),regex_match,0,0.85,1.0,0.8,0.0,T0_generated_candidate,slot_sanity_or_static_issue,LLM_review_or_future_special_module,,,NONE_BASE,1,0,0
Y2_R040_C08_S05,Y2_boolean_variation,Y2,('west0'  not  SIMILAR  TO  'we%')  OR  (17  <>  17),('west0' not SIMILAR TO 'we%') OR (17 <> 17),regex_match,0,0.85,1.0,0.8,0.0,T0_generated_candidate,slot_sanity_or_static_issue,LLM_review_or_future_special_module,,,NONE_BASE,1,0,0
Y2_R040_C08_S06,Y2_boolean_variation,Y2,( ('prime1' NOT SIMILAR TO 'pr%') or (30 <> 30) ),( ('prime1' NOT SIMILAR TO 'pr%') or (30 <> 30) ),regex_match,0,0.85,1.0,0.8,0.0,T0_generated_candidate,slot_sanity_or_static_issue,LLM_review_or_future_special_module,,,NONE_BASE,1,0,0
Y2_R040_C09_S01,Y2_boolean_variation,Y2,( (('north5' not SIMILAR TO 'zz%') = TRUE) ),( (('north5' not SIMILAR TO 'zz%') = TRUE) ),regex_match,0,0.85,1.0,0.8,0.0,T0_generated_candidate,slot_sanity_or_static_issue,LLM_review_or_future_special_module,,,NONE_BASE,1,0,0
Y2_R040_C09_S02,Y2_boolean_variation,Y2,(('south6'  NOT  SIMILAR  TO  'zz%')  =  true),(('south6' NOT SIMILAR TO 'zz%') = true),regex_match,0,0.85,1.0,0.8,0.0,T0_generated_candidate,slot_sanity_or_static_issue,LLM_review_or_future_special_module,,,NONE_BASE,1,0,0
Y2_R040_C09_S03,Y2_boolean_variation,Y2,( (('east7' not SIMILAR TO 'zz%') = TRUE) ),( (('east7' not SIMILAR TO 'zz%') = TRUE) ),regex_match,0,0.85,1.0,0.8,0.0,T0_generated_candidate,slot_sanity_or_static_issue,LLM_review_or_future_special_module,,,NONE_BASE,1,0,0
Y2_R040_C09_S04,Y2_boolean_variation,Y2,(('west8' NOT SIMILAR TO 'we%') = true),(('west8' NOT SIMILAR TO 'we%') = true),regex_match,0,0.85,1.0,0.8,0.0,T0_generated_candidate,slot_sanity_or_static_issue,LLM_review_or_future_special_module,,,NONE_BASE,1,0,0
Y2_R040_C09_S05,Y2_boolean_variation,Y2,(  (('prime0'  not  SIMILAR  TO  'pr%')  =  TRUE)  ),( (('prime0' not SIMILAR TO 'pr%') = TRUE) ),regex_match,0,0.85,1.0,0.8,0.0,T0_generated_candidate,slot_sanity_or_static_issue,LLM_review_or_future_special_module,,,NONE_BASE,1,0,0
Y2_R040_C09_S06,Y2_boolean_variation,Y2,(('core1' NOT SIMILAR TO 'co%') = true),(('core1' NOT SIMILAR TO 'co%') = true),regex_match,0,0.85,1.0,0.8,0.0,T0_generated_candidate,slot_sanity_or_static_issue,LLM_review_or_future_special_module,,,NONE_BASE,1,0,0
Y2_R040_C10_S01,Y2_boolean_variation,Y2,"COALESCE(('south5' not SIMILAR TO 'zz%'), false)","COALESCE(('south5' not SIMILAR TO 'zz%'), false)",regex_match,0,0.85,1.0,0.8,0.0,T0_generated_candidate,slot_sanity_or_static_issue,LLM_review_or_future_special_module,,,NONE_BASE,1,0,0
Y2_R040_C10_S02,Y2_boolean_variation,Y2,"(  coalesce(('east6'  NOT  SIMILAR  TO  'zz%'),  FALSE)  )","( coalesce(('east6' NOT SIMILAR TO 'zz%'), FALSE) )",regex_match,0,0.85,1.0,0.8,0.0,T0_generated_candidate,slot_sanity_or_static_issue,LLM_review_or_future_special_module,,,NONE_BASE,1,0,0
Y2_R040_C10_S03,Y2_boolean_variation,Y2,"COALESCE(('west7' not SIMILAR TO 'zz%'), false)","COALESCE(('west7' not SIMILAR TO 'zz%'), false)",regex_match,0,0.85,1.0,0.8,0.0,T0_generated_candidate,slot_sanity_or_static_issue,LLM_review_or_future_special_module,,,NONE_BASE,1,0,0
Y2_R040_C10_S04,Y2_boolean_variation,Y2,"( coalesce(('prime8' NOT SIMILAR TO 'pr%'), FALSE) )","( coalesce(('prime8' NOT SIMILAR TO 'pr%'), FALSE) )",regex_match,0,0.85,1.0,0.8,0.0,T0_generated_candidate,slot_sanity_or_static_issue,LLM_review_or_future_special_module,,,NONE_BASE,1,0,0
Y2_R040_C10_S05,Y2_boolean_variation,Y2,"COALESCE(('core0'  not  SIMILAR  TO  'co%'),  false)","COALESCE(('core0' not SIMILAR TO 'co%'), false)",regex_match,0,0.85,1.0,0.8,0.0,T0_generated_candidate,slot_sanity_or_static_issue,LLM_review_or_future_special_module,,,NONE_BASE,1,0,0
Y2_R040_C10_S06,Y2_boolean_variation,Y2,"( coalesce(('safe1' NOT SIMILAR TO 'sa%'), FALSE) )","( coalesce(('safe1' NOT SIMILAR TO 'sa%'), FALSE) )",regex_match,0,0.85,1.0,0.8,0.0,T0_generated_candidate,slot_sanity_or_static_issue,LLM_review_or_future_special_module,,,NONE_BASE,1,0,0
Y2_R049_C01_S01,Y2_boolean_variation,Y2,(94 % 77) = 17,(94 % 77) = 17,arithmetic_expression,0,0.85,1.0,0.8,0.0,T0_generated_candidate,slot_sanity_or_static_issue,LLM_review_or_future_special_module,,,NONE_BASE,1,0,1
Y2_R049_C01_S02,Y2_boolean_variation,Y2,(  (10  %  90)  =  10  ),( (10 % 90) = 10 ),arithmetic_expression,0,0.85,1.0,0.8,0.0,T0_generated_candidate,slot_sanity_or_static_issue,LLM_review_or_future_special_module,,,NONE_BASE,1,0,1
Y2_R049_C01_S03,Y2_boolean_variation,Y2,(23 % 6) = 5,(23 % 6) = 5,arithmetic_expression,0,0.85,1.0,0.8,0.0,T0_generated_candidate,slot_sanity_or_static_issue,LLM_review_or_future_special_module,,,NONE_BASE,1,0,1
Y2_R049_C01_S04,Y2_boolean_variation,Y2,( (36 % 19) = 18 ),( (36 % 19) = 18 ),arithmetic_expression,0,0.85,1.0,0.8,0.0,T0_generated_candidate,slot_sanity_or_static_issue,LLM_review_or_future_special_module,,,NONE_BASE,1,0,1
Y2_R049_C01_S05,Y2_boolean_variation,Y2,(49  %  32)  =  18,(49 % 32) = 18,arithmetic_expression,0,0.85,1.0,0.8,0.0,T0_generated_candidate,slot_sanity_or_static_issue,LLM_review_or_future_special_module,,,NONE_BASE,1,0,1
Y2_R049_C01_S06,Y2_boolean_variation,Y2,( (62 % 45) = 18 ),( (62 % 45) = 18 ),arithmetic_expression,0,0.85,1.0,0.8,0.0,T0_generated_candidate,slot_sanity_or_static_issue,LLM_review_or_future_special_module,,,NONE_BASE,1,0,1
Y2_R049_C02_S01,Y2_boolean_variation,Y2,( ((8 % 88) = 8) ),( ((8 % 88) = 8) ),arithmetic_expression,0,0.85,1.0,0.8,0.0,T0_generated_candidate,slot_sanity_or_static_issue,LLM_review_or_future_special_module,,,NONE_BASE,1,0,1
Y2_R049_C02_S02,Y2_boolean_variation,Y2,((21  %  4)  =  1),((21 % 4) = 1),arithmetic_expression,0,0.85,1.0,0.8,0.0,T0_generated_candidate,slot_sanity_or_static_issue,LLM_review_or_future_special_module,,,NONE_BASE,1,0,1
Y2_R049_C02_S03,Y2_boolean_variation,Y2,( ((34 % 17) = 0) ),( ((34 % 17) = 0) ),arithmetic_expression,0,0.85,1.0,0.8,0.0,T0_generated_candidate,slot_sanity_or_static_issue,LLM_review_or_future_special_module,,,NONE_BASE,1,0,1
Y2_R049_C02_S04,Y2_boolean_variation,Y2,((47 % 30) = 18),((47 % 30) = 18),arithmetic_expression,0,0.85,1.0,0.8,0.0,T0_generated_candidate,slot_sanity_or_static_issue,LLM_review_or_future_special_module,,,NONE_BASE,1,0,1
Y2_R049_C02_S05,Y2_boolean_variation,Y2,(  ((60  %  43)  =  18)  ),( ((60 % 43) = 18) ),arithmetic_expression,0,0.85,1.0,0.8,0.0,T0_generated_candidate,slot_sanity_or_static_issue,LLM_review_or_future_special_module,,,NONE_BASE,1,0,1
Y2_R049_C02_S06,Y2_boolean_variation,Y2,((73 % 56) = 18),((73 % 56) = 18),arithmetic_expression,0,0.85,1.0,0.8,0.0,T0_generated_candidate,slot_sanity_or_static_issue,LLM_review_or_future_special_module,,,NONE_BASE,1,0,1
Y2_R049_C03_S01,Y2_boolean_variation,Y2,NOT ((19 % 2) = 2),NOT ((19 % 2) = 2),arithmetic_expression,0,0.85,1.0,0.8,0.0,T0_generated_candidate,slot_sanity_or_static_issue,LLM_review_or_future_special_module,,,NONE_BASE,1,0,1
Y2_R049_C03_S02,Y2_boolean_variation,Y2,(  not  ((32  %  15)  =  3)  ),( not ((32 % 15) = 3) ),arithmetic_expression,0,0.85,1.0,0.8,0.0,T0_generated_candidate,slot_sanity_or_static_issue,LLM_review_or_future_special_module,,,NONE_BASE,1,0,0
Y2_R049_C03_S03,Y2_boolean_variation,Y2,NOT ((45 % 28) = 18),NOT ((45 % 28) = 18),arithmetic_expression,0,0.85,1.0,0.8,0.0,T0_generated_candidate,slot_sanity_or_static_issue,LLM_review_or_future_special_module,,,NONE_BASE,1,0,1
Y2_R049_C03_S04,Y2_boolean_variation,Y2,( not ((58 % 41) = 17) ),( not ((58 % 41) = 17) ),arithmetic_expression,0,0.85,1.0,0.8,0.0,T0_generated_candidate,slot_sanity_or_static_issue,LLM_review_or_future_special_module,,,NONE_BASE,1,0,0
Y2_R049_C03_S05,Y2_boolean_variation,Y2,NOT  ((71  %  54)  =  17),NOT ((71 % 54) = 17),arithmetic_expression,0,0.85,1.0,0.8,0.0,T0_generated_candidate,slot_sanity_or_static_issue,LLM_review_or_future_special_module,,,NONE_BASE,1,0,1
Y2_R049_C03_S06,Y2_boolean_variation,Y2,( not ((84 % 67) = 17) ),( not ((84 % 67) = 17) ),arithmetic_expression,0,0.85,1.0,0.8,0.0,T0_generated_candidate,slot_sanity_or_static_issue,LLM_review_or_future_special_module,,,NONE_BASE,1,0,0
Y2_R049_C04_S01,Y2_boolean_variation,Y2,( ((30 % 13) = 4) is true ),( ((30 % 13) = 4) is true ),arithmetic_expression,0,0.85,1.0,0.8,0.0,T0_generated_candidate,slot_sanity_or_static_issue,LLM_review_or_future_special_module,,,NONE_BASE,1,0,0
Y2_R049_C04_S02,Y2_boolean_variation,Y2,((43  %  26)  =  17)  IS  TRUE,((43 % 26) = 17) IS TRUE,arithmetic_expression,0,0.85,1.0,0.8,0.0,T0_generated_candidate,slot_sanity_or_static_issue,LLM_review_or_future_special_module,,,NONE_BASE,1,0,1
Y2_R049_C04_S03,Y2_boolean_variation,Y2,( ((56 % 39) = 17) is true ),( ((56 % 39) = 17) is true ),arithmetic_expression,0,0.85,1.0,0.8,0.0,T0_generated_candidate,slot_sanity_or_static_issue,LLM_review_or_future_special_module,,,NONE_BASE,1,0,0
Y2_R049_C04_S04,Y2_boolean_variation,Y2,((69 % 52) = 18) IS TRUE,((69 % 52) = 18) IS TRUE,arithmetic_expression,0,0.85,1.0,0.8,0.0,T0_generated_candidate,slot_sanity_or_static_issue,LLM_review_or_future_special_module,,,NONE_BASE,1,0,1
Y2_R049_C04_S05,Y2_boolean_variation,Y2,(  ((82  %  65)  =  18)  is  true  ),( ((82 % 65) = 18) is true ),arithmetic_expression,0,0.85,1.0,0.8,0.0,T0_generated_candidate,slot_sanity_or_static_issue,LLM_review_or_future_special_module,,,NONE_BASE,1,0,0
Y2_R049_C04_S06,Y2_boolean_variation,Y2,((95 % 78) = 18) IS TRUE,((95 % 78) = 18) IS TRUE,arithmetic_expression,0,0.85,1.0,0.8,0.0,T0_generated_candidate,slot_sanity_or_static_issue,LLM_review_or_future_special_module,,,NONE_BASE,1,0,1
Y2_R049_C05_S01,Y2_boolean_variation,Y2,((41 % 24) = 17) is NOT FALSE,((41 % 24) = 17) is NOT FALSE,arithmetic_expression,0,0.85,1.0,0.8,0.0,T0_generated_candidate,slot_sanity_or_static_issue,LLM_review_or_future_special_module,,,NONE_BASE,1,0,0
Y2_R049_C05_S02,Y2_boolean_variation,Y2,(  ((54  %  37)  =  17)  IS  not  false  ),( ((54 % 37) = 17) IS not false ),arithmetic_expression,0,0.85,1.0,0.8,0.0,T0_generated_candidate,slot_sanity_or_static_issue,LLM_review_or_future_special_module,,,NONE_BASE,1,0,0
Y2_R049_C05_S03,Y2_boolean_variation,Y2,((67 % 50) = 17) is NOT FALSE,((67 % 50) = 17) is NOT FALSE,arithmetic_expression,0,0.85,1.0,0.8,0.0,T0_generated_candidate,slot_sanity_or_static_issue,LLM_review_or_future_special_module,,,NONE_BASE,1,0,0
Y2_R049_C05_S04,Y2_boolean_variation,Y2,( ((80 % 63) = 18) IS not false ),( ((80 % 63) = 18) IS not false ),arithmetic_expression,0,0.85,1.0,0.8,0.0,T0_generated_candidate,slot_sanity_or_static_issue,LLM_review_or_future_special_module,,,NONE_BASE,1,0,0
Y2_R049_C05_S05,Y2_boolean_variation,Y2,((93  %  76)  =  18)  is  NOT  FALSE,((93 % 76) = 18) is NOT FALSE,arithmetic_expression,0,0.85,1.0,0.8,0.0,T0_generated_candidate,slot_sanity_or_static_issue,LLM_review_or_future_special_module,,,NONE_BASE,1,0,0
Y2_R049_C05_S06,Y2_boolean_variation,Y2,( ((9 % 89) = 10) IS not false ),( ((9 % 89) = 10) IS not false ),arithmetic_expression,0,0.85,1.0,0.8,0.0,T0_generated_candidate,slot_sanity_or_static_issue,LLM_review_or_future_special_module,,,NONE_BASE,1,0,0
Y2_R049_C06_S01,Y2_boolean_variation,Y2,( case when ((52 % 35) = 17) then true else FALSE END ),( case when ((52 % 35) = 17) then true else FALSE END ),arithmetic_expression,0,0.85,1.0,0.8,0.0,T0_generated_candidate,slot_sanity_or_static_issue,LLM_review_or_future_special_module,,,NONE_BASE,1,0,0
Y2_R049_C06_S02,Y2_boolean_variation,Y2,CASE  WHEN  ((65  %  48)  =  17)  THEN  TRUE  ELSE  false  end,CASE WHEN ((65 % 48) = 17) THEN TRUE ELSE false end,arithmetic_expression,0,0.85,1.0,0.8,0.0,T0_generated_candidate,slot_sanity_or_static_issue,LLM_review_or_future_special_module,,,NONE_BASE,1,0,0
Y2_R049_C06_S03,Y2_boolean_variation,Y2,( case when ((78 % 61) = 17) then true else FALSE END ),( case when ((78 % 61) = 17) then true else FALSE END ),arithmetic_expression,0,0.85,1.0,0.8,0.0,T0_generated_candidate,slot_sanity_or_static_issue,LLM_review_or_future_special_module,,,NONE_BASE,1,0,0
Y2_R049_C06_S04,Y2_boolean_variation,Y2,CASE WHEN ((91 % 74) = 18) THEN TRUE ELSE false end,CASE WHEN ((91 % 74) = 18) THEN TRUE ELSE false end,arithmetic_expression,0,0.85,1.0,0.8,0.0,T0_generated_candidate,slot_sanity_or_static_issue,LLM_review_or_future_special_module,,,NONE_BASE,1,0,0
Y2_R049_C06_S05,Y2_boolean_variation,Y2,(  case  when  ((7  %  87)  =  8)  then  true  else  FALSE  END  ),( case when ((7 % 87) = 8) then true else FALSE END ),arithmetic_expression,0,0.85,1.0,0.8,0.0,T0_generated_candidate,slot_sanity_or_static_issue,LLM_review_or_future_special_module,,,NONE_BASE,1,0,0
Y2_R049_C06_S06,Y2_boolean_variation,Y2,CASE WHEN ((20 % 3) = 3) THEN TRUE ELSE false end,CASE WHEN ((20 % 3) = 3) THEN TRUE ELSE false end,arithmetic_expression,0,0.85,1.0,0.8,0.0,T0_generated_candidate,slot_sanity_or_static_issue,LLM_review_or_future_special_module,,,NONE_BASE,1,0,0
Y2_R049_C07_S01,Y2_boolean_variation,Y2,((63 % 46) = 17) AND (97 = 97),((63 % 46) = 17) AND (97 = 97),arithmetic_expression,0,0.85,1.0,0.8,0.0,T0_generated_candidate,slot_sanity_or_static_issue,LLM_review_or_future_special_module,,,NONE_BASE,1,0,1
Y2_R049_C07_S02,Y2_boolean_variation,Y2,(  ((76  %  59)  =  17)  and  (13  =  13)  ),( ((76 % 59) = 17) and (13 = 13) ),arithmetic_expression,0,0.85,1.0,0.8,0.0,T0_generated_candidate,slot_sanity_or_static_issue,LLM_review_or_future_special_module,,,NONE_BASE,1,0,0
Y2_R049_C07_S03,Y2_boolean_variation,Y2,((89 % 72) = 17) AND (26 = 26),((89 % 72) = 17) AND (26 = 26),arithmetic_expression,0,0.85,1.0,0.8,0.0,T0_generated_candidate,slot_sanity_or_static_issue,LLM_review_or_future_special_module,,,NONE_BASE,1,0,1
Y2_R049_C07_S04,Y2_boolean_variation,Y2,( ((5 % 85) = 6) and (39 = 39) ),( ((5 % 85) = 6) and (39 = 39) ),arithmetic_expression,0,0.85,1.0,0.8,0.0,T0_generated_candidate,slot_sanity_or_static_issue,LLM_review_or_future_special_module,,,NONE_BASE,1,0,0
Y2_R049_C07_S05,Y2_boolean_variation,Y2,((18  %  1)  =  1)  AND  (52  =  52),((18 % 1) = 1) AND (52 = 52),arithmetic_expression,0,0.85,1.0,0.8,0.0,T0_generated_candidate,slot_sanity_or_static_issue,LLM_review_or_future_special_module,,,NONE_BASE,1,0,1
Y2_R049_C07_S06,Y2_boolean_variation,Y2,( ((31 % 14) = 4) and (65 = 65) ),( ((31 % 14) = 4) and (65 = 65) ),arithmetic_expression,0,0.85,1.0,0.8,0.0,T0_generated_candidate,slot_sanity_or_static_issue,LLM_review_or_future_special_module,,,NONE_BASE,1,0,0
Y2_R049_C08_S01,Y2_boolean_variation,Y2,( ((74 % 57) = 17) or (28 <> 28) ),( ((74 % 57) = 17) or (28 <> 28) ),arithmetic_expression,0,0.85,1.0,0.8,0.0,T0_generated_candidate,slot_sanity_or_static_issue,LLM_review_or_future_special_module,,,NONE_BASE,1,0,0
Y2_R049_C08_S02,Y2_boolean_variation,Y2,((87  %  70)  =  17)  OR  (41  <>  41),((87 % 70) = 17) OR (41 <> 41),arithmetic_expression,0,0.85,1.0,0.8,0.0,T0_generated_candidate,slot_sanity_or_static_issue,LLM_review_or_future_special_module,,,NONE_BASE,1,0,1
Y2_R049_C08_S03,Y2_boolean_variation,Y2,( ((3 % 83) = 3) or (54 <> 54) ),( ((3 % 83) = 3) or (54 <> 54) ),arithmetic_expression,0,0.85,1.0,0.8,0.0,T0_generated_candidate,slot_sanity_or_static_issue,LLM_review_or_future_special_module,,,NONE_BASE,1,0,0
Y2_R049_C08_S04,Y2_boolean_variation,Y2,((16 % 96) = 17) OR (67 <> 67),((16 % 96) = 17) OR (67 <> 67),arithmetic_expression,0,0.85,1.0,0.8,0.0,T0_generated_candidate,slot_sanity_or_static_issue,LLM_review_or_future_special_module,,,NONE_BASE,1,0,1
Y2_R049_C08_S05,Y2_boolean_variation,Y2,(  ((29  %  12)  =  6)  or  (80  <>  80)  ),( ((29 % 12) = 6) or (80 <> 80) ),arithmetic_expression,0,0.85,1.0,0.8,0.0,T0_generated_candidate,slot_sanity_or_static_issue,LLM_review_or_future_special_module,,,NONE_BASE,1,0,0
Y2_R049_C08_S06,Y2_boolean_variation,Y2,((42 % 25) = 18) OR (93 <> 93),((42 % 25) = 18) OR (93 <> 93),arithmetic_expression,0,0.85,1.0,0.8,0.0,T0_generated_candidate,slot_sanity_or_static_issue,LLM_review_or_future_special_module,,,NONE_BASE,1,0,1
Y2_R049_C09_S01,Y2_boolean_variation,Y2,(((85 % 68) = 17) = true),(((85 % 68) = 17) = true),arithmetic_expression,0,0.85,1.0,0.8,0.0,T0_generated_candidate,slot_sanity_or_static_issue,LLM_review_or_future_special_module,,,NONE_BASE,1,0,0
Y2_R049_C09_S02,Y2_boolean_variation,Y2,(  (((1  %  81)  =  1)  =  TRUE)  ),( (((1 % 81) = 1) = TRUE) ),arithmetic_expression,0,0.85,1.0,0.8,0.0,T0_generated_candidate,slot_sanity_or_static_issue,LLM_review_or_future_special_module,,,NONE_BASE,1,0,1
Y2_R049_C09_S03,Y2_boolean_variation,Y2,(((14 % 94) = 14) = true),(((14 % 94) = 14) = true),arithmetic_expression,0,0.85,1.0,0.8,0.0,T0_generated_candidate,slot_sanity_or_static_issue,LLM_review_or_future_special_module,,,NONE_BASE,1,0,0
Y2_R049_C09_S04,Y2_boolean_variation,Y2,( (((27 % 10) = 8) = TRUE) ),( (((27 % 10) = 8) = TRUE) ),arithmetic_expression,0,0.85,1.0,0.8,0.0,T0_generated_candidate,slot_sanity_or_static_issue,LLM_review_or_future_special_module,,,NONE_BASE,1,0,1
Y2_R049_C09_S05,Y2_boolean_variation,Y2,(((40  %  23)  =  18)  =  true),(((40 % 23) = 18) = true),arithmetic_expression,0,0.85,1.0,0.8,0.0,T0_generated_candidate,slot_sanity_or_static_issue,LLM_review_or_future_special_module,,,NONE_BASE,1,0,0
Y2_R049_C09_S06,Y2_boolean_variation,Y2,( (((53 % 36) = 18) = TRUE) ),( (((53 % 36) = 18) = TRUE) ),arithmetic_expression,0,0.85,1.0,0.8,0.0,T0_generated_candidate,slot_sanity_or_static_issue,LLM_review_or_future_special_module,,,NONE_BASE,1,0,1
Y2_R049_C10_S01,Y2_boolean_variation,Y2,"( coalesce(((96 % 79) = 17), FALSE) )","( coalesce(((96 % 79) = 17), FALSE) )",arithmetic_expression,0,0.85,1.0,0.8,0.0,T0_generated_candidate,slot_sanity_or_static_issue,LLM_review_or_future_special_module,,,NONE_BASE,1,0,0
Y2_R049_C10_S02,Y2_boolean_variation,Y2,"COALESCE(((12  %  92)  =  12),  false)","COALESCE(((12 % 92) = 12), false)",arithmetic_expression,0,0.85,1.0,0.8,0.0,T0_generated_candidate,slot_sanity_or_static_issue,LLM_review_or_future_special_module,,,NONE_BASE,1,0,0
Y2_R049_C10_S03,Y2_boolean_variation,Y2,"( coalesce(((25 % 8) = 1), FALSE) )","( coalesce(((25 % 8) = 1), FALSE) )",arithmetic_expression,0,0.85,1.0,0.8,0.0,T0_generated_candidate,slot_sanity_or_static_issue,LLM_review_or_future_special_module,,,NONE_BASE,1,0,0
Y2_R049_C10_S04,Y2_boolean_variation,Y2,"COALESCE(((38 % 21) = 18), false)","COALESCE(((38 % 21) = 18), false)",arithmetic_expression,0,0.85,1.0,0.8,0.0,T0_generated_candidate,slot_sanity_or_static_issue,LLM_review_or_future_special_module,,,NONE_BASE,1,0,0
Y2_R049_C10_S05,Y2_boolean_variation,Y2,"(  coalesce(((51  %  34)  =  18),  FALSE)  )","( coalesce(((51 % 34) = 18), FALSE) )",arithmetic_expression,0,0.85,1.0,0.8,0.0,T0_generated_candidate,slot_sanity_or_static_issue,LLM_review_or_future_special_module,,,NONE_BASE,1,0,0
Y2_R049_C10_S06,Y2_boolean_variation,Y2,"COALESCE(((64 % 47) = 18), false)","COALESCE(((64 % 47) = 18), false)",arithmetic_expression,0,0.85,1.0,0.8,0.0,T0_generated_candidate,slot_sanity_or_static_issue,LLM_review_or_future_special_module,,,NONE_BASE,1,0,0
Y2_R086_C01_S01,Y2_boolean_variation,Y2,(  uuid  '00000000-0000-0000-0000-000000003195'  =  uuid  '00000000-0000-0000-0000-000000003195'  ),( uuid '00000000-0000-0000-0000-000000003195' = uuid '00000000-0000-0000-0000-000000003195' ),uuid_predicate,1,0.9,0.0,1.0,0.0,T1_static_validated,slot_sanity_or_static_issue,LLM_review_or_future_special_module,,,NONE_BASE,1,1,1
Y2_R086_C01_S02,Y2_boolean_variation,Y2,uuid '00000000-0000-0000-0000-000000003208' = uuid '00000000-0000-0000-0000-000000003208',uuid '00000000-0000-0000-0000-000000003208' = uuid '00000000-0000-0000-0000-000000003208',uuid_predicate,1,0.9,0.0,1.0,0.0,T1_static_validated,slot_sanity_or_static_issue,LLM_review_or_future_special_module,,,NONE_BASE,1,1,1
Y2_R086_C01_S03,Y2_boolean_variation,Y2,( uuid '00000000-0000-0000-0000-000000003221' = uuid '00000000-0000-0000-0000-000000003221' ),( uuid '00000000-0000-0000-0000-000000003221' = uuid '00000000-0000-0000-0000-000000003221' ),uuid_predicate,1,0.9,0.0,1.0,0.0,T1_static_validated,slot_sanity_or_static_issue,LLM_review_or_future_special_module,,,NONE_BASE,1,1,1
Y2_R086_C01_S04,Y2_boolean_variation,Y2,uuid  '00000000-0000-0000-0000-000000003234'  =  uuid  '00000000-0000-0000-0000-000000003241',uuid '00000000-0000-0000-0000-000000003234' = uuid '00000000-0000-0000-0000-000000003241',uuid_predicate,1,0.9,0.0,1.0,0.0,T1_static_validated,slot_sanity_or_static_issue,LLM_review_or_future_special_module,,,NONE_BASE,1,1,1
Y2_R086_C01_S05,Y2_boolean_variation,Y2,( uuid '00000000-0000-0000-0000-000000003247' = uuid '00000000-0000-0000-0000-000000003254' ),( uuid '00000000-0000-0000-0000-000000003247' = uuid '00000000-0000-0000-0000-000000003254' ),uuid_predicate,1,0.9,0.0,1.0,0.0,T1_static_validated,slot_sanity_or_static_issue,LLM_review_or_future_special_module,,,NONE_BASE,1,1,1
Y2_R086_C01_S06,Y2_boolean_variation,Y2,uuid '00000000-0000-0000-0000-000000003260' = uuid '00000000-0000-0000-0000-000000003267',uuid '00000000-0000-0000-0000-000000003260' = uuid '00000000-0000-0000-0000-000000003267',uuid_predicate,1,0.9,0.0,1.0,0.0,T1_static_validated,slot_sanity_or_static_issue,LLM_review_or_future_special_module,,,NONE_BASE,1,1,1
Y2_R086_C02_S01,Y2_boolean_variation,Y2,(uuid  '00000000-0000-0000-0000-000000003195'  =  uuid  '00000000-0000-0000-0000-000000003195'),(uuid '00000000-0000-0000-0000-000000003195' = uuid '00000000-0000-0000-0000-000000003195'),uuid_predicate,1,0.9,0.0,1.0,0.0,T1_static_validated,slot_sanity_or_static_issue,LLM_review_or_future_special_module,,,NONE_BASE,1,1,1
Y2_R086_C02_S02,Y2_boolean_variation,Y2,( (uuid '00000000-0000-0000-0000-000000003208' = uuid '00000000-0000-0000-0000-000000003208') ),( (uuid '00000000-0000-0000-0000-000000003208' = uuid '00000000-0000-0000-0000-000000003208') ),uuid_predicate,1,0.9,0.0,1.0,0.0,T1_static_validated,slot_sanity_or_static_issue,LLM_review_or_future_special_module,,,NONE_BASE,1,1,1
Y2_R086_C02_S03,Y2_boolean_variation,Y2,(uuid '00000000-0000-0000-0000-000000003221' = uuid '00000000-0000-0000-0000-000000003221'),(uuid '00000000-0000-0000-0000-000000003221' = uuid '00000000-0000-0000-0000-000000003221'),uuid_predicate,1,0.9,0.0,1.0,0.0,T1_static_validated,slot_sanity_or_static_issue,LLM_review_or_future_special_module,,,NONE_BASE,1,1,1
Y2_R086_C02_S04,Y2_boolean_variation,Y2,(  (uuid  '00000000-0000-0000-0000-000000003234'  =  uuid  '00000000-0000-0000-0000-000000003241')  ),( (uuid '00000000-0000-0000-0000-000000003234' = uuid '00000000-0000-0000-0000-000000003241') ),uuid_predicate,1,0.9,0.0,1.0,0.0,T1_static_validated,slot_sanity_or_static_issue,LLM_review_or_future_special_module,,,NONE_BASE,1,1,1
Y2_R086_C02_S05,Y2_boolean_variation,Y2,(uuid '00000000-0000-0000-0000-000000003247' = uuid '00000000-0000-0000-0000-000000003254'),(uuid '00000000-0000-0000-0000-000000003247' = uuid '00000000-0000-0000-0000-000000003254'),uuid_predicate,1,0.9,0.0,1.0,0.0,T1_static_validated,slot_sanity_or_static_issue,LLM_review_or_future_special_module,,,NONE_BASE,1,1,1
Y2_R086_C02_S06,Y2_boolean_variation,Y2,( (uuid '00000000-0000-0000-0000-000000003260' = uuid '00000000-0000-0000-0000-000000003267') ),( (uuid '00000000-0000-0000-0000-000000003260' = uuid '00000000-0000-0000-0000-000000003267') ),uuid_predicate,1,0.9,0.0,1.0,0.0,T1_static_validated,slot_sanity_or_static_issue,LLM_review_or_future_special_module,,,NONE_BASE,1,1,1
Y2_R086_C03_S01,Y2_boolean_variation,Y2,(  not  (uuid  '00000000-0000-0000-0000-000000003195'  =  uuid  '00000000-0000-0000-0000-000000003202')  ),( not (uuid '00000000-0000-0000-0000-000000003195' = uuid '00000000-0000-0000-0000-000000003202') ),uuid_predicate,1,0.9,0.0,1.0,0.0,T1_static_validated,slot_sanity_or_static_issue,LLM_review_or_future_special_module,,,NONE_BASE,1,1,0
Y2_R086_C03_S02,Y2_boolean_variation,Y2,NOT (uuid '00000000-0000-0000-0000-000000003208' = uuid '00000000-0000-0000-0000-000000003215'),NOT (uuid '00000000-0000-0000-0000-000000003208' = uuid '00000000-0000-0000-0000-000000003215'),uuid_predicate,1,0.9,0.0,1.0,0.0,T1_static_validated,slot_sanity_or_static_issue,LLM_review_or_future_special_module,,,NONE_BASE,1,1,1
Y2_R086_C03_S03,Y2_boolean_variation,Y2,( not (uuid '00000000-0000-0000-0000-000000003221' = uuid '00000000-0000-0000-0000-000000003228') ),( not (uuid '00000000-0000-0000-0000-000000003221' = uuid '00000000-0000-0000-0000-000000003228') ),uuid_predicate,1,0.9,0.0,1.0,0.0,T1_static_validated,slot_sanity_or_static_issue,LLM_review_or_future_special_module,,,NONE_BASE,1,1,0
Y2_R086_C03_S04,Y2_boolean_variation,Y2,NOT  (uuid  '00000000-0000-0000-0000-000000003234'  =  uuid  '00000000-0000-0000-0000-000000003234'),NOT (uuid '00000000-0000-0000-0000-000000003234' = uuid '00000000-0000-0000-0000-000000003234'),uuid_predicate,1,0.9,0.0,1.0,0.0,T1_static_validated,slot_sanity_or_static_issue,LLM_review_or_future_special_module,,,NONE_BASE,1,1,1
Y2_R086_C03_S05,Y2_boolean_variation,Y2,( not (uuid '00000000-0000-0000-0000-000000003247' = uuid '00000000-0000-0000-0000-000000003247') ),( not (uuid '00000000-0000-0000-0000-000000003247' = uuid '00000000-0000-0000-0000-000000003247') ),uuid_predicate,1,0.9,0.0,1.0,0.0,T1_static_validated,slot_sanity_or_static_issue,LLM_review_or_future_special_module,,,NONE_BASE,1,1,0
Y2_R086_C03_S06,Y2_boolean_variation,Y2,NOT (uuid '00000000-0000-0000-0000-000000003260' = uuid '00000000-0000-0000-0000-000000003260'),NOT (uuid '00000000-0000-0000-0000-000000003260' = uuid '00000000-0000-0000-0000-000000003260'),uuid_predicate,1,0.9,0.0,1.0,0.0,T1_static_validated,slot_sanity_or_static_issue,LLM_review_or_future_special_module,,,NONE_BASE,1,1,1
Y2_R086_C04_S01,Y2_boolean_variation,Y2,(uuid  '00000000-0000-0000-0000-000000003195'  =  uuid  '00000000-0000-0000-0000-000000003195')  IS  TRUE,(uuid '00000000-0000-0000-0000-000000003195' = uuid '00000000-0000-0000-0000-000000003195') IS TRUE,uuid_predicate,1,0.9,0.0,1.0,0.0,T1_static_validated,slot_sanity_or_static_issue,LLM_review_or_future_special_module,,,NONE_BASE,1,1,1
Y2_R086_C04_S02,Y2_boolean_variation,Y2,( (uuid '00000000-0000-0000-0000-000000003208' = uuid '00000000-0000-0000-0000-000000003208') is true ),( (uuid '00000000-0000-0000-0000-000000003208' = uuid '00000000-0000-0000-0000-000000003208') is true ),uuid_predicate,1,0.9,0.0,1.0,0.0,T1_static_validated,slot_sanity_or_static_issue,LLM_review_or_future_special_module,,,NONE_BASE,1,1,0
Y2_R086_C04_S03,Y2_boolean_variation,Y2,(uuid '00000000-0000-0000-0000-000000003221' = uuid '00000000-0000-0000-0000-000000003221') IS TRUE,(uuid '00000000-0000-0000-0000-000000003221' = uuid '00000000-0000-0000-0000-000000003221') IS TRUE,uuid_predicate,1,0.9,0.0,1.0,0.0,T1_static_validated,slot_sanity_or_static_issue,LLM_review_or_future_special_module,,,NONE_BASE,1,1,1
Y2_R086_C04_S04,Y2_boolean_variation,Y2,(  (uuid  '00000000-0000-0000-0000-000000003234'  =  uuid  '00000000-0000-0000-0000-000000003241')  is  true  ),( (uuid '00000000-0000-0000-0000-000000003234' = uuid '00000000-0000-0000-0000-000000003241') is true ),uuid_predicate,1,0.9,0.0,1.0,0.0,T1_static_validated,slot_sanity_or_static_issue,LLM_review_or_future_special_module,,,NONE_BASE,1,1,0
Y2_R086_C04_S05,Y2_boolean_variation,Y2,(uuid '00000000-0000-0000-0000-000000003247' = uuid '00000000-0000-0000-0000-000000003254') IS TRUE,(uuid '00000000-0000-0000-0000-000000003247' = uuid '00000000-0000-0000-0000-000000003254') IS TRUE,uuid_predicate,1,0.9,0.0,1.0,0.0,T1_static_validated,slot_sanity_or_static_issue,LLM_review_or_future_special_module,,,NONE_BASE,1,1,1
Y2_R086_C04_S06,Y2_boolean_variation,Y2,( (uuid '00000000-0000-0000-0000-000000003260' = uuid '00000000-0000-0000-0000-000000003267') is true ),( (uuid '00000000-0000-0000-0000-000000003260' = uuid '00000000-0000-0000-0000-000000003267') is true ),uuid_predicate,1,0.9,0.0,1.0,0.0,T1_static_validated,slot_sanity_or_static_issue,LLM_review_or_future_special_module,,,NONE_BASE,1,1,0
Y2_R086_C05_S01,Y2_boolean_variation,Y2,(  (uuid  '00000000-0000-0000-0000-000000003195'  =  uuid  '00000000-0000-0000-0000-000000003195')  IS  not  false  ),( (uuid '00000000-0000-0000-0000-000000003195' = uuid '00000000-0000-0000-0000-000000003195') IS not false ),uuid_predicate,1,0.9,0.0,1.0,0.0,T1_static_validated,slot_sanity_or_static_issue,LLM_review_or_future_special_module,,,NONE_BASE,1,1,0
Y2_R086_C05_S02,Y2_boolean_variation,Y2,(uuid '00000000-0000-0000-0000-000000003208' = uuid '00000000-0000-0000-0000-000000003208') is NOT FALSE,(uuid '00000000-0000-0000-0000-000000003208' = uuid '00000000-0000-0000-0000-000000003208') is NOT FALSE,uuid_predicate,1,0.9,0.0,1.0,0.0,T1_static_validated,slot_sanity_or_static_issue,LLM_review_or_future_special_module,,,NONE_BASE,1,1,0
Y2_R086_C05_S03,Y2_boolean_variation,Y2,( (uuid '00000000-0000-0000-0000-000000003221' = uuid '00000000-0000-0000-0000-000000003221') IS not false ),( (uuid '00000000-0000-0000-0000-000000003221' = uuid '00000000-0000-0000-0000-000000003221') IS not false ),uuid_predicate,1,0.9,0.0,1.0,0.0,T1_static_validated,slot_sanity_or_static_issue,LLM_review_or_future_special_module,,,NONE_BASE,1,1,0
Y2_R086_C05_S04,Y2_boolean_variation,Y2,(uuid  '00000000-0000-0000-0000-000000003234'  =  uuid  '00000000-0000-0000-0000-000000003241')  is  NOT  FALSE,(uuid '00000000-0000-0000-0000-000000003234' = uuid '00000000-0000-0000-0000-000000003241') is NOT FALSE,uuid_predicate,1,0.9,0.0,1.0,0.0,T1_static_validated,slot_sanity_or_static_issue,LLM_review_or_future_special_module,,,NONE_BASE,1,1,0
Y2_R086_C05_S05,Y2_boolean_variation,Y2,( (uuid '00000000-0000-0000-0000-000000003247' = uuid '00000000-0000-0000-0000-000000003254') IS not false ),( (uuid '00000000-0000-0000-0000-000000003247' = uuid '00000000-0000-0000-0000-000000003254') IS not false ),uuid_predicate,1,0.9,0.0,1.0,0.0,T1_static_validated,slot_sanity_or_static_issue,LLM_review_or_future_special_module,,,NONE_BASE,1,1,0
Y2_R086_C05_S06,Y2_boolean_variation,Y2,(uuid '00000000-0000-0000-0000-000000003260' = uuid '00000000-0000-0000-0000-000000003267') is NOT FALSE,(uuid '00000000-0000-0000-0000-000000003260' = uuid '00000000-0000-0000-0000-000000003267') is NOT FALSE,uuid_predicate,1,0.9,0.0,1.0,0.0,T1_static_validated,slot_sanity_or_static_issue,LLM_review_or_future_special_module,,,NONE_BASE,1,1,0
Y2_R086_C06_S01,Y2_boolean_variation,Y2,CASE  WHEN  (uuid  '00000000-0000-0000-0000-000000003195'  =  uuid  '00000000-0000-0000-0000-000000003195')  THEN  TRUE  ELSE  false  end,CASE WHEN (uuid '00000000-0000-0000-0000-000000003195' = uuid '00000000-0000-0000-0000-000000003195') THEN TRUE ELSE false end,uuid_predicate,1,0.9,0.0,1.0,0.0,T1_static_validated,slot_sanity_or_static_issue,LLM_review_or_future_special_module,,,NONE_BASE,1,1,0
Y2_R086_C06_S02,Y2_boolean_variation,Y2,( case when (uuid '00000000-0000-0000-0000-000000003208' = uuid '00000000-0000-0000-0000-000000003208') then true else FALSE END ),( case when (uuid '00000000-0000-0000-0000-000000003208' = uuid '00000000-0000-0000-0000-000000003208') then true else FALSE END ),uuid_predicate,1,0.9,0.0,1.0,0.0,T1_static_validated,slot_sanity_or_static_issue,LLM_review_or_future_special_module,,,NONE_BASE,1,1,0
Y2_R086_C06_S03,Y2_boolean_variation,Y2,CASE WHEN (uuid '00000000-0000-0000-0000-000000003221' = uuid '00000000-0000-0000-0000-000000003221') THEN TRUE ELSE false end,CASE WHEN (uuid '00000000-0000-0000-0000-000000003221' = uuid '00000000-0000-0000-0000-000000003221') THEN TRUE ELSE false end,uuid_predicate,1,0.9,0.0,1.0,0.0,T1_static_validated,slot_sanity_or_static_issue,LLM_review_or_future_special_module,,,NONE_BASE,1,1,0
Y2_R086_C06_S04,Y2_boolean_variation,Y2,(  case  when  (uuid  '00000000-0000-0000-0000-000000003234'  =  uuid  '00000000-0000-0000-0000-000000003241')  then  true  else  FALSE  END  ),( case when (uuid '00000000-0000-0000-0000-000000003234' = uuid '00000000-0000-0000-0000-000000003241') then true else FALSE END ),uuid_predicate,1,0.9,0.0,1.0,0.0,T1_static_validated,slot_sanity_or_static_issue,LLM_review_or_future_special_module,,,NONE_BASE,1,1,0
Y2_R086_C06_S05,Y2_boolean_variation,Y2,CASE WHEN (uuid '00000000-0000-0000-0000-000000003247' = uuid '00000000-0000-0000-0000-000000003254') THEN TRUE ELSE false end,CASE WHEN (uuid '00000000-0000-0000-0000-000000003247' = uuid '00000000-0000-0000-0000-000000003254') THEN TRUE ELSE false end,uuid_predicate,1,0.9,0.0,1.0,0.0,T1_static_validated,slot_sanity_or_static_issue,LLM_review_or_future_special_module,,,NONE_BASE,1,1,0
Y2_R086_C06_S06,Y2_boolean_variation,Y2,( case when (uuid '00000000-0000-0000-0000-000000003260' = uuid '00000000-0000-0000-0000-000000003267') then true else FALSE END ),( case when (uuid '00000000-0000-0000-0000-000000003260' = uuid '00000000-0000-0000-0000-000000003267') then true else FALSE END ),uuid_predicate,1,0.9,0.0,1.0,0.0,T1_static_validated,slot_sanity_or_static_issue,LLM_review_or_future_special_module,,,NONE_BASE,1,1,0
Y2_R086_C07_S01,Y2_boolean_variation,Y2,(  (uuid  '00000000-0000-0000-0000-000000003195'  =  uuid  '00000000-0000-0000-0000-000000003195')  and  (65  =  65)  ),( (uuid '00000000-0000-0000-0000-000000003195' = uuid '00000000-0000-0000-0000-000000003195') and (65 = 65) ),uuid_predicate,1,0.9,0.0,1.0,0.0,T1_static_validated,slot_sanity_or_static_issue,LLM_review_or_future_special_module,,,NONE_BASE,1,1,0
Y2_R086_C07_S02,Y2_boolean_variation,Y2,(uuid '00000000-0000-0000-0000-000000003208' = uuid '00000000-0000-0000-0000-000000003208') AND (78 = 78),(uuid '00000000-0000-0000-0000-000000003208' = uuid '00000000-0000-0000-0000-000000003208') AND (78 = 78),uuid_predicate,1,0.9,0.0,1.0,0.0,T1_static_validated,slot_sanity_or_static_issue,LLM_review_or_future_special_module,,,NONE_BASE,1,1,1
Y2_R086_C07_S03,Y2_boolean_variation,Y2,( (uuid '00000000-0000-0000-0000-000000003221' = uuid '00000000-0000-0000-0000-000000003221') and (91 = 91) ),( (uuid '00000000-0000-0000-0000-000000003221' = uuid '00000000-0000-0000-0000-000000003221') and (91 = 91) ),uuid_predicate,1,0.9,0.0,1.0,0.0,T1_static_validated,slot_sanity_or_static_issue,LLM_review_or_future_special_module,,,NONE_BASE,1,1,0
Y2_R086_C07_S04,Y2_boolean_variation,Y2,(uuid  '00000000-0000-0000-0000-000000003234'  =  uuid  '00000000-0000-0000-0000-000000003241')  AND  (7  =  7),(uuid '00000000-0000-0000-0000-000000003234' = uuid '00000000-0000-0000-0000-000000003241') AND (7 = 7),uuid_predicate,1,0.9,0.0,1.0,0.0,T1_static_validated,slot_sanity_or_static_issue,LLM_review_or_future_special_module,,,NONE_BASE,1,1,1
Y2_R086_C07_S05,Y2_boolean_variation,Y2,( (uuid '00000000-0000-0000-0000-000000003247' = uuid '00000000-0000-0000-0000-000000003254') and (20 = 20) ),( (uuid '00000000-0000-0000-0000-000000003247' = uuid '00000000-0000-0000-0000-000000003254') and (20 = 20) ),uuid_predicate,1,0.9,0.0,1.0,0.0,T1_static_validated,slot_sanity_or_static_issue,LLM_review_or_future_special_module,,,NONE_BASE,1,1,0
Y2_R086_C07_S06,Y2_boolean_variation,Y2,(uuid '00000000-0000-0000-0000-000000003260' = uuid '00000000-0000-0000-0000-000000003267') AND (33 = 33),(uuid '00000000-0000-0000-0000-000000003260' = uuid '00000000-0000-0000-0000-000000003267') AND (33 = 33),uuid_predicate,1,0.9,0.0,1.0,0.0,T1_static_validated,slot_sanity_or_static_issue,LLM_review_or_future_special_module,,,NONE_BASE,1,1,1
Y2_R086_C08_S01,Y2_boolean_variation,Y2,(uuid  '00000000-0000-0000-0000-000000003195'  =  uuid  '00000000-0000-0000-0000-000000003195')  OR  (93  <>  93),(uuid '00000000-0000-0000-0000-000000003195' = uuid '00000000-0000-0000-0000-000000003195') OR (93 <> 93),uuid_predicate,1,0.9,0.0,1.0,0.0,T1_static_validated,slot_sanity_or_static_issue,LLM_review_or_future_special_module,,,NONE_BASE,1,1,1
Y2_R086_C08_S02,Y2_boolean_variation,Y2,( (uuid '00000000-0000-0000-0000-000000003208' = uuid '00000000-0000-0000-0000-000000003208') or (9 <> 9) ),( (uuid '00000000-0000-0000-0000-000000003208' = uuid '00000000-0000-0000-0000-000000003208') or (9 <> 9) ),uuid_predicate,1,0.9,0.0,1.0,0.0,T1_static_validated,slot_sanity_or_static_issue,LLM_review_or_future_special_module,,,NONE_BASE,1,1,0
Y3_R001_C01_S01,Y3_encoded_boolean,Y3,32%20%3D%2032,32 = 32,comparison_numeric,1,1.0,1.0,1.0,0.0,T1_static_validated,representation_case,LLM_review_or_future_special_module,Y1_R001_C01_S01,Y1_basic_boolean,T_Y3_URL_FULL,1,1,1
Y3_R001_C01_S02,Y3_encoded_boolean,Y3,45%20=%2045,45 = 45,comparison_numeric,1,1.0,1.0,1.0,0.0,T1_static_validated,representation_case,LLM_review_or_future_special_module,Y2_R001_C01_S02,Y2_boolean_variation,T_Y3_URL_PARTIAL,1,1,1
Y3_R001_C01_S03,Y3_encoded_boolean,Y3,58%20%3D%2058,58 = 58,comparison_numeric,1,1.0,1.0,1.0,0.0,T1_static_validated,representation_case,LLM_review_or_future_special_module,Y1_R001_C01_S03,Y1_basic_boolean,T_Y3_OPERATOR_QUOTE_PERCENT,1,1,1
Y3_R001_C01_S04,Y3_encoded_boolean,Y3,71%20%3D%2088,71 = 88,comparison_numeric,1,1.0,1.0,1.0,0.0,T1_static_validated,representation_case,LLM_review_or_future_special_module,Y1_R001_C01_S04,Y1_basic_boolean,T_Y3_URL_FULL,1,1,1
Y3_R001_C01_S05,Y3_encoded_boolean,Y3,84%20=%204,84 = 4,comparison_numeric,1,1.0,1.0,1.0,0.0,T1_static_validated,representation_case,LLM_review_or_future_special_module,Y2_R001_C01_S05,Y2_boolean_variation,T_Y3_URL_PARTIAL,1,1,1
Y3_R001_C01_S06,Y3_encoded_boolean,Y3,97%20%3D%2017,97 = 17,comparison_numeric,1,1.0,1.0,1.0,0.0,T1_static_validated,representation_case,LLM_review_or_future_special_module,Y1_R001_C01_S06,Y1_basic_boolean,T_Y3_OPERATOR_QUOTE_PERCENT,1,1,1
Y3_R001_C02_S01,Y3_encoded_boolean,Y3,%2843%20=%2043%29,(43 = 43),comparison_numeric,1,1.0,1.0,1.0,0.0,T1_static_validated,representation_case,LLM_review_or_future_special_module,Y2_R001_C02_S01,Y2_boolean_variation,T_Y3_URL_PARTIAL,1,1,1
Y3_R001_C02_S02,Y3_encoded_boolean,Y3,(56%20%3D%2056),(56 = 56),comparison_numeric,1,1.0,1.0,1.0,0.0,T1_static_validated,representation_case,LLM_review_or_future_special_module,Y1_R001_C02_S02,Y1_basic_boolean,T_Y3_OPERATOR_QUOTE_PERCENT,1,1,1
Y3_R001_C02_S03,Y3_encoded_boolean,Y3,%2869%20%3D%2069%29,(69 = 69),comparison_numeric,1,1.0,1.0,1.0,0.0,T1_static_validated,representation_case,LLM_review_or_future_special_module,Y1_R001_C02_S03,Y1_basic_boolean,T_Y3_URL_FULL,1,1,1
Y3_R001_C02_S04,Y3_encoded_boolean,Y3,%2882%20=%202%29,(82 = 2),comparison_numeric,1,1.0,1.0,1.0,0.0,T1_static_validated,representation_case,LLM_review_or_future_special_module,Y2_R001_C02_S04,Y2_boolean_variation,T_Y3_URL_PARTIAL,1,1,1
Y3_R001_C02_S05,Y3_encoded_boolean,Y3,(95%20%3D%2015),(95 = 15),comparison_numeric,1,1.0,1.0,1.0,0.0,T1_static_validated,representation_case,LLM_review_or_future_special_module,Y1_R001_C02_S05,Y1_basic_boolean,T_Y3_OPERATOR_QUOTE_PERCENT,1,1,1
Y3_R001_C02_S06,Y3_encoded_boolean,Y3,%2811%20%3D%2028%29,(11 = 28),comparison_numeric,1,1.0,1.0,1.0,0.0,T1_static_validated,representation_case,LLM_review_or_future_special_module,Y1_R001_C02_S06,Y1_basic_boolean,T_Y3_URL_FULL,1,1,1
Y3_R001_C03_S01,Y3_encoded_boolean,Y3,NOT%20(54%20%3D%2071),NOT (54 = 71),comparison_numeric,1,1.0,1.0,1.0,0.0,T1_static_validated,representation_case,LLM_review_or_future_special_module,Y1_R001_C03_S01,Y1_basic_boolean,T_Y3_OPERATOR_QUOTE_PERCENT,1,1,1
Y3_R001_C03_S02,Y3_encoded_boolean,Y3,NOT%20%2867%20%3D%2084%29,NOT (67 = 84),comparison_numeric,1,1.0,1.0,1.0,0.0,T1_static_validated,representation_case,LLM_review_or_future_special_module,Y1_R001_C03_S02,Y1_basic_boolean,T_Y3_URL_FULL,1,1,1
Y3_R001_C03_S03,Y3_encoded_boolean,Y3,NOT%20%2880%20=%2097%29,NOT (80 = 97),comparison_numeric,1,1.0,1.0,1.0,0.0,T1_static_validated,representation_case,LLM_review_or_future_special_module,Y2_R001_C03_S03,Y2_boolean_variation,T_Y3_URL_PARTIAL,1,1,1
Y3_R001_C03_S04,Y3_encoded_boolean,Y3,NOT%20(93%20%3D%2093),NOT (93 = 93),comparison_numeric,1,1.0,1.0,1.0,0.0,T1_static_validated,representation_case,LLM_review_or_future_special_module,Y1_R001_C03_S04,Y1_basic_boolean,T_Y3_OPERATOR_QUOTE_PERCENT,1,1,1
Y3_R001_C03_S05,Y3_encoded_boolean,Y3,NOT%20%289%20%3D%209%29,NOT (9 = 9),comparison_numeric,1,1.0,1.0,1.0,0.0,T1_static_validated,representation_case,LLM_review_or_future_special_module,Y1_R001_C03_S05,Y1_basic_boolean,T_Y3_URL_FULL,1,1,1
Y3_R001_C03_S06,Y3_encoded_boolean,Y3,NOT%20%2822%20=%2022%29,NOT (22 = 22),comparison_numeric,1,1.0,1.0,1.0,0.0,T1_static_validated,representation_case,LLM_review_or_future_special_module,Y2_R001_C03_S06,Y2_boolean_variation,T_Y3_URL_PARTIAL,1,1,1
Y3_R001_C04_S01,Y3_encoded_boolean,Y3,%2865%20%3D%2065%29%20IS%20TRUE,(65 = 65) IS TRUE,comparison_numeric,1,1.0,1.0,1.0,0.0,T1_static_validated,representation_case,LLM_review_or_future_special_module,Y1_R001_C04_S01,Y1_basic_boolean,T_Y3_URL_FULL,1,1,1
Y3_R001_C04_S02,Y3_encoded_boolean,Y3,%2878%20=%2078%29%20IS%20TRUE,(78 = 78) IS TRUE,comparison_numeric,1,1.0,1.0,1.0,0.0,T1_static_validated,representation_case,LLM_review_or_future_special_module,Y2_R001_C04_S02,Y2_boolean_variation,T_Y3_URL_PARTIAL,1,1,1
Y3_R001_C04_S03,Y3_encoded_boolean,Y3,(91%20%3D%2091)%20IS%20TRUE,(91 = 91) IS TRUE,comparison_numeric,1,1.0,1.0,1.0,0.0,T1_static_validated,representation_case,LLM_review_or_future_special_module,Y1_R001_C04_S03,Y1_basic_boolean,T_Y3_OPERATOR_QUOTE_PERCENT,1,1,1
Y3_R001_C04_S04,Y3_encoded_boolean,Y3,%287%20%3D%2024%29%20IS%20TRUE,(7 = 24) IS TRUE,comparison_numeric,1,1.0,1.0,1.0,0.0,T1_static_validated,representation_case,LLM_review_or_future_special_module,Y1_R001_C04_S04,Y1_basic_boolean,T_Y3_URL_FULL,1,1,1
Y3_R001_C04_S05,Y3_encoded_boolean,Y3,%2820%20=%2037%29%20IS%20TRUE,(20 = 37) IS TRUE,comparison_numeric,1,1.0,1.0,1.0,0.0,T1_static_validated,representation_case,LLM_review_or_future_special_module,Y2_R001_C04_S05,Y2_boolean_variation,T_Y3_URL_PARTIAL,1,1,1
Y3_R001_C04_S06,Y3_encoded_boolean,Y3,(33%20%3D%2050)%20IS%20TRUE,(33 = 50) IS TRUE,comparison_numeric,1,1.0,1.0,1.0,0.0,T1_static_validated,representation_case,LLM_review_or_future_special_module,Y1_R001_C04_S06,Y1_basic_boolean,T_Y3_OPERATOR_QUOTE_PERCENT,1,1,1
Y3_R001_C05_S01,Y3_encoded_boolean,Y3,%2876%20=%2076%29%20IS%20NOT%20FALSE,(76 = 76) IS NOT FALSE,comparison_numeric,1,1.0,1.0,1.0,0.0,T1_static_validated,representation_case,LLM_review_or_future_special_module,Y2_R001_C05_S01,Y2_boolean_variation,T_Y3_URL_PARTIAL,1,1,1
Y3_R001_C05_S02,Y3_encoded_boolean,Y3,(89%20%3D%2089)%20IS%20NOT%20FALSE,(89 = 89) IS NOT FALSE,comparison_numeric,1,1.0,1.0,1.0,0.0,T1_static_validated,representation_case,LLM_review_or_future_special_module,Y1_R001_C05_S02,Y1_basic_boolean,T_Y3_OPERATOR_QUOTE_PERCENT,1,1,1
Y3_R001_C05_S03,Y3_encoded_boolean,Y3,%285%20%3D%205%29%20IS%20NOT%20FALSE,(5 = 5) IS NOT FALSE,comparison_numeric,1,1.0,1.0,1.0,0.0,T1_static_validated,representation_case,LLM_review_or_future_special_module,Y1_R001_C05_S03,Y1_basic_boolean,T_Y3_URL_FULL,1,1,1
Y3_R001_C05_S04,Y3_encoded_boolean,Y3,%2818%20=%2035%29%20IS%20NOT%20FALSE,(18 = 35) IS NOT FALSE,comparison_numeric,1,1.0,1.0,1.0,0.0,T1_static_validated,representation_case,LLM_review_or_future_special_module,Y2_R001_C05_S04,Y2_boolean_variation,T_Y3_URL_PARTIAL,1,1,1
Y3_R001_C05_S05,Y3_encoded_boolean,Y3,(31%20%3D%2048)%20IS%20NOT%20FALSE,(31 = 48) IS NOT FALSE,comparison_numeric,1,1.0,1.0,1.0,0.0,T1_static_validated,representation_case,LLM_review_or_future_special_module,Y1_R001_C05_S05,Y1_basic_boolean,T_Y3_OPERATOR_QUOTE_PERCENT,1,1,1
Y3_R001_C05_S06,Y3_encoded_boolean,Y3,%2844%20%3D%2061%29%20IS%20NOT%20FALSE,(44 = 61) IS NOT FALSE,comparison_numeric,1,1.0,1.0,1.0,0.0,T1_static_validated,representation_case,LLM_review_or_future_special_module,Y1_R001_C05_S06,Y1_basic_boolean,T_Y3_URL_FULL,1,1,1
Y3_R001_C06_S01,Y3_encoded_boolean,Y3,CASE%20WHEN%20(87%20%3D%2087)%20THEN%20TRUE%20ELSE%20FALSE%20END,CASE WHEN (87 = 87) THEN TRUE ELSE FALSE END,comparison_numeric,1,1.0,1.0,1.0,0.0,T1_static_validated,representation_case,LLM_review_or_future_special_module,Y1_R001_C06_S01,Y1_basic_boolean,T_Y3_OPERATOR_QUOTE_PERCENT,1,1,1
Y3_R001_C06_S02,Y3_encoded_boolean,Y3,CASE%20WHEN%20%283%20%3D%203%29%20THEN%20TRUE%20ELSE%20FALSE%20END,CASE WHEN (3 = 3) THEN TRUE ELSE FALSE END,comparison_numeric,1,1.0,1.0,1.0,0.0,T1_static_validated,representation_case,LLM_review_or_future_special_module,Y1_R001_C06_S02,Y1_basic_boolean,T_Y3_URL_FULL,1,1,1
Y3_R001_C06_S03,Y3_encoded_boolean,Y3,CASE%20WHEN%20%2816%20=%2016%29%20THEN%20TRUE%20ELSE%20FALSE%20END,CASE WHEN (16 = 16) THEN TRUE ELSE FALSE END,comparison_numeric,1,1.0,1.0,1.0,0.0,T1_static_validated,representation_case,LLM_review_or_future_special_module,Y2_R001_C06_S03,Y2_boolean_variation,T_Y3_URL_PARTIAL,1,1,1
Y3_R001_C06_S04,Y3_encoded_boolean,Y3,CASE%20WHEN%20(29%20%3D%2046)%20THEN%20TRUE%20ELSE%20FALSE%20END,CASE WHEN (29 = 46) THEN TRUE ELSE FALSE END,comparison_numeric,1,1.0,1.0,1.0,0.0,T1_static_validated,representation_case,LLM_review_or_future_special_module,Y1_R001_C06_S04,Y1_basic_boolean,T_Y3_OPERATOR_QUOTE_PERCENT,1,1,1
Y3_R001_C06_S05,Y3_encoded_boolean,Y3,CASE%20WHEN%20%2842%20%3D%2059%29%20THEN%20TRUE%20ELSE%20FALSE%20END,CASE WHEN (42 = 59) THEN TRUE ELSE FALSE END,comparison_numeric,1,1.0,1.0,1.0,0.0,T1_static_validated,representation_case,LLM_review_or_future_special_module,Y1_R001_C06_S05,Y1_basic_boolean,T_Y3_URL_FULL,1,1,1
Y3_R001_C06_S06,Y3_encoded_boolean,Y3,CASE%20WHEN%20%2855%20=%2072%29%20THEN%20TRUE%20ELSE%20FALSE%20END,CASE WHEN (55 = 72) THEN TRUE ELSE FALSE END,comparison_numeric,1,1.0,1.0,1.0,0.0,T1_static_validated,representation_case,LLM_review_or_future_special_module,Y2_R001_C06_S06,Y2_boolean_variation,T_Y3_URL_PARTIAL,1,1,1
Y3_R001_C07_S01,Y3_encoded_boolean,Y3,%281%20%3D%201%29%20AND%20%2852%20%3D%2052%29,(1 = 1) AND (52 = 52),comparison_numeric,1,1.0,1.0,1.0,0.0,T1_static_validated,representation_case,LLM_review_or_future_special_module,Y1_R001_C07_S01,Y1_basic_boolean,T_Y3_URL_FULL,1,1,1
Y3_R001_C07_S02,Y3_encoded_boolean,Y3,%2814%20=%2014%29%20AND%20%2865%20=%2065%29,(14 = 14) AND (65 = 65),comparison_numeric,1,1.0,1.0,1.0,0.0,T1_static_validated,representation_case,LLM_review_or_future_special_module,Y2_R001_C07_S02,Y2_boolean_variation,T_Y3_URL_PARTIAL,1,1,1
Y3_R001_C07_S03,Y3_encoded_boolean,Y3,(27%20%3D%2027)%20AND%20(78%20%3D%2078),(27 = 27) AND (78 = 78),comparison_numeric,1,1.0,1.0,1.0,0.0,T1_static_validated,representation_case,LLM_review_or_future_special_module,Y1_R001_C07_S03,Y1_basic_boolean,T_Y3_OPERATOR_QUOTE_PERCENT,1,1,1
Y3_R001_C07_S04,Y3_encoded_boolean,Y3,%2840%20%3D%2057%29%20AND%20%2891%20%3D%2091%29,(40 = 57) AND (91 = 91),comparison_numeric,1,1.0,1.0,1.0,0.0,T1_static_validated,representation_case,LLM_review_or_future_special_module,Y1_R001_C07_S04,Y1_basic_boolean,T_Y3_URL_FULL,1,1,1
Y3_R001_C07_S05,Y3_encoded_boolean,Y3,%2853%20=%2070%29%20AND%20%287%20=%207%29,(53 = 70) AND (7 = 7),comparison_numeric,1,1.0,1.0,1.0,0.0,T1_static_validated,representation_case,LLM_review_or_future_special_module,Y2_R001_C07_S05,Y2_boolean_variation,T_Y3_URL_PARTIAL,1,1,1
Y3_R001_C07_S06,Y3_encoded_boolean,Y3,(66%20%3D%2083)%20AND%20(20%20%3D%2020),(66 = 83) AND (20 = 20),comparison_numeric,1,1.0,1.0,1.0,0.0,T1_static_validated,representation_case,LLM_review_or_future_special_module,Y1_R001_C07_S06,Y1_basic_boolean,T_Y3_OPERATOR_QUOTE_PERCENT,1,1,1
Y3_R001_C08_S01,Y3_encoded_boolean,Y3,%2812%20=%2012%29%20OR%20%2880%20<>%2080%29,(12 = 12) OR (80 <> 80),comparison_numeric,1,1.0,1.0,1.0,0.0,T1_static_validated,representation_case,LLM_review_or_future_special_module,Y2_R001_C08_S01,Y2_boolean_variation,T_Y3_URL_PARTIAL,1,1,1
Y3_R001_C08_S02,Y3_encoded_boolean,Y3,(25%20%3D%2025)%20OR%20(93%20%3C%3E%2093),(25 = 25) OR (93 <> 93),comparison_numeric,1,1.0,1.0,1.0,0.0,T1_static_validated,representation_case,LLM_review_or_future_special_module,Y1_R001_C08_S02,Y1_basic_boolean,T_Y3_OPERATOR_QUOTE_PERCENT,1,1,1
Y3_R001_C08_S03,Y3_encoded_boolean,Y3,%2838%20%3D%2038%29%20OR%20%289%20%3C%3E%209%29,(38 = 38) OR (9 <> 9),comparison_numeric,1,1.0,1.0,1.0,0.0,T1_static_validated,representation_case,LLM_review_or_future_special_module,Y1_R001_C08_S03,Y1_basic_boolean,T_Y3_URL_FULL,1,1,1
Y3_R001_C08_S04,Y3_encoded_boolean,Y3,%2851%20=%2068%29%20OR%20%2822%20<>%2022%29,(51 = 68) OR (22 <> 22),comparison_numeric,1,1.0,1.0,1.0,0.0,T1_static_validated,representation_case,LLM_review_or_future_special_module,Y2_R001_C08_S04,Y2_boolean_variation,T_Y3_URL_PARTIAL,1,1,1
Y3_R001_C08_S05,Y3_encoded_boolean,Y3,(64%20%3D%2081)%20OR%20(35%20%3C%3E%2035),(64 = 81) OR (35 <> 35),comparison_numeric,1,1.0,1.0,1.0,0.0,T1_static_validated,representation_case,LLM_review_or_future_special_module,Y1_R001_C08_S05,Y1_basic_boolean,T_Y3_OPERATOR_QUOTE_PERCENT,1,1,1
Y3_R001_C08_S06,Y3_encoded_boolean,Y3,%2877%20%3D%2094%29%20OR%20%2848%20%3C%3E%2048%29,(77 = 94) OR (48 <> 48),comparison_numeric,1,1.0,1.0,1.0,0.0,T1_static_validated,representation_case,LLM_review_or_future_special_module,Y1_R001_C08_S06,Y1_basic_boolean,T_Y3_URL_FULL,1,1,1
Y3_R001_C09_S01,Y3_encoded_boolean,Y3,((23%20%3D%2023)%20%3D%20TRUE),((23 = 23) = TRUE),comparison_numeric,1,1.0,1.0,1.0,0.0,T1_static_validated,representation_case,LLM_review_or_future_special_module,Y1_R001_C09_S01,Y1_basic_boolean,T_Y3_OPERATOR_QUOTE_PERCENT,1,1,1
Y3_R001_C09_S02,Y3_encoded_boolean,Y3,%28%2836%20%3D%2036%29%20%3D%20TRUE%29,((36 = 36) = TRUE),comparison_numeric,1,1.0,1.0,1.0,0.0,T1_static_validated,representation_case,LLM_review_or_future_special_module,Y1_R001_C09_S02,Y1_basic_boolean,T_Y3_URL_FULL,1,1,1
Y3_R001_C09_S03,Y3_encoded_boolean,Y3,%28%2849%20=%2049%29%20=%20TRUE%29,((49 = 49) = TRUE),comparison_numeric,1,1.0,1.0,1.0,0.0,T1_static_validated,representation_case,LLM_review_or_future_special_module,Y2_R001_C09_S03,Y2_boolean_variation,T_Y3_URL_PARTIAL,1,1,1
Y3_R001_C09_S04,Y3_encoded_boolean,Y3,((62%20%3D%2079)%20%3D%20TRUE),((62 = 79) = TRUE),comparison_numeric,1,1.0,1.0,1.0,0.0,T1_static_validated,representation_case,LLM_review_or_future_special_module,Y1_R001_C09_S04,Y1_basic_boolean,T_Y3_OPERATOR_QUOTE_PERCENT,1,1,1
Y3_R001_C09_S05,Y3_encoded_boolean,Y3,%28%2875%20%3D%2092%29%20%3D%20TRUE%29,((75 = 92) = TRUE),comparison_numeric,1,1.0,1.0,1.0,0.0,T1_static_validated,representation_case,LLM_review_or_future_special_module,Y1_R001_C09_S05,Y1_basic_boolean,T_Y3_URL_FULL,1,1,1
Y3_R001_C09_S06,Y3_encoded_boolean,Y3,%28%2888%20=%208%29%20=%20TRUE%29,((88 = 8) = TRUE),comparison_numeric,1,1.0,1.0,1.0,0.0,T1_static_validated,representation_case,LLM_review_or_future_special_module,Y2_R001_C09_S06,Y2_boolean_variation,T_Y3_URL_PARTIAL,1,1,1
Y3_R001_C10_S01,Y3_encoded_boolean,Y3,COALESCE%28%2834%20%3D%2034%29%2C%20FALSE%29,"COALESCE((34 = 34), FALSE)",comparison_numeric,1,1.0,1.0,1.0,0.0,T1_static_validated,representation_case,LLM_review_or_future_special_module,Y1_R001_C10_S01,Y1_basic_boolean,T_Y3_URL_FULL,1,1,1
Y3_R001_C10_S02,Y3_encoded_boolean,Y3,COALESCE%28%2847%20=%2047%29%2C%20FALSE%29,"COALESCE((47 = 47), FALSE)",comparison_numeric,1,1.0,1.0,1.0,0.0,T1_static_validated,representation_case,LLM_review_or_future_special_module,Y2_R001_C10_S02,Y2_boolean_variation,T_Y3_URL_PARTIAL,1,1,1
Y3_R001_C10_S03,Y3_encoded_boolean,Y3,"COALESCE((60%20%3D%2060),%20FALSE)","COALESCE((60 = 60), FALSE)",comparison_numeric,1,1.0,1.0,1.0,0.0,T1_static_validated,representation_case,LLM_review_or_future_special_module,Y1_R001_C10_S03,Y1_basic_boolean,T_Y3_OPERATOR_QUOTE_PERCENT,1,1,1
Y3_R001_C10_S04,Y3_encoded_boolean,Y3,COALESCE%28%2873%20%3D%2090%29%2C%20FALSE%29,"COALESCE((73 = 90), FALSE)",comparison_numeric,1,1.0,1.0,1.0,0.0,T1_static_validated,representation_case,LLM_review_or_future_special_module,Y1_R001_C10_S04,Y1_basic_boolean,T_Y3_URL_FULL,1,1,1
Y3_R001_C10_S05,Y3_encoded_boolean,Y3,COALESCE%28%2886%20=%206%29%2C%20FALSE%29,"COALESCE((86 = 6), FALSE)",comparison_numeric,1,1.0,1.0,1.0,0.0,T1_static_validated,representation_case,LLM_review_or_future_special_module,Y2_R001_C10_S05,Y2_boolean_variation,T_Y3_URL_PARTIAL,1,1,1
Y3_R001_C10_S06,Y3_encoded_boolean,Y3,"COALESCE((2%20%3D%2019),%20FALSE)","COALESCE((2 = 19), FALSE)",comparison_numeric,1,1.0,1.0,1.0,0.0,T1_static_validated,representation_case,LLM_review_or_future_special_module,Y1_R001_C10_S06,Y1_basic_boolean,T_Y3_OPERATOR_QUOTE_PERCENT,1,1,1
Y3_R002_C01_S01,Y3_encoded_boolean,Y3,39%20<>%2056,39 <> 56,comparison_numeric,1,1.0,1.0,1.0,0.0,T1_static_validated,representation_case,LLM_review_or_future_special_module,Y2_R002_C01_S01,Y2_boolean_variation,T_Y3_URL_PARTIAL,1,1,1
Y3_R002_C01_S02,Y3_encoded_boolean,Y3,52%20%3C%3E%2069,52 <> 69,comparison_numeric,1,1.0,1.0,1.0,0.0,T1_static_validated,representation_case,LLM_review_or_future_special_module,Y1_R002_C01_S02,Y1_basic_boolean,T_Y3_OPERATOR_QUOTE_PERCENT,1,1,1
Y3_R002_C01_S03,Y3_encoded_boolean,Y3,65%20%3C%3E%2082,65 <> 82,comparison_numeric,1,1.0,1.0,1.0,0.0,T1_static_validated,representation_case,LLM_review_or_future_special_module,Y1_R002_C01_S03,Y1_basic_boolean,T_Y3_URL_FULL,1,1,1
Y3_R002_C01_S04,Y3_encoded_boolean,Y3,78%20<>%2078,78 <> 78,comparison_numeric,1,1.0,1.0,1.0,0.0,T1_static_validated,representation_case,LLM_review_or_future_special_module,Y2_R002_C01_S04,Y2_boolean_variation,T_Y3_URL_PARTIAL,1,1,1
Y3_R002_C01_S05,Y3_encoded_boolean,Y3,91%20%3C%3E%2091,91 <> 91,comparison_numeric,1,1.0,1.0,1.0,0.0,T1_static_validated,representation_case,LLM_review_or_future_special_module,Y1_R002_C01_S05,Y1_basic_boolean,T_Y3_OPERATOR_QUOTE_PERCENT,1,1,1
Y3_R002_C01_S06,Y3_encoded_boolean,Y3,7%20%3C%3E%207,7 <> 7,comparison_numeric,1,1.0,1.0,1.0,0.0,T1_static_validated,representation_case,LLM_review_or_future_special_module,Y1_R002_C01_S06,Y1_basic_boolean,T_Y3_URL_FULL,1,1,1
Y3_R002_C02_S01,Y3_encoded_boolean,Y3,(50%20%3C%3E%2067),(50 <> 67),comparison_numeric,1,1.0,1.0,1.0,0.0,T1_static_validated,representation_case,LLM_review_or_future_special_module,Y1_R002_C02_S01,Y1_basic_boolean,T_Y3_OPERATOR_QUOTE_PERCENT,1,1,1
Y3_R002_C02_S02,Y3_encoded_boolean,Y3,%2863%20%3C%3E%2080%29,(63 <> 80),comparison_numeric,1,1.0,1.0,1.0,0.0,T1_static_validated,representation_case,LLM_review_or_future_special_module,Y1_R002_C02_S02,Y1_basic_boolean,T_Y3_URL_FULL,1,1,1
Y3_R002_C02_S03,Y3_encoded_boolean,Y3,%2876%20<>%2093%29,(76 <> 93),comparison_numeric,1,1.0,1.0,1.0,0.0,T1_static_validated,representation_case,LLM_review_or_future_special_module,Y2_R002_C02_S03,Y2_boolean_variation,T_Y3_URL_PARTIAL,1,1,1
Y3_R002_C02_S04,Y3_encoded_boolean,Y3,(89%20%3C%3E%2089),(89 <> 89),comparison_numeric,1,1.0,1.0,1.0,0.0,T1_static_validated,representation_case,LLM_review_or_future_special_module,Y1_R002_C02_S04,Y1_basic_boolean,T_Y3_OPERATOR_QUOTE_PERCENT,1,1,1
Y3_R002_C02_S05,Y3_encoded_boolean,Y3,%285%20%3C%3E%205%29,(5 <> 5),comparison_numeric,1,1.0,1.0,1.0,0.0,T1_static_validated,representation_case,LLM_review_or_future_special_module,Y1_R002_C02_S05,Y1_basic_boolean,T_Y3_URL_FULL,1,1,1
Y3_R002_C02_S06,Y3_encoded_boolean,Y3,%2818%20<>%2018%29,(18 <> 18),comparison_numeric,1,1.0,1.0,1.0,0.0,T1_static_validated,representation_case,LLM_review_or_future_special_module,Y2_R002_C02_S06,Y2_boolean_variation,T_Y3_URL_PARTIAL,1,1,1
Y3_R002_C03_S01,Y3_encoded_boolean,Y3,NOT%20%2861%20%3C%3E%2061%29,NOT (61 <> 61),comparison_numeric,1,1.0,1.0,1.0,0.0,T1_static_validated,representation_case,LLM_review_or_future_special_module,Y1_R002_C03_S01,Y1_basic_boolean,T_Y3_URL_FULL,1,1,1
Y3_R002_C03_S02,Y3_encoded_boolean,Y3,NOT%20%2874%20<>%2074%29,NOT (74 <> 74),comparison_numeric,1,1.0,1.0,1.0,0.0,T1_static_validated,representation_case,LLM_review_or_future_special_module,Y2_R002_C03_S02,Y2_boolean_variation,T_Y3_URL_PARTIAL,1,1,1
Y3_R002_C03_S03,Y3_encoded_boolean,Y3,NOT%20(87%20%3C%3E%2087),NOT (87 <> 87),comparison_numeric,1,1.0,1.0,1.0,0.0,T1_static_validated,representation_case,LLM_review_or_future_special_module,Y1_R002_C03_S03,Y1_basic_boolean,T_Y3_OPERATOR_QUOTE_PERCENT,1,1,1
Y3_R002_C03_S04,Y3_encoded_boolean,Y3,NOT%20%283%20%3C%3E%2020%29,NOT (3 <> 20),comparison_numeric,1,1.0,1.0,1.0,0.0,T1_static_validated,representation_case,LLM_review_or_future_special_module,Y1_R002_C03_S04,Y1_basic_boolean,T_Y3_URL_FULL,1,1,1
Y3_R002_C03_S05,Y3_encoded_boolean,Y3,NOT%20%2816%20<>%2033%29,NOT (16 <> 33),comparison_numeric,1,1.0,1.0,1.0,0.0,T1_static_validated,representation_case,LLM_review_or_future_special_module,Y2_R002_C03_S05,Y2_boolean_variation,T_Y3_URL_PARTIAL,1,1,1
Y3_R002_C03_S06,Y3_encoded_boolean,Y3,NOT%20(29%20%3C%3E%2046),NOT (29 <> 46),comparison_numeric,1,1.0,1.0,1.0,0.0,T1_static_validated,representation_case,LLM_review_or_future_special_module,Y1_R002_C03_S06,Y1_basic_boolean,T_Y3_OPERATOR_QUOTE_PERCENT,1,1,1
Y3_R002_C04_S01,Y3_encoded_boolean,Y3,%2872%20<>%2089%29%20IS%20TRUE,(72 <> 89) IS TRUE,comparison_numeric,1,1.0,1.0,1.0,0.0,T1_static_validated,representation_case,LLM_review_or_future_special_module,Y2_R002_C04_S01,Y2_boolean_variation,T_Y3_URL_PARTIAL,1,1,1
Y3_R002_C04_S02,Y3_encoded_boolean,Y3,(85%20%3C%3E%205)%20IS%20TRUE,(85 <> 5) IS TRUE,comparison_numeric,1,1.0,1.0,1.0,0.0,T1_static_validated,representation_case,LLM_review_or_future_special_module,Y1_R002_C04_S02,Y1_basic_boolean,T_Y3_OPERATOR_QUOTE_PERCENT,1,1,1
Y3_R002_C04_S03,Y3_encoded_boolean,Y3,%281%20%3C%3E%2018%29%20IS%20TRUE,(1 <> 18) IS TRUE,comparison_numeric,1,1.0,1.0,1.0,0.0,T1_static_validated,representation_case,LLM_review_or_future_special_module,Y1_R002_C04_S03,Y1_basic_boolean,T_Y3_URL_FULL,1,1,1
Y3_R002_C04_S04,Y3_encoded_boolean,Y3,%2814%20<>%2014%29%20IS%20TRUE,(14 <> 14) IS TRUE,comparison_numeric,1,1.0,1.0,1.0,0.0,T1_static_validated,representation_case,LLM_review_or_future_special_module,Y2_R002_C04_S04,Y2_boolean_variation,T_Y3_URL_PARTIAL,1,1,1
Y3_R002_C04_S05,Y3_encoded_boolean,Y3,(27%20%3C%3E%2027)%20IS%20TRUE,(27 <> 27) IS TRUE,comparison_numeric,1,1.0,1.0,1.0,0.0,T1_static_validated,representation_case,LLM_review_or_future_special_module,Y1_R002_C04_S05,Y1_basic_boolean,T_Y3_OPERATOR_QUOTE_PERCENT,1,1,1
Y3_R002_C04_S06,Y3_encoded_boolean,Y3,%2840%20%3C%3E%2040%29%20IS%20TRUE,(40 <> 40) IS TRUE,comparison_numeric,1,1.0,1.0,1.0,0.0,T1_static_validated,representation_case,LLM_review_or_future_special_module,Y1_R002_C04_S06,Y1_basic_boolean,T_Y3_URL_FULL,1,1,1
Y3_R002_C05_S01,Y3_encoded_boolean,Y3,(83%20%3C%3E%203)%20IS%20NOT%20FALSE,(83 <> 3) IS NOT FALSE,comparison_numeric,1,1.0,1.0,1.0,0.0,T1_static_validated,representation_case,LLM_review_or_future_special_module,Y1_R002_C05_S01,Y1_basic_boolean,T_Y3_OPERATOR_QUOTE_PERCENT,1,1,1
Y3_R002_C05_S02,Y3_encoded_boolean,Y3,%2896%20%3C%3E%2016%29%20IS%20NOT%20FALSE,(96 <> 16) IS NOT FALSE,comparison_numeric,1,1.0,1.0,1.0,0.0,T1_static_validated,representation_case,LLM_review_or_future_special_module,Y1_R002_C05_S02,Y1_basic_boolean,T_Y3_URL_FULL,1,1,1
Y3_R002_C05_S03,Y3_encoded_boolean,Y3,%2812%20<>%2029%29%20IS%20NOT%20FALSE,(12 <> 29) IS NOT FALSE,comparison_numeric,1,1.0,1.0,1.0,0.0,T1_static_validated,representation_case,LLM_review_or_future_special_module,Y2_R002_C05_S03,Y2_boolean_variation,T_Y3_URL_PARTIAL,1,1,1
Y3_R002_C05_S04,Y3_encoded_boolean,Y3,(25%20%3C%3E%2025)%20IS%20NOT%20FALSE,(25 <> 25) IS NOT FALSE,comparison_numeric,1,1.0,1.0,1.0,0.0,T1_static_validated,representation_case,LLM_review_or_future_special_module,Y1_R002_C05_S04,Y1_basic_boolean,T_Y3_OPERATOR_QUOTE_PERCENT,1,1,1
Y3_R002_C05_S05,Y3_encoded_boolean,Y3,%2838%20%3C%3E%2038%29%20IS%20NOT%20FALSE,(38 <> 38) IS NOT FALSE,comparison_numeric,1,1.0,1.0,1.0,0.0,T1_static_validated,representation_case,LLM_review_or_future_special_module,Y1_R002_C05_S05,Y1_basic_boolean,T_Y3_URL_FULL,1,1,1
Y3_R002_C05_S06,Y3_encoded_boolean,Y3,%2851%20<>%2051%29%20IS%20NOT%20FALSE,(51 <> 51) IS NOT FALSE,comparison_numeric,1,1.0,1.0,1.0,0.0,T1_static_validated,representation_case,LLM_review_or_future_special_module,Y2_R002_C05_S06,Y2_boolean_variation,T_Y3_URL_PARTIAL,1,1,1
Y3_R002_C06_S01,Y3_encoded_boolean,Y3,CASE%20WHEN%20%2894%20%3C%3E%2014%29%20THEN%20TRUE%20ELSE%20FALSE%20END,CASE WHEN (94 <> 14) THEN TRUE ELSE FALSE END,comparison_numeric,1,1.0,1.0,1.0,0.0,T1_static_validated,representation_case,LLM_review_or_future_special_module,Y1_R002_C06_S01,Y1_basic_boolean,T_Y3_URL_FULL,1,1,1
Y3_R002_C06_S02,Y3_encoded_boolean,Y3,CASE%20WHEN%20%2810%20<>%2027%29%20THEN%20TRUE%20ELSE%20FALSE%20END,CASE WHEN (10 <> 27) THEN TRUE ELSE FALSE END,comparison_numeric,1,1.0,1.0,1.0,0.0,T1_static_validated,representation_case,LLM_review_or_future_special_module,Y2_R002_C06_S02,Y2_boolean_variation,T_Y3_URL_PARTIAL,1,1,1
Y3_R002_C06_S03,Y3_encoded_boolean,Y3,CASE%20WHEN%20(23%20%3C%3E%2040)%20THEN%20TRUE%20ELSE%20FALSE%20END,CASE WHEN (23 <> 40) THEN TRUE ELSE FALSE END,comparison_numeric,1,1.0,1.0,1.0,0.0,T1_static_validated,representation_case,LLM_review_or_future_special_module,Y1_R002_C06_S03,Y1_basic_boolean,T_Y3_OPERATOR_QUOTE_PERCENT,1,1,1
Y3_R002_C06_S04,Y3_encoded_boolean,Y3,CASE%20WHEN%20%2836%20%3C%3E%2036%29%20THEN%20TRUE%20ELSE%20FALSE%20END,CASE WHEN (36 <> 36) THEN TRUE ELSE FALSE END,comparison_numeric,1,1.0,1.0,1.0,0.0,T1_static_validated,representation_case,LLM_review_or_future_special_module,Y1_R002_C06_S04,Y1_basic_boolean,T_Y3_URL_FULL,1,1,1
Y3_R002_C06_S05,Y3_encoded_boolean,Y3,CASE%20WHEN%20%2849%20<>%2049%29%20THEN%20TRUE%20ELSE%20FALSE%20END,CASE WHEN (49 <> 49) THEN TRUE ELSE FALSE END,comparison_numeric,1,1.0,1.0,1.0,0.0,T1_static_validated,representation_case,LLM_review_or_future_special_module,Y2_R002_C06_S05,Y2_boolean_variation,T_Y3_URL_PARTIAL,1,1,1
Y3_R002_C06_S06,Y3_encoded_boolean,Y3,CASE%20WHEN%20(62%20%3C%3E%2062)%20THEN%20TRUE%20ELSE%20FALSE%20END,CASE WHEN (62 <> 62) THEN TRUE ELSE FALSE END,comparison_numeric,1,1.0,1.0,1.0,0.0,T1_static_validated,representation_case,LLM_review_or_future_special_module,Y1_R002_C06_S06,Y1_basic_boolean,T_Y3_OPERATOR_QUOTE_PERCENT,1,1,1
Y3_R002_C07_S01,Y3_encoded_boolean,Y3,%288%20<>%2025%29%20AND%20%2859%20=%2059%29,(8 <> 25) AND (59 = 59),comparison_numeric,1,1.0,1.0,1.0,0.0,T1_static_validated,representation_case,LLM_review_or_future_special_module,Y2_R002_C07_S01,Y2_boolean_variation,T_Y3_URL_PARTIAL,1,1,1
Y3_R002_C07_S02,Y3_encoded_boolean,Y3,(21%20%3C%3E%2038)%20AND%20(72%20%3D%2072),(21 <> 38) AND (72 = 72),comparison_numeric,1,1.0,1.0,1.0,0.0,T1_static_validated,representation_case,LLM_review_or_future_special_module,Y1_R002_C07_S02,Y1_basic_boolean,T_Y3_OPERATOR_QUOTE_PERCENT,1,1,1
Y3_R002_C07_S03,Y3_encoded_boolean,Y3,%2834%20%3C%3E%2051%29%20AND%20%2885%20%3D%2085%29,(34 <> 51) AND (85 = 85),comparison_numeric,1,1.0,1.0,1.0,0.0,T1_static_validated,representation_case,LLM_review_or_future_special_module,Y1_R002_C07_S03,Y1_basic_boolean,T_Y3_URL_FULL,1,1,1
Y3_R002_C07_S04,Y3_encoded_boolean,Y3,%2847%20<>%2047%29%20AND%20%281%20=%201%29,(47 <> 47) AND (1 = 1),comparison_numeric,1,1.0,1.0,1.0,0.0,T1_static_validated,representation_case,LLM_review_or_future_special_module,Y2_R002_C07_S04,Y2_boolean_variation,T_Y3_URL_PARTIAL,1,1,1
Y3_R002_C07_S05,Y3_encoded_boolean,Y3,(60%20%3C%3E%2060)%20AND%20(14%20%3D%2014),(60 <> 60) AND (14 = 14),comparison_numeric,1,1.0,1.0,1.0,0.0,T1_static_validated,representation_case,LLM_review_or_future_special_module,Y1_R002_C07_S05,Y1_basic_boolean,T_Y3_OPERATOR_QUOTE_PERCENT,1,1,1
Y3_R002_C07_S06,Y3_encoded_boolean,Y3,%2873%20%3C%3E%2073%29%20AND%20%2827%20%3D%2027%29,(73 <> 73) AND (27 = 27),comparison_numeric,1,1.0,1.0,1.0,0.0,T1_static_validated,representation_case,LLM_review_or_future_special_module,Y1_R002_C07_S06,Y1_basic_boolean,T_Y3_URL_FULL,1,1,1
Y3_R002_C08_S01,Y3_encoded_boolean,Y3,(19%20%3C%3E%2036)%20OR%20(87%20%3C%3E%2087),(19 <> 36) OR (87 <> 87),comparison_numeric,1,1.0,1.0,1.0,0.0,T1_static_validated,representation_case,LLM_review_or_future_special_module,Y1_R002_C08_S01,Y1_basic_boolean,T_Y3_OPERATOR_QUOTE_PERCENT,1,1,1
Y3_R002_C08_S02,Y3_encoded_boolean,Y3,%2832%20%3C%3E%2049%29%20OR%20%283%20%3C%3E%203%29,(32 <> 49) OR (3 <> 3),comparison_numeric,1,1.0,1.0,1.0,0.0,T1_static_validated,representation_case,LLM_review_or_future_special_module,Y1_R002_C08_S02,Y1_basic_boolean,T_Y3_URL_FULL,1,1,1
Y3_R002_C08_S03,Y3_encoded_boolean,Y3,%2845%20<>%2062%29%20OR%20%2816%20<>%2016%29,(45 <> 62) OR (16 <> 16),comparison_numeric,1,1.0,1.0,1.0,0.0,T1_static_validated,representation_case,LLM_review_or_future_special_module,Y2_R002_C08_S03,Y2_boolean_variation,T_Y3_URL_PARTIAL,1,1,1
Y3_R002_C08_S04,Y3_encoded_boolean,Y3,(58%20%3C%3E%2058)%20OR%20(29%20%3C%3E%2029),(58 <> 58) OR (29 <> 29),comparison_numeric,1,1.0,1.0,1.0,0.0,T1_static_validated,representation_case,LLM_review_or_future_special_module,Y1_R002_C08_S04,Y1_basic_boolean,T_Y3_OPERATOR_QUOTE_PERCENT,1,1,1
Y3_R002_C08_S05,Y3_encoded_boolean,Y3,%2871%20%3C%3E%2071%29%20OR%20%2842%20%3C%3E%2042%29,(71 <> 71) OR (42 <> 42),comparison_numeric,1,1.0,1.0,1.0,0.0,T1_static_validated,representation_case,LLM_review_or_future_special_module,Y1_R002_C08_S05,Y1_basic_boolean,T_Y3_URL_FULL,1,1,1
Y3_R002_C08_S06,Y3_encoded_boolean,Y3,%2884%20<>%2084%29%20OR%20%2855%20<>%2055%29,(84 <> 84) OR (55 <> 55),comparison_numeric,1,1.0,1.0,1.0,0.0,T1_static_validated,representation_case,LLM_review_or_future_special_module,Y2_R002_C08_S06,Y2_boolean_variation,T_Y3_URL_PARTIAL,1,1,1
Y3_R002_C09_S01,Y3_encoded_boolean,Y3,%28%2830%20%3C%3E%2047%29%20%3D%20TRUE%29,((30 <> 47) = TRUE),comparison_numeric,1,1.0,1.0,1.0,0.0,T1_static_validated,representation_case,LLM_review_or_future_special_module,Y1_R002_C09_S01,Y1_basic_boolean,T_Y3_URL_FULL,1,1,1
Y3_R002_C09_S02,Y3_encoded_boolean,Y3,%28%2843%20<>%2060%29%20=%20TRUE%29,((43 <> 60) = TRUE),comparison_numeric,1,1.0,1.0,1.0,0.0,T1_static_validated,representation_case,LLM_review_or_future_special_module,Y2_R002_C09_S02,Y2_boolean_variation,T_Y3_URL_PARTIAL,1,1,1
Y3_R002_C09_S03,Y3_encoded_boolean,Y3,((56%20%3C%3E%2073)%20%3D%20TRUE),((56 <> 73) = TRUE),comparison_numeric,1,1.0,1.0,1.0,0.0,T1_static_validated,representation_case,LLM_review_or_future_special_module,Y1_R002_C09_S03,Y1_basic_boolean,T_Y3_OPERATOR_QUOTE_PERCENT,1,1,1
Y3_R002_C09_S04,Y3_encoded_boolean,Y3,%28%2869%20%3C%3E%2069%29%20%3D%20TRUE%29,((69 <> 69) = TRUE),comparison_numeric,1,1.0,1.0,1.0,0.0,T1_static_validated,representation_case,LLM_review_or_future_special_module,Y1_R002_C09_S04,Y1_basic_boolean,T_Y3_URL_FULL,1,1,1
Y3_R002_C09_S05,Y3_encoded_boolean,Y3,%28%2882%20<>%2082%29%20=%20TRUE%29,((82 <> 82) = TRUE),comparison_numeric,1,1.0,1.0,1.0,0.0,T1_static_validated,representation_case,LLM_review_or_future_special_module,Y2_R002_C09_S05,Y2_boolean_variation,T_Y3_URL_PARTIAL,1,1,1
Y3_R002_C09_S06,Y3_encoded_boolean,Y3,((95%20%3C%3E%2095)%20%3D%20TRUE),((95 <> 95) = TRUE),comparison_numeric,1,1.0,1.0,1.0,0.0,T1_static_validated,representation_case,LLM_review_or_future_special_module,Y1_R002_C09_S06,Y1_basic_boolean,T_Y3_OPERATOR_QUOTE_PERCENT,1,1,1
Y3_R002_C10_S01,Y3_encoded_boolean,Y3,COALESCE%28%2841%20<>%2058%29%2C%20FALSE%29,"COALESCE((41 <> 58), FALSE)",comparison_numeric,1,1.0,1.0,1.0,0.0,T1_static_validated,representation_case,LLM_review_or_future_special_module,Y2_R002_C10_S01,Y2_boolean_variation,T_Y3_URL_PARTIAL,1,1,1
Y3_R002_C10_S02,Y3_encoded_boolean,Y3,"COALESCE((54%20%3C%3E%2071),%20FALSE)","COALESCE((54 <> 71), FALSE)",comparison_numeric,1,1.0,1.0,1.0,0.0,T1_static_validated,representation_case,LLM_review_or_future_special_module,Y1_R002_C10_S02,Y1_basic_boolean,T_Y3_OPERATOR_QUOTE_PERCENT,1,1,1
Y3_R002_C10_S03,Y3_encoded_boolean,Y3,COALESCE%28%2867%20%3C%3E%2084%29%2C%20FALSE%29,"COALESCE((67 <> 84), FALSE)",comparison_numeric,1,1.0,1.0,1.0,0.0,T1_static_validated,representation_case,LLM_review_or_future_special_module,Y1_R002_C10_S03,Y1_basic_boolean,T_Y3_URL_FULL,1,1,1
Y3_R002_C10_S04,Y3_encoded_boolean,Y3,COALESCE%28%2880%20<>%2080%29%2C%20FALSE%29,"COALESCE((80 <> 80), FALSE)",comparison_numeric,1,1.0,1.0,1.0,0.0,T1_static_validated,representation_case,LLM_review_or_future_special_module,Y2_R002_C10_S04,Y2_boolean_variation,T_Y3_URL_PARTIAL,1,1,1
Y3_R002_C10_S05,Y3_encoded_boolean,Y3,"COALESCE((93%20%3C%3E%2093),%20FALSE)","COALESCE((93 <> 93), FALSE)",comparison_numeric,1,1.0,1.0,1.0,0.0,T1_static_validated,representation_case,LLM_review_or_future_special_module,Y1_R002_C10_S05,Y1_basic_boolean,T_Y3_OPERATOR_QUOTE_PERCENT,1,1,1
Y3_R002_C10_S06,Y3_encoded_boolean,Y3,COALESCE%28%289%20%3C%3E%209%29%2C%20FALSE%29,"COALESCE((9 <> 9), FALSE)",comparison_numeric,1,1.0,1.0,1.0,0.0,T1_static_validated,representation_case,LLM_review_or_future_special_module,Y1_R002_C10_S06,Y1_basic_boolean,T_Y3_URL_FULL,1,1,1
Y3_R003_C01_S01,Y3_encoded_boolean,Y3,63%20%3E%2046,63 > 46,comparison_numeric,1,1.0,1.0,1.0,0.0,T1_static_validated,representation_case,LLM_review_or_future_special_module,Y1_R003_C01_S01,Y1_basic_boolean,T_Y3_OPERATOR_QUOTE_PERCENT,1,1,1
Y3_R003_C01_S02,Y3_encoded_boolean,Y3,76%20%3E%2059,76 > 59,comparison_numeric,1,1.0,1.0,1.0,0.0,T1_static_validated,representation_case,LLM_review_or_future_special_module,Y1_R003_C01_S02,Y1_basic_boolean,T_Y3_URL_FULL,1,1,1
Y3_R003_C01_S03,Y3_encoded_boolean,Y3,89%20>%2072,89 > 72,comparison_numeric,1,1.0,1.0,1.0,0.0,T1_static_validated,representation_case,LLM_review_or_future_special_module,Y2_R003_C01_S03,Y2_boolean_variation,T_Y3_URL_PARTIAL,1,1,1
Y3_R003_C01_S04,Y3_encoded_boolean,Y3,5%20%3E%206,5 > 6,comparison_numeric,1,1.0,1.0,1.0,0.0,T1_static_validated,representation_case,LLM_review_or_future_special_module,Y1_R003_C01_S04,Y1_basic_boolean,T_Y3_OPERATOR_QUOTE_PERCENT,1,1,1
Y3_R003_C01_S05,Y3_encoded_boolean,Y3,18%20%3E%2019,18 > 19,comparison_numeric,1,1.0,1.0,1.0,0.0,T1_static_validated,representation_case,LLM_review_or_future_special_module,Y1_R003_C01_S05,Y1_basic_boolean,T_Y3_URL_FULL,1,1,1
Y3_R003_C01_S06,Y3_encoded_boolean,Y3,31%20>%2032,31 > 32,comparison_numeric,1,1.0,1.0,1.0,0.0,T1_static_validated,representation_case,LLM_review_or_future_special_module,Y2_R003_C01_S06,Y2_boolean_variation,T_Y3_URL_PARTIAL,1,1,1
Y3_R003_C02_S01,Y3_encoded_boolean,Y3,%2874%20%3E%2057%29,(74 > 57),comparison_numeric,1,1.0,1.0,1.0,0.0,T1_static_validated,representation_case,LLM_review_or_future_special_module,Y1_R003_C02_S01,Y1_basic_boolean,T_Y3_URL_FULL,1,1,1
Y3_R003_C02_S02,Y3_encoded_boolean,Y3,%2887%20>%2070%29,(87 > 70),comparison_numeric,1,1.0,1.0,1.0,0.0,T1_static_validated,representation_case,LLM_review_or_future_special_module,Y2_R003_C02_S02,Y2_boolean_variation,T_Y3_URL_PARTIAL,1,1,1
Y3_R003_C02_S03,Y3_encoded_boolean,Y3,(3%20%3E%2083),(3 > 83),comparison_numeric,1,1.0,1.0,1.0,0.0,T1_static_validated,representation_case,LLM_review_or_future_special_module,Y1_R003_C02_S03,Y1_basic_boolean,T_Y3_OPERATOR_QUOTE_PERCENT,1,1,1
Y3_R003_C02_S04,Y3_encoded_boolean,Y3,%2816%20%3E%2017%29,(16 > 17),comparison_numeric,1,1.0,1.0,1.0,0.0,T1_static_validated,representation_case,LLM_review_or_future_special_module,Y1_R003_C02_S04,Y1_basic_boolean,T_Y3_URL_FULL,1,1,1
Y3_R003_C02_S05,Y3_encoded_boolean,Y3,%2829%20>%2030%29,(29 > 30),comparison_numeric,1,1.0,1.0,1.0,0.0,T1_static_validated,representation_case,LLM_review_or_future_special_module,Y2_R003_C02_S05,Y2_boolean_variation,T_Y3_URL_PARTIAL,1,1,1
Y3_R003_C02_S06,Y3_encoded_boolean,Y3,(42%20%3E%2043),(42 > 43),comparison_numeric,1,1.0,1.0,1.0,0.0,T1_static_validated,representation_case,LLM_review_or_future_special_module,Y1_R003_C02_S06,Y1_basic_boolean,T_Y3_OPERATOR_QUOTE_PERCENT,1,1,1
Y3_R003_C03_S01,Y3_encoded_boolean,Y3,NOT%20%2885%20>%2086%29,NOT (85 > 86),comparison_numeric,1,1.0,1.0,1.0,0.0,T1_static_validated,representation_case,LLM_review_or_future_special_module,Y2_R003_C03_S01,Y2_boolean_variation,T_Y3_URL_PARTIAL,1,1,1
Y3_R003_C03_S02,Y3_encoded_boolean,Y3,NOT%20(1%20%3E%202),NOT (1 > 2),comparison_numeric,1,1.0,1.0,1.0,0.0,T1_static_validated,representation_case,LLM_review_or_future_special_module,Y1_R003_C03_S02,Y1_basic_boolean,T_Y3_OPERATOR_QUOTE_PERCENT,1,1,1
Y3_R003_C03_S03,Y3_encoded_boolean,Y3,NOT%20%2814%20%3E%2015%29,NOT (14 > 15),comparison_numeric,1,1.0,1.0,1.0,0.0,T1_static_validated,representation_case,LLM_review_or_future_special_module,Y1_R003_C03_S03,Y1_basic_boolean,T_Y3_URL_FULL,1,1,1
Y3_R003_C03_S04,Y3_encoded_boolean,Y3,NOT%20%2827%20>%2010%29,NOT (27 > 10),comparison_numeric,1,1.0,1.0,1.0,0.0,T1_static_validated,representation_case,LLM_review_or_future_special_module,Y2_R003_C03_S04,Y2_boolean_variation,T_Y3_URL_PARTIAL,1,1,1
Y3_R003_C03_S05,Y3_encoded_boolean,Y3,NOT%20(40%20%3E%2023),NOT (40 > 23),comparison_numeric,1,1.0,1.0,1.0,0.0,T1_static_validated,representation_case,LLM_review_or_future_special_module,Y1_R003_C03_S05,Y1_basic_boolean,T_Y3_OPERATOR_QUOTE_PERCENT,1,1,1
Y3_R003_C03_S06,Y3_encoded_boolean,Y3,NOT%20%2853%20%3E%2036%29,NOT (53 > 36),comparison_numeric,1,1.0,1.0,1.0,0.0,T1_static_validated,representation_case,LLM_review_or_future_special_module,Y1_R003_C03_S06,Y1_basic_boolean,T_Y3_URL_FULL,1,1,1
Y3_R003_C04_S01,Y3_encoded_boolean,Y3,(96%20%3E%2079)%20IS%20TRUE,(96 > 79) IS TRUE,comparison_numeric,1,1.0,1.0,1.0,0.0,T1_static_validated,representation_case,LLM_review_or_future_special_module,Y1_R003_C04_S01,Y1_basic_boolean,T_Y3_OPERATOR_QUOTE_PERCENT,1,1,1
Y3_R003_C04_S02,Y3_encoded_boolean,Y3,%2812%20%3E%2092%29%20IS%20TRUE,(12 > 92) IS TRUE,comparison_numeric,1,1.0,1.0,1.0,0.0,T1_static_validated,representation_case,LLM_review_or_future_special_module,Y1_R003_C04_S02,Y1_basic_boolean,T_Y3_URL_FULL,1,1,1
Y3_R003_C04_S03,Y3_encoded_boolean,Y3,%2825%20>%208%29%20IS%20TRUE,(25 > 8) IS TRUE,comparison_numeric,1,1.0,1.0,1.0,0.0,T1_static_validated,representation_case,LLM_review_or_future_special_module,Y2_R003_C04_S03,Y2_boolean_variation,T_Y3_URL_PARTIAL,1,1,1
Y3_R003_C04_S04,Y3_encoded_boolean,Y3,(38%20%3E%2039)%20IS%20TRUE,(38 > 39) IS TRUE,comparison_numeric,1,1.0,1.0,1.0,0.0,T1_static_validated,representation_case,LLM_review_or_future_special_module,Y1_R003_C04_S04,Y1_basic_boolean,T_Y3_OPERATOR_QUOTE_PERCENT,1,1,1
Y3_R003_C04_S05,Y3_encoded_boolean,Y3,%2851%20%3E%2052%29%20IS%20TRUE,(51 > 52) IS TRUE,comparison_numeric,1,1.0,1.0,1.0,0.0,T1_static_validated,representation_case,LLM_review_or_future_special_module,Y1_R003_C04_S05,Y1_basic_boolean,T_Y3_URL_FULL,1,1,1
Y3_R003_C04_S06,Y3_encoded_boolean,Y3,%2864%20>%2065%29%20IS%20TRUE,(64 > 65) IS TRUE,comparison_numeric,1,1.0,1.0,1.0,0.0,T1_static_validated,representation_case,LLM_review_or_future_special_module,Y2_R003_C04_S06,Y2_boolean_variation,T_Y3_URL_PARTIAL,1,1,1
Y3_R003_C05_S01,Y3_encoded_boolean,Y3,%2810%20%3E%2090%29%20IS%20NOT%20FALSE,(10 > 90) IS NOT FALSE,comparison_numeric,1,1.0,1.0,1.0,0.0,T1_static_validated,representation_case,LLM_review_or_future_special_module,Y1_R003_C05_S01,Y1_basic_boolean,T_Y3_URL_FULL,1,1,1
Y3_R003_C05_S02,Y3_encoded_boolean,Y3,%2823%20>%206%29%20IS%20NOT%20FALSE,(23 > 6) IS NOT FALSE,comparison_numeric,1,1.0,1.0,1.0,0.0,T1_static_validated,representation_case,LLM_review_or_future_special_module,Y2_R003_C05_S02,Y2_boolean_variation,T_Y3_URL_PARTIAL,1,1,1
Y3_R003_C05_S03,Y3_encoded_boolean,Y3,(36%20%3E%2019)%20IS%20NOT%20FALSE,(36 > 19) IS NOT FALSE,comparison_numeric,1,1.0,1.0,1.0,0.0,T1_static_validated,representation_case,LLM_review_or_future_special_module,Y1_R003_C05_S03,Y1_basic_boolean,T_Y3_OPERATOR_QUOTE_PERCENT,1,1,1
Y3_R003_C05_S04,Y3_encoded_boolean,Y3,%2849%20%3E%2050%29%20IS%20NOT%20FALSE,(49 > 50) IS NOT FALSE,comparison_numeric,1,1.0,1.0,1.0,0.0,T1_static_validated,representation_case,LLM_review_or_future_special_module,Y1_R003_C05_S04,Y1_basic_boolean,T_Y3_URL_FULL,1,1,1
Y3_R003_C05_S05,Y3_encoded_boolean,Y3,%2862%20>%2063%29%20IS%20NOT%20FALSE,(62 > 63) IS NOT FALSE,comparison_numeric,1,1.0,1.0,1.0,0.0,T1_static_validated,representation_case,LLM_review_or_future_special_module,Y2_R003_C05_S05,Y2_boolean_variation,T_Y3_URL_PARTIAL,1,1,1
Y3_R003_C05_S06,Y3_encoded_boolean,Y3,(75%20%3E%2076)%20IS%20NOT%20FALSE,(75 > 76) IS NOT FALSE,comparison_numeric,1,1.0,1.0,1.0,0.0,T1_static_validated,representation_case,LLM_review_or_future_special_module,Y1_R003_C05_S06,Y1_basic_boolean,T_Y3_OPERATOR_QUOTE_PERCENT,1,1,1
Y3_R003_C06_S01,Y3_encoded_boolean,Y3,CASE%20WHEN%20%2821%20>%204%29%20THEN%20TRUE%20ELSE%20FALSE%20END,CASE WHEN (21 > 4) THEN TRUE ELSE FALSE END,comparison_numeric,1,1.0,1.0,1.0,0.0,T1_static_validated,representation_case,LLM_review_or_future_special_module,Y2_R003_C06_S01,Y2_boolean_variation,T_Y3_URL_PARTIAL,1,1,1
Y3_R003_C06_S02,Y3_encoded_boolean,Y3,CASE%20WHEN%20(34%20%3E%2017)%20THEN%20TRUE%20ELSE%20FALSE%20END,CASE WHEN (34 > 17) THEN TRUE ELSE FALSE END,comparison_numeric,1,1.0,1.0,1.0,0.0,T1_static_validated,representation_case,LLM_review_or_future_special_module,Y1_R003_C06_S02,Y1_basic_boolean,T_Y3_OPERATOR_QUOTE_PERCENT,1,1,1
Y3_R003_C06_S03,Y3_encoded_boolean,Y3,CASE%20WHEN%20%2847%20%3E%2030%29%20THEN%20TRUE%20ELSE%20FALSE%20END,CASE WHEN (47 > 30) THEN TRUE ELSE FALSE END,comparison_numeric,1,1.0,1.0,1.0,0.0,T1_static_validated,representation_case,LLM_review_or_future_special_module,Y1_R003_C06_S03,Y1_basic_boolean,T_Y3_URL_FULL,1,1,1
Y3_R003_C06_S04,Y3_encoded_boolean,Y3,CASE%20WHEN%20%2860%20>%2061%29%20THEN%20TRUE%20ELSE%20FALSE%20END,CASE WHEN (60 > 61) THEN TRUE ELSE FALSE END,comparison_numeric,1,1.0,1.0,1.0,0.0,T1_static_validated,representation_case,LLM_review_or_future_special_module,Y2_R003_C06_S04,Y2_boolean_variation,T_Y3_URL_PARTIAL,1,1,1
Y3_R003_C06_S05,Y3_encoded_boolean,Y3,CASE%20WHEN%20(73%20%3E%2074)%20THEN%20TRUE%20ELSE%20FALSE%20END,CASE WHEN (73 > 74) THEN TRUE ELSE FALSE END,comparison_numeric,1,1.0,1.0,1.0,0.0,T1_static_validated,representation_case,LLM_review_or_future_special_module,Y1_R003_C06_S05,Y1_basic_boolean,T_Y3_OPERATOR_QUOTE_PERCENT,1,1,1
Y3_R003_C06_S06,Y3_encoded_boolean,Y3,CASE%20WHEN%20%2886%20%3E%2087%29%20THEN%20TRUE%20ELSE%20FALSE%20END,CASE WHEN (86 > 87) THEN TRUE ELSE FALSE END,comparison_numeric,1,1.0,1.0,1.0,0.0,T1_static_validated,representation_case,LLM_review_or_future_special_module,Y1_R003_C06_S06,Y1_basic_boolean,T_Y3_URL_FULL,1,1,1
Y3_R003_C07_S01,Y3_encoded_boolean,Y3,(32%20%3E%2015)%20AND%20(66%20%3D%2066),(32 > 15) AND (66 = 66),comparison_numeric,1,1.0,1.0,1.0,0.0,T1_static_validated,representation_case,LLM_review_or_future_special_module,Y1_R003_C07_S01,Y1_basic_boolean,T_Y3_OPERATOR_QUOTE_PERCENT,1,1,1
Y3_R003_C07_S02,Y3_encoded_boolean,Y3,%2845%20%3E%2028%29%20AND%20%2879%20%3D%2079%29,(45 > 28) AND (79 = 79),comparison_numeric,1,1.0,1.0,1.0,0.0,T1_static_validated,representation_case,LLM_review_or_future_special_module,Y1_R003_C07_S02,Y1_basic_boolean,T_Y3_URL_FULL,1,1,1
Y3_R003_C07_S03,Y3_encoded_boolean,Y3,%2858%20>%2041%29%20AND%20%2892%20=%2092%29,(58 > 41) AND (92 = 92),comparison_numeric,1,1.0,1.0,1.0,0.0,T1_static_validated,representation_case,LLM_review_or_future_special_module,Y2_R003_C07_S03,Y2_boolean_variation,T_Y3_URL_PARTIAL,1,1,1
Y3_R003_C07_S04,Y3_encoded_boolean,Y3,(71%20%3E%2072)%20AND%20(8%20%3D%208),(71 > 72) AND (8 = 8),comparison_numeric,1,1.0,1.0,1.0,0.0,T1_static_validated,representation_case,LLM_review_or_future_special_module,Y1_R003_C07_S04,Y1_basic_boolean,T_Y3_OPERATOR_QUOTE_PERCENT,1,1,1
Y3_R003_C07_S05,Y3_encoded_boolean,Y3,%2884%20%3E%2085%29%20AND%20%2821%20%3D%2021%29,(84 > 85) AND (21 = 21),comparison_numeric,1,1.0,1.0,1.0,0.0,T1_static_validated,representation_case,LLM_review_or_future_special_module,Y1_R003_C07_S05,Y1_basic_boolean,T_Y3_URL_FULL,1,1,1
Y3_R003_C07_S06,Y3_encoded_boolean,Y3,%2897%20>%2098%29%20AND%20%2834%20=%2034%29,(97 > 98) AND (34 = 34),comparison_numeric,1,1.0,1.0,1.0,0.0,T1_static_validated,representation_case,LLM_review_or_future_special_module,Y2_R003_C07_S06,Y2_boolean_variation,T_Y3_URL_PARTIAL,1,1,1
Y3_R003_C08_S01,Y3_encoded_boolean,Y3,%2843%20%3E%2026%29%20OR%20%2894%20%3C%3E%2094%29,(43 > 26) OR (94 <> 94),comparison_numeric,1,1.0,1.0,1.0,0.0,T1_static_validated,representation_case,LLM_review_or_future_special_module,Y1_R003_C08_S01,Y1_basic_boolean,T_Y3_URL_FULL,1,1,1
Y3_R003_C08_S02,Y3_encoded_boolean,Y3,%2856%20>%2039%29%20OR%20%2810%20<>%2010%29,(56 > 39) OR (10 <> 10),comparison_numeric,1,1.0,1.0,1.0,0.0,T1_static_validated,representation_case,LLM_review_or_future_special_module,Y2_R003_C08_S02,Y2_boolean_variation,T_Y3_URL_PARTIAL,1,1,1
Y3_R003_C08_S03,Y3_encoded_boolean,Y3,(69%20%3E%2052)%20OR%20(23%20%3C%3E%2023),(69 > 52) OR (23 <> 23),comparison_numeric,1,1.0,1.0,1.0,0.0,T1_static_validated,representation_case,LLM_review_or_future_special_module,Y1_R003_C08_S03,Y1_basic_boolean,T_Y3_OPERATOR_QUOTE_PERCENT,1,1,1
Y3_R003_C08_S04,Y3_encoded_boolean,Y3,%2882%20%3E%2083%29%20OR%20%2836%20%3C%3E%2036%29,(82 > 83) OR (36 <> 36),comparison_numeric,1,1.0,1.0,1.0,0.0,T1_static_validated,representation_case,LLM_review_or_future_special_module,Y1_R003_C08_S04,Y1_basic_boolean,T_Y3_URL_FULL,1,1,1
Y3_R003_C08_S05,Y3_encoded_boolean,Y3,%2895%20>%2096%29%20OR%20%2849%20<>%2049%29,(95 > 96) OR (49 <> 49),comparison_numeric,1,1.0,1.0,1.0,0.0,T1_static_validated,representation_case,LLM_review_or_future_special_module,Y2_R003_C08_S05,Y2_boolean_variation,T_Y3_URL_PARTIAL,1,1,1
Y3_R003_C08_S06,Y3_encoded_boolean,Y3,(11%20%3E%2012)%20OR%20(62%20%3C%3E%2062),(11 > 12) OR (62 <> 62),comparison_numeric,1,1.0,1.0,1.0,0.0,T1_static_validated,representation_case,LLM_review_or_future_special_module,Y1_R003_C08_S06,Y1_basic_boolean,T_Y3_OPERATOR_QUOTE_PERCENT,1,1,1
Y3_R003_C09_S01,Y3_encoded_boolean,Y3,%28%2854%20>%2037%29%20=%20TRUE%29,((54 > 37) = TRUE),comparison_numeric,1,1.0,1.0,1.0,0.0,T1_static_validated,representation_case,LLM_review_or_future_special_module,Y2_R003_C09_S01,Y2_boolean_variation,T_Y3_URL_PARTIAL,1,1,1
Y3_R003_C09_S02,Y3_encoded_boolean,Y3,((67%20%3E%2050)%20%3D%20TRUE),((67 > 50) = TRUE),comparison_numeric,1,1.0,1.0,1.0,0.0,T1_static_validated,representation_case,LLM_review_or_future_special_module,Y1_R003_C09_S02,Y1_basic_boolean,T_Y3_OPERATOR_QUOTE_PERCENT,1,1,1
Y3_R003_C09_S03,Y3_encoded_boolean,Y3,%28%2880%20%3E%2063%29%20%3D%20TRUE%29,((80 > 63) = TRUE),comparison_numeric,1,1.0,1.0,1.0,0.0,T1_static_validated,representation_case,LLM_review_or_future_special_module,Y1_R003_C09_S03,Y1_basic_boolean,T_Y3_URL_FULL,1,1,1
Y3_R003_C09_S04,Y3_encoded_boolean,Y3,%28%2893%20>%2094%29%20=%20TRUE%29,((93 > 94) = TRUE),comparison_numeric,1,1.0,1.0,1.0,0.0,T1_static_validated,representation_case,LLM_review_or_future_special_module,Y2_R003_C09_S04,Y2_boolean_variation,T_Y3_URL_PARTIAL,1,1,1
Y3_R003_C09_S05,Y3_encoded_boolean,Y3,((9%20%3E%2010)%20%3D%20TRUE),((9 > 10) = TRUE),comparison_numeric,1,1.0,1.0,1.0,0.0,T1_static_validated,representation_case,LLM_review_or_future_special_module,Y1_R003_C09_S05,Y1_basic_boolean,T_Y3_OPERATOR_QUOTE_PERCENT,1,1,1
Y3_R003_C09_S06,Y3_encoded_boolean,Y3,%28%2822%20%3E%2023%29%20%3D%20TRUE%29,((22 > 23) = TRUE),comparison_numeric,1,1.0,1.0,1.0,0.0,T1_static_validated,representation_case,LLM_review_or_future_special_module,Y1_R003_C09_S06,Y1_basic_boolean,T_Y3_URL_FULL,1,1,1
Y3_R003_C10_S01,Y3_encoded_boolean,Y3,"COALESCE((65%20%3E%2048),%20FALSE)","COALESCE((65 > 48), FALSE)",comparison_numeric,1,1.0,1.0,1.0,0.0,T1_static_validated,representation_case,LLM_review_or_future_special_module,Y1_R003_C10_S01,Y1_basic_boolean,T_Y3_OPERATOR_QUOTE_PERCENT,1,1,1
Y3_R003_C10_S02,Y3_encoded_boolean,Y3,COALESCE%28%2878%20%3E%2061%29%2C%20FALSE%29,"COALESCE((78 > 61), FALSE)",comparison_numeric,1,1.0,1.0,1.0,0.0,T1_static_validated,representation_case,LLM_review_or_future_special_module,Y1_R003_C10_S02,Y1_basic_boolean,T_Y3_URL_FULL,1,1,1
Y3_R003_C10_S03,Y3_encoded_boolean,Y3,COALESCE%28%2891%20>%2074%29%2C%20FALSE%29,"COALESCE((91 > 74), FALSE)",comparison_numeric,1,1.0,1.0,1.0,0.0,T1_static_validated,representation_case,LLM_review_or_future_special_module,Y2_R003_C10_S03,Y2_boolean_variation,T_Y3_URL_PARTIAL,1,1,1
Y3_R003_C10_S04,Y3_encoded_boolean,Y3,"COALESCE((7%20%3E%208),%20FALSE)","COALESCE((7 > 8), FALSE)",comparison_numeric,1,1.0,1.0,1.0,0.0,T1_static_validated,representation_case,LLM_review_or_future_special_module,Y1_R003_C10_S04,Y1_basic_boolean,T_Y3_OPERATOR_QUOTE_PERCENT,1,1,1
Y3_R003_C10_S05,Y3_encoded_boolean,Y3,COALESCE%28%2820%20%3E%2021%29%2C%20FALSE%29,"COALESCE((20 > 21), FALSE)",comparison_numeric,1,1.0,1.0,1.0,0.0,T1_static_validated,representation_case,LLM_review_or_future_special_module,Y1_R003_C10_S05,Y1_basic_boolean,T_Y3_URL_FULL,1,1,1
Y3_R003_C10_S06,Y3_encoded_boolean,Y3,COALESCE%28%2833%20>%2034%29%2C%20FALSE%29,"COALESCE((33 > 34), FALSE)",comparison_numeric,1,1.0,1.0,1.0,0.0,T1_static_validated,representation_case,LLM_review_or_future_special_module,Y2_R003_C10_S06,Y2_boolean_variation,T_Y3_URL_PARTIAL,1,1,1
Y3_R004_C01_S01,Y3_encoded_boolean,Y3,53%20%3C%3D%2070,53 <= 70,comparison_numeric,1,1.0,1.0,1.0,0.0,T1_static_validated,representation_case,LLM_review_or_future_special_module,Y1_R004_C01_S01,Y1_basic_boolean,T_Y3_URL_FULL,1,1,1
Y3_R004_C01_S02,Y3_encoded_boolean,Y3,66%20<=%2083,66 <= 83,comparison_numeric,1,1.0,1.0,1.0,0.0,T1_static_validated,representation_case,LLM_review_or_future_special_module,Y2_R004_C01_S02,Y2_boolean_variation,T_Y3_URL_PARTIAL,1,1,1
Y3_R004_C01_S03,Y3_encoded_boolean,Y3,79%20%3C%3D%2096,79 <= 96,comparison_numeric,1,1.0,1.0,1.0,0.0,T1_static_validated,representation_case,LLM_review_or_future_special_module,Y1_R004_C01_S03,Y1_basic_boolean,T_Y3_OPERATOR_QUOTE_PERCENT,1,1,1
Y3_R004_C01_S04,Y3_encoded_boolean,Y3,92%20%3C%3D%2091,92 <= 91,comparison_numeric,1,1.0,1.0,1.0,0.0,T1_static_validated,representation_case,LLM_review_or_future_special_module,Y1_R004_C01_S04,Y1_basic_boolean,T_Y3_URL_FULL,1,1,1
Y3_R004_C01_S05,Y3_encoded_boolean,Y3,8%20<=%207,8 <= 7,comparison_numeric,1,1.0,1.0,1.0,0.0,T1_static_validated,representation_case,LLM_review_or_future_special_module,Y2_R004_C01_S05,Y2_boolean_variation,T_Y3_URL_PARTIAL,1,1,1
Y3_R004_C01_S06,Y3_encoded_boolean,Y3,21%20%3C%3D%2020,21 <= 20,comparison_numeric,1,1.0,1.0,1.0,0.0,T1_static_validated,representation_case,LLM_review_or_future_special_module,Y1_R004_C01_S06,Y1_basic_boolean,T_Y3_OPERATOR_QUOTE_PERCENT,1,1,1
Y3_R004_C02_S01,Y3_encoded_boolean,Y3,%2864%20<=%2081%29,(64 <= 81),comparison_numeric,1,1.0,1.0,1.0,0.0,T1_static_validated,representation_case,LLM_review_or_future_special_module,Y2_R004_C02_S01,Y2_boolean_variation,T_Y3_URL_PARTIAL,1,1,1
Y3_R004_C02_S02,Y3_encoded_boolean,Y3,(77%20%3C%3D%2094),(77 <= 94),comparison_numeric,1,1.0,1.0,1.0,0.0,T1_static_validated,representation_case,LLM_review_or_future_special_module,Y1_R004_C02_S02,Y1_basic_boolean,T_Y3_OPERATOR_QUOTE_PERCENT,1,1,1
Y3_R004_C02_S03,Y3_encoded_boolean,Y3,%2890%20%3C%3D%2010%29,(90 <= 10),comparison_numeric,1,1.0,1.0,1.0,0.0,T1_static_validated,representation_case,LLM_review_or_future_special_module,Y1_R004_C02_S03,Y1_basic_boolean,T_Y3_URL_FULL,1,1,1
Y3_R004_C02_S04,Y3_encoded_boolean,Y3,%286%20<=%205%29,(6 <= 5),comparison_numeric,1,1.0,1.0,1.0,0.0,T1_static_validated,representation_case,LLM_review_or_future_special_module,Y2_R004_C02_S04,Y2_boolean_variation,T_Y3_URL_PARTIAL,1,1,1
Y3_R004_C02_S05,Y3_encoded_boolean,Y3,(19%20%3C%3D%2018),(19 <= 18),comparison_numeric,1,1.0,1.0,1.0,0.0,T1_static_validated,representation_case,LLM_review_or_future_special_module,Y1_R004_C02_S05,Y1_basic_boolean,T_Y3_OPERATOR_QUOTE_PERCENT,1,1,1
Y3_R004_C02_S06,Y3_encoded_boolean,Y3,%2832%20%3C%3D%2031%29,(32 <= 31),comparison_numeric,1,1.0,1.0,1.0,0.0,T1_static_validated,representation_case,LLM_review_or_future_special_module,Y1_R004_C02_S06,Y1_basic_boolean,T_Y3_URL_FULL,1,1,1
Y3_R004_C03_S01,Y3_encoded_boolean,Y3,NOT%20(75%20%3C%3D%2074),NOT (75 <= 74),comparison_numeric,1,1.0,1.0,1.0,0.0,T1_static_validated,representation_case,LLM_review_or_future_special_module,Y1_R004_C03_S01,Y1_basic_boolean,T_Y3_OPERATOR_QUOTE_PERCENT,1,1,1
Y3_R004_C03_S02,Y3_encoded_boolean,Y3,NOT%20%2888%20%3C%3D%2087%29,NOT (88 <= 87),comparison_numeric,1,1.0,1.0,1.0,0.0,T1_static_validated,representation_case,LLM_review_or_future_special_module,Y1_R004_C03_S02,Y1_basic_boolean,T_Y3_URL_FULL,1,1,1
Y3_R004_C03_S03,Y3_encoded_boolean,Y3,NOT%20%284%20<=%203%29,NOT (4 <= 3),comparison_numeric,1,1.0,1.0,1.0,0.0,T1_static_validated,representation_case,LLM_review_or_future_special_module,Y2_R004_C03_S03,Y2_boolean_variation,T_Y3_URL_PARTIAL,1,1,1
Y3_R004_C03_S04,Y3_encoded_boolean,Y3,NOT%20(17%20%3C%3D%2034),NOT (17 <= 34),comparison_numeric,1,1.0,1.0,1.0,0.0,T1_static_validated,representation_case,LLM_review_or_future_special_module,Y1_R004_C03_S04,Y1_basic_boolean,T_Y3_OPERATOR_QUOTE_PERCENT,1,1,1
Y3_R004_C03_S05,Y3_encoded_boolean,Y3,NOT%20%2830%20%3C%3D%2047%29,NOT (30 <= 47),comparison_numeric,1,1.0,1.0,1.0,0.0,T1_static_validated,representation_case,LLM_review_or_future_special_module,Y1_R004_C03_S05,Y1_basic_boolean,T_Y3_URL_FULL,1,1,1
Y3_R004_C03_S06,Y3_encoded_boolean,Y3,NOT%20%2843%20<=%2060%29,NOT (43 <= 60),comparison_numeric,1,1.0,1.0,1.0,0.0,T1_static_validated,representation_case,LLM_review_or_future_special_module,Y2_R004_C03_S06,Y2_boolean_variation,T_Y3_URL_PARTIAL,1,1,1
Y3_R004_C04_S01,Y3_encoded_boolean,Y3,%2886%20%3C%3D%206%29%20IS%20TRUE,(86 <= 6) IS TRUE,comparison_numeric,1,1.0,1.0,1.0,0.0,T1_static_validated,representation_case,LLM_review_or_future_special_module,Y1_R004_C04_S01,Y1_basic_boolean,T_Y3_URL_FULL,1,1,1
Y3_R004_C04_S02,Y3_encoded_boolean,Y3,%282%20<=%2019%29%20IS%20TRUE,(2 <= 19) IS TRUE,comparison_numeric,1,1.0,1.0,1.0,0.0,T1_static_validated,representation_case,LLM_review_or_future_special_module,Y2_R004_C04_S02,Y2_boolean_variation,T_Y3_URL_PARTIAL,1,1,1
Y3_R004_C04_S03,Y3_encoded_boolean,Y3,(15%20%3C%3D%2032)%20IS%20TRUE,(15 <= 32) IS TRUE,comparison_numeric,1,1.0,1.0,1.0,0.0,T1_static_validated,representation_case,LLM_review_or_future_special_module,Y1_R004_C04_S03,Y1_basic_boolean,T_Y3_OPERATOR_QUOTE_PERCENT,1,1,1
Y3_R004_C04_S04,Y3_encoded_boolean,Y3,%2828%20%3C%3D%2027%29%20IS%20TRUE,(28 <= 27) IS TRUE,comparison_numeric,1,1.0,1.0,1.0,0.0,T1_static_validated,representation_case,LLM_review_or_future_special_module,Y1_R004_C04_S04,Y1_basic_boolean,T_Y3_URL_FULL,1,1,1
Y3_R004_C04_S05,Y3_encoded_boolean,Y3,%2841%20<=%2040%29%20IS%20TRUE,(41 <= 40) IS TRUE,comparison_numeric,1,1.0,1.0,1.0,0.0,T1_static_validated,representation_case,LLM_review_or_future_special_module,Y2_R004_C04_S05,Y2_boolean_variation,T_Y3_URL_PARTIAL,1,1,1
Y3_R004_C04_S06,Y3_encoded_boolean,Y3,(54%20%3C%3D%2053)%20IS%20TRUE,(54 <= 53) IS TRUE,comparison_numeric,1,1.0,1.0,1.0,0.0,T1_static_validated,representation_case,LLM_review_or_future_special_module,Y1_R004_C04_S06,Y1_basic_boolean,T_Y3_OPERATOR_QUOTE_PERCENT,1,1,1
Y3_R004_C05_S01,Y3_encoded_boolean,Y3,%2897%20<=%2017%29%20IS%20NOT%20FALSE,(97 <= 17) IS NOT FALSE,comparison_numeric,1,1.0,1.0,1.0,0.0,T1_static_validated,representation_case,LLM_review_or_future_special_module,Y2_R004_C05_S01,Y2_boolean_variation,T_Y3_URL_PARTIAL,1,1,1
Y3_R004_C05_S02,Y3_encoded_boolean,Y3,(13%20%3C%3D%2030)%20IS%20NOT%20FALSE,(13 <= 30) IS NOT FALSE,comparison_numeric,1,1.0,1.0,1.0,0.0,T1_static_validated,representation_case,LLM_review_or_future_special_module,Y1_R004_C05_S02,Y1_basic_boolean,T_Y3_OPERATOR_QUOTE_PERCENT,1,1,1
Y3_R004_C05_S03,Y3_encoded_boolean,Y3,%2826%20%3C%3D%2043%29%20IS%20NOT%20FALSE,(26 <= 43) IS NOT FALSE,comparison_numeric,1,1.0,1.0,1.0,0.0,T1_static_validated,representation_case,LLM_review_or_future_special_module,Y1_R004_C05_S03,Y1_basic_boolean,T_Y3_URL_FULL,1,1,1
Y3_R004_C05_S04,Y3_encoded_boolean,Y3,%2839%20<=%2038%29%20IS%20NOT%20FALSE,(39 <= 38) IS NOT FALSE,comparison_numeric,1,1.0,1.0,1.0,0.0,T1_static_validated,representation_case,LLM_review_or_future_special_module,Y2_R004_C05_S04,Y2_boolean_variation,T_Y3_URL_PARTIAL,1,1,1
Y3_R004_C05_S05,Y3_encoded_boolean,Y3,(52%20%3C%3D%2051)%20IS%20NOT%20FALSE,(52 <= 51) IS NOT FALSE,comparison_numeric,1,1.0,1.0,1.0,0.0,T1_static_validated,representation_case,LLM_review_or_future_special_module,Y1_R004_C05_S05,Y1_basic_boolean,T_Y3_OPERATOR_QUOTE_PERCENT,1,1,1
Y3_R004_C05_S06,Y3_encoded_boolean,Y3,%2865%20%3C%3D%2064%29%20IS%20NOT%20FALSE,(65 <= 64) IS NOT FALSE,comparison_numeric,1,1.0,1.0,1.0,0.0,T1_static_validated,representation_case,LLM_review_or_future_special_module,Y1_R004_C05_S06,Y1_basic_boolean,T_Y3_URL_FULL,1,1,1
Y3_R004_C06_S01,Y3_encoded_boolean,Y3,CASE%20WHEN%20(11%20%3C%3D%2028)%20THEN%20TRUE%20ELSE%20FALSE%20END,CASE WHEN (11 <= 28) THEN TRUE ELSE FALSE END,comparison_numeric,1,1.0,1.0,1.0,0.0,T1_static_validated,representation_case,LLM_review_or_future_special_module,Y1_R004_C06_S01,Y1_basic_boolean,T_Y3_OPERATOR_QUOTE_PERCENT,1,1,1
Y3_R004_C06_S02,Y3_encoded_boolean,Y3,CASE%20WHEN%20%2824%20%3C%3D%2041%29%20THEN%20TRUE%20ELSE%20FALSE%20END,CASE WHEN (24 <= 41) THEN TRUE ELSE FALSE END,comparison_numeric,1,1.0,1.0,1.0,0.0,T1_static_validated,representation_case,LLM_review_or_future_special_module,Y1_R004_C06_S02,Y1_basic_boolean,T_Y3_URL_FULL,1,1,1
Y3_R004_C06_S03,Y3_encoded_boolean,Y3,CASE%20WHEN%20%2837%20<=%2054%29%20THEN%20TRUE%20ELSE%20FALSE%20END,CASE WHEN (37 <= 54) THEN TRUE ELSE FALSE END,comparison_numeric,1,1.0,1.0,1.0,0.0,T1_static_validated,representation_case,LLM_review_or_future_special_module,Y2_R004_C06_S03,Y2_boolean_variation,T_Y3_URL_PARTIAL,1,1,1
Y3_R004_C06_S04,Y3_encoded_boolean,Y3,CASE%20WHEN%20(50%20%3C%3D%2049)%20THEN%20TRUE%20ELSE%20FALSE%20END,CASE WHEN (50 <= 49) THEN TRUE ELSE FALSE END,comparison_numeric,1,1.0,1.0,1.0,0.0,T1_static_validated,representation_case,LLM_review_or_future_special_module,Y1_R004_C06_S04,Y1_basic_boolean,T_Y3_OPERATOR_QUOTE_PERCENT,1,1,1
Y3_R004_C06_S05,Y3_encoded_boolean,Y3,CASE%20WHEN%20%2863%20%3C%3D%2062%29%20THEN%20TRUE%20ELSE%20FALSE%20END,CASE WHEN (63 <= 62) THEN TRUE ELSE FALSE END,comparison_numeric,1,1.0,1.0,1.0,0.0,T1_static_validated,representation_case,LLM_review_or_future_special_module,Y1_R004_C06_S05,Y1_basic_boolean,T_Y3_URL_FULL,1,1,1
Y3_R004_C06_S06,Y3_encoded_boolean,Y3,CASE%20WHEN%20%2876%20<=%2075%29%20THEN%20TRUE%20ELSE%20FALSE%20END,CASE WHEN (76 <= 75) THEN TRUE ELSE FALSE END,comparison_numeric,1,1.0,1.0,1.0,0.0,T1_static_validated,representation_case,LLM_review_or_future_special_module,Y2_R004_C06_S06,Y2_boolean_variation,T_Y3_URL_PARTIAL,1,1,1
Y3_R004_C07_S01,Y3_encoded_boolean,Y3,%2822%20%3C%3D%2039%29%20AND%20%2873%20%3D%2073%29,(22 <= 39) AND (73 = 73),comparison_numeric,1,1.0,1.0,1.0,0.0,T1_static_validated,representation_case,LLM_review_or_future_special_module,Y1_R004_C07_S01,Y1_basic_boolean,T_Y3_URL_FULL,1,1,1
Y3_R004_C07_S02,Y3_encoded_boolean,Y3,%2835%20<=%2052%29%20AND%20%2886%20=%2086%29,(35 <= 52) AND (86 = 86),comparison_numeric,1,1.0,1.0,1.0,0.0,T1_static_validated,representation_case,LLM_review_or_future_special_module,Y2_R004_C07_S02,Y2_boolean_variation,T_Y3_URL_PARTIAL,1,1,1
Y3_R004_C07_S03,Y3_encoded_boolean,Y3,(48%20%3C%3D%2065)%20AND%20(2%20%3D%202),(48 <= 65) AND (2 = 2),comparison_numeric,1,1.0,1.0,1.0,0.0,T1_static_validated,representation_case,LLM_review_or_future_special_module,Y1_R004_C07_S03,Y1_basic_boolean,T_Y3_OPERATOR_QUOTE_PERCENT,1,1,1
Y3_R004_C07_S04,Y3_encoded_boolean,Y3,%2861%20%3C%3D%2060%29%20AND%20%2815%20%3D%2015%29,(61 <= 60) AND (15 = 15),comparison_numeric,1,1.0,1.0,1.0,0.0,T1_static_validated,representation_case,LLM_review_or_future_special_module,Y1_R004_C07_S04,Y1_basic_boolean,T_Y3_URL_FULL,1,1,1
Y3_R004_C07_S05,Y3_encoded_boolean,Y3,%2874%20<=%2073%29%20AND%20%2828%20=%2028%29,(74 <= 73) AND (28 = 28),comparison_numeric,1,1.0,1.0,1.0,0.0,T1_static_validated,representation_case,LLM_review_or_future_special_module,Y2_R004_C07_S05,Y2_boolean_variation,T_Y3_URL_PARTIAL,1,1,1
Y3_R004_C07_S06,Y3_encoded_boolean,Y3,(87%20%3C%3D%2086)%20AND%20(41%20%3D%2041),(87 <= 86) AND (41 = 41),comparison_numeric,1,1.0,1.0,1.0,0.0,T1_static_validated,representation_case,LLM_review_or_future_special_module,Y1_R004_C07_S06,Y1_basic_boolean,T_Y3_OPERATOR_QUOTE_PERCENT,1,1,1
Y3_R004_C08_S01,Y3_encoded_boolean,Y3,%2833%20<=%2050%29%20OR%20%284%20<>%204%29,(33 <= 50) OR (4 <> 4),comparison_numeric,1,1.0,1.0,1.0,0.0,T1_static_validated,representation_case,LLM_review_or_future_special_module,Y2_R004_C08_S01,Y2_boolean_variation,T_Y3_URL_PARTIAL,1,1,1
Y3_R004_C08_S02,Y3_encoded_boolean,Y3,(46%20%3C%3D%2063)%20OR%20(17%20%3C%3E%2017),(46 <= 63) OR (17 <> 17),comparison_numeric,1,1.0,1.0,1.0,0.0,T1_static_validated,representation_case,LLM_review_or_future_special_module,Y1_R004_C08_S02,Y1_basic_boolean,T_Y3_OPERATOR_QUOTE_PERCENT,1,1,1
Y3_R004_C08_S03,Y3_encoded_boolean,Y3,%2859%20%3C%3D%2076%29%20OR%20%2830%20%3C%3E%2030%29,(59 <= 76) OR (30 <> 30),comparison_numeric,1,1.0,1.0,1.0,0.0,T1_static_validated,representation_case,LLM_review_or_future_special_module,Y1_R004_C08_S03,Y1_basic_boolean,T_Y3_URL_FULL,1,1,1
Y3_R004_C08_S04,Y3_encoded_boolean,Y3,%2872%20<=%2071%29%20OR%20%2843%20<>%2043%29,(72 <= 71) OR (43 <> 43),comparison_numeric,1,1.0,1.0,1.0,0.0,T1_static_validated,representation_case,LLM_review_or_future_special_module,Y2_R004_C08_S04,Y2_boolean_variation,T_Y3_URL_PARTIAL,1,1,1
Y3_R004_C08_S05,Y3_encoded_boolean,Y3,(85%20%3C%3D%2084)%20OR%20(56%20%3C%3E%2056),(85 <= 84) OR (56 <> 56),comparison_numeric,1,1.0,1.0,1.0,0.0,T1_static_validated,representation_case,LLM_review_or_future_special_module,Y1_R004_C08_S05,Y1_basic_boolean,T_Y3_OPERATOR_QUOTE_PERCENT,1,1,1
Y3_R004_C08_S06,Y3_encoded_boolean,Y3,%281%20%3C%3D%200%29%20OR%20%2869%20%3C%3E%2069%29,(1 <= 0) OR (69 <> 69),comparison_numeric,1,1.0,1.0,1.0,0.0,T1_static_validated,representation_case,LLM_review_or_future_special_module,Y1_R004_C08_S06,Y1_basic_boolean,T_Y3_URL_FULL,1,1,1
Y3_R004_C09_S01,Y3_encoded_boolean,Y3,((44%20%3C%3D%2061)%20%3D%20TRUE),((44 <= 61) = TRUE),comparison_numeric,1,1.0,1.0,1.0,0.0,T1_static_validated,representation_case,LLM_review_or_future_special_module,Y1_R004_C09_S01,Y1_basic_boolean,T_Y3_OPERATOR_QUOTE_PERCENT,1,1,1
Y3_R004_C09_S02,Y3_encoded_boolean,Y3,%28%2857%20%3C%3D%2074%29%20%3D%20TRUE%29,((57 <= 74) = TRUE),comparison_numeric,1,1.0,1.0,1.0,0.0,T1_static_validated,representation_case,LLM_review_or_future_special_module,Y1_R004_C09_S02,Y1_basic_boolean,T_Y3_URL_FULL,1,1,1
Y3_R004_C09_S03,Y3_encoded_boolean,Y3,%28%2870%20<=%2087%29%20=%20TRUE%29,((70 <= 87) = TRUE),comparison_numeric,1,1.0,1.0,1.0,0.0,T1_static_validated,representation_case,LLM_review_or_future_special_module,Y2_R004_C09_S03,Y2_boolean_variation,T_Y3_URL_PARTIAL,1,1,1
Y3_R004_C09_S04,Y3_encoded_boolean,Y3,((83%20%3C%3D%2082)%20%3D%20TRUE),((83 <= 82) = TRUE),comparison_numeric,1,1.0,1.0,1.0,0.0,T1_static_validated,representation_case,LLM_review_or_future_special_module,Y1_R004_C09_S04,Y1_basic_boolean,T_Y3_OPERATOR_QUOTE_PERCENT,1,1,1
Y3_R004_C09_S05,Y3_encoded_boolean,Y3,%28%2896%20%3C%3D%2095%29%20%3D%20TRUE%29,((96 <= 95) = TRUE),comparison_numeric,1,1.0,1.0,1.0,0.0,T1_static_validated,representation_case,LLM_review_or_future_special_module,Y1_R004_C09_S05,Y1_basic_boolean,T_Y3_URL_FULL,1,1,1
Y3_R004_C09_S06,Y3_encoded_boolean,Y3,%28%2812%20<=%2011%29%20=%20TRUE%29,((12 <= 11) = TRUE),comparison_numeric,1,1.0,1.0,1.0,0.0,T1_static_validated,representation_case,LLM_review_or_future_special_module,Y2_R004_C09_S06,Y2_boolean_variation,T_Y3_URL_PARTIAL,1,1,1
Y3_R004_C10_S01,Y3_encoded_boolean,Y3,COALESCE%28%2855%20%3C%3D%2072%29%2C%20FALSE%29,"COALESCE((55 <= 72), FALSE)",comparison_numeric,1,1.0,1.0,1.0,0.0,T1_static_validated,representation_case,LLM_review_or_future_special_module,Y1_R004_C10_S01,Y1_basic_boolean,T_Y3_URL_FULL,1,1,1
Y3_R004_C10_S02,Y3_encoded_boolean,Y3,COALESCE%28%2868%20<=%2085%29%2C%20FALSE%29,"COALESCE((68 <= 85), FALSE)",comparison_numeric,1,1.0,1.0,1.0,0.0,T1_static_validated,representation_case,LLM_review_or_future_special_module,Y2_R004_C10_S02,Y2_boolean_variation,T_Y3_URL_PARTIAL,1,1,1
Y3_R004_C10_S03,Y3_encoded_boolean,Y3,"COALESCE((81%20%3C%3D%201),%20FALSE)","COALESCE((81 <= 1), FALSE)",comparison_numeric,1,1.0,1.0,1.0,0.0,T1_static_validated,representation_case,LLM_review_or_future_special_module,Y1_R004_C10_S03,Y1_basic_boolean,T_Y3_OPERATOR_QUOTE_PERCENT,1,1,1
Y3_R004_C10_S04,Y3_encoded_boolean,Y3,COALESCE%28%2894%20%3C%3D%2093%29%2C%20FALSE%29,"COALESCE((94 <= 93), FALSE)",comparison_numeric,1,1.0,1.0,1.0,0.0,T1_static_validated,representation_case,LLM_review_or_future_special_module,Y1_R004_C10_S04,Y1_basic_boolean,T_Y3_URL_FULL,1,1,1
Y3_R004_C10_S05,Y3_encoded_boolean,Y3,COALESCE%28%2810%20<=%209%29%2C%20FALSE%29,"COALESCE((10 <= 9), FALSE)",comparison_numeric,1,1.0,1.0,1.0,0.0,T1_static_validated,representation_case,LLM_review_or_future_special_module,Y2_R004_C10_S05,Y2_boolean_variation,T_Y3_URL_PARTIAL,1,1,1
Y3_R004_C10_S06,Y3_encoded_boolean,Y3,"COALESCE((23%20%3C%3D%2022),%20FALSE)","COALESCE((23 <= 22), FALSE)",comparison_numeric,1,1.0,1.0,1.0,0.0,T1_static_validated,representation_case,LLM_review_or_future_special_module,Y1_R004_C10_S06,Y1_basic_boolean,T_Y3_OPERATOR_QUOTE_PERCENT,1,1,1
Y3_R005_C01_S01,Y3_encoded_boolean,Y3,%2860%20+%2094%29%20=%20154,(60 + 94) = 154,comparison_numeric,1,1.0,1.0,1.0,0.0,T1_static_validated,representation_case,LLM_review_or_future_special_module,Y2_R005_C01_S01,Y2_boolean_variation,T_Y3_URL_PARTIAL,1,1,1
Y3_R005_C01_S02,Y3_encoded_boolean,Y3,(73%20+%2010)%20%3D%2083,(73 + 10) = 83,comparison_numeric,1,1.0,1.0,1.0,0.0,T1_static_validated,representation_case,LLM_review_or_future_special_module,Y1_R005_C01_S02,Y1_basic_boolean,T_Y3_OPERATOR_QUOTE_PERCENT,1,1,1
Y3_R005_C01_S03,Y3_encoded_boolean,Y3,%2886%20%2B%2023%29%20%3D%20109,(86 + 23) = 109,comparison_numeric,1,1.0,1.0,1.0,0.0,T1_static_validated,representation_case,LLM_review_or_future_special_module,Y1_R005_C01_S03,Y1_basic_boolean,T_Y3_URL_FULL,1,1,1
Y3_R005_C01_S04,Y3_encoded_boolean,Y3,%282%20+%2036%29%20=%2039,(2 + 36) = 39,comparison_numeric,1,1.0,1.0,1.0,0.0,T1_static_validated,representation_case,LLM_review_or_future_special_module,Y2_R005_C01_S04,Y2_boolean_variation,T_Y3_URL_PARTIAL,1,1,1
Y3_R005_C01_S05,Y3_encoded_boolean,Y3,(15%20+%2049)%20%3D%2065,(15 + 49) = 65,comparison_numeric,1,1.0,1.0,1.0,0.0,T1_static_validated,representation_case,LLM_review_or_future_special_module,Y1_R005_C01_S05,Y1_basic_boolean,T_Y3_OPERATOR_QUOTE_PERCENT,1,1,1
Y3_R005_C01_S06,Y3_encoded_boolean,Y3,%2828%20%2B%2062%29%20%3D%2091,(28 + 62) = 91,comparison_numeric,1,1.0,1.0,1.0,0.0,T1_static_validated,representation_case,LLM_review_or_future_special_module,Y1_R005_C01_S06,Y1_basic_boolean,T_Y3_URL_FULL,1,1,1
Y3_R005_C02_S01,Y3_encoded_boolean,Y3,((71%20+%208)%20%3D%2079),((71 + 8) = 79),comparison_numeric,1,1.0,1.0,1.0,0.0,T1_static_validated,representation_case,LLM_review_or_future_special_module,Y1_R005_C02_S01,Y1_basic_boolean,T_Y3_OPERATOR_QUOTE_PERCENT,1,1,1
Y3_R005_C02_S02,Y3_encoded_boolean,Y3,%28%2884%20%2B%2021%29%20%3D%20105%29,((84 + 21) = 105),comparison_numeric,1,1.0,1.0,1.0,0.0,T1_static_validated,representation_case,LLM_review_or_future_special_module,Y1_R005_C02_S02,Y1_basic_boolean,T_Y3_URL_FULL,1,1,1
Y3_R005_C02_S03,Y3_encoded_boolean,Y3,%28%2897%20+%2034%29%20=%20131%29,((97 + 34) = 131),comparison_numeric,1,1.0,1.0,1.0,0.0,T1_static_validated,representation_case,LLM_review_or_future_special_module,Y2_R005_C02_S03,Y2_boolean_variation,T_Y3_URL_PARTIAL,1,1,1
Y3_R005_C02_S04,Y3_encoded_boolean,Y3,((13%20+%2047)%20%3D%2061),((13 + 47) = 61),comparison_numeric,1,1.0,1.0,1.0,0.0,T1_static_validated,representation_case,LLM_review_or_future_special_module,Y1_R005_C02_S04,Y1_basic_boolean,T_Y3_OPERATOR_QUOTE_PERCENT,1,1,1
Y3_R005_C02_S05,Y3_encoded_boolean,Y3,%28%2826%20%2B%2060%29%20%3D%2087%29,((26 + 60) = 87),comparison_numeric,1,1.0,1.0,1.0,0.0,T1_static_validated,representation_case,LLM_review_or_future_special_module,Y1_R005_C02_S05,Y1_basic_boolean,T_Y3_URL_FULL,1,1,1
Y3_R005_C02_S06,Y3_encoded_boolean,Y3,%28%2839%20+%2073%29%20=%20113%29,((39 + 73) = 113),comparison_numeric,1,1.0,1.0,1.0,0.0,T1_static_validated,representation_case,LLM_review_or_future_special_module,Y2_R005_C02_S06,Y2_boolean_variation,T_Y3_URL_PARTIAL,1,1,1
Y3_R005_C03_S01,Y3_encoded_boolean,Y3,NOT%20%28%2882%20%2B%2019%29%20%3D%20102%29,NOT ((82 + 19) = 102),comparison_numeric,1,1.0,1.0,1.0,0.0,T1_static_validated,representation_case,LLM_review_or_future_special_module,Y1_R005_C03_S01,Y1_basic_boolean,T_Y3_URL_FULL,1,1,1
Y3_R005_C03_S02,Y3_encoded_boolean,Y3,NOT%20%28%2895%20+%2032%29%20=%20128%29,NOT ((95 + 32) = 128),comparison_numeric,1,1.0,1.0,1.0,0.0,T1_static_validated,representation_case,LLM_review_or_future_special_module,Y2_R005_C03_S02,Y2_boolean_variation,T_Y3_URL_PARTIAL,1,1,1
Y3_R005_C03_S03,Y3_encoded_boolean,Y3,NOT%20((11%20+%2045)%20%3D%2057),NOT ((11 + 45) = 57),comparison_numeric,1,1.0,1.0,1.0,0.0,T1_static_validated,representation_case,LLM_review_or_future_special_module,Y1_R005_C03_S03,Y1_basic_boolean,T_Y3_OPERATOR_QUOTE_PERCENT,1,1,1
Y3_R005_C03_S04,Y3_encoded_boolean,Y3,NOT%20%28%2824%20%2B%2058%29%20%3D%2082%29,NOT ((24 + 58) = 82),comparison_numeric,1,1.0,1.0,1.0,0.0,T1_static_validated,representation_case,LLM_review_or_future_special_module,Y1_R005_C03_S04,Y1_basic_boolean,T_Y3_URL_FULL,1,1,1
Y3_R005_C03_S05,Y3_encoded_boolean,Y3,NOT%20%28%2837%20+%2071%29%20=%20108%29,NOT ((37 + 71) = 108),comparison_numeric,1,1.0,1.0,1.0,0.0,T1_static_validated,representation_case,LLM_review_or_future_special_module,Y2_R005_C03_S05,Y2_boolean_variation,T_Y3_URL_PARTIAL,1,1,1
Y3_R005_C03_S06,Y3_encoded_boolean,Y3,NOT%20((50%20+%2084)%20%3D%20134),NOT ((50 + 84) = 134),comparison_numeric,1,1.0,1.0,1.0,0.0,T1_static_validated,representation_case,LLM_review_or_future_special_module,Y1_R005_C03_S06,Y1_basic_boolean,T_Y3_OPERATOR_QUOTE_PERCENT,1,1,1
Y3_R005_C04_S01,Y3_encoded_boolean,Y3,%28%2893%20+%2030%29%20=%20123%29%20IS%20TRUE,((93 + 30) = 123) IS TRUE,comparison_numeric,1,1.0,1.0,1.0,0.0,T1_static_validated,representation_case,LLM_review_or_future_special_module,Y2_R005_C04_S01,Y2_boolean_variation,T_Y3_URL_PARTIAL,1,1,1
Y3_R005_C04_S02,Y3_encoded_boolean,Y3,((9%20+%2043)%20%3D%2052)%20IS%20TRUE,((9 + 43) = 52) IS TRUE,comparison_numeric,1,1.0,1.0,1.0,0.0,T1_static_validated,representation_case,LLM_review_or_future_special_module,Y1_R005_C04_S02,Y1_basic_boolean,T_Y3_OPERATOR_QUOTE_PERCENT,1,1,1
Y3_R005_C04_S03,Y3_encoded_boolean,Y3,%28%2822%20%2B%2056%29%20%3D%2078%29%20IS%20TRUE,((22 + 56) = 78) IS TRUE,comparison_numeric,1,1.0,1.0,1.0,0.0,T1_static_validated,representation_case,LLM_review_or_future_special_module,Y1_R005_C04_S03,Y1_basic_boolean,T_Y3_URL_FULL,1,1,1
Y3_R005_C04_S04,Y3_encoded_boolean,Y3,%28%2835%20+%2069%29%20=%20105%29%20IS%20TRUE,((35 + 69) = 105) IS TRUE,comparison_numeric,1,1.0,1.0,1.0,0.0,T1_static_validated,representation_case,LLM_review_or_future_special_module,Y2_R005_C04_S04,Y2_boolean_variation,T_Y3_URL_PARTIAL,1,1,1
Y3_R005_C04_S05,Y3_encoded_boolean,Y3,((48%20+%2082)%20%3D%20131)%20IS%20TRUE,((48 + 82) = 131) IS TRUE,comparison_numeric,1,1.0,1.0,1.0,0.0,T1_static_validated,representation_case,LLM_review_or_future_special_module,Y1_R005_C04_S05,Y1_basic_boolean,T_Y3_OPERATOR_QUOTE_PERCENT,1,1,1
Y3_R005_C04_S06,Y3_encoded_boolean,Y3,%28%2861%20%2B%2095%29%20%3D%20157%29%20IS%20TRUE,((61 + 95) = 157) IS TRUE,comparison_numeric,1,1.0,1.0,1.0,0.0,T1_static_validated,representation_case,LLM_review_or_future_special_module,Y1_R005_C04_S06,Y1_basic_boolean,T_Y3_URL_FULL,1,1,1
Y3_R005_C05_S01,Y3_encoded_boolean,Y3,((7%20+%2041)%20%3D%2048)%20IS%20NOT%20FALSE,((7 + 41) = 48) IS NOT FALSE,comparison_numeric,1,1.0,1.0,1.0,0.0,T1_static_validated,representation_case,LLM_review_or_future_special_module,Y1_R005_C05_S01,Y1_basic_boolean,T_Y3_OPERATOR_QUOTE_PERCENT,1,1,1
Y3_R005_C05_S02,Y3_encoded_boolean,Y3,%28%2820%20%2B%2054%29%20%3D%2074%29%20IS%20NOT%20FALSE,((20 + 54) = 74) IS NOT FALSE,comparison_numeric,1,1.0,1.0,1.0,0.0,T1_static_validated,representation_case,LLM_review_or_future_special_module,Y1_R005_C05_S02,Y1_basic_boolean,T_Y3_URL_FULL,1,1,1
Y3_R005_C05_S03,Y3_encoded_boolean,Y3,%28%2833%20+%2067%29%20=%20100%29%20IS%20NOT%20FALSE,((33 + 67) = 100) IS NOT FALSE,comparison_numeric,1,1.0,1.0,1.0,0.0,T1_static_validated,representation_case,LLM_review_or_future_special_module,Y2_R005_C05_S03,Y2_boolean_variation,T_Y3_URL_PARTIAL,1,1,1
Y3_R005_C05_S04,Y3_encoded_boolean,Y3,((46%20+%2080)%20%3D%20127)%20IS%20NOT%20FALSE,((46 + 80) = 127) IS NOT FALSE,comparison_numeric,1,1.0,1.0,1.0,0.0,T1_static_validated,representation_case,LLM_review_or_future_special_module,Y1_R005_C05_S04,Y1_basic_boolean,T_Y3_OPERATOR_QUOTE_PERCENT,1,1,1
Y3_R005_C05_S05,Y3_encoded_boolean,Y3,%28%2859%20%2B%2093%29%20%3D%20153%29%20IS%20NOT%20FALSE,((59 + 93) = 153) IS NOT FALSE,comparison_numeric,1,1.0,1.0,1.0,0.0,T1_static_validated,representation_case,LLM_review_or_future_special_module,Y1_R005_C05_S05,Y1_basic_boolean,T_Y3_URL_FULL,1,1,1
Y3_R005_C05_S06,Y3_encoded_boolean,Y3,%28%2872%20+%209%29%20=%2082%29%20IS%20NOT%20FALSE,((72 + 9) = 82) IS NOT FALSE,comparison_numeric,1,1.0,1.0,1.0,0.0,T1_static_validated,representation_case,LLM_review_or_future_special_module,Y2_R005_C05_S06,Y2_boolean_variation,T_Y3_URL_PARTIAL,1,1,1
Y3_R005_C06_S01,Y3_encoded_boolean,Y3,CASE%20WHEN%20%28%2818%20%2B%2052%29%20%3D%2070%29%20THEN%20TRUE%20ELSE%20FALSE%20END,CASE WHEN ((18 + 52) = 70) THEN TRUE ELSE FALSE END,comparison_numeric,1,1.0,1.0,1.0,0.0,T1_static_validated,representation_case,LLM_review_or_future_special_module,Y1_R005_C06_S01,Y1_basic_boolean,T_Y3_URL_FULL,1,1,1
Y3_R005_C06_S02,Y3_encoded_boolean,Y3,CASE%20WHEN%20%28%2831%20+%2065%29%20=%2096%29%20THEN%20TRUE%20ELSE%20FALSE%20END,CASE WHEN ((31 + 65) = 96) THEN TRUE ELSE FALSE END,comparison_numeric,1,1.0,1.0,1.0,0.0,T1_static_validated,representation_case,LLM_review_or_future_special_module,Y2_R005_C06_S02,Y2_boolean_variation,T_Y3_URL_PARTIAL,1,1,1
Y3_R005_C06_S03,Y3_encoded_boolean,Y3,CASE%20WHEN%20((44%20+%2078)%20%3D%20122)%20THEN%20TRUE%20ELSE%20FALSE%20END,CASE WHEN ((44 + 78) = 122) THEN TRUE ELSE FALSE END,comparison_numeric,1,1.0,1.0,1.0,0.0,T1_static_validated,representation_case,LLM_review_or_future_special_module,Y1_R005_C06_S03,Y1_basic_boolean,T_Y3_OPERATOR_QUOTE_PERCENT,1,1,1
Y3_R005_C06_S04,Y3_encoded_boolean,Y3,CASE%20WHEN%20%28%2857%20%2B%2091%29%20%3D%20149%29%20THEN%20TRUE%20ELSE%20FALSE%20END,CASE WHEN ((57 + 91) = 149) THEN TRUE ELSE FALSE END,comparison_numeric,1,1.0,1.0,1.0,0.0,T1_static_validated,representation_case,LLM_review_or_future_special_module,Y1_R005_C06_S04,Y1_basic_boolean,T_Y3_URL_FULL,1,1,1
Y3_R005_C06_S05,Y3_encoded_boolean,Y3,CASE%20WHEN%20%28%2870%20+%207%29%20=%2078%29%20THEN%20TRUE%20ELSE%20FALSE%20END,CASE WHEN ((70 + 7) = 78) THEN TRUE ELSE FALSE END,comparison_numeric,1,1.0,1.0,1.0,0.0,T1_static_validated,representation_case,LLM_review_or_future_special_module,Y2_R005_C06_S05,Y2_boolean_variation,T_Y3_URL_PARTIAL,1,1,1
Y3_R005_C06_S06,Y3_encoded_boolean,Y3,CASE%20WHEN%20((83%20+%2020)%20%3D%20104)%20THEN%20TRUE%20ELSE%20FALSE%20END,CASE WHEN ((83 + 20) = 104) THEN TRUE ELSE FALSE END,comparison_numeric,1,1.0,1.0,1.0,0.0,T1_static_validated,representation_case,LLM_review_or_future_special_module,Y1_R005_C06_S06,Y1_basic_boolean,T_Y3_OPERATOR_QUOTE_PERCENT,1,1,1
Y3_R005_C07_S01,Y3_encoded_boolean,Y3,%28%2829%20+%2063%29%20=%2092%29%20AND%20%2880%20=%2080%29,((29 + 63) = 92) AND (80 = 80),comparison_numeric,1,1.0,1.0,1.0,0.0,T1_static_validated,representation_case,LLM_review_or_future_special_module,Y2_R005_C07_S01,Y2_boolean_variation,T_Y3_URL_PARTIAL,1,1,1
Y3_R005_C07_S02,Y3_encoded_boolean,Y3,((42%20+%2076)%20%3D%20118)%20AND%20(93%20%3D%2093),((42 + 76) = 118) AND (93 = 93),comparison_numeric,1,1.0,1.0,1.0,0.0,T1_static_validated,representation_case,LLM_review_or_future_special_module,Y1_R005_C07_S02,Y1_basic_boolean,T_Y3_OPERATOR_QUOTE_PERCENT,1,1,1
Y3_R005_C07_S03,Y3_encoded_boolean,Y3,%28%2855%20%2B%2089%29%20%3D%20144%29%20AND%20%289%20%3D%209%29,((55 + 89) = 144) AND (9 = 9),comparison_numeric,1,1.0,1.0,1.0,0.0,T1_static_validated,representation_case,LLM_review_or_future_special_module,Y1_R005_C07_S03,Y1_basic_boolean,T_Y3_URL_FULL,1,1,1
Y3_R005_C07_S04,Y3_encoded_boolean,Y3,%28%2868%20+%205%29%20=%2074%29%20AND%20%2822%20=%2022%29,((68 + 5) = 74) AND (22 = 22),comparison_numeric,1,1.0,1.0,1.0,0.0,T1_static_validated,representation_case,LLM_review_or_future_special_module,Y2_R005_C07_S04,Y2_boolean_variation,T_Y3_URL_PARTIAL,1,1,1
Y3_R005_C07_S05,Y3_encoded_boolean,Y3,((81%20+%2018)%20%3D%20100)%20AND%20(35%20%3D%2035),((81 + 18) = 100) AND (35 = 35),comparison_numeric,1,1.0,1.0,1.0,0.0,T1_static_validated,representation_case,LLM_review_or_future_special_module,Y1_R005_C07_S05,Y1_basic_boolean,T_Y3_OPERATOR_QUOTE_PERCENT,1,1,1
Y3_R005_C07_S06,Y3_encoded_boolean,Y3,%28%2894%20%2B%2031%29%20%3D%20126%29%20AND%20%2848%20%3D%2048%29,((94 + 31) = 126) AND (48 = 48),comparison_numeric,1,1.0,1.0,1.0,0.0,T1_static_validated,representation_case,LLM_review_or_future_special_module,Y1_R005_C07_S06,Y1_basic_boolean,T_Y3_URL_FULL,1,1,1
Y3_R005_C08_S01,Y3_encoded_boolean,Y3,((40%20+%2074)%20%3D%20114)%20OR%20(11%20%3C%3E%2011),((40 + 74) = 114) OR (11 <> 11),comparison_numeric,1,1.0,1.0,1.0,0.0,T1_static_validated,representation_case,LLM_review_or_future_special_module,Y1_R005_C08_S01,Y1_basic_boolean,T_Y3_OPERATOR_QUOTE_PERCENT,1,1,1
Y3_R005_C08_S02,Y3_encoded_boolean,Y3,%28%2853%20%2B%2087%29%20%3D%20140%29%20OR%20%2824%20%3C%3E%2024%29,((53 + 87) = 140) OR (24 <> 24),comparison_numeric,1,1.0,1.0,1.0,0.0,T1_static_validated,representation_case,LLM_review_or_future_special_module,Y1_R005_C08_S02,Y1_basic_boolean,T_Y3_URL_FULL,1,1,1
Y3_R005_C08_S03,Y3_encoded_boolean,Y3,%28%2866%20+%203%29%20=%2069%29%20OR%20%2837%20<>%2037%29,((66 + 3) = 69) OR (37 <> 37),comparison_numeric,1,1.0,1.0,1.0,0.0,T1_static_validated,representation_case,LLM_review_or_future_special_module,Y2_R005_C08_S03,Y2_boolean_variation,T_Y3_URL_PARTIAL,1,1,1
Y3_R005_C08_S04,Y3_encoded_boolean,Y3,((79%20+%2016)%20%3D%2096)%20OR%20(50%20%3C%3E%2050),((79 + 16) = 96) OR (50 <> 50),comparison_numeric,1,1.0,1.0,1.0,0.0,T1_static_validated,representation_case,LLM_review_or_future_special_module,Y1_R005_C08_S04,Y1_basic_boolean,T_Y3_OPERATOR_QUOTE_PERCENT,1,1,1
Y3_R005_C08_S05,Y3_encoded_boolean,Y3,%28%2892%20%2B%2029%29%20%3D%20122%29%20OR%20%2863%20%3C%3E%2063%29,((92 + 29) = 122) OR (63 <> 63),comparison_numeric,1,1.0,1.0,1.0,0.0,T1_static_validated,representation_case,LLM_review_or_future_special_module,Y1_R005_C08_S05,Y1_basic_boolean,T_Y3_URL_FULL,1,1,1
Y3_R005_C08_S06,Y3_encoded_boolean,Y3,%28%288%20+%2042%29%20=%2051%29%20OR%20%2876%20<>%2076%29,((8 + 42) = 51) OR (76 <> 76),comparison_numeric,1,1.0,1.0,1.0,0.0,T1_static_validated,representation_case,LLM_review_or_future_special_module,Y2_R005_C08_S06,Y2_boolean_variation,T_Y3_URL_PARTIAL,1,1,1
Y3_R005_C09_S01,Y3_encoded_boolean,Y3,%28%28%2851%20%2B%2085%29%20%3D%20136%29%20%3D%20TRUE%29,(((51 + 85) = 136) = TRUE),comparison_numeric,1,1.0,1.0,1.0,0.0,T1_static_validated,representation_case,LLM_review_or_future_special_module,Y1_R005_C09_S01,Y1_basic_boolean,T_Y3_URL_FULL,1,1,1
Y3_R005_C09_S02,Y3_encoded_boolean,Y3,%28%28%2864%20+%201%29%20=%2065%29%20=%20TRUE%29,(((64 + 1) = 65) = TRUE),comparison_numeric,1,1.0,1.0,1.0,0.0,T1_static_validated,representation_case,LLM_review_or_future_special_module,Y2_R005_C09_S02,Y2_boolean_variation,T_Y3_URL_PARTIAL,1,1,1
Y3_R005_C09_S03,Y3_encoded_boolean,Y3,(((77%20+%2014)%20%3D%2091)%20%3D%20TRUE),(((77 + 14) = 91) = TRUE),comparison_numeric,1,1.0,1.0,1.0,0.0,T1_static_validated,representation_case,LLM_review_or_future_special_module,Y1_R005_C09_S03,Y1_basic_boolean,T_Y3_OPERATOR_QUOTE_PERCENT,1,1,1
Y3_R005_C09_S04,Y3_encoded_boolean,Y3,%28%28%2890%20%2B%2027%29%20%3D%20118%29%20%3D%20TRUE%29,(((90 + 27) = 118) = TRUE),comparison_numeric,1,1.0,1.0,1.0,0.0,T1_static_validated,representation_case,LLM_review_or_future_special_module,Y1_R005_C09_S04,Y1_basic_boolean,T_Y3_URL_FULL,1,1,1
Y3_R005_C09_S05,Y3_encoded_boolean,Y3,%28%28%286%20+%2040%29%20=%2047%29%20=%20TRUE%29,(((6 + 40) = 47) = TRUE),comparison_numeric,1,1.0,1.0,1.0,0.0,T1_static_validated,representation_case,LLM_review_or_future_special_module,Y2_R005_C09_S05,Y2_boolean_variation,T_Y3_URL_PARTIAL,1,1,1
Y3_R005_C09_S06,Y3_encoded_boolean,Y3,(((19%20+%2053)%20%3D%2073)%20%3D%20TRUE),(((19 + 53) = 73) = TRUE),comparison_numeric,1,1.0,1.0,1.0,0.0,T1_static_validated,representation_case,LLM_review_or_future_special_module,Y1_R005_C09_S06,Y1_basic_boolean,T_Y3_OPERATOR_QUOTE_PERCENT,1,1,1
Y3_R005_C10_S01,Y3_encoded_boolean,Y3,COALESCE%28%28%2862%20+%2096%29%20=%20158%29%2C%20FALSE%29,"COALESCE(((62 + 96) = 158), FALSE)",comparison_numeric,1,1.0,1.0,1.0,0.0,T1_static_validated,representation_case,LLM_review_or_future_special_module,Y2_R005_C10_S01,Y2_boolean_variation,T_Y3_URL_PARTIAL,1,1,1
Y3_R005_C10_S02,Y3_encoded_boolean,Y3,"COALESCE(((75%20+%2012)%20%3D%2087),%20FALSE)","COALESCE(((75 + 12) = 87), FALSE)",comparison_numeric,1,1.0,1.0,1.0,0.0,T1_static_validated,representation_case,LLM_review_or_future_special_module,Y1_R005_C10_S02,Y1_basic_boolean,T_Y3_OPERATOR_QUOTE_PERCENT,1,1,1
Y3_R005_C10_S03,Y3_encoded_boolean,Y3,COALESCE%28%28%2888%20%2B%2025%29%20%3D%20113%29%2C%20FALSE%29,"COALESCE(((88 + 25) = 113), FALSE)",comparison_numeric,1,1.0,1.0,1.0,0.0,T1_static_validated,representation_case,LLM_review_or_future_special_module,Y1_R005_C10_S03,Y1_basic_boolean,T_Y3_URL_FULL,1,1,1
Y3_R005_C10_S04,Y3_encoded_boolean,Y3,COALESCE%28%28%284%20+%2038%29%20=%2043%29%2C%20FALSE%29,"COALESCE(((4 + 38) = 43), FALSE)",comparison_numeric,1,1.0,1.0,1.0,0.0,T1_static_validated,representation_case,LLM_review_or_future_special_module,Y2_R005_C10_S04,Y2_boolean_variation,T_Y3_URL_PARTIAL,1,1,1
Y3_R005_C10_S05,Y3_encoded_boolean,Y3,"COALESCE(((17%20+%2051)%20%3D%2069),%20FALSE)","COALESCE(((17 + 51) = 69), FALSE)",comparison_numeric,1,1.0,1.0,1.0,0.0,T1_static_validated,representation_case,LLM_review_or_future_special_module,Y1_R005_C10_S05,Y1_basic_boolean,T_Y3_OPERATOR_QUOTE_PERCENT,1,1,1
Y3_R005_C10_S06,Y3_encoded_boolean,Y3,COALESCE%28%28%2830%20%2B%2064%29%20%3D%2095%29%2C%20FALSE%29,"COALESCE(((30 + 64) = 95), FALSE)",comparison_numeric,1,1.0,1.0,1.0,0.0,T1_static_validated,representation_case,LLM_review_or_future_special_module,Y1_R005_C10_S06,Y1_basic_boolean,T_Y3_URL_FULL,1,1,1
Y3_R006_C01_S01,Y3_encoded_boolean,Y3,%27member7%27%20%3D%20%27member7%27,'member7' = 'member7',comparison_text,1,1.0,1.0,1.0,0.0,T1_static_validated,representation_case,LLM_review_or_future_special_module,Y1_R006_C01_S01,Y1_basic_boolean,T_Y3_OPERATOR_QUOTE_PERCENT,1,1,1
Y3_R006_C01_S02,Y3_encoded_boolean,Y3,%27stone8%27%20%3D%20%27stone8%27,'stone8' = 'stone8',comparison_text,1,1.0,1.0,1.0,0.0,T1_static_validated,representation_case,LLM_review_or_future_special_module,Y1_R006_C01_S02,Y1_basic_boolean,T_Y3_URL_FULL,1,1,1
Y3_R006_C01_S03,Y3_encoded_boolean,Y3,'north0'%20=%20'north0','north0' = 'north0',comparison_text,1,1.0,1.0,1.0,0.0,T1_static_validated,representation_case,LLM_review_or_future_special_module,Y2_R006_C01_S03,Y2_boolean_variation,T_Y3_URL_PARTIAL,1,1,1
Y3_R006_C01_S04,Y3_encoded_boolean,Y3,%27south1%27%20%3D%20%27east2%27,'south1' = 'east2',comparison_text,1,1.0,1.0,1.0,0.0,T1_static_validated,representation_case,LLM_review_or_future_special_module,Y1_R006_C01_S04,Y1_basic_boolean,T_Y3_OPERATOR_QUOTE_PERCENT,1,1,1
Y3_R006_C01_S05,Y3_encoded_boolean,Y3,%27east2%27%20%3D%20%27west3%27,'east2' = 'west3',comparison_text,1,1.0,1.0,1.0,0.0,T1_static_validated,representation_case,LLM_review_or_future_special_module,Y1_R006_C01_S05,Y1_basic_boolean,T_Y3_URL_FULL,1,1,1
Y3_R006_C01_S06,Y3_encoded_boolean,Y3,'west3'%20=%20'prime4','west3' = 'prime4',comparison_text,1,1.0,1.0,1.0,0.0,T1_static_validated,representation_case,LLM_review_or_future_special_module,Y2_R006_C01_S06,Y2_boolean_variation,T_Y3_URL_PARTIAL,1,1,1
Y3_R006_C02_S01,Y3_encoded_boolean,Y3,%28%27stone7%27%20%3D%20%27stone7%27%29,('stone7' = 'stone7'),comparison_text,1,1.0,1.0,1.0,0.0,T1_static_validated,representation_case,LLM_review_or_future_special_module,Y1_R006_C02_S01,Y1_basic_boolean,T_Y3_URL_FULL,1,1,1
Y3_R006_C02_S02,Y3_encoded_boolean,Y3,%28'north8'%20=%20'north8'%29,('north8' = 'north8'),comparison_text,1,1.0,1.0,1.0,0.0,T1_static_validated,representation_case,LLM_review_or_future_special_module,Y2_R006_C02_S02,Y2_boolean_variation,T_Y3_URL_PARTIAL,1,1,1
Y3_R006_C02_S03,Y3_encoded_boolean,Y3,(%27south0%27%20%3D%20%27south0%27),('south0' = 'south0'),comparison_text,1,1.0,1.0,1.0,0.0,T1_static_validated,representation_case,LLM_review_or_future_special_module,Y1_R006_C02_S03,Y1_basic_boolean,T_Y3_OPERATOR_QUOTE_PERCENT,1,1,1
Y3_R006_C02_S04,Y3_encoded_boolean,Y3,%28%27east1%27%20%3D%20%27west2%27%29,('east1' = 'west2'),comparison_text,1,1.0,1.0,1.0,0.0,T1_static_validated,representation_case,LLM_review_or_future_special_module,Y1_R006_C02_S04,Y1_basic_boolean,T_Y3_URL_FULL,1,1,1
Y3_R006_C02_S05,Y3_encoded_boolean,Y3,%28'west2'%20=%20'prime3'%29,('west2' = 'prime3'),comparison_text,1,1.0,1.0,1.0,0.0,T1_static_validated,representation_case,LLM_review_or_future_special_module,Y2_R006_C02_S05,Y2_boolean_variation,T_Y3_URL_PARTIAL,1,1,1
Y3_R006_C02_S06,Y3_encoded_boolean,Y3,(%27prime3%27%20%3D%20%27core4%27),('prime3' = 'core4'),comparison_text,1,1.0,1.0,1.0,0.0,T1_static_validated,representation_case,LLM_review_or_future_special_module,Y1_R006_C02_S06,Y1_basic_boolean,T_Y3_OPERATOR_QUOTE_PERCENT,1,1,1
Y3_R006_C03_S01,Y3_encoded_boolean,Y3,NOT%20%28'north7'%20=%20'south8'%29,NOT ('north7' = 'south8'),comparison_text,1,1.0,1.0,1.0,0.0,T1_static_validated,representation_case,LLM_review_or_future_special_module,Y2_R006_C03_S01,Y2_boolean_variation,T_Y3_URL_PARTIAL,1,1,1
Y3_R006_C03_S02,Y3_encoded_boolean,Y3,NOT%20(%27south8%27%20%3D%20%27east0%27),NOT ('south8' = 'east0'),comparison_text,1,1.0,1.0,1.0,0.0,T1_static_validated,representation_case,LLM_review_or_future_special_module,Y1_R006_C03_S02,Y1_basic_boolean,T_Y3_OPERATOR_QUOTE_PERCENT,1,1,1
Y3_R006_C03_S03,Y3_encoded_boolean,Y3,NOT%20%28%27east0%27%20%3D%20%27west1%27%29,NOT ('east0' = 'west1'),comparison_text,1,1.0,1.0,1.0,0.0,T1_static_validated,representation_case,LLM_review_or_future_special_module,Y1_R006_C03_S03,Y1_basic_boolean,T_Y3_URL_FULL,1,1,1
Y3_R006_C03_S04,Y3_encoded_boolean,Y3,NOT%20%28'west1'%20=%20'west1'%29,NOT ('west1' = 'west1'),comparison_text,1,1.0,1.0,1.0,0.0,T1_static_validated,representation_case,LLM_review_or_future_special_module,Y2_R006_C03_S04,Y2_boolean_variation,T_Y3_URL_PARTIAL,1,1,1
Y3_R006_C03_S05,Y3_encoded_boolean,Y3,NOT%20(%27prime2%27%20%3D%20%27prime2%27),NOT ('prime2' = 'prime2'),comparison_text,1,1.0,1.0,1.0,0.0,T1_static_validated,representation_case,LLM_review_or_future_special_module,Y1_R006_C03_S05,Y1_basic_boolean,T_Y3_OPERATOR_QUOTE_PERCENT,1,1,1
Y3_R006_C03_S06,Y3_encoded_boolean,Y3,NOT%20%28%27core3%27%20%3D%20%27core3%27%29,NOT ('core3' = 'core3'),comparison_text,1,1.0,1.0,1.0,0.0,T1_static_validated,representation_case,LLM_review_or_future_special_module,Y1_R006_C03_S06,Y1_basic_boolean,T_Y3_URL_FULL,1,1,1
Y3_R006_C04_S01,Y3_encoded_boolean,Y3,(%27south7%27%20%3D%20%27south7%27)%20IS%20TRUE,('south7' = 'south7') IS TRUE,comparison_text,1,1.0,1.0,1.0,0.0,T1_static_validated,representation_case,LLM_review_or_future_special_module,Y1_R006_C04_S01,Y1_basic_boolean,T_Y3_OPERATOR_QUOTE_PERCENT,1,1,1
Y3_R006_C04_S02,Y3_encoded_boolean,Y3,%28%27east8%27%20%3D%20%27east8%27%29%20IS%20TRUE,('east8' = 'east8') IS TRUE,comparison_text,1,1.0,1.0,1.0,0.0,T1_static_validated,representation_case,LLM_review_or_future_special_module,Y1_R006_C04_S02,Y1_basic_boolean,T_Y3_URL_FULL,1,1,1
Y3_R006_C04_S03,Y3_encoded_boolean,Y3,%28'west0'%20=%20'west0'%29%20IS%20TRUE,('west0' = 'west0') IS TRUE,comparison_text,1,1.0,1.0,1.0,0.0,T1_static_validated,representation_case,LLM_review_or_future_special_module,Y2_R006_C04_S03,Y2_boolean_variation,T_Y3_URL_PARTIAL,1,1,1
Y3_R006_C04_S04,Y3_encoded_boolean,Y3,(%27prime1%27%20%3D%20%27core2%27)%20IS%20TRUE,('prime1' = 'core2') IS TRUE,comparison_text,1,1.0,1.0,1.0,0.0,T1_static_validated,representation_case,LLM_review_or_future_special_module,Y1_R006_C04_S04,Y1_basic_boolean,T_Y3_OPERATOR_QUOTE_PERCENT,1,1,1
Y3_R006_C04_S05,Y3_encoded_boolean,Y3,%28%27core2%27%20%3D%20%27safe3%27%29%20IS%20TRUE,('core2' = 'safe3') IS TRUE,comparison_text,1,1.0,1.0,1.0,0.0,T1_static_validated,representation_case,LLM_review_or_future_special_module,Y1_R006_C04_S05,Y1_basic_boolean,T_Y3_URL_FULL,1,1,1
Y3_R006_C04_S06,Y3_encoded_boolean,Y3,%28'safe3'%20=%20'audit4'%29%20IS%20TRUE,('safe3' = 'audit4') IS TRUE,comparison_text,1,1.0,1.0,1.0,0.0,T1_static_validated,representation_case,LLM_review_or_future_special_module,Y2_R006_C04_S06,Y2_boolean_variation,T_Y3_URL_PARTIAL,1,1,1
Y3_R006_C05_S01,Y3_encoded_boolean,Y3,%28%27east7%27%20%3D%20%27east7%27%29%20IS%20NOT%20FALSE,('east7' = 'east7') IS NOT FALSE,comparison_text,1,1.0,1.0,1.0,0.0,T1_static_validated,representation_case,LLM_review_or_future_special_module,Y1_R006_C05_S01,Y1_basic_boolean,T_Y3_URL_FULL,1,1,1
Y3_R006_C05_S02,Y3_encoded_boolean,Y3,%28'west8'%20=%20'west8'%29%20IS%20NOT%20FALSE,('west8' = 'west8') IS NOT FALSE,comparison_text,1,1.0,1.0,1.0,0.0,T1_static_validated,representation_case,LLM_review_or_future_special_module,Y2_R006_C05_S02,Y2_boolean_variation,T_Y3_URL_PARTIAL,1,1,1
Y3_R006_C05_S03,Y3_encoded_boolean,Y3,(%27prime0%27%20%3D%20%27prime0%27)%20IS%20NOT%20FALSE,('prime0' = 'prime0') IS NOT FALSE,comparison_text,1,1.0,1.0,1.0,0.0,T1_static_validated,representation_case,LLM_review_or_future_special_module,Y1_R006_C05_S03,Y1_basic_boolean,T_Y3_OPERATOR_QUOTE_PERCENT,1,1,1
Y3_R006_C05_S04,Y3_encoded_boolean,Y3,%28%27core1%27%20%3D%20%27safe2%27%29%20IS%20NOT%20FALSE,('core1' = 'safe2') IS NOT FALSE,comparison_text,1,1.0,1.0,1.0,0.0,T1_static_validated,representation_case,LLM_review_or_future_special_module,Y1_R006_C05_S04,Y1_basic_boolean,T_Y3_URL_FULL,1,1,1
Y3_R006_C05_S05,Y3_encoded_boolean,Y3,%28'safe2'%20=%20'audit3'%29%20IS%20NOT%20FALSE,('safe2' = 'audit3') IS NOT FALSE,comparison_text,1,1.0,1.0,1.0,0.0,T1_static_validated,representation_case,LLM_review_or_future_special_module,Y2_R006_C05_S05,Y2_boolean_variation,T_Y3_URL_PARTIAL,1,1,1
Y3_R006_C05_S06,Y3_encoded_boolean,Y3,(%27audit3%27%20%3D%20%27trace4%27)%20IS%20NOT%20FALSE,('audit3' = 'trace4') IS NOT FALSE,comparison_text,1,1.0,1.0,1.0,0.0,T1_static_validated,representation_case,LLM_review_or_future_special_module,Y1_R006_C05_S06,Y1_basic_boolean,T_Y3_OPERATOR_QUOTE_PERCENT,1,1,1
Y3_R006_C06_S01,Y3_encoded_boolean,Y3,CASE%20WHEN%20%28'west7'%20=%20'west7'%29%20THEN%20TRUE%20ELSE%20FALSE%20END,CASE WHEN ('west7' = 'west7') THEN TRUE ELSE FALSE END,comparison_text,1,1.0,1.0,1.0,0.0,T1_static_validated,representation_case,LLM_review_or_future_special_module,Y2_R006_C06_S01,Y2_boolean_variation,T_Y3_URL_PARTIAL,1,1,1
Y3_R006_C06_S02,Y3_encoded_boolean,Y3,CASE%20WHEN%20(%27prime8%27%20%3D%20%27prime8%27)%20THEN%20TRUE%20ELSE%20FALSE%20END,CASE WHEN ('prime8' = 'prime8') THEN TRUE ELSE FALSE END,comparison_text,1,1.0,1.0,1.0,0.0,T1_static_validated,representation_case,LLM_review_or_future_special_module,Y1_R006_C06_S02,Y1_basic_boolean,T_Y3_OPERATOR_QUOTE_PERCENT,1,1,1
Y3_R006_C06_S03,Y3_encoded_boolean,Y3,CASE%20WHEN%20%28%27core0%27%20%3D%20%27core0%27%29%20THEN%20TRUE%20ELSE%20FALSE%20END,CASE WHEN ('core0' = 'core0') THEN TRUE ELSE FALSE END,comparison_text,1,1.0,1.0,1.0,0.0,T1_static_validated,representation_case,LLM_review_or_future_special_module,Y1_R006_C06_S03,Y1_basic_boolean,T_Y3_URL_FULL,1,1,1
Y3_R006_C06_S04,Y3_encoded_boolean,Y3,CASE%20WHEN%20%28'safe1'%20=%20'audit2'%29%20THEN%20TRUE%20ELSE%20FALSE%20END,CASE WHEN ('safe1' = 'audit2') THEN TRUE ELSE FALSE END,comparison_text,1,1.0,1.0,1.0,0.0,T1_static_validated,representation_case,LLM_review_or_future_special_module,Y2_R006_C06_S04,Y2_boolean_variation,T_Y3_URL_PARTIAL,1,1,1
Y3_R006_C06_S05,Y3_encoded_boolean,Y3,CASE%20WHEN%20(%27audit2%27%20%3D%20%27trace3%27)%20THEN%20TRUE%20ELSE%20FALSE%20END,CASE WHEN ('audit2' = 'trace3') THEN TRUE ELSE FALSE END,comparison_text,1,1.0,1.0,1.0,0.0,T1_static_validated,representation_case,LLM_review_or_future_special_module,Y1_R006_C06_S05,Y1_basic_boolean,T_Y3_OPERATOR_QUOTE_PERCENT,1,1,1
Y3_R006_C06_S06,Y3_encoded_boolean,Y3,CASE%20WHEN%20%28%27trace3%27%20%3D%20%27signal4%27%29%20THEN%20TRUE%20ELSE%20FALSE%20END,CASE WHEN ('trace3' = 'signal4') THEN TRUE ELSE FALSE END,comparison_text,1,1.0,1.0,1.0,0.0,T1_static_validated,representation_case,LLM_review_or_future_special_module,Y1_R006_C06_S06,Y1_basic_boolean,T_Y3_URL_FULL,1,1,1
Y3_R006_C07_S01,Y3_encoded_boolean,Y3,(%27prime7%27%20%3D%20%27prime7%27)%20AND%20(87%20%3D%2087),('prime7' = 'prime7') AND (87 = 87),comparison_text,1,1.0,1.0,1.0,0.0,T1_static_validated,representation_case,LLM_review_or_future_special_module,Y1_R006_C07_S01,Y1_basic_boolean,T_Y3_OPERATOR_QUOTE_PERCENT,1,1,1
Y3_R006_C07_S02,Y3_encoded_boolean,Y3,%28%27core8%27%20%3D%20%27core8%27%29%20AND%20%283%20%3D%203%29,('core8' = 'core8') AND (3 = 3),comparison_text,1,1.0,1.0,1.0,0.0,T1_static_validated,representation_case,LLM_review_or_future_special_module,Y1_R006_C07_S02,Y1_basic_boolean,T_Y3_URL_FULL,1,1,1
Y3_R006_C07_S03,Y3_encoded_boolean,Y3,%28'safe0'%20=%20'safe0'%29%20AND%20%2816%20=%2016%29,('safe0' = 'safe0') AND (16 = 16),comparison_text,1,1.0,1.0,1.0,0.0,T1_static_validated,representation_case,LLM_review_or_future_special_module,Y2_R006_C07_S03,Y2_boolean_variation,T_Y3_URL_PARTIAL,1,1,1
Y3_R006_C07_S04,Y3_encoded_boolean,Y3,(%27audit1%27%20%3D%20%27trace2%27)%20AND%20(29%20%3D%2029),('audit1' = 'trace2') AND (29 = 29),comparison_text,1,1.0,1.0,1.0,0.0,T1_static_validated,representation_case,LLM_review_or_future_special_module,Y1_R006_C07_S04,Y1_basic_boolean,T_Y3_OPERATOR_QUOTE_PERCENT,1,1,1
Y3_R006_C07_S05,Y3_encoded_boolean,Y3,%28%27trace2%27%20%3D%20%27signal3%27%29%20AND%20%2842%20%3D%2042%29,('trace2' = 'signal3') AND (42 = 42),comparison_text,1,1.0,1.0,1.0,0.0,T1_static_validated,representation_case,LLM_review_or_future_special_module,Y1_R006_C07_S05,Y1_basic_boolean,T_Y3_URL_FULL,1,1,1
Y3_R006_C07_S06,Y3_encoded_boolean,Y3,%28'signal3'%20=%20'alpha4'%29%20AND%20%2855%20=%2055%29,('signal3' = 'alpha4') AND (55 = 55),comparison_text,1,1.0,1.0,1.0,0.0,T1_static_validated,representation_case,LLM_review_or_future_special_module,Y2_R006_C07_S06,Y2_boolean_variation,T_Y3_URL_PARTIAL,1,1,1
Y3_R006_C08_S01,Y3_encoded_boolean,Y3,%28%27core7%27%20%3D%20%27core7%27%29%20OR%20%2818%20%3C%3E%2018%29,('core7' = 'core7') OR (18 <> 18),comparison_text,1,1.0,1.0,1.0,0.0,T1_static_validated,representation_case,LLM_review_or_future_special_module,Y1_R006_C08_S01,Y1_basic_boolean,T_Y3_URL_FULL,1,1,1
Y3_R006_C08_S02,Y3_encoded_boolean,Y3,%28'safe8'%20=%20'safe8'%29%20OR%20%2831%20<>%2031%29,('safe8' = 'safe8') OR (31 <> 31),comparison_text,1,1.0,1.0,1.0,0.0,T1_static_validated,representation_case,LLM_review_or_future_special_module,Y2_R006_C08_S02,Y2_boolean_variation,T_Y3_URL_PARTIAL,1,1,1
Y3_R006_C08_S03,Y3_encoded_boolean,Y3,(%27audit0%27%20%3D%20%27audit0%27)%20OR%20(44%20%3C%3E%2044),('audit0' = 'audit0') OR (44 <> 44),comparison_text,1,1.0,1.0,1.0,0.0,T1_static_validated,representation_case,LLM_review_or_future_special_module,Y1_R006_C08_S03,Y1_basic_boolean,T_Y3_OPERATOR_QUOTE_PERCENT,1,1,1
Y3_R006_C08_S04,Y3_encoded_boolean,Y3,%28%27trace1%27%20%3D%20%27signal2%27%29%20OR%20%2857%20%3C%3E%2057%29,('trace1' = 'signal2') OR (57 <> 57),comparison_text,1,1.0,1.0,1.0,0.0,T1_static_validated,representation_case,LLM_review_or_future_special_module,Y1_R006_C08_S04,Y1_basic_boolean,T_Y3_URL_FULL,1,1,1
Y3_R006_C08_S05,Y3_encoded_boolean,Y3,%28'signal2'%20=%20'alpha3'%29%20OR%20%2870%20<>%2070%29,('signal2' = 'alpha3') OR (70 <> 70),comparison_text,1,1.0,1.0,1.0,0.0,T1_static_validated,representation_case,LLM_review_or_future_special_module,Y2_R006_C08_S05,Y2_boolean_variation,T_Y3_URL_PARTIAL,1,1,1
Y3_R006_C08_S06,Y3_encoded_boolean,Y3,(%27alpha3%27%20%3D%20%27beta4%27)%20OR%20(83%20%3C%3E%2083),('alpha3' = 'beta4') OR (83 <> 83),comparison_text,1,1.0,1.0,1.0,0.0,T1_static_validated,representation_case,LLM_review_or_future_special_module,Y1_R006_C08_S06,Y1_basic_boolean,T_Y3_OPERATOR_QUOTE_PERCENT,1,1,1
Y3_R006_C09_S01,Y3_encoded_boolean,Y3,%28%28'safe7'%20=%20'safe7'%29%20=%20TRUE%29,(('safe7' = 'safe7') = TRUE),comparison_text,1,1.0,1.0,1.0,0.0,T1_static_validated,representation_case,LLM_review_or_future_special_module,Y2_R006_C09_S01,Y2_boolean_variation,T_Y3_URL_PARTIAL,1,1,1
Y3_R006_C09_S02,Y3_encoded_boolean,Y3,((%27audit8%27%20%3D%20%27audit8%27)%20%3D%20TRUE),(('audit8' = 'audit8') = TRUE),comparison_text,1,1.0,1.0,1.0,0.0,T1_static_validated,representation_case,LLM_review_or_future_special_module,Y1_R006_C09_S02,Y1_basic_boolean,T_Y3_OPERATOR_QUOTE_PERCENT,1,1,1
Y3_R006_C09_S03,Y3_encoded_boolean,Y3,%28%28%27trace0%27%20%3D%20%27trace0%27%29%20%3D%20TRUE%29,(('trace0' = 'trace0') = TRUE),comparison_text,1,1.0,1.0,1.0,0.0,T1_static_validated,representation_case,LLM_review_or_future_special_module,Y1_R006_C09_S03,Y1_basic_boolean,T_Y3_URL_FULL,1,1,1
Y3_R006_C09_S04,Y3_encoded_boolean,Y3,%28%28'signal1'%20=%20'alpha2'%29%20=%20TRUE%29,(('signal1' = 'alpha2') = TRUE),comparison_text,1,1.0,1.0,1.0,0.0,T1_static_validated,representation_case,LLM_review_or_future_special_module,Y2_R006_C09_S04,Y2_boolean_variation,T_Y3_URL_PARTIAL,1,1,1
Y3_R006_C09_S05,Y3_encoded_boolean,Y3,((%27alpha2%27%20%3D%20%27beta3%27)%20%3D%20TRUE),(('alpha2' = 'beta3') = TRUE),comparison_text,1,1.0,1.0,1.0,0.0,T1_static_validated,representation_case,LLM_review_or_future_special_module,Y1_R006_C09_S05,Y1_basic_boolean,T_Y3_OPERATOR_QUOTE_PERCENT,1,1,1
Y3_R006_C09_S06,Y3_encoded_boolean,Y3,%28%28%27beta3%27%20%3D%20%27gamma4%27%29%20%3D%20TRUE%29,(('beta3' = 'gamma4') = TRUE),comparison_text,1,1.0,1.0,1.0,0.0,T1_static_validated,representation_case,LLM_review_or_future_special_module,Y1_R006_C09_S06,Y1_basic_boolean,T_Y3_URL_FULL,1,1,1
Y3_R006_C10_S01,Y3_encoded_boolean,Y3,"COALESCE((%27audit7%27%20%3D%20%27audit7%27),%20FALSE)","COALESCE(('audit7' = 'audit7'), FALSE)",comparison_text,1,1.0,1.0,1.0,0.0,T1_static_validated,representation_case,LLM_review_or_future_special_module,Y1_R006_C10_S01,Y1_basic_boolean,T_Y3_OPERATOR_QUOTE_PERCENT,1,1,1
Y3_R006_C10_S02,Y3_encoded_boolean,Y3,COALESCE%28%28%27trace8%27%20%3D%20%27trace8%27%29%2C%20FALSE%29,"COALESCE(('trace8' = 'trace8'), FALSE)",comparison_text,1,1.0,1.0,1.0,0.0,T1_static_validated,representation_case,LLM_review_or_future_special_module,Y1_R006_C10_S02,Y1_basic_boolean,T_Y3_URL_FULL,1,1,1
Y3_R006_C10_S03,Y3_encoded_boolean,Y3,COALESCE%28%28'signal0'%20=%20'signal0'%29%2C%20FALSE%29,"COALESCE(('signal0' = 'signal0'), FALSE)",comparison_text,1,1.0,1.0,1.0,0.0,T1_static_validated,representation_case,LLM_review_or_future_special_module,Y2_R006_C10_S03,Y2_boolean_variation,T_Y3_URL_PARTIAL,1,1,1
Y3_R006_C10_S04,Y3_encoded_boolean,Y3,"COALESCE((%27alpha1%27%20%3D%20%27beta2%27),%20FALSE)","COALESCE(('alpha1' = 'beta2'), FALSE)",comparison_text,1,1.0,1.0,1.0,0.0,T1_static_validated,representation_case,LLM_review_or_future_special_module,Y1_R006_C10_S04,Y1_basic_boolean,T_Y3_OPERATOR_QUOTE_PERCENT,1,1,1
Y3_R006_C10_S05,Y3_encoded_boolean,Y3,COALESCE%28%28%27beta2%27%20%3D%20%27gamma3%27%29%2C%20FALSE%29,"COALESCE(('beta2' = 'gamma3'), FALSE)",comparison_text,1,1.0,1.0,1.0,0.0,T1_static_validated,representation_case,LLM_review_or_future_special_module,Y1_R006_C10_S05,Y1_basic_boolean,T_Y3_URL_FULL,1,1,1
Y3_R006_C10_S06,Y3_encoded_boolean,Y3,COALESCE%28%28'gamma3'%20=%20'delta4'%29%2C%20FALSE%29,"COALESCE(('gamma3' = 'delta4'), FALSE)",comparison_text,1,1.0,1.0,1.0,0.0,T1_static_validated,representation_case,LLM_review_or_future_special_module,Y2_R006_C10_S06,Y2_boolean_variation,T_Y3_URL_PARTIAL,1,1,1
Y3_R007_C01_S01,Y3_encoded_boolean,Y3,%27stone8%27%20%3C%3E%20%27north0%27,'stone8' <> 'north0',comparison_text,1,1.0,1.0,1.0,0.0,T1_static_validated,representation_case,LLM_review_or_future_special_module,Y1_R007_C01_S01,Y1_basic_boolean,T_Y3_URL_FULL,1,1,1
Y3_R007_C01_S02,Y3_encoded_boolean,Y3,'north0'%20<>%20'south1','north0' <> 'south1',comparison_text,1,1.0,1.0,1.0,0.0,T1_static_validated,representation_case,LLM_review_or_future_special_module,Y2_R007_C01_S02,Y2_boolean_variation,T_Y3_URL_PARTIAL,1,1,1
Y3_R007_C01_S03,Y3_encoded_boolean,Y3,%27south1%27%20%3C%3E%20%27east2%27,'south1' <> 'east2',comparison_text,1,1.0,1.0,1.0,0.0,T1_static_validated,representation_case,LLM_review_or_future_special_module,Y1_R007_C01_S03,Y1_basic_boolean,T_Y3_OPERATOR_QUOTE_PERCENT,1,1,1
Y3_R007_C01_S04,Y3_encoded_boolean,Y3,%27east2%27%20%3C%3E%20%27east2%27,'east2' <> 'east2',comparison_text,1,1.0,1.0,1.0,0.0,T1_static_validated,representation_case,LLM_review_or_future_special_module,Y1_R007_C01_S04,Y1_basic_boolean,T_Y3_URL_FULL,1,1,1
Y3_R007_C01_S05,Y3_encoded_boolean,Y3,'west3'%20<>%20'west3','west3' <> 'west3',comparison_text,1,1.0,1.0,1.0,0.0,T1_static_validated,representation_case,LLM_review_or_future_special_module,Y2_R007_C01_S05,Y2_boolean_variation,T_Y3_URL_PARTIAL,1,1,1
Y3_R007_C01_S06,Y3_encoded_boolean,Y3,%27prime4%27%20%3C%3E%20%27prime4%27,'prime4' <> 'prime4',comparison_text,1,1.0,1.0,1.0,0.0,T1_static_validated,representation_case,LLM_review_or_future_special_module,Y1_R007_C01_S06,Y1_basic_boolean,T_Y3_OPERATOR_QUOTE_PERCENT,1,1,1
Y3_R007_C02_S01,Y3_encoded_boolean,Y3,%28'north8'%20<>%20'south0'%29,('north8' <> 'south0'),comparison_text,1,1.0,1.0,1.0,0.0,T1_static_validated,representation_case,LLM_review_or_future_special_module,Y2_R007_C02_S01,Y2_boolean_variation,T_Y3_URL_PARTIAL,1,1,1
Y3_R007_C02_S02,Y3_encoded_boolean,Y3,(%27south0%27%20%3C%3E%20%27east1%27),('south0' <> 'east1'),comparison_text,1,1.0,1.0,1.0,0.0,T1_static_validated,representation_case,LLM_review_or_future_special_module,Y1_R007_C02_S02,Y1_basic_boolean,T_Y3_OPERATOR_QUOTE_PERCENT,1,1,1
Y3_R007_C02_S03,Y3_encoded_boolean,Y3,%28%27east1%27%20%3C%3E%20%27west2%27%29,('east1' <> 'west2'),comparison_text,1,1.0,1.0,1.0,0.0,T1_static_validated,representation_case,LLM_review_or_future_special_module,Y1_R007_C02_S03,Y1_basic_boolean,T_Y3_URL_FULL,1,1,1
Y3_R007_C02_S04,Y3_encoded_boolean,Y3,%28'west2'%20<>%20'west2'%29,('west2' <> 'west2'),comparison_text,1,1.0,1.0,1.0,0.0,T1_static_validated,representation_case,LLM_review_or_future_special_module,Y2_R007_C02_S04,Y2_boolean_variation,T_Y3_URL_PARTIAL,1,1,1
Y3_R007_C02_S05,Y3_encoded_boolean,Y3,(%27prime3%27%20%3C%3E%20%27prime3%27),('prime3' <> 'prime3'),comparison_text,1,1.0,1.0,1.0,0.0,T1_static_validated,representation_case,LLM_review_or_future_special_module,Y1_R007_C02_S05,Y1_basic_boolean,T_Y3_OPERATOR_QUOTE_PERCENT,1,1,1
Y3_R007_C02_S06,Y3_encoded_boolean,Y3,%28%27core4%27%20%3C%3E%20%27core4%27%29,('core4' <> 'core4'),comparison_text,1,1.0,1.0,1.0,0.0,T1_static_validated,representation_case,LLM_review_or_future_special_module,Y1_R007_C02_S06,Y1_basic_boolean,T_Y3_URL_FULL,1,1,1
Y3_R007_C03_S01,Y3_encoded_boolean,Y3,NOT%20(%27south8%27%20%3C%3E%20%27south8%27),NOT ('south8' <> 'south8'),comparison_text,1,1.0,1.0,1.0,0.0,T1_static_validated,representation_case,LLM_review_or_future_special_module,Y1_R007_C03_S01,Y1_basic_boolean,T_Y3_OPERATOR_QUOTE_PERCENT,1,1,1
Y3_R007_C03_S02,Y3_encoded_boolean,Y3,NOT%20%28%27east0%27%20%3C%3E%20%27east0%27%29,NOT ('east0' <> 'east0'),comparison_text,1,1.0,1.0,1.0,0.0,T1_static_validated,representation_case,LLM_review_or_future_special_module,Y1_R007_C03_S02,Y1_basic_boolean,T_Y3_URL_FULL,1,1,1
Y3_R007_C03_S03,Y3_encoded_boolean,Y3,NOT%20%28'west1'%20<>%20'west1'%29,NOT ('west1' <> 'west1'),comparison_text,1,1.0,1.0,1.0,0.0,T1_static_validated,representation_case,LLM_review_or_future_special_module,Y2_R007_C03_S03,Y2_boolean_variation,T_Y3_URL_PARTIAL,1,1,1
Y3_R007_C03_S04,Y3_encoded_boolean,Y3,NOT%20(%27prime2%27%20%3C%3E%20%27core3%27),NOT ('prime2' <> 'core3'),comparison_text,1,1.0,1.0,1.0,0.0,T1_static_validated,representation_case,LLM_review_or_future_special_module,Y1_R007_C03_S04,Y1_basic_boolean,T_Y3_OPERATOR_QUOTE_PERCENT,1,1,1
Y3_R007_C03_S05,Y3_encoded_boolean,Y3,NOT%20%28%27core3%27%20%3C%3E%20%27safe4%27%29,NOT ('core3' <> 'safe4'),comparison_text,1,1.0,1.0,1.0,0.0,T1_static_validated,representation_case,LLM_review_or_future_special_module,Y1_R007_C03_S05,Y1_basic_boolean,T_Y3_URL_FULL,1,1,1
Y3_R007_C03_S06,Y3_encoded_boolean,Y3,NOT%20%28'safe4'%20<>%20'audit5'%29,NOT ('safe4' <> 'audit5'),comparison_text,1,1.0,1.0,1.0,0.0,T1_static_validated,representation_case,LLM_review_or_future_special_module,Y2_R007_C03_S06,Y2_boolean_variation,T_Y3_URL_PARTIAL,1,1,1
Y3_R007_C04_S01,Y3_encoded_boolean,Y3,%28%27east8%27%20%3C%3E%20%27west0%27%29%20IS%20TRUE,('east8' <> 'west0') IS TRUE,comparison_text,1,1.0,1.0,1.0,0.0,T1_static_validated,representation_case,LLM_review_or_future_special_module,Y1_R007_C04_S01,Y1_basic_boolean,T_Y3_URL_FULL,1,1,1
Y3_R007_C04_S02,Y3_encoded_boolean,Y3,%28'west0'%20<>%20'prime1'%29%20IS%20TRUE,('west0' <> 'prime1') IS TRUE,comparison_text,1,1.0,1.0,1.0,0.0,T1_static_validated,representation_case,LLM_review_or_future_special_module,Y2_R007_C04_S02,Y2_boolean_variation,T_Y3_URL_PARTIAL,1,1,1
Y3_R007_C04_S03,Y3_encoded_boolean,Y3,(%27prime1%27%20%3C%3E%20%27core2%27)%20IS%20TRUE,('prime1' <> 'core2') IS TRUE,comparison_text,1,1.0,1.0,1.0,0.0,T1_static_validated,representation_case,LLM_review_or_future_special_module,Y1_R007_C04_S03,Y1_basic_boolean,T_Y3_OPERATOR_QUOTE_PERCENT,1,1,1
Y3_R007_C04_S04,Y3_encoded_boolean,Y3,%28%27core2%27%20%3C%3E%20%27core2%27%29%20IS%20TRUE,('core2' <> 'core2') IS TRUE,comparison_text,1,1.0,1.0,1.0,0.0,T1_static_validated,representation_case,LLM_review_or_future_special_module,Y1_R007_C04_S04,Y1_basic_boolean,T_Y3_URL_FULL,1,1,1
Y3_R007_C04_S05,Y3_encoded_boolean,Y3,%28'safe3'%20<>%20'safe3'%29%20IS%20TRUE,('safe3' <> 'safe3') IS TRUE,comparison_text,1,1.0,1.0,1.0,0.0,T1_static_validated,representation_case,LLM_review_or_future_special_module,Y2_R007_C04_S05,Y2_boolean_variation,T_Y3_URL_PARTIAL,1,1,1
Y3_R007_C04_S06,Y3_encoded_boolean,Y3,(%27audit4%27%20%3C%3E%20%27audit4%27)%20IS%20TRUE,('audit4' <> 'audit4') IS TRUE,comparison_text,1,1.0,1.0,1.0,0.0,T1_static_validated,representation_case,LLM_review_or_future_special_module,Y1_R007_C04_S06,Y1_basic_boolean,T_Y3_OPERATOR_QUOTE_PERCENT,1,1,1
Y3_R007_C05_S01,Y3_encoded_boolean,Y3,%28'west8'%20<>%20'prime0'%29%20IS%20NOT%20FALSE,('west8' <> 'prime0') IS NOT FALSE,comparison_text,1,1.0,1.0,1.0,0.0,T1_static_validated,representation_case,LLM_review_or_future_special_module,Y2_R007_C05_S01,Y2_boolean_variation,T_Y3_URL_PARTIAL,1,1,1
Y3_R007_C05_S02,Y3_encoded_boolean,Y3,(%27prime0%27%20%3C%3E%20%27core1%27)%20IS%20NOT%20FALSE,('prime0' <> 'core1') IS NOT FALSE,comparison_text,1,1.0,1.0,1.0,0.0,T1_static_validated,representation_case,LLM_review_or_future_special_module,Y1_R007_C05_S02,Y1_basic_boolean,T_Y3_OPERATOR_QUOTE_PERCENT,1,1,1
Y3_R007_C05_S03,Y3_encoded_boolean,Y3,%28%27core1%27%20%3C%3E%20%27safe2%27%29%20IS%20NOT%20FALSE,('core1' <> 'safe2') IS NOT FALSE,comparison_text,1,1.0,1.0,1.0,0.0,T1_static_validated,representation_case,LLM_review_or_future_special_module,Y1_R007_C05_S03,Y1_basic_boolean,T_Y3_URL_FULL,1,1,1
Y3_R007_C05_S04,Y3_encoded_boolean,Y3,%28'safe2'%20<>%20'safe2'%29%20IS%20NOT%20FALSE,('safe2' <> 'safe2') IS NOT FALSE,comparison_text,1,1.0,1.0,1.0,0.0,T1_static_validated,representation_case,LLM_review_or_future_special_module,Y2_R007_C05_S04,Y2_boolean_variation,T_Y3_URL_PARTIAL,1,1,1
Y3_R007_C05_S05,Y3_encoded_boolean,Y3,(%27audit3%27%20%3C%3E%20%27audit3%27)%20IS%20NOT%20FALSE,('audit3' <> 'audit3') IS NOT FALSE,comparison_text,1,1.0,1.0,1.0,0.0,T1_static_validated,representation_case,LLM_review_or_future_special_module,Y1_R007_C05_S05,Y1_basic_boolean,T_Y3_OPERATOR_QUOTE_PERCENT,1,1,1
Y3_R007_C05_S06,Y3_encoded_boolean,Y3,%28%27trace4%27%20%3C%3E%20%27trace4%27%29%20IS%20NOT%20FALSE,('trace4' <> 'trace4') IS NOT FALSE,comparison_text,1,1.0,1.0,1.0,0.0,T1_static_validated,representation_case,LLM_review_or_future_special_module,Y1_R007_C05_S06,Y1_basic_boolean,T_Y3_URL_FULL,1,1,1
Y3_R007_C06_S01,Y3_encoded_boolean,Y3,CASE%20WHEN%20(%27prime8%27%20%3C%3E%20%27core0%27)%20THEN%20TRUE%20ELSE%20FALSE%20END,CASE WHEN ('prime8' <> 'core0') THEN TRUE ELSE FALSE END,comparison_text,1,1.0,1.0,1.0,0.0,T1_static_validated,representation_case,LLM_review_or_future_special_module,Y1_R007_C06_S01,Y1_basic_boolean,T_Y3_OPERATOR_QUOTE_PERCENT,1,1,1
Y3_R007_C06_S02,Y3_encoded_boolean,Y3,CASE%20WHEN%20%28%27core0%27%20%3C%3E%20%27safe1%27%29%20THEN%20TRUE%20ELSE%20FALSE%20END,CASE WHEN ('core0' <> 'safe1') THEN TRUE ELSE FALSE END,comparison_text,1,1.0,1.0,1.0,0.0,T1_static_validated,representation_case,LLM_review_or_future_special_module,Y1_R007_C06_S02,Y1_basic_boolean,T_Y3_URL_FULL,1,1,1
Y3_R007_C06_S03,Y3_encoded_boolean,Y3,CASE%20WHEN%20%28'safe1'%20<>%20'audit2'%29%20THEN%20TRUE%20ELSE%20FALSE%20END,CASE WHEN ('safe1' <> 'audit2') THEN TRUE ELSE FALSE END,comparison_text,1,1.0,1.0,1.0,0.0,T1_static_validated,representation_case,LLM_review_or_future_special_module,Y2_R007_C06_S03,Y2_boolean_variation,T_Y3_URL_PARTIAL,1,1,1
Y3_R007_C06_S04,Y3_encoded_boolean,Y3,CASE%20WHEN%20(%27audit2%27%20%3C%3E%20%27audit2%27)%20THEN%20TRUE%20ELSE%20FALSE%20END,CASE WHEN ('audit2' <> 'audit2') THEN TRUE ELSE FALSE END,comparison_text,1,1.0,1.0,1.0,0.0,T1_static_validated,representation_case,LLM_review_or_future_special_module,Y1_R007_C06_S04,Y1_basic_boolean,T_Y3_OPERATOR_QUOTE_PERCENT,1,1,1
Y3_R007_C06_S05,Y3_encoded_boolean,Y3,CASE%20WHEN%20%28%27trace3%27%20%3C%3E%20%27trace3%27%29%20THEN%20TRUE%20ELSE%20FALSE%20END,CASE WHEN ('trace3' <> 'trace3') THEN TRUE ELSE FALSE END,comparison_text,1,1.0,1.0,1.0,0.0,T1_static_validated,representation_case,LLM_review_or_future_special_module,Y1_R007_C06_S05,Y1_basic_boolean,T_Y3_URL_FULL,1,1,1
Y3_R007_C06_S06,Y3_encoded_boolean,Y3,CASE%20WHEN%20%28'signal4'%20<>%20'signal4'%29%20THEN%20TRUE%20ELSE%20FALSE%20END,CASE WHEN ('signal4' <> 'signal4') THEN TRUE ELSE FALSE END,comparison_text,1,1.0,1.0,1.0,0.0,T1_static_validated,representation_case,LLM_review_or_future_special_module,Y2_R007_C06_S06,Y2_boolean_variation,T_Y3_URL_PARTIAL,1,1,1
Y3_R007_C07_S01,Y3_encoded_boolean,Y3,%28%27core8%27%20%3C%3E%20%27safe0%27%29%20AND%20%2894%20%3D%2094%29,('core8' <> 'safe0') AND (94 = 94),comparison_text,1,1.0,1.0,1.0,0.0,T1_static_validated,representation_case,LLM_review_or_future_special_module,Y1_R007_C07_S01,Y1_basic_boolean,T_Y3_URL_FULL,1,1,1
Y3_R007_C07_S02,Y3_encoded_boolean,Y3,%28'safe0'%20<>%20'audit1'%29%20AND%20%2810%20=%2010%29,('safe0' <> 'audit1') AND (10 = 10),comparison_text,1,1.0,1.0,1.0,0.0,T1_static_validated,representation_case,LLM_review_or_future_special_module,Y2_R007_C07_S02,Y2_boolean_variation,T_Y3_URL_PARTIAL,1,1,1
Y3_R007_C07_S03,Y3_encoded_boolean,Y3,(%27audit1%27%20%3C%3E%20%27trace2%27)%20AND%20(23%20%3D%2023),('audit1' <> 'trace2') AND (23 = 23),comparison_text,1,1.0,1.0,1.0,0.0,T1_static_validated,representation_case,LLM_review_or_future_special_module,Y1_R007_C07_S03,Y1_basic_boolean,T_Y3_OPERATOR_QUOTE_PERCENT,1,1,1
Y3_R007_C07_S04,Y3_encoded_boolean,Y3,%28%27trace2%27%20%3C%3E%20%27trace2%27%29%20AND%20%2836%20%3D%2036%29,('trace2' <> 'trace2') AND (36 = 36),comparison_text,1,1.0,1.0,1.0,0.0,T1_static_validated,representation_case,LLM_review_or_future_special_module,Y1_R007_C07_S04,Y1_basic_boolean,T_Y3_URL_FULL,1,1,1
Y3_R007_C07_S05,Y3_encoded_boolean,Y3,%28'signal3'%20<>%20'signal3'%29%20AND%20%2849%20=%2049%29,('signal3' <> 'signal3') AND (49 = 49),comparison_text,1,1.0,1.0,1.0,0.0,T1_static_validated,representation_case,LLM_review_or_future_special_module,Y2_R007_C07_S05,Y2_boolean_variation,T_Y3_URL_PARTIAL,1,1,1
Y3_R007_C07_S06,Y3_encoded_boolean,Y3,(%27alpha4%27%20%3C%3E%20%27alpha4%27)%20AND%20(62%20%3D%2062),('alpha4' <> 'alpha4') AND (62 = 62),comparison_text,1,1.0,1.0,1.0,0.0,T1_static_validated,representation_case,LLM_review_or_future_special_module,Y1_R007_C07_S06,Y1_basic_boolean,T_Y3_OPERATOR_QUOTE_PERCENT,1,1,1
Y3_R007_C08_S01,Y3_encoded_boolean,Y3,%28'safe8'%20<>%20'audit0'%29%20OR%20%2825%20<>%2025%29,('safe8' <> 'audit0') OR (25 <> 25),comparison_text,1,1.0,1.0,1.0,0.0,T1_static_validated,representation_case,LLM_review_or_future_special_module,Y2_R007_C08_S01,Y2_boolean_variation,T_Y3_URL_PARTIAL,1,1,1
Y3_R007_C08_S02,Y3_encoded_boolean,Y3,(%27audit0%27%20%3C%3E%20%27trace1%27)%20OR%20(38%20%3C%3E%2038),('audit0' <> 'trace1') OR (38 <> 38),comparison_text,1,1.0,1.0,1.0,0.0,T1_static_validated,representation_case,LLM_review_or_future_special_module,Y1_R007_C08_S02,Y1_basic_boolean,T_Y3_OPERATOR_QUOTE_PERCENT,1,1,1
Y3_R007_C08_S03,Y3_encoded_boolean,Y3,%28%27trace1%27%20%3C%3E%20%27signal2%27%29%20OR%20%2851%20%3C%3E%2051%29,('trace1' <> 'signal2') OR (51 <> 51),comparison_text,1,1.0,1.0,1.0,0.0,T1_static_validated,representation_case,LLM_review_or_future_special_module,Y1_R007_C08_S03,Y1_basic_boolean,T_Y3_URL_FULL,1,1,1
Y3_R007_C08_S04,Y3_encoded_boolean,Y3,%28'signal2'%20<>%20'signal2'%29%20OR%20%2864%20<>%2064%29,('signal2' <> 'signal2') OR (64 <> 64),comparison_text,1,1.0,1.0,1.0,0.0,T1_static_validated,representation_case,LLM_review_or_future_special_module,Y2_R007_C08_S04,Y2_boolean_variation,T_Y3_URL_PARTIAL,1,1,1
Y3_R007_C08_S05,Y3_encoded_boolean,Y3,(%27alpha3%27%20%3C%3E%20%27alpha3%27)%20OR%20(77%20%3C%3E%2077),('alpha3' <> 'alpha3') OR (77 <> 77),comparison_text,1,1.0,1.0,1.0,0.0,T1_static_validated,representation_case,LLM_review_or_future_special_module,Y1_R007_C08_S05,Y1_basic_boolean,T_Y3_OPERATOR_QUOTE_PERCENT,1,1,1
Y3_R007_C08_S06,Y3_encoded_boolean,Y3,%28%27beta4%27%20%3C%3E%20%27beta4%27%29%20OR%20%2890%20%3C%3E%2090%29,('beta4' <> 'beta4') OR (90 <> 90),comparison_text,1,1.0,1.0,1.0,0.0,T1_static_validated,representation_case,LLM_review_or_future_special_module,Y1_R007_C08_S06,Y1_basic_boolean,T_Y3_URL_FULL,1,1,1
Y3_R007_C09_S01,Y3_encoded_boolean,Y3,((%27audit8%27%20%3C%3E%20%27trace0%27)%20%3D%20TRUE),(('audit8' <> 'trace0') = TRUE),comparison_text,1,1.0,1.0,1.0,0.0,T1_static_validated,representation_case,LLM_review_or_future_special_module,Y1_R007_C09_S01,Y1_basic_boolean,T_Y3_OPERATOR_QUOTE_PERCENT,1,1,1
Y3_R007_C09_S02,Y3_encoded_boolean,Y3,%28%28%27trace0%27%20%3C%3E%20%27signal1%27%29%20%3D%20TRUE%29,(('trace0' <> 'signal1') = TRUE),comparison_text,1,1.0,1.0,1.0,0.0,T1_static_validated,representation_case,LLM_review_or_future_special_module,Y1_R007_C09_S02,Y1_basic_boolean,T_Y3_URL_FULL,1,1,1
Y3_R007_C09_S03,Y3_encoded_boolean,Y3,%28%28'signal1'%20<>%20'alpha2'%29%20=%20TRUE%29,(('signal1' <> 'alpha2') = TRUE),comparison_text,1,1.0,1.0,1.0,0.0,T1_static_validated,representation_case,LLM_review_or_future_special_module,Y2_R007_C09_S03,Y2_boolean_variation,T_Y3_URL_PARTIAL,1,1,1
Y3_R007_C09_S04,Y3_encoded_boolean,Y3,((%27alpha2%27%20%3C%3E%20%27alpha2%27)%20%3D%20TRUE),(('alpha2' <> 'alpha2') = TRUE),comparison_text,1,1.0,1.0,1.0,0.0,T1_static_validated,representation_case,LLM_review_or_future_special_module,Y1_R007_C09_S04,Y1_basic_boolean,T_Y3_OPERATOR_QUOTE_PERCENT,1,1,1
Y3_R007_C09_S05,Y3_encoded_boolean,Y3,%28%28%27beta3%27%20%3C%3E%20%27beta3%27%29%20%3D%20TRUE%29,(('beta3' <> 'beta3') = TRUE),comparison_text,1,1.0,1.0,1.0,0.0,T1_static_validated,representation_case,LLM_review_or_future_special_module,Y1_R007_C09_S05,Y1_basic_boolean,T_Y3_URL_FULL,1,1,1
Y3_R007_C09_S06,Y3_encoded_boolean,Y3,%28%28'gamma4'%20<>%20'gamma4'%29%20=%20TRUE%29,(('gamma4' <> 'gamma4') = TRUE),comparison_text,1,1.0,1.0,1.0,0.0,T1_static_validated,representation_case,LLM_review_or_future_special_module,Y2_R007_C09_S06,Y2_boolean_variation,T_Y3_URL_PARTIAL,1,1,1
Y3_R007_C10_S01,Y3_encoded_boolean,Y3,COALESCE%28%28%27trace8%27%20%3C%3E%20%27signal0%27%29%2C%20FALSE%29,"COALESCE(('trace8' <> 'signal0'), FALSE)",comparison_text,1,1.0,1.0,1.0,0.0,T1_static_validated,representation_case,LLM_review_or_future_special_module,Y1_R007_C10_S01,Y1_basic_boolean,T_Y3_URL_FULL,1,1,1
Y3_R007_C10_S02,Y3_encoded_boolean,Y3,COALESCE%28%28'signal0'%20<>%20'alpha1'%29%2C%20FALSE%29,"COALESCE(('signal0' <> 'alpha1'), FALSE)",comparison_text,1,1.0,1.0,1.0,0.0,T1_static_validated,representation_case,LLM_review_or_future_special_module,Y2_R007_C10_S02,Y2_boolean_variation,T_Y3_URL_PARTIAL,1,1,1
Y3_R007_C10_S03,Y3_encoded_boolean,Y3,"COALESCE((%27alpha1%27%20%3C%3E%20%27beta2%27),%20FALSE)","COALESCE(('alpha1' <> 'beta2'), FALSE)",comparison_text,1,1.0,1.0,1.0,0.0,T1_static_validated,representation_case,LLM_review_or_future_special_module,Y1_R007_C10_S03,Y1_basic_boolean,T_Y3_OPERATOR_QUOTE_PERCENT,1,1,1
Y3_R007_C10_S04,Y3_encoded_boolean,Y3,COALESCE%28%28%27beta2%27%20%3C%3E%20%27beta2%27%29%2C%20FALSE%29,"COALESCE(('beta2' <> 'beta2'), FALSE)",comparison_text,1,1.0,1.0,1.0,0.0,T1_static_validated,representation_case,LLM_review_or_future_special_module,Y1_R007_C10_S04,Y1_basic_boolean,T_Y3_URL_FULL,1,1,1
Y3_R007_C10_S05,Y3_encoded_boolean,Y3,COALESCE%28%28'gamma3'%20<>%20'gamma3'%29%2C%20FALSE%29,"COALESCE(('gamma3' <> 'gamma3'), FALSE)",comparison_text,1,1.0,1.0,1.0,0.0,T1_static_validated,representation_case,LLM_review_or_future_special_module,Y2_R007_C10_S05,Y2_boolean_variation,T_Y3_URL_PARTIAL,1,1,1
Y3_R007_C10_S06,Y3_encoded_boolean,Y3,"COALESCE((%27delta4%27%20%3C%3E%20%27delta4%27),%20FALSE)","COALESCE(('delta4' <> 'delta4'), FALSE)",comparison_text,1,1.0,1.0,1.0,0.0,T1_static_validated,representation_case,LLM_review_or_future_special_module,Y1_R007_C10_S06,Y1_basic_boolean,T_Y3_OPERATOR_QUOTE_PERCENT,1,1,1
Y3_R008_C01_S01,Y3_encoded_boolean,Y3,lower%28'NORTH0'%29%20=%20'north0',lower('NORTH0') = 'north0',comparison_text,1,1.0,1.0,1.0,0.0,T1_static_validated,representation_case,LLM_review_or_future_special_module,Y2_R008_C01_S01,Y2_boolean_variation,T_Y3_URL_PARTIAL,1,1,1
Y3_R008_C01_S02,Y3_encoded_boolean,Y3,lower(%27SOUTH1%27)%20%3D%20%27south1%27,lower('SOUTH1') = 'south1',comparison_text,1,1.0,1.0,1.0,0.0,T1_static_validated,representation_case,LLM_review_or_future_special_module,Y1_R008_C01_S02,Y1_basic_boolean,T_Y3_OPERATOR_QUOTE_PERCENT,1,1,1
Y3_R008_C01_S03,Y3_encoded_boolean,Y3,lower%28%27EAST2%27%29%20%3D%20%27east2%27,lower('EAST2') = 'east2',comparison_text,1,1.0,1.0,1.0,0.0,T1_static_validated,representation_case,LLM_review_or_future_special_module,Y1_R008_C01_S03,Y1_basic_boolean,T_Y3_URL_FULL,1,1,1
Y3_R008_C01_S04,Y3_encoded_boolean,Y3,lower%28'WEST3'%29%20=%20'prime4',lower('WEST3') = 'prime4',comparison_text,1,1.0,1.0,1.0,0.0,T1_static_validated,representation_case,LLM_review_or_future_special_module,Y2_R008_C01_S04,Y2_boolean_variation,T_Y3_URL_PARTIAL,1,1,1
Y3_R008_C01_S05,Y3_encoded_boolean,Y3,lower(%27PRIME4%27)%20%3D%20%27core5%27,lower('PRIME4') = 'core5',comparison_text,1,1.0,1.0,1.0,0.0,T1_static_validated,representation_case,LLM_review_or_future_special_module,Y1_R008_C01_S05,Y1_basic_boolean,T_Y3_OPERATOR_QUOTE_PERCENT,1,1,1
Y3_R008_C01_S06,Y3_encoded_boolean,Y3,lower%28%27CORE5%27%29%20%3D%20%27safe6%27,lower('CORE5') = 'safe6',comparison_text,1,1.0,1.0,1.0,0.0,T1_static_validated,representation_case,LLM_review_or_future_special_module,Y1_R008_C01_S06,Y1_basic_boolean,T_Y3_URL_FULL,1,1,1
Y3_R008_C02_S01,Y3_encoded_boolean,Y3,(lower(%27SOUTH0%27)%20%3D%20%27south0%27),(lower('SOUTH0') = 'south0'),comparison_text,1,1.0,1.0,1.0,0.0,T1_static_validated,representation_case,LLM_review_or_future_special_module,Y1_R008_C02_S01,Y1_basic_boolean,T_Y3_OPERATOR_QUOTE_PERCENT,1,1,1
Y3_R008_C02_S02,Y3_encoded_boolean,Y3,%28lower%28%27EAST1%27%29%20%3D%20%27east1%27%29,(lower('EAST1') = 'east1'),comparison_text,1,1.0,1.0,1.0,0.0,T1_static_validated,representation_case,LLM_review_or_future_special_module,Y1_R008_C02_S02,Y1_basic_boolean,T_Y3_URL_FULL,1,1,1
Y3_R008_C02_S03,Y3_encoded_boolean,Y3,%28lower%28'WEST2'%29%20=%20'west2'%29,(lower('WEST2') = 'west2'),comparison_text,1,1.0,1.0,1.0,0.0,T1_static_validated,representation_case,LLM_review_or_future_special_module,Y2_R008_C02_S03,Y2_boolean_variation,T_Y3_URL_PARTIAL,1,1,1
Y3_R008_C02_S04,Y3_encoded_boolean,Y3,(lower(%27PRIME3%27)%20%3D%20%27core4%27),(lower('PRIME3') = 'core4'),comparison_text,1,1.0,1.0,1.0,0.0,T1_static_validated,representation_case,LLM_review_or_future_special_module,Y1_R008_C02_S04,Y1_basic_boolean,T_Y3_OPERATOR_QUOTE_PERCENT,1,1,1
Y3_R008_C02_S05,Y3_encoded_boolean,Y3,%28lower%28%27CORE4%27%29%20%3D%20%27safe5%27%29,(lower('CORE4') = 'safe5'),comparison_text,1,1.0,1.0,1.0,0.0,T1_static_validated,representation_case,LLM_review_or_future_special_module,Y1_R008_C02_S05,Y1_basic_boolean,T_Y3_URL_FULL,1,1,1
Y3_R008_C02_S06,Y3_encoded_boolean,Y3,%28lower%28'SAFE5'%29%20=%20'audit6'%29,(lower('SAFE5') = 'audit6'),comparison_text,1,1.0,1.0,1.0,0.0,T1_static_validated,representation_case,LLM_review_or_future_special_module,Y2_R008_C02_S06,Y2_boolean_variation,T_Y3_URL_PARTIAL,1,1,1
Y3_R008_C03_S01,Y3_encoded_boolean,Y3,NOT%20%28lower%28%27EAST0%27%29%20%3D%20%27west1%27%29,NOT (lower('EAST0') = 'west1'),comparison_text,1,1.0,1.0,1.0,0.0,T1_static_validated,representation_case,LLM_review_or_future_special_module,Y1_R008_C03_S01,Y1_basic_boolean,T_Y3_URL_FULL,1,1,1
Y3_R008_C03_S02,Y3_encoded_boolean,Y3,NOT%20%28lower%28'WEST1'%29%20=%20'prime2'%29,NOT (lower('WEST1') = 'prime2'),comparison_text,1,1.0,1.0,1.0,0.0,T1_static_validated,representation_case,LLM_review_or_future_special_module,Y2_R008_C03_S02,Y2_boolean_variation,T_Y3_URL_PARTIAL,1,1,1
Y3_R008_C03_S03,Y3_encoded_boolean,Y3,NOT%20(lower(%27PRIME2%27)%20%3D%20%27core3%27),NOT (lower('PRIME2') = 'core3'),comparison_text,1,1.0,1.0,1.0,0.0,T1_static_validated,representation_case,LLM_review_or_future_special_module,Y1_R008_C03_S03,Y1_basic_boolean,T_Y3_OPERATOR_QUOTE_PERCENT,1,1,1
Y3_R008_C03_S04,Y3_encoded_boolean,Y3,NOT%20%28lower%28%27CORE3%27%29%20%3D%20%27core3%27%29,NOT (lower('CORE3') = 'core3'),comparison_text,1,1.0,1.0,1.0,0.0,T1_static_validated,representation_case,LLM_review_or_future_special_module,Y1_R008_C03_S04,Y1_basic_boolean,T_Y3_URL_FULL,1,1,1
Y3_R008_C03_S05,Y3_encoded_boolean,Y3,NOT%20%28lower%28'SAFE4'%29%20=%20'safe4'%29,NOT (lower('SAFE4') = 'safe4'),comparison_text,1,1.0,1.0,1.0,0.0,T1_static_validated,representation_case,LLM_review_or_future_special_module,Y2_R008_C03_S05,Y2_boolean_variation,T_Y3_URL_PARTIAL,1,1,1
Y3_R008_C03_S06,Y3_encoded_boolean,Y3,NOT%20(lower(%27AUDIT5%27)%20%3D%20%27audit5%27),NOT (lower('AUDIT5') = 'audit5'),comparison_text,1,1.0,1.0,1.0,0.0,T1_static_validated,representation_case,LLM_review_or_future_special_module,Y1_R008_C03_S06,Y1_basic_boolean,T_Y3_OPERATOR_QUOTE_PERCENT,1,1,1
Y3_R008_C04_S01,Y3_encoded_boolean,Y3,%28lower%28'WEST0'%29%20=%20'west0'%29%20IS%20TRUE,(lower('WEST0') = 'west0') IS TRUE,comparison_text,1,1.0,1.0,1.0,0.0,T1_static_validated,representation_case,LLM_review_or_future_special_module,Y2_R008_C04_S01,Y2_boolean_variation,T_Y3_URL_PARTIAL,1,1,1
Y3_R008_C04_S02,Y3_encoded_boolean,Y3,(lower(%27PRIME1%27)%20%3D%20%27prime1%27)%20IS%20TRUE,(lower('PRIME1') = 'prime1') IS TRUE,comparison_text,1,1.0,1.0,1.0,0.0,T1_static_validated,representation_case,LLM_review_or_future_special_module,Y1_R008_C04_S02,Y1_basic_boolean,T_Y3_OPERATOR_QUOTE_PERCENT,1,1,1
Y3_R008_C04_S03,Y3_encoded_boolean,Y3,%28lower%28%27CORE2%27%29%20%3D%20%27core2%27%29%20IS%20TRUE,(lower('CORE2') = 'core2') IS TRUE,comparison_text,1,1.0,1.0,1.0,0.0,T1_static_validated,representation_case,LLM_review_or_future_special_module,Y1_R008_C04_S03,Y1_basic_boolean,T_Y3_URL_FULL,1,1,1
Y3_R008_C04_S04,Y3_encoded_boolean,Y3,%28lower%28'SAFE3'%29%20=%20'audit4'%29%20IS%20TRUE,(lower('SAFE3') = 'audit4') IS TRUE,comparison_text,1,1.0,1.0,1.0,0.0,T1_static_validated,representation_case,LLM_review_or_future_special_module,Y2_R008_C04_S04,Y2_boolean_variation,T_Y3_URL_PARTIAL,1,1,1
Y3_R008_C04_S05,Y3_encoded_boolean,Y3,(lower(%27AUDIT4%27)%20%3D%20%27trace5%27)%20IS%20TRUE,(lower('AUDIT4') = 'trace5') IS TRUE,comparison_text,1,1.0,1.0,1.0,0.0,T1_static_validated,representation_case,LLM_review_or_future_special_module,Y1_R008_C04_S05,Y1_basic_boolean,T_Y3_OPERATOR_QUOTE_PERCENT,1,1,1
Y3_R008_C04_S06,Y3_encoded_boolean,Y3,%28lower%28%27TRACE5%27%29%20%3D%20%27signal6%27%29%20IS%20TRUE,(lower('TRACE5') = 'signal6') IS TRUE,comparison_text,1,1.0,1.0,1.0,0.0,T1_static_validated,representation_case,LLM_review_or_future_special_module,Y1_R008_C04_S06,Y1_basic_boolean,T_Y3_URL_FULL,1,1,1
Y3_R008_C05_S01,Y3_encoded_boolean,Y3,(lower(%27PRIME0%27)%20%3D%20%27prime0%27)%20IS%20NOT%20FALSE,(lower('PRIME0') = 'prime0') IS NOT FALSE,comparison_text,1,1.0,1.0,1.0,0.0,T1_static_validated,representation_case,LLM_review_or_future_special_module,Y1_R008_C05_S01,Y1_basic_boolean,T_Y3_OPERATOR_QUOTE_PERCENT,1,1,1
Y3_R008_C05_S02,Y3_encoded_boolean,Y3,%28lower%28%27CORE1%27%29%20%3D%20%27core1%27%29%20IS%20NOT%20FALSE,(lower('CORE1') = 'core1') IS NOT FALSE,comparison_text,1,1.0,1.0,1.0,0.0,T1_static_validated,representation_case,LLM_review_or_future_special_module,Y1_R008_C05_S02,Y1_basic_boolean,T_Y3_URL_FULL,1,1,1
Y3_R008_C05_S03,Y3_encoded_boolean,Y3,%28lower%28'SAFE2'%29%20=%20'safe2'%29%20IS%20NOT%20FALSE,(lower('SAFE2') = 'safe2') IS NOT FALSE,comparison_text,1,1.0,1.0,1.0,0.0,T1_static_validated,representation_case,LLM_review_or_future_special_module,Y2_R008_C05_S03,Y2_boolean_variation,T_Y3_URL_PARTIAL,1,1,1
Y3_R008_C05_S04,Y3_encoded_boolean,Y3,(lower(%27AUDIT3%27)%20%3D%20%27trace4%27)%20IS%20NOT%20FALSE,(lower('AUDIT3') = 'trace4') IS NOT FALSE,comparison_text,1,1.0,1.0,1.0,0.0,T1_static_validated,representation_case,LLM_review_or_future_special_module,Y1_R008_C05_S04,Y1_basic_boolean,T_Y3_OPERATOR_QUOTE_PERCENT,1,1,1
Y3_R008_C05_S05,Y3_encoded_boolean,Y3,%28lower%28%27TRACE4%27%29%20%3D%20%27signal5%27%29%20IS%20NOT%20FALSE,(lower('TRACE4') = 'signal5') IS NOT FALSE,comparison_text,1,1.0,1.0,1.0,0.0,T1_static_validated,representation_case,LLM_review_or_future_special_module,Y1_R008_C05_S05,Y1_basic_boolean,T_Y3_URL_FULL,1,1,1
Y3_R008_C05_S06,Y3_encoded_boolean,Y3,%28lower%28'SIGNAL5'%29%20=%20'alpha6'%29%20IS%20NOT%20FALSE,(lower('SIGNAL5') = 'alpha6') IS NOT FALSE,comparison_text,1,1.0,1.0,1.0,0.0,T1_static_validated,representation_case,LLM_review_or_future_special_module,Y2_R008_C05_S06,Y2_boolean_variation,T_Y3_URL_PARTIAL,1,1,1
Y3_R008_C06_S01,Y3_encoded_boolean,Y3,CASE%20WHEN%20%28lower%28%27CORE0%27%29%20%3D%20%27core0%27%29%20THEN%20TRUE%20ELSE%20FALSE%20END,CASE WHEN (lower('CORE0') = 'core0') THEN TRUE ELSE FALSE END,comparison_text,1,1.0,1.0,1.0,0.0,T1_static_validated,representation_case,LLM_review_or_future_special_module,Y1_R008_C06_S01,Y1_basic_boolean,T_Y3_URL_FULL,1,1,1
Y3_R008_C06_S02,Y3_encoded_boolean,Y3,CASE%20WHEN%20%28lower%28'SAFE1'%29%20=%20'safe1'%29%20THEN%20TRUE%20ELSE%20FALSE%20END,CASE WHEN (lower('SAFE1') = 'safe1') THEN TRUE ELSE FALSE END,comparison_text,1,1.0,1.0,1.0,0.0,T1_static_validated,representation_case,LLM_review_or_future_special_module,Y2_R008_C06_S02,Y2_boolean_variation,T_Y3_URL_PARTIAL,1,1,1
Y3_R008_C06_S03,Y3_encoded_boolean,Y3,CASE%20WHEN%20(lower(%27AUDIT2%27)%20%3D%20%27audit2%27)%20THEN%20TRUE%20ELSE%20FALSE%20END,CASE WHEN (lower('AUDIT2') = 'audit2') THEN TRUE ELSE FALSE END,comparison_text,1,1.0,1.0,1.0,0.0,T1_static_validated,representation_case,LLM_review_or_future_special_module,Y1_R008_C06_S03,Y1_basic_boolean,T_Y3_OPERATOR_QUOTE_PERCENT,1,1,1
Y3_R008_C06_S04,Y3_encoded_boolean,Y3,CASE%20WHEN%20%28lower%28%27TRACE3%27%29%20%3D%20%27signal4%27%29%20THEN%20TRUE%20ELSE%20FALSE%20END,CASE WHEN (lower('TRACE3') = 'signal4') THEN TRUE ELSE FALSE END,comparison_text,1,1.0,1.0,1.0,0.0,T1_static_validated,representation_case,LLM_review_or_future_special_module,Y1_R008_C06_S04,Y1_basic_boolean,T_Y3_URL_FULL,1,1,1
Y3_R008_C06_S05,Y3_encoded_boolean,Y3,CASE%20WHEN%20%28lower%28'SIGNAL4'%29%20=%20'alpha5'%29%20THEN%20TRUE%20ELSE%20FALSE%20END,CASE WHEN (lower('SIGNAL4') = 'alpha5') THEN TRUE ELSE FALSE END,comparison_text,1,1.0,1.0,1.0,0.0,T1_static_validated,representation_case,LLM_review_or_future_special_module,Y2_R008_C06_S05,Y2_boolean_variation,T_Y3_URL_PARTIAL,1,1,1
Y3_R008_C06_S06,Y3_encoded_boolean,Y3,CASE%20WHEN%20(lower(%27ALPHA5%27)%20%3D%20%27beta6%27)%20THEN%20TRUE%20ELSE%20FALSE%20END,CASE WHEN (lower('ALPHA5') = 'beta6') THEN TRUE ELSE FALSE END,comparison_text,1,1.0,1.0,1.0,0.0,T1_static_validated,representation_case,LLM_review_or_future_special_module,Y1_R008_C06_S06,Y1_basic_boolean,T_Y3_OPERATOR_QUOTE_PERCENT,1,1,1
Y3_R008_C07_S01,Y3_encoded_boolean,Y3,%28lower%28'SAFE0'%29%20=%20'safe0'%29%20AND%20%284%20=%204%29,(lower('SAFE0') = 'safe0') AND (4 = 4),comparison_text,1,1.0,1.0,1.0,0.0,T1_static_validated,representation_case,LLM_review_or_future_special_module,Y2_R008_C07_S01,Y2_boolean_variation,T_Y3_URL_PARTIAL,1,1,1
Y3_R008_C07_S02,Y3_encoded_boolean,Y3,(lower(%27AUDIT1%27)%20%3D%20%27audit1%27)%20AND%20(17%20%3D%2017),(lower('AUDIT1') = 'audit1') AND (17 = 17),comparison_text,1,1.0,1.0,1.0,0.0,T1_static_validated,representation_case,LLM_review_or_future_special_module,Y1_R008_C07_S02,Y1_basic_boolean,T_Y3_OPERATOR_QUOTE_PERCENT,1,1,1
Y3_R008_C07_S03,Y3_encoded_boolean,Y3,%28lower%28%27TRACE2%27%29%20%3D%20%27trace2%27%29%20AND%20%2830%20%3D%2030%29,(lower('TRACE2') = 'trace2') AND (30 = 30),comparison_text,1,1.0,1.0,1.0,0.0,T1_static_validated,representation_case,LLM_review_or_future_special_module,Y1_R008_C07_S03,Y1_basic_boolean,T_Y3_URL_FULL,1,1,1
Y3_R008_C07_S04,Y3_encoded_boolean,Y3,%28lower%28'SIGNAL3'%29%20=%20'alpha4'%29%20AND%20%2843%20=%2043%29,(lower('SIGNAL3') = 'alpha4') AND (43 = 43),comparison_text,1,1.0,1.0,1.0,0.0,T1_static_validated,representation_case,LLM_review_or_future_special_module,Y2_R008_C07_S04,Y2_boolean_variation,T_Y3_URL_PARTIAL,1,1,1
Y3_R008_C07_S05,Y3_encoded_boolean,Y3,(lower(%27ALPHA4%27)%20%3D%20%27beta5%27)%20AND%20(56%20%3D%2056),(lower('ALPHA4') = 'beta5') AND (56 = 56),comparison_text,1,1.0,1.0,1.0,0.0,T1_static_validated,representation_case,LLM_review_or_future_special_module,Y1_R008_C07_S05,Y1_basic_boolean,T_Y3_OPERATOR_QUOTE_PERCENT,1,1,1
Y3_R008_C07_S06,Y3_encoded_boolean,Y3,%28lower%28%27BETA5%27%29%20%3D%20%27gamma6%27%29%20AND%20%2869%20%3D%2069%29,(lower('BETA5') = 'gamma6') AND (69 = 69),comparison_text,1,1.0,1.0,1.0,0.0,T1_static_validated,representation_case,LLM_review_or_future_special_module,Y1_R008_C07_S06,Y1_basic_boolean,T_Y3_URL_FULL,1,1,1
Y3_R008_C08_S01,Y3_encoded_boolean,Y3,(lower(%27AUDIT0%27)%20%3D%20%27audit0%27)%20OR%20(32%20%3C%3E%2032),(lower('AUDIT0') = 'audit0') OR (32 <> 32),comparison_text,1,1.0,1.0,1.0,0.0,T1_static_validated,representation_case,LLM_review_or_future_special_module,Y1_R008_C08_S01,Y1_basic_boolean,T_Y3_OPERATOR_QUOTE_PERCENT,1,1,1
Y3_R008_C08_S02,Y3_encoded_boolean,Y3,%28lower%28%27TRACE1%27%29%20%3D%20%27trace1%27%29%20OR%20%2845%20%3C%3E%2045%29,(lower('TRACE1') = 'trace1') OR (45 <> 45),comparison_text,1,1.0,1.0,1.0,0.0,T1_static_validated,representation_case,LLM_review_or_future_special_module,Y1_R008_C08_S02,Y1_basic_boolean,T_Y3_URL_FULL,1,1,1
Y3_R008_C08_S03,Y3_encoded_boolean,Y3,%28lower%28'SIGNAL2'%29%20=%20'signal2'%29%20OR%20%2858%20<>%2058%29,(lower('SIGNAL2') = 'signal2') OR (58 <> 58),comparison_text,1,1.0,1.0,1.0,0.0,T1_static_validated,representation_case,LLM_review_or_future_special_module,Y2_R008_C08_S03,Y2_boolean_variation,T_Y3_URL_PARTIAL,1,1,1
Y3_R008_C08_S04,Y3_encoded_boolean,Y3,(lower(%27ALPHA3%27)%20%3D%20%27beta4%27)%20OR%20(71%20%3C%3E%2071),(lower('ALPHA3') = 'beta4') OR (71 <> 71),comparison_text,1,1.0,1.0,1.0,0.0,T1_static_validated,representation_case,LLM_review_or_future_special_module,Y1_R008_C08_S04,Y1_basic_boolean,T_Y3_OPERATOR_QUOTE_PERCENT,1,1,1
Y3_R008_C08_S05,Y3_encoded_boolean,Y3,%28lower%28%27BETA4%27%29%20%3D%20%27gamma5%27%29%20OR%20%2884%20%3C%3E%2084%29,(lower('BETA4') = 'gamma5') OR (84 <> 84),comparison_text,1,1.0,1.0,1.0,0.0,T1_static_validated,representation_case,LLM_review_or_future_special_module,Y1_R008_C08_S05,Y1_basic_boolean,T_Y3_URL_FULL,1,1,1
Y3_R008_C08_S06,Y3_encoded_boolean,Y3,%28lower%28'GAMMA5'%29%20=%20'delta6'%29%20OR%20%2897%20<>%2097%29,(lower('GAMMA5') = 'delta6') OR (97 <> 97),comparison_text,1,1.0,1.0,1.0,0.0,T1_static_validated,representation_case,LLM_review_or_future_special_module,Y2_R008_C08_S06,Y2_boolean_variation,T_Y3_URL_PARTIAL,1,1,1
Y3_R008_C09_S01,Y3_encoded_boolean,Y3,%28%28lower%28%27TRACE0%27%29%20%3D%20%27trace0%27%29%20%3D%20TRUE%29,((lower('TRACE0') = 'trace0') = TRUE),comparison_text,1,1.0,1.0,1.0,0.0,T1_static_validated,representation_case,LLM_review_or_future_special_module,Y1_R008_C09_S01,Y1_basic_boolean,T_Y3_URL_FULL,1,1,1
Y3_R008_C09_S02,Y3_encoded_boolean,Y3,%28%28lower%28'SIGNAL1'%29%20=%20'signal1'%29%20=%20TRUE%29,((lower('SIGNAL1') = 'signal1') = TRUE),comparison_text,1,1.0,1.0,1.0,0.0,T1_static_validated,representation_case,LLM_review_or_future_special_module,Y2_R008_C09_S02,Y2_boolean_variation,T_Y3_URL_PARTIAL,1,1,1
Y3_R008_C09_S03,Y3_encoded_boolean,Y3,((lower(%27ALPHA2%27)%20%3D%20%27alpha2%27)%20%3D%20TRUE),((lower('ALPHA2') = 'alpha2') = TRUE),comparison_text,1,1.0,1.0,1.0,0.0,T1_static_validated,representation_case,LLM_review_or_future_special_module,Y1_R008_C09_S03,Y1_basic_boolean,T_Y3_OPERATOR_QUOTE_PERCENT,1,1,1
Y3_R008_C09_S04,Y3_encoded_boolean,Y3,%28%28lower%28%27BETA3%27%29%20%3D%20%27gamma4%27%29%20%3D%20TRUE%29,((lower('BETA3') = 'gamma4') = TRUE),comparison_text,1,1.0,1.0,1.0,0.0,T1_static_validated,representation_case,LLM_review_or_future_special_module,Y1_R008_C09_S04,Y1_basic_boolean,T_Y3_URL_FULL,1,1,1
Y3_R008_C09_S05,Y3_encoded_boolean,Y3,%28%28lower%28'GAMMA4'%29%20=%20'delta5'%29%20=%20TRUE%29,((lower('GAMMA4') = 'delta5') = TRUE),comparison_text,1,1.0,1.0,1.0,0.0,T1_static_validated,representation_case,LLM_review_or_future_special_module,Y2_R008_C09_S05,Y2_boolean_variation,T_Y3_URL_PARTIAL,1,1,1
Y3_R008_C09_S06,Y3_encoded_boolean,Y3,((lower(%27DELTA5%27)%20%3D%20%27omega6%27)%20%3D%20TRUE),((lower('DELTA5') = 'omega6') = TRUE),comparison_text,1,1.0,1.0,1.0,0.0,T1_static_validated,representation_case,LLM_review_or_future_special_module,Y1_R008_C09_S06,Y1_basic_boolean,T_Y3_OPERATOR_QUOTE_PERCENT,1,1,1
Y3_R008_C10_S01,Y3_encoded_boolean,Y3,COALESCE%28%28lower%28'SIGNAL0'%29%20=%20'signal0'%29%2C%20FALSE%29,"COALESCE((lower('SIGNAL0') = 'signal0'), FALSE)",comparison_text,1,1.0,1.0,1.0,0.0,T1_static_validated,representation_case,LLM_review_or_future_special_module,Y2_R008_C10_S01,Y2_boolean_variation,T_Y3_URL_PARTIAL,1,1,1
Y3_R008_C10_S02,Y3_encoded_boolean,Y3,"COALESCE((lower(%27ALPHA1%27)%20%3D%20%27alpha1%27),%20FALSE)","COALESCE((lower('ALPHA1') = 'alpha1'), FALSE)",comparison_text,1,1.0,1.0,1.0,0.0,T1_static_validated,representation_case,LLM_review_or_future_special_module,Y1_R008_C10_S02,Y1_basic_boolean,T_Y3_OPERATOR_QUOTE_PERCENT,1,1,1
Y3_R008_C10_S03,Y3_encoded_boolean,Y3,COALESCE%28%28lower%28%27BETA2%27%29%20%3D%20%27beta2%27%29%2C%20FALSE%29,"COALESCE((lower('BETA2') = 'beta2'), FALSE)",comparison_text,1,1.0,1.0,1.0,0.0,T1_static_validated,representation_case,LLM_review_or_future_special_module,Y1_R008_C10_S03,Y1_basic_boolean,T_Y3_URL_FULL,1,1,1
Y3_R008_C10_S04,Y3_encoded_boolean,Y3,COALESCE%28%28lower%28'GAMMA3'%29%20=%20'delta4'%29%2C%20FALSE%29,"COALESCE((lower('GAMMA3') = 'delta4'), FALSE)",comparison_text,1,1.0,1.0,1.0,0.0,T1_static_validated,representation_case,LLM_review_or_future_special_module,Y2_R008_C10_S04,Y2_boolean_variation,T_Y3_URL_PARTIAL,1,1,1
Y3_R008_C10_S05,Y3_encoded_boolean,Y3,"COALESCE((lower(%27DELTA4%27)%20%3D%20%27omega5%27),%20FALSE)","COALESCE((lower('DELTA4') = 'omega5'), FALSE)",comparison_text,1,1.0,1.0,1.0,0.0,T1_static_validated,representation_case,LLM_review_or_future_special_module,Y1_R008_C10_S05,Y1_basic_boolean,T_Y3_OPERATOR_QUOTE_PERCENT,1,1,1
Y3_R008_C10_S06,Y3_encoded_boolean,Y3,COALESCE%28%28lower%28%27OMEGA5%27%29%20%3D%20%27active6%27%29%2C%20FALSE%29,"COALESCE((lower('OMEGA5') = 'active6'), FALSE)",comparison_text,1,1.0,1.0,1.0,0.0,T1_static_validated,representation_case,LLM_review_or_future_special_module,Y1_R008_C10_S06,Y1_basic_boolean,T_Y3_URL_FULL,1,1,1
Y3_R009_C01_S01,Y3_encoded_boolean,Y3,char_length(%27south1%27)%20%3D%206,char_length('south1') = 6,comparison_text,1,1.0,1.0,1.0,0.0,T1_static_validated,representation_case,LLM_review_or_future_special_module,Y1_R009_C01_S01,Y1_basic_boolean,T_Y3_OPERATOR_QUOTE_PERCENT,1,1,1
Y3_R009_C01_S02,Y3_encoded_boolean,Y3,char_length%28%27east2%27%29%20%3D%205,char_length('east2') = 5,comparison_text,1,1.0,1.0,1.0,0.0,T1_static_validated,representation_case,LLM_review_or_future_special_module,Y1_R009_C01_S02,Y1_basic_boolean,T_Y3_URL_FULL,1,1,1
Y3_R009_C01_S03,Y3_encoded_boolean,Y3,char_length%28'west3'%29%20=%205,char_length('west3') = 5,comparison_text,1,1.0,1.0,1.0,0.0,T1_static_validated,representation_case,LLM_review_or_future_special_module,Y2_R009_C01_S03,Y2_boolean_variation,T_Y3_URL_PARTIAL,1,1,1
Y3_R009_C01_S04,Y3_encoded_boolean,Y3,char_length(%27prime4%27)%20%3D%207,char_length('prime4') = 7,comparison_text,1,1.0,1.0,1.0,0.0,T1_static_validated,representation_case,LLM_review_or_future_special_module,Y1_R009_C01_S04,Y1_basic_boolean,T_Y3_OPERATOR_QUOTE_PERCENT,1,1,1
Y3_R009_C01_S05,Y3_encoded_boolean,Y3,char_length%28%27core5%27%29%20%3D%206,char_length('core5') = 6,comparison_text,1,1.0,1.0,1.0,0.0,T1_static_validated,representation_case,LLM_review_or_future_special_module,Y1_R009_C01_S05,Y1_basic_boolean,T_Y3_URL_FULL,1,1,1
Y3_R009_C01_S06,Y3_encoded_boolean,Y3,char_length%28'safe6'%29%20=%206,char_length('safe6') = 6,comparison_text,1,1.0,1.0,1.0,0.0,T1_static_validated,representation_case,LLM_review_or_future_special_module,Y2_R009_C01_S06,Y2_boolean_variation,T_Y3_URL_PARTIAL,1,1,1
Y3_R009_C02_S01,Y3_encoded_boolean,Y3,%28char_length%28%27east1%27%29%20%3D%205%29,(char_length('east1') = 5),comparison_text,1,1.0,1.0,1.0,0.0,T1_static_validated,representation_case,LLM_review_or_future_special_module,Y1_R009_C02_S01,Y1_basic_boolean,T_Y3_URL_FULL,1,1,1
Y3_R009_C02_S02,Y3_encoded_boolean,Y3,%28char_length%28'west2'%29%20=%205%29,(char_length('west2') = 5),comparison_text,1,1.0,1.0,1.0,0.0,T1_static_validated,representation_case,LLM_review_or_future_special_module,Y2_R009_C02_S02,Y2_boolean_variation,T_Y3_URL_PARTIAL,1,1,1
Y3_R009_C02_S03,Y3_encoded_boolean,Y3,(char_length(%27prime3%27)%20%3D%206),(char_length('prime3') = 6),comparison_text,1,1.0,1.0,1.0,0.0,T1_static_validated,representation_case,LLM_review_or_future_special_module,Y1_R009_C02_S03,Y1_basic_boolean,T_Y3_OPERATOR_QUOTE_PERCENT,1,1,1
Y3_R009_C02_S04,Y3_encoded_boolean,Y3,%28char_length%28%27core4%27%29%20%3D%206%29,(char_length('core4') = 6),comparison_text,1,1.0,1.0,1.0,0.0,T1_static_validated,representation_case,LLM_review_or_future_special_module,Y1_R009_C02_S04,Y1_basic_boolean,T_Y3_URL_FULL,1,1,1
Y3_R009_C02_S05,Y3_encoded_boolean,Y3,%28char_length%28'safe5'%29%20=%206%29,(char_length('safe5') = 6),comparison_text,1,1.0,1.0,1.0,0.0,T1_static_validated,representation_case,LLM_review_or_future_special_module,Y2_R009_C02_S05,Y2_boolean_variation,T_Y3_URL_PARTIAL,1,1,1
Y3_R009_C02_S06,Y3_encoded_boolean,Y3,(char_length(%27audit6%27)%20%3D%207),(char_length('audit6') = 7),comparison_text,1,1.0,1.0,1.0,0.0,T1_static_validated,representation_case,LLM_review_or_future_special_module,Y1_R009_C02_S06,Y1_basic_boolean,T_Y3_OPERATOR_QUOTE_PERCENT,1,1,1
Y3_R009_C03_S01,Y3_encoded_boolean,Y3,NOT%20%28char_length%28'west1'%29%20=%206%29,NOT (char_length('west1') = 6),comparison_text,1,1.0,1.0,1.0,0.0,T1_static_validated,representation_case,LLM_review_or_future_special_module,Y2_R009_C03_S01,Y2_boolean_variation,T_Y3_URL_PARTIAL,1,1,1
Y3_R009_C03_S02,Y3_encoded_boolean,Y3,NOT%20(char_length(%27prime2%27)%20%3D%207),NOT (char_length('prime2') = 7),comparison_text,1,1.0,1.0,1.0,0.0,T1_static_validated,representation_case,LLM_review_or_future_special_module,Y1_R009_C03_S02,Y1_basic_boolean,T_Y3_OPERATOR_QUOTE_PERCENT,1,1,1
Y3_R009_C03_S03,Y3_encoded_boolean,Y3,NOT%20%28char_length%28%27core3%27%29%20%3D%206%29,NOT (char_length('core3') = 6),comparison_text,1,1.0,1.0,1.0,0.0,T1_static_validated,representation_case,LLM_review_or_future_special_module,Y1_R009_C03_S03,Y1_basic_boolean,T_Y3_URL_FULL,1,1,1
Y3_R009_C03_S04,Y3_encoded_boolean,Y3,NOT%20%28char_length%28'safe4'%29%20=%205%29,NOT (char_length('safe4') = 5),comparison_text,1,1.0,1.0,1.0,0.0,T1_static_validated,representation_case,LLM_review_or_future_special_module,Y2_R009_C03_S04,Y2_boolean_variation,T_Y3_URL_PARTIAL,1,1,1
Y3_R009_C03_S05,Y3_encoded_boolean,Y3,NOT%20(char_length(%27audit5%27)%20%3D%206),NOT (char_length('audit5') = 6),comparison_text,1,1.0,1.0,1.0,0.0,T1_static_validated,representation_case,LLM_review_or_future_special_module,Y1_R009_C03_S05,Y1_basic_boolean,T_Y3_OPERATOR_QUOTE_PERCENT,1,1,1
Y3_R009_C03_S06,Y3_encoded_boolean,Y3,NOT%20%28char_length%28%27trace6%27%29%20%3D%206%29,NOT (char_length('trace6') = 6),comparison_text,1,1.0,1.0,1.0,0.0,T1_static_validated,representation_case,LLM_review_or_future_special_module,Y1_R009_C03_S06,Y1_basic_boolean,T_Y3_URL_FULL,1,1,1
Y3_R009_C04_S01,Y3_encoded_boolean,Y3,(char_length(%27prime1%27)%20%3D%206)%20IS%20TRUE,(char_length('prime1') = 6) IS TRUE,comparison_text,1,1.0,1.0,1.0,0.0,T1_static_validated,representation_case,LLM_review_or_future_special_module,Y1_R009_C04_S01,Y1_basic_boolean,T_Y3_OPERATOR_QUOTE_PERCENT,1,1,1
Y3_R009_C04_S02,Y3_encoded_boolean,Y3,%28char_length%28%27core2%27%29%20%3D%205%29%20IS%20TRUE,(char_length('core2') = 5) IS TRUE,comparison_text,1,1.0,1.0,1.0,0.0,T1_static_validated,representation_case,LLM_review_or_future_special_module,Y1_R009_C04_S02,Y1_basic_boolean,T_Y3_URL_FULL,1,1,1
Y4_R001_C01_S01,Y4_obfuscated_boolean,Y4,32	 =	 32,32 = 32,comparison_numeric,1,1.0,1.0,1.0,0.0,T1_static_validated,representation_case,LLM_review_or_future_special_module,Y1_R001_C01_S01,Y1_basic_boolean,T_Y4_TAB_SPACE,1,1,1
Y4_R001_C01_S02,Y4_obfuscated_boolean,Y4,45/**/=/**/45,45 = 45,comparison_numeric,1,1.0,1.0,1.0,0.0,T1_static_validated,representation_case,LLM_review_or_future_special_module,Y1_R001_C01_S02,Y1_basic_boolean,T_Y4_COMMENT_WS,1,1,1
Y4_R001_C01_S03,Y4_obfuscated_boolean,Y4,((58	 =	 58)),((58 = 58)),comparison_numeric,1,1.0,1.0,1.0,0.0,T1_static_validated,representation_case,LLM_review_or_future_special_module,Y2_R001_C01_S03,Y2_boolean_variation,T_Y4_EXTRA_PARENTHESES,1,1,1
Y4_R001_C01_S04,Y4_obfuscated_boolean,Y4,71/**/=/**/88,71 = 88,comparison_numeric,1,1.0,1.0,1.0,0.0,T1_static_validated,representation_case,LLM_review_or_future_special_module,Y1_R001_C01_S04,Y1_basic_boolean,T_Y4_COMMENT_WS,1,1,1
Y4_R001_C01_S05,Y4_obfuscated_boolean,Y4,84	 =	 4,84 = 4,comparison_numeric,1,1.0,1.0,1.0,0.0,T1_static_validated,representation_case,LLM_review_or_future_special_module,Y1_R001_C01_S05,Y1_basic_boolean,T_Y4_TAB_SPACE,1,1,1
Y4_R001_C01_S06,Y4_obfuscated_boolean,Y4,97/**/=/**/17,97 = 17,comparison_numeric,1,1.0,1.0,1.0,0.0,T1_static_validated,representation_case,LLM_review_or_future_special_module,Y1_R001_C01_S06,Y1_basic_boolean,T_Y4_COMMENT_WS,1,1,1
Y4_R001_C02_S01,Y4_obfuscated_boolean,Y4,(43/**/=/**/43),(43 = 43),comparison_numeric,1,1.0,1.0,1.0,0.0,T1_static_validated,representation_case,LLM_review_or_future_special_module,Y1_R001_C02_S01,Y1_basic_boolean,T_Y4_COMMENT_WS,1,1,1
Y4_R001_C02_S02,Y4_obfuscated_boolean,Y4,(56	 =	 56),(56 = 56),comparison_numeric,1,1.0,1.0,1.0,0.0,T1_static_validated,representation_case,LLM_review_or_future_special_module,Y1_R001_C02_S02,Y1_basic_boolean,T_Y4_TAB_SPACE,1,1,1
Y4_R001_C02_S03,Y4_obfuscated_boolean,Y4,(((69/**/=/**/69))),(((69 = 69))),comparison_numeric,1,1.0,1.0,1.0,0.0,T1_static_validated,representation_case,LLM_review_or_future_special_module,Y2_R001_C02_S03,Y2_boolean_variation,T_Y4_EXTRA_PARENTHESES,1,1,1
Y4_R001_C02_S04,Y4_obfuscated_boolean,Y4,(82	 =	 2),(82 = 2),comparison_numeric,1,1.0,1.0,1.0,0.0,T1_static_validated,representation_case,LLM_review_or_future_special_module,Y1_R001_C02_S04,Y1_basic_boolean,T_Y4_TAB_SPACE,1,1,1
Y4_R001_C02_S05,Y4_obfuscated_boolean,Y4,(95/**/=/**/15),(95 = 15),comparison_numeric,1,1.0,1.0,1.0,0.0,T1_static_validated,representation_case,LLM_review_or_future_special_module,Y1_R001_C02_S05,Y1_basic_boolean,T_Y4_COMMENT_WS,1,1,1
Y4_R001_C02_S06,Y4_obfuscated_boolean,Y4,(11	 =	 28),(11 = 28),comparison_numeric,1,1.0,1.0,1.0,0.0,T1_static_validated,representation_case,LLM_review_or_future_special_module,Y1_R001_C02_S06,Y1_basic_boolean,T_Y4_TAB_SPACE,1,1,1
Y4_R001_C03_S01,Y4_obfuscated_boolean,Y4,NoT	 (54	 =	 71),NoT (54 = 71),comparison_numeric,1,1.0,1.0,1.0,0.0,T1_static_validated,representation_case,LLM_review_or_future_special_module,Y1_R001_C03_S01,Y1_basic_boolean,T_Y4_TAB_SPACE,1,1,0
Y4_R001_C03_S02,Y4_obfuscated_boolean,Y4,NoT/**/(67/**/=/**/84),NoT (67 = 84),comparison_numeric,1,1.0,1.0,1.0,0.0,T1_static_validated,representation_case,LLM_review_or_future_special_module,Y1_R001_C03_S02,Y1_basic_boolean,T_Y4_COMMENT_WS,1,1,0
Y4_R001_C03_S03,Y4_obfuscated_boolean,Y4,((NoT	 (80	 =	 97))),((NoT (80 = 97))),comparison_numeric,1,1.0,1.0,1.0,0.0,T1_static_validated,representation_case,LLM_review_or_future_special_module,Y2_R001_C03_S03,Y2_boolean_variation,T_Y4_EXTRA_PARENTHESES,1,1,0
Y4_R001_C03_S04,Y4_obfuscated_boolean,Y4,NoT/**/(93/**/=/**/93),NoT (93 = 93),comparison_numeric,1,1.0,1.0,1.0,0.0,T1_static_validated,representation_case,LLM_review_or_future_special_module,Y1_R001_C03_S04,Y1_basic_boolean,T_Y4_COMMENT_WS,1,1,0
Y4_R001_C03_S05,Y4_obfuscated_boolean,Y4,NoT	 (9	 =	 9),NoT (9 = 9),comparison_numeric,1,1.0,1.0,1.0,0.0,T1_static_validated,representation_case,LLM_review_or_future_special_module,Y1_R001_C03_S05,Y1_basic_boolean,T_Y4_TAB_SPACE,1,1,0
Y4_R001_C03_S06,Y4_obfuscated_boolean,Y4,NoT/**/(22/**/=/**/22),NoT (22 = 22),comparison_numeric,1,1.0,1.0,1.0,0.0,T1_static_validated,representation_case,LLM_review_or_future_special_module,Y1_R001_C03_S06,Y1_basic_boolean,T_Y4_COMMENT_WS,1,1,0
Y4_R001_C04_S01,Y4_obfuscated_boolean,Y4,(65/**/=/**/65)/**/IS/**/trUE,(65 = 65) IS trUE,comparison_numeric,1,1.0,1.0,1.0,0.0,T1_static_validated,representation_case,LLM_review_or_future_special_module,Y1_R001_C04_S01,Y1_basic_boolean,T_Y4_COMMENT_WS,1,1,0
Y4_R001_C04_S02,Y4_obfuscated_boolean,Y4,(78	 =	 78)	 IS	 trUE,(78 = 78) IS trUE,comparison_numeric,1,1.0,1.0,1.0,0.0,T1_static_validated,representation_case,LLM_review_or_future_special_module,Y1_R001_C04_S02,Y1_basic_boolean,T_Y4_TAB_SPACE,1,1,0
Y4_R001_C04_S03,Y4_obfuscated_boolean,Y4,(((91/**/=/**/91)/**/IS/**/trUE)),(((91 = 91) IS trUE)),comparison_numeric,1,1.0,1.0,1.0,0.0,T1_static_validated,representation_case,LLM_review_or_future_special_module,Y2_R001_C04_S03,Y2_boolean_variation,T_Y4_EXTRA_PARENTHESES,1,1,0
Y4_R001_C04_S04,Y4_obfuscated_boolean,Y4,(7	 =	 24)	 IS	 trUE,(7 = 24) IS trUE,comparison_numeric,1,1.0,1.0,1.0,0.0,T1_static_validated,representation_case,LLM_review_or_future_special_module,Y1_R001_C04_S04,Y1_basic_boolean,T_Y4_TAB_SPACE,1,1,0
Y4_R001_C04_S05,Y4_obfuscated_boolean,Y4,(20/**/=/**/37)/**/IS/**/trUE,(20 = 37) IS trUE,comparison_numeric,1,1.0,1.0,1.0,0.0,T1_static_validated,representation_case,LLM_review_or_future_special_module,Y1_R001_C04_S05,Y1_basic_boolean,T_Y4_COMMENT_WS,1,1,0
Y4_R001_C04_S06,Y4_obfuscated_boolean,Y4,(33	 =	 50)	 IS	 trUE,(33 = 50) IS trUE,comparison_numeric,1,1.0,1.0,1.0,0.0,T1_static_validated,representation_case,LLM_review_or_future_special_module,Y1_R001_C04_S06,Y1_basic_boolean,T_Y4_TAB_SPACE,1,1,0
Y4_R001_C05_S01,Y4_obfuscated_boolean,Y4,(76	 =	 76)	 is	 NoT	 FaLse,(76 = 76) is NoT FaLse,comparison_numeric,1,1.0,1.0,1.0,0.0,T1_static_validated,representation_case,LLM_review_or_future_special_module,Y1_R001_C05_S01,Y1_basic_boolean,T_Y4_TAB_SPACE,1,1,0
Y4_R001_C05_S02,Y4_obfuscated_boolean,Y4,(89/**/=/**/89)/**/is/**/NoT/**/FaLse,(89 = 89) is NoT FaLse,comparison_numeric,1,1.0,1.0,1.0,0.0,T1_static_validated,representation_case,LLM_review_or_future_special_module,Y1_R001_C05_S02,Y1_basic_boolean,T_Y4_COMMENT_WS,1,1,0
Y4_R001_C05_S03,Y4_obfuscated_boolean,Y4,(((5	 =	 5)	 is	 NoT	 FaLse)),(((5 = 5) is NoT FaLse)),comparison_numeric,1,1.0,1.0,1.0,0.0,T1_static_validated,representation_case,LLM_review_or_future_special_module,Y2_R001_C05_S03,Y2_boolean_variation,T_Y4_EXTRA_PARENTHESES,1,1,0
Y4_R001_C05_S04,Y4_obfuscated_boolean,Y4,(18/**/=/**/35)/**/is/**/NoT/**/FaLse,(18 = 35) is NoT FaLse,comparison_numeric,1,1.0,1.0,1.0,0.0,T1_static_validated,representation_case,LLM_review_or_future_special_module,Y1_R001_C05_S04,Y1_basic_boolean,T_Y4_COMMENT_WS,1,1,0
Y4_R001_C05_S05,Y4_obfuscated_boolean,Y4,(31	 =	 48)	 is	 NoT	 FaLse,(31 = 48) is NoT FaLse,comparison_numeric,1,1.0,1.0,1.0,0.0,T1_static_validated,representation_case,LLM_review_or_future_special_module,Y1_R001_C05_S05,Y1_basic_boolean,T_Y4_TAB_SPACE,1,1,0
Y4_R001_C05_S06,Y4_obfuscated_boolean,Y4,(44/**/=/**/61)/**/is/**/NoT/**/FaLse,(44 = 61) is NoT FaLse,comparison_numeric,1,1.0,1.0,1.0,0.0,T1_static_validated,representation_case,LLM_review_or_future_special_module,Y1_R001_C05_S06,Y1_basic_boolean,T_Y4_COMMENT_WS,1,1,0
Y4_R001_C06_S01,Y4_obfuscated_boolean,Y4,CASE/**/WhEn/**/(87/**/=/**/87)/**/thEn/**/trUE/**/ElSE/**/fAlSE/**/End,CASE WhEn (87 = 87) thEn trUE ElSE fAlSE End,comparison_numeric,1,1.0,1.0,1.0,0.0,T1_static_validated,representation_case,LLM_review_or_future_special_module,Y1_R001_C06_S01,Y1_basic_boolean,T_Y4_COMMENT_WS,1,1,0
Y4_R001_C06_S02,Y4_obfuscated_boolean,Y4,CASE	 WhEn	 (3	 =	 3)	 thEn	 trUE	 ElSE	 fAlSE	 End,CASE WhEn (3 = 3) thEn trUE ElSE fAlSE End,comparison_numeric,1,1.0,1.0,1.0,0.0,T1_static_validated,representation_case,LLM_review_or_future_special_module,Y1_R001_C06_S02,Y1_basic_boolean,T_Y4_TAB_SPACE,1,1,0
Y4_R001_C06_S03,Y4_obfuscated_boolean,Y4,((CASE/**/WhEn/**/(16/**/=/**/16)/**/thEn/**/trUE/**/ElSE/**/fAlSE/**/End)),((CASE WhEn (16 = 16) thEn trUE ElSE fAlSE End)),comparison_numeric,1,1.0,1.0,1.0,0.0,T1_static_validated,representation_case,LLM_review_or_future_special_module,Y2_R001_C06_S03,Y2_boolean_variation,T_Y4_EXTRA_PARENTHESES,1,1,0
Y4_R001_C06_S04,Y4_obfuscated_boolean,Y4,CASE	 WhEn	 (29	 =	 46)	 thEn	 trUE	 ElSE	 fAlSE	 End,CASE WhEn (29 = 46) thEn trUE ElSE fAlSE End,comparison_numeric,1,1.0,1.0,1.0,0.0,T1_static_validated,representation_case,LLM_review_or_future_special_module,Y1_R001_C06_S04,Y1_basic_boolean,T_Y4_TAB_SPACE,1,1,0
Y4_R001_C06_S05,Y4_obfuscated_boolean,Y4,CASE/**/WhEn/**/(42/**/=/**/59)/**/thEn/**/trUE/**/ElSE/**/fAlSE/**/End,CASE WhEn (42 = 59) thEn trUE ElSE fAlSE End,comparison_numeric,1,1.0,1.0,1.0,0.0,T1_static_validated,representation_case,LLM_review_or_future_special_module,Y1_R001_C06_S05,Y1_basic_boolean,T_Y4_COMMENT_WS,1,1,0
Y4_R001_C06_S06,Y4_obfuscated_boolean,Y4,CASE	 WhEn	 (55	 =	 72)	 thEn	 trUE	 ElSE	 fAlSE	 End,CASE WhEn (55 = 72) thEn trUE ElSE fAlSE End,comparison_numeric,1,1.0,1.0,1.0,0.0,T1_static_validated,representation_case,LLM_review_or_future_special_module,Y1_R001_C06_S06,Y1_basic_boolean,T_Y4_TAB_SPACE,1,1,0
Y4_R001_C07_S01,Y4_obfuscated_boolean,Y4,(1	 =	 1)	 aND	 (52	 =	 52),(1 = 1) aND (52 = 52),comparison_numeric,1,1.0,1.0,1.0,0.0,T1_static_validated,representation_case,LLM_review_or_future_special_module,Y1_R001_C07_S01,Y1_basic_boolean,T_Y4_TAB_SPACE,1,1,0
Y4_R001_C07_S02,Y4_obfuscated_boolean,Y4,(14/**/=/**/14)/**/aND/**/(65/**/=/**/65),(14 = 14) aND (65 = 65),comparison_numeric,1,1.0,1.0,1.0,0.0,T1_static_validated,representation_case,LLM_review_or_future_special_module,Y1_R001_C07_S02,Y1_basic_boolean,T_Y4_COMMENT_WS,1,1,0
Y4_R001_C07_S03,Y4_obfuscated_boolean,Y4,(((27	 =	 27)	 aND	 (78	 =	 78))),(((27 = 27) aND (78 = 78))),comparison_numeric,1,1.0,1.0,1.0,0.0,T1_static_validated,representation_case,LLM_review_or_future_special_module,Y2_R001_C07_S03,Y2_boolean_variation,T_Y4_EXTRA_PARENTHESES,1,1,0
Y4_R001_C07_S04,Y4_obfuscated_boolean,Y4,(40/**/=/**/57)/**/aND/**/(91/**/=/**/91),(40 = 57) aND (91 = 91),comparison_numeric,1,1.0,1.0,1.0,0.0,T1_static_validated,representation_case,LLM_review_or_future_special_module,Y1_R001_C07_S04,Y1_basic_boolean,T_Y4_COMMENT_WS,1,1,0
Y4_R001_C07_S05,Y4_obfuscated_boolean,Y4,(53	 =	 70)	 aND	 (7	 =	 7),(53 = 70) aND (7 = 7),comparison_numeric,1,1.0,1.0,1.0,0.0,T1_static_validated,representation_case,LLM_review_or_future_special_module,Y1_R001_C07_S05,Y1_basic_boolean,T_Y4_TAB_SPACE,1,1,0
Y4_R001_C07_S06,Y4_obfuscated_boolean,Y4,(66/**/=/**/83)/**/aND/**/(20/**/=/**/20),(66 = 83) aND (20 = 20),comparison_numeric,1,1.0,1.0,1.0,0.0,T1_static_validated,representation_case,LLM_review_or_future_special_module,Y1_R001_C07_S06,Y1_basic_boolean,T_Y4_COMMENT_WS,1,1,0
Y4_R001_C08_S01,Y4_obfuscated_boolean,Y4,(12/**/=/**/12)/**/Or/**/(80/**/<>/**/80),(12 = 12) Or (80 <> 80),comparison_numeric,1,1.0,1.0,1.0,0.0,T1_static_validated,representation_case,LLM_review_or_future_special_module,Y1_R001_C08_S01,Y1_basic_boolean,T_Y4_COMMENT_WS,1,1,0
Y4_R001_C08_S02,Y4_obfuscated_boolean,Y4,(25	 =	 25)	 Or	 (93	 <>	 93),(25 = 25) Or (93 <> 93),comparison_numeric,1,1.0,1.0,1.0,0.0,T1_static_validated,representation_case,LLM_review_or_future_special_module,Y1_R001_C08_S02,Y1_basic_boolean,T_Y4_TAB_SPACE,1,1,0
Y4_R001_C08_S03,Y4_obfuscated_boolean,Y4,(((38/**/=/**/38)/**/Or/**/(9/**/<>/**/9))),(((38 = 38) Or (9 <> 9))),comparison_numeric,1,1.0,1.0,1.0,0.0,T1_static_validated,representation_case,LLM_review_or_future_special_module,Y2_R001_C08_S03,Y2_boolean_variation,T_Y4_EXTRA_PARENTHESES,1,1,0
Y4_R001_C08_S04,Y4_obfuscated_boolean,Y4,(51	 =	 68)	 Or	 (22	 <>	 22),(51 = 68) Or (22 <> 22),comparison_numeric,1,1.0,1.0,1.0,0.0,T1_static_validated,representation_case,LLM_review_or_future_special_module,Y1_R001_C08_S04,Y1_basic_boolean,T_Y4_TAB_SPACE,1,1,0
Y4_R001_C08_S05,Y4_obfuscated_boolean,Y4,(64/**/=/**/81)/**/Or/**/(35/**/<>/**/35),(64 = 81) Or (35 <> 35),comparison_numeric,1,1.0,1.0,1.0,0.0,T1_static_validated,representation_case,LLM_review_or_future_special_module,Y1_R001_C08_S05,Y1_basic_boolean,T_Y4_COMMENT_WS,1,1,0
Y4_R001_C08_S06,Y4_obfuscated_boolean,Y4,(77	 =	 94)	 Or	 (48	 <>	 48),(77 = 94) Or (48 <> 48),comparison_numeric,1,1.0,1.0,1.0,0.0,T1_static_validated,representation_case,LLM_review_or_future_special_module,Y1_R001_C08_S06,Y1_basic_boolean,T_Y4_TAB_SPACE,1,1,0
Y4_R001_C09_S01,Y4_obfuscated_boolean,Y4,((23	 =	 23)	 =	 TRue),((23 = 23) = TRue),comparison_numeric,1,1.0,1.0,1.0,0.0,T1_static_validated,representation_case,LLM_review_or_future_special_module,Y1_R001_C09_S01,Y1_basic_boolean,T_Y4_TAB_SPACE,1,1,0
Y4_R001_C09_S02,Y4_obfuscated_boolean,Y4,((36/**/=/**/36)/**/=/**/TRue),((36 = 36) = TRue),comparison_numeric,1,1.0,1.0,1.0,0.0,T1_static_validated,representation_case,LLM_review_or_future_special_module,Y1_R001_C09_S02,Y1_basic_boolean,T_Y4_COMMENT_WS,1,1,0
Y4_R001_C09_S03,Y4_obfuscated_boolean,Y4,((((49	 =	 49)	 =	 TRue))),((((49 = 49) = TRue))),comparison_numeric,1,1.0,1.0,1.0,0.0,T1_static_validated,representation_case,LLM_review_or_future_special_module,Y2_R001_C09_S03,Y2_boolean_variation,T_Y4_EXTRA_PARENTHESES,1,1,0
Y4_R001_C09_S04,Y4_obfuscated_boolean,Y4,((62/**/=/**/79)/**/=/**/TRue),((62 = 79) = TRue),comparison_numeric,1,1.0,1.0,1.0,0.0,T1_static_validated,representation_case,LLM_review_or_future_special_module,Y1_R001_C09_S04,Y1_basic_boolean,T_Y4_COMMENT_WS,1,1,0
Y4_R001_C09_S05,Y4_obfuscated_boolean,Y4,((75	 =	 92)	 =	 TRue),((75 = 92) = TRue),comparison_numeric,1,1.0,1.0,1.0,0.0,T1_static_validated,representation_case,LLM_review_or_future_special_module,Y1_R001_C09_S05,Y1_basic_boolean,T_Y4_TAB_SPACE,1,1,0
Y4_R001_C09_S06,Y4_obfuscated_boolean,Y4,((88/**/=/**/8)/**/=/**/TRue),((88 = 8) = TRue),comparison_numeric,1,1.0,1.0,1.0,0.0,T1_static_validated,representation_case,LLM_review_or_future_special_module,Y1_R001_C09_S06,Y1_basic_boolean,T_Y4_COMMENT_WS,1,1,0
Y4_R001_C10_S01,Y4_obfuscated_boolean,Y4,"COAlESCE((34/**/=/**/34),/**/fAlSE)","COAlESCE((34 = 34), fAlSE)",comparison_numeric,1,1.0,1.0,1.0,0.0,T1_static_validated,representation_case,LLM_review_or_future_special_module,Y1_R001_C10_S01,Y1_basic_boolean,T_Y4_COMMENT_WS,1,1,0
Y4_R001_C10_S02,Y4_obfuscated_boolean,Y4,"COAlESCE((47	 =	 47),	 fAlSE)","COAlESCE((47 = 47), fAlSE)",comparison_numeric,1,1.0,1.0,1.0,0.0,T1_static_validated,representation_case,LLM_review_or_future_special_module,Y1_R001_C10_S02,Y1_basic_boolean,T_Y4_TAB_SPACE,1,1,0
Y4_R001_C10_S03,Y4_obfuscated_boolean,Y4,"((COAlESCE((60/**/=/**/60),/**/fAlSE)))","((COAlESCE((60 = 60), fAlSE)))",comparison_numeric,1,1.0,1.0,1.0,0.0,T1_static_validated,representation_case,LLM_review_or_future_special_module,Y2_R001_C10_S03,Y2_boolean_variation,T_Y4_EXTRA_PARENTHESES,1,1,0
Y4_R001_C10_S04,Y4_obfuscated_boolean,Y4,"COAlESCE((73	 =	 90),	 fAlSE)","COAlESCE((73 = 90), fAlSE)",comparison_numeric,1,1.0,1.0,1.0,0.0,T1_static_validated,representation_case,LLM_review_or_future_special_module,Y1_R001_C10_S04,Y1_basic_boolean,T_Y4_TAB_SPACE,1,1,0
Y4_R001_C10_S05,Y4_obfuscated_boolean,Y4,"COAlESCE((86/**/=/**/6),/**/fAlSE)","COAlESCE((86 = 6), fAlSE)",comparison_numeric,1,1.0,1.0,1.0,0.0,T1_static_validated,representation_case,LLM_review_or_future_special_module,Y1_R001_C10_S05,Y1_basic_boolean,T_Y4_COMMENT_WS,1,1,0
Y4_R001_C10_S06,Y4_obfuscated_boolean,Y4,"COAlESCE((2	 =	 19),	 fAlSE)","COAlESCE((2 = 19), fAlSE)",comparison_numeric,1,1.0,1.0,1.0,0.0,T1_static_validated,representation_case,LLM_review_or_future_special_module,Y1_R001_C10_S06,Y1_basic_boolean,T_Y4_TAB_SPACE,1,1,0
Y4_R002_C01_S01,Y4_obfuscated_boolean,Y4,39/**/<>/**/56,39 <> 56,comparison_numeric,1,1.0,1.0,1.0,0.0,T1_static_validated,representation_case,LLM_review_or_future_special_module,Y1_R002_C01_S01,Y1_basic_boolean,T_Y4_COMMENT_WS,1,1,1
Y4_R002_C01_S02,Y4_obfuscated_boolean,Y4,((52	 <>	 69)),((52 <> 69)),comparison_numeric,1,1.0,1.0,1.0,0.0,T1_static_validated,representation_case,LLM_review_or_future_special_module,Y2_R002_C01_S02,Y2_boolean_variation,T_Y4_EXTRA_PARENTHESES,1,1,1
Y4_R002_C01_S03,Y4_obfuscated_boolean,Y4,65/**/<>/**/82,65 <> 82,comparison_numeric,1,1.0,1.0,1.0,0.0,T1_static_validated,representation_case,LLM_review_or_future_special_module,Y1_R002_C01_S03,Y1_basic_boolean,T_Y4_COMMENT_WS,1,1,1
Y4_R002_C01_S04,Y4_obfuscated_boolean,Y4,78	 <>	 78,78 <> 78,comparison_numeric,1,1.0,1.0,1.0,0.0,T1_static_validated,representation_case,LLM_review_or_future_special_module,Y1_R002_C01_S04,Y1_basic_boolean,T_Y4_TAB_SPACE,1,1,1
Y4_R002_C01_S05,Y4_obfuscated_boolean,Y4,91/**/<>/**/91,91 <> 91,comparison_numeric,1,1.0,1.0,1.0,0.0,T1_static_validated,representation_case,LLM_review_or_future_special_module,Y1_R002_C01_S05,Y1_basic_boolean,T_Y4_COMMENT_WS,1,1,1
Y4_R002_C01_S06,Y4_obfuscated_boolean,Y4,((7	 <>	 7)),((7 <> 7)),comparison_numeric,1,1.0,1.0,1.0,0.0,T1_static_validated,representation_case,LLM_review_or_future_special_module,Y2_R002_C01_S06,Y2_boolean_variation,T_Y4_EXTRA_PARENTHESES,1,1,1
Y4_R002_C02_S01,Y4_obfuscated_boolean,Y4,(50	 <>	 67),(50 <> 67),comparison_numeric,1,1.0,1.0,1.0,0.0,T1_static_validated,representation_case,LLM_review_or_future_special_module,Y1_R002_C02_S01,Y1_basic_boolean,T_Y4_TAB_SPACE,1,1,1
Y4_R002_C02_S02,Y4_obfuscated_boolean,Y4,(((63/**/<>/**/80))),(((63 <> 80))),comparison_numeric,1,1.0,1.0,1.0,0.0,T1_static_validated,representation_case,LLM_review_or_future_special_module,Y2_R002_C02_S02,Y2_boolean_variation,T_Y4_EXTRA_PARENTHESES,1,1,1
Y4_R002_C02_S03,Y4_obfuscated_boolean,Y4,(76	 <>	 93),(76 <> 93),comparison_numeric,1,1.0,1.0,1.0,0.0,T1_static_validated,representation_case,LLM_review_or_future_special_module,Y1_R002_C02_S03,Y1_basic_boolean,T_Y4_TAB_SPACE,1,1,1
Y4_R002_C02_S04,Y4_obfuscated_boolean,Y4,(89/**/<>/**/89),(89 <> 89),comparison_numeric,1,1.0,1.0,1.0,0.0,T1_static_validated,representation_case,LLM_review_or_future_special_module,Y1_R002_C02_S04,Y1_basic_boolean,T_Y4_COMMENT_WS,1,1,1
Y4_R002_C02_S05,Y4_obfuscated_boolean,Y4,(5	 <>	 5),(5 <> 5),comparison_numeric,1,1.0,1.0,1.0,0.0,T1_static_validated,representation_case,LLM_review_or_future_special_module,Y1_R002_C02_S05,Y1_basic_boolean,T_Y4_TAB_SPACE,1,1,1
Y4_R002_C02_S06,Y4_obfuscated_boolean,Y4,(((18/**/<>/**/18))),(((18 <> 18))),comparison_numeric,1,1.0,1.0,1.0,0.0,T1_static_validated,representation_case,LLM_review_or_future_special_module,Y2_R002_C02_S06,Y2_boolean_variation,T_Y4_EXTRA_PARENTHESES,1,1,1
Y4_R002_C03_S01,Y4_obfuscated_boolean,Y4,nOt/**/(61/**/<>/**/61),nOt (61 <> 61),comparison_numeric,1,1.0,1.0,1.0,0.0,T1_static_validated,representation_case,LLM_review_or_future_special_module,Y1_R002_C03_S01,Y1_basic_boolean,T_Y4_COMMENT_WS,1,1,0
Y4_R002_C03_S02,Y4_obfuscated_boolean,Y4,((nOt	 (74	 <>	 74))),((nOt (74 <> 74))),comparison_numeric,1,1.0,1.0,1.0,0.0,T1_static_validated,representation_case,LLM_review_or_future_special_module,Y2_R002_C03_S02,Y2_boolean_variation,T_Y4_EXTRA_PARENTHESES,1,1,0
Y4_R002_C03_S03,Y4_obfuscated_boolean,Y4,nOt/**/(87/**/<>/**/87),nOt (87 <> 87),comparison_numeric,1,1.0,1.0,1.0,0.0,T1_static_validated,representation_case,LLM_review_or_future_special_module,Y1_R002_C03_S03,Y1_basic_boolean,T_Y4_COMMENT_WS,1,1,0
Y4_R002_C03_S04,Y4_obfuscated_boolean,Y4,nOt	 (3	 <>	 20),nOt (3 <> 20),comparison_numeric,1,1.0,1.0,1.0,0.0,T1_static_validated,representation_case,LLM_review_or_future_special_module,Y1_R002_C03_S04,Y1_basic_boolean,T_Y4_TAB_SPACE,1,1,0
Y4_R002_C03_S05,Y4_obfuscated_boolean,Y4,nOt/**/(16/**/<>/**/33),nOt (16 <> 33),comparison_numeric,1,1.0,1.0,1.0,0.0,T1_static_validated,representation_case,LLM_review_or_future_special_module,Y1_R002_C03_S05,Y1_basic_boolean,T_Y4_COMMENT_WS,1,1,0
Y4_R002_C03_S06,Y4_obfuscated_boolean,Y4,((nOt	 (29	 <>	 46))),((nOt (29 <> 46))),comparison_numeric,1,1.0,1.0,1.0,0.0,T1_static_validated,representation_case,LLM_review_or_future_special_module,Y2_R002_C03_S06,Y2_boolean_variation,T_Y4_EXTRA_PARENTHESES,1,1,0
Y4_R002_C04_S01,Y4_obfuscated_boolean,Y4,(72	 <>	 89)	 is	 TRue,(72 <> 89) is TRue,comparison_numeric,1,1.0,1.0,1.0,0.0,T1_static_validated,representation_case,LLM_review_or_future_special_module,Y1_R002_C04_S01,Y1_basic_boolean,T_Y4_TAB_SPACE,1,1,0
Y4_R002_C04_S02,Y4_obfuscated_boolean,Y4,(((85/**/<>/**/5)/**/is/**/TRue)),(((85 <> 5) is TRue)),comparison_numeric,1,1.0,1.0,1.0,0.0,T1_static_validated,representation_case,LLM_review_or_future_special_module,Y2_R002_C04_S02,Y2_boolean_variation,T_Y4_EXTRA_PARENTHESES,1,1,0
Y4_R002_C04_S03,Y4_obfuscated_boolean,Y4,(1	 <>	 18)	 is	 TRue,(1 <> 18) is TRue,comparison_numeric,1,1.0,1.0,1.0,0.0,T1_static_validated,representation_case,LLM_review_or_future_special_module,Y1_R002_C04_S03,Y1_basic_boolean,T_Y4_TAB_SPACE,1,1,0
Y4_R002_C04_S04,Y4_obfuscated_boolean,Y4,(14/**/<>/**/14)/**/is/**/TRue,(14 <> 14) is TRue,comparison_numeric,1,1.0,1.0,1.0,0.0,T1_static_validated,representation_case,LLM_review_or_future_special_module,Y1_R002_C04_S04,Y1_basic_boolean,T_Y4_COMMENT_WS,1,1,0
Y4_R002_C04_S05,Y4_obfuscated_boolean,Y4,(27	 <>	 27)	 is	 TRue,(27 <> 27) is TRue,comparison_numeric,1,1.0,1.0,1.0,0.0,T1_static_validated,representation_case,LLM_review_or_future_special_module,Y1_R002_C04_S05,Y1_basic_boolean,T_Y4_TAB_SPACE,1,1,0
Y4_R002_C04_S06,Y4_obfuscated_boolean,Y4,(((40/**/<>/**/40)/**/is/**/TRue)),(((40 <> 40) is TRue)),comparison_numeric,1,1.0,1.0,1.0,0.0,T1_static_validated,representation_case,LLM_review_or_future_special_module,Y2_R002_C04_S06,Y2_boolean_variation,T_Y4_EXTRA_PARENTHESES,1,1,0
Y4_R002_C05_S01,Y4_obfuscated_boolean,Y4,(83/**/<>/**/3)/**/IS/**/nOt/**/fAlSE,(83 <> 3) IS nOt fAlSE,comparison_numeric,1,1.0,1.0,1.0,0.0,T1_static_validated,representation_case,LLM_review_or_future_special_module,Y1_R002_C05_S01,Y1_basic_boolean,T_Y4_COMMENT_WS,1,1,0
Y4_R002_C05_S02,Y4_obfuscated_boolean,Y4,(((96	 <>	 16)	 IS	 nOt	 fAlSE)),(((96 <> 16) IS nOt fAlSE)),comparison_numeric,1,1.0,1.0,1.0,0.0,T1_static_validated,representation_case,LLM_review_or_future_special_module,Y2_R002_C05_S02,Y2_boolean_variation,T_Y4_EXTRA_PARENTHESES,1,1,0
Y4_R002_C05_S03,Y4_obfuscated_boolean,Y4,(12/**/<>/**/29)/**/IS/**/nOt/**/fAlSE,(12 <> 29) IS nOt fAlSE,comparison_numeric,1,1.0,1.0,1.0,0.0,T1_static_validated,representation_case,LLM_review_or_future_special_module,Y1_R002_C05_S03,Y1_basic_boolean,T_Y4_COMMENT_WS,1,1,0
Y4_R002_C05_S04,Y4_obfuscated_boolean,Y4,(25	 <>	 25)	 IS	 nOt	 fAlSE,(25 <> 25) IS nOt fAlSE,comparison_numeric,1,1.0,1.0,1.0,0.0,T1_static_validated,representation_case,LLM_review_or_future_special_module,Y1_R002_C05_S04,Y1_basic_boolean,T_Y4_TAB_SPACE,1,1,0
Y4_R002_C05_S05,Y4_obfuscated_boolean,Y4,(38/**/<>/**/38)/**/IS/**/nOt/**/fAlSE,(38 <> 38) IS nOt fAlSE,comparison_numeric,1,1.0,1.0,1.0,0.0,T1_static_validated,representation_case,LLM_review_or_future_special_module,Y1_R002_C05_S05,Y1_basic_boolean,T_Y4_COMMENT_WS,1,1,0
Y4_R002_C05_S06,Y4_obfuscated_boolean,Y4,(((51	 <>	 51)	 IS	 nOt	 fAlSE)),(((51 <> 51) IS nOt fAlSE)),comparison_numeric,1,1.0,1.0,1.0,0.0,T1_static_validated,representation_case,LLM_review_or_future_special_module,Y2_R002_C05_S06,Y2_boolean_variation,T_Y4_EXTRA_PARENTHESES,1,1,0
Y4_R002_C06_S01,Y4_obfuscated_boolean,Y4,case	 wHeN	 (94	 <>	 14)	 THeN	 TRue	 eLse	 FaLse	 eND,case wHeN (94 <> 14) THeN TRue eLse FaLse eND,comparison_numeric,1,1.0,1.0,1.0,0.0,T1_static_validated,representation_case,LLM_review_or_future_special_module,Y1_R002_C06_S01,Y1_basic_boolean,T_Y4_TAB_SPACE,1,1,0
Y4_R002_C06_S02,Y4_obfuscated_boolean,Y4,((case/**/wHeN/**/(10/**/<>/**/27)/**/THeN/**/TRue/**/eLse/**/FaLse/**/eND)),((case wHeN (10 <> 27) THeN TRue eLse FaLse eND)),comparison_numeric,1,1.0,1.0,1.0,0.0,T1_static_validated,representation_case,LLM_review_or_future_special_module,Y2_R002_C06_S02,Y2_boolean_variation,T_Y4_EXTRA_PARENTHESES,1,1,0
Y4_R002_C06_S03,Y4_obfuscated_boolean,Y4,case	 wHeN	 (23	 <>	 40)	 THeN	 TRue	 eLse	 FaLse	 eND,case wHeN (23 <> 40) THeN TRue eLse FaLse eND,comparison_numeric,1,1.0,1.0,1.0,0.0,T1_static_validated,representation_case,LLM_review_or_future_special_module,Y1_R002_C06_S03,Y1_basic_boolean,T_Y4_TAB_SPACE,1,1,0
Y4_R002_C06_S04,Y4_obfuscated_boolean,Y4,case/**/wHeN/**/(36/**/<>/**/36)/**/THeN/**/TRue/**/eLse/**/FaLse/**/eND,case wHeN (36 <> 36) THeN TRue eLse FaLse eND,comparison_numeric,1,1.0,1.0,1.0,0.0,T1_static_validated,representation_case,LLM_review_or_future_special_module,Y1_R002_C06_S04,Y1_basic_boolean,T_Y4_COMMENT_WS,1,1,0
Y4_R002_C06_S05,Y4_obfuscated_boolean,Y4,case	 wHeN	 (49	 <>	 49)	 THeN	 TRue	 eLse	 FaLse	 eND,case wHeN (49 <> 49) THeN TRue eLse FaLse eND,comparison_numeric,1,1.0,1.0,1.0,0.0,T1_static_validated,representation_case,LLM_review_or_future_special_module,Y1_R002_C06_S05,Y1_basic_boolean,T_Y4_TAB_SPACE,1,1,0
Y4_R002_C06_S06,Y4_obfuscated_boolean,Y4,((case/**/wHeN/**/(62/**/<>/**/62)/**/THeN/**/TRue/**/eLse/**/FaLse/**/eND)),((case wHeN (62 <> 62) THeN TRue eLse FaLse eND)),comparison_numeric,1,1.0,1.0,1.0,0.0,T1_static_validated,representation_case,LLM_review_or_future_special_module,Y2_R002_C06_S06,Y2_boolean_variation,T_Y4_EXTRA_PARENTHESES,1,1,0
Y4_R002_C07_S01,Y4_obfuscated_boolean,Y4,(8/**/<>/**/25)/**/And/**/(59/**/=/**/59),(8 <> 25) And (59 = 59),comparison_numeric,1,1.0,1.0,1.0,0.0,T1_static_validated,representation_case,LLM_review_or_future_special_module,Y1_R002_C07_S01,Y1_basic_boolean,T_Y4_COMMENT_WS,1,1,0
Y4_R002_C07_S02,Y4_obfuscated_boolean,Y4,(((21	 <>	 38)	 And	 (72	 =	 72))),(((21 <> 38) And (72 = 72))),comparison_numeric,1,1.0,1.0,1.0,0.0,T1_static_validated,representation_case,LLM_review_or_future_special_module,Y2_R002_C07_S02,Y2_boolean_variation,T_Y4_EXTRA_PARENTHESES,1,1,0
Y4_R002_C07_S03,Y4_obfuscated_boolean,Y4,(34/**/<>/**/51)/**/And/**/(85/**/=/**/85),(34 <> 51) And (85 = 85),comparison_numeric,1,1.0,1.0,1.0,0.0,T1_static_validated,representation_case,LLM_review_or_future_special_module,Y1_R002_C07_S03,Y1_basic_boolean,T_Y4_COMMENT_WS,1,1,0
Y4_R002_C07_S04,Y4_obfuscated_boolean,Y4,(47	 <>	 47)	 And	 (1	 =	 1),(47 <> 47) And (1 = 1),comparison_numeric,1,1.0,1.0,1.0,0.0,T1_static_validated,representation_case,LLM_review_or_future_special_module,Y1_R002_C07_S04,Y1_basic_boolean,T_Y4_TAB_SPACE,1,1,0
Y4_R002_C07_S05,Y4_obfuscated_boolean,Y4,(60/**/<>/**/60)/**/And/**/(14/**/=/**/14),(60 <> 60) And (14 = 14),comparison_numeric,1,1.0,1.0,1.0,0.0,T1_static_validated,representation_case,LLM_review_or_future_special_module,Y1_R002_C07_S05,Y1_basic_boolean,T_Y4_COMMENT_WS,1,1,0
Y4_R002_C07_S06,Y4_obfuscated_boolean,Y4,(((73	 <>	 73)	 And	 (27	 =	 27))),(((73 <> 73) And (27 = 27))),comparison_numeric,1,1.0,1.0,1.0,0.0,T1_static_validated,representation_case,LLM_review_or_future_special_module,Y2_R002_C07_S06,Y2_boolean_variation,T_Y4_EXTRA_PARENTHESES,1,1,0
Y4_R002_C08_S01,Y4_obfuscated_boolean,Y4,(19	 <>	 36)	 oR	 (87	 <>	 87),(19 <> 36) oR (87 <> 87),comparison_numeric,1,1.0,1.0,1.0,0.0,T1_static_validated,representation_case,LLM_review_or_future_special_module,Y1_R002_C08_S01,Y1_basic_boolean,T_Y4_TAB_SPACE,1,1,0
Y4_R002_C08_S02,Y4_obfuscated_boolean,Y4,(((32/**/<>/**/49)/**/oR/**/(3/**/<>/**/3))),(((32 <> 49) oR (3 <> 3))),comparison_numeric,1,1.0,1.0,1.0,0.0,T1_static_validated,representation_case,LLM_review_or_future_special_module,Y2_R002_C08_S02,Y2_boolean_variation,T_Y4_EXTRA_PARENTHESES,1,1,0
Y4_R002_C08_S03,Y4_obfuscated_boolean,Y4,(45	 <>	 62)	 oR	 (16	 <>	 16),(45 <> 62) oR (16 <> 16),comparison_numeric,1,1.0,1.0,1.0,0.0,T1_static_validated,representation_case,LLM_review_or_future_special_module,Y1_R002_C08_S03,Y1_basic_boolean,T_Y4_TAB_SPACE,1,1,0
Y4_R002_C08_S04,Y4_obfuscated_boolean,Y4,(58/**/<>/**/58)/**/oR/**/(29/**/<>/**/29),(58 <> 58) oR (29 <> 29),comparison_numeric,1,1.0,1.0,1.0,0.0,T1_static_validated,representation_case,LLM_review_or_future_special_module,Y1_R002_C08_S04,Y1_basic_boolean,T_Y4_COMMENT_WS,1,1,0
Y4_R002_C08_S05,Y4_obfuscated_boolean,Y4,(71	 <>	 71)	 oR	 (42	 <>	 42),(71 <> 71) oR (42 <> 42),comparison_numeric,1,1.0,1.0,1.0,0.0,T1_static_validated,representation_case,LLM_review_or_future_special_module,Y1_R002_C08_S05,Y1_basic_boolean,T_Y4_TAB_SPACE,1,1,0
Y4_R002_C08_S06,Y4_obfuscated_boolean,Y4,(((84/**/<>/**/84)/**/oR/**/(55/**/<>/**/55))),(((84 <> 84) oR (55 <> 55))),comparison_numeric,1,1.0,1.0,1.0,0.0,T1_static_validated,representation_case,LLM_review_or_future_special_module,Y2_R002_C08_S06,Y2_boolean_variation,T_Y4_EXTRA_PARENTHESES,1,1,0
Y4_R002_C09_S01,Y4_obfuscated_boolean,Y4,((30/**/<>/**/47)/**/=/**/trUE),((30 <> 47) = trUE),comparison_numeric,1,1.0,1.0,1.0,0.0,T1_static_validated,representation_case,LLM_review_or_future_special_module,Y1_R002_C09_S01,Y1_basic_boolean,T_Y4_COMMENT_WS,1,1,0
Y4_R002_C09_S02,Y4_obfuscated_boolean,Y4,((((43	 <>	 60)	 =	 trUE))),((((43 <> 60) = trUE))),comparison_numeric,1,1.0,1.0,1.0,0.0,T1_static_validated,representation_case,LLM_review_or_future_special_module,Y2_R002_C09_S02,Y2_boolean_variation,T_Y4_EXTRA_PARENTHESES,1,1,0
Y4_R002_C09_S03,Y4_obfuscated_boolean,Y4,((56/**/<>/**/73)/**/=/**/trUE),((56 <> 73) = trUE),comparison_numeric,1,1.0,1.0,1.0,0.0,T1_static_validated,representation_case,LLM_review_or_future_special_module,Y1_R002_C09_S03,Y1_basic_boolean,T_Y4_COMMENT_WS,1,1,0
Y4_R002_C09_S04,Y4_obfuscated_boolean,Y4,((69	 <>	 69)	 =	 trUE),((69 <> 69) = trUE),comparison_numeric,1,1.0,1.0,1.0,0.0,T1_static_validated,representation_case,LLM_review_or_future_special_module,Y1_R002_C09_S04,Y1_basic_boolean,T_Y4_TAB_SPACE,1,1,0
Y4_R002_C09_S05,Y4_obfuscated_boolean,Y4,((82/**/<>/**/82)/**/=/**/trUE),((82 <> 82) = trUE),comparison_numeric,1,1.0,1.0,1.0,0.0,T1_static_validated,representation_case,LLM_review_or_future_special_module,Y1_R002_C09_S05,Y1_basic_boolean,T_Y4_COMMENT_WS,1,1,0
Y4_R002_C09_S06,Y4_obfuscated_boolean,Y4,((((95	 <>	 95)	 =	 trUE))),((((95 <> 95) = trUE))),comparison_numeric,1,1.0,1.0,1.0,0.0,T1_static_validated,representation_case,LLM_review_or_future_special_module,Y2_R002_C09_S06,Y2_boolean_variation,T_Y4_EXTRA_PARENTHESES,1,1,0
Y4_R002_C10_S01,Y4_obfuscated_boolean,Y4,"coaLesce((41	 <>	 58),	 FaLse)","coaLesce((41 <> 58), FaLse)",comparison_numeric,1,1.0,1.0,1.0,0.0,T1_static_validated,representation_case,LLM_review_or_future_special_module,Y1_R002_C10_S01,Y1_basic_boolean,T_Y4_TAB_SPACE,1,1,0
Y4_R002_C10_S02,Y4_obfuscated_boolean,Y4,"((coaLesce((54/**/<>/**/71),/**/FaLse)))","((coaLesce((54 <> 71), FaLse)))",comparison_numeric,1,1.0,1.0,1.0,0.0,T1_static_validated,representation_case,LLM_review_or_future_special_module,Y2_R002_C10_S02,Y2_boolean_variation,T_Y4_EXTRA_PARENTHESES,1,1,0
Y4_R002_C10_S03,Y4_obfuscated_boolean,Y4,"coaLesce((67	 <>	 84),	 FaLse)","coaLesce((67 <> 84), FaLse)",comparison_numeric,1,1.0,1.0,1.0,0.0,T1_static_validated,representation_case,LLM_review_or_future_special_module,Y1_R002_C10_S03,Y1_basic_boolean,T_Y4_TAB_SPACE,1,1,0
Y4_R002_C10_S04,Y4_obfuscated_boolean,Y4,"coaLesce((80/**/<>/**/80),/**/FaLse)","coaLesce((80 <> 80), FaLse)",comparison_numeric,1,1.0,1.0,1.0,0.0,T1_static_validated,representation_case,LLM_review_or_future_special_module,Y1_R002_C10_S04,Y1_basic_boolean,T_Y4_COMMENT_WS,1,1,0
Y4_R002_C10_S05,Y4_obfuscated_boolean,Y4,"coaLesce((93	 <>	 93),	 FaLse)","coaLesce((93 <> 93), FaLse)",comparison_numeric,1,1.0,1.0,1.0,0.0,T1_static_validated,representation_case,LLM_review_or_future_special_module,Y1_R002_C10_S05,Y1_basic_boolean,T_Y4_TAB_SPACE,1,1,0
Y4_R002_C10_S06,Y4_obfuscated_boolean,Y4,"((coaLesce((9/**/<>/**/9),/**/FaLse)))","((coaLesce((9 <> 9), FaLse)))",comparison_numeric,1,1.0,1.0,1.0,0.0,T1_static_validated,representation_case,LLM_review_or_future_special_module,Y2_R002_C10_S06,Y2_boolean_variation,T_Y4_EXTRA_PARENTHESES,1,1,0
Y4_R003_C01_S01,Y4_obfuscated_boolean,Y4,((63	 >	 46)),((63 > 46)),comparison_numeric,1,1.0,1.0,1.0,0.0,T1_static_validated,representation_case,LLM_review_or_future_special_module,Y2_R003_C01_S01,Y2_boolean_variation,T_Y4_EXTRA_PARENTHESES,1,1,1
Y4_R003_C01_S02,Y4_obfuscated_boolean,Y4,76/**/>/**/59,76 > 59,comparison_numeric,1,1.0,1.0,1.0,0.0,T1_static_validated,representation_case,LLM_review_or_future_special_module,Y1_R003_C01_S02,Y1_basic_boolean,T_Y4_COMMENT_WS,1,1,1
Y4_R003_C01_S03,Y4_obfuscated_boolean,Y4,89	 >	 72,89 > 72,comparison_numeric,1,1.0,1.0,1.0,0.0,T1_static_validated,representation_case,LLM_review_or_future_special_module,Y1_R003_C01_S03,Y1_basic_boolean,T_Y4_TAB_SPACE,1,1,1
Y4_R003_C01_S04,Y4_obfuscated_boolean,Y4,5/**/>/**/6,5 > 6,comparison_numeric,1,1.0,1.0,1.0,0.0,T1_static_validated,representation_case,LLM_review_or_future_special_module,Y1_R003_C01_S04,Y1_basic_boolean,T_Y4_COMMENT_WS,1,1,1
Y4_R003_C01_S05,Y4_obfuscated_boolean,Y4,((18	 >	 19)),((18 > 19)),comparison_numeric,1,1.0,1.0,1.0,0.0,T1_static_validated,representation_case,LLM_review_or_future_special_module,Y2_R003_C01_S05,Y2_boolean_variation,T_Y4_EXTRA_PARENTHESES,1,1,1
Y4_R003_C01_S06,Y4_obfuscated_boolean,Y4,31/**/>/**/32,31 > 32,comparison_numeric,1,1.0,1.0,1.0,0.0,T1_static_validated,representation_case,LLM_review_or_future_special_module,Y1_R003_C01_S06,Y1_basic_boolean,T_Y4_COMMENT_WS,1,1,1
Y4_R003_C02_S01,Y4_obfuscated_boolean,Y4,(((74/**/>/**/57))),(((74 > 57))),comparison_numeric,1,1.0,1.0,1.0,0.0,T1_static_validated,representation_case,LLM_review_or_future_special_module,Y2_R003_C02_S01,Y2_boolean_variation,T_Y4_EXTRA_PARENTHESES,1,1,1
Y4_R003_C02_S02,Y4_obfuscated_boolean,Y4,(87	 >	 70),(87 > 70),comparison_numeric,1,1.0,1.0,1.0,0.0,T1_static_validated,representation_case,LLM_review_or_future_special_module,Y1_R003_C02_S02,Y1_basic_boolean,T_Y4_TAB_SPACE,1,1,1
Y4_R003_C02_S03,Y4_obfuscated_boolean,Y4,(3/**/>/**/83),(3 > 83),comparison_numeric,1,1.0,1.0,1.0,0.0,T1_static_validated,representation_case,LLM_review_or_future_special_module,Y1_R003_C02_S03,Y1_basic_boolean,T_Y4_COMMENT_WS,1,1,1
Y4_R003_C02_S04,Y4_obfuscated_boolean,Y4,(16	 >	 17),(16 > 17),comparison_numeric,1,1.0,1.0,1.0,0.0,T1_static_validated,representation_case,LLM_review_or_future_special_module,Y1_R003_C02_S04,Y1_basic_boolean,T_Y4_TAB_SPACE,1,1,1
Y4_R003_C02_S05,Y4_obfuscated_boolean,Y4,(((29/**/>/**/30))),(((29 > 30))),comparison_numeric,1,1.0,1.0,1.0,0.0,T1_static_validated,representation_case,LLM_review_or_future_special_module,Y2_R003_C02_S05,Y2_boolean_variation,T_Y4_EXTRA_PARENTHESES,1,1,1
Y4_R003_C02_S06,Y4_obfuscated_boolean,Y4,(42	 >	 43),(42 > 43),comparison_numeric,1,1.0,1.0,1.0,0.0,T1_static_validated,representation_case,LLM_review_or_future_special_module,Y1_R003_C02_S06,Y1_basic_boolean,T_Y4_TAB_SPACE,1,1,1
Y4_R003_C03_S01,Y4_obfuscated_boolean,Y4,((NoT	 (85	 >	 86))),((NoT (85 > 86))),comparison_numeric,1,1.0,1.0,1.0,0.0,T1_static_validated,representation_case,LLM_review_or_future_special_module,Y2_R003_C03_S01,Y2_boolean_variation,T_Y4_EXTRA_PARENTHESES,1,1,0
Y4_R003_C03_S02,Y4_obfuscated_boolean,Y4,NoT/**/(1/**/>/**/2),NoT (1 > 2),comparison_numeric,1,1.0,1.0,1.0,0.0,T1_static_validated,representation_case,LLM_review_or_future_special_module,Y1_R003_C03_S02,Y1_basic_boolean,T_Y4_COMMENT_WS,1,1,0
Y4_R003_C03_S03,Y4_obfuscated_boolean,Y4,NoT	 (14	 >	 15),NoT (14 > 15),comparison_numeric,1,1.0,1.0,1.0,0.0,T1_static_validated,representation_case,LLM_review_or_future_special_module,Y1_R003_C03_S03,Y1_basic_boolean,T_Y4_TAB_SPACE,1,1,0
Y4_R003_C03_S04,Y4_obfuscated_boolean,Y4,NoT/**/(27/**/>/**/10),NoT (27 > 10),comparison_numeric,1,1.0,1.0,1.0,0.0,T1_static_validated,representation_case,LLM_review_or_future_special_module,Y1_R003_C03_S04,Y1_basic_boolean,T_Y4_COMMENT_WS,1,1,0
Y4_R003_C03_S05,Y4_obfuscated_boolean,Y4,((NoT	 (40	 >	 23))),((NoT (40 > 23))),comparison_numeric,1,1.0,1.0,1.0,0.0,T1_static_validated,representation_case,LLM_review_or_future_special_module,Y2_R003_C03_S05,Y2_boolean_variation,T_Y4_EXTRA_PARENTHESES,1,1,0
Y4_R003_C03_S06,Y4_obfuscated_boolean,Y4,NoT/**/(53/**/>/**/36),NoT (53 > 36),comparison_numeric,1,1.0,1.0,1.0,0.0,T1_static_validated,representation_case,LLM_review_or_future_special_module,Y1_R003_C03_S06,Y1_basic_boolean,T_Y4_COMMENT_WS,1,1,0
Y4_R003_C04_S01,Y4_obfuscated_boolean,Y4,(((96/**/>/**/79)/**/IS/**/trUE)),(((96 > 79) IS trUE)),comparison_numeric,1,1.0,1.0,1.0,0.0,T1_static_validated,representation_case,LLM_review_or_future_special_module,Y2_R003_C04_S01,Y2_boolean_variation,T_Y4_EXTRA_PARENTHESES,1,1,0
Y4_R003_C04_S02,Y4_obfuscated_boolean,Y4,(12	 >	 92)	 IS	 trUE,(12 > 92) IS trUE,comparison_numeric,1,1.0,1.0,1.0,0.0,T1_static_validated,representation_case,LLM_review_or_future_special_module,Y1_R003_C04_S02,Y1_basic_boolean,T_Y4_TAB_SPACE,1,1,0
Y4_R003_C04_S03,Y4_obfuscated_boolean,Y4,(25/**/>/**/8)/**/IS/**/trUE,(25 > 8) IS trUE,comparison_numeric,1,1.0,1.0,1.0,0.0,T1_static_validated,representation_case,LLM_review_or_future_special_module,Y1_R003_C04_S03,Y1_basic_boolean,T_Y4_COMMENT_WS,1,1,0
Y4_R003_C04_S04,Y4_obfuscated_boolean,Y4,(38	 >	 39)	 IS	 trUE,(38 > 39) IS trUE,comparison_numeric,1,1.0,1.0,1.0,0.0,T1_static_validated,representation_case,LLM_review_or_future_special_module,Y1_R003_C04_S04,Y1_basic_boolean,T_Y4_TAB_SPACE,1,1,0
Y4_R003_C04_S05,Y4_obfuscated_boolean,Y4,(((51/**/>/**/52)/**/IS/**/trUE)),(((51 > 52) IS trUE)),comparison_numeric,1,1.0,1.0,1.0,0.0,T1_static_validated,representation_case,LLM_review_or_future_special_module,Y2_R003_C04_S05,Y2_boolean_variation,T_Y4_EXTRA_PARENTHESES,1,1,0
Y4_R003_C04_S06,Y4_obfuscated_boolean,Y4,(64	 >	 65)	 IS	 trUE,(64 > 65) IS trUE,comparison_numeric,1,1.0,1.0,1.0,0.0,T1_static_validated,representation_case,LLM_review_or_future_special_module,Y1_R003_C04_S06,Y1_basic_boolean,T_Y4_TAB_SPACE,1,1,0
Y4_R003_C05_S01,Y4_obfuscated_boolean,Y4,(((10	 >	 90)	 is	 NoT	 FaLse)),(((10 > 90) is NoT FaLse)),comparison_numeric,1,1.0,1.0,1.0,0.0,T1_static_validated,representation_case,LLM_review_or_future_special_module,Y2_R003_C05_S01,Y2_boolean_variation,T_Y4_EXTRA_PARENTHESES,1,1,0
Y4_R003_C05_S02,Y4_obfuscated_boolean,Y4,(23/**/>/**/6)/**/is/**/NoT/**/FaLse,(23 > 6) is NoT FaLse,comparison_numeric,1,1.0,1.0,1.0,0.0,T1_static_validated,representation_case,LLM_review_or_future_special_module,Y1_R003_C05_S02,Y1_basic_boolean,T_Y4_COMMENT_WS,1,1,0
Y4_R003_C05_S03,Y4_obfuscated_boolean,Y4,(36	 >	 19)	 is	 NoT	 FaLse,(36 > 19) is NoT FaLse,comparison_numeric,1,1.0,1.0,1.0,0.0,T1_static_validated,representation_case,LLM_review_or_future_special_module,Y1_R003_C05_S03,Y1_basic_boolean,T_Y4_TAB_SPACE,1,1,0
Y4_R003_C05_S04,Y4_obfuscated_boolean,Y4,(49/**/>/**/50)/**/is/**/NoT/**/FaLse,(49 > 50) is NoT FaLse,comparison_numeric,1,1.0,1.0,1.0,0.0,T1_static_validated,representation_case,LLM_review_or_future_special_module,Y1_R003_C05_S04,Y1_basic_boolean,T_Y4_COMMENT_WS,1,1,0
Y4_R003_C05_S05,Y4_obfuscated_boolean,Y4,(((62	 >	 63)	 is	 NoT	 FaLse)),(((62 > 63) is NoT FaLse)),comparison_numeric,1,1.0,1.0,1.0,0.0,T1_static_validated,representation_case,LLM_review_or_future_special_module,Y2_R003_C05_S05,Y2_boolean_variation,T_Y4_EXTRA_PARENTHESES,1,1,0
Y4_R003_C05_S06,Y4_obfuscated_boolean,Y4,(75/**/>/**/76)/**/is/**/NoT/**/FaLse,(75 > 76) is NoT FaLse,comparison_numeric,1,1.0,1.0,1.0,0.0,T1_static_validated,representation_case,LLM_review_or_future_special_module,Y1_R003_C05_S06,Y1_basic_boolean,T_Y4_COMMENT_WS,1,1,0
Y4_R003_C06_S01,Y4_obfuscated_boolean,Y4,((CASE/**/WhEn/**/(21/**/>/**/4)/**/thEn/**/trUE/**/ElSE/**/fAlSE/**/End)),((CASE WhEn (21 > 4) thEn trUE ElSE fAlSE End)),comparison_numeric,1,1.0,1.0,1.0,0.0,T1_static_validated,representation_case,LLM_review_or_future_special_module,Y2_R003_C06_S01,Y2_boolean_variation,T_Y4_EXTRA_PARENTHESES,1,1,0
Y4_R003_C06_S02,Y4_obfuscated_boolean,Y4,CASE	 WhEn	 (34	 >	 17)	 thEn	 trUE	 ElSE	 fAlSE	 End,CASE WhEn (34 > 17) thEn trUE ElSE fAlSE End,comparison_numeric,1,1.0,1.0,1.0,0.0,T1_static_validated,representation_case,LLM_review_or_future_special_module,Y1_R003_C06_S02,Y1_basic_boolean,T_Y4_TAB_SPACE,1,1,0
Y4_R003_C06_S03,Y4_obfuscated_boolean,Y4,CASE/**/WhEn/**/(47/**/>/**/30)/**/thEn/**/trUE/**/ElSE/**/fAlSE/**/End,CASE WhEn (47 > 30) thEn trUE ElSE fAlSE End,comparison_numeric,1,1.0,1.0,1.0,0.0,T1_static_validated,representation_case,LLM_review_or_future_special_module,Y1_R003_C06_S03,Y1_basic_boolean,T_Y4_COMMENT_WS,1,1,0
Y4_R003_C06_S04,Y4_obfuscated_boolean,Y4,CASE	 WhEn	 (60	 >	 61)	 thEn	 trUE	 ElSE	 fAlSE	 End,CASE WhEn (60 > 61) thEn trUE ElSE fAlSE End,comparison_numeric,1,1.0,1.0,1.0,0.0,T1_static_validated,representation_case,LLM_review_or_future_special_module,Y1_R003_C06_S04,Y1_basic_boolean,T_Y4_TAB_SPACE,1,1,0
Y4_R003_C06_S05,Y4_obfuscated_boolean,Y4,((CASE/**/WhEn/**/(73/**/>/**/74)/**/thEn/**/trUE/**/ElSE/**/fAlSE/**/End)),((CASE WhEn (73 > 74) thEn trUE ElSE fAlSE End)),comparison_numeric,1,1.0,1.0,1.0,0.0,T1_static_validated,representation_case,LLM_review_or_future_special_module,Y2_R003_C06_S05,Y2_boolean_variation,T_Y4_EXTRA_PARENTHESES,1,1,0
Y4_R003_C06_S06,Y4_obfuscated_boolean,Y4,CASE	 WhEn	 (86	 >	 87)	 thEn	 trUE	 ElSE	 fAlSE	 End,CASE WhEn (86 > 87) thEn trUE ElSE fAlSE End,comparison_numeric,1,1.0,1.0,1.0,0.0,T1_static_validated,representation_case,LLM_review_or_future_special_module,Y1_R003_C06_S06,Y1_basic_boolean,T_Y4_TAB_SPACE,1,1,0
Y4_R003_C07_S01,Y4_obfuscated_boolean,Y4,(((32	 >	 15)	 aND	 (66	 =	 66))),(((32 > 15) aND (66 = 66))),comparison_numeric,1,1.0,1.0,1.0,0.0,T1_static_validated,representation_case,LLM_review_or_future_special_module,Y2_R003_C07_S01,Y2_boolean_variation,T_Y4_EXTRA_PARENTHESES,1,1,0
Y4_R003_C07_S02,Y4_obfuscated_boolean,Y4,(45/**/>/**/28)/**/aND/**/(79/**/=/**/79),(45 > 28) aND (79 = 79),comparison_numeric,1,1.0,1.0,1.0,0.0,T1_static_validated,representation_case,LLM_review_or_future_special_module,Y1_R003_C07_S02,Y1_basic_boolean,T_Y4_COMMENT_WS,1,1,0
Y4_R003_C07_S03,Y4_obfuscated_boolean,Y4,(58	 >	 41)	 aND	 (92	 =	 92),(58 > 41) aND (92 = 92),comparison_numeric,1,1.0,1.0,1.0,0.0,T1_static_validated,representation_case,LLM_review_or_future_special_module,Y1_R003_C07_S03,Y1_basic_boolean,T_Y4_TAB_SPACE,1,1,0
Y4_R003_C07_S04,Y4_obfuscated_boolean,Y4,(71/**/>/**/72)/**/aND/**/(8/**/=/**/8),(71 > 72) aND (8 = 8),comparison_numeric,1,1.0,1.0,1.0,0.0,T1_static_validated,representation_case,LLM_review_or_future_special_module,Y1_R003_C07_S04,Y1_basic_boolean,T_Y4_COMMENT_WS,1,1,0
Y4_R003_C07_S05,Y4_obfuscated_boolean,Y4,(((84	 >	 85)	 aND	 (21	 =	 21))),(((84 > 85) aND (21 = 21))),comparison_numeric,1,1.0,1.0,1.0,0.0,T1_static_validated,representation_case,LLM_review_or_future_special_module,Y2_R003_C07_S05,Y2_boolean_variation,T_Y4_EXTRA_PARENTHESES,1,1,0
Y4_R003_C07_S06,Y4_obfuscated_boolean,Y4,(97/**/>/**/98)/**/aND/**/(34/**/=/**/34),(97 > 98) aND (34 = 34),comparison_numeric,1,1.0,1.0,1.0,0.0,T1_static_validated,representation_case,LLM_review_or_future_special_module,Y1_R003_C07_S06,Y1_basic_boolean,T_Y4_COMMENT_WS,1,1,0
Y4_R003_C08_S01,Y4_obfuscated_boolean,Y4,(((43/**/>/**/26)/**/Or/**/(94/**/<>/**/94))),(((43 > 26) Or (94 <> 94))),comparison_numeric,1,1.0,1.0,1.0,0.0,T1_static_validated,representation_case,LLM_review_or_future_special_module,Y2_R003_C08_S01,Y2_boolean_variation,T_Y4_EXTRA_PARENTHESES,1,1,0
Y4_R003_C08_S02,Y4_obfuscated_boolean,Y4,(56	 >	 39)	 Or	 (10	 <>	 10),(56 > 39) Or (10 <> 10),comparison_numeric,1,1.0,1.0,1.0,0.0,T1_static_validated,representation_case,LLM_review_or_future_special_module,Y1_R003_C08_S02,Y1_basic_boolean,T_Y4_TAB_SPACE,1,1,0
Y4_R003_C08_S03,Y4_obfuscated_boolean,Y4,(69/**/>/**/52)/**/Or/**/(23/**/<>/**/23),(69 > 52) Or (23 <> 23),comparison_numeric,1,1.0,1.0,1.0,0.0,T1_static_validated,representation_case,LLM_review_or_future_special_module,Y1_R003_C08_S03,Y1_basic_boolean,T_Y4_COMMENT_WS,1,1,0
Y4_R003_C08_S04,Y4_obfuscated_boolean,Y4,(82	 >	 83)	 Or	 (36	 <>	 36),(82 > 83) Or (36 <> 36),comparison_numeric,1,1.0,1.0,1.0,0.0,T1_static_validated,representation_case,LLM_review_or_future_special_module,Y1_R003_C08_S04,Y1_basic_boolean,T_Y4_TAB_SPACE,1,1,0
Y4_R003_C08_S05,Y4_obfuscated_boolean,Y4,(((95/**/>/**/96)/**/Or/**/(49/**/<>/**/49))),(((95 > 96) Or (49 <> 49))),comparison_numeric,1,1.0,1.0,1.0,0.0,T1_static_validated,representation_case,LLM_review_or_future_special_module,Y2_R003_C08_S05,Y2_boolean_variation,T_Y4_EXTRA_PARENTHESES,1,1,0
Y4_R003_C08_S06,Y4_obfuscated_boolean,Y4,(11	 >	 12)	 Or	 (62	 <>	 62),(11 > 12) Or (62 <> 62),comparison_numeric,1,1.0,1.0,1.0,0.0,T1_static_validated,representation_case,LLM_review_or_future_special_module,Y1_R003_C08_S06,Y1_basic_boolean,T_Y4_TAB_SPACE,1,1,0
Y4_R003_C09_S01,Y4_obfuscated_boolean,Y4,((((54	 >	 37)	 =	 TRue))),((((54 > 37) = TRue))),comparison_numeric,1,1.0,1.0,1.0,0.0,T1_static_validated,representation_case,LLM_review_or_future_special_module,Y2_R003_C09_S01,Y2_boolean_variation,T_Y4_EXTRA_PARENTHESES,1,1,0
Y4_R003_C09_S02,Y4_obfuscated_boolean,Y4,((67/**/>/**/50)/**/=/**/TRue),((67 > 50) = TRue),comparison_numeric,1,1.0,1.0,1.0,0.0,T1_static_validated,representation_case,LLM_review_or_future_special_module,Y1_R003_C09_S02,Y1_basic_boolean,T_Y4_COMMENT_WS,1,1,0
Y4_R003_C09_S03,Y4_obfuscated_boolean,Y4,((80	 >	 63)	 =	 TRue),((80 > 63) = TRue),comparison_numeric,1,1.0,1.0,1.0,0.0,T1_static_validated,representation_case,LLM_review_or_future_special_module,Y1_R003_C09_S03,Y1_basic_boolean,T_Y4_TAB_SPACE,1,1,0
Y4_R003_C09_S04,Y4_obfuscated_boolean,Y4,((93/**/>/**/94)/**/=/**/TRue),((93 > 94) = TRue),comparison_numeric,1,1.0,1.0,1.0,0.0,T1_static_validated,representation_case,LLM_review_or_future_special_module,Y1_R003_C09_S04,Y1_basic_boolean,T_Y4_COMMENT_WS,1,1,0
Y4_R003_C09_S05,Y4_obfuscated_boolean,Y4,((((9	 >	 10)	 =	 TRue))),((((9 > 10) = TRue))),comparison_numeric,1,1.0,1.0,1.0,0.0,T1_static_validated,representation_case,LLM_review_or_future_special_module,Y2_R003_C09_S05,Y2_boolean_variation,T_Y4_EXTRA_PARENTHESES,1,1,0
Y4_R003_C09_S06,Y4_obfuscated_boolean,Y4,((22/**/>/**/23)/**/=/**/TRue),((22 > 23) = TRue),comparison_numeric,1,1.0,1.0,1.0,0.0,T1_static_validated,representation_case,LLM_review_or_future_special_module,Y1_R003_C09_S06,Y1_basic_boolean,T_Y4_COMMENT_WS,1,1,0
Y4_R003_C10_S01,Y4_obfuscated_boolean,Y4,"((COAlESCE((65/**/>/**/48),/**/fAlSE)))","((COAlESCE((65 > 48), fAlSE)))",comparison_numeric,1,1.0,1.0,1.0,0.0,T1_static_validated,representation_case,LLM_review_or_future_special_module,Y2_R003_C10_S01,Y2_boolean_variation,T_Y4_EXTRA_PARENTHESES,1,1,0
Y4_R003_C10_S02,Y4_obfuscated_boolean,Y4,"COAlESCE((78	 >	 61),	 fAlSE)","COAlESCE((78 > 61), fAlSE)",comparison_numeric,1,1.0,1.0,1.0,0.0,T1_static_validated,representation_case,LLM_review_or_future_special_module,Y1_R003_C10_S02,Y1_basic_boolean,T_Y4_TAB_SPACE,1,1,0
Y4_R003_C10_S03,Y4_obfuscated_boolean,Y4,"COAlESCE((91/**/>/**/74),/**/fAlSE)","COAlESCE((91 > 74), fAlSE)",comparison_numeric,1,1.0,1.0,1.0,0.0,T1_static_validated,representation_case,LLM_review_or_future_special_module,Y1_R003_C10_S03,Y1_basic_boolean,T_Y4_COMMENT_WS,1,1,0
Y4_R003_C10_S04,Y4_obfuscated_boolean,Y4,"COAlESCE((7	 >	 8),	 fAlSE)","COAlESCE((7 > 8), fAlSE)",comparison_numeric,1,1.0,1.0,1.0,0.0,T1_static_validated,representation_case,LLM_review_or_future_special_module,Y1_R003_C10_S04,Y1_basic_boolean,T_Y4_TAB_SPACE,1,1,0
Y4_R003_C10_S05,Y4_obfuscated_boolean,Y4,"((COAlESCE((20/**/>/**/21),/**/fAlSE)))","((COAlESCE((20 > 21), fAlSE)))",comparison_numeric,1,1.0,1.0,1.0,0.0,T1_static_validated,representation_case,LLM_review_or_future_special_module,Y2_R003_C10_S05,Y2_boolean_variation,T_Y4_EXTRA_PARENTHESES,1,1,0
Y4_R003_C10_S06,Y4_obfuscated_boolean,Y4,"COAlESCE((33	 >	 34),	 fAlSE)","COAlESCE((33 > 34), fAlSE)",comparison_numeric,1,1.0,1.0,1.0,0.0,T1_static_validated,representation_case,LLM_review_or_future_special_module,Y1_R003_C10_S06,Y1_basic_boolean,T_Y4_TAB_SPACE,1,1,0
Y4_R004_C01_S01,Y4_obfuscated_boolean,Y4,53/**/<=/**/70,53 <= 70,comparison_numeric,1,1.0,1.0,1.0,0.0,T1_static_validated,representation_case,LLM_review_or_future_special_module,Y1_R004_C01_S01,Y1_basic_boolean,T_Y4_COMMENT_WS,1,1,1
Y4_R004_C01_S02,Y4_obfuscated_boolean,Y4,66	 <=	 83,66 <= 83,comparison_numeric,1,1.0,1.0,1.0,0.0,T1_static_validated,representation_case,LLM_review_or_future_special_module,Y1_R004_C01_S02,Y1_basic_boolean,T_Y4_TAB_SPACE,1,1,1
Y4_R004_C01_S03,Y4_obfuscated_boolean,Y4,79/**/<=/**/96,79 <= 96,comparison_numeric,1,1.0,1.0,1.0,0.0,T1_static_validated,representation_case,LLM_review_or_future_special_module,Y1_R004_C01_S03,Y1_basic_boolean,T_Y4_COMMENT_WS,1,1,1
Y4_R004_C01_S04,Y4_obfuscated_boolean,Y4,((92	 <=	 91)),((92 <= 91)),comparison_numeric,1,1.0,1.0,1.0,0.0,T1_static_validated,representation_case,LLM_review_or_future_special_module,Y2_R004_C01_S04,Y2_boolean_variation,T_Y4_EXTRA_PARENTHESES,1,1,1
Y4_R004_C01_S05,Y4_obfuscated_boolean,Y4,8/**/<=/**/7,8 <= 7,comparison_numeric,1,1.0,1.0,1.0,0.0,T1_static_validated,representation_case,LLM_review_or_future_special_module,Y1_R004_C01_S05,Y1_basic_boolean,T_Y4_COMMENT_WS,1,1,1
Y4_R004_C01_S06,Y4_obfuscated_boolean,Y4,21	 <=	 20,21 <= 20,comparison_numeric,1,1.0,1.0,1.0,0.0,T1_static_validated,representation_case,LLM_review_or_future_special_module,Y1_R004_C01_S06,Y1_basic_boolean,T_Y4_TAB_SPACE,1,1,1
Y4_R004_C02_S01,Y4_obfuscated_boolean,Y4,(64	 <=	 81),(64 <= 81),comparison_numeric,1,1.0,1.0,1.0,0.0,T1_static_validated,representation_case,LLM_review_or_future_special_module,Y1_R004_C02_S01,Y1_basic_boolean,T_Y4_TAB_SPACE,1,1,1
Y4_R004_C02_S02,Y4_obfuscated_boolean,Y4,(77/**/<=/**/94),(77 <= 94),comparison_numeric,1,1.0,1.0,1.0,0.0,T1_static_validated,representation_case,LLM_review_or_future_special_module,Y1_R004_C02_S02,Y1_basic_boolean,T_Y4_COMMENT_WS,1,1,1
Y4_R004_C02_S03,Y4_obfuscated_boolean,Y4,(90	 <=	 10),(90 <= 10),comparison_numeric,1,1.0,1.0,1.0,0.0,T1_static_validated,representation_case,LLM_review_or_future_special_module,Y1_R004_C02_S03,Y1_basic_boolean,T_Y4_TAB_SPACE,1,1,1
Y4_R004_C02_S04,Y4_obfuscated_boolean,Y4,(((6/**/<=/**/5))),(((6 <= 5))),comparison_numeric,1,1.0,1.0,1.0,0.0,T1_static_validated,representation_case,LLM_review_or_future_special_module,Y2_R004_C02_S04,Y2_boolean_variation,T_Y4_EXTRA_PARENTHESES,1,1,1
Y4_R004_C02_S05,Y4_obfuscated_boolean,Y4,(19	 <=	 18),(19 <= 18),comparison_numeric,1,1.0,1.0,1.0,0.0,T1_static_validated,representation_case,LLM_review_or_future_special_module,Y1_R004_C02_S05,Y1_basic_boolean,T_Y4_TAB_SPACE,1,1,1
Y4_R004_C02_S06,Y4_obfuscated_boolean,Y4,(32/**/<=/**/31),(32 <= 31),comparison_numeric,1,1.0,1.0,1.0,0.0,T1_static_validated,representation_case,LLM_review_or_future_special_module,Y1_R004_C02_S06,Y1_basic_boolean,T_Y4_COMMENT_WS,1,1,1
Y4_R004_C03_S01,Y4_obfuscated_boolean,Y4,nOt/**/(75/**/<=/**/74),nOt (75 <= 74),comparison_numeric,1,1.0,1.0,1.0,0.0,T1_static_validated,representation_case,LLM_review_or_future_special_module,Y1_R004_C03_S01,Y1_basic_boolean,T_Y4_COMMENT_WS,1,1,0
Y4_R004_C03_S02,Y4_obfuscated_boolean,Y4,nOt	 (88	 <=	 87),nOt (88 <= 87),comparison_numeric,1,1.0,1.0,1.0,0.0,T1_static_validated,representation_case,LLM_review_or_future_special_module,Y1_R004_C03_S02,Y1_basic_boolean,T_Y4_TAB_SPACE,1,1,0
Y4_R004_C03_S03,Y4_obfuscated_boolean,Y4,nOt/**/(4/**/<=/**/3),nOt (4 <= 3),comparison_numeric,1,1.0,1.0,1.0,0.0,T1_static_validated,representation_case,LLM_review_or_future_special_module,Y1_R004_C03_S03,Y1_basic_boolean,T_Y4_COMMENT_WS,1,1,0
Y4_R004_C03_S04,Y4_obfuscated_boolean,Y4,((nOt	 (17	 <=	 34))),((nOt (17 <= 34))),comparison_numeric,1,1.0,1.0,1.0,0.0,T1_static_validated,representation_case,LLM_review_or_future_special_module,Y2_R004_C03_S04,Y2_boolean_variation,T_Y4_EXTRA_PARENTHESES,1,1,0
Y4_R004_C03_S05,Y4_obfuscated_boolean,Y4,nOt/**/(30/**/<=/**/47),nOt (30 <= 47),comparison_numeric,1,1.0,1.0,1.0,0.0,T1_static_validated,representation_case,LLM_review_or_future_special_module,Y1_R004_C03_S05,Y1_basic_boolean,T_Y4_COMMENT_WS,1,1,0
Y4_R004_C03_S06,Y4_obfuscated_boolean,Y4,nOt	 (43	 <=	 60),nOt (43 <= 60),comparison_numeric,1,1.0,1.0,1.0,0.0,T1_static_validated,representation_case,LLM_review_or_future_special_module,Y1_R004_C03_S06,Y1_basic_boolean,T_Y4_TAB_SPACE,1,1,0
Y4_R004_C04_S01,Y4_obfuscated_boolean,Y4,(86	 <=	 6)	 is	 TRue,(86 <= 6) is TRue,comparison_numeric,1,1.0,1.0,1.0,0.0,T1_static_validated,representation_case,LLM_review_or_future_special_module,Y1_R004_C04_S01,Y1_basic_boolean,T_Y4_TAB_SPACE,1,1,0
Y4_R004_C04_S02,Y4_obfuscated_boolean,Y4,(2/**/<=/**/19)/**/is/**/TRue,(2 <= 19) is TRue,comparison_numeric,1,1.0,1.0,1.0,0.0,T1_static_validated,representation_case,LLM_review_or_future_special_module,Y1_R004_C04_S02,Y1_basic_boolean,T_Y4_COMMENT_WS,1,1,0
Y4_R004_C04_S03,Y4_obfuscated_boolean,Y4,(15	 <=	 32)	 is	 TRue,(15 <= 32) is TRue,comparison_numeric,1,1.0,1.0,1.0,0.0,T1_static_validated,representation_case,LLM_review_or_future_special_module,Y1_R004_C04_S03,Y1_basic_boolean,T_Y4_TAB_SPACE,1,1,0
Y4_R004_C04_S04,Y4_obfuscated_boolean,Y4,(((28/**/<=/**/27)/**/is/**/TRue)),(((28 <= 27) is TRue)),comparison_numeric,1,1.0,1.0,1.0,0.0,T1_static_validated,representation_case,LLM_review_or_future_special_module,Y2_R004_C04_S04,Y2_boolean_variation,T_Y4_EXTRA_PARENTHESES,1,1,0
Y4_R004_C04_S05,Y4_obfuscated_boolean,Y4,(41	 <=	 40)	 is	 TRue,(41 <= 40) is TRue,comparison_numeric,1,1.0,1.0,1.0,0.0,T1_static_validated,representation_case,LLM_review_or_future_special_module,Y1_R004_C04_S05,Y1_basic_boolean,T_Y4_TAB_SPACE,1,1,0
Y4_R004_C04_S06,Y4_obfuscated_boolean,Y4,(54/**/<=/**/53)/**/is/**/TRue,(54 <= 53) is TRue,comparison_numeric,1,1.0,1.0,1.0,0.0,T1_static_validated,representation_case,LLM_review_or_future_special_module,Y1_R004_C04_S06,Y1_basic_boolean,T_Y4_COMMENT_WS,1,1,0
Y4_R004_C05_S01,Y4_obfuscated_boolean,Y4,(97/**/<=/**/17)/**/IS/**/nOt/**/fAlSE,(97 <= 17) IS nOt fAlSE,comparison_numeric,1,1.0,1.0,1.0,0.0,T1_static_validated,representation_case,LLM_review_or_future_special_module,Y1_R004_C05_S01,Y1_basic_boolean,T_Y4_COMMENT_WS,1,1,0
Y4_R004_C05_S02,Y4_obfuscated_boolean,Y4,(13	 <=	 30)	 IS	 nOt	 fAlSE,(13 <= 30) IS nOt fAlSE,comparison_numeric,1,1.0,1.0,1.0,0.0,T1_static_validated,representation_case,LLM_review_or_future_special_module,Y1_R004_C05_S02,Y1_basic_boolean,T_Y4_TAB_SPACE,1,1,0
Y4_R004_C05_S03,Y4_obfuscated_boolean,Y4,(26/**/<=/**/43)/**/IS/**/nOt/**/fAlSE,(26 <= 43) IS nOt fAlSE,comparison_numeric,1,1.0,1.0,1.0,0.0,T1_static_validated,representation_case,LLM_review_or_future_special_module,Y1_R004_C05_S03,Y1_basic_boolean,T_Y4_COMMENT_WS,1,1,0
Y4_R004_C05_S04,Y4_obfuscated_boolean,Y4,(((39	 <=	 38)	 IS	 nOt	 fAlSE)),(((39 <= 38) IS nOt fAlSE)),comparison_numeric,1,1.0,1.0,1.0,0.0,T1_static_validated,representation_case,LLM_review_or_future_special_module,Y2_R004_C05_S04,Y2_boolean_variation,T_Y4_EXTRA_PARENTHESES,1,1,0
Y4_R004_C05_S05,Y4_obfuscated_boolean,Y4,(52/**/<=/**/51)/**/IS/**/nOt/**/fAlSE,(52 <= 51) IS nOt fAlSE,comparison_numeric,1,1.0,1.0,1.0,0.0,T1_static_validated,representation_case,LLM_review_or_future_special_module,Y1_R004_C05_S05,Y1_basic_boolean,T_Y4_COMMENT_WS,1,1,0
Y4_R004_C05_S06,Y4_obfuscated_boolean,Y4,(65	 <=	 64)	 IS	 nOt	 fAlSE,(65 <= 64) IS nOt fAlSE,comparison_numeric,1,1.0,1.0,1.0,0.0,T1_static_validated,representation_case,LLM_review_or_future_special_module,Y1_R004_C05_S06,Y1_basic_boolean,T_Y4_TAB_SPACE,1,1,0
Y4_R004_C06_S01,Y4_obfuscated_boolean,Y4,case	 wHeN	 (11	 <=	 28)	 THeN	 TRue	 eLse	 FaLse	 eND,case wHeN (11 <= 28) THeN TRue eLse FaLse eND,comparison_numeric,1,1.0,1.0,1.0,0.0,T1_static_validated,representation_case,LLM_review_or_future_special_module,Y1_R004_C06_S01,Y1_basic_boolean,T_Y4_TAB_SPACE,1,1,0
Y4_R004_C06_S02,Y4_obfuscated_boolean,Y4,case/**/wHeN/**/(24/**/<=/**/41)/**/THeN/**/TRue/**/eLse/**/FaLse/**/eND,case wHeN (24 <= 41) THeN TRue eLse FaLse eND,comparison_numeric,1,1.0,1.0,1.0,0.0,T1_static_validated,representation_case,LLM_review_or_future_special_module,Y1_R004_C06_S02,Y1_basic_boolean,T_Y4_COMMENT_WS,1,1,0
Y4_R004_C06_S03,Y4_obfuscated_boolean,Y4,case	 wHeN	 (37	 <=	 54)	 THeN	 TRue	 eLse	 FaLse	 eND,case wHeN (37 <= 54) THeN TRue eLse FaLse eND,comparison_numeric,1,1.0,1.0,1.0,0.0,T1_static_validated,representation_case,LLM_review_or_future_special_module,Y1_R004_C06_S03,Y1_basic_boolean,T_Y4_TAB_SPACE,1,1,0
Y4_R004_C06_S04,Y4_obfuscated_boolean,Y4,((case/**/wHeN/**/(50/**/<=/**/49)/**/THeN/**/TRue/**/eLse/**/FaLse/**/eND)),((case wHeN (50 <= 49) THeN TRue eLse FaLse eND)),comparison_numeric,1,1.0,1.0,1.0,0.0,T1_static_validated,representation_case,LLM_review_or_future_special_module,Y2_R004_C06_S04,Y2_boolean_variation,T_Y4_EXTRA_PARENTHESES,1,1,0
Y4_R004_C06_S05,Y4_obfuscated_boolean,Y4,case	 wHeN	 (63	 <=	 62)	 THeN	 TRue	 eLse	 FaLse	 eND,case wHeN (63 <= 62) THeN TRue eLse FaLse eND,comparison_numeric,1,1.0,1.0,1.0,0.0,T1_static_validated,representation_case,LLM_review_or_future_special_module,Y1_R004_C06_S05,Y1_basic_boolean,T_Y4_TAB_SPACE,1,1,0
Y4_R004_C06_S06,Y4_obfuscated_boolean,Y4,case/**/wHeN/**/(76/**/<=/**/75)/**/THeN/**/TRue/**/eLse/**/FaLse/**/eND,case wHeN (76 <= 75) THeN TRue eLse FaLse eND,comparison_numeric,1,1.0,1.0,1.0,0.0,T1_static_validated,representation_case,LLM_review_or_future_special_module,Y1_R004_C06_S06,Y1_basic_boolean,T_Y4_COMMENT_WS,1,1,0
Y4_R004_C07_S01,Y4_obfuscated_boolean,Y4,(22/**/<=/**/39)/**/And/**/(73/**/=/**/73),(22 <= 39) And (73 = 73),comparison_numeric,1,1.0,1.0,1.0,0.0,T1_static_validated,representation_case,LLM_review_or_future_special_module,Y1_R004_C07_S01,Y1_basic_boolean,T_Y4_COMMENT_WS,1,1,0
Y4_R004_C07_S02,Y4_obfuscated_boolean,Y4,(35	 <=	 52)	 And	 (86	 =	 86),(35 <= 52) And (86 = 86),comparison_numeric,1,1.0,1.0,1.0,0.0,T1_static_validated,representation_case,LLM_review_or_future_special_module,Y1_R004_C07_S02,Y1_basic_boolean,T_Y4_TAB_SPACE,1,1,0
Y4_R004_C07_S03,Y4_obfuscated_boolean,Y4,(48/**/<=/**/65)/**/And/**/(2/**/=/**/2),(48 <= 65) And (2 = 2),comparison_numeric,1,1.0,1.0,1.0,0.0,T1_static_validated,representation_case,LLM_review_or_future_special_module,Y1_R004_C07_S03,Y1_basic_boolean,T_Y4_COMMENT_WS,1,1,0
Y4_R004_C07_S04,Y4_obfuscated_boolean,Y4,(((61	 <=	 60)	 And	 (15	 =	 15))),(((61 <= 60) And (15 = 15))),comparison_numeric,1,1.0,1.0,1.0,0.0,T1_static_validated,representation_case,LLM_review_or_future_special_module,Y2_R004_C07_S04,Y2_boolean_variation,T_Y4_EXTRA_PARENTHESES,1,1,0
Y4_R004_C07_S05,Y4_obfuscated_boolean,Y4,(74/**/<=/**/73)/**/And/**/(28/**/=/**/28),(74 <= 73) And (28 = 28),comparison_numeric,1,1.0,1.0,1.0,0.0,T1_static_validated,representation_case,LLM_review_or_future_special_module,Y1_R004_C07_S05,Y1_basic_boolean,T_Y4_COMMENT_WS,1,1,0
Y4_R004_C07_S06,Y4_obfuscated_boolean,Y4,(87	 <=	 86)	 And	 (41	 =	 41),(87 <= 86) And (41 = 41),comparison_numeric,1,1.0,1.0,1.0,0.0,T1_static_validated,representation_case,LLM_review_or_future_special_module,Y1_R004_C07_S06,Y1_basic_boolean,T_Y4_TAB_SPACE,1,1,0
Y4_R004_C08_S01,Y4_obfuscated_boolean,Y4,(33	 <=	 50)	 oR	 (4	 <>	 4),(33 <= 50) oR (4 <> 4),comparison_numeric,1,1.0,1.0,1.0,0.0,T1_static_validated,representation_case,LLM_review_or_future_special_module,Y1_R004_C08_S01,Y1_basic_boolean,T_Y4_TAB_SPACE,1,1,0
Y4_R004_C08_S02,Y4_obfuscated_boolean,Y4,(46/**/<=/**/63)/**/oR/**/(17/**/<>/**/17),(46 <= 63) oR (17 <> 17),comparison_numeric,1,1.0,1.0,1.0,0.0,T1_static_validated,representation_case,LLM_review_or_future_special_module,Y1_R004_C08_S02,Y1_basic_boolean,T_Y4_COMMENT_WS,1,1,0
Y4_R004_C08_S03,Y4_obfuscated_boolean,Y4,(59	 <=	 76)	 oR	 (30	 <>	 30),(59 <= 76) oR (30 <> 30),comparison_numeric,1,1.0,1.0,1.0,0.0,T1_static_validated,representation_case,LLM_review_or_future_special_module,Y1_R004_C08_S03,Y1_basic_boolean,T_Y4_TAB_SPACE,1,1,0
Y4_R004_C08_S04,Y4_obfuscated_boolean,Y4,(((72/**/<=/**/71)/**/oR/**/(43/**/<>/**/43))),(((72 <= 71) oR (43 <> 43))),comparison_numeric,1,1.0,1.0,1.0,0.0,T1_static_validated,representation_case,LLM_review_or_future_special_module,Y2_R004_C08_S04,Y2_boolean_variation,T_Y4_EXTRA_PARENTHESES,1,1,0
Y4_R004_C08_S05,Y4_obfuscated_boolean,Y4,(85	 <=	 84)	 oR	 (56	 <>	 56),(85 <= 84) oR (56 <> 56),comparison_numeric,1,1.0,1.0,1.0,0.0,T1_static_validated,representation_case,LLM_review_or_future_special_module,Y1_R004_C08_S05,Y1_basic_boolean,T_Y4_TAB_SPACE,1,1,0
Y4_R004_C08_S06,Y4_obfuscated_boolean,Y4,(1/**/<=/**/0)/**/oR/**/(69/**/<>/**/69),(1 <= 0) oR (69 <> 69),comparison_numeric,1,1.0,1.0,1.0,0.0,T1_static_validated,representation_case,LLM_review_or_future_special_module,Y1_R004_C08_S06,Y1_basic_boolean,T_Y4_COMMENT_WS,1,1,0
Y4_R004_C09_S01,Y4_obfuscated_boolean,Y4,((44/**/<=/**/61)/**/=/**/trUE),((44 <= 61) = trUE),comparison_numeric,1,1.0,1.0,1.0,0.0,T1_static_validated,representation_case,LLM_review_or_future_special_module,Y1_R004_C09_S01,Y1_basic_boolean,T_Y4_COMMENT_WS,1,1,0
Y4_R004_C09_S02,Y4_obfuscated_boolean,Y4,((57	 <=	 74)	 =	 trUE),((57 <= 74) = trUE),comparison_numeric,1,1.0,1.0,1.0,0.0,T1_static_validated,representation_case,LLM_review_or_future_special_module,Y1_R004_C09_S02,Y1_basic_boolean,T_Y4_TAB_SPACE,1,1,0
Y4_R004_C09_S03,Y4_obfuscated_boolean,Y4,((70/**/<=/**/87)/**/=/**/trUE),((70 <= 87) = trUE),comparison_numeric,1,1.0,1.0,1.0,0.0,T1_static_validated,representation_case,LLM_review_or_future_special_module,Y1_R004_C09_S03,Y1_basic_boolean,T_Y4_COMMENT_WS,1,1,0
Y4_R004_C09_S04,Y4_obfuscated_boolean,Y4,((((83	 <=	 82)	 =	 trUE))),((((83 <= 82) = trUE))),comparison_numeric,1,1.0,1.0,1.0,0.0,T1_static_validated,representation_case,LLM_review_or_future_special_module,Y2_R004_C09_S04,Y2_boolean_variation,T_Y4_EXTRA_PARENTHESES,1,1,0
Y4_R004_C09_S05,Y4_obfuscated_boolean,Y4,((96/**/<=/**/95)/**/=/**/trUE),((96 <= 95) = trUE),comparison_numeric,1,1.0,1.0,1.0,0.0,T1_static_validated,representation_case,LLM_review_or_future_special_module,Y1_R004_C09_S05,Y1_basic_boolean,T_Y4_COMMENT_WS,1,1,0
Y4_R004_C09_S06,Y4_obfuscated_boolean,Y4,((12	 <=	 11)	 =	 trUE),((12 <= 11) = trUE),comparison_numeric,1,1.0,1.0,1.0,0.0,T1_static_validated,representation_case,LLM_review_or_future_special_module,Y1_R004_C09_S06,Y1_basic_boolean,T_Y4_TAB_SPACE,1,1,0
Y4_R004_C10_S01,Y4_obfuscated_boolean,Y4,"coaLesce((55	 <=	 72),	 FaLse)","coaLesce((55 <= 72), FaLse)",comparison_numeric,1,1.0,1.0,1.0,0.0,T1_static_validated,representation_case,LLM_review_or_future_special_module,Y1_R004_C10_S01,Y1_basic_boolean,T_Y4_TAB_SPACE,1,1,0
Y4_R004_C10_S02,Y4_obfuscated_boolean,Y4,"coaLesce((68/**/<=/**/85),/**/FaLse)","coaLesce((68 <= 85), FaLse)",comparison_numeric,1,1.0,1.0,1.0,0.0,T1_static_validated,representation_case,LLM_review_or_future_special_module,Y1_R004_C10_S02,Y1_basic_boolean,T_Y4_COMMENT_WS,1,1,0
Y4_R004_C10_S03,Y4_obfuscated_boolean,Y4,"coaLesce((81	 <=	 1),	 FaLse)","coaLesce((81 <= 1), FaLse)",comparison_numeric,1,1.0,1.0,1.0,0.0,T1_static_validated,representation_case,LLM_review_or_future_special_module,Y1_R004_C10_S03,Y1_basic_boolean,T_Y4_TAB_SPACE,1,1,0
Y4_R004_C10_S04,Y4_obfuscated_boolean,Y4,"((coaLesce((94/**/<=/**/93),/**/FaLse)))","((coaLesce((94 <= 93), FaLse)))",comparison_numeric,1,1.0,1.0,1.0,0.0,T1_static_validated,representation_case,LLM_review_or_future_special_module,Y2_R004_C10_S04,Y2_boolean_variation,T_Y4_EXTRA_PARENTHESES,1,1,0
Y4_R004_C10_S05,Y4_obfuscated_boolean,Y4,"coaLesce((10	 <=	 9),	 FaLse)","coaLesce((10 <= 9), FaLse)",comparison_numeric,1,1.0,1.0,1.0,0.0,T1_static_validated,representation_case,LLM_review_or_future_special_module,Y1_R004_C10_S05,Y1_basic_boolean,T_Y4_TAB_SPACE,1,1,0
Y4_R004_C10_S06,Y4_obfuscated_boolean,Y4,"coaLesce((23/**/<=/**/22),/**/FaLse)","coaLesce((23 <= 22), FaLse)",comparison_numeric,1,1.0,1.0,1.0,0.0,T1_static_validated,representation_case,LLM_review_or_future_special_module,Y1_R004_C10_S06,Y1_basic_boolean,T_Y4_COMMENT_WS,1,1,0
Y4_R005_C01_S01,Y4_obfuscated_boolean,Y4,(60	 +	 94)	 =	 154,(60 + 94) = 154,comparison_numeric,1,1.0,1.0,1.0,0.0,T1_static_validated,representation_case,LLM_review_or_future_special_module,Y1_R005_C01_S01,Y1_basic_boolean,T_Y4_TAB_SPACE,1,1,1
Y4_R005_C01_S02,Y4_obfuscated_boolean,Y4,(73/**/+/**/10)/**/=/**/83,(73 + 10) = 83,comparison_numeric,1,1.0,1.0,1.0,0.0,T1_static_validated,representation_case,LLM_review_or_future_special_module,Y1_R005_C01_S02,Y1_basic_boolean,T_Y4_COMMENT_WS,1,1,1
Y4_R005_C01_S03,Y4_obfuscated_boolean,Y4,(((86	 +	 23)	 =	 109)),(((86 + 23) = 109)),comparison_numeric,1,1.0,1.0,1.0,0.0,T1_static_validated,representation_case,LLM_review_or_future_special_module,Y2_R005_C01_S03,Y2_boolean_variation,T_Y4_EXTRA_PARENTHESES,1,1,1
Y4_R005_C01_S04,Y4_obfuscated_boolean,Y4,(2/**/+/**/36)/**/=/**/39,(2 + 36) = 39,comparison_numeric,1,1.0,1.0,1.0,0.0,T1_static_validated,representation_case,LLM_review_or_future_special_module,Y1_R005_C01_S04,Y1_basic_boolean,T_Y4_COMMENT_WS,1,1,1
Y4_R005_C01_S05,Y4_obfuscated_boolean,Y4,(15	 +	 49)	 =	 65,(15 + 49) = 65,comparison_numeric,1,1.0,1.0,1.0,0.0,T1_static_validated,representation_case,LLM_review_or_future_special_module,Y1_R005_C01_S05,Y1_basic_boolean,T_Y4_TAB_SPACE,1,1,1
Y4_R005_C01_S06,Y4_obfuscated_boolean,Y4,(28/**/+/**/62)/**/=/**/91,(28 + 62) = 91,comparison_numeric,1,1.0,1.0,1.0,0.0,T1_static_validated,representation_case,LLM_review_or_future_special_module,Y1_R005_C01_S06,Y1_basic_boolean,T_Y4_COMMENT_WS,1,1,1
Y4_R005_C02_S01,Y4_obfuscated_boolean,Y4,((71/**/+/**/8)/**/=/**/79),((71 + 8) = 79),comparison_numeric,1,1.0,1.0,1.0,0.0,T1_static_validated,representation_case,LLM_review_or_future_special_module,Y1_R005_C02_S01,Y1_basic_boolean,T_Y4_COMMENT_WS,1,1,1
Y4_R005_C02_S02,Y4_obfuscated_boolean,Y4,((84	 +	 21)	 =	 105),((84 + 21) = 105),comparison_numeric,1,1.0,1.0,1.0,0.0,T1_static_validated,representation_case,LLM_review_or_future_special_module,Y1_R005_C02_S02,Y1_basic_boolean,T_Y4_TAB_SPACE,1,1,1
Y4_R005_C02_S03,Y4_obfuscated_boolean,Y4,((((97/**/+/**/34)/**/=/**/131))),((((97 + 34) = 131))),comparison_numeric,1,1.0,1.0,1.0,0.0,T1_static_validated,representation_case,LLM_review_or_future_special_module,Y2_R005_C02_S03,Y2_boolean_variation,T_Y4_EXTRA_PARENTHESES,1,1,1
Y4_R005_C02_S04,Y4_obfuscated_boolean,Y4,((13	 +	 47)	 =	 61),((13 + 47) = 61),comparison_numeric,1,1.0,1.0,1.0,0.0,T1_static_validated,representation_case,LLM_review_or_future_special_module,Y1_R005_C02_S04,Y1_basic_boolean,T_Y4_TAB_SPACE,1,1,1
Y4_R005_C02_S05,Y4_obfuscated_boolean,Y4,((26/**/+/**/60)/**/=/**/87),((26 + 60) = 87),comparison_numeric,1,1.0,1.0,1.0,0.0,T1_static_validated,representation_case,LLM_review_or_future_special_module,Y1_R005_C02_S05,Y1_basic_boolean,T_Y4_COMMENT_WS,1,1,1
Y4_R005_C02_S06,Y4_obfuscated_boolean,Y4,((39	 +	 73)	 =	 113),((39 + 73) = 113),comparison_numeric,1,1.0,1.0,1.0,0.0,T1_static_validated,representation_case,LLM_review_or_future_special_module,Y1_R005_C02_S06,Y1_basic_boolean,T_Y4_TAB_SPACE,1,1,1
Y4_R005_C03_S01,Y4_obfuscated_boolean,Y4,NoT	 ((82	 +	 19)	 =	 102),NoT ((82 + 19) = 102),comparison_numeric,1,1.0,1.0,1.0,0.0,T1_static_validated,representation_case,LLM_review_or_future_special_module,Y1_R005_C03_S01,Y1_basic_boolean,T_Y4_TAB_SPACE,1,1,0
Y4_R005_C03_S02,Y4_obfuscated_boolean,Y4,NoT/**/((95/**/+/**/32)/**/=/**/128),NoT ((95 + 32) = 128),comparison_numeric,1,1.0,1.0,1.0,0.0,T1_static_validated,representation_case,LLM_review_or_future_special_module,Y1_R005_C03_S02,Y1_basic_boolean,T_Y4_COMMENT_WS,1,1,0
Y4_R005_C03_S03,Y4_obfuscated_boolean,Y4,((NoT	 ((11	 +	 45)	 =	 57))),((NoT ((11 + 45) = 57))),comparison_numeric,1,1.0,1.0,1.0,0.0,T1_static_validated,representation_case,LLM_review_or_future_special_module,Y2_R005_C03_S03,Y2_boolean_variation,T_Y4_EXTRA_PARENTHESES,1,1,0
Y4_R005_C03_S04,Y4_obfuscated_boolean,Y4,NoT/**/((24/**/+/**/58)/**/=/**/82),NoT ((24 + 58) = 82),comparison_numeric,1,1.0,1.0,1.0,0.0,T1_static_validated,representation_case,LLM_review_or_future_special_module,Y1_R005_C03_S04,Y1_basic_boolean,T_Y4_COMMENT_WS,1,1,0
Y4_R005_C03_S05,Y4_obfuscated_boolean,Y4,NoT	 ((37	 +	 71)	 =	 108),NoT ((37 + 71) = 108),comparison_numeric,1,1.0,1.0,1.0,0.0,T1_static_validated,representation_case,LLM_review_or_future_special_module,Y1_R005_C03_S05,Y1_basic_boolean,T_Y4_TAB_SPACE,1,1,0
Y4_R005_C03_S06,Y4_obfuscated_boolean,Y4,NoT/**/((50/**/+/**/84)/**/=/**/134),NoT ((50 + 84) = 134),comparison_numeric,1,1.0,1.0,1.0,0.0,T1_static_validated,representation_case,LLM_review_or_future_special_module,Y1_R005_C03_S06,Y1_basic_boolean,T_Y4_COMMENT_WS,1,1,0
Y4_R005_C04_S01,Y4_obfuscated_boolean,Y4,((93/**/+/**/30)/**/=/**/123)/**/IS/**/trUE,((93 + 30) = 123) IS trUE,comparison_numeric,1,1.0,1.0,1.0,0.0,T1_static_validated,representation_case,LLM_review_or_future_special_module,Y1_R005_C04_S01,Y1_basic_boolean,T_Y4_COMMENT_WS,1,1,0
Y4_R005_C04_S02,Y4_obfuscated_boolean,Y4,((9	 +	 43)	 =	 52)	 IS	 trUE,((9 + 43) = 52) IS trUE,comparison_numeric,1,1.0,1.0,1.0,0.0,T1_static_validated,representation_case,LLM_review_or_future_special_module,Y1_R005_C04_S02,Y1_basic_boolean,T_Y4_TAB_SPACE,1,1,0
Y4_R005_C04_S03,Y4_obfuscated_boolean,Y4,((((22/**/+/**/56)/**/=/**/78)/**/IS/**/trUE)),((((22 + 56) = 78) IS trUE)),comparison_numeric,1,1.0,1.0,1.0,0.0,T1_static_validated,representation_case,LLM_review_or_future_special_module,Y2_R005_C04_S03,Y2_boolean_variation,T_Y4_EXTRA_PARENTHESES,1,1,0
Y4_R005_C04_S04,Y4_obfuscated_boolean,Y4,((35	 +	 69)	 =	 105)	 IS	 trUE,((35 + 69) = 105) IS trUE,comparison_numeric,1,1.0,1.0,1.0,0.0,T1_static_validated,representation_case,LLM_review_or_future_special_module,Y1_R005_C04_S04,Y1_basic_boolean,T_Y4_TAB_SPACE,1,1,0
Y4_R005_C04_S05,Y4_obfuscated_boolean,Y4,((48/**/+/**/82)/**/=/**/131)/**/IS/**/trUE,((48 + 82) = 131) IS trUE,comparison_numeric,1,1.0,1.0,1.0,0.0,T1_static_validated,representation_case,LLM_review_or_future_special_module,Y1_R005_C04_S05,Y1_basic_boolean,T_Y4_COMMENT_WS,1,1,0
Y4_R005_C04_S06,Y4_obfuscated_boolean,Y4,((61	 +	 95)	 =	 157)	 IS	 trUE,((61 + 95) = 157) IS trUE,comparison_numeric,1,1.0,1.0,1.0,0.0,T1_static_validated,representation_case,LLM_review_or_future_special_module,Y1_R005_C04_S06,Y1_basic_boolean,T_Y4_TAB_SPACE,1,1,0
Y4_R005_C05_S01,Y4_obfuscated_boolean,Y4,((7	 +	 41)	 =	 48)	 is	 NoT	 FaLse,((7 + 41) = 48) is NoT FaLse,comparison_numeric,1,1.0,1.0,1.0,0.0,T1_static_validated,representation_case,LLM_review_or_future_special_module,Y1_R005_C05_S01,Y1_basic_boolean,T_Y4_TAB_SPACE,1,1,0
Y4_R005_C05_S02,Y4_obfuscated_boolean,Y4,((20/**/+/**/54)/**/=/**/74)/**/is/**/NoT/**/FaLse,((20 + 54) = 74) is NoT FaLse,comparison_numeric,1,1.0,1.0,1.0,0.0,T1_static_validated,representation_case,LLM_review_or_future_special_module,Y1_R005_C05_S02,Y1_basic_boolean,T_Y4_COMMENT_WS,1,1,0
Y4_R005_C05_S03,Y4_obfuscated_boolean,Y4,((((33	 +	 67)	 =	 100)	 is	 NoT	 FaLse)),((((33 + 67) = 100) is NoT FaLse)),comparison_numeric,1,1.0,1.0,1.0,0.0,T1_static_validated,representation_case,LLM_review_or_future_special_module,Y2_R005_C05_S03,Y2_boolean_variation,T_Y4_EXTRA_PARENTHESES,1,1,0
Y4_R005_C05_S04,Y4_obfuscated_boolean,Y4,((46/**/+/**/80)/**/=/**/127)/**/is/**/NoT/**/FaLse,((46 + 80) = 127) is NoT FaLse,comparison_numeric,1,1.0,1.0,1.0,0.0,T1_static_validated,representation_case,LLM_review_or_future_special_module,Y1_R005_C05_S04,Y1_basic_boolean,T_Y4_COMMENT_WS,1,1,0
Y4_R005_C05_S05,Y4_obfuscated_boolean,Y4,((59	 +	 93)	 =	 153)	 is	 NoT	 FaLse,((59 + 93) = 153) is NoT FaLse,comparison_numeric,1,1.0,1.0,1.0,0.0,T1_static_validated,representation_case,LLM_review_or_future_special_module,Y1_R005_C05_S05,Y1_basic_boolean,T_Y4_TAB_SPACE,1,1,0
Y4_R005_C05_S06,Y4_obfuscated_boolean,Y4,((72/**/+/**/9)/**/=/**/82)/**/is/**/NoT/**/FaLse,((72 + 9) = 82) is NoT FaLse,comparison_numeric,1,1.0,1.0,1.0,0.0,T1_static_validated,representation_case,LLM_review_or_future_special_module,Y1_R005_C05_S06,Y1_basic_boolean,T_Y4_COMMENT_WS,1,1,0
Y4_R005_C06_S01,Y4_obfuscated_boolean,Y4,CASE/**/WhEn/**/((18/**/+/**/52)/**/=/**/70)/**/thEn/**/trUE/**/ElSE/**/fAlSE/**/End,CASE WhEn ((18 + 52) = 70) thEn trUE ElSE fAlSE End,comparison_numeric,1,1.0,1.0,1.0,0.0,T1_static_validated,representation_case,LLM_review_or_future_special_module,Y1_R005_C06_S01,Y1_basic_boolean,T_Y4_COMMENT_WS,1,1,0
Y4_R005_C06_S02,Y4_obfuscated_boolean,Y4,CASE	 WhEn	 ((31	 +	 65)	 =	 96)	 thEn	 trUE	 ElSE	 fAlSE	 End,CASE WhEn ((31 + 65) = 96) thEn trUE ElSE fAlSE End,comparison_numeric,1,1.0,1.0,1.0,0.0,T1_static_validated,representation_case,LLM_review_or_future_special_module,Y1_R005_C06_S02,Y1_basic_boolean,T_Y4_TAB_SPACE,1,1,0
Y4_R005_C06_S03,Y4_obfuscated_boolean,Y4,((CASE/**/WhEn/**/((44/**/+/**/78)/**/=/**/122)/**/thEn/**/trUE/**/ElSE/**/fAlSE/**/End)),((CASE WhEn ((44 + 78) = 122) thEn trUE ElSE fAlSE End)),comparison_numeric,1,1.0,1.0,1.0,0.0,T1_static_validated,representation_case,LLM_review_or_future_special_module,Y2_R005_C06_S03,Y2_boolean_variation,T_Y4_EXTRA_PARENTHESES,1,1,0
Y4_R005_C06_S04,Y4_obfuscated_boolean,Y4,CASE	 WhEn	 ((57	 +	 91)	 =	 149)	 thEn	 trUE	 ElSE	 fAlSE	 End,CASE WhEn ((57 + 91) = 149) thEn trUE ElSE fAlSE End,comparison_numeric,1,1.0,1.0,1.0,0.0,T1_static_validated,representation_case,LLM_review_or_future_special_module,Y1_R005_C06_S04,Y1_basic_boolean,T_Y4_TAB_SPACE,1,1,0
Y4_R005_C06_S05,Y4_obfuscated_boolean,Y4,CASE/**/WhEn/**/((70/**/+/**/7)/**/=/**/78)/**/thEn/**/trUE/**/ElSE/**/fAlSE/**/End,CASE WhEn ((70 + 7) = 78) thEn trUE ElSE fAlSE End,comparison_numeric,1,1.0,1.0,1.0,0.0,T1_static_validated,representation_case,LLM_review_or_future_special_module,Y1_R005_C06_S05,Y1_basic_boolean,T_Y4_COMMENT_WS,1,1,0
Y4_R005_C06_S06,Y4_obfuscated_boolean,Y4,CASE	 WhEn	 ((83	 +	 20)	 =	 104)	 thEn	 trUE	 ElSE	 fAlSE	 End,CASE WhEn ((83 + 20) = 104) thEn trUE ElSE fAlSE End,comparison_numeric,1,1.0,1.0,1.0,0.0,T1_static_validated,representation_case,LLM_review_or_future_special_module,Y1_R005_C06_S06,Y1_basic_boolean,T_Y4_TAB_SPACE,1,1,0
Y4_R005_C07_S01,Y4_obfuscated_boolean,Y4,((29	 +	 63)	 =	 92)	 aND	 (80	 =	 80),((29 + 63) = 92) aND (80 = 80),comparison_numeric,1,1.0,1.0,1.0,0.0,T1_static_validated,representation_case,LLM_review_or_future_special_module,Y1_R005_C07_S01,Y1_basic_boolean,T_Y4_TAB_SPACE,1,1,0
Y4_R005_C07_S02,Y4_obfuscated_boolean,Y4,((42/**/+/**/76)/**/=/**/118)/**/aND/**/(93/**/=/**/93),((42 + 76) = 118) aND (93 = 93),comparison_numeric,1,1.0,1.0,1.0,0.0,T1_static_validated,representation_case,LLM_review_or_future_special_module,Y1_R005_C07_S02,Y1_basic_boolean,T_Y4_COMMENT_WS,1,1,0
Y4_R005_C07_S03,Y4_obfuscated_boolean,Y4,((((55	 +	 89)	 =	 144)	 aND	 (9	 =	 9))),((((55 + 89) = 144) aND (9 = 9))),comparison_numeric,1,1.0,1.0,1.0,0.0,T1_static_validated,representation_case,LLM_review_or_future_special_module,Y2_R005_C07_S03,Y2_boolean_variation,T_Y4_EXTRA_PARENTHESES,1,1,0
Y4_R005_C07_S04,Y4_obfuscated_boolean,Y4,((68/**/+/**/5)/**/=/**/74)/**/aND/**/(22/**/=/**/22),((68 + 5) = 74) aND (22 = 22),comparison_numeric,1,1.0,1.0,1.0,0.0,T1_static_validated,representation_case,LLM_review_or_future_special_module,Y1_R005_C07_S04,Y1_basic_boolean,T_Y4_COMMENT_WS,1,1,0
Y4_R005_C07_S05,Y4_obfuscated_boolean,Y4,((81	 +	 18)	 =	 100)	 aND	 (35	 =	 35),((81 + 18) = 100) aND (35 = 35),comparison_numeric,1,1.0,1.0,1.0,0.0,T1_static_validated,representation_case,LLM_review_or_future_special_module,Y1_R005_C07_S05,Y1_basic_boolean,T_Y4_TAB_SPACE,1,1,0
Y4_R005_C07_S06,Y4_obfuscated_boolean,Y4,((94/**/+/**/31)/**/=/**/126)/**/aND/**/(48/**/=/**/48),((94 + 31) = 126) aND (48 = 48),comparison_numeric,1,1.0,1.0,1.0,0.0,T1_static_validated,representation_case,LLM_review_or_future_special_module,Y1_R005_C07_S06,Y1_basic_boolean,T_Y4_COMMENT_WS,1,1,0
Y4_R005_C08_S01,Y4_obfuscated_boolean,Y4,((40/**/+/**/74)/**/=/**/114)/**/Or/**/(11/**/<>/**/11),((40 + 74) = 114) Or (11 <> 11),comparison_numeric,1,1.0,1.0,1.0,0.0,T1_static_validated,representation_case,LLM_review_or_future_special_module,Y1_R005_C08_S01,Y1_basic_boolean,T_Y4_COMMENT_WS,1,1,0
Y4_R005_C08_S02,Y4_obfuscated_boolean,Y4,((53	 +	 87)	 =	 140)	 Or	 (24	 <>	 24),((53 + 87) = 140) Or (24 <> 24),comparison_numeric,1,1.0,1.0,1.0,0.0,T1_static_validated,representation_case,LLM_review_or_future_special_module,Y1_R005_C08_S02,Y1_basic_boolean,T_Y4_TAB_SPACE,1,1,0
Y4_R005_C08_S03,Y4_obfuscated_boolean,Y4,((((66/**/+/**/3)/**/=/**/69)/**/Or/**/(37/**/<>/**/37))),((((66 + 3) = 69) Or (37 <> 37))),comparison_numeric,1,1.0,1.0,1.0,0.0,T1_static_validated,representation_case,LLM_review_or_future_special_module,Y2_R005_C08_S03,Y2_boolean_variation,T_Y4_EXTRA_PARENTHESES,1,1,0
Y4_R005_C08_S04,Y4_obfuscated_boolean,Y4,((79	 +	 16)	 =	 96)	 Or	 (50	 <>	 50),((79 + 16) = 96) Or (50 <> 50),comparison_numeric,1,1.0,1.0,1.0,0.0,T1_static_validated,representation_case,LLM_review_or_future_special_module,Y1_R005_C08_S04,Y1_basic_boolean,T_Y4_TAB_SPACE,1,1,0
Y4_R005_C08_S05,Y4_obfuscated_boolean,Y4,((92/**/+/**/29)/**/=/**/122)/**/Or/**/(63/**/<>/**/63),((92 + 29) = 122) Or (63 <> 63),comparison_numeric,1,1.0,1.0,1.0,0.0,T1_static_validated,representation_case,LLM_review_or_future_special_module,Y1_R005_C08_S05,Y1_basic_boolean,T_Y4_COMMENT_WS,1,1,0
Y4_R005_C08_S06,Y4_obfuscated_boolean,Y4,((8	 +	 42)	 =	 51)	 Or	 (76	 <>	 76),((8 + 42) = 51) Or (76 <> 76),comparison_numeric,1,1.0,1.0,1.0,0.0,T1_static_validated,representation_case,LLM_review_or_future_special_module,Y1_R005_C08_S06,Y1_basic_boolean,T_Y4_TAB_SPACE,1,1,0
Y4_R005_C09_S01,Y4_obfuscated_boolean,Y4,(((51	 +	 85)	 =	 136)	 =	 TRue),(((51 + 85) = 136) = TRue),comparison_numeric,1,1.0,1.0,1.0,0.0,T1_static_validated,representation_case,LLM_review_or_future_special_module,Y1_R005_C09_S01,Y1_basic_boolean,T_Y4_TAB_SPACE,1,1,0
Y4_R005_C09_S02,Y4_obfuscated_boolean,Y4,(((64/**/+/**/1)/**/=/**/65)/**/=/**/TRue),(((64 + 1) = 65) = TRue),comparison_numeric,1,1.0,1.0,1.0,0.0,T1_static_validated,representation_case,LLM_review_or_future_special_module,Y1_R005_C09_S02,Y1_basic_boolean,T_Y4_COMMENT_WS,1,1,0
Y4_R005_C09_S03,Y4_obfuscated_boolean,Y4,(((((77	 +	 14)	 =	 91)	 =	 TRue))),(((((77 + 14) = 91) = TRue))),comparison_numeric,1,1.0,1.0,1.0,0.0,T1_static_validated,representation_case,LLM_review_or_future_special_module,Y2_R005_C09_S03,Y2_boolean_variation,T_Y4_EXTRA_PARENTHESES,1,1,0
Y4_R005_C09_S04,Y4_obfuscated_boolean,Y4,(((90/**/+/**/27)/**/=/**/118)/**/=/**/TRue),(((90 + 27) = 118) = TRue),comparison_numeric,1,1.0,1.0,1.0,0.0,T1_static_validated,representation_case,LLM_review_or_future_special_module,Y1_R005_C09_S04,Y1_basic_boolean,T_Y4_COMMENT_WS,1,1,0
Y4_R005_C09_S05,Y4_obfuscated_boolean,Y4,(((6	 +	 40)	 =	 47)	 =	 TRue),(((6 + 40) = 47) = TRue),comparison_numeric,1,1.0,1.0,1.0,0.0,T1_static_validated,representation_case,LLM_review_or_future_special_module,Y1_R005_C09_S05,Y1_basic_boolean,T_Y4_TAB_SPACE,1,1,0
Y4_R005_C09_S06,Y4_obfuscated_boolean,Y4,(((19/**/+/**/53)/**/=/**/73)/**/=/**/TRue),(((19 + 53) = 73) = TRue),comparison_numeric,1,1.0,1.0,1.0,0.0,T1_static_validated,representation_case,LLM_review_or_future_special_module,Y1_R005_C09_S06,Y1_basic_boolean,T_Y4_COMMENT_WS,1,1,0
Y4_R005_C10_S01,Y4_obfuscated_boolean,Y4,"COAlESCE(((62/**/+/**/96)/**/=/**/158),/**/fAlSE)","COAlESCE(((62 + 96) = 158), fAlSE)",comparison_numeric,1,1.0,1.0,1.0,0.0,T1_static_validated,representation_case,LLM_review_or_future_special_module,Y1_R005_C10_S01,Y1_basic_boolean,T_Y4_COMMENT_WS,1,1,0
Y4_R005_C10_S02,Y4_obfuscated_boolean,Y4,"COAlESCE(((75	 +	 12)	 =	 87),	 fAlSE)","COAlESCE(((75 + 12) = 87), fAlSE)",comparison_numeric,1,1.0,1.0,1.0,0.0,T1_static_validated,representation_case,LLM_review_or_future_special_module,Y1_R005_C10_S02,Y1_basic_boolean,T_Y4_TAB_SPACE,1,1,0
Y4_R005_C10_S03,Y4_obfuscated_boolean,Y4,"((COAlESCE(((88/**/+/**/25)/**/=/**/113),/**/fAlSE)))","((COAlESCE(((88 + 25) = 113), fAlSE)))",comparison_numeric,1,1.0,1.0,1.0,0.0,T1_static_validated,representation_case,LLM_review_or_future_special_module,Y2_R005_C10_S03,Y2_boolean_variation,T_Y4_EXTRA_PARENTHESES,1,1,0
Y4_R005_C10_S04,Y4_obfuscated_boolean,Y4,"COAlESCE(((4	 +	 38)	 =	 43),	 fAlSE)","COAlESCE(((4 + 38) = 43), fAlSE)",comparison_numeric,1,1.0,1.0,1.0,0.0,T1_static_validated,representation_case,LLM_review_or_future_special_module,Y1_R005_C10_S04,Y1_basic_boolean,T_Y4_TAB_SPACE,1,1,0
Y4_R005_C10_S05,Y4_obfuscated_boolean,Y4,"COAlESCE(((17/**/+/**/51)/**/=/**/69),/**/fAlSE)","COAlESCE(((17 + 51) = 69), fAlSE)",comparison_numeric,1,1.0,1.0,1.0,0.0,T1_static_validated,representation_case,LLM_review_or_future_special_module,Y1_R005_C10_S05,Y1_basic_boolean,T_Y4_COMMENT_WS,1,1,0
Y4_R005_C10_S06,Y4_obfuscated_boolean,Y4,"COAlESCE(((30	 +	 64)	 =	 95),	 fAlSE)","COAlESCE(((30 + 64) = 95), fAlSE)",comparison_numeric,1,1.0,1.0,1.0,0.0,T1_static_validated,representation_case,LLM_review_or_future_special_module,Y1_R005_C10_S06,Y1_basic_boolean,T_Y4_TAB_SPACE,1,1,0
Y4_R006_C01_S01,Y4_obfuscated_boolean,Y4,'member7'/**/=/**/'member7','member7' = 'member7',comparison_text,1,1.0,1.0,1.0,0.0,T1_static_validated,representation_case,LLM_review_or_future_special_module,Y1_R006_C01_S01,Y1_basic_boolean,T_Y4_COMMENT_WS,1,1,1
Y4_R006_C01_S02,Y4_obfuscated_boolean,Y4,(('stone8'	 =	 'stone8')),(('stone8' = 'stone8')),comparison_text,1,1.0,1.0,1.0,0.0,T1_static_validated,representation_case,LLM_review_or_future_special_module,Y2_R006_C01_S02,Y2_boolean_variation,T_Y4_EXTRA_PARENTHESES,1,1,1
Y4_R006_C01_S03,Y4_obfuscated_boolean,Y4,'north0'/**/=/**/'north0','north0' = 'north0',comparison_text,1,1.0,1.0,1.0,0.0,T1_static_validated,representation_case,LLM_review_or_future_special_module,Y1_R006_C01_S03,Y1_basic_boolean,T_Y4_COMMENT_WS,1,1,1
Y4_R006_C01_S04,Y4_obfuscated_boolean,Y4,'south1'	 =	 'east2','south1' = 'east2',comparison_text,1,1.0,1.0,1.0,0.0,T1_static_validated,representation_case,LLM_review_or_future_special_module,Y1_R006_C01_S04,Y1_basic_boolean,T_Y4_TAB_SPACE,1,1,1
Y4_R006_C01_S05,Y4_obfuscated_boolean,Y4,'east2'/**/=/**/'west3','east2' = 'west3',comparison_text,1,1.0,1.0,1.0,0.0,T1_static_validated,representation_case,LLM_review_or_future_special_module,Y1_R006_C01_S05,Y1_basic_boolean,T_Y4_COMMENT_WS,1,1,1
Y4_R006_C01_S06,Y4_obfuscated_boolean,Y4,(('west3'	 =	 'prime4')),(('west3' = 'prime4')),comparison_text,1,1.0,1.0,1.0,0.0,T1_static_validated,representation_case,LLM_review_or_future_special_module,Y2_R006_C01_S06,Y2_boolean_variation,T_Y4_EXTRA_PARENTHESES,1,1,1
Y4_R006_C02_S01,Y4_obfuscated_boolean,Y4,('stone7'	 =	 'stone7'),('stone7' = 'stone7'),comparison_text,1,1.0,1.0,1.0,0.0,T1_static_validated,representation_case,LLM_review_or_future_special_module,Y1_R006_C02_S01,Y1_basic_boolean,T_Y4_TAB_SPACE,1,1,1
Y4_R006_C02_S02,Y4_obfuscated_boolean,Y4,((('north8'/**/=/**/'north8'))),((('north8' = 'north8'))),comparison_text,1,1.0,1.0,1.0,0.0,T1_static_validated,representation_case,LLM_review_or_future_special_module,Y2_R006_C02_S02,Y2_boolean_variation,T_Y4_EXTRA_PARENTHESES,1,1,1
Y4_R006_C02_S03,Y4_obfuscated_boolean,Y4,('south0'	 =	 'south0'),('south0' = 'south0'),comparison_text,1,1.0,1.0,1.0,0.0,T1_static_validated,representation_case,LLM_review_or_future_special_module,Y1_R006_C02_S03,Y1_basic_boolean,T_Y4_TAB_SPACE,1,1,1
Y4_R006_C02_S04,Y4_obfuscated_boolean,Y4,('east1'/**/=/**/'west2'),('east1' = 'west2'),comparison_text,1,1.0,1.0,1.0,0.0,T1_static_validated,representation_case,LLM_review_or_future_special_module,Y1_R006_C02_S04,Y1_basic_boolean,T_Y4_COMMENT_WS,1,1,1
Y4_R006_C02_S05,Y4_obfuscated_boolean,Y4,('west2'	 =	 'prime3'),('west2' = 'prime3'),comparison_text,1,1.0,1.0,1.0,0.0,T1_static_validated,representation_case,LLM_review_or_future_special_module,Y1_R006_C02_S05,Y1_basic_boolean,T_Y4_TAB_SPACE,1,1,1
Y4_R006_C02_S06,Y4_obfuscated_boolean,Y4,((('prime3'/**/=/**/'core4'))),((('prime3' = 'core4'))),comparison_text,1,1.0,1.0,1.0,0.0,T1_static_validated,representation_case,LLM_review_or_future_special_module,Y2_R006_C02_S06,Y2_boolean_variation,T_Y4_EXTRA_PARENTHESES,1,1,1
Y4_R006_C03_S01,Y4_obfuscated_boolean,Y4,nOt/**/('north7'/**/=/**/'south8'),nOt ('north7' = 'south8'),comparison_text,1,1.0,1.0,1.0,0.0,T1_static_validated,representation_case,LLM_review_or_future_special_module,Y1_R006_C03_S01,Y1_basic_boolean,T_Y4_COMMENT_WS,1,1,0
Y4_R006_C03_S02,Y4_obfuscated_boolean,Y4,((nOt	 ('south8'	 =	 'east0'))),((nOt ('south8' = 'east0'))),comparison_text,1,1.0,1.0,1.0,0.0,T1_static_validated,representation_case,LLM_review_or_future_special_module,Y2_R006_C03_S02,Y2_boolean_variation,T_Y4_EXTRA_PARENTHESES,1,1,0
Y4_R006_C03_S03,Y4_obfuscated_boolean,Y4,nOt/**/('east0'/**/=/**/'west1'),nOt ('east0' = 'west1'),comparison_text,1,1.0,1.0,1.0,0.0,T1_static_validated,representation_case,LLM_review_or_future_special_module,Y1_R006_C03_S03,Y1_basic_boolean,T_Y4_COMMENT_WS,1,1,0
Y4_R006_C03_S04,Y4_obfuscated_boolean,Y4,nOt	 ('west1'	 =	 'west1'),nOt ('west1' = 'west1'),comparison_text,1,1.0,1.0,1.0,0.0,T1_static_validated,representation_case,LLM_review_or_future_special_module,Y1_R006_C03_S04,Y1_basic_boolean,T_Y4_TAB_SPACE,1,1,0
Y4_R006_C03_S05,Y4_obfuscated_boolean,Y4,nOt/**/('prime2'/**/=/**/'prime2'),nOt ('prime2' = 'prime2'),comparison_text,1,1.0,1.0,1.0,0.0,T1_static_validated,representation_case,LLM_review_or_future_special_module,Y1_R006_C03_S05,Y1_basic_boolean,T_Y4_COMMENT_WS,1,1,0
Y4_R006_C03_S06,Y4_obfuscated_boolean,Y4,((nOt	 ('core3'	 =	 'core3'))),((nOt ('core3' = 'core3'))),comparison_text,1,1.0,1.0,1.0,0.0,T1_static_validated,representation_case,LLM_review_or_future_special_module,Y2_R006_C03_S06,Y2_boolean_variation,T_Y4_EXTRA_PARENTHESES,1,1,0
Y4_R006_C04_S01,Y4_obfuscated_boolean,Y4,('south7'	 =	 'south7')	 is	 TRue,('south7' = 'south7') is TRue,comparison_text,1,1.0,1.0,1.0,0.0,T1_static_validated,representation_case,LLM_review_or_future_special_module,Y1_R006_C04_S01,Y1_basic_boolean,T_Y4_TAB_SPACE,1,1,0
Y4_R006_C04_S02,Y4_obfuscated_boolean,Y4,((('east8'/**/=/**/'east8')/**/is/**/TRue)),((('east8' = 'east8') is TRue)),comparison_text,1,1.0,1.0,1.0,0.0,T1_static_validated,representation_case,LLM_review_or_future_special_module,Y2_R006_C04_S02,Y2_boolean_variation,T_Y4_EXTRA_PARENTHESES,1,1,0
Y4_R006_C04_S03,Y4_obfuscated_boolean,Y4,('west0'	 =	 'west0')	 is	 TRue,('west0' = 'west0') is TRue,comparison_text,1,1.0,1.0,1.0,0.0,T1_static_validated,representation_case,LLM_review_or_future_special_module,Y1_R006_C04_S03,Y1_basic_boolean,T_Y4_TAB_SPACE,1,1,0
Y4_R006_C04_S04,Y4_obfuscated_boolean,Y4,('prime1'/**/=/**/'core2')/**/is/**/TRue,('prime1' = 'core2') is TRue,comparison_text,1,1.0,1.0,1.0,0.0,T1_static_validated,representation_case,LLM_review_or_future_special_module,Y1_R006_C04_S04,Y1_basic_boolean,T_Y4_COMMENT_WS,1,1,0
Y4_R006_C04_S05,Y4_obfuscated_boolean,Y4,('core2'	 =	 'safe3')	 is	 TRue,('core2' = 'safe3') is TRue,comparison_text,1,1.0,1.0,1.0,0.0,T1_static_validated,representation_case,LLM_review_or_future_special_module,Y1_R006_C04_S05,Y1_basic_boolean,T_Y4_TAB_SPACE,1,1,0
Y4_R006_C04_S06,Y4_obfuscated_boolean,Y4,((('safe3'/**/=/**/'audit4')/**/is/**/TRue)),((('safe3' = 'audit4') is TRue)),comparison_text,1,1.0,1.0,1.0,0.0,T1_static_validated,representation_case,LLM_review_or_future_special_module,Y2_R006_C04_S06,Y2_boolean_variation,T_Y4_EXTRA_PARENTHESES,1,1,0
Y4_R006_C05_S01,Y4_obfuscated_boolean,Y4,('east7'/**/=/**/'east7')/**/IS/**/nOt/**/fAlSE,('east7' = 'east7') IS nOt fAlSE,comparison_text,1,1.0,1.0,1.0,0.0,T1_static_validated,representation_case,LLM_review_or_future_special_module,Y1_R006_C05_S01,Y1_basic_boolean,T_Y4_COMMENT_WS,1,1,0
Y4_R006_C05_S02,Y4_obfuscated_boolean,Y4,((('west8'	 =	 'west8')	 IS	 nOt	 fAlSE)),((('west8' = 'west8') IS nOt fAlSE)),comparison_text,1,1.0,1.0,1.0,0.0,T1_static_validated,representation_case,LLM_review_or_future_special_module,Y2_R006_C05_S02,Y2_boolean_variation,T_Y4_EXTRA_PARENTHESES,1,1,0
Y4_R006_C05_S03,Y4_obfuscated_boolean,Y4,('prime0'/**/=/**/'prime0')/**/IS/**/nOt/**/fAlSE,('prime0' = 'prime0') IS nOt fAlSE,comparison_text,1,1.0,1.0,1.0,0.0,T1_static_validated,representation_case,LLM_review_or_future_special_module,Y1_R006_C05_S03,Y1_basic_boolean,T_Y4_COMMENT_WS,1,1,0
Y4_R006_C05_S04,Y4_obfuscated_boolean,Y4,('core1'	 =	 'safe2')	 IS	 nOt	 fAlSE,('core1' = 'safe2') IS nOt fAlSE,comparison_text,1,1.0,1.0,1.0,0.0,T1_static_validated,representation_case,LLM_review_or_future_special_module,Y1_R006_C05_S04,Y1_basic_boolean,T_Y4_TAB_SPACE,1,1,0
Y4_R006_C05_S05,Y4_obfuscated_boolean,Y4,('safe2'/**/=/**/'audit3')/**/IS/**/nOt/**/fAlSE,('safe2' = 'audit3') IS nOt fAlSE,comparison_text,1,1.0,1.0,1.0,0.0,T1_static_validated,representation_case,LLM_review_or_future_special_module,Y1_R006_C05_S05,Y1_basic_boolean,T_Y4_COMMENT_WS,1,1,0
Y4_R006_C05_S06,Y4_obfuscated_boolean,Y4,((('audit3'	 =	 'trace4')	 IS	 nOt	 fAlSE)),((('audit3' = 'trace4') IS nOt fAlSE)),comparison_text,1,1.0,1.0,1.0,0.0,T1_static_validated,representation_case,LLM_review_or_future_special_module,Y2_R006_C05_S06,Y2_boolean_variation,T_Y4_EXTRA_PARENTHESES,1,1,0
Y4_R006_C06_S01,Y4_obfuscated_boolean,Y4,case	 wHeN	 ('west7'	 =	 'west7')	 THeN	 TRue	 eLse	 FaLse	 eND,case wHeN ('west7' = 'west7') THeN TRue eLse FaLse eND,comparison_text,1,1.0,1.0,1.0,0.0,T1_static_validated,representation_case,LLM_review_or_future_special_module,Y1_R006_C06_S01,Y1_basic_boolean,T_Y4_TAB_SPACE,1,1,0
Y4_R006_C06_S02,Y4_obfuscated_boolean,Y4,((case/**/wHeN/**/('prime8'/**/=/**/'prime8')/**/THeN/**/TRue/**/eLse/**/FaLse/**/eND)),((case wHeN ('prime8' = 'prime8') THeN TRue eLse FaLse eND)),comparison_text,1,1.0,1.0,1.0,0.0,T1_static_validated,representation_case,LLM_review_or_future_special_module,Y2_R006_C06_S02,Y2_boolean_variation,T_Y4_EXTRA_PARENTHESES,1,1,0
Y4_R006_C06_S03,Y4_obfuscated_boolean,Y4,case	 wHeN	 ('core0'	 =	 'core0')	 THeN	 TRue	 eLse	 FaLse	 eND,case wHeN ('core0' = 'core0') THeN TRue eLse FaLse eND,comparison_text,1,1.0,1.0,1.0,0.0,T1_static_validated,representation_case,LLM_review_or_future_special_module,Y1_R006_C06_S03,Y1_basic_boolean,T_Y4_TAB_SPACE,1,1,0
Y4_R006_C06_S04,Y4_obfuscated_boolean,Y4,case/**/wHeN/**/('safe1'/**/=/**/'audit2')/**/THeN/**/TRue/**/eLse/**/FaLse/**/eND,case wHeN ('safe1' = 'audit2') THeN TRue eLse FaLse eND,comparison_text,1,1.0,1.0,1.0,0.0,T1_static_validated,representation_case,LLM_review_or_future_special_module,Y1_R006_C06_S04,Y1_basic_boolean,T_Y4_COMMENT_WS,1,1,0
Y4_R006_C06_S05,Y4_obfuscated_boolean,Y4,case	 wHeN	 ('audit2'	 =	 'trace3')	 THeN	 TRue	 eLse	 FaLse	 eND,case wHeN ('audit2' = 'trace3') THeN TRue eLse FaLse eND,comparison_text,1,1.0,1.0,1.0,0.0,T1_static_validated,representation_case,LLM_review_or_future_special_module,Y1_R006_C06_S05,Y1_basic_boolean,T_Y4_TAB_SPACE,1,1,0
Y4_R006_C06_S06,Y4_obfuscated_boolean,Y4,((case/**/wHeN/**/('trace3'/**/=/**/'signal4')/**/THeN/**/TRue/**/eLse/**/FaLse/**/eND)),((case wHeN ('trace3' = 'signal4') THeN TRue eLse FaLse eND)),comparison_text,1,1.0,1.0,1.0,0.0,T1_static_validated,representation_case,LLM_review_or_future_special_module,Y2_R006_C06_S06,Y2_boolean_variation,T_Y4_EXTRA_PARENTHESES,1,1,0
Y4_R006_C07_S01,Y4_obfuscated_boolean,Y4,('prime7'/**/=/**/'prime7')/**/And/**/(87/**/=/**/87),('prime7' = 'prime7') And (87 = 87),comparison_text,1,1.0,1.0,1.0,0.0,T1_static_validated,representation_case,LLM_review_or_future_special_module,Y1_R006_C07_S01,Y1_basic_boolean,T_Y4_COMMENT_WS,1,1,0
Y4_R006_C07_S02,Y4_obfuscated_boolean,Y4,((('core8'	 =	 'core8')	 And	 (3	 =	 3))),((('core8' = 'core8') And (3 = 3))),comparison_text,1,1.0,1.0,1.0,0.0,T1_static_validated,representation_case,LLM_review_or_future_special_module,Y2_R006_C07_S02,Y2_boolean_variation,T_Y4_EXTRA_PARENTHESES,1,1,0
Y4_R006_C07_S03,Y4_obfuscated_boolean,Y4,('safe0'/**/=/**/'safe0')/**/And/**/(16/**/=/**/16),('safe0' = 'safe0') And (16 = 16),comparison_text,1,1.0,1.0,1.0,0.0,T1_static_validated,representation_case,LLM_review_or_future_special_module,Y1_R006_C07_S03,Y1_basic_boolean,T_Y4_COMMENT_WS,1,1,0
Y4_R006_C07_S04,Y4_obfuscated_boolean,Y4,('audit1'	 =	 'trace2')	 And	 (29	 =	 29),('audit1' = 'trace2') And (29 = 29),comparison_text,1,1.0,1.0,1.0,0.0,T1_static_validated,representation_case,LLM_review_or_future_special_module,Y1_R006_C07_S04,Y1_basic_boolean,T_Y4_TAB_SPACE,1,1,0
Y4_R006_C07_S05,Y4_obfuscated_boolean,Y4,('trace2'/**/=/**/'signal3')/**/And/**/(42/**/=/**/42),('trace2' = 'signal3') And (42 = 42),comparison_text,1,1.0,1.0,1.0,0.0,T1_static_validated,representation_case,LLM_review_or_future_special_module,Y1_R006_C07_S05,Y1_basic_boolean,T_Y4_COMMENT_WS,1,1,0
Y4_R006_C07_S06,Y4_obfuscated_boolean,Y4,((('signal3'	 =	 'alpha4')	 And	 (55	 =	 55))),((('signal3' = 'alpha4') And (55 = 55))),comparison_text,1,1.0,1.0,1.0,0.0,T1_static_validated,representation_case,LLM_review_or_future_special_module,Y2_R006_C07_S06,Y2_boolean_variation,T_Y4_EXTRA_PARENTHESES,1,1,0
Y4_R006_C08_S01,Y4_obfuscated_boolean,Y4,('core7'	 =	 'core7')	 oR	 (18	 <>	 18),('core7' = 'core7') oR (18 <> 18),comparison_text,1,1.0,1.0,1.0,0.0,T1_static_validated,representation_case,LLM_review_or_future_special_module,Y1_R006_C08_S01,Y1_basic_boolean,T_Y4_TAB_SPACE,1,1,0
Y4_R006_C08_S02,Y4_obfuscated_boolean,Y4,((('safe8'/**/=/**/'safe8')/**/oR/**/(31/**/<>/**/31))),((('safe8' = 'safe8') oR (31 <> 31))),comparison_text,1,1.0,1.0,1.0,0.0,T1_static_validated,representation_case,LLM_review_or_future_special_module,Y2_R006_C08_S02,Y2_boolean_variation,T_Y4_EXTRA_PARENTHESES,1,1,0
Y4_R006_C08_S03,Y4_obfuscated_boolean,Y4,('audit0'	 =	 'audit0')	 oR	 (44	 <>	 44),('audit0' = 'audit0') oR (44 <> 44),comparison_text,1,1.0,1.0,1.0,0.0,T1_static_validated,representation_case,LLM_review_or_future_special_module,Y1_R006_C08_S03,Y1_basic_boolean,T_Y4_TAB_SPACE,1,1,0
Y4_R006_C08_S04,Y4_obfuscated_boolean,Y4,('trace1'/**/=/**/'signal2')/**/oR/**/(57/**/<>/**/57),('trace1' = 'signal2') oR (57 <> 57),comparison_text,1,1.0,1.0,1.0,0.0,T1_static_validated,representation_case,LLM_review_or_future_special_module,Y1_R006_C08_S04,Y1_basic_boolean,T_Y4_COMMENT_WS,1,1,0
Y4_R006_C08_S05,Y4_obfuscated_boolean,Y4,('signal2'	 =	 'alpha3')	 oR	 (70	 <>	 70),('signal2' = 'alpha3') oR (70 <> 70),comparison_text,1,1.0,1.0,1.0,0.0,T1_static_validated,representation_case,LLM_review_or_future_special_module,Y1_R006_C08_S05,Y1_basic_boolean,T_Y4_TAB_SPACE,1,1,0
Y4_R006_C08_S06,Y4_obfuscated_boolean,Y4,((('alpha3'/**/=/**/'beta4')/**/oR/**/(83/**/<>/**/83))),((('alpha3' = 'beta4') oR (83 <> 83))),comparison_text,1,1.0,1.0,1.0,0.0,T1_static_validated,representation_case,LLM_review_or_future_special_module,Y2_R006_C08_S06,Y2_boolean_variation,T_Y4_EXTRA_PARENTHESES,1,1,0
Y4_R006_C09_S01,Y4_obfuscated_boolean,Y4,(('safe7'/**/=/**/'safe7')/**/=/**/trUE),(('safe7' = 'safe7') = trUE),comparison_text,1,1.0,1.0,1.0,0.0,T1_static_validated,representation_case,LLM_review_or_future_special_module,Y1_R006_C09_S01,Y1_basic_boolean,T_Y4_COMMENT_WS,1,1,0
Y4_R006_C09_S02,Y4_obfuscated_boolean,Y4,(((('audit8'	 =	 'audit8')	 =	 trUE))),(((('audit8' = 'audit8') = trUE))),comparison_text,1,1.0,1.0,1.0,0.0,T1_static_validated,representation_case,LLM_review_or_future_special_module,Y2_R006_C09_S02,Y2_boolean_variation,T_Y4_EXTRA_PARENTHESES,1,1,0
Y4_R006_C09_S03,Y4_obfuscated_boolean,Y4,(('trace0'/**/=/**/'trace0')/**/=/**/trUE),(('trace0' = 'trace0') = trUE),comparison_text,1,1.0,1.0,1.0,0.0,T1_static_validated,representation_case,LLM_review_or_future_special_module,Y1_R006_C09_S03,Y1_basic_boolean,T_Y4_COMMENT_WS,1,1,0
Y4_R006_C09_S04,Y4_obfuscated_boolean,Y4,(('signal1'	 =	 'alpha2')	 =	 trUE),(('signal1' = 'alpha2') = trUE),comparison_text,1,1.0,1.0,1.0,0.0,T1_static_validated,representation_case,LLM_review_or_future_special_module,Y1_R006_C09_S04,Y1_basic_boolean,T_Y4_TAB_SPACE,1,1,0
Y4_R006_C09_S05,Y4_obfuscated_boolean,Y4,(('alpha2'/**/=/**/'beta3')/**/=/**/trUE),(('alpha2' = 'beta3') = trUE),comparison_text,1,1.0,1.0,1.0,0.0,T1_static_validated,representation_case,LLM_review_or_future_special_module,Y1_R006_C09_S05,Y1_basic_boolean,T_Y4_COMMENT_WS,1,1,0
Y4_R006_C09_S06,Y4_obfuscated_boolean,Y4,(((('beta3'	 =	 'gamma4')	 =	 trUE))),(((('beta3' = 'gamma4') = trUE))),comparison_text,1,1.0,1.0,1.0,0.0,T1_static_validated,representation_case,LLM_review_or_future_special_module,Y2_R006_C09_S06,Y2_boolean_variation,T_Y4_EXTRA_PARENTHESES,1,1,0
Y4_R006_C10_S01,Y4_obfuscated_boolean,Y4,"coaLesce(('audit7'	 =	 'audit7'),	 FaLse)","coaLesce(('audit7' = 'audit7'), FaLse)",comparison_text,1,1.0,1.0,1.0,0.0,T1_static_validated,representation_case,LLM_review_or_future_special_module,Y1_R006_C10_S01,Y1_basic_boolean,T_Y4_TAB_SPACE,1,1,0
Y4_R006_C10_S02,Y4_obfuscated_boolean,Y4,"((coaLesce(('trace8'/**/=/**/'trace8'),/**/FaLse)))","((coaLesce(('trace8' = 'trace8'), FaLse)))",comparison_text,1,1.0,1.0,1.0,0.0,T1_static_validated,representation_case,LLM_review_or_future_special_module,Y2_R006_C10_S02,Y2_boolean_variation,T_Y4_EXTRA_PARENTHESES,1,1,0
Y4_R006_C10_S03,Y4_obfuscated_boolean,Y4,"coaLesce(('signal0'	 =	 'signal0'),	 FaLse)","coaLesce(('signal0' = 'signal0'), FaLse)",comparison_text,1,1.0,1.0,1.0,0.0,T1_static_validated,representation_case,LLM_review_or_future_special_module,Y1_R006_C10_S03,Y1_basic_boolean,T_Y4_TAB_SPACE,1,1,0
Y4_R006_C10_S04,Y4_obfuscated_boolean,Y4,"coaLesce(('alpha1'/**/=/**/'beta2'),/**/FaLse)","coaLesce(('alpha1' = 'beta2'), FaLse)",comparison_text,1,1.0,1.0,1.0,0.0,T1_static_validated,representation_case,LLM_review_or_future_special_module,Y1_R006_C10_S04,Y1_basic_boolean,T_Y4_COMMENT_WS,1,1,0
Y4_R006_C10_S05,Y4_obfuscated_boolean,Y4,"coaLesce(('beta2'	 =	 'gamma3'),	 FaLse)","coaLesce(('beta2' = 'gamma3'), FaLse)",comparison_text,1,1.0,1.0,1.0,0.0,T1_static_validated,representation_case,LLM_review_or_future_special_module,Y1_R006_C10_S05,Y1_basic_boolean,T_Y4_TAB_SPACE,1,1,0
Y4_R006_C10_S06,Y4_obfuscated_boolean,Y4,"((coaLesce(('gamma3'/**/=/**/'delta4'),/**/FaLse)))","((coaLesce(('gamma3' = 'delta4'), FaLse)))",comparison_text,1,1.0,1.0,1.0,0.0,T1_static_validated,representation_case,LLM_review_or_future_special_module,Y2_R006_C10_S06,Y2_boolean_variation,T_Y4_EXTRA_PARENTHESES,1,1,0
Y4_R007_C01_S01,Y4_obfuscated_boolean,Y4,(('stone8'	 <>	 'north0')),(('stone8' <> 'north0')),comparison_text,1,1.0,1.0,1.0,0.0,T1_static_validated,representation_case,LLM_review_or_future_special_module,Y2_R007_C01_S01,Y2_boolean_variation,T_Y4_EXTRA_PARENTHESES,1,1,1
Y4_R007_C01_S02,Y4_obfuscated_boolean,Y4,'north0'/**/<>/**/'south1','north0' <> 'south1',comparison_text,1,1.0,1.0,1.0,0.0,T1_static_validated,representation_case,LLM_review_or_future_special_module,Y1_R007_C01_S02,Y1_basic_boolean,T_Y4_COMMENT_WS,1,1,1
Y4_R007_C01_S03,Y4_obfuscated_boolean,Y4,'south1'	 <>	 'east2','south1' <> 'east2',comparison_text,1,1.0,1.0,1.0,0.0,T1_static_validated,representation_case,LLM_review_or_future_special_module,Y1_R007_C01_S03,Y1_basic_boolean,T_Y4_TAB_SPACE,1,1,1
Y4_R007_C01_S04,Y4_obfuscated_boolean,Y4,'east2'/**/<>/**/'east2','east2' <> 'east2',comparison_text,1,1.0,1.0,1.0,0.0,T1_static_validated,representation_case,LLM_review_or_future_special_module,Y1_R007_C01_S04,Y1_basic_boolean,T_Y4_COMMENT_WS,1,1,1
Y4_R007_C01_S05,Y4_obfuscated_boolean,Y4,(('west3'	 <>	 'west3')),(('west3' <> 'west3')),comparison_text,1,1.0,1.0,1.0,0.0,T1_static_validated,representation_case,LLM_review_or_future_special_module,Y2_R007_C01_S05,Y2_boolean_variation,T_Y4_EXTRA_PARENTHESES,1,1,1
Y4_R007_C01_S06,Y4_obfuscated_boolean,Y4,'prime4'/**/<>/**/'prime4','prime4' <> 'prime4',comparison_text,1,1.0,1.0,1.0,0.0,T1_static_validated,representation_case,LLM_review_or_future_special_module,Y1_R007_C01_S06,Y1_basic_boolean,T_Y4_COMMENT_WS,1,1,1
Y4_R007_C02_S01,Y4_obfuscated_boolean,Y4,((('north8'/**/<>/**/'south0'))),((('north8' <> 'south0'))),comparison_text,1,1.0,1.0,1.0,0.0,T1_static_validated,representation_case,LLM_review_or_future_special_module,Y2_R007_C02_S01,Y2_boolean_variation,T_Y4_EXTRA_PARENTHESES,1,1,1
Y4_R007_C02_S02,Y4_obfuscated_boolean,Y4,('south0'	 <>	 'east1'),('south0' <> 'east1'),comparison_text,1,1.0,1.0,1.0,0.0,T1_static_validated,representation_case,LLM_review_or_future_special_module,Y1_R007_C02_S02,Y1_basic_boolean,T_Y4_TAB_SPACE,1,1,1
Y4_R007_C02_S03,Y4_obfuscated_boolean,Y4,('east1'/**/<>/**/'west2'),('east1' <> 'west2'),comparison_text,1,1.0,1.0,1.0,0.0,T1_static_validated,representation_case,LLM_review_or_future_special_module,Y1_R007_C02_S03,Y1_basic_boolean,T_Y4_COMMENT_WS,1,1,1
Y4_R007_C02_S04,Y4_obfuscated_boolean,Y4,('west2'	 <>	 'west2'),('west2' <> 'west2'),comparison_text,1,1.0,1.0,1.0,0.0,T1_static_validated,representation_case,LLM_review_or_future_special_module,Y1_R007_C02_S04,Y1_basic_boolean,T_Y4_TAB_SPACE,1,1,1
Y4_R007_C02_S05,Y4_obfuscated_boolean,Y4,((('prime3'/**/<>/**/'prime3'))),((('prime3' <> 'prime3'))),comparison_text,1,1.0,1.0,1.0,0.0,T1_static_validated,representation_case,LLM_review_or_future_special_module,Y2_R007_C02_S05,Y2_boolean_variation,T_Y4_EXTRA_PARENTHESES,1,1,1
Y4_R007_C02_S06,Y4_obfuscated_boolean,Y4,('core4'	 <>	 'core4'),('core4' <> 'core4'),comparison_text,1,1.0,1.0,1.0,0.0,T1_static_validated,representation_case,LLM_review_or_future_special_module,Y1_R007_C02_S06,Y1_basic_boolean,T_Y4_TAB_SPACE,1,1,1
Y4_R007_C03_S01,Y4_obfuscated_boolean,Y4,((NoT	 ('south8'	 <>	 'south8'))),((NoT ('south8' <> 'south8'))),comparison_text,1,1.0,1.0,1.0,0.0,T1_static_validated,representation_case,LLM_review_or_future_special_module,Y2_R007_C03_S01,Y2_boolean_variation,T_Y4_EXTRA_PARENTHESES,1,1,0
Y4_R007_C03_S02,Y4_obfuscated_boolean,Y4,NoT/**/('east0'/**/<>/**/'east0'),NoT ('east0' <> 'east0'),comparison_text,1,1.0,1.0,1.0,0.0,T1_static_validated,representation_case,LLM_review_or_future_special_module,Y1_R007_C03_S02,Y1_basic_boolean,T_Y4_COMMENT_WS,1,1,0
Y4_R007_C03_S03,Y4_obfuscated_boolean,Y4,NoT	 ('west1'	 <>	 'west1'),NoT ('west1' <> 'west1'),comparison_text,1,1.0,1.0,1.0,0.0,T1_static_validated,representation_case,LLM_review_or_future_special_module,Y1_R007_C03_S03,Y1_basic_boolean,T_Y4_TAB_SPACE,1,1,0
Y4_R007_C03_S04,Y4_obfuscated_boolean,Y4,NoT/**/('prime2'/**/<>/**/'core3'),NoT ('prime2' <> 'core3'),comparison_text,1,1.0,1.0,1.0,0.0,T1_static_validated,representation_case,LLM_review_or_future_special_module,Y1_R007_C03_S04,Y1_basic_boolean,T_Y4_COMMENT_WS,1,1,0
Y4_R007_C03_S05,Y4_obfuscated_boolean,Y4,((NoT	 ('core3'	 <>	 'safe4'))),((NoT ('core3' <> 'safe4'))),comparison_text,1,1.0,1.0,1.0,0.0,T1_static_validated,representation_case,LLM_review_or_future_special_module,Y2_R007_C03_S05,Y2_boolean_variation,T_Y4_EXTRA_PARENTHESES,1,1,0
Y4_R007_C03_S06,Y4_obfuscated_boolean,Y4,NoT/**/('safe4'/**/<>/**/'audit5'),NoT ('safe4' <> 'audit5'),comparison_text,1,1.0,1.0,1.0,0.0,T1_static_validated,representation_case,LLM_review_or_future_special_module,Y1_R007_C03_S06,Y1_basic_boolean,T_Y4_COMMENT_WS,1,1,0
Y4_R007_C04_S01,Y4_obfuscated_boolean,Y4,((('east8'/**/<>/**/'west0')/**/IS/**/trUE)),((('east8' <> 'west0') IS trUE)),comparison_text,1,1.0,1.0,1.0,0.0,T1_static_validated,representation_case,LLM_review_or_future_special_module,Y2_R007_C04_S01,Y2_boolean_variation,T_Y4_EXTRA_PARENTHESES,1,1,0
Y4_R007_C04_S02,Y4_obfuscated_boolean,Y4,('west0'	 <>	 'prime1')	 IS	 trUE,('west0' <> 'prime1') IS trUE,comparison_text,1,1.0,1.0,1.0,0.0,T1_static_validated,representation_case,LLM_review_or_future_special_module,Y1_R007_C04_S02,Y1_basic_boolean,T_Y4_TAB_SPACE,1,1,0
Y4_R007_C04_S03,Y4_obfuscated_boolean,Y4,('prime1'/**/<>/**/'core2')/**/IS/**/trUE,('prime1' <> 'core2') IS trUE,comparison_text,1,1.0,1.0,1.0,0.0,T1_static_validated,representation_case,LLM_review_or_future_special_module,Y1_R007_C04_S03,Y1_basic_boolean,T_Y4_COMMENT_WS,1,1,0
Y4_R007_C04_S04,Y4_obfuscated_boolean,Y4,('core2'	 <>	 'core2')	 IS	 trUE,('core2' <> 'core2') IS trUE,comparison_text,1,1.0,1.0,1.0,0.0,T1_static_validated,representation_case,LLM_review_or_future_special_module,Y1_R007_C04_S04,Y1_basic_boolean,T_Y4_TAB_SPACE,1,1,0
Y4_R007_C04_S05,Y4_obfuscated_boolean,Y4,((('safe3'/**/<>/**/'safe3')/**/IS/**/trUE)),((('safe3' <> 'safe3') IS trUE)),comparison_text,1,1.0,1.0,1.0,0.0,T1_static_validated,representation_case,LLM_review_or_future_special_module,Y2_R007_C04_S05,Y2_boolean_variation,T_Y4_EXTRA_PARENTHESES,1,1,0
Y4_R007_C04_S06,Y4_obfuscated_boolean,Y4,('audit4'	 <>	 'audit4')	 IS	 trUE,('audit4' <> 'audit4') IS trUE,comparison_text,1,1.0,1.0,1.0,0.0,T1_static_validated,representation_case,LLM_review_or_future_special_module,Y1_R007_C04_S06,Y1_basic_boolean,T_Y4_TAB_SPACE,1,1,0
Y4_R007_C05_S01,Y4_obfuscated_boolean,Y4,((('west8'	 <>	 'prime0')	 is	 NoT	 FaLse)),((('west8' <> 'prime0') is NoT FaLse)),comparison_text,1,1.0,1.0,1.0,0.0,T1_static_validated,representation_case,LLM_review_or_future_special_module,Y2_R007_C05_S01,Y2_boolean_variation,T_Y4_EXTRA_PARENTHESES,1,1,0
Y4_R007_C05_S02,Y4_obfuscated_boolean,Y4,('prime0'/**/<>/**/'core1')/**/is/**/NoT/**/FaLse,('prime0' <> 'core1') is NoT FaLse,comparison_text,1,1.0,1.0,1.0,0.0,T1_static_validated,representation_case,LLM_review_or_future_special_module,Y1_R007_C05_S02,Y1_basic_boolean,T_Y4_COMMENT_WS,1,1,0
Y4_R007_C05_S03,Y4_obfuscated_boolean,Y4,('core1'	 <>	 'safe2')	 is	 NoT	 FaLse,('core1' <> 'safe2') is NoT FaLse,comparison_text,1,1.0,1.0,1.0,0.0,T1_static_validated,representation_case,LLM_review_or_future_special_module,Y1_R007_C05_S03,Y1_basic_boolean,T_Y4_TAB_SPACE,1,1,0
Y4_R007_C05_S04,Y4_obfuscated_boolean,Y4,('safe2'/**/<>/**/'safe2')/**/is/**/NoT/**/FaLse,('safe2' <> 'safe2') is NoT FaLse,comparison_text,1,1.0,1.0,1.0,0.0,T1_static_validated,representation_case,LLM_review_or_future_special_module,Y1_R007_C05_S04,Y1_basic_boolean,T_Y4_COMMENT_WS,1,1,0
Y4_R007_C05_S05,Y4_obfuscated_boolean,Y4,((('audit3'	 <>	 'audit3')	 is	 NoT	 FaLse)),((('audit3' <> 'audit3') is NoT FaLse)),comparison_text,1,1.0,1.0,1.0,0.0,T1_static_validated,representation_case,LLM_review_or_future_special_module,Y2_R007_C05_S05,Y2_boolean_variation,T_Y4_EXTRA_PARENTHESES,1,1,0
Y4_R007_C05_S06,Y4_obfuscated_boolean,Y4,('trace4'/**/<>/**/'trace4')/**/is/**/NoT/**/FaLse,('trace4' <> 'trace4') is NoT FaLse,comparison_text,1,1.0,1.0,1.0,0.0,T1_static_validated,representation_case,LLM_review_or_future_special_module,Y1_R007_C05_S06,Y1_basic_boolean,T_Y4_COMMENT_WS,1,1,0
Y4_R007_C06_S01,Y4_obfuscated_boolean,Y4,((CASE/**/WhEn/**/('prime8'/**/<>/**/'core0')/**/thEn/**/trUE/**/ElSE/**/fAlSE/**/End)),((CASE WhEn ('prime8' <> 'core0') thEn trUE ElSE fAlSE End)),comparison_text,1,1.0,1.0,1.0,0.0,T1_static_validated,representation_case,LLM_review_or_future_special_module,Y2_R007_C06_S01,Y2_boolean_variation,T_Y4_EXTRA_PARENTHESES,1,1,0
Y4_R007_C06_S02,Y4_obfuscated_boolean,Y4,CASE	 WhEn	 ('core0'	 <>	 'safe1')	 thEn	 trUE	 ElSE	 fAlSE	 End,CASE WhEn ('core0' <> 'safe1') thEn trUE ElSE fAlSE End,comparison_text,1,1.0,1.0,1.0,0.0,T1_static_validated,representation_case,LLM_review_or_future_special_module,Y1_R007_C06_S02,Y1_basic_boolean,T_Y4_TAB_SPACE,1,1,0
Y4_R007_C06_S03,Y4_obfuscated_boolean,Y4,CASE/**/WhEn/**/('safe1'/**/<>/**/'audit2')/**/thEn/**/trUE/**/ElSE/**/fAlSE/**/End,CASE WhEn ('safe1' <> 'audit2') thEn trUE ElSE fAlSE End,comparison_text,1,1.0,1.0,1.0,0.0,T1_static_validated,representation_case,LLM_review_or_future_special_module,Y1_R007_C06_S03,Y1_basic_boolean,T_Y4_COMMENT_WS,1,1,0
Y4_R007_C06_S04,Y4_obfuscated_boolean,Y4,CASE	 WhEn	 ('audit2'	 <>	 'audit2')	 thEn	 trUE	 ElSE	 fAlSE	 End,CASE WhEn ('audit2' <> 'audit2') thEn trUE ElSE fAlSE End,comparison_text,1,1.0,1.0,1.0,0.0,T1_static_validated,representation_case,LLM_review_or_future_special_module,Y1_R007_C06_S04,Y1_basic_boolean,T_Y4_TAB_SPACE,1,1,0
Y4_R007_C06_S05,Y4_obfuscated_boolean,Y4,((CASE/**/WhEn/**/('trace3'/**/<>/**/'trace3')/**/thEn/**/trUE/**/ElSE/**/fAlSE/**/End)),((CASE WhEn ('trace3' <> 'trace3') thEn trUE ElSE fAlSE End)),comparison_text,1,1.0,1.0,1.0,0.0,T1_static_validated,representation_case,LLM_review_or_future_special_module,Y2_R007_C06_S05,Y2_boolean_variation,T_Y4_EXTRA_PARENTHESES,1,1,0
Y4_R007_C06_S06,Y4_obfuscated_boolean,Y4,CASE	 WhEn	 ('signal4'	 <>	 'signal4')	 thEn	 trUE	 ElSE	 fAlSE	 End,CASE WhEn ('signal4' <> 'signal4') thEn trUE ElSE fAlSE End,comparison_text,1,1.0,1.0,1.0,0.0,T1_static_validated,representation_case,LLM_review_or_future_special_module,Y1_R007_C06_S06,Y1_basic_boolean,T_Y4_TAB_SPACE,1,1,0
Y4_R007_C07_S01,Y4_obfuscated_boolean,Y4,((('core8'	 <>	 'safe0')	 aND	 (94	 =	 94))),((('core8' <> 'safe0') aND (94 = 94))),comparison_text,1,1.0,1.0,1.0,0.0,T1_static_validated,representation_case,LLM_review_or_future_special_module,Y2_R007_C07_S01,Y2_boolean_variation,T_Y4_EXTRA_PARENTHESES,1,1,0
Y4_R007_C07_S02,Y4_obfuscated_boolean,Y4,('safe0'/**/<>/**/'audit1')/**/aND/**/(10/**/=/**/10),('safe0' <> 'audit1') aND (10 = 10),comparison_text,1,1.0,1.0,1.0,0.0,T1_static_validated,representation_case,LLM_review_or_future_special_module,Y1_R007_C07_S02,Y1_basic_boolean,T_Y4_COMMENT_WS,1,1,0
Y4_R007_C07_S03,Y4_obfuscated_boolean,Y4,('audit1'	 <>	 'trace2')	 aND	 (23	 =	 23),('audit1' <> 'trace2') aND (23 = 23),comparison_text,1,1.0,1.0,1.0,0.0,T1_static_validated,representation_case,LLM_review_or_future_special_module,Y1_R007_C07_S03,Y1_basic_boolean,T_Y4_TAB_SPACE,1,1,0
Y4_R007_C07_S04,Y4_obfuscated_boolean,Y4,('trace2'/**/<>/**/'trace2')/**/aND/**/(36/**/=/**/36),('trace2' <> 'trace2') aND (36 = 36),comparison_text,1,1.0,1.0,1.0,0.0,T1_static_validated,representation_case,LLM_review_or_future_special_module,Y1_R007_C07_S04,Y1_basic_boolean,T_Y4_COMMENT_WS,1,1,0
Y4_R007_C07_S05,Y4_obfuscated_boolean,Y4,((('signal3'	 <>	 'signal3')	 aND	 (49	 =	 49))),((('signal3' <> 'signal3') aND (49 = 49))),comparison_text,1,1.0,1.0,1.0,0.0,T1_static_validated,representation_case,LLM_review_or_future_special_module,Y2_R007_C07_S05,Y2_boolean_variation,T_Y4_EXTRA_PARENTHESES,1,1,0
Y4_R007_C07_S06,Y4_obfuscated_boolean,Y4,('alpha4'/**/<>/**/'alpha4')/**/aND/**/(62/**/=/**/62),('alpha4' <> 'alpha4') aND (62 = 62),comparison_text,1,1.0,1.0,1.0,0.0,T1_static_validated,representation_case,LLM_review_or_future_special_module,Y1_R007_C07_S06,Y1_basic_boolean,T_Y4_COMMENT_WS,1,1,0
Y4_R007_C08_S01,Y4_obfuscated_boolean,Y4,((('safe8'/**/<>/**/'audit0')/**/Or/**/(25/**/<>/**/25))),((('safe8' <> 'audit0') Or (25 <> 25))),comparison_text,1,1.0,1.0,1.0,0.0,T1_static_validated,representation_case,LLM_review_or_future_special_module,Y2_R007_C08_S01,Y2_boolean_variation,T_Y4_EXTRA_PARENTHESES,1,1,0
Y4_R007_C08_S02,Y4_obfuscated_boolean,Y4,('audit0'	 <>	 'trace1')	 Or	 (38	 <>	 38),('audit0' <> 'trace1') Or (38 <> 38),comparison_text,1,1.0,1.0,1.0,0.0,T1_static_validated,representation_case,LLM_review_or_future_special_module,Y1_R007_C08_S02,Y1_basic_boolean,T_Y4_TAB_SPACE,1,1,0
Y4_R007_C08_S03,Y4_obfuscated_boolean,Y4,('trace1'/**/<>/**/'signal2')/**/Or/**/(51/**/<>/**/51),('trace1' <> 'signal2') Or (51 <> 51),comparison_text,1,1.0,1.0,1.0,0.0,T1_static_validated,representation_case,LLM_review_or_future_special_module,Y1_R007_C08_S03,Y1_basic_boolean,T_Y4_COMMENT_WS,1,1,0
Y4_R007_C08_S04,Y4_obfuscated_boolean,Y4,('signal2'	 <>	 'signal2')	 Or	 (64	 <>	 64),('signal2' <> 'signal2') Or (64 <> 64),comparison_text,1,1.0,1.0,1.0,0.0,T1_static_validated,representation_case,LLM_review_or_future_special_module,Y1_R007_C08_S04,Y1_basic_boolean,T_Y4_TAB_SPACE,1,1,0
Y4_R007_C08_S05,Y4_obfuscated_boolean,Y4,((('alpha3'/**/<>/**/'alpha3')/**/Or/**/(77/**/<>/**/77))),((('alpha3' <> 'alpha3') Or (77 <> 77))),comparison_text,1,1.0,1.0,1.0,0.0,T1_static_validated,representation_case,LLM_review_or_future_special_module,Y2_R007_C08_S05,Y2_boolean_variation,T_Y4_EXTRA_PARENTHESES,1,1,0
Y4_R007_C08_S06,Y4_obfuscated_boolean,Y4,('beta4'	 <>	 'beta4')	 Or	 (90	 <>	 90),('beta4' <> 'beta4') Or (90 <> 90),comparison_text,1,1.0,1.0,1.0,0.0,T1_static_validated,representation_case,LLM_review_or_future_special_module,Y1_R007_C08_S06,Y1_basic_boolean,T_Y4_TAB_SPACE,1,1,0
Y4_R007_C09_S01,Y4_obfuscated_boolean,Y4,(((('audit8'	 <>	 'trace0')	 =	 TRue))),(((('audit8' <> 'trace0') = TRue))),comparison_text,1,1.0,1.0,1.0,0.0,T1_static_validated,representation_case,LLM_review_or_future_special_module,Y2_R007_C09_S01,Y2_boolean_variation,T_Y4_EXTRA_PARENTHESES,1,1,0
Y4_R007_C09_S02,Y4_obfuscated_boolean,Y4,(('trace0'/**/<>/**/'signal1')/**/=/**/TRue),(('trace0' <> 'signal1') = TRue),comparison_text,1,1.0,1.0,1.0,0.0,T1_static_validated,representation_case,LLM_review_or_future_special_module,Y1_R007_C09_S02,Y1_basic_boolean,T_Y4_COMMENT_WS,1,1,0
Y4_R007_C09_S03,Y4_obfuscated_boolean,Y4,(('signal1'	 <>	 'alpha2')	 =	 TRue),(('signal1' <> 'alpha2') = TRue),comparison_text,1,1.0,1.0,1.0,0.0,T1_static_validated,representation_case,LLM_review_or_future_special_module,Y1_R007_C09_S03,Y1_basic_boolean,T_Y4_TAB_SPACE,1,1,0
Y4_R007_C09_S04,Y4_obfuscated_boolean,Y4,(('alpha2'/**/<>/**/'alpha2')/**/=/**/TRue),(('alpha2' <> 'alpha2') = TRue),comparison_text,1,1.0,1.0,1.0,0.0,T1_static_validated,representation_case,LLM_review_or_future_special_module,Y1_R007_C09_S04,Y1_basic_boolean,T_Y4_COMMENT_WS,1,1,0
Y4_R007_C09_S05,Y4_obfuscated_boolean,Y4,(((('beta3'	 <>	 'beta3')	 =	 TRue))),(((('beta3' <> 'beta3') = TRue))),comparison_text,1,1.0,1.0,1.0,0.0,T1_static_validated,representation_case,LLM_review_or_future_special_module,Y2_R007_C09_S05,Y2_boolean_variation,T_Y4_EXTRA_PARENTHESES,1,1,0
Y4_R007_C09_S06,Y4_obfuscated_boolean,Y4,(('gamma4'/**/<>/**/'gamma4')/**/=/**/TRue),(('gamma4' <> 'gamma4') = TRue),comparison_text,1,1.0,1.0,1.0,0.0,T1_static_validated,representation_case,LLM_review_or_future_special_module,Y1_R007_C09_S06,Y1_basic_boolean,T_Y4_COMMENT_WS,1,1,0
Y4_R007_C10_S01,Y4_obfuscated_boolean,Y4,"((COAlESCE(('trace8'/**/<>/**/'signal0'),/**/fAlSE)))","((COAlESCE(('trace8' <> 'signal0'), fAlSE)))",comparison_text,1,1.0,1.0,1.0,0.0,T1_static_validated,representation_case,LLM_review_or_future_special_module,Y2_R007_C10_S01,Y2_boolean_variation,T_Y4_EXTRA_PARENTHESES,1,1,0
Y4_R007_C10_S02,Y4_obfuscated_boolean,Y4,"COAlESCE(('signal0'	 <>	 'alpha1'),	 fAlSE)","COAlESCE(('signal0' <> 'alpha1'), fAlSE)",comparison_text,1,1.0,1.0,1.0,0.0,T1_static_validated,representation_case,LLM_review_or_future_special_module,Y1_R007_C10_S02,Y1_basic_boolean,T_Y4_TAB_SPACE,1,1,0
Y4_R007_C10_S03,Y4_obfuscated_boolean,Y4,"COAlESCE(('alpha1'/**/<>/**/'beta2'),/**/fAlSE)","COAlESCE(('alpha1' <> 'beta2'), fAlSE)",comparison_text,1,1.0,1.0,1.0,0.0,T1_static_validated,representation_case,LLM_review_or_future_special_module,Y1_R007_C10_S03,Y1_basic_boolean,T_Y4_COMMENT_WS,1,1,0
Y4_R007_C10_S04,Y4_obfuscated_boolean,Y4,"COAlESCE(('beta2'	 <>	 'beta2'),	 fAlSE)","COAlESCE(('beta2' <> 'beta2'), fAlSE)",comparison_text,1,1.0,1.0,1.0,0.0,T1_static_validated,representation_case,LLM_review_or_future_special_module,Y1_R007_C10_S04,Y1_basic_boolean,T_Y4_TAB_SPACE,1,1,0
Y4_R007_C10_S05,Y4_obfuscated_boolean,Y4,"((COAlESCE(('gamma3'/**/<>/**/'gamma3'),/**/fAlSE)))","((COAlESCE(('gamma3' <> 'gamma3'), fAlSE)))",comparison_text,1,1.0,1.0,1.0,0.0,T1_static_validated,representation_case,LLM_review_or_future_special_module,Y2_R007_C10_S05,Y2_boolean_variation,T_Y4_EXTRA_PARENTHESES,1,1,0
Y4_R007_C10_S06,Y4_obfuscated_boolean,Y4,"COAlESCE(('delta4'	 <>	 'delta4'),	 fAlSE)","COAlESCE(('delta4' <> 'delta4'), fAlSE)",comparison_text,1,1.0,1.0,1.0,0.0,T1_static_validated,representation_case,LLM_review_or_future_special_module,Y1_R007_C10_S06,Y1_basic_boolean,T_Y4_TAB_SPACE,1,1,0
Y4_R008_C01_S01,Y4_obfuscated_boolean,Y4,lower('NORTH0')/**/=/**/'north0',lower('NORTH0') = 'north0',comparison_text,1,1.0,1.0,1.0,0.0,T1_static_validated,representation_case,LLM_review_or_future_special_module,Y1_R008_C01_S01,Y1_basic_boolean,T_Y4_COMMENT_WS,1,1,1
Y4_R008_C01_S02,Y4_obfuscated_boolean,Y4,lower('SOUTH1')	 =	 'south1',lower('SOUTH1') = 'south1',comparison_text,1,1.0,1.0,1.0,0.0,T1_static_validated,representation_case,LLM_review_or_future_special_module,Y1_R008_C01_S02,Y1_basic_boolean,T_Y4_TAB_SPACE,1,1,1
Y4_R008_C01_S03,Y4_obfuscated_boolean,Y4,lower('EAST2')/**/=/**/'east2',lower('EAST2') = 'east2',comparison_text,1,1.0,1.0,1.0,0.0,T1_static_validated,representation_case,LLM_review_or_future_special_module,Y1_R008_C01_S03,Y1_basic_boolean,T_Y4_COMMENT_WS,1,1,1
Y4_R008_C01_S04,Y4_obfuscated_boolean,Y4,((lower('WEST3')	 =	 'prime4')),((lower('WEST3') = 'prime4')),comparison_text,1,1.0,1.0,1.0,0.0,T1_static_validated,representation_case,LLM_review_or_future_special_module,Y2_R008_C01_S04,Y2_boolean_variation,T_Y4_EXTRA_PARENTHESES,1,1,1
Y4_R008_C01_S05,Y4_obfuscated_boolean,Y4,lower('PRIME4')/**/=/**/'core5',lower('PRIME4') = 'core5',comparison_text,1,1.0,1.0,1.0,0.0,T1_static_validated,representation_case,LLM_review_or_future_special_module,Y1_R008_C01_S05,Y1_basic_boolean,T_Y4_COMMENT_WS,1,1,1
Y4_R008_C01_S06,Y4_obfuscated_boolean,Y4,lower('CORE5')	 =	 'safe6',lower('CORE5') = 'safe6',comparison_text,1,1.0,1.0,1.0,0.0,T1_static_validated,representation_case,LLM_review_or_future_special_module,Y1_R008_C01_S06,Y1_basic_boolean,T_Y4_TAB_SPACE,1,1,1
Y4_R008_C02_S01,Y4_obfuscated_boolean,Y4,(lower('SOUTH0')	 =	 'south0'),(lower('SOUTH0') = 'south0'),comparison_text,1,1.0,1.0,1.0,0.0,T1_static_validated,representation_case,LLM_review_or_future_special_module,Y1_R008_C02_S01,Y1_basic_boolean,T_Y4_TAB_SPACE,1,1,1
Y4_R008_C02_S02,Y4_obfuscated_boolean,Y4,(lower('EAST1')/**/=/**/'east1'),(lower('EAST1') = 'east1'),comparison_text,1,1.0,1.0,1.0,0.0,T1_static_validated,representation_case,LLM_review_or_future_special_module,Y1_R008_C02_S02,Y1_basic_boolean,T_Y4_COMMENT_WS,1,1,1
Y4_R008_C02_S03,Y4_obfuscated_boolean,Y4,(lower('WEST2')	 =	 'west2'),(lower('WEST2') = 'west2'),comparison_text,1,1.0,1.0,1.0,0.0,T1_static_validated,representation_case,LLM_review_or_future_special_module,Y1_R008_C02_S03,Y1_basic_boolean,T_Y4_TAB_SPACE,1,1,1
Y4_R008_C02_S04,Y4_obfuscated_boolean,Y4,(((lower('PRIME3')/**/=/**/'core4'))),(((lower('PRIME3') = 'core4'))),comparison_text,1,1.0,1.0,1.0,0.0,T1_static_validated,representation_case,LLM_review_or_future_special_module,Y2_R008_C02_S04,Y2_boolean_variation,T_Y4_EXTRA_PARENTHESES,1,1,1
Y4_R008_C02_S05,Y4_obfuscated_boolean,Y4,(lower('CORE4')	 =	 'safe5'),(lower('CORE4') = 'safe5'),comparison_text,1,1.0,1.0,1.0,0.0,T1_static_validated,representation_case,LLM_review_or_future_special_module,Y1_R008_C02_S05,Y1_basic_boolean,T_Y4_TAB_SPACE,1,1,1
Y4_R008_C02_S06,Y4_obfuscated_boolean,Y4,(lower('SAFE5')/**/=/**/'audit6'),(lower('SAFE5') = 'audit6'),comparison_text,1,1.0,1.0,1.0,0.0,T1_static_validated,representation_case,LLM_review_or_future_special_module,Y1_R008_C02_S06,Y1_basic_boolean,T_Y4_COMMENT_WS,1,1,1
Y4_R008_C03_S01,Y4_obfuscated_boolean,Y4,nOt/**/(lower('EAST0')/**/=/**/'west1'),nOt (lower('EAST0') = 'west1'),comparison_text,1,1.0,1.0,1.0,0.0,T1_static_validated,representation_case,LLM_review_or_future_special_module,Y1_R008_C03_S01,Y1_basic_boolean,T_Y4_COMMENT_WS,1,1,0
Y4_R008_C03_S02,Y4_obfuscated_boolean,Y4,nOt	 (lower('WEST1')	 =	 'prime2'),nOt (lower('WEST1') = 'prime2'),comparison_text,1,1.0,1.0,1.0,0.0,T1_static_validated,representation_case,LLM_review_or_future_special_module,Y1_R008_C03_S02,Y1_basic_boolean,T_Y4_TAB_SPACE,1,1,0
Y4_R008_C03_S03,Y4_obfuscated_boolean,Y4,nOt/**/(lower('PRIME2')/**/=/**/'core3'),nOt (lower('PRIME2') = 'core3'),comparison_text,1,1.0,1.0,1.0,0.0,T1_static_validated,representation_case,LLM_review_or_future_special_module,Y1_R008_C03_S03,Y1_basic_boolean,T_Y4_COMMENT_WS,1,1,0
Y4_R008_C03_S04,Y4_obfuscated_boolean,Y4,((nOt	 (lower('CORE3')	 =	 'core3'))),((nOt (lower('CORE3') = 'core3'))),comparison_text,1,1.0,1.0,1.0,0.0,T1_static_validated,representation_case,LLM_review_or_future_special_module,Y2_R008_C03_S04,Y2_boolean_variation,T_Y4_EXTRA_PARENTHESES,1,1,0
Y4_R008_C03_S05,Y4_obfuscated_boolean,Y4,nOt/**/(lower('SAFE4')/**/=/**/'safe4'),nOt (lower('SAFE4') = 'safe4'),comparison_text,1,1.0,1.0,1.0,0.0,T1_static_validated,representation_case,LLM_review_or_future_special_module,Y1_R008_C03_S05,Y1_basic_boolean,T_Y4_COMMENT_WS,1,1,0
Y4_R008_C03_S06,Y4_obfuscated_boolean,Y4,nOt	 (lower('AUDIT5')	 =	 'audit5'),nOt (lower('AUDIT5') = 'audit5'),comparison_text,1,1.0,1.0,1.0,0.0,T1_static_validated,representation_case,LLM_review_or_future_special_module,Y1_R008_C03_S06,Y1_basic_boolean,T_Y4_TAB_SPACE,1,1,0
Y4_R008_C04_S01,Y4_obfuscated_boolean,Y4,(lower('WEST0')	 =	 'west0')	 is	 TRue,(lower('WEST0') = 'west0') is TRue,comparison_text,1,1.0,1.0,1.0,0.0,T1_static_validated,representation_case,LLM_review_or_future_special_module,Y1_R008_C04_S01,Y1_basic_boolean,T_Y4_TAB_SPACE,1,1,0
Y4_R008_C04_S02,Y4_obfuscated_boolean,Y4,(lower('PRIME1')/**/=/**/'prime1')/**/is/**/TRue,(lower('PRIME1') = 'prime1') is TRue,comparison_text,1,1.0,1.0,1.0,0.0,T1_static_validated,representation_case,LLM_review_or_future_special_module,Y1_R008_C04_S02,Y1_basic_boolean,T_Y4_COMMENT_WS,1,1,0
Y4_R008_C04_S03,Y4_obfuscated_boolean,Y4,(lower('CORE2')	 =	 'core2')	 is	 TRue,(lower('CORE2') = 'core2') is TRue,comparison_text,1,1.0,1.0,1.0,0.0,T1_static_validated,representation_case,LLM_review_or_future_special_module,Y1_R008_C04_S03,Y1_basic_boolean,T_Y4_TAB_SPACE,1,1,0
Y4_R008_C04_S04,Y4_obfuscated_boolean,Y4,(((lower('SAFE3')/**/=/**/'audit4')/**/is/**/TRue)),(((lower('SAFE3') = 'audit4') is TRue)),comparison_text,1,1.0,1.0,1.0,0.0,T1_static_validated,representation_case,LLM_review_or_future_special_module,Y2_R008_C04_S04,Y2_boolean_variation,T_Y4_EXTRA_PARENTHESES,1,1,0
Y4_R008_C04_S05,Y4_obfuscated_boolean,Y4,(lower('AUDIT4')	 =	 'trace5')	 is	 TRue,(lower('AUDIT4') = 'trace5') is TRue,comparison_text,1,1.0,1.0,1.0,0.0,T1_static_validated,representation_case,LLM_review_or_future_special_module,Y1_R008_C04_S05,Y1_basic_boolean,T_Y4_TAB_SPACE,1,1,0
Y4_R008_C04_S06,Y4_obfuscated_boolean,Y4,(lower('TRACE5')/**/=/**/'signal6')/**/is/**/TRue,(lower('TRACE5') = 'signal6') is TRue,comparison_text,1,1.0,1.0,1.0,0.0,T1_static_validated,representation_case,LLM_review_or_future_special_module,Y1_R008_C04_S06,Y1_basic_boolean,T_Y4_COMMENT_WS,1,1,0
Y4_R008_C05_S01,Y4_obfuscated_boolean,Y4,(lower('PRIME0')/**/=/**/'prime0')/**/IS/**/nOt/**/fAlSE,(lower('PRIME0') = 'prime0') IS nOt fAlSE,comparison_text,1,1.0,1.0,1.0,0.0,T1_static_validated,representation_case,LLM_review_or_future_special_module,Y1_R008_C05_S01,Y1_basic_boolean,T_Y4_COMMENT_WS,1,1,0
Y4_R008_C05_S02,Y4_obfuscated_boolean,Y4,(lower('CORE1')	 =	 'core1')	 IS	 nOt	 fAlSE,(lower('CORE1') = 'core1') IS nOt fAlSE,comparison_text,1,1.0,1.0,1.0,0.0,T1_static_validated,representation_case,LLM_review_or_future_special_module,Y1_R008_C05_S02,Y1_basic_boolean,T_Y4_TAB_SPACE,1,1,0
Y4_R008_C05_S03,Y4_obfuscated_boolean,Y4,(lower('SAFE2')/**/=/**/'safe2')/**/IS/**/nOt/**/fAlSE,(lower('SAFE2') = 'safe2') IS nOt fAlSE,comparison_text,1,1.0,1.0,1.0,0.0,T1_static_validated,representation_case,LLM_review_or_future_special_module,Y1_R008_C05_S03,Y1_basic_boolean,T_Y4_COMMENT_WS,1,1,0
Y4_R008_C05_S04,Y4_obfuscated_boolean,Y4,(((lower('AUDIT3')	 =	 'trace4')	 IS	 nOt	 fAlSE)),(((lower('AUDIT3') = 'trace4') IS nOt fAlSE)),comparison_text,1,1.0,1.0,1.0,0.0,T1_static_validated,representation_case,LLM_review_or_future_special_module,Y2_R008_C05_S04,Y2_boolean_variation,T_Y4_EXTRA_PARENTHESES,1,1,0
Y4_R008_C05_S05,Y4_obfuscated_boolean,Y4,(lower('TRACE4')/**/=/**/'signal5')/**/IS/**/nOt/**/fAlSE,(lower('TRACE4') = 'signal5') IS nOt fAlSE,comparison_text,1,1.0,1.0,1.0,0.0,T1_static_validated,representation_case,LLM_review_or_future_special_module,Y1_R008_C05_S05,Y1_basic_boolean,T_Y4_COMMENT_WS,1,1,0
Y4_R008_C05_S06,Y4_obfuscated_boolean,Y4,(lower('SIGNAL5')	 =	 'alpha6')	 IS	 nOt	 fAlSE,(lower('SIGNAL5') = 'alpha6') IS nOt fAlSE,comparison_text,1,1.0,1.0,1.0,0.0,T1_static_validated,representation_case,LLM_review_or_future_special_module,Y1_R008_C05_S06,Y1_basic_boolean,T_Y4_TAB_SPACE,1,1,0
Y4_R008_C06_S01,Y4_obfuscated_boolean,Y4,case	 wHeN	 (lower('CORE0')	 =	 'core0')	 THeN	 TRue	 eLse	 FaLse	 eND,case wHeN (lower('CORE0') = 'core0') THeN TRue eLse FaLse eND,comparison_text,1,1.0,1.0,1.0,0.0,T1_static_validated,representation_case,LLM_review_or_future_special_module,Y1_R008_C06_S01,Y1_basic_boolean,T_Y4_TAB_SPACE,1,1,0
Y4_R008_C06_S02,Y4_obfuscated_boolean,Y4,case/**/wHeN/**/(lower('SAFE1')/**/=/**/'safe1')/**/THeN/**/TRue/**/eLse/**/FaLse/**/eND,case wHeN (lower('SAFE1') = 'safe1') THeN TRue eLse FaLse eND,comparison_text,1,1.0,1.0,1.0,0.0,T1_static_validated,representation_case,LLM_review_or_future_special_module,Y1_R008_C06_S02,Y1_basic_boolean,T_Y4_COMMENT_WS,1,1,0
Y4_R008_C06_S03,Y4_obfuscated_boolean,Y4,case	 wHeN	 (lower('AUDIT2')	 =	 'audit2')	 THeN	 TRue	 eLse	 FaLse	 eND,case wHeN (lower('AUDIT2') = 'audit2') THeN TRue eLse FaLse eND,comparison_text,1,1.0,1.0,1.0,0.0,T1_static_validated,representation_case,LLM_review_or_future_special_module,Y1_R008_C06_S03,Y1_basic_boolean,T_Y4_TAB_SPACE,1,1,0
Y4_R008_C06_S04,Y4_obfuscated_boolean,Y4,((case/**/wHeN/**/(lower('TRACE3')/**/=/**/'signal4')/**/THeN/**/TRue/**/eLse/**/FaLse/**/eND)),((case wHeN (lower('TRACE3') = 'signal4') THeN TRue eLse FaLse eND)),comparison_text,1,1.0,1.0,1.0,0.0,T1_static_validated,representation_case,LLM_review_or_future_special_module,Y2_R008_C06_S04,Y2_boolean_variation,T_Y4_EXTRA_PARENTHESES,1,1,0
Y4_R008_C06_S05,Y4_obfuscated_boolean,Y4,case	 wHeN	 (lower('SIGNAL4')	 =	 'alpha5')	 THeN	 TRue	 eLse	 FaLse	 eND,case wHeN (lower('SIGNAL4') = 'alpha5') THeN TRue eLse FaLse eND,comparison_text,1,1.0,1.0,1.0,0.0,T1_static_validated,representation_case,LLM_review_or_future_special_module,Y1_R008_C06_S05,Y1_basic_boolean,T_Y4_TAB_SPACE,1,1,0
Y4_R008_C06_S06,Y4_obfuscated_boolean,Y4,case/**/wHeN/**/(lower('ALPHA5')/**/=/**/'beta6')/**/THeN/**/TRue/**/eLse/**/FaLse/**/eND,case wHeN (lower('ALPHA5') = 'beta6') THeN TRue eLse FaLse eND,comparison_text,1,1.0,1.0,1.0,0.0,T1_static_validated,representation_case,LLM_review_or_future_special_module,Y1_R008_C06_S06,Y1_basic_boolean,T_Y4_COMMENT_WS,1,1,0
Y4_R008_C07_S01,Y4_obfuscated_boolean,Y4,(lower('SAFE0')/**/=/**/'safe0')/**/And/**/(4/**/=/**/4),(lower('SAFE0') = 'safe0') And (4 = 4),comparison_text,1,1.0,1.0,1.0,0.0,T1_static_validated,representation_case,LLM_review_or_future_special_module,Y1_R008_C07_S01,Y1_basic_boolean,T_Y4_COMMENT_WS,1,1,0
Y4_R008_C07_S02,Y4_obfuscated_boolean,Y4,(lower('AUDIT1')	 =	 'audit1')	 And	 (17	 =	 17),(lower('AUDIT1') = 'audit1') And (17 = 17),comparison_text,1,1.0,1.0,1.0,0.0,T1_static_validated,representation_case,LLM_review_or_future_special_module,Y1_R008_C07_S02,Y1_basic_boolean,T_Y4_TAB_SPACE,1,1,0
Y4_R008_C07_S03,Y4_obfuscated_boolean,Y4,(lower('TRACE2')/**/=/**/'trace2')/**/And/**/(30/**/=/**/30),(lower('TRACE2') = 'trace2') And (30 = 30),comparison_text,1,1.0,1.0,1.0,0.0,T1_static_validated,representation_case,LLM_review_or_future_special_module,Y1_R008_C07_S03,Y1_basic_boolean,T_Y4_COMMENT_WS,1,1,0
Y4_R008_C07_S04,Y4_obfuscated_boolean,Y4,(((lower('SIGNAL3')	 =	 'alpha4')	 And	 (43	 =	 43))),(((lower('SIGNAL3') = 'alpha4') And (43 = 43))),comparison_text,1,1.0,1.0,1.0,0.0,T1_static_validated,representation_case,LLM_review_or_future_special_module,Y2_R008_C07_S04,Y2_boolean_variation,T_Y4_EXTRA_PARENTHESES,1,1,0
Y4_R008_C07_S05,Y4_obfuscated_boolean,Y4,(lower('ALPHA4')/**/=/**/'beta5')/**/And/**/(56/**/=/**/56),(lower('ALPHA4') = 'beta5') And (56 = 56),comparison_text,1,1.0,1.0,1.0,0.0,T1_static_validated,representation_case,LLM_review_or_future_special_module,Y1_R008_C07_S05,Y1_basic_boolean,T_Y4_COMMENT_WS,1,1,0
Y4_R008_C07_S06,Y4_obfuscated_boolean,Y4,(lower('BETA5')	 =	 'gamma6')	 And	 (69	 =	 69),(lower('BETA5') = 'gamma6') And (69 = 69),comparison_text,1,1.0,1.0,1.0,0.0,T1_static_validated,representation_case,LLM_review_or_future_special_module,Y1_R008_C07_S06,Y1_basic_boolean,T_Y4_TAB_SPACE,1,1,0
Y4_R008_C08_S01,Y4_obfuscated_boolean,Y4,(lower('AUDIT0')	 =	 'audit0')	 oR	 (32	 <>	 32),(lower('AUDIT0') = 'audit0') oR (32 <> 32),comparison_text,1,1.0,1.0,1.0,0.0,T1_static_validated,representation_case,LLM_review_or_future_special_module,Y1_R008_C08_S01,Y1_basic_boolean,T_Y4_TAB_SPACE,1,1,0
Y4_R008_C08_S02,Y4_obfuscated_boolean,Y4,(lower('TRACE1')/**/=/**/'trace1')/**/oR/**/(45/**/<>/**/45),(lower('TRACE1') = 'trace1') oR (45 <> 45),comparison_text,1,1.0,1.0,1.0,0.0,T1_static_validated,representation_case,LLM_review_or_future_special_module,Y1_R008_C08_S02,Y1_basic_boolean,T_Y4_COMMENT_WS,1,1,0
Y4_R008_C08_S03,Y4_obfuscated_boolean,Y4,(lower('SIGNAL2')	 =	 'signal2')	 oR	 (58	 <>	 58),(lower('SIGNAL2') = 'signal2') oR (58 <> 58),comparison_text,1,1.0,1.0,1.0,0.0,T1_static_validated,representation_case,LLM_review_or_future_special_module,Y1_R008_C08_S03,Y1_basic_boolean,T_Y4_TAB_SPACE,1,1,0
Y4_R008_C08_S04,Y4_obfuscated_boolean,Y4,(((lower('ALPHA3')/**/=/**/'beta4')/**/oR/**/(71/**/<>/**/71))),(((lower('ALPHA3') = 'beta4') oR (71 <> 71))),comparison_text,1,1.0,1.0,1.0,0.0,T1_static_validated,representation_case,LLM_review_or_future_special_module,Y2_R008_C08_S04,Y2_boolean_variation,T_Y4_EXTRA_PARENTHESES,1,1,0
Y4_R008_C08_S05,Y4_obfuscated_boolean,Y4,(lower('BETA4')	 =	 'gamma5')	 oR	 (84	 <>	 84),(lower('BETA4') = 'gamma5') oR (84 <> 84),comparison_text,1,1.0,1.0,1.0,0.0,T1_static_validated,representation_case,LLM_review_or_future_special_module,Y1_R008_C08_S05,Y1_basic_boolean,T_Y4_TAB_SPACE,1,1,0
Y4_R008_C08_S06,Y4_obfuscated_boolean,Y4,(lower('GAMMA5')/**/=/**/'delta6')/**/oR/**/(97/**/<>/**/97),(lower('GAMMA5') = 'delta6') oR (97 <> 97),comparison_text,1,1.0,1.0,1.0,0.0,T1_static_validated,representation_case,LLM_review_or_future_special_module,Y1_R008_C08_S06,Y1_basic_boolean,T_Y4_COMMENT_WS,1,1,0
Y4_R008_C09_S01,Y4_obfuscated_boolean,Y4,((lower('TRACE0')/**/=/**/'trace0')/**/=/**/trUE),((lower('TRACE0') = 'trace0') = trUE),comparison_text,1,1.0,1.0,1.0,0.0,T1_static_validated,representation_case,LLM_review_or_future_special_module,Y1_R008_C09_S01,Y1_basic_boolean,T_Y4_COMMENT_WS,1,1,0
Y4_R008_C09_S02,Y4_obfuscated_boolean,Y4,((lower('SIGNAL1')	 =	 'signal1')	 =	 trUE),((lower('SIGNAL1') = 'signal1') = trUE),comparison_text,1,1.0,1.0,1.0,0.0,T1_static_validated,representation_case,LLM_review_or_future_special_module,Y1_R008_C09_S02,Y1_basic_boolean,T_Y4_TAB_SPACE,1,1,0
Y4_R008_C09_S03,Y4_obfuscated_boolean,Y4,((lower('ALPHA2')/**/=/**/'alpha2')/**/=/**/trUE),((lower('ALPHA2') = 'alpha2') = trUE),comparison_text,1,1.0,1.0,1.0,0.0,T1_static_validated,representation_case,LLM_review_or_future_special_module,Y1_R008_C09_S03,Y1_basic_boolean,T_Y4_COMMENT_WS,1,1,0
Y4_R008_C09_S04,Y4_obfuscated_boolean,Y4,((((lower('BETA3')	 =	 'gamma4')	 =	 trUE))),((((lower('BETA3') = 'gamma4') = trUE))),comparison_text,1,1.0,1.0,1.0,0.0,T1_static_validated,representation_case,LLM_review_or_future_special_module,Y2_R008_C09_S04,Y2_boolean_variation,T_Y4_EXTRA_PARENTHESES,1,1,0
Y4_R008_C09_S05,Y4_obfuscated_boolean,Y4,((lower('GAMMA4')/**/=/**/'delta5')/**/=/**/trUE),((lower('GAMMA4') = 'delta5') = trUE),comparison_text,1,1.0,1.0,1.0,0.0,T1_static_validated,representation_case,LLM_review_or_future_special_module,Y1_R008_C09_S05,Y1_basic_boolean,T_Y4_COMMENT_WS,1,1,0
Y4_R008_C09_S06,Y4_obfuscated_boolean,Y4,((lower('DELTA5')	 =	 'omega6')	 =	 trUE),((lower('DELTA5') = 'omega6') = trUE),comparison_text,1,1.0,1.0,1.0,0.0,T1_static_validated,representation_case,LLM_review_or_future_special_module,Y1_R008_C09_S06,Y1_basic_boolean,T_Y4_TAB_SPACE,1,1,0
Y4_R008_C10_S01,Y4_obfuscated_boolean,Y4,"coaLesce((lower('SIGNAL0')	 =	 'signal0'),	 FaLse)","coaLesce((lower('SIGNAL0') = 'signal0'), FaLse)",comparison_text,1,1.0,1.0,1.0,0.0,T1_static_validated,representation_case,LLM_review_or_future_special_module,Y1_R008_C10_S01,Y1_basic_boolean,T_Y4_TAB_SPACE,1,1,0
Y4_R008_C10_S02,Y4_obfuscated_boolean,Y4,"coaLesce((lower('ALPHA1')/**/=/**/'alpha1'),/**/FaLse)","coaLesce((lower('ALPHA1') = 'alpha1'), FaLse)",comparison_text,1,1.0,1.0,1.0,0.0,T1_static_validated,representation_case,LLM_review_or_future_special_module,Y1_R008_C10_S02,Y1_basic_boolean,T_Y4_COMMENT_WS,1,1,0
Y4_R008_C10_S03,Y4_obfuscated_boolean,Y4,"coaLesce((lower('BETA2')	 =	 'beta2'),	 FaLse)","coaLesce((lower('BETA2') = 'beta2'), FaLse)",comparison_text,1,1.0,1.0,1.0,0.0,T1_static_validated,representation_case,LLM_review_or_future_special_module,Y1_R008_C10_S03,Y1_basic_boolean,T_Y4_TAB_SPACE,1,1,0
Y4_R008_C10_S04,Y4_obfuscated_boolean,Y4,"((coaLesce((lower('GAMMA3')/**/=/**/'delta4'),/**/FaLse)))","((coaLesce((lower('GAMMA3') = 'delta4'), FaLse)))",comparison_text,1,1.0,1.0,1.0,0.0,T1_static_validated,representation_case,LLM_review_or_future_special_module,Y2_R008_C10_S04,Y2_boolean_variation,T_Y4_EXTRA_PARENTHESES,1,1,0
Y4_R008_C10_S05,Y4_obfuscated_boolean,Y4,"coaLesce((lower('DELTA4')	 =	 'omega5'),	 FaLse)","coaLesce((lower('DELTA4') = 'omega5'), FaLse)",comparison_text,1,1.0,1.0,1.0,0.0,T1_static_validated,representation_case,LLM_review_or_future_special_module,Y1_R008_C10_S05,Y1_basic_boolean,T_Y4_TAB_SPACE,1,1,0
Y4_R008_C10_S06,Y4_obfuscated_boolean,Y4,"coaLesce((lower('OMEGA5')/**/=/**/'active6'),/**/FaLse)","coaLesce((lower('OMEGA5') = 'active6'), FaLse)",comparison_text,1,1.0,1.0,1.0,0.0,T1_static_validated,representation_case,LLM_review_or_future_special_module,Y1_R008_C10_S06,Y1_basic_boolean,T_Y4_COMMENT_WS,1,1,0
Y4_R009_C01_S01,Y4_obfuscated_boolean,Y4,char_length('south1')	 =	 6,char_length('south1') = 6,comparison_text,1,1.0,1.0,1.0,0.0,T1_static_validated,representation_case,LLM_review_or_future_special_module,Y1_R009_C01_S01,Y1_basic_boolean,T_Y4_TAB_SPACE,1,1,1
Y4_R009_C01_S02,Y4_obfuscated_boolean,Y4,char_length('east2')/**/=/**/5,char_length('east2') = 5,comparison_text,1,1.0,1.0,1.0,0.0,T1_static_validated,representation_case,LLM_review_or_future_special_module,Y1_R009_C01_S02,Y1_basic_boolean,T_Y4_COMMENT_WS,1,1,1
Y4_R009_C01_S03,Y4_obfuscated_boolean,Y4,((char_length('west3')	 =	 5)),((char_length('west3') = 5)),comparison_text,1,1.0,1.0,1.0,0.0,T1_static_validated,representation_case,LLM_review_or_future_special_module,Y2_R009_C01_S03,Y2_boolean_variation,T_Y4_EXTRA_PARENTHESES,1,1,1
Y4_R009_C01_S04,Y4_obfuscated_boolean,Y4,char_length('prime4')/**/=/**/7,char_length('prime4') = 7,comparison_text,1,1.0,1.0,1.0,0.0,T1_static_validated,representation_case,LLM_review_or_future_special_module,Y1_R009_C01_S04,Y1_basic_boolean,T_Y4_COMMENT_WS,1,1,1
Y4_R009_C01_S05,Y4_obfuscated_boolean,Y4,char_length('core5')	 =	 6,char_length('core5') = 6,comparison_text,1,1.0,1.0,1.0,0.0,T1_static_validated,representation_case,LLM_review_or_future_special_module,Y1_R009_C01_S05,Y1_basic_boolean,T_Y4_TAB_SPACE,1,1,1
Y4_R009_C01_S06,Y4_obfuscated_boolean,Y4,char_length('safe6')/**/=/**/6,char_length('safe6') = 6,comparison_text,1,1.0,1.0,1.0,0.0,T1_static_validated,representation_case,LLM_review_or_future_special_module,Y1_R009_C01_S06,Y1_basic_boolean,T_Y4_COMMENT_WS,1,1,1
Y4_R009_C02_S01,Y4_obfuscated_boolean,Y4,(char_length('east1')/**/=/**/5),(char_length('east1') = 5),comparison_text,1,1.0,1.0,1.0,0.0,T1_static_validated,representation_case,LLM_review_or_future_special_module,Y1_R009_C02_S01,Y1_basic_boolean,T_Y4_COMMENT_WS,1,1,1
Y4_R009_C02_S02,Y4_obfuscated_boolean,Y4,(char_length('west2')	 =	 5),(char_length('west2') = 5),comparison_text,1,1.0,1.0,1.0,0.0,T1_static_validated,representation_case,LLM_review_or_future_special_module,Y1_R009_C02_S02,Y1_basic_boolean,T_Y4_TAB_SPACE,1,1,1
Y4_R009_C02_S03,Y4_obfuscated_boolean,Y4,(((char_length('prime3')/**/=/**/6))),(((char_length('prime3') = 6))),comparison_text,1,1.0,1.0,1.0,0.0,T1_static_validated,representation_case,LLM_review_or_future_special_module,Y2_R009_C02_S03,Y2_boolean_variation,T_Y4_EXTRA_PARENTHESES,1,1,1
Y4_R009_C02_S04,Y4_obfuscated_boolean,Y4,(char_length('core4')	 =	 6),(char_length('core4') = 6),comparison_text,1,1.0,1.0,1.0,0.0,T1_static_validated,representation_case,LLM_review_or_future_special_module,Y1_R009_C02_S04,Y1_basic_boolean,T_Y4_TAB_SPACE,1,1,1
Y4_R009_C02_S05,Y4_obfuscated_boolean,Y4,(char_length('safe5')/**/=/**/6),(char_length('safe5') = 6),comparison_text,1,1.0,1.0,1.0,0.0,T1_static_validated,representation_case,LLM_review_or_future_special_module,Y1_R009_C02_S05,Y1_basic_boolean,T_Y4_COMMENT_WS,1,1,1
Y4_R009_C02_S06,Y4_obfuscated_boolean,Y4,(char_length('audit6')	 =	 7),(char_length('audit6') = 7),comparison_text,1,1.0,1.0,1.0,0.0,T1_static_validated,representation_case,LLM_review_or_future_special_module,Y1_R009_C02_S06,Y1_basic_boolean,T_Y4_TAB_SPACE,1,1,1
Y4_R009_C03_S01,Y4_obfuscated_boolean,Y4,NoT	 (char_length('west1')	 =	 6),NoT (char_length('west1') = 6),comparison_text,1,1.0,1.0,1.0,0.0,T1_static_validated,representation_case,LLM_review_or_future_special_module,Y1_R009_C03_S01,Y1_basic_boolean,T_Y4_TAB_SPACE,1,1,0
Y4_R009_C03_S02,Y4_obfuscated_boolean,Y4,NoT/**/(char_length('prime2')/**/=/**/7),NoT (char_length('prime2') = 7),comparison_text,1,1.0,1.0,1.0,0.0,T1_static_validated,representation_case,LLM_review_or_future_special_module,Y1_R009_C03_S02,Y1_basic_boolean,T_Y4_COMMENT_WS,1,1,0
Y4_R009_C03_S03,Y4_obfuscated_boolean,Y4,((NoT	 (char_length('core3')	 =	 6))),((NoT (char_length('core3') = 6))),comparison_text,1,1.0,1.0,1.0,0.0,T1_static_validated,representation_case,LLM_review_or_future_special_module,Y2_R009_C03_S03,Y2_boolean_variation,T_Y4_EXTRA_PARENTHESES,1,1,0
Y4_R009_C03_S04,Y4_obfuscated_boolean,Y4,NoT/**/(char_length('safe4')/**/=/**/5),NoT (char_length('safe4') = 5),comparison_text,1,1.0,1.0,1.0,0.0,T1_static_validated,representation_case,LLM_review_or_future_special_module,Y1_R009_C03_S04,Y1_basic_boolean,T_Y4_COMMENT_WS,1,1,0
Y4_R009_C03_S05,Y4_obfuscated_boolean,Y4,NoT	 (char_length('audit5')	 =	 6),NoT (char_length('audit5') = 6),comparison_text,1,1.0,1.0,1.0,0.0,T1_static_validated,representation_case,LLM_review_or_future_special_module,Y1_R009_C03_S05,Y1_basic_boolean,T_Y4_TAB_SPACE,1,1,0
Y4_R009_C03_S06,Y4_obfuscated_boolean,Y4,NoT/**/(char_length('trace6')/**/=/**/6),NoT (char_length('trace6') = 6),comparison_text,1,1.0,1.0,1.0,0.0,T1_static_validated,representation_case,LLM_review_or_future_special_module,Y1_R009_C03_S06,Y1_basic_boolean,T_Y4_COMMENT_WS,1,1,0
Y4_R009_C04_S01,Y4_obfuscated_boolean,Y4,(char_length('prime1')/**/=/**/6)/**/IS/**/trUE,(char_length('prime1') = 6) IS trUE,comparison_text,1,1.0,1.0,1.0,0.0,T1_static_validated,representation_case,LLM_review_or_future_special_module,Y1_R009_C04_S01,Y1_basic_boolean,T_Y4_COMMENT_WS,1,1,0
Y4_R009_C04_S02,Y4_obfuscated_boolean,Y4,(char_length('core2')	 =	 5)	 IS	 trUE,(char_length('core2') = 5) IS trUE,comparison_text,1,1.0,1.0,1.0,0.0,T1_static_validated,representation_case,LLM_review_or_future_special_module,Y1_R009_C04_S02,Y1_basic_boolean,T_Y4_TAB_SPACE,1,1,0
