sample_id,module_id,y_level,payload_raw,validation_payload_v4,semantic_family,static_valid_v4,static_quality_score_v4,slot_sanity_score_v4,module_contract_valid_score,malformed_syntax_penalty_v4,evidence_tier,hard_case_reason,intended_tier,parent_sample_id,parent_module_level,transform_recipe_id,roundtrip_valid,structure_preserved,semantic_preserved
Y2_R031_C01_S01,Y2_boolean_variation,Y2,'west5' like 'we%','west5' like 'we%',like_ilike,0,0.85,1.0,0.8,0.0,T0_generated_candidate,slot_sanity_or_static_issue,LLM_review_or_future_special_module,,,NONE_BASE,1,0,0
Y2_R031_C01_S02,Y2_boolean_variation,Y2,(  'prime6'  LIKE  'pr%'  ),( 'prime6' LIKE 'pr%' ),like_ilike,0,0.85,1.0,0.8,0.0,T0_generated_candidate,slot_sanity_or_static_issue,LLM_review_or_future_special_module,,,NONE_BASE,1,0,1
Y2_R031_C01_S03,Y2_boolean_variation,Y2,'core7' like 'co%','core7' like 'co%',like_ilike,0,0.85,1.0,0.8,0.0,T0_generated_candidate,slot_sanity_or_static_issue,LLM_review_or_future_special_module,,,NONE_BASE,1,0,0
Y2_R031_C01_S04,Y2_boolean_variation,Y2,( 'safe8' LIKE 'zz%' ),( 'safe8' LIKE 'zz%' ),like_ilike,0,0.85,1.0,0.8,0.0,T0_generated_candidate,slot_sanity_or_static_issue,LLM_review_or_future_special_module,,,NONE_BASE,1,0,1
Y2_R031_C01_S05,Y2_boolean_variation,Y2,'audit0'  like  'zz%','audit0' like 'zz%',like_ilike,0,0.85,1.0,0.8,0.0,T0_generated_candidate,slot_sanity_or_static_issue,LLM_review_or_future_special_module,,,NONE_BASE,1,0,0
Y2_R031_C01_S06,Y2_boolean_variation,Y2,( 'trace1' LIKE 'zz%' ),( 'trace1' LIKE 'zz%' ),like_ilike,0,0.85,1.0,0.8,0.0,T0_generated_candidate,slot_sanity_or_static_issue,LLM_review_or_future_special_module,,,NONE_BASE,1,0,1
Y2_R031_C02_S01,Y2_boolean_variation,Y2,( ('prime5' like 'pr%') ),( ('prime5' like 'pr%') ),like_ilike,0,0.85,1.0,0.8,0.0,T0_generated_candidate,slot_sanity_or_static_issue,LLM_review_or_future_special_module,,,NONE_BASE,1,0,0
Y2_R031_C02_S02,Y2_boolean_variation,Y2,('core6'  LIKE  'co%'),('core6' LIKE 'co%'),like_ilike,0,0.85,1.0,0.8,0.0,T0_generated_candidate,slot_sanity_or_static_issue,LLM_review_or_future_special_module,,,NONE_BASE,1,0,1
Y2_R031_C02_S03,Y2_boolean_variation,Y2,( ('safe7' like 'sa%') ),( ('safe7' like 'sa%') ),like_ilike,0,0.85,1.0,0.8,0.0,T0_generated_candidate,slot_sanity_or_static_issue,LLM_review_or_future_special_module,,,NONE_BASE,1,0,0
Y2_R031_C02_S04,Y2_boolean_variation,Y2,('audit8' LIKE 'zz%'),('audit8' LIKE 'zz%'),like_ilike,0,0.85,1.0,0.8,0.0,T0_generated_candidate,slot_sanity_or_static_issue,LLM_review_or_future_special_module,,,NONE_BASE,1,0,1
Y2_R031_C02_S05,Y2_boolean_variation,Y2,(  ('trace0'  like  'zz%')  ),( ('trace0' like 'zz%') ),like_ilike,0,0.85,1.0,0.8,0.0,T0_generated_candidate,slot_sanity_or_static_issue,LLM_review_or_future_special_module,,,NONE_BASE,1,0,0
Y2_R031_C02_S06,Y2_boolean_variation,Y2,('signal1' LIKE 'zz%'),('signal1' LIKE 'zz%'),like_ilike,0,0.85,1.0,0.8,0.0,T0_generated_candidate,slot_sanity_or_static_issue,LLM_review_or_future_special_module,,,NONE_BASE,1,0,1
Y2_R031_C03_S01,Y2_boolean_variation,Y2,NOT ('core5' like 'zz%'),NOT ('core5' like 'zz%'),like_ilike,0,0.85,1.0,0.8,0.0,T0_generated_candidate,slot_sanity_or_static_issue,LLM_review_or_future_special_module,,,NONE_BASE,1,0,0
Y2_R031_C03_S02,Y2_boolean_variation,Y2,(  not  ('safe6'  LIKE  'zz%')  ),( not ('safe6' LIKE 'zz%') ),like_ilike,0,0.85,1.0,0.8,0.0,T0_generated_candidate,slot_sanity_or_static_issue,LLM_review_or_future_special_module,,,NONE_BASE,1,0,0
Y2_R031_C03_S03,Y2_boolean_variation,Y2,NOT ('audit7' like 'zz%'),NOT ('audit7' like 'zz%'),like_ilike,0,0.85,1.0,0.8,0.0,T0_generated_candidate,slot_sanity_or_static_issue,LLM_review_or_future_special_module,,,NONE_BASE,1,0,0
Y2_R031_C03_S04,Y2_boolean_variation,Y2,( not ('trace8' LIKE 'tr%') ),( not ('trace8' LIKE 'tr%') ),like_ilike,0,0.85,1.0,0.8,0.0,T0_generated_candidate,slot_sanity_or_static_issue,LLM_review_or_future_special_module,,,NONE_BASE,1,0,0
Y2_R031_C03_S05,Y2_boolean_variation,Y2,NOT  ('signal0'  like  'si%'),NOT ('signal0' like 'si%'),like_ilike,0,0.85,1.0,0.8,0.0,T0_generated_candidate,slot_sanity_or_static_issue,LLM_review_or_future_special_module,,,NONE_BASE,1,0,0
Y2_R031_C03_S06,Y2_boolean_variation,Y2,( not ('alpha1' LIKE 'al%') ),( not ('alpha1' LIKE 'al%') ),like_ilike,0,0.85,1.0,0.8,0.0,T0_generated_candidate,slot_sanity_or_static_issue,LLM_review_or_future_special_module,,,NONE_BASE,1,0,0
Y2_R031_C04_S01,Y2_boolean_variation,Y2,( ('safe5' like 'sa%') is true ),( ('safe5' like 'sa%') is true ),like_ilike,0,0.85,1.0,0.8,0.0,T0_generated_candidate,slot_sanity_or_static_issue,LLM_review_or_future_special_module,,,NONE_BASE,1,0,0
Y2_R031_C04_S02,Y2_boolean_variation,Y2,('audit6'  LIKE  'au%')  IS  TRUE,('audit6' LIKE 'au%') IS TRUE,like_ilike,0,0.85,1.0,0.8,0.0,T0_generated_candidate,slot_sanity_or_static_issue,LLM_review_or_future_special_module,,,NONE_BASE,1,0,1
Y2_R031_C04_S03,Y2_boolean_variation,Y2,( ('trace7' like 'tr%') is true ),( ('trace7' like 'tr%') is true ),like_ilike,0,0.85,1.0,0.8,0.0,T0_generated_candidate,slot_sanity_or_static_issue,LLM_review_or_future_special_module,,,NONE_BASE,1,0,0
Y2_R031_C04_S04,Y2_boolean_variation,Y2,('signal8' LIKE 'zz%') IS TRUE,('signal8' LIKE 'zz%') IS TRUE,like_ilike,0,0.85,1.0,0.8,0.0,T0_generated_candidate,slot_sanity_or_static_issue,LLM_review_or_future_special_module,,,NONE_BASE,1,0,1
Y2_R031_C04_S05,Y2_boolean_variation,Y2,(  ('alpha0'  like  'zz%')  is  true  ),( ('alpha0' like 'zz%') is true ),like_ilike,0,0.85,1.0,0.8,0.0,T0_generated_candidate,slot_sanity_or_static_issue,LLM_review_or_future_special_module,,,NONE_BASE,1,0,0
Y2_R031_C04_S06,Y2_boolean_variation,Y2,('beta1' LIKE 'zz%') IS TRUE,('beta1' LIKE 'zz%') IS TRUE,like_ilike,0,0.85,1.0,0.8,0.0,T0_generated_candidate,slot_sanity_or_static_issue,LLM_review_or_future_special_module,,,NONE_BASE,1,0,1
Y2_R031_C05_S01,Y2_boolean_variation,Y2,('audit5' like 'au%') is NOT FALSE,('audit5' like 'au%') is NOT FALSE,like_ilike,0,0.85,1.0,0.8,0.0,T0_generated_candidate,slot_sanity_or_static_issue,LLM_review_or_future_special_module,,,NONE_BASE,1,0,0
Y2_R031_C05_S02,Y2_boolean_variation,Y2,(  ('trace6'  LIKE  'tr%')  IS  not  false  ),( ('trace6' LIKE 'tr%') IS not false ),like_ilike,0,0.85,1.0,0.8,0.0,T0_generated_candidate,slot_sanity_or_static_issue,LLM_review_or_future_special_module,,,NONE_BASE,1,0,0
Y2_R031_C05_S03,Y2_boolean_variation,Y2,('signal7' like 'si%') is NOT FALSE,('signal7' like 'si%') is NOT FALSE,like_ilike,0,0.85,1.0,0.8,0.0,T0_generated_candidate,slot_sanity_or_static_issue,LLM_review_or_future_special_module,,,NONE_BASE,1,0,0
Y2_R031_C05_S04,Y2_boolean_variation,Y2,( ('alpha8' LIKE 'zz%') IS not false ),( ('alpha8' LIKE 'zz%') IS not false ),like_ilike,0,0.85,1.0,0.8,0.0,T0_generated_candidate,slot_sanity_or_static_issue,LLM_review_or_future_special_module,,,NONE_BASE,1,0,0
Y2_R031_C05_S05,Y2_boolean_variation,Y2,('beta0'  like  'zz%')  is  NOT  FALSE,('beta0' like 'zz%') is NOT FALSE,like_ilike,0,0.85,1.0,0.8,0.0,T0_generated_candidate,slot_sanity_or_static_issue,LLM_review_or_future_special_module,,,NONE_BASE,1,0,0
Y2_R031_C05_S06,Y2_boolean_variation,Y2,( ('gamma1' LIKE 'zz%') IS not false ),( ('gamma1' LIKE 'zz%') IS not false ),like_ilike,0,0.85,1.0,0.8,0.0,T0_generated_candidate,slot_sanity_or_static_issue,LLM_review_or_future_special_module,,,NONE_BASE,1,0,0
Y2_R031_C06_S01,Y2_boolean_variation,Y2,( case when ('trace5' like 'tr%') then true else FALSE END ),( case when ('trace5' like 'tr%') then true else FALSE END ),like_ilike,0,0.85,1.0,0.8,0.0,T0_generated_candidate,slot_sanity_or_static_issue,LLM_review_or_future_special_module,,,NONE_BASE,1,0,0
Y2_R031_C06_S02,Y2_boolean_variation,Y2,CASE  WHEN  ('signal6'  LIKE  'si%')  THEN  TRUE  ELSE  false  end,CASE WHEN ('signal6' LIKE 'si%') THEN TRUE ELSE false end,like_ilike,0,0.85,1.0,0.8,0.0,T0_generated_candidate,slot_sanity_or_static_issue,LLM_review_or_future_special_module,,,NONE_BASE,1,0,0
Y2_R031_C06_S03,Y2_boolean_variation,Y2,( case when ('alpha7' like 'al%') then true else FALSE END ),( case when ('alpha7' like 'al%') then true else FALSE END ),like_ilike,0,0.85,1.0,0.8,0.0,T0_generated_candidate,slot_sanity_or_static_issue,LLM_review_or_future_special_module,,,NONE_BASE,1,0,0
Y2_R031_C06_S04,Y2_boolean_variation,Y2,CASE WHEN ('beta8' LIKE 'zz%') THEN TRUE ELSE false end,CASE WHEN ('beta8' LIKE 'zz%') THEN TRUE ELSE false end,like_ilike,0,0.85,1.0,0.8,0.0,T0_generated_candidate,slot_sanity_or_static_issue,LLM_review_or_future_special_module,,,NONE_BASE,1,0,0
Y2_R031_C06_S05,Y2_boolean_variation,Y2,(  case  when  ('gamma0'  like  'zz%')  then  true  else  FALSE  END  ),( case when ('gamma0' like 'zz%') then true else FALSE END ),like_ilike,0,0.85,1.0,0.8,0.0,T0_generated_candidate,slot_sanity_or_static_issue,LLM_review_or_future_special_module,,,NONE_BASE,1,0,0
Y2_R031_C06_S06,Y2_boolean_variation,Y2,CASE WHEN ('delta1' LIKE 'zz%') THEN TRUE ELSE false end,CASE WHEN ('delta1' LIKE 'zz%') THEN TRUE ELSE false end,like_ilike,0,0.85,1.0,0.8,0.0,T0_generated_candidate,slot_sanity_or_static_issue,LLM_review_or_future_special_module,,,NONE_BASE,1,0,0
Y2_R031_C07_S01,Y2_boolean_variation,Y2,('signal5' like 'si%') AND (68 = 68),('signal5' like 'si%') AND (68 = 68),like_ilike,0,0.85,1.0,0.8,0.0,T0_generated_candidate,slot_sanity_or_static_issue,LLM_review_or_future_special_module,,,NONE_BASE,1,0,0
Y2_R031_C07_S02,Y2_boolean_variation,Y2,(  ('alpha6'  LIKE  'al%')  and  (81  =  81)  ),( ('alpha6' LIKE 'al%') and (81 = 81) ),like_ilike,0,0.85,1.0,0.8,0.0,T0_generated_candidate,slot_sanity_or_static_issue,LLM_review_or_future_special_module,,,NONE_BASE,1,0,0
Y2_R031_C07_S03,Y2_boolean_variation,Y2,('beta7' like 'be%') AND (94 = 94),('beta7' like 'be%') AND (94 = 94),like_ilike,0,0.85,1.0,0.8,0.0,T0_generated_candidate,slot_sanity_or_static_issue,LLM_review_or_future_special_module,,,NONE_BASE,1,0,0
Y2_R031_C07_S04,Y2_boolean_variation,Y2,( ('gamma8' LIKE 'zz%') and (10 = 10) ),( ('gamma8' LIKE 'zz%') and (10 = 10) ),like_ilike,0,0.85,1.0,0.8,0.0,T0_generated_candidate,slot_sanity_or_static_issue,LLM_review_or_future_special_module,,,NONE_BASE,1,0,0
Y2_R031_C07_S05,Y2_boolean_variation,Y2,('delta0'  like  'zz%')  AND  (23  =  23),('delta0' like 'zz%') AND (23 = 23),like_ilike,0,0.85,1.0,0.8,0.0,T0_generated_candidate,slot_sanity_or_static_issue,LLM_review_or_future_special_module,,,NONE_BASE,1,0,0
Y2_R031_C07_S06,Y2_boolean_variation,Y2,( ('omega1' LIKE 'zz%') and (36 = 36) ),( ('omega1' LIKE 'zz%') and (36 = 36) ),like_ilike,0,0.85,1.0,0.8,0.0,T0_generated_candidate,slot_sanity_or_static_issue,LLM_review_or_future_special_module,,,NONE_BASE,1,0,0
Y2_R031_C08_S01,Y2_boolean_variation,Y2,( ('alpha5' like 'al%') or (96 <> 96) ),( ('alpha5' like 'al%') or (96 <> 96) ),like_ilike,0,0.85,1.0,0.8,0.0,T0_generated_candidate,slot_sanity_or_static_issue,LLM_review_or_future_special_module,,,NONE_BASE,1,0,0
Y2_R031_C08_S02,Y2_boolean_variation,Y2,('beta6'  LIKE  'be%')  OR  (12  <>  12),('beta6' LIKE 'be%') OR (12 <> 12),like_ilike,0,0.85,1.0,0.8,0.0,T0_generated_candidate,slot_sanity_or_static_issue,LLM_review_or_future_special_module,,,NONE_BASE,1,0,1
Y2_R031_C08_S03,Y2_boolean_variation,Y2,( ('gamma7' like 'ga%') or (25 <> 25) ),( ('gamma7' like 'ga%') or (25 <> 25) ),like_ilike,0,0.85,1.0,0.8,0.0,T0_generated_candidate,slot_sanity_or_static_issue,LLM_review_or_future_special_module,,,NONE_BASE,1,0,0
Y2_R031_C08_S04,Y2_boolean_variation,Y2,('delta8' LIKE 'zz%') OR (38 <> 38),('delta8' LIKE 'zz%') OR (38 <> 38),like_ilike,0,0.85,1.0,0.8,0.0,T0_generated_candidate,slot_sanity_or_static_issue,LLM_review_or_future_special_module,,,NONE_BASE,1,0,1
Y2_R031_C08_S05,Y2_boolean_variation,Y2,(  ('omega0'  like  'zz%')  or  (51  <>  51)  ),( ('omega0' like 'zz%') or (51 <> 51) ),like_ilike,0,0.85,1.0,0.8,0.0,T0_generated_candidate,slot_sanity_or_static_issue,LLM_review_or_future_special_module,,,NONE_BASE,1,0,0
Y2_R031_C08_S06,Y2_boolean_variation,Y2,('active1' LIKE 'zz%') OR (64 <> 64),('active1' LIKE 'zz%') OR (64 <> 64),like_ilike,0,0.85,1.0,0.8,0.0,T0_generated_candidate,slot_sanity_or_static_issue,LLM_review_or_future_special_module,,,NONE_BASE,1,0,1
Y2_R031_C09_S01,Y2_boolean_variation,Y2,(('beta5' like 'be%') = true),(('beta5' like 'be%') = true),like_ilike,0,0.85,1.0,0.8,0.0,T0_generated_candidate,slot_sanity_or_static_issue,LLM_review_or_future_special_module,,,NONE_BASE,1,0,0
Y2_R031_C09_S02,Y2_boolean_variation,Y2,(  (('gamma6'  LIKE  'ga%')  =  TRUE)  ),( (('gamma6' LIKE 'ga%') = TRUE) ),like_ilike,0,0.85,1.0,0.8,0.0,T0_generated_candidate,slot_sanity_or_static_issue,LLM_review_or_future_special_module,,,NONE_BASE,1,0,1
Y2_R031_C09_S03,Y2_boolean_variation,Y2,(('delta7' like 'de%') = true),(('delta7' like 'de%') = true),like_ilike,0,0.85,1.0,0.8,0.0,T0_generated_candidate,slot_sanity_or_static_issue,LLM_review_or_future_special_module,,,NONE_BASE,1,0,0
Y2_R031_C09_S04,Y2_boolean_variation,Y2,( (('omega8' LIKE 'zz%') = TRUE) ),( (('omega8' LIKE 'zz%') = TRUE) ),like_ilike,0,0.85,1.0,0.8,0.0,T0_generated_candidate,slot_sanity_or_static_issue,LLM_review_or_future_special_module,,,NONE_BASE,1,0,1
Y2_R031_C09_S05,Y2_boolean_variation,Y2,(('active0'  like  'zz%')  =  true),(('active0' like 'zz%') = true),like_ilike,0,0.85,1.0,0.8,0.0,T0_generated_candidate,slot_sanity_or_static_issue,LLM_review_or_future_special_module,,,NONE_BASE,1,0,0
Y2_R031_C09_S06,Y2_boolean_variation,Y2,( (('pending1' LIKE 'zz%') = TRUE) ),( (('pending1' LIKE 'zz%') = TRUE) ),like_ilike,0,0.85,1.0,0.8,0.0,T0_generated_candidate,slot_sanity_or_static_issue,LLM_review_or_future_special_module,,,NONE_BASE,1,0,1
Y2_R031_C10_S01,Y2_boolean_variation,Y2,"( coalesce(('gamma5' like 'ga%'), FALSE) )","( coalesce(('gamma5' like 'ga%'), FALSE) )",like_ilike,0,0.85,1.0,0.8,0.0,T0_generated_candidate,slot_sanity_or_static_issue,LLM_review_or_future_special_module,,,NONE_BASE,1,0,0
Y2_R031_C10_S02,Y2_boolean_variation,Y2,"COALESCE(('delta6'  LIKE  'de%'),  false)","COALESCE(('delta6' LIKE 'de%'), false)",like_ilike,0,0.85,1.0,0.8,0.0,T0_generated_candidate,slot_sanity_or_static_issue,LLM_review_or_future_special_module,,,NONE_BASE,1,0,0
Y2_R031_C10_S03,Y2_boolean_variation,Y2,"( coalesce(('omega7' like 'om%'), FALSE) )","( coalesce(('omega7' like 'om%'), FALSE) )",like_ilike,0,0.85,1.0,0.8,0.0,T0_generated_candidate,slot_sanity_or_static_issue,LLM_review_or_future_special_module,,,NONE_BASE,1,0,0
Y2_R031_C10_S04,Y2_boolean_variation,Y2,"COALESCE(('active8' LIKE 'zz%'), false)","COALESCE(('active8' LIKE 'zz%'), false)",like_ilike,0,0.85,1.0,0.8,0.0,T0_generated_candidate,slot_sanity_or_static_issue,LLM_review_or_future_special_module,,,NONE_BASE,1,0,0
Y2_R031_C10_S05,Y2_boolean_variation,Y2,"(  coalesce(('pending0'  like  'zz%'),  FALSE)  )","( coalesce(('pending0' like 'zz%'), FALSE) )",like_ilike,0,0.85,1.0,0.8,0.0,T0_generated_candidate,slot_sanity_or_static_issue,LLM_review_or_future_special_module,,,NONE_BASE,1,0,0
Y2_R031_C10_S06,Y2_boolean_variation,Y2,"COALESCE(('public1' LIKE 'zz%'), false)","COALESCE(('public1' LIKE 'zz%'), false)",like_ilike,0,0.85,1.0,0.8,0.0,T0_generated_candidate,slot_sanity_or_static_issue,LLM_review_or_future_special_module,,,NONE_BASE,1,0,0
Y2_R032_C01_S01,Y2_boolean_variation,Y2,(  'PRIME6'  ilike  'pr%'  ),( 'PRIME6' ilike 'pr%' ),like_ilike,0,0.85,1.0,0.8,0.0,T0_generated_candidate,slot_sanity_or_static_issue,LLM_review_or_future_special_module,,,NONE_BASE,1,0,0
Y2_R032_C01_S02,Y2_boolean_variation,Y2,'CORE7' ILIKE 'co%','CORE7' ILIKE 'co%',like_ilike,0,0.85,1.0,0.8,0.0,T0_generated_candidate,slot_sanity_or_static_issue,LLM_review_or_future_special_module,,,NONE_BASE,1,0,1
Y2_R032_C01_S03,Y2_boolean_variation,Y2,( 'SAFE8' ilike 'sa%' ),( 'SAFE8' ilike 'sa%' ),like_ilike,0,0.85,1.0,0.8,0.0,T0_generated_candidate,slot_sanity_or_static_issue,LLM_review_or_future_special_module,,,NONE_BASE,1,0,0
Y2_R032_C01_S04,Y2_boolean_variation,Y2,'AUDIT0'  ILIKE  'zz%','AUDIT0' ILIKE 'zz%',like_ilike,0,0.85,1.0,0.8,0.0,T0_generated_candidate,slot_sanity_or_static_issue,LLM_review_or_future_special_module,,,NONE_BASE,1,0,1
Y2_R032_C01_S05,Y2_boolean_variation,Y2,( 'TRACE1' ilike 'zz%' ),( 'TRACE1' ilike 'zz%' ),like_ilike,0,0.85,1.0,0.8,0.0,T0_generated_candidate,slot_sanity_or_static_issue,LLM_review_or_future_special_module,,,NONE_BASE,1,0,0
Y2_R032_C01_S06,Y2_boolean_variation,Y2,'SIGNAL2' ILIKE 'zz%','SIGNAL2' ILIKE 'zz%',like_ilike,0,0.85,1.0,0.8,0.0,T0_generated_candidate,slot_sanity_or_static_issue,LLM_review_or_future_special_module,,,NONE_BASE,1,0,1
Y2_R032_C02_S01,Y2_boolean_variation,Y2,('CORE6'  ilike  'co%'),('CORE6' ilike 'co%'),like_ilike,0,0.85,1.0,0.8,0.0,T0_generated_candidate,slot_sanity_or_static_issue,LLM_review_or_future_special_module,,,NONE_BASE,1,0,0
Y2_R032_C02_S02,Y2_boolean_variation,Y2,( ('SAFE7' ILIKE 'sa%') ),( ('SAFE7' ILIKE 'sa%') ),like_ilike,0,0.85,1.0,0.8,0.0,T0_generated_candidate,slot_sanity_or_static_issue,LLM_review_or_future_special_module,,,NONE_BASE,1,0,1
Y2_R032_C02_S03,Y2_boolean_variation,Y2,('AUDIT8' ilike 'au%'),('AUDIT8' ilike 'au%'),like_ilike,0,0.85,1.0,0.8,0.0,T0_generated_candidate,slot_sanity_or_static_issue,LLM_review_or_future_special_module,,,NONE_BASE,1,0,0
Y2_R032_C02_S04,Y2_boolean_variation,Y2,(  ('TRACE0'  ILIKE  'zz%')  ),( ('TRACE0' ILIKE 'zz%') ),like_ilike,0,0.85,1.0,0.8,0.0,T0_generated_candidate,slot_sanity_or_static_issue,LLM_review_or_future_special_module,,,NONE_BASE,1,0,1
Y2_R032_C02_S05,Y2_boolean_variation,Y2,('SIGNAL1' ilike 'zz%'),('SIGNAL1' ilike 'zz%'),like_ilike,0,0.85,1.0,0.8,0.0,T0_generated_candidate,slot_sanity_or_static_issue,LLM_review_or_future_special_module,,,NONE_BASE,1,0,0
Y2_R032_C02_S06,Y2_boolean_variation,Y2,( ('ALPHA2' ILIKE 'zz%') ),( ('ALPHA2' ILIKE 'zz%') ),like_ilike,0,0.85,1.0,0.8,0.0,T0_generated_candidate,slot_sanity_or_static_issue,LLM_review_or_future_special_module,,,NONE_BASE,1,0,1
Y2_R032_C03_S01,Y2_boolean_variation,Y2,(  not  ('SAFE6'  ilike  'zz%')  ),( not ('SAFE6' ilike 'zz%') ),like_ilike,0,0.85,1.0,0.8,0.0,T0_generated_candidate,slot_sanity_or_static_issue,LLM_review_or_future_special_module,,,NONE_BASE,1,0,0
Y2_R032_C03_S02,Y2_boolean_variation,Y2,NOT ('AUDIT7' ILIKE 'zz%'),NOT ('AUDIT7' ILIKE 'zz%'),like_ilike,0,0.85,1.0,0.8,0.0,T0_generated_candidate,slot_sanity_or_static_issue,LLM_review_or_future_special_module,,,NONE_BASE,1,0,1
Y2_R032_C03_S03,Y2_boolean_variation,Y2,( not ('TRACE8' ilike 'zz%') ),( not ('TRACE8' ilike 'zz%') ),like_ilike,0,0.85,1.0,0.8,0.0,T0_generated_candidate,slot_sanity_or_static_issue,LLM_review_or_future_special_module,,,NONE_BASE,1,0,0
Y2_R032_C03_S04,Y2_boolean_variation,Y2,NOT  ('SIGNAL0'  ILIKE  'si%'),NOT ('SIGNAL0' ILIKE 'si%'),like_ilike,0,0.85,1.0,0.8,0.0,T0_generated_candidate,slot_sanity_or_static_issue,LLM_review_or_future_special_module,,,NONE_BASE,1,0,1
Y2_R032_C03_S05,Y2_boolean_variation,Y2,( not ('ALPHA1' ilike 'al%') ),( not ('ALPHA1' ilike 'al%') ),like_ilike,0,0.85,1.0,0.8,0.0,T0_generated_candidate,slot_sanity_or_static_issue,LLM_review_or_future_special_module,,,NONE_BASE,1,0,0
Y2_R032_C03_S06,Y2_boolean_variation,Y2,NOT ('BETA2' ILIKE 'be%'),NOT ('BETA2' ILIKE 'be%'),like_ilike,0,0.85,1.0,0.8,0.0,T0_generated_candidate,slot_sanity_or_static_issue,LLM_review_or_future_special_module,,,NONE_BASE,1,0,1
Y2_R032_C04_S01,Y2_boolean_variation,Y2,('AUDIT6'  ilike  'au%')  IS  TRUE,('AUDIT6' ilike 'au%') IS TRUE,like_ilike,0,0.85,1.0,0.8,0.0,T0_generated_candidate,slot_sanity_or_static_issue,LLM_review_or_future_special_module,,,NONE_BASE,1,0,0
Y2_R032_C04_S02,Y2_boolean_variation,Y2,( ('TRACE7' ILIKE 'tr%') is true ),( ('TRACE7' ILIKE 'tr%') is true ),like_ilike,0,0.85,1.0,0.8,0.0,T0_generated_candidate,slot_sanity_or_static_issue,LLM_review_or_future_special_module,,,NONE_BASE,1,0,0
Y2_R032_C04_S03,Y2_boolean_variation,Y2,('SIGNAL8' ilike 'si%') IS TRUE,('SIGNAL8' ilike 'si%') IS TRUE,like_ilike,0,0.85,1.0,0.8,0.0,T0_generated_candidate,slot_sanity_or_static_issue,LLM_review_or_future_special_module,,,NONE_BASE,1,0,0
Y2_R032_C04_S04,Y2_boolean_variation,Y2,(  ('ALPHA0'  ILIKE  'zz%')  is  true  ),( ('ALPHA0' ILIKE 'zz%') is true ),like_ilike,0,0.85,1.0,0.8,0.0,T0_generated_candidate,slot_sanity_or_static_issue,LLM_review_or_future_special_module,,,NONE_BASE,1,0,0
Y2_R032_C04_S05,Y2_boolean_variation,Y2,('BETA1' ilike 'zz%') IS TRUE,('BETA1' ilike 'zz%') IS TRUE,like_ilike,0,0.85,1.0,0.8,0.0,T0_generated_candidate,slot_sanity_or_static_issue,LLM_review_or_future_special_module,,,NONE_BASE,1,0,0
Y2_R032_C04_S06,Y2_boolean_variation,Y2,( ('GAMMA2' ILIKE 'zz%') is true ),( ('GAMMA2' ILIKE 'zz%') is true ),like_ilike,0,0.85,1.0,0.8,0.0,T0_generated_candidate,slot_sanity_or_static_issue,LLM_review_or_future_special_module,,,NONE_BASE,1,0,0
Y2_R032_C05_S01,Y2_boolean_variation,Y2,(  ('TRACE6'  ilike  'tr%')  IS  not  false  ),( ('TRACE6' ilike 'tr%') IS not false ),like_ilike,0,0.85,1.0,0.8,0.0,T0_generated_candidate,slot_sanity_or_static_issue,LLM_review_or_future_special_module,,,NONE_BASE,1,0,0
Y2_R032_C05_S02,Y2_boolean_variation,Y2,('SIGNAL7' ILIKE 'si%') is NOT FALSE,('SIGNAL7' ILIKE 'si%') is NOT FALSE,like_ilike,0,0.85,1.0,0.8,0.0,T0_generated_candidate,slot_sanity_or_static_issue,LLM_review_or_future_special_module,,,NONE_BASE,1,0,0
Y2_R032_C05_S03,Y2_boolean_variation,Y2,( ('ALPHA8' ilike 'al%') IS not false ),( ('ALPHA8' ilike 'al%') IS not false ),like_ilike,0,0.85,1.0,0.8,0.0,T0_generated_candidate,slot_sanity_or_static_issue,LLM_review_or_future_special_module,,,NONE_BASE,1,0,0
Y2_R032_C05_S04,Y2_boolean_variation,Y2,('BETA0'  ILIKE  'zz%')  is  NOT  FALSE,('BETA0' ILIKE 'zz%') is NOT FALSE,like_ilike,0,0.85,1.0,0.8,0.0,T0_generated_candidate,slot_sanity_or_static_issue,LLM_review_or_future_special_module,,,NONE_BASE,1,0,0
Y2_R032_C05_S05,Y2_boolean_variation,Y2,( ('GAMMA1' ilike 'zz%') IS not false ),( ('GAMMA1' ilike 'zz%') IS not false ),like_ilike,0,0.85,1.0,0.8,0.0,T0_generated_candidate,slot_sanity_or_static_issue,LLM_review_or_future_special_module,,,NONE_BASE,1,0,0
Y2_R032_C05_S06,Y2_boolean_variation,Y2,('DELTA2' ILIKE 'zz%') is NOT FALSE,('DELTA2' ILIKE 'zz%') is NOT FALSE,like_ilike,0,0.85,1.0,0.8,0.0,T0_generated_candidate,slot_sanity_or_static_issue,LLM_review_or_future_special_module,,,NONE_BASE,1,0,0
Y2_R032_C06_S01,Y2_boolean_variation,Y2,CASE  WHEN  ('SIGNAL6'  ilike  'si%')  THEN  TRUE  ELSE  false  end,CASE WHEN ('SIGNAL6' ilike 'si%') THEN TRUE ELSE false end,like_ilike,0,0.85,1.0,0.8,0.0,T0_generated_candidate,slot_sanity_or_static_issue,LLM_review_or_future_special_module,,,NONE_BASE,1,0,0
Y2_R032_C06_S02,Y2_boolean_variation,Y2,( case when ('ALPHA7' ILIKE 'al%') then true else FALSE END ),( case when ('ALPHA7' ILIKE 'al%') then true else FALSE END ),like_ilike,0,0.85,1.0,0.8,0.0,T0_generated_candidate,slot_sanity_or_static_issue,LLM_review_or_future_special_module,,,NONE_BASE,1,0,0
Y2_R032_C06_S03,Y2_boolean_variation,Y2,CASE WHEN ('BETA8' ilike 'be%') THEN TRUE ELSE false end,CASE WHEN ('BETA8' ilike 'be%') THEN TRUE ELSE false end,like_ilike,0,0.85,1.0,0.8,0.0,T0_generated_candidate,slot_sanity_or_static_issue,LLM_review_or_future_special_module,,,NONE_BASE,1,0,0
Y2_R032_C06_S04,Y2_boolean_variation,Y2,(  case  when  ('GAMMA0'  ILIKE  'zz%')  then  true  else  FALSE  END  ),( case when ('GAMMA0' ILIKE 'zz%') then true else FALSE END ),like_ilike,0,0.85,1.0,0.8,0.0,T0_generated_candidate,slot_sanity_or_static_issue,LLM_review_or_future_special_module,,,NONE_BASE,1,0,0
Y2_R032_C06_S05,Y2_boolean_variation,Y2,CASE WHEN ('DELTA1' ilike 'zz%') THEN TRUE ELSE false end,CASE WHEN ('DELTA1' ilike 'zz%') THEN TRUE ELSE false end,like_ilike,0,0.85,1.0,0.8,0.0,T0_generated_candidate,slot_sanity_or_static_issue,LLM_review_or_future_special_module,,,NONE_BASE,1,0,0
Y2_R032_C06_S06,Y2_boolean_variation,Y2,( case when ('OMEGA2' ILIKE 'zz%') then true else FALSE END ),( case when ('OMEGA2' ILIKE 'zz%') then true else FALSE END ),like_ilike,0,0.85,1.0,0.8,0.0,T0_generated_candidate,slot_sanity_or_static_issue,LLM_review_or_future_special_module,,,NONE_BASE,1,0,0
Y2_R032_C07_S01,Y2_boolean_variation,Y2,(  ('ALPHA6'  ilike  'al%')  and  (75  =  75)  ),( ('ALPHA6' ilike 'al%') and (75 = 75) ),like_ilike,0,0.85,1.0,0.8,0.0,T0_generated_candidate,slot_sanity_or_static_issue,LLM_review_or_future_special_module,,,NONE_BASE,1,0,0
Y2_R032_C07_S02,Y2_boolean_variation,Y2,('BETA7' ILIKE 'be%') AND (88 = 88),('BETA7' ILIKE 'be%') AND (88 = 88),like_ilike,0,0.85,1.0,0.8,0.0,T0_generated_candidate,slot_sanity_or_static_issue,LLM_review_or_future_special_module,,,NONE_BASE,1,0,1
Y2_R032_C07_S03,Y2_boolean_variation,Y2,( ('GAMMA8' ilike 'ga%') and (4 = 4) ),( ('GAMMA8' ilike 'ga%') and (4 = 4) ),like_ilike,0,0.85,1.0,0.8,0.0,T0_generated_candidate,slot_sanity_or_static_issue,LLM_review_or_future_special_module,,,NONE_BASE,1,0,0
Y2_R032_C07_S04,Y2_boolean_variation,Y2,('DELTA0'  ILIKE  'zz%')  AND  (17  =  17),('DELTA0' ILIKE 'zz%') AND (17 = 17),like_ilike,0,0.85,1.0,0.8,0.0,T0_generated_candidate,slot_sanity_or_static_issue,LLM_review_or_future_special_module,,,NONE_BASE,1,0,1
Y2_R032_C07_S05,Y2_boolean_variation,Y2,( ('OMEGA1' ilike 'zz%') and (30 = 30) ),( ('OMEGA1' ilike 'zz%') and (30 = 30) ),like_ilike,0,0.85,1.0,0.8,0.0,T0_generated_candidate,slot_sanity_or_static_issue,LLM_review_or_future_special_module,,,NONE_BASE,1,0,0
Y2_R032_C07_S06,Y2_boolean_variation,Y2,('ACTIVE2' ILIKE 'zz%') AND (43 = 43),('ACTIVE2' ILIKE 'zz%') AND (43 = 43),like_ilike,0,0.85,1.0,0.8,0.0,T0_generated_candidate,slot_sanity_or_static_issue,LLM_review_or_future_special_module,,,NONE_BASE,1,0,1
Y2_R032_C08_S01,Y2_boolean_variation,Y2,('BETA6'  ilike  'be%')  OR  (6  <>  6),('BETA6' ilike 'be%') OR (6 <> 6),like_ilike,0,0.85,1.0,0.8,0.0,T0_generated_candidate,slot_sanity_or_static_issue,LLM_review_or_future_special_module,,,NONE_BASE,1,0,0
Y2_R032_C08_S02,Y2_boolean_variation,Y2,( ('GAMMA7' ILIKE 'ga%') or (19 <> 19) ),( ('GAMMA7' ILIKE 'ga%') or (19 <> 19) ),like_ilike,0,0.85,1.0,0.8,0.0,T0_generated_candidate,slot_sanity_or_static_issue,LLM_review_or_future_special_module,,,NONE_BASE,1,0,0
Y2_R032_C08_S03,Y2_boolean_variation,Y2,('DELTA8' ilike 'de%') OR (32 <> 32),('DELTA8' ilike 'de%') OR (32 <> 32),like_ilike,0,0.85,1.0,0.8,0.0,T0_generated_candidate,slot_sanity_or_static_issue,LLM_review_or_future_special_module,,,NONE_BASE,1,0,0
Y2_R032_C08_S04,Y2_boolean_variation,Y2,(  ('OMEGA0'  ILIKE  'zz%')  or  (45  <>  45)  ),( ('OMEGA0' ILIKE 'zz%') or (45 <> 45) ),like_ilike,0,0.85,1.0,0.8,0.0,T0_generated_candidate,slot_sanity_or_static_issue,LLM_review_or_future_special_module,,,NONE_BASE,1,0,0
Y2_R032_C08_S05,Y2_boolean_variation,Y2,('ACTIVE1' ilike 'zz%') OR (58 <> 58),('ACTIVE1' ilike 'zz%') OR (58 <> 58),like_ilike,0,0.85,1.0,0.8,0.0,T0_generated_candidate,slot_sanity_or_static_issue,LLM_review_or_future_special_module,,,NONE_BASE,1,0,0
Y2_R032_C08_S06,Y2_boolean_variation,Y2,( ('PENDING2' ILIKE 'zz%') or (71 <> 71) ),( ('PENDING2' ILIKE 'zz%') or (71 <> 71) ),like_ilike,0,0.85,1.0,0.8,0.0,T0_generated_candidate,slot_sanity_or_static_issue,LLM_review_or_future_special_module,,,NONE_BASE,1,0,0
Y2_R032_C09_S01,Y2_boolean_variation,Y2,(  (('GAMMA6'  ilike  'ga%')  =  TRUE)  ),( (('GAMMA6' ilike 'ga%') = TRUE) ),like_ilike,0,0.85,1.0,0.8,0.0,T0_generated_candidate,slot_sanity_or_static_issue,LLM_review_or_future_special_module,,,NONE_BASE,1,0,0
Y2_R032_C09_S02,Y2_boolean_variation,Y2,(('DELTA7' ILIKE 'de%') = true),(('DELTA7' ILIKE 'de%') = true),like_ilike,0,0.85,1.0,0.8,0.0,T0_generated_candidate,slot_sanity_or_static_issue,LLM_review_or_future_special_module,,,NONE_BASE,1,0,0
Y2_R032_C09_S03,Y2_boolean_variation,Y2,( (('OMEGA8' ilike 'om%') = TRUE) ),( (('OMEGA8' ilike 'om%') = TRUE) ),like_ilike,0,0.85,1.0,0.8,0.0,T0_generated_candidate,slot_sanity_or_static_issue,LLM_review_or_future_special_module,,,NONE_BASE,1,0,0
Y2_R032_C09_S04,Y2_boolean_variation,Y2,(('ACTIVE0'  ILIKE  'zz%')  =  true),(('ACTIVE0' ILIKE 'zz%') = true),like_ilike,0,0.85,1.0,0.8,0.0,T0_generated_candidate,slot_sanity_or_static_issue,LLM_review_or_future_special_module,,,NONE_BASE,1,0,0
Y2_R032_C09_S05,Y2_boolean_variation,Y2,( (('PENDING1' ilike 'zz%') = TRUE) ),( (('PENDING1' ilike 'zz%') = TRUE) ),like_ilike,0,0.85,1.0,0.8,0.0,T0_generated_candidate,slot_sanity_or_static_issue,LLM_review_or_future_special_module,,,NONE_BASE,1,0,0
Y2_R032_C09_S06,Y2_boolean_variation,Y2,(('PUBLIC2' ILIKE 'zz%') = true),(('PUBLIC2' ILIKE 'zz%') = true),like_ilike,0,0.85,1.0,0.8,0.0,T0_generated_candidate,slot_sanity_or_static_issue,LLM_review_or_future_special_module,,,NONE_BASE,1,0,0
Y2_R032_C10_S01,Y2_boolean_variation,Y2,"COALESCE(('DELTA6'  ilike  'de%'),  false)","COALESCE(('DELTA6' ilike 'de%'), false)",like_ilike,0,0.85,1.0,0.8,0.0,T0_generated_candidate,slot_sanity_or_static_issue,LLM_review_or_future_special_module,,,NONE_BASE,1,0,0
Y2_R032_C10_S02,Y2_boolean_variation,Y2,"( coalesce(('OMEGA7' ILIKE 'om%'), FALSE) )","( coalesce(('OMEGA7' ILIKE 'om%'), FALSE) )",like_ilike,0,0.85,1.0,0.8,0.0,T0_generated_candidate,slot_sanity_or_static_issue,LLM_review_or_future_special_module,,,NONE_BASE,1,0,0
Y2_R032_C10_S03,Y2_boolean_variation,Y2,"COALESCE(('ACTIVE8' ilike 'ac%'), false)","COALESCE(('ACTIVE8' ilike 'ac%'), false)",like_ilike,0,0.85,1.0,0.8,0.0,T0_generated_candidate,slot_sanity_or_static_issue,LLM_review_or_future_special_module,,,NONE_BASE,1,0,0
Y2_R032_C10_S04,Y2_boolean_variation,Y2,"(  coalesce(('PENDING0'  ILIKE  'zz%'),  FALSE)  )","( coalesce(('PENDING0' ILIKE 'zz%'), FALSE) )",like_ilike,0,0.85,1.0,0.8,0.0,T0_generated_candidate,slot_sanity_or_static_issue,LLM_review_or_future_special_module,,,NONE_BASE,1,0,0
Y2_R032_C10_S05,Y2_boolean_variation,Y2,"COALESCE(('PUBLIC1' ilike 'zz%'), false)","COALESCE(('PUBLIC1' ilike 'zz%'), false)",like_ilike,0,0.85,1.0,0.8,0.0,T0_generated_candidate,slot_sanity_or_static_issue,LLM_review_or_future_special_module,,,NONE_BASE,1,0,0
Y2_R032_C10_S06,Y2_boolean_variation,Y2,"( coalesce(('MEMBER2' ILIKE 'zz%'), FALSE) )","( coalesce(('MEMBER2' ILIKE 'zz%'), FALSE) )",like_ilike,0,0.85,1.0,0.8,0.0,T0_generated_candidate,slot_sanity_or_static_issue,LLM_review_or_future_special_module,,,NONE_BASE,1,0,0
Y2_R033_C01_S01,Y2_boolean_variation,Y2,'core7' NOT like 'zz%','core7' NOT like 'zz%',like_ilike,0,0.85,1.0,0.8,0.0,T0_generated_candidate,slot_sanity_or_static_issue,LLM_review_or_future_special_module,,,NONE_BASE,1,0,0
Y2_R033_C01_S02,Y2_boolean_variation,Y2,( 'safe8' not LIKE 'zz%' ),( 'safe8' not LIKE 'zz%' ),like_ilike,0,0.85,1.0,0.8,0.0,T0_generated_candidate,slot_sanity_or_static_issue,LLM_review_or_future_special_module,,,NONE_BASE,1,0,0
Y2_R033_C01_S03,Y2_boolean_variation,Y2,'audit0'  NOT  like  'zz%','audit0' NOT like 'zz%',like_ilike,0,0.85,1.0,0.8,0.0,T0_generated_candidate,slot_sanity_or_static_issue,LLM_review_or_future_special_module,,,NONE_BASE,1,0,0
Y2_R033_C01_S04,Y2_boolean_variation,Y2,( 'trace1' not LIKE 'tr%' ),( 'trace1' not LIKE 'tr%' ),like_ilike,0,0.85,1.0,0.8,0.0,T0_generated_candidate,slot_sanity_or_static_issue,LLM_review_or_future_special_module,,,NONE_BASE,1,0,0
Y2_R033_C01_S05,Y2_boolean_variation,Y2,'signal2' NOT like 'si%','signal2' NOT like 'si%',like_ilike,0,0.85,1.0,0.8,0.0,T0_generated_candidate,slot_sanity_or_static_issue,LLM_review_or_future_special_module,,,NONE_BASE,1,0,0
Y2_R033_C01_S06,Y2_boolean_variation,Y2,(  'alpha3'  not  LIKE  'al%'  ),( 'alpha3' not LIKE 'al%' ),like_ilike,0,0.85,1.0,0.8,0.0,T0_generated_candidate,slot_sanity_or_static_issue,LLM_review_or_future_special_module,,,NONE_BASE,1,0,0
Y2_R033_C02_S01,Y2_boolean_variation,Y2,( ('safe7' NOT like 'zz%') ),( ('safe7' NOT like 'zz%') ),like_ilike,0,0.85,1.0,0.8,0.0,T0_generated_candidate,slot_sanity_or_static_issue,LLM_review_or_future_special_module,,,NONE_BASE,1,0,0
Y2_R033_C02_S02,Y2_boolean_variation,Y2,('audit8' not LIKE 'zz%'),('audit8' not LIKE 'zz%'),like_ilike,0,0.85,1.0,0.8,0.0,T0_generated_candidate,slot_sanity_or_static_issue,LLM_review_or_future_special_module,,,NONE_BASE,1,0,0
Y2_R033_C02_S03,Y2_boolean_variation,Y2,(  ('trace0'  NOT  like  'zz%')  ),( ('trace0' NOT like 'zz%') ),like_ilike,0,0.85,1.0,0.8,0.0,T0_generated_candidate,slot_sanity_or_static_issue,LLM_review_or_future_special_module,,,NONE_BASE,1,0,0
Y2_R033_C02_S04,Y2_boolean_variation,Y2,('signal1' not LIKE 'si%'),('signal1' not LIKE 'si%'),like_ilike,0,0.85,1.0,0.8,0.0,T0_generated_candidate,slot_sanity_or_static_issue,LLM_review_or_future_special_module,,,NONE_BASE,1,0,0
Y2_R033_C02_S05,Y2_boolean_variation,Y2,( ('alpha2' NOT like 'al%') ),( ('alpha2' NOT like 'al%') ),like_ilike,0,0.85,1.0,0.8,0.0,T0_generated_candidate,slot_sanity_or_static_issue,LLM_review_or_future_special_module,,,NONE_BASE,1,0,0
Y2_R033_C02_S06,Y2_boolean_variation,Y2,('beta3'  not  LIKE  'be%'),('beta3' not LIKE 'be%'),like_ilike,0,0.85,1.0,0.8,0.0,T0_generated_candidate,slot_sanity_or_static_issue,LLM_review_or_future_special_module,,,NONE_BASE,1,0,0
Y2_R033_C03_S01,Y2_boolean_variation,Y2,NOT ('audit7' NOT like 'au%'),NOT ('audit7' NOT like 'au%'),like_ilike,0,0.85,1.0,0.8,0.0,T0_generated_candidate,slot_sanity_or_static_issue,LLM_review_or_future_special_module,,,NONE_BASE,1,0,0
Y2_R033_C03_S02,Y2_boolean_variation,Y2,( not ('trace8' not LIKE 'tr%') ),( not ('trace8' not LIKE 'tr%') ),like_ilike,0,0.85,1.0,0.8,0.0,T0_generated_candidate,slot_sanity_or_static_issue,LLM_review_or_future_special_module,,,NONE_BASE,1,0,0
Y2_R033_C03_S03,Y2_boolean_variation,Y2,NOT  ('signal0'  NOT  like  'si%'),NOT ('signal0' NOT like 'si%'),like_ilike,0,0.85,1.0,0.8,0.0,T0_generated_candidate,slot_sanity_or_static_issue,LLM_review_or_future_special_module,,,NONE_BASE,1,0,0
Y2_R033_C03_S04,Y2_boolean_variation,Y2,( not ('alpha1' not LIKE 'zz%') ),( not ('alpha1' not LIKE 'zz%') ),like_ilike,0,0.85,1.0,0.8,0.0,T0_generated_candidate,slot_sanity_or_static_issue,LLM_review_or_future_special_module,,,NONE_BASE,1,0,0
Y2_R033_C03_S05,Y2_boolean_variation,Y2,NOT ('beta2' NOT like 'zz%'),NOT ('beta2' NOT like 'zz%'),like_ilike,0,0.85,1.0,0.8,0.0,T0_generated_candidate,slot_sanity_or_static_issue,LLM_review_or_future_special_module,,,NONE_BASE,1,0,0
Y2_R033_C03_S06,Y2_boolean_variation,Y2,(  not  ('gamma3'  not  LIKE  'zz%')  ),( not ('gamma3' not LIKE 'zz%') ),like_ilike,0,0.85,1.0,0.8,0.0,T0_generated_candidate,slot_sanity_or_static_issue,LLM_review_or_future_special_module,,,NONE_BASE,1,0,0
Y2_R033_C04_S01,Y2_boolean_variation,Y2,( ('trace7' NOT like 'zz%') is true ),( ('trace7' NOT like 'zz%') is true ),like_ilike,0,0.85,1.0,0.8,0.0,T0_generated_candidate,slot_sanity_or_static_issue,LLM_review_or_future_special_module,,,NONE_BASE,1,0,0
Y2_R033_C04_S02,Y2_boolean_variation,Y2,('signal8' not LIKE 'zz%') IS TRUE,('signal8' not LIKE 'zz%') IS TRUE,like_ilike,0,0.85,1.0,0.8,0.0,T0_generated_candidate,slot_sanity_or_static_issue,LLM_review_or_future_special_module,,,NONE_BASE,1,0,0
Y2_R033_C04_S03,Y2_boolean_variation,Y2,(  ('alpha0'  NOT  like  'zz%')  is  true  ),( ('alpha0' NOT like 'zz%') is true ),like_ilike,0,0.85,1.0,0.8,0.0,T0_generated_candidate,slot_sanity_or_static_issue,LLM_review_or_future_special_module,,,NONE_BASE,1,0,0
Y2_R033_C04_S04,Y2_boolean_variation,Y2,('beta1' not LIKE 'be%') IS TRUE,('beta1' not LIKE 'be%') IS TRUE,like_ilike,0,0.85,1.0,0.8,0.0,T0_generated_candidate,slot_sanity_or_static_issue,LLM_review_or_future_special_module,,,NONE_BASE,1,0,0
Y2_R033_C04_S05,Y2_boolean_variation,Y2,( ('gamma2' NOT like 'ga%') is true ),( ('gamma2' NOT like 'ga%') is true ),like_ilike,0,0.85,1.0,0.8,0.0,T0_generated_candidate,slot_sanity_or_static_issue,LLM_review_or_future_special_module,,,NONE_BASE,1,0,0
Y2_R033_C04_S06,Y2_boolean_variation,Y2,('delta3'  not  LIKE  'de%')  IS  TRUE,('delta3' not LIKE 'de%') IS TRUE,like_ilike,0,0.85,1.0,0.8,0.0,T0_generated_candidate,slot_sanity_or_static_issue,LLM_review_or_future_special_module,,,NONE_BASE,1,0,0
Y2_R033_C05_S01,Y2_boolean_variation,Y2,('signal7' NOT like 'zz%') is NOT FALSE,('signal7' NOT like 'zz%') is NOT FALSE,like_ilike,0,0.85,1.0,0.8,0.0,T0_generated_candidate,slot_sanity_or_static_issue,LLM_review_or_future_special_module,,,NONE_BASE,1,0,0
Y2_R033_C05_S02,Y2_boolean_variation,Y2,( ('alpha8' not LIKE 'zz%') IS not false ),( ('alpha8' not LIKE 'zz%') IS not false ),like_ilike,0,0.85,1.0,0.8,0.0,T0_generated_candidate,slot_sanity_or_static_issue,LLM_review_or_future_special_module,,,NONE_BASE,1,0,0
Y2_R033_C05_S03,Y2_boolean_variation,Y2,('beta0'  NOT  like  'zz%')  is  NOT  FALSE,('beta0' NOT like 'zz%') is NOT FALSE,like_ilike,0,0.85,1.0,0.8,0.0,T0_generated_candidate,slot_sanity_or_static_issue,LLM_review_or_future_special_module,,,NONE_BASE,1,0,0
Y2_R033_C05_S04,Y2_boolean_variation,Y2,( ('gamma1' not LIKE 'ga%') IS not false ),( ('gamma1' not LIKE 'ga%') IS not false ),like_ilike,0,0.85,1.0,0.8,0.0,T0_generated_candidate,slot_sanity_or_static_issue,LLM_review_or_future_special_module,,,NONE_BASE,1,0,0
Y2_R033_C05_S05,Y2_boolean_variation,Y2,('delta2' NOT like 'de%') is NOT FALSE,('delta2' NOT like 'de%') is NOT FALSE,like_ilike,0,0.85,1.0,0.8,0.0,T0_generated_candidate,slot_sanity_or_static_issue,LLM_review_or_future_special_module,,,NONE_BASE,1,0,0
Y2_R033_C05_S06,Y2_boolean_variation,Y2,(  ('omega3'  not  LIKE  'om%')  IS  not  false  ),( ('omega3' not LIKE 'om%') IS not false ),like_ilike,0,0.85,1.0,0.8,0.0,T0_generated_candidate,slot_sanity_or_static_issue,LLM_review_or_future_special_module,,,NONE_BASE,1,0,0
Y2_R033_C06_S01,Y2_boolean_variation,Y2,( case when ('alpha7' NOT like 'zz%') then true else FALSE END ),( case when ('alpha7' NOT like 'zz%') then true else FALSE END ),like_ilike,0,0.85,1.0,0.8,0.0,T0_generated_candidate,slot_sanity_or_static_issue,LLM_review_or_future_special_module,,,NONE_BASE,1,0,0
Y2_R033_C06_S02,Y2_boolean_variation,Y2,CASE WHEN ('beta8' not LIKE 'zz%') THEN TRUE ELSE false end,CASE WHEN ('beta8' not LIKE 'zz%') THEN TRUE ELSE false end,like_ilike,0,0.85,1.0,0.8,0.0,T0_generated_candidate,slot_sanity_or_static_issue,LLM_review_or_future_special_module,,,NONE_BASE,1,0,0
Y2_R033_C06_S03,Y2_boolean_variation,Y2,(  case  when  ('gamma0'  NOT  like  'zz%')  then  true  else  FALSE  END  ),( case when ('gamma0' NOT like 'zz%') then true else FALSE END ),like_ilike,0,0.85,1.0,0.8,0.0,T0_generated_candidate,slot_sanity_or_static_issue,LLM_review_or_future_special_module,,,NONE_BASE,1,0,0
Y2_R033_C06_S04,Y2_boolean_variation,Y2,CASE WHEN ('delta1' not LIKE 'de%') THEN TRUE ELSE false end,CASE WHEN ('delta1' not LIKE 'de%') THEN TRUE ELSE false end,like_ilike,0,0.85,1.0,0.8,0.0,T0_generated_candidate,slot_sanity_or_static_issue,LLM_review_or_future_special_module,,,NONE_BASE,1,0,0
Y2_R033_C06_S05,Y2_boolean_variation,Y2,( case when ('omega2' NOT like 'om%') then true else FALSE END ),( case when ('omega2' NOT like 'om%') then true else FALSE END ),like_ilike,0,0.85,1.0,0.8,0.0,T0_generated_candidate,slot_sanity_or_static_issue,LLM_review_or_future_special_module,,,NONE_BASE,1,0,0
Y2_R033_C06_S06,Y2_boolean_variation,Y2,CASE  WHEN  ('active3'  not  LIKE  'ac%')  THEN  TRUE  ELSE  false  end,CASE WHEN ('active3' not LIKE 'ac%') THEN TRUE ELSE false end,like_ilike,0,0.85,1.0,0.8,0.0,T0_generated_candidate,slot_sanity_or_static_issue,LLM_review_or_future_special_module,,,NONE_BASE,1,0,0
Y2_R033_C07_S01,Y2_boolean_variation,Y2,('beta7' NOT like 'zz%') AND (82 = 82),('beta7' NOT like 'zz%') AND (82 = 82),like_ilike,0,0.85,1.0,0.8,0.0,T0_generated_candidate,slot_sanity_or_static_issue,LLM_review_or_future_special_module,,,NONE_BASE,1,0,0
Y2_R033_C07_S02,Y2_boolean_variation,Y2,( ('gamma8' not LIKE 'zz%') and (95 = 95) ),( ('gamma8' not LIKE 'zz%') and (95 = 95) ),like_ilike,0,0.85,1.0,0.8,0.0,T0_generated_candidate,slot_sanity_or_static_issue,LLM_review_or_future_special_module,,,NONE_BASE,1,0,0
Y2_R033_C07_S03,Y2_boolean_variation,Y2,('delta0'  NOT  like  'zz%')  AND  (11  =  11),('delta0' NOT like 'zz%') AND (11 = 11),like_ilike,0,0.85,1.0,0.8,0.0,T0_generated_candidate,slot_sanity_or_static_issue,LLM_review_or_future_special_module,,,NONE_BASE,1,0,0
Y2_R033_C07_S04,Y2_boolean_variation,Y2,( ('omega1' not LIKE 'om%') and (24 = 24) ),( ('omega1' not LIKE 'om%') and (24 = 24) ),like_ilike,0,0.85,1.0,0.8,0.0,T0_generated_candidate,slot_sanity_or_static_issue,LLM_review_or_future_special_module,,,NONE_BASE,1,0,0
Y2_R033_C07_S05,Y2_boolean_variation,Y2,('active2' NOT like 'ac%') AND (37 = 37),('active2' NOT like 'ac%') AND (37 = 37),like_ilike,0,0.85,1.0,0.8,0.0,T0_generated_candidate,slot_sanity_or_static_issue,LLM_review_or_future_special_module,,,NONE_BASE,1,0,0
Y2_R033_C07_S06,Y2_boolean_variation,Y2,(  ('pending3'  not  LIKE  'pe%')  and  (50  =  50)  ),( ('pending3' not LIKE 'pe%') and (50 = 50) ),like_ilike,0,0.85,1.0,0.8,0.0,T0_generated_candidate,slot_sanity_or_static_issue,LLM_review_or_future_special_module,,,NONE_BASE,1,0,0
Y2_R033_C08_S01,Y2_boolean_variation,Y2,( ('gamma7' NOT like 'zz%') or (13 <> 13) ),( ('gamma7' NOT like 'zz%') or (13 <> 13) ),like_ilike,0,0.85,1.0,0.8,0.0,T0_generated_candidate,slot_sanity_or_static_issue,LLM_review_or_future_special_module,,,NONE_BASE,1,0,0
Y2_R033_C08_S02,Y2_boolean_variation,Y2,('delta8' not LIKE 'zz%') OR (26 <> 26),('delta8' not LIKE 'zz%') OR (26 <> 26),like_ilike,0,0.85,1.0,0.8,0.0,T0_generated_candidate,slot_sanity_or_static_issue,LLM_review_or_future_special_module,,,NONE_BASE,1,0,0
Y2_R033_C08_S03,Y2_boolean_variation,Y2,(  ('omega0'  NOT  like  'zz%')  or  (39  <>  39)  ),( ('omega0' NOT like 'zz%') or (39 <> 39) ),like_ilike,0,0.85,1.0,0.8,0.0,T0_generated_candidate,slot_sanity_or_static_issue,LLM_review_or_future_special_module,,,NONE_BASE,1,0,0
Y2_R033_C08_S04,Y2_boolean_variation,Y2,('active1' not LIKE 'ac%') OR (52 <> 52),('active1' not LIKE 'ac%') OR (52 <> 52),like_ilike,0,0.85,1.0,0.8,0.0,T0_generated_candidate,slot_sanity_or_static_issue,LLM_review_or_future_special_module,,,NONE_BASE,1,0,0
Y2_R033_C08_S05,Y2_boolean_variation,Y2,( ('pending2' NOT like 'pe%') or (65 <> 65) ),( ('pending2' NOT like 'pe%') or (65 <> 65) ),like_ilike,0,0.85,1.0,0.8,0.0,T0_generated_candidate,slot_sanity_or_static_issue,LLM_review_or_future_special_module,,,NONE_BASE,1,0,0
Y2_R033_C08_S06,Y2_boolean_variation,Y2,('public3'  not  LIKE  'pu%')  OR  (78  <>  78),('public3' not LIKE 'pu%') OR (78 <> 78),like_ilike,0,0.85,1.0,0.8,0.0,T0_generated_candidate,slot_sanity_or_static_issue,LLM_review_or_future_special_module,,,NONE_BASE,1,0,0
Y2_R033_C09_S01,Y2_boolean_variation,Y2,(('delta7' NOT like 'zz%') = true),(('delta7' NOT like 'zz%') = true),like_ilike,0,0.85,1.0,0.8,0.0,T0_generated_candidate,slot_sanity_or_static_issue,LLM_review_or_future_special_module,,,NONE_BASE,1,0,0
Y2_R033_C09_S02,Y2_boolean_variation,Y2,( (('omega8' not LIKE 'zz%') = TRUE) ),( (('omega8' not LIKE 'zz%') = TRUE) ),like_ilike,0,0.85,1.0,0.8,0.0,T0_generated_candidate,slot_sanity_or_static_issue,LLM_review_or_future_special_module,,,NONE_BASE,1,0,0
Y2_R033_C09_S03,Y2_boolean_variation,Y2,(('active0'  NOT  like  'zz%')  =  true),(('active0' NOT like 'zz%') = true),like_ilike,0,0.85,1.0,0.8,0.0,T0_generated_candidate,slot_sanity_or_static_issue,LLM_review_or_future_special_module,,,NONE_BASE,1,0,0
Y2_R033_C09_S04,Y2_boolean_variation,Y2,( (('pending1' not LIKE 'pe%') = TRUE) ),( (('pending1' not LIKE 'pe%') = TRUE) ),like_ilike,0,0.85,1.0,0.8,0.0,T0_generated_candidate,slot_sanity_or_static_issue,LLM_review_or_future_special_module,,,NONE_BASE,1,0,0
Y2_R033_C09_S05,Y2_boolean_variation,Y2,(('public2' NOT like 'pu%') = true),(('public2' NOT like 'pu%') = true),like_ilike,0,0.85,1.0,0.8,0.0,T0_generated_candidate,slot_sanity_or_static_issue,LLM_review_or_future_special_module,,,NONE_BASE,1,0,0
Y2_R033_C09_S06,Y2_boolean_variation,Y2,(  (('member3'  not  LIKE  'me%')  =  TRUE)  ),( (('member3' not LIKE 'me%') = TRUE) ),like_ilike,0,0.85,1.0,0.8,0.0,T0_generated_candidate,slot_sanity_or_static_issue,LLM_review_or_future_special_module,,,NONE_BASE,1,0,0
Y2_R033_C10_S01,Y2_boolean_variation,Y2,"( coalesce(('omega7' NOT like 'zz%'), FALSE) )","( coalesce(('omega7' NOT like 'zz%'), FALSE) )",like_ilike,0,0.85,1.0,0.8,0.0,T0_generated_candidate,slot_sanity_or_static_issue,LLM_review_or_future_special_module,,,NONE_BASE,1,0,0
Y2_R033_C10_S02,Y2_boolean_variation,Y2,"COALESCE(('active8' not LIKE 'zz%'), false)","COALESCE(('active8' not LIKE 'zz%'), false)",like_ilike,0,0.85,1.0,0.8,0.0,T0_generated_candidate,slot_sanity_or_static_issue,LLM_review_or_future_special_module,,,NONE_BASE,1,0,0
Y2_R033_C10_S03,Y2_boolean_variation,Y2,"(  coalesce(('pending0'  NOT  like  'zz%'),  FALSE)  )","( coalesce(('pending0' NOT like 'zz%'), FALSE) )",like_ilike,0,0.85,1.0,0.8,0.0,T0_generated_candidate,slot_sanity_or_static_issue,LLM_review_or_future_special_module,,,NONE_BASE,1,0,0
Y2_R033_C10_S04,Y2_boolean_variation,Y2,"COALESCE(('public1' not LIKE 'pu%'), false)","COALESCE(('public1' not LIKE 'pu%'), false)",like_ilike,0,0.85,1.0,0.8,0.0,T0_generated_candidate,slot_sanity_or_static_issue,LLM_review_or_future_special_module,,,NONE_BASE,1,0,0
Y2_R033_C10_S05,Y2_boolean_variation,Y2,"( coalesce(('member2' NOT like 'me%'), FALSE) )","( coalesce(('member2' NOT like 'me%'), FALSE) )",like_ilike,0,0.85,1.0,0.8,0.0,T0_generated_candidate,slot_sanity_or_static_issue,LLM_review_or_future_special_module,,,NONE_BASE,1,0,0
Y2_R033_C10_S06,Y2_boolean_variation,Y2,"COALESCE(('stone3'  not  LIKE  'st%'),  false)","COALESCE(('stone3' not LIKE 'st%'), false)",like_ilike,0,0.85,1.0,0.8,0.0,T0_generated_candidate,slot_sanity_or_static_issue,LLM_review_or_future_special_module,,,NONE_BASE,1,0,0
Y2_R034_C01_S01,Y2_boolean_variation,Y2,( 'safe8' LIKE '%e8' ),( 'safe8' LIKE '%e8' ),like_ilike,0,0.85,1.0,0.8,0.0,T0_generated_candidate,slot_sanity_or_static_issue,LLM_review_or_future_special_module,,,NONE_BASE,1,0,1
Y2_R034_C01_S02,Y2_boolean_variation,Y2,'audit0'  like  '%t0','audit0' like '%t0',like_ilike,0,0.85,1.0,0.8,0.0,T0_generated_candidate,slot_sanity_or_static_issue,LLM_review_or_future_special_module,,,NONE_BASE,1,0,0
Y2_R034_C01_S03,Y2_boolean_variation,Y2,( 'trace1' LIKE '%e1' ),( 'trace1' LIKE '%e1' ),like_ilike,0,0.85,1.0,0.8,0.0,T0_generated_candidate,slot_sanity_or_static_issue,LLM_review_or_future_special_module,,,NONE_BASE,1,0,1
Y2_R034_C01_S04,Y2_boolean_variation,Y2,'signal2' like '%zz','signal2' like '%zz',like_ilike,0,0.85,1.0,0.8,0.0,T0_generated_candidate,slot_sanity_or_static_issue,LLM_review_or_future_special_module,,,NONE_BASE,1,0,0
Y2_R034_C01_S05,Y2_boolean_variation,Y2,(  'alpha3'  LIKE  '%zz'  ),( 'alpha3' LIKE '%zz' ),like_ilike,0,0.85,1.0,0.8,0.0,T0_generated_candidate,slot_sanity_or_static_issue,LLM_review_or_future_special_module,,,NONE_BASE,1,0,1
Y2_R034_C01_S06,Y2_boolean_variation,Y2,'beta4' like '%zz','beta4' like '%zz',like_ilike,0,0.85,1.0,0.8,0.0,T0_generated_candidate,slot_sanity_or_static_issue,LLM_review_or_future_special_module,,,NONE_BASE,1,0,0
Y2_R034_C02_S01,Y2_boolean_variation,Y2,('audit8' LIKE '%t8'),('audit8' LIKE '%t8'),like_ilike,0,0.85,1.0,0.8,0.0,T0_generated_candidate,slot_sanity_or_static_issue,LLM_review_or_future_special_module,,,NONE_BASE,1,0,1
Y2_R034_C02_S02,Y2_boolean_variation,Y2,(  ('trace0'  like  '%e0')  ),( ('trace0' like '%e0') ),like_ilike,0,0.85,1.0,0.8,0.0,T0_generated_candidate,slot_sanity_or_static_issue,LLM_review_or_future_special_module,,,NONE_BASE,1,0,0
Y2_R034_C02_S03,Y2_boolean_variation,Y2,('signal1' LIKE '%l1'),('signal1' LIKE '%l1'),like_ilike,0,0.85,1.0,0.8,0.0,T0_generated_candidate,slot_sanity_or_static_issue,LLM_review_or_future_special_module,,,NONE_BASE,1,0,1
Y2_R034_C02_S04,Y2_boolean_variation,Y2,( ('alpha2' like '%zz') ),( ('alpha2' like '%zz') ),like_ilike,0,0.85,1.0,0.8,0.0,T0_generated_candidate,slot_sanity_or_static_issue,LLM_review_or_future_special_module,,,NONE_BASE,1,0,0
Y2_R034_C02_S05,Y2_boolean_variation,Y2,('beta3'  LIKE  '%zz'),('beta3' LIKE '%zz'),like_ilike,0,0.85,1.0,0.8,0.0,T0_generated_candidate,slot_sanity_or_static_issue,LLM_review_or_future_special_module,,,NONE_BASE,1,0,1
Y2_R034_C02_S06,Y2_boolean_variation,Y2,( ('gamma4' like '%zz') ),( ('gamma4' like '%zz') ),like_ilike,0,0.85,1.0,0.8,0.0,T0_generated_candidate,slot_sanity_or_static_issue,LLM_review_or_future_special_module,,,NONE_BASE,1,0,0
Y2_R034_C03_S01,Y2_boolean_variation,Y2,( not ('trace8' LIKE '%zz') ),( not ('trace8' LIKE '%zz') ),like_ilike,0,0.85,1.0,0.8,0.0,T0_generated_candidate,slot_sanity_or_static_issue,LLM_review_or_future_special_module,,,NONE_BASE,1,0,0
Y2_R034_C03_S02,Y2_boolean_variation,Y2,NOT  ('signal0'  like  '%zz'),NOT ('signal0' like '%zz'),like_ilike,0,0.85,1.0,0.8,0.0,T0_generated_candidate,slot_sanity_or_static_issue,LLM_review_or_future_special_module,,,NONE_BASE,1,0,0
Y2_R034_C03_S03,Y2_boolean_variation,Y2,( not ('alpha1' LIKE '%zz') ),( not ('alpha1' LIKE '%zz') ),like_ilike,0,0.85,1.0,0.8,0.0,T0_generated_candidate,slot_sanity_or_static_issue,LLM_review_or_future_special_module,,,NONE_BASE,1,0,0
Y2_R034_C03_S04,Y2_boolean_variation,Y2,NOT ('beta2' like '%a2'),NOT ('beta2' like '%a2'),like_ilike,0,0.85,1.0,0.8,0.0,T0_generated_candidate,slot_sanity_or_static_issue,LLM_review_or_future_special_module,,,NONE_BASE,1,0,0
Y2_R034_C03_S05,Y2_boolean_variation,Y2,(  not  ('gamma3'  LIKE  '%a3')  ),( not ('gamma3' LIKE '%a3') ),like_ilike,0,0.85,1.0,0.8,0.0,T0_generated_candidate,slot_sanity_or_static_issue,LLM_review_or_future_special_module,,,NONE_BASE,1,0,0
Y2_R034_C03_S06,Y2_boolean_variation,Y2,NOT ('delta4' like '%a4'),NOT ('delta4' like '%a4'),like_ilike,0,0.85,1.0,0.8,0.0,T0_generated_candidate,slot_sanity_or_static_issue,LLM_review_or_future_special_module,,,NONE_BASE,1,0,0
Y2_R034_C04_S01,Y2_boolean_variation,Y2,('signal8' LIKE '%l8') IS TRUE,('signal8' LIKE '%l8') IS TRUE,like_ilike,0,0.85,1.0,0.8,0.0,T0_generated_candidate,slot_sanity_or_static_issue,LLM_review_or_future_special_module,,,NONE_BASE,1,0,1
Y2_R034_C04_S02,Y2_boolean_variation,Y2,(  ('alpha0'  like  '%a0')  is  true  ),( ('alpha0' like '%a0') is true ),like_ilike,0,0.85,1.0,0.8,0.0,T0_generated_candidate,slot_sanity_or_static_issue,LLM_review_or_future_special_module,,,NONE_BASE,1,0,0
Y2_R034_C04_S03,Y2_boolean_variation,Y2,('beta1' LIKE '%a1') IS TRUE,('beta1' LIKE '%a1') IS TRUE,like_ilike,0,0.85,1.0,0.8,0.0,T0_generated_candidate,slot_sanity_or_static_issue,LLM_review_or_future_special_module,,,NONE_BASE,1,0,1
Y2_R034_C04_S04,Y2_boolean_variation,Y2,( ('gamma2' like '%zz') is true ),( ('gamma2' like '%zz') is true ),like_ilike,0,0.85,1.0,0.8,0.0,T0_generated_candidate,slot_sanity_or_static_issue,LLM_review_or_future_special_module,,,NONE_BASE,1,0,0
Y2_R034_C04_S05,Y2_boolean_variation,Y2,('delta3'  LIKE  '%zz')  IS  TRUE,('delta3' LIKE '%zz') IS TRUE,like_ilike,0,0.85,1.0,0.8,0.0,T0_generated_candidate,slot_sanity_or_static_issue,LLM_review_or_future_special_module,,,NONE_BASE,1,0,1
Y2_R034_C04_S06,Y2_boolean_variation,Y2,( ('omega4' like '%zz') is true ),( ('omega4' like '%zz') is true ),like_ilike,0,0.85,1.0,0.8,0.0,T0_generated_candidate,slot_sanity_or_static_issue,LLM_review_or_future_special_module,,,NONE_BASE,1,0,0
Y2_R034_C05_S01,Y2_boolean_variation,Y2,( ('alpha8' LIKE '%a8') IS not false ),( ('alpha8' LIKE '%a8') IS not false ),like_ilike,0,0.85,1.0,0.8,0.0,T0_generated_candidate,slot_sanity_or_static_issue,LLM_review_or_future_special_module,,,NONE_BASE,1,0,0
Y2_R034_C05_S02,Y2_boolean_variation,Y2,('beta0'  like  '%a0')  is  NOT  FALSE,('beta0' like '%a0') is NOT FALSE,like_ilike,0,0.85,1.0,0.8,0.0,T0_generated_candidate,slot_sanity_or_static_issue,LLM_review_or_future_special_module,,,NONE_BASE,1,0,0
Y2_R034_C05_S03,Y2_boolean_variation,Y2,( ('gamma1' LIKE '%a1') IS not false ),( ('gamma1' LIKE '%a1') IS not false ),like_ilike,0,0.85,1.0,0.8,0.0,T0_generated_candidate,slot_sanity_or_static_issue,LLM_review_or_future_special_module,,,NONE_BASE,1,0,0
Y2_R034_C05_S04,Y2_boolean_variation,Y2,('delta2' like '%zz') is NOT FALSE,('delta2' like '%zz') is NOT FALSE,like_ilike,0,0.85,1.0,0.8,0.0,T0_generated_candidate,slot_sanity_or_static_issue,LLM_review_or_future_special_module,,,NONE_BASE,1,0,0
Y2_R034_C05_S05,Y2_boolean_variation,Y2,(  ('omega3'  LIKE  '%zz')  IS  not  false  ),( ('omega3' LIKE '%zz') IS not false ),like_ilike,0,0.85,1.0,0.8,0.0,T0_generated_candidate,slot_sanity_or_static_issue,LLM_review_or_future_special_module,,,NONE_BASE,1,0,0
Y2_R034_C05_S06,Y2_boolean_variation,Y2,('active4' like '%zz') is NOT FALSE,('active4' like '%zz') is NOT FALSE,like_ilike,0,0.85,1.0,0.8,0.0,T0_generated_candidate,slot_sanity_or_static_issue,LLM_review_or_future_special_module,,,NONE_BASE,1,0,0
Y2_R034_C06_S01,Y2_boolean_variation,Y2,CASE WHEN ('beta8' LIKE '%a8') THEN TRUE ELSE false end,CASE WHEN ('beta8' LIKE '%a8') THEN TRUE ELSE false end,like_ilike,0,0.85,1.0,0.8,0.0,T0_generated_candidate,slot_sanity_or_static_issue,LLM_review_or_future_special_module,,,NONE_BASE,1,0,0
Y2_R034_C06_S02,Y2_boolean_variation,Y2,(  case  when  ('gamma0'  like  '%a0')  then  true  else  FALSE  END  ),( case when ('gamma0' like '%a0') then true else FALSE END ),like_ilike,0,0.85,1.0,0.8,0.0,T0_generated_candidate,slot_sanity_or_static_issue,LLM_review_or_future_special_module,,,NONE_BASE,1,0,0
Y2_R034_C06_S03,Y2_boolean_variation,Y2,CASE WHEN ('delta1' LIKE '%a1') THEN TRUE ELSE false end,CASE WHEN ('delta1' LIKE '%a1') THEN TRUE ELSE false end,like_ilike,0,0.85,1.0,0.8,0.0,T0_generated_candidate,slot_sanity_or_static_issue,LLM_review_or_future_special_module,,,NONE_BASE,1,0,0
Y2_R034_C06_S04,Y2_boolean_variation,Y2,( case when ('omega2' like '%zz') then true else FALSE END ),( case when ('omega2' like '%zz') then true else FALSE END ),like_ilike,0,0.85,1.0,0.8,0.0,T0_generated_candidate,slot_sanity_or_static_issue,LLM_review_or_future_special_module,,,NONE_BASE,1,0,0
Y2_R034_C06_S05,Y2_boolean_variation,Y2,CASE  WHEN  ('active3'  LIKE  '%zz')  THEN  TRUE  ELSE  false  end,CASE WHEN ('active3' LIKE '%zz') THEN TRUE ELSE false end,like_ilike,0,0.85,1.0,0.8,0.0,T0_generated_candidate,slot_sanity_or_static_issue,LLM_review_or_future_special_module,,,NONE_BASE,1,0,0
Y2_R034_C06_S06,Y2_boolean_variation,Y2,( case when ('pending4' like '%zz') then true else FALSE END ),( case when ('pending4' like '%zz') then true else FALSE END ),like_ilike,0,0.85,1.0,0.8,0.0,T0_generated_candidate,slot_sanity_or_static_issue,LLM_review_or_future_special_module,,,NONE_BASE,1,0,0
Y2_R034_C07_S01,Y2_boolean_variation,Y2,( ('gamma8' LIKE '%a8') and (89 = 89) ),( ('gamma8' LIKE '%a8') and (89 = 89) ),like_ilike,0,0.85,1.0,0.8,0.0,T0_generated_candidate,slot_sanity_or_static_issue,LLM_review_or_future_special_module,,,NONE_BASE,1,0,0
Y2_R034_C07_S02,Y2_boolean_variation,Y2,('delta0'  like  '%a0')  AND  (5  =  5),('delta0' like '%a0') AND (5 = 5),like_ilike,0,0.85,1.0,0.8,0.0,T0_generated_candidate,slot_sanity_or_static_issue,LLM_review_or_future_special_module,,,NONE_BASE,1,0,0
Y2_R034_C07_S03,Y2_boolean_variation,Y2,( ('omega1' LIKE '%a1') and (18 = 18) ),( ('omega1' LIKE '%a1') and (18 = 18) ),like_ilike,0,0.85,1.0,0.8,0.0,T0_generated_candidate,slot_sanity_or_static_issue,LLM_review_or_future_special_module,,,NONE_BASE,1,0,0
Y2_R034_C07_S04,Y2_boolean_variation,Y2,('active2' like '%zz') AND (31 = 31),('active2' like '%zz') AND (31 = 31),like_ilike,0,0.85,1.0,0.8,0.0,T0_generated_candidate,slot_sanity_or_static_issue,LLM_review_or_future_special_module,,,NONE_BASE,1,0,0
Y2_R034_C07_S05,Y2_boolean_variation,Y2,(  ('pending3'  LIKE  '%zz')  and  (44  =  44)  ),( ('pending3' LIKE '%zz') and (44 = 44) ),like_ilike,0,0.85,1.0,0.8,0.0,T0_generated_candidate,slot_sanity_or_static_issue,LLM_review_or_future_special_module,,,NONE_BASE,1,0,0
Y2_R034_C07_S06,Y2_boolean_variation,Y2,('public4' like '%zz') AND (57 = 57),('public4' like '%zz') AND (57 = 57),like_ilike,0,0.85,1.0,0.8,0.0,T0_generated_candidate,slot_sanity_or_static_issue,LLM_review_or_future_special_module,,,NONE_BASE,1,0,0
Y2_R034_C08_S01,Y2_boolean_variation,Y2,('delta8' LIKE '%a8') OR (20 <> 20),('delta8' LIKE '%a8') OR (20 <> 20),like_ilike,0,0.85,1.0,0.8,0.0,T0_generated_candidate,slot_sanity_or_static_issue,LLM_review_or_future_special_module,,,NONE_BASE,1,0,1
Y2_R034_C08_S02,Y2_boolean_variation,Y2,(  ('omega0'  like  '%a0')  or  (33  <>  33)  ),( ('omega0' like '%a0') or (33 <> 33) ),like_ilike,0,0.85,1.0,0.8,0.0,T0_generated_candidate,slot_sanity_or_static_issue,LLM_review_or_future_special_module,,,NONE_BASE,1,0,0
Y2_R034_C08_S03,Y2_boolean_variation,Y2,('active1' LIKE '%e1') OR (46 <> 46),('active1' LIKE '%e1') OR (46 <> 46),like_ilike,0,0.85,1.0,0.8,0.0,T0_generated_candidate,slot_sanity_or_static_issue,LLM_review_or_future_special_module,,,NONE_BASE,1,0,1
Y2_R034_C08_S04,Y2_boolean_variation,Y2,( ('pending2' like '%zz') or (59 <> 59) ),( ('pending2' like '%zz') or (59 <> 59) ),like_ilike,0,0.85,1.0,0.8,0.0,T0_generated_candidate,slot_sanity_or_static_issue,LLM_review_or_future_special_module,,,NONE_BASE,1,0,0
Y2_R034_C08_S05,Y2_boolean_variation,Y2,('public3'  LIKE  '%zz')  OR  (72  <>  72),('public3' LIKE '%zz') OR (72 <> 72),like_ilike,0,0.85,1.0,0.8,0.0,T0_generated_candidate,slot_sanity_or_static_issue,LLM_review_or_future_special_module,,,NONE_BASE,1,0,1
Y2_R034_C08_S06,Y2_boolean_variation,Y2,( ('member4' like '%zz') or (85 <> 85) ),( ('member4' like '%zz') or (85 <> 85) ),like_ilike,0,0.85,1.0,0.8,0.0,T0_generated_candidate,slot_sanity_or_static_issue,LLM_review_or_future_special_module,,,NONE_BASE,1,0,0
Y2_R034_C09_S01,Y2_boolean_variation,Y2,( (('omega8' LIKE '%a8') = TRUE) ),( (('omega8' LIKE '%a8') = TRUE) ),like_ilike,0,0.85,1.0,0.8,0.0,T0_generated_candidate,slot_sanity_or_static_issue,LLM_review_or_future_special_module,,,NONE_BASE,1,0,1
Y2_R034_C09_S02,Y2_boolean_variation,Y2,(('active0'  like  '%e0')  =  true),(('active0' like '%e0') = true),like_ilike,0,0.85,1.0,0.8,0.0,T0_generated_candidate,slot_sanity_or_static_issue,LLM_review_or_future_special_module,,,NONE_BASE,1,0,0
Y2_R034_C09_S03,Y2_boolean_variation,Y2,( (('pending1' LIKE '%g1') = TRUE) ),( (('pending1' LIKE '%g1') = TRUE) ),like_ilike,0,0.85,1.0,0.8,0.0,T0_generated_candidate,slot_sanity_or_static_issue,LLM_review_or_future_special_module,,,NONE_BASE,1,0,1
Y2_R034_C09_S04,Y2_boolean_variation,Y2,(('public2' like '%zz') = true),(('public2' like '%zz') = true),like_ilike,0,0.85,1.0,0.8,0.0,T0_generated_candidate,slot_sanity_or_static_issue,LLM_review_or_future_special_module,,,NONE_BASE,1,0,0
Y2_R034_C09_S05,Y2_boolean_variation,Y2,(  (('member3'  LIKE  '%zz')  =  TRUE)  ),( (('member3' LIKE '%zz') = TRUE) ),like_ilike,0,0.85,1.0,0.8,0.0,T0_generated_candidate,slot_sanity_or_static_issue,LLM_review_or_future_special_module,,,NONE_BASE,1,0,1
Y2_R034_C09_S06,Y2_boolean_variation,Y2,(('stone4' like '%zz') = true),(('stone4' like '%zz') = true),like_ilike,0,0.85,1.0,0.8,0.0,T0_generated_candidate,slot_sanity_or_static_issue,LLM_review_or_future_special_module,,,NONE_BASE,1,0,0
Y2_R034_C10_S01,Y2_boolean_variation,Y2,"COALESCE(('active8' LIKE '%e8'), false)","COALESCE(('active8' LIKE '%e8'), false)",like_ilike,0,0.85,1.0,0.8,0.0,T0_generated_candidate,slot_sanity_or_static_issue,LLM_review_or_future_special_module,,,NONE_BASE,1,0,0
Y2_R034_C10_S02,Y2_boolean_variation,Y2,"(  coalesce(('pending0'  like  '%g0'),  FALSE)  )","( coalesce(('pending0' like '%g0'), FALSE) )",like_ilike,0,0.85,1.0,0.8,0.0,T0_generated_candidate,slot_sanity_or_static_issue,LLM_review_or_future_special_module,,,NONE_BASE,1,0,0
Y2_R034_C10_S03,Y2_boolean_variation,Y2,"COALESCE(('public1' LIKE '%c1'), false)","COALESCE(('public1' LIKE '%c1'), false)",like_ilike,0,0.85,1.0,0.8,0.0,T0_generated_candidate,slot_sanity_or_static_issue,LLM_review_or_future_special_module,,,NONE_BASE,1,0,0
Y2_R034_C10_S04,Y2_boolean_variation,Y2,"( coalesce(('member2' like '%zz'), FALSE) )","( coalesce(('member2' like '%zz'), FALSE) )",like_ilike,0,0.85,1.0,0.8,0.0,T0_generated_candidate,slot_sanity_or_static_issue,LLM_review_or_future_special_module,,,NONE_BASE,1,0,0
Y2_R034_C10_S05,Y2_boolean_variation,Y2,"COALESCE(('stone3'  LIKE  '%zz'),  false)","COALESCE(('stone3' LIKE '%zz'), false)",like_ilike,0,0.85,1.0,0.8,0.0,T0_generated_candidate,slot_sanity_or_static_issue,LLM_review_or_future_special_module,,,NONE_BASE,1,0,0
Y2_R034_C10_S06,Y2_boolean_variation,Y2,"( coalesce(('north4' like '%zz'), FALSE) )","( coalesce(('north4' like '%zz'), FALSE) )",like_ilike,0,0.85,1.0,0.8,0.0,T0_generated_candidate,slot_sanity_or_static_issue,LLM_review_or_future_special_module,,,NONE_BASE,1,0,0
Y2_R035_C01_S01,Y2_boolean_variation,Y2,'audit0'  ILIKE  '%ud%','audit0' ILIKE '%ud%',like_ilike,0,0.85,1.0,0.8,0.0,T0_generated_candidate,slot_sanity_or_static_issue,LLM_review_or_future_special_module,,,NONE_BASE,1,0,1
Y2_R035_C01_S02,Y2_boolean_variation,Y2,( 'trace1' ilike '%ra%' ),( 'trace1' ilike '%ra%' ),like_ilike,0,0.85,1.0,0.8,0.0,T0_generated_candidate,slot_sanity_or_static_issue,LLM_review_or_future_special_module,,,NONE_BASE,1,0,0
Y2_R035_C01_S03,Y2_boolean_variation,Y2,'signal2' ILIKE '%ig%','signal2' ILIKE '%ig%',like_ilike,0,0.85,1.0,0.8,0.0,T0_generated_candidate,slot_sanity_or_static_issue,LLM_review_or_future_special_module,,,NONE_BASE,1,0,1
Y2_R035_C01_S04,Y2_boolean_variation,Y2,(  'alpha3'  ilike  '%zz%'  ),( 'alpha3' ilike '%zz%' ),like_ilike,0,0.85,1.0,0.8,0.0,T0_generated_candidate,slot_sanity_or_static_issue,LLM_review_or_future_special_module,,,NONE_BASE,1,0,0
Y2_R035_C01_S05,Y2_boolean_variation,Y2,'beta4' ILIKE '%zz%','beta4' ILIKE '%zz%',like_ilike,0,0.85,1.0,0.8,0.0,T0_generated_candidate,slot_sanity_or_static_issue,LLM_review_or_future_special_module,,,NONE_BASE,1,0,1
Y2_R035_C01_S06,Y2_boolean_variation,Y2,( 'gamma5' ilike '%zz%' ),( 'gamma5' ilike '%zz%' ),like_ilike,0,0.85,1.0,0.8,0.0,T0_generated_candidate,slot_sanity_or_static_issue,LLM_review_or_future_special_module,,,NONE_BASE,1,0,0
Y2_R035_C02_S01,Y2_boolean_variation,Y2,(  ('trace0'  ILIKE  '%ra%')  ),( ('trace0' ILIKE '%ra%') ),like_ilike,0,0.85,1.0,0.8,0.0,T0_generated_candidate,slot_sanity_or_static_issue,LLM_review_or_future_special_module,,,NONE_BASE,1,0,1
Y2_R035_C02_S02,Y2_boolean_variation,Y2,('signal1' ilike '%ig%'),('signal1' ilike '%ig%'),like_ilike,0,0.85,1.0,0.8,0.0,T0_generated_candidate,slot_sanity_or_static_issue,LLM_review_or_future_special_module,,,NONE_BASE,1,0,0
Y2_R035_C02_S03,Y2_boolean_variation,Y2,( ('alpha2' ILIKE '%lp%') ),( ('alpha2' ILIKE '%lp%') ),like_ilike,0,0.85,1.0,0.8,0.0,T0_generated_candidate,slot_sanity_or_static_issue,LLM_review_or_future_special_module,,,NONE_BASE,1,0,1
Y2_R035_C02_S04,Y2_boolean_variation,Y2,('beta3'  ilike  '%zz%'),('beta3' ilike '%zz%'),like_ilike,0,0.85,1.0,0.8,0.0,T0_generated_candidate,slot_sanity_or_static_issue,LLM_review_or_future_special_module,,,NONE_BASE,1,0,0
Y2_R035_C02_S05,Y2_boolean_variation,Y2,( ('gamma4' ILIKE '%zz%') ),( ('gamma4' ILIKE '%zz%') ),like_ilike,0,0.85,1.0,0.8,0.0,T0_generated_candidate,slot_sanity_or_static_issue,LLM_review_or_future_special_module,,,NONE_BASE,1,0,1
Y2_R035_C02_S06,Y2_boolean_variation,Y2,('delta5' ilike '%zz%'),('delta5' ilike '%zz%'),like_ilike,0,0.85,1.0,0.8,0.0,T0_generated_candidate,slot_sanity_or_static_issue,LLM_review_or_future_special_module,,,NONE_BASE,1,0,0
Y2_R035_C03_S01,Y2_boolean_variation,Y2,NOT  ('signal0'  ILIKE  '%zz%'),NOT ('signal0' ILIKE '%zz%'),like_ilike,0,0.85,1.0,0.8,0.0,T0_generated_candidate,slot_sanity_or_static_issue,LLM_review_or_future_special_module,,,NONE_BASE,1,0,1
Y2_R035_C03_S02,Y2_boolean_variation,Y2,( not ('alpha1' ilike '%zz%') ),( not ('alpha1' ilike '%zz%') ),like_ilike,0,0.85,1.0,0.8,0.0,T0_generated_candidate,slot_sanity_or_static_issue,LLM_review_or_future_special_module,,,NONE_BASE,1,0,0
Y2_R035_C03_S03,Y2_boolean_variation,Y2,NOT ('beta2' ILIKE '%zz%'),NOT ('beta2' ILIKE '%zz%'),like_ilike,0,0.85,1.0,0.8,0.0,T0_generated_candidate,slot_sanity_or_static_issue,LLM_review_or_future_special_module,,,NONE_BASE,1,0,1
Y2_R035_C03_S04,Y2_boolean_variation,Y2,(  not  ('gamma3'  ilike  '%am%')  ),( not ('gamma3' ilike '%am%') ),like_ilike,0,0.85,1.0,0.8,0.0,T0_generated_candidate,slot_sanity_or_static_issue,LLM_review_or_future_special_module,,,NONE_BASE,1,0,0
Y2_R035_C03_S05,Y2_boolean_variation,Y2,NOT ('delta4' ILIKE '%el%'),NOT ('delta4' ILIKE '%el%'),like_ilike,0,0.85,1.0,0.8,0.0,T0_generated_candidate,slot_sanity_or_static_issue,LLM_review_or_future_special_module,,,NONE_BASE,1,0,1
Y2_R035_C03_S06,Y2_boolean_variation,Y2,( not ('omega5' ilike '%me%') ),( not ('omega5' ilike '%me%') ),like_ilike,0,0.85,1.0,0.8,0.0,T0_generated_candidate,slot_sanity_or_static_issue,LLM_review_or_future_special_module,,,NONE_BASE,1,0,0
Y2_R035_C04_S01,Y2_boolean_variation,Y2,(  ('alpha0'  ILIKE  '%lp%')  is  true  ),( ('alpha0' ILIKE '%lp%') is true ),like_ilike,0,0.85,1.0,0.8,0.0,T0_generated_candidate,slot_sanity_or_static_issue,LLM_review_or_future_special_module,,,NONE_BASE,1,0,0
Y2_R035_C04_S02,Y2_boolean_variation,Y2,('beta1' ilike '%et%') IS TRUE,('beta1' ilike '%et%') IS TRUE,like_ilike,0,0.85,1.0,0.8,0.0,T0_generated_candidate,slot_sanity_or_static_issue,LLM_review_or_future_special_module,,,NONE_BASE,1,0,0
Y2_R035_C04_S03,Y2_boolean_variation,Y2,( ('gamma2' ILIKE '%am%') is true ),( ('gamma2' ILIKE '%am%') is true ),like_ilike,0,0.85,1.0,0.8,0.0,T0_generated_candidate,slot_sanity_or_static_issue,LLM_review_or_future_special_module,,,NONE_BASE,1,0,0
Y2_R035_C04_S04,Y2_boolean_variation,Y2,('delta3'  ilike  '%zz%')  IS  TRUE,('delta3' ilike '%zz%') IS TRUE,like_ilike,0,0.85,1.0,0.8,0.0,T0_generated_candidate,slot_sanity_or_static_issue,LLM_review_or_future_special_module,,,NONE_BASE,1,0,0
Y2_R035_C04_S05,Y2_boolean_variation,Y2,( ('omega4' ILIKE '%zz%') is true ),( ('omega4' ILIKE '%zz%') is true ),like_ilike,0,0.85,1.0,0.8,0.0,T0_generated_candidate,slot_sanity_or_static_issue,LLM_review_or_future_special_module,,,NONE_BASE,1,0,0
Y2_R035_C04_S06,Y2_boolean_variation,Y2,('active5' ilike '%zz%') IS TRUE,('active5' ilike '%zz%') IS TRUE,like_ilike,0,0.85,1.0,0.8,0.0,T0_generated_candidate,slot_sanity_or_static_issue,LLM_review_or_future_special_module,,,NONE_BASE,1,0,0
Y2_R035_C05_S01,Y2_boolean_variation,Y2,('beta0'  ILIKE  '%et%')  is  NOT  FALSE,('beta0' ILIKE '%et%') is NOT FALSE,like_ilike,0,0.85,1.0,0.8,0.0,T0_generated_candidate,slot_sanity_or_static_issue,LLM_review_or_future_special_module,,,NONE_BASE,1,0,0
Y2_R035_C05_S02,Y2_boolean_variation,Y2,( ('gamma1' ilike '%am%') IS not false ),( ('gamma1' ilike '%am%') IS not false ),like_ilike,0,0.85,1.0,0.8,0.0,T0_generated_candidate,slot_sanity_or_static_issue,LLM_review_or_future_special_module,,,NONE_BASE,1,0,0
Y2_R035_C05_S03,Y2_boolean_variation,Y2,('delta2' ILIKE '%el%') is NOT FALSE,('delta2' ILIKE '%el%') is NOT FALSE,like_ilike,0,0.85,1.0,0.8,0.0,T0_generated_candidate,slot_sanity_or_static_issue,LLM_review_or_future_special_module,,,NONE_BASE,1,0,0
Y2_R035_C05_S04,Y2_boolean_variation,Y2,(  ('omega3'  ilike  '%zz%')  IS  not  false  ),( ('omega3' ilike '%zz%') IS not false ),like_ilike,0,0.85,1.0,0.8,0.0,T0_generated_candidate,slot_sanity_or_static_issue,LLM_review_or_future_special_module,,,NONE_BASE,1,0,0
Y2_R035_C05_S05,Y2_boolean_variation,Y2,('active4' ILIKE '%zz%') is NOT FALSE,('active4' ILIKE '%zz%') is NOT FALSE,like_ilike,0,0.85,1.0,0.8,0.0,T0_generated_candidate,slot_sanity_or_static_issue,LLM_review_or_future_special_module,,,NONE_BASE,1,0,0
Y2_R035_C05_S06,Y2_boolean_variation,Y2,( ('pending5' ilike '%zz%') IS not false ),( ('pending5' ilike '%zz%') IS not false ),like_ilike,0,0.85,1.0,0.8,0.0,T0_generated_candidate,slot_sanity_or_static_issue,LLM_review_or_future_special_module,,,NONE_BASE,1,0,0
Y2_R035_C06_S01,Y2_boolean_variation,Y2,(  case  when  ('gamma0'  ILIKE  '%am%')  then  true  else  FALSE  END  ),( case when ('gamma0' ILIKE '%am%') then true else FALSE END ),like_ilike,0,0.85,1.0,0.8,0.0,T0_generated_candidate,slot_sanity_or_static_issue,LLM_review_or_future_special_module,,,NONE_BASE,1,0,0
Y2_R035_C06_S02,Y2_boolean_variation,Y2,CASE WHEN ('delta1' ilike '%el%') THEN TRUE ELSE false end,CASE WHEN ('delta1' ilike '%el%') THEN TRUE ELSE false end,like_ilike,0,0.85,1.0,0.8,0.0,T0_generated_candidate,slot_sanity_or_static_issue,LLM_review_or_future_special_module,,,NONE_BASE,1,0,0
Y2_R035_C06_S03,Y2_boolean_variation,Y2,( case when ('omega2' ILIKE '%me%') then true else FALSE END ),( case when ('omega2' ILIKE '%me%') then true else FALSE END ),like_ilike,0,0.85,1.0,0.8,0.0,T0_generated_candidate,slot_sanity_or_static_issue,LLM_review_or_future_special_module,,,NONE_BASE,1,0,0
Y2_R035_C06_S04,Y2_boolean_variation,Y2,CASE  WHEN  ('active3'  ilike  '%zz%')  THEN  TRUE  ELSE  false  end,CASE WHEN ('active3' ilike '%zz%') THEN TRUE ELSE false end,like_ilike,0,0.85,1.0,0.8,0.0,T0_generated_candidate,slot_sanity_or_static_issue,LLM_review_or_future_special_module,,,NONE_BASE,1,0,0
Y2_R035_C06_S05,Y2_boolean_variation,Y2,( case when ('pending4' ILIKE '%zz%') then true else FALSE END ),( case when ('pending4' ILIKE '%zz%') then true else FALSE END ),like_ilike,0,0.85,1.0,0.8,0.0,T0_generated_candidate,slot_sanity_or_static_issue,LLM_review_or_future_special_module,,,NONE_BASE,1,0,0
Y2_R035_C06_S06,Y2_boolean_variation,Y2,CASE WHEN ('public5' ilike '%zz%') THEN TRUE ELSE false end,CASE WHEN ('public5' ilike '%zz%') THEN TRUE ELSE false end,like_ilike,0,0.85,1.0,0.8,0.0,T0_generated_candidate,slot_sanity_or_static_issue,LLM_review_or_future_special_module,,,NONE_BASE,1,0,0
Y2_R035_C07_S01,Y2_boolean_variation,Y2,('delta0'  ILIKE  '%el%')  AND  (96  =  96),('delta0' ILIKE '%el%') AND (96 = 96),like_ilike,0,0.85,1.0,0.8,0.0,T0_generated_candidate,slot_sanity_or_static_issue,LLM_review_or_future_special_module,,,NONE_BASE,1,0,1
Y2_R035_C07_S02,Y2_boolean_variation,Y2,( ('omega1' ilike '%me%') and (12 = 12) ),( ('omega1' ilike '%me%') and (12 = 12) ),like_ilike,0,0.85,1.0,0.8,0.0,T0_generated_candidate,slot_sanity_or_static_issue,LLM_review_or_future_special_module,,,NONE_BASE,1,0,0
Y2_R035_C07_S03,Y2_boolean_variation,Y2,('active2' ILIKE '%ct%') AND (25 = 25),('active2' ILIKE '%ct%') AND (25 = 25),like_ilike,0,0.85,1.0,0.8,0.0,T0_generated_candidate,slot_sanity_or_static_issue,LLM_review_or_future_special_module,,,NONE_BASE,1,0,1
Y2_R035_C07_S04,Y2_boolean_variation,Y2,(  ('pending3'  ilike  '%zz%')  and  (38  =  38)  ),( ('pending3' ilike '%zz%') and (38 = 38) ),like_ilike,0,0.85,1.0,0.8,0.0,T0_generated_candidate,slot_sanity_or_static_issue,LLM_review_or_future_special_module,,,NONE_BASE,1,0,0
Y2_R035_C07_S05,Y2_boolean_variation,Y2,('public4' ILIKE '%zz%') AND (51 = 51),('public4' ILIKE '%zz%') AND (51 = 51),like_ilike,0,0.85,1.0,0.8,0.0,T0_generated_candidate,slot_sanity_or_static_issue,LLM_review_or_future_special_module,,,NONE_BASE,1,0,1
Y2_R035_C07_S06,Y2_boolean_variation,Y2,( ('member5' ilike '%zz%') and (64 = 64) ),( ('member5' ilike '%zz%') and (64 = 64) ),like_ilike,0,0.85,1.0,0.8,0.0,T0_generated_candidate,slot_sanity_or_static_issue,LLM_review_or_future_special_module,,,NONE_BASE,1,0,0
Y2_R035_C08_S01,Y2_boolean_variation,Y2,(  ('omega0'  ILIKE  '%me%')  or  (27  <>  27)  ),( ('omega0' ILIKE '%me%') or (27 <> 27) ),like_ilike,0,0.85,1.0,0.8,0.0,T0_generated_candidate,slot_sanity_or_static_issue,LLM_review_or_future_special_module,,,NONE_BASE,1,0,0
Y2_R035_C08_S02,Y2_boolean_variation,Y2,('active1' ilike '%ct%') OR (40 <> 40),('active1' ilike '%ct%') OR (40 <> 40),like_ilike,0,0.85,1.0,0.8,0.0,T0_generated_candidate,slot_sanity_or_static_issue,LLM_review_or_future_special_module,,,NONE_BASE,1,0,0
Y2_R035_C08_S03,Y2_boolean_variation,Y2,( ('pending2' ILIKE '%en%') or (53 <> 53) ),( ('pending2' ILIKE '%en%') or (53 <> 53) ),like_ilike,0,0.85,1.0,0.8,0.0,T0_generated_candidate,slot_sanity_or_static_issue,LLM_review_or_future_special_module,,,NONE_BASE,1,0,0
Y2_R035_C08_S04,Y2_boolean_variation,Y2,('public3'  ilike  '%zz%')  OR  (66  <>  66),('public3' ilike '%zz%') OR (66 <> 66),like_ilike,0,0.85,1.0,0.8,0.0,T0_generated_candidate,slot_sanity_or_static_issue,LLM_review_or_future_special_module,,,NONE_BASE,1,0,0
Y2_R035_C08_S05,Y2_boolean_variation,Y2,( ('member4' ILIKE '%zz%') or (79 <> 79) ),( ('member4' ILIKE '%zz%') or (79 <> 79) ),like_ilike,0,0.85,1.0,0.8,0.0,T0_generated_candidate,slot_sanity_or_static_issue,LLM_review_or_future_special_module,,,NONE_BASE,1,0,0
Y2_R035_C08_S06,Y2_boolean_variation,Y2,('stone5' ilike '%zz%') OR (92 <> 92),('stone5' ilike '%zz%') OR (92 <> 92),like_ilike,0,0.85,1.0,0.8,0.0,T0_generated_candidate,slot_sanity_or_static_issue,LLM_review_or_future_special_module,,,NONE_BASE,1,0,0
Y2_R035_C09_S01,Y2_boolean_variation,Y2,(('active0'  ILIKE  '%ct%')  =  true),(('active0' ILIKE '%ct%') = true),like_ilike,0,0.85,1.0,0.8,0.0,T0_generated_candidate,slot_sanity_or_static_issue,LLM_review_or_future_special_module,,,NONE_BASE,1,0,0
Y2_R035_C09_S02,Y2_boolean_variation,Y2,( (('pending1' ilike '%en%') = TRUE) ),( (('pending1' ilike '%en%') = TRUE) ),like_ilike,0,0.85,1.0,0.8,0.0,T0_generated_candidate,slot_sanity_or_static_issue,LLM_review_or_future_special_module,,,NONE_BASE,1,0,0
Y2_R035_C09_S03,Y2_boolean_variation,Y2,(('public2' ILIKE '%ub%') = true),(('public2' ILIKE '%ub%') = true),like_ilike,0,0.85,1.0,0.8,0.0,T0_generated_candidate,slot_sanity_or_static_issue,LLM_review_or_future_special_module,,,NONE_BASE,1,0,0
Y2_R035_C09_S04,Y2_boolean_variation,Y2,(  (('member3'  ilike  '%zz%')  =  TRUE)  ),( (('member3' ilike '%zz%') = TRUE) ),like_ilike,0,0.85,1.0,0.8,0.0,T0_generated_candidate,slot_sanity_or_static_issue,LLM_review_or_future_special_module,,,NONE_BASE,1,0,0
Y2_R035_C09_S05,Y2_boolean_variation,Y2,(('stone4' ILIKE '%zz%') = true),(('stone4' ILIKE '%zz%') = true),like_ilike,0,0.85,1.0,0.8,0.0,T0_generated_candidate,slot_sanity_or_static_issue,LLM_review_or_future_special_module,,,NONE_BASE,1,0,0
Y2_R035_C09_S06,Y2_boolean_variation,Y2,( (('north5' ilike '%zz%') = TRUE) ),( (('north5' ilike '%zz%') = TRUE) ),like_ilike,0,0.85,1.0,0.8,0.0,T0_generated_candidate,slot_sanity_or_static_issue,LLM_review_or_future_special_module,,,NONE_BASE,1,0,0
Y2_R035_C10_S01,Y2_boolean_variation,Y2,"(  coalesce(('pending0'  ILIKE  '%en%'),  FALSE)  )","( coalesce(('pending0' ILIKE '%en%'), FALSE) )",like_ilike,0,0.85,1.0,0.8,0.0,T0_generated_candidate,slot_sanity_or_static_issue,LLM_review_or_future_special_module,,,NONE_BASE,1,0,0
Y2_R035_C10_S02,Y2_boolean_variation,Y2,"COALESCE(('public1' ilike '%ub%'), false)","COALESCE(('public1' ilike '%ub%'), false)",like_ilike,0,0.85,1.0,0.8,0.0,T0_generated_candidate,slot_sanity_or_static_issue,LLM_review_or_future_special_module,,,NONE_BASE,1,0,0
Y2_R035_C10_S03,Y2_boolean_variation,Y2,"( coalesce(('member2' ILIKE '%em%'), FALSE) )","( coalesce(('member2' ILIKE '%em%'), FALSE) )",like_ilike,0,0.85,1.0,0.8,0.0,T0_generated_candidate,slot_sanity_or_static_issue,LLM_review_or_future_special_module,,,NONE_BASE,1,0,0
Y2_R035_C10_S04,Y2_boolean_variation,Y2,"COALESCE(('stone3'  ilike  '%zz%'),  false)","COALESCE(('stone3' ilike '%zz%'), false)",like_ilike,0,0.85,1.0,0.8,0.0,T0_generated_candidate,slot_sanity_or_static_issue,LLM_review_or_future_special_module,,,NONE_BASE,1,0,0
Y2_R035_C10_S05,Y2_boolean_variation,Y2,"( coalesce(('north4' ILIKE '%zz%'), FALSE) )","( coalesce(('north4' ILIKE '%zz%'), FALSE) )",like_ilike,0,0.85,1.0,0.8,0.0,T0_generated_candidate,slot_sanity_or_static_issue,LLM_review_or_future_special_module,,,NONE_BASE,1,0,0
Y2_R035_C10_S06,Y2_boolean_variation,Y2,"COALESCE(('south5' ilike '%zz%'), false)","COALESCE(('south5' ilike '%zz%'), false)",like_ilike,0,0.85,1.0,0.8,0.0,T0_generated_candidate,slot_sanity_or_static_issue,LLM_review_or_future_special_module,,,NONE_BASE,1,0,0
Y2_R039_C03_S01,Y2_boolean_variation,Y2,NOT ('delta4' SIMILAR TO 'zz%'),NOT ('delta4' SIMILAR TO 'zz%'),regex_match,0,0.85,1.0,0.8,0.0,T0_generated_candidate,slot_sanity_or_static_issue,LLM_review_or_future_special_module,,,NONE_BASE,1,0,1
Y2_R039_C03_S02,Y2_boolean_variation,Y2,( not ('omega5' SIMILAR TO 'zz%') ),( not ('omega5' SIMILAR TO 'zz%') ),regex_match,0,0.85,1.0,0.8,0.0,T0_generated_candidate,slot_sanity_or_static_issue,LLM_review_or_future_special_module,,,NONE_BASE,1,0,0
Y2_R039_C03_S03,Y2_boolean_variation,Y2,NOT  ('active6'  SIMILAR  TO  'zz%'),NOT ('active6' SIMILAR TO 'zz%'),regex_match,0,0.85,1.0,0.8,0.0,T0_generated_candidate,slot_sanity_or_static_issue,LLM_review_or_future_special_module,,,NONE_BASE,1,0,1
Y2_R039_C03_S04,Y2_boolean_variation,Y2,( not ('pending7' SIMILAR TO 'pe%') ),( not ('pending7' SIMILAR TO 'pe%') ),regex_match,0,0.85,1.0,0.8,0.0,T0_generated_candidate,slot_sanity_or_static_issue,LLM_review_or_future_special_module,,,NONE_BASE,1,0,0
Y2_R039_C03_S05,Y2_boolean_variation,Y2,NOT ('public8' SIMILAR TO 'pu%'),NOT ('public8' SIMILAR TO 'pu%'),regex_match,0,0.85,1.0,0.8,0.0,T0_generated_candidate,slot_sanity_or_static_issue,LLM_review_or_future_special_module,,,NONE_BASE,1,0,1
Y2_R039_C03_S06,Y2_boolean_variation,Y2,(  not  ('member0'  SIMILAR  TO  'me%')  ),( not ('member0' SIMILAR TO 'me%') ),regex_match,0,0.85,1.0,0.8,0.0,T0_generated_candidate,slot_sanity_or_static_issue,LLM_review_or_future_special_module,,,NONE_BASE,1,0,0
Y2_R039_C04_S01,Y2_boolean_variation,Y2,( ('omega4' SIMILAR TO 'om%') is true ),( ('omega4' SIMILAR TO 'om%') is true ),regex_match,0,0.85,1.0,0.8,0.0,T0_generated_candidate,slot_sanity_or_static_issue,LLM_review_or_future_special_module,,,NONE_BASE,1,0,0
Y2_R039_C04_S02,Y2_boolean_variation,Y2,('active5' SIMILAR TO 'ac%') IS TRUE,('active5' SIMILAR TO 'ac%') IS TRUE,regex_match,0,0.85,1.0,0.8,0.0,T0_generated_candidate,slot_sanity_or_static_issue,LLM_review_or_future_special_module,,,NONE_BASE,1,0,1
Y2_R039_C04_S03,Y2_boolean_variation,Y2,(  ('pending6'  SIMILAR  TO  'pe%')  is  true  ),( ('pending6' SIMILAR TO 'pe%') is true ),regex_match,0,0.85,1.0,0.8,0.0,T0_generated_candidate,slot_sanity_or_static_issue,LLM_review_or_future_special_module,,,NONE_BASE,1,0,0
Y2_R039_C04_S04,Y2_boolean_variation,Y2,('public7' SIMILAR TO 'zz%') IS TRUE,('public7' SIMILAR TO 'zz%') IS TRUE,regex_match,0,0.85,1.0,0.8,0.0,T0_generated_candidate,slot_sanity_or_static_issue,LLM_review_or_future_special_module,,,NONE_BASE,1,0,1
Y2_R039_C04_S05,Y2_boolean_variation,Y2,( ('member8' SIMILAR TO 'zz%') is true ),( ('member8' SIMILAR TO 'zz%') is true ),regex_match,0,0.85,1.0,0.8,0.0,T0_generated_candidate,slot_sanity_or_static_issue,LLM_review_or_future_special_module,,,NONE_BASE,1,0,0
Y2_R039_C04_S06,Y2_boolean_variation,Y2,('stone0'  SIMILAR  TO  'zz%')  IS  TRUE,('stone0' SIMILAR TO 'zz%') IS TRUE,regex_match,0,0.85,1.0,0.8,0.0,T0_generated_candidate,slot_sanity_or_static_issue,LLM_review_or_future_special_module,,,NONE_BASE,1,0,1
Y2_R039_C05_S01,Y2_boolean_variation,Y2,('active4' SIMILAR TO 'ac%') is NOT FALSE,('active4' SIMILAR TO 'ac%') is NOT FALSE,regex_match,0,0.85,1.0,0.8,0.0,T0_generated_candidate,slot_sanity_or_static_issue,LLM_review_or_future_special_module,,,NONE_BASE,1,0,0
Y2_R039_C05_S02,Y2_boolean_variation,Y2,( ('pending5' SIMILAR TO 'pe%') IS not false ),( ('pending5' SIMILAR TO 'pe%') IS not false ),regex_match,0,0.85,1.0,0.8,0.0,T0_generated_candidate,slot_sanity_or_static_issue,LLM_review_or_future_special_module,,,NONE_BASE,1,0,0
Y2_R039_C05_S03,Y2_boolean_variation,Y2,('public6'  SIMILAR  TO  'pu%')  is  NOT  FALSE,('public6' SIMILAR TO 'pu%') is NOT FALSE,regex_match,0,0.85,1.0,0.8,0.0,T0_generated_candidate,slot_sanity_or_static_issue,LLM_review_or_future_special_module,,,NONE_BASE,1,0,0
Y2_R039_C05_S04,Y2_boolean_variation,Y2,( ('member7' SIMILAR TO 'zz%') IS not false ),( ('member7' SIMILAR TO 'zz%') IS not false ),regex_match,0,0.85,1.0,0.8,0.0,T0_generated_candidate,slot_sanity_or_static_issue,LLM_review_or_future_special_module,,,NONE_BASE,1,0,0
Y2_R039_C05_S05,Y2_boolean_variation,Y2,('stone8' SIMILAR TO 'zz%') is NOT FALSE,('stone8' SIMILAR TO 'zz%') is NOT FALSE,regex_match,0,0.85,1.0,0.8,0.0,T0_generated_candidate,slot_sanity_or_static_issue,LLM_review_or_future_special_module,,,NONE_BASE,1,0,0
Y2_R039_C05_S06,Y2_boolean_variation,Y2,(  ('north0'  SIMILAR  TO  'zz%')  IS  not  false  ),( ('north0' SIMILAR TO 'zz%') IS not false ),regex_match,0,0.85,1.0,0.8,0.0,T0_generated_candidate,slot_sanity_or_static_issue,LLM_review_or_future_special_module,,,NONE_BASE,1,0,0
Y2_R039_C07_S01,Y2_boolean_variation,Y2,('public4' SIMILAR TO 'pu%') AND (27 = 27),('public4' SIMILAR TO 'pu%') AND (27 = 27),regex_match,0,0.85,1.0,0.8,0.0,T0_generated_candidate,slot_sanity_or_static_issue,LLM_review_or_future_special_module,,,NONE_BASE,1,0,1
Y2_R039_C07_S02,Y2_boolean_variation,Y2,( ('member5' SIMILAR TO 'me%') and (40 = 40) ),( ('member5' SIMILAR TO 'me%') and (40 = 40) ),regex_match,0,0.85,1.0,0.8,0.0,T0_generated_candidate,slot_sanity_or_static_issue,LLM_review_or_future_special_module,,,NONE_BASE,1,0,0
Y2_R039_C07_S03,Y2_boolean_variation,Y2,('stone6'  SIMILAR  TO  'st%')  AND  (53  =  53),('stone6' SIMILAR TO 'st%') AND (53 = 53),regex_match,0,0.85,1.0,0.8,0.0,T0_generated_candidate,slot_sanity_or_static_issue,LLM_review_or_future_special_module,,,NONE_BASE,1,0,1
Y2_R039_C07_S04,Y2_boolean_variation,Y2,( ('north7' SIMILAR TO 'zz%') and (66 = 66) ),( ('north7' SIMILAR TO 'zz%') and (66 = 66) ),regex_match,0,0.85,1.0,0.8,0.0,T0_generated_candidate,slot_sanity_or_static_issue,LLM_review_or_future_special_module,,,NONE_BASE,1,0,0
Y2_R039_C07_S05,Y2_boolean_variation,Y2,('south8' SIMILAR TO 'zz%') AND (79 = 79),('south8' SIMILAR TO 'zz%') AND (79 = 79),regex_match,0,0.85,1.0,0.8,0.0,T0_generated_candidate,slot_sanity_or_static_issue,LLM_review_or_future_special_module,,,NONE_BASE,1,0,1
Y2_R039_C07_S06,Y2_boolean_variation,Y2,(  ('east0'  SIMILAR  TO  'zz%')  and  (92  =  92)  ),( ('east0' SIMILAR TO 'zz%') and (92 = 92) ),regex_match,0,0.85,1.0,0.8,0.0,T0_generated_candidate,slot_sanity_or_static_issue,LLM_review_or_future_special_module,,,NONE_BASE,1,0,0
Y2_R039_C08_S01,Y2_boolean_variation,Y2,( ('member4' SIMILAR TO 'me%') or (55 <> 55) ),( ('member4' SIMILAR TO 'me%') or (55 <> 55) ),regex_match,0,0.85,1.0,0.8,0.0,T0_generated_candidate,slot_sanity_or_static_issue,LLM_review_or_future_special_module,,,NONE_BASE,1,0,0
Y2_R039_C08_S02,Y2_boolean_variation,Y2,('stone5' SIMILAR TO 'st%') OR (68 <> 68),('stone5' SIMILAR TO 'st%') OR (68 <> 68),regex_match,0,0.85,1.0,0.8,0.0,T0_generated_candidate,slot_sanity_or_static_issue,LLM_review_or_future_special_module,,,NONE_BASE,1,0,1
Y2_R039_C08_S03,Y2_boolean_variation,Y2,(  ('north6'  SIMILAR  TO  'no%')  or  (81  <>  81)  ),( ('north6' SIMILAR TO 'no%') or (81 <> 81) ),regex_match,0,0.85,1.0,0.8,0.0,T0_generated_candidate,slot_sanity_or_static_issue,LLM_review_or_future_special_module,,,NONE_BASE,1,0,0
Y2_R039_C08_S04,Y2_boolean_variation,Y2,('south7' SIMILAR TO 'zz%') OR (94 <> 94),('south7' SIMILAR TO 'zz%') OR (94 <> 94),regex_match,0,0.85,1.0,0.8,0.0,T0_generated_candidate,slot_sanity_or_static_issue,LLM_review_or_future_special_module,,,NONE_BASE,1,0,1
Y2_R039_C08_S05,Y2_boolean_variation,Y2,( ('east8' SIMILAR TO 'zz%') or (10 <> 10) ),( ('east8' SIMILAR TO 'zz%') or (10 <> 10) ),regex_match,0,0.85,1.0,0.8,0.0,T0_generated_candidate,slot_sanity_or_static_issue,LLM_review_or_future_special_module,,,NONE_BASE,1,0,0
Y2_R039_C08_S06,Y2_boolean_variation,Y2,('west0'  SIMILAR  TO  'zz%')  OR  (23  <>  23),('west0' SIMILAR TO 'zz%') OR (23 <> 23),regex_match,0,0.85,1.0,0.8,0.0,T0_generated_candidate,slot_sanity_or_static_issue,LLM_review_or_future_special_module,,,NONE_BASE,1,0,1
Y2_R039_C09_S01,Y2_boolean_variation,Y2,(('stone4' SIMILAR TO 'st%') = true),(('stone4' SIMILAR TO 'st%') = true),regex_match,0,0.85,1.0,0.8,0.0,T0_generated_candidate,slot_sanity_or_static_issue,LLM_review_or_future_special_module,,,NONE_BASE,1,0,0
Y2_R039_C09_S02,Y2_boolean_variation,Y2,( (('north5' SIMILAR TO 'no%') = TRUE) ),( (('north5' SIMILAR TO 'no%') = TRUE) ),regex_match,0,0.85,1.0,0.8,0.0,T0_generated_candidate,slot_sanity_or_static_issue,LLM_review_or_future_special_module,,,NONE_BASE,1,0,1
Y2_R039_C09_S03,Y2_boolean_variation,Y2,(('south6'  SIMILAR  TO  'so%')  =  true),(('south6' SIMILAR TO 'so%') = true),regex_match,0,0.85,1.0,0.8,0.0,T0_generated_candidate,slot_sanity_or_static_issue,LLM_review_or_future_special_module,,,NONE_BASE,1,0,0
Y2_R039_C09_S04,Y2_boolean_variation,Y2,( (('east7' SIMILAR TO 'zz%') = TRUE) ),( (('east7' SIMILAR TO 'zz%') = TRUE) ),regex_match,0,0.85,1.0,0.8,0.0,T0_generated_candidate,slot_sanity_or_static_issue,LLM_review_or_future_special_module,,,NONE_BASE,1,0,1
Y2_R039_C09_S05,Y2_boolean_variation,Y2,(('west8' SIMILAR TO 'zz%') = true),(('west8' SIMILAR TO 'zz%') = true),regex_match,0,0.85,1.0,0.8,0.0,T0_generated_candidate,slot_sanity_or_static_issue,LLM_review_or_future_special_module,,,NONE_BASE,1,0,0
Y2_R039_C09_S06,Y2_boolean_variation,Y2,(  (('prime0'  SIMILAR  TO  'zz%')  =  TRUE)  ),( (('prime0' SIMILAR TO 'zz%') = TRUE) ),regex_match,0,0.85,1.0,0.8,0.0,T0_generated_candidate,slot_sanity_or_static_issue,LLM_review_or_future_special_module,,,NONE_BASE,1,0,1
Y2_R040_C01_S01,Y2_boolean_variation,Y2,( 'gamma5' not SIMILAR TO 'zz%' ),( 'gamma5' not SIMILAR TO 'zz%' ),regex_match,0,0.85,1.0,0.8,0.0,T0_generated_candidate,slot_sanity_or_static_issue,LLM_review_or_future_special_module,,,NONE_BASE,1,0,0
Y2_R040_C01_S02,Y2_boolean_variation,Y2,'delta6'  NOT  SIMILAR  TO  'zz%','delta6' NOT SIMILAR TO 'zz%',regex_match,0,0.85,1.0,0.8,0.0,T0_generated_candidate,slot_sanity_or_static_issue,LLM_review_or_future_special_module,,,NONE_BASE,1,0,1
Y2_R040_C01_S03,Y2_boolean_variation,Y2,( 'omega7' not SIMILAR TO 'zz%' ),( 'omega7' not SIMILAR TO 'zz%' ),regex_match,0,0.85,1.0,0.8,0.0,T0_generated_candidate,slot_sanity_or_static_issue,LLM_review_or_future_special_module,,,NONE_BASE,1,0,0
Y2_R040_C01_S04,Y2_boolean_variation,Y2,'active8' NOT SIMILAR TO 'ac%','active8' NOT SIMILAR TO 'ac%',regex_match,0,0.85,1.0,0.8,0.0,T0_generated_candidate,slot_sanity_or_static_issue,LLM_review_or_future_special_module,,,NONE_BASE,1,0,1
Y2_R040_C01_S05,Y2_boolean_variation,Y2,(  'pending0'  not  SIMILAR  TO  'pe%'  ),( 'pending0' not SIMILAR TO 'pe%' ),regex_match,0,0.85,1.0,0.8,0.0,T0_generated_candidate,slot_sanity_or_static_issue,LLM_review_or_future_special_module,,,NONE_BASE,1,0,0
Y2_R040_C01_S06,Y2_boolean_variation,Y2,'public1' NOT SIMILAR TO 'pu%','public1' NOT SIMILAR TO 'pu%',regex_match,0,0.85,1.0,0.8,0.0,T0_generated_candidate,slot_sanity_or_static_issue,LLM_review_or_future_special_module,,,NONE_BASE,1,0,1
Y2_R040_C02_S01,Y2_boolean_variation,Y2,('delta5' not SIMILAR TO 'zz%'),('delta5' not SIMILAR TO 'zz%'),regex_match,0,0.85,1.0,0.8,0.0,T0_generated_candidate,slot_sanity_or_static_issue,LLM_review_or_future_special_module,,,NONE_BASE,1,0,0
Y2_R040_C02_S02,Y2_boolean_variation,Y2,(  ('omega6'  NOT  SIMILAR  TO  'zz%')  ),( ('omega6' NOT SIMILAR TO 'zz%') ),regex_match,0,0.85,1.0,0.8,0.0,T0_generated_candidate,slot_sanity_or_static_issue,LLM_review_or_future_special_module,,,NONE_BASE,1,0,1
Y2_R040_C02_S03,Y2_boolean_variation,Y2,('active7' not SIMILAR TO 'zz%'),('active7' not SIMILAR TO 'zz%'),regex_match,0,0.85,1.0,0.8,0.0,T0_generated_candidate,slot_sanity_or_static_issue,LLM_review_or_future_special_module,,,NONE_BASE,1,0,0
Y2_R040_C02_S04,Y2_boolean_variation,Y2,( ('pending8' NOT SIMILAR TO 'pe%') ),( ('pending8' NOT SIMILAR TO 'pe%') ),regex_match,0,0.85,1.0,0.8,0.0,T0_generated_candidate,slot_sanity_or_static_issue,LLM_review_or_future_special_module,,,NONE_BASE,1,0,1
Y2_R040_C02_S05,Y2_boolean_variation,Y2,('public0'  not  SIMILAR  TO  'pu%'),('public0' not SIMILAR TO 'pu%'),regex_match,0,0.85,1.0,0.8,0.0,T0_generated_candidate,slot_sanity_or_static_issue,LLM_review_or_future_special_module,,,NONE_BASE,1,0,0
Y2_R040_C02_S06,Y2_boolean_variation,Y2,( ('member1' NOT SIMILAR TO 'me%') ),( ('member1' NOT SIMILAR TO 'me%') ),regex_match,0,0.85,1.0,0.8,0.0,T0_generated_candidate,slot_sanity_or_static_issue,LLM_review_or_future_special_module,,,NONE_BASE,1,0,1
Y2_R040_C03_S01,Y2_boolean_variation,Y2,( not ('omega5' not SIMILAR TO 'om%') ),( not ('omega5' not SIMILAR TO 'om%') ),regex_match,0,0.85,1.0,0.8,0.0,T0_generated_candidate,slot_sanity_or_static_issue,LLM_review_or_future_special_module,,,NONE_BASE,1,0,0
Y2_R040_C03_S02,Y2_boolean_variation,Y2,NOT  ('active6'  NOT  SIMILAR  TO  'ac%'),NOT ('active6' NOT SIMILAR TO 'ac%'),regex_match,0,0.85,1.0,0.8,0.0,T0_generated_candidate,slot_sanity_or_static_issue,LLM_review_or_future_special_module,,,NONE_BASE,1,0,1
Y2_R040_C03_S03,Y2_boolean_variation,Y2,( not ('pending7' not SIMILAR TO 'pe%') ),( not ('pending7' not SIMILAR TO 'pe%') ),regex_match,0,0.85,1.0,0.8,0.0,T0_generated_candidate,slot_sanity_or_static_issue,LLM_review_or_future_special_module,,,NONE_BASE,1,0,0
Y2_R040_C03_S04,Y2_boolean_variation,Y2,NOT ('public8' NOT SIMILAR TO 'zz%'),NOT ('public8' NOT SIMILAR TO 'zz%'),regex_match,0,0.85,1.0,0.8,0.0,T0_generated_candidate,slot_sanity_or_static_issue,LLM_review_or_future_special_module,,,NONE_BASE,1,0,1
Y2_R040_C03_S05,Y2_boolean_variation,Y2,(  not  ('member0'  not  SIMILAR  TO  'zz%')  ),( not ('member0' not SIMILAR TO 'zz%') ),regex_match,0,0.85,1.0,0.8,0.0,T0_generated_candidate,slot_sanity_or_static_issue,LLM_review_or_future_special_module,,,NONE_BASE,1,0,0
Y2_R040_C03_S06,Y2_boolean_variation,Y2,NOT ('stone1' NOT SIMILAR TO 'zz%'),NOT ('stone1' NOT SIMILAR TO 'zz%'),regex_match,0,0.85,1.0,0.8,0.0,T0_generated_candidate,slot_sanity_or_static_issue,LLM_review_or_future_special_module,,,NONE_BASE,1,0,1
Y2_R040_C04_S01,Y2_boolean_variation,Y2,('active5' not SIMILAR TO 'zz%') IS TRUE,('active5' not SIMILAR TO 'zz%') IS TRUE,regex_match,0,0.85,1.0,0.8,0.0,T0_generated_candidate,slot_sanity_or_static_issue,LLM_review_or_future_special_module,,,NONE_BASE,1,0,0
Y2_R040_C04_S02,Y2_boolean_variation,Y2,(  ('pending6'  NOT  SIMILAR  TO  'zz%')  is  true  ),( ('pending6' NOT SIMILAR TO 'zz%') is true ),regex_match,0,0.85,1.0,0.8,0.0,T0_generated_candidate,slot_sanity_or_static_issue,LLM_review_or_future_special_module,,,NONE_BASE,1,0,0
Y2_R040_C04_S03,Y2_boolean_variation,Y2,('public7' not SIMILAR TO 'zz%') IS TRUE,('public7' not SIMILAR TO 'zz%') IS TRUE,regex_match,0,0.85,1.0,0.8,0.0,T0_generated_candidate,slot_sanity_or_static_issue,LLM_review_or_future_special_module,,,NONE_BASE,1,0,0
Y2_R040_C04_S04,Y2_boolean_variation,Y2,( ('member8' NOT SIMILAR TO 'me%') is true ),( ('member8' NOT SIMILAR TO 'me%') is true ),regex_match,0,0.85,1.0,0.8,0.0,T0_generated_candidate,slot_sanity_or_static_issue,LLM_review_or_future_special_module,,,NONE_BASE,1,0,0
Y2_R040_C04_S05,Y2_boolean_variation,Y2,('stone0'  not  SIMILAR  TO  'st%')  IS  TRUE,('stone0' not SIMILAR TO 'st%') IS TRUE,regex_match,0,0.85,1.0,0.8,0.0,T0_generated_candidate,slot_sanity_or_static_issue,LLM_review_or_future_special_module,,,NONE_BASE,1,0,0
Y2_R040_C04_S06,Y2_boolean_variation,Y2,( ('north1' NOT SIMILAR TO 'no%') is true ),( ('north1' NOT SIMILAR TO 'no%') is true ),regex_match,0,0.85,1.0,0.8,0.0,T0_generated_candidate,slot_sanity_or_static_issue,LLM_review_or_future_special_module,,,NONE_BASE,1,0,0
Y2_R040_C05_S01,Y2_boolean_variation,Y2,( ('pending5' not SIMILAR TO 'zz%') IS not false ),( ('pending5' not SIMILAR TO 'zz%') IS not false ),regex_match,0,0.85,1.0,0.8,0.0,T0_generated_candidate,slot_sanity_or_static_issue,LLM_review_or_future_special_module,,,NONE_BASE,1,0,0
Y2_R040_C05_S02,Y2_boolean_variation,Y2,('public6'  NOT  SIMILAR  TO  'zz%')  is  NOT  FALSE,('public6' NOT SIMILAR TO 'zz%') is NOT FALSE,regex_match,0,0.85,1.0,0.8,0.0,T0_generated_candidate,slot_sanity_or_static_issue,LLM_review_or_future_special_module,,,NONE_BASE,1,0,0
Y2_R040_C05_S03,Y2_boolean_variation,Y2,( ('member7' not SIMILAR TO 'zz%') IS not false ),( ('member7' not SIMILAR TO 'zz%') IS not false ),regex_match,0,0.85,1.0,0.8,0.0,T0_generated_candidate,slot_sanity_or_static_issue,LLM_review_or_future_special_module,,,NONE_BASE,1,0,0
Y2_R040_C05_S04,Y2_boolean_variation,Y2,('stone8' NOT SIMILAR TO 'st%') is NOT FALSE,('stone8' NOT SIMILAR TO 'st%') is NOT FALSE,regex_match,0,0.85,1.0,0.8,0.0,T0_generated_candidate,slot_sanity_or_static_issue,LLM_review_or_future_special_module,,,NONE_BASE,1,0,0
Y2_R040_C05_S05,Y2_boolean_variation,Y2,(  ('north0'  not  SIMILAR  TO  'no%')  IS  not  false  ),( ('north0' not SIMILAR TO 'no%') IS not false ),regex_match,0,0.85,1.0,0.8,0.0,T0_generated_candidate,slot_sanity_or_static_issue,LLM_review_or_future_special_module,,,NONE_BASE,1,0,0
Y2_R040_C05_S06,Y2_boolean_variation,Y2,('south1' NOT SIMILAR TO 'so%') is NOT FALSE,('south1' NOT SIMILAR TO 'so%') is NOT FALSE,regex_match,0,0.85,1.0,0.8,0.0,T0_generated_candidate,slot_sanity_or_static_issue,LLM_review_or_future_special_module,,,NONE_BASE,1,0,0
Y2_R040_C06_S01,Y2_boolean_variation,Y2,CASE WHEN ('public5' not SIMILAR TO 'zz%') THEN TRUE ELSE false end,CASE WHEN ('public5' not SIMILAR TO 'zz%') THEN TRUE ELSE false end,regex_match,0,0.85,1.0,0.8,0.0,T0_generated_candidate,slot_sanity_or_static_issue,LLM_review_or_future_special_module,,,NONE_BASE,1,0,0
Y2_R040_C06_S02,Y2_boolean_variation,Y2,(  case  when  ('member6'  NOT  SIMILAR  TO  'zz%')  then  true  else  FALSE  END  ),( case when ('member6' NOT SIMILAR TO 'zz%') then true else FALSE END ),regex_match,0,0.85,1.0,0.8,0.0,T0_generated_candidate,slot_sanity_or_static_issue,LLM_review_or_future_special_module,,,NONE_BASE,1,0,0
Y2_R040_C06_S03,Y2_boolean_variation,Y2,CASE WHEN ('stone7' not SIMILAR TO 'zz%') THEN TRUE ELSE false end,CASE WHEN ('stone7' not SIMILAR TO 'zz%') THEN TRUE ELSE false end,regex_match,0,0.85,1.0,0.8,0.0,T0_generated_candidate,slot_sanity_or_static_issue,LLM_review_or_future_special_module,,,NONE_BASE,1,0,0
Y2_R040_C06_S04,Y2_boolean_variation,Y2,( case when ('north8' NOT SIMILAR TO 'no%') then true else FALSE END ),( case when ('north8' NOT SIMILAR TO 'no%') then true else FALSE END ),regex_match,0,0.85,1.0,0.8,0.0,T0_generated_candidate,slot_sanity_or_static_issue,LLM_review_or_future_special_module,,,NONE_BASE,1,0,0
Y2_R040_C06_S05,Y2_boolean_variation,Y2,CASE  WHEN  ('south0'  not  SIMILAR  TO  'so%')  THEN  TRUE  ELSE  false  end,CASE WHEN ('south0' not SIMILAR TO 'so%') THEN TRUE ELSE false end,regex_match,0,0.85,1.0,0.8,0.0,T0_generated_candidate,slot_sanity_or_static_issue,LLM_review_or_future_special_module,,,NONE_BASE,1,0,0
Y2_R040_C06_S06,Y2_boolean_variation,Y2,( case when ('east1' NOT SIMILAR TO 'ea%') then true else FALSE END ),( case when ('east1' NOT SIMILAR TO 'ea%') then true else FALSE END ),regex_match,0,0.85,1.0,0.8,0.0,T0_generated_candidate,slot_sanity_or_static_issue,LLM_review_or_future_special_module,,,NONE_BASE,1,0,0
Y2_R040_C07_S01,Y2_boolean_variation,Y2,( ('member5' not SIMILAR TO 'zz%') and (34 = 34) ),( ('member5' not SIMILAR TO 'zz%') and (34 = 34) ),regex_match,0,0.85,1.0,0.8,0.0,T0_generated_candidate,slot_sanity_or_static_issue,LLM_review_or_future_special_module,,,NONE_BASE,1,0,0
Y2_R040_C07_S02,Y2_boolean_variation,Y2,('stone6'  NOT  SIMILAR  TO  'zz%')  AND  (47  =  47),('stone6' NOT SIMILAR TO 'zz%') AND (47 = 47),regex_match,0,0.85,1.0,0.8,0.0,T0_generated_candidate,slot_sanity_or_static_issue,LLM_review_or_future_special_module,,,NONE_BASE,1,0,1
Y2_R040_C07_S03,Y2_boolean_variation,Y2,( ('north7' not SIMILAR TO 'zz%') and (60 = 60) ),( ('north7' not SIMILAR TO 'zz%') and (60 = 60) ),regex_match,0,0.85,1.0,0.8,0.0,T0_generated_candidate,slot_sanity_or_static_issue,LLM_review_or_future_special_module,,,NONE_BASE,1,0,0
Y2_R040_C07_S04,Y2_boolean_variation,Y2,('south8' NOT SIMILAR TO 'so%') AND (73 = 73),('south8' NOT SIMILAR TO 'so%') AND (73 = 73),regex_match,0,0.85,1.0,0.8,0.0,T0_generated_candidate,slot_sanity_or_static_issue,LLM_review_or_future_special_module,,,NONE_BASE,1,0,1
Y2_R040_C07_S05,Y2_boolean_variation,Y2,(  ('east0'  not  SIMILAR  TO  'ea%')  and  (86  =  86)  ),( ('east0' not SIMILAR TO 'ea%') and (86 = 86) ),regex_match,0,0.85,1.0,0.8,0.0,T0_generated_candidate,slot_sanity_or_static_issue,LLM_review_or_future_special_module,,,NONE_BASE,1,0,0
Y2_R040_C07_S06,Y2_boolean_variation,Y2,('west1' NOT SIMILAR TO 'we%') AND (2 = 2),('west1' NOT SIMILAR TO 'we%') AND (2 = 2),regex_match,0,0.85,1.0,0.8,0.0,T0_generated_candidate,slot_sanity_or_static_issue,LLM_review_or_future_special_module,,,NONE_BASE,1,0,1
Y2_R040_C08_S01,Y2_boolean_variation,Y2,('stone5' not SIMILAR TO 'zz%') OR (62 <> 62),('stone5' not SIMILAR TO 'zz%') OR (62 <> 62),regex_match,0,0.85,1.0,0.8,0.0,T0_generated_candidate,slot_sanity_or_static_issue,LLM_review_or_future_special_module,,,NONE_BASE,1,0,0
Y2_R040_C08_S02,Y2_boolean_variation,Y2,(  ('north6'  NOT  SIMILAR  TO  'zz%')  or  (75  <>  75)  ),( ('north6' NOT SIMILAR TO 'zz%') or (75 <> 75) ),regex_match,0,0.85,1.0,0.8,0.0,T0_generated_candidate,slot_sanity_or_static_issue,LLM_review_or_future_special_module,,,NONE_BASE,1,0,0
Y2_R040_C08_S03,Y2_boolean_variation,Y2,('south7' not SIMILAR TO 'zz%') OR (88 <> 88),('south7' not SIMILAR TO 'zz%') OR (88 <> 88),regex_match,0,0.85,1.0,0.8,0.0,T0_generated_candidate,slot_sanity_or_static_issue,LLM_review_or_future_special_module,,,NONE_BASE,1,0,0
Y2_R040_C08_S04,Y2_boolean_variation,Y2,( ('east8' NOT SIMILAR TO 'ea%') or (4 <> 4) ),( ('east8' NOT SIMILAR TO 'ea%') or (4 <> 4) ),regex_match,0,0.85,1.0,0.8,0.0,T0_generated_candidate,slot_sanity_or_static_issue,LLM_review_or_future_special_module,,,NONE_BASE,1,0,0
Y2_R040_C08_S05,Y2_boolean_variation,Y2,('west0'  not  SIMILAR  TO  'we%')  OR  (17  <>  17),('west0' not SIMILAR TO 'we%') OR (17 <> 17),regex_match,0,0.85,1.0,0.8,0.0,T0_generated_candidate,slot_sanity_or_static_issue,LLM_review_or_future_special_module,,,NONE_BASE,1,0,0
Y2_R040_C08_S06,Y2_boolean_variation,Y2,( ('prime1' NOT SIMILAR TO 'pr%') or (30 <> 30) ),( ('prime1' NOT SIMILAR TO 'pr%') or (30 <> 30) ),regex_match,0,0.85,1.0,0.8,0.0,T0_generated_candidate,slot_sanity_or_static_issue,LLM_review_or_future_special_module,,,NONE_BASE,1,0,0
Y2_R040_C09_S01,Y2_boolean_variation,Y2,( (('north5' not SIMILAR TO 'zz%') = TRUE) ),( (('north5' not SIMILAR TO 'zz%') = TRUE) ),regex_match,0,0.85,1.0,0.8,0.0,T0_generated_candidate,slot_sanity_or_static_issue,LLM_review_or_future_special_module,,,NONE_BASE,1,0,0
Y2_R040_C09_S02,Y2_boolean_variation,Y2,(('south6'  NOT  SIMILAR  TO  'zz%')  =  true),(('south6' NOT SIMILAR TO 'zz%') = true),regex_match,0,0.85,1.0,0.8,0.0,T0_generated_candidate,slot_sanity_or_static_issue,LLM_review_or_future_special_module,,,NONE_BASE,1,0,0
Y2_R040_C09_S03,Y2_boolean_variation,Y2,( (('east7' not SIMILAR TO 'zz%') = TRUE) ),( (('east7' not SIMILAR TO 'zz%') = TRUE) ),regex_match,0,0.85,1.0,0.8,0.0,T0_generated_candidate,slot_sanity_or_static_issue,LLM_review_or_future_special_module,,,NONE_BASE,1,0,0
Y2_R040_C09_S04,Y2_boolean_variation,Y2,(('west8' NOT SIMILAR TO 'we%') = true),(('west8' NOT SIMILAR TO 'we%') = true),regex_match,0,0.85,1.0,0.8,0.0,T0_generated_candidate,slot_sanity_or_static_issue,LLM_review_or_future_special_module,,,NONE_BASE,1,0,0
Y2_R040_C09_S05,Y2_boolean_variation,Y2,(  (('prime0'  not  SIMILAR  TO  'pr%')  =  TRUE)  ),( (('prime0' not SIMILAR TO 'pr%') = TRUE) ),regex_match,0,0.85,1.0,0.8,0.0,T0_generated_candidate,slot_sanity_or_static_issue,LLM_review_or_future_special_module,,,NONE_BASE,1,0,0
Y2_R040_C09_S06,Y2_boolean_variation,Y2,(('core1' NOT SIMILAR TO 'co%') = true),(('core1' NOT SIMILAR TO 'co%') = true),regex_match,0,0.85,1.0,0.8,0.0,T0_generated_candidate,slot_sanity_or_static_issue,LLM_review_or_future_special_module,,,NONE_BASE,1,0,0
Y2_R040_C10_S01,Y2_boolean_variation,Y2,"COALESCE(('south5' not SIMILAR TO 'zz%'), false)","COALESCE(('south5' not SIMILAR TO 'zz%'), false)",regex_match,0,0.85,1.0,0.8,0.0,T0_generated_candidate,slot_sanity_or_static_issue,LLM_review_or_future_special_module,,,NONE_BASE,1,0,0
Y2_R040_C10_S02,Y2_boolean_variation,Y2,"(  coalesce(('east6'  NOT  SIMILAR  TO  'zz%'),  FALSE)  )","( coalesce(('east6' NOT SIMILAR TO 'zz%'), FALSE) )",regex_match,0,0.85,1.0,0.8,0.0,T0_generated_candidate,slot_sanity_or_static_issue,LLM_review_or_future_special_module,,,NONE_BASE,1,0,0
Y2_R040_C10_S03,Y2_boolean_variation,Y2,"COALESCE(('west7' not SIMILAR TO 'zz%'), false)","COALESCE(('west7' not SIMILAR TO 'zz%'), false)",regex_match,0,0.85,1.0,0.8,0.0,T0_generated_candidate,slot_sanity_or_static_issue,LLM_review_or_future_special_module,,,NONE_BASE,1,0,0
Y2_R040_C10_S04,Y2_boolean_variation,Y2,"( coalesce(('prime8' NOT SIMILAR TO 'pr%'), FALSE) )","( coalesce(('prime8' NOT SIMILAR TO 'pr%'), FALSE) )",regex_match,0,0.85,1.0,0.8,0.0,T0_generated_candidate,slot_sanity_or_static_issue,LLM_review_or_future_special_module,,,NONE_BASE,1,0,0
Y2_R040_C10_S05,Y2_boolean_variation,Y2,"COALESCE(('core0'  not  SIMILAR  TO  'co%'),  false)","COALESCE(('core0' not SIMILAR TO 'co%'), false)",regex_match,0,0.85,1.0,0.8,0.0,T0_generated_candidate,slot_sanity_or_static_issue,LLM_review_or_future_special_module,,,NONE_BASE,1,0,0
Y2_R040_C10_S06,Y2_boolean_variation,Y2,"( coalesce(('safe1' NOT SIMILAR TO 'sa%'), FALSE) )","( coalesce(('safe1' NOT SIMILAR TO 'sa%'), FALSE) )",regex_match,0,0.85,1.0,0.8,0.0,T0_generated_candidate,slot_sanity_or_static_issue,LLM_review_or_future_special_module,,,NONE_BASE,1,0,0
Y2_R049_C01_S01,Y2_boolean_variation,Y2,(94 % 77) = 17,(94 % 77) = 17,arithmetic_expression,0,0.85,1.0,0.8,0.0,T0_generated_candidate,slot_sanity_or_static_issue,LLM_review_or_future_special_module,,,NONE_BASE,1,0,1
Y2_R049_C01_S02,Y2_boolean_variation,Y2,(  (10  %  90)  =  10  ),( (10 % 90) = 10 ),arithmetic_expression,0,0.85,1.0,0.8,0.0,T0_generated_candidate,slot_sanity_or_static_issue,LLM_review_or_future_special_module,,,NONE_BASE,1,0,1
Y2_R049_C01_S03,Y2_boolean_variation,Y2,(23 % 6) = 5,(23 % 6) = 5,arithmetic_expression,0,0.85,1.0,0.8,0.0,T0_generated_candidate,slot_sanity_or_static_issue,LLM_review_or_future_special_module,,,NONE_BASE,1,0,1
Y2_R049_C01_S04,Y2_boolean_variation,Y2,( (36 % 19) = 18 ),( (36 % 19) = 18 ),arithmetic_expression,0,0.85,1.0,0.8,0.0,T0_generated_candidate,slot_sanity_or_static_issue,LLM_review_or_future_special_module,,,NONE_BASE,1,0,1
Y2_R049_C01_S05,Y2_boolean_variation,Y2,(49  %  32)  =  18,(49 % 32) = 18,arithmetic_expression,0,0.85,1.0,0.8,0.0,T0_generated_candidate,slot_sanity_or_static_issue,LLM_review_or_future_special_module,,,NONE_BASE,1,0,1
Y2_R049_C01_S06,Y2_boolean_variation,Y2,( (62 % 45) = 18 ),( (62 % 45) = 18 ),arithmetic_expression,0,0.85,1.0,0.8,0.0,T0_generated_candidate,slot_sanity_or_static_issue,LLM_review_or_future_special_module,,,NONE_BASE,1,0,1
Y2_R049_C02_S01,Y2_boolean_variation,Y2,( ((8 % 88) = 8) ),( ((8 % 88) = 8) ),arithmetic_expression,0,0.85,1.0,0.8,0.0,T0_generated_candidate,slot_sanity_or_static_issue,LLM_review_or_future_special_module,,,NONE_BASE,1,0,1
Y2_R049_C02_S02,Y2_boolean_variation,Y2,((21  %  4)  =  1),((21 % 4) = 1),arithmetic_expression,0,0.85,1.0,0.8,0.0,T0_generated_candidate,slot_sanity_or_static_issue,LLM_review_or_future_special_module,,,NONE_BASE,1,0,1
Y2_R049_C02_S03,Y2_boolean_variation,Y2,( ((34 % 17) = 0) ),( ((34 % 17) = 0) ),arithmetic_expression,0,0.85,1.0,0.8,0.0,T0_generated_candidate,slot_sanity_or_static_issue,LLM_review_or_future_special_module,,,NONE_BASE,1,0,1
Y2_R049_C02_S04,Y2_boolean_variation,Y2,((47 % 30) = 18),((47 % 30) = 18),arithmetic_expression,0,0.85,1.0,0.8,0.0,T0_generated_candidate,slot_sanity_or_static_issue,LLM_review_or_future_special_module,,,NONE_BASE,1,0,1
Y2_R049_C02_S05,Y2_boolean_variation,Y2,(  ((60  %  43)  =  18)  ),( ((60 % 43) = 18) ),arithmetic_expression,0,0.85,1.0,0.8,0.0,T0_generated_candidate,slot_sanity_or_static_issue,LLM_review_or_future_special_module,,,NONE_BASE,1,0,1
Y2_R049_C02_S06,Y2_boolean_variation,Y2,((73 % 56) = 18),((73 % 56) = 18),arithmetic_expression,0,0.85,1.0,0.8,0.0,T0_generated_candidate,slot_sanity_or_static_issue,LLM_review_or_future_special_module,,,NONE_BASE,1,0,1
Y2_R049_C03_S01,Y2_boolean_variation,Y2,NOT ((19 % 2) = 2),NOT ((19 % 2) = 2),arithmetic_expression,0,0.85,1.0,0.8,0.0,T0_generated_candidate,slot_sanity_or_static_issue,LLM_review_or_future_special_module,,,NONE_BASE,1,0,1
Y2_R049_C03_S02,Y2_boolean_variation,Y2,(  not  ((32  %  15)  =  3)  ),( not ((32 % 15) = 3) ),arithmetic_expression,0,0.85,1.0,0.8,0.0,T0_generated_candidate,slot_sanity_or_static_issue,LLM_review_or_future_special_module,,,NONE_BASE,1,0,0
Y2_R049_C03_S03,Y2_boolean_variation,Y2,NOT ((45 % 28) = 18),NOT ((45 % 28) = 18),arithmetic_expression,0,0.85,1.0,0.8,0.0,T0_generated_candidate,slot_sanity_or_static_issue,LLM_review_or_future_special_module,,,NONE_BASE,1,0,1
Y2_R049_C03_S04,Y2_boolean_variation,Y2,( not ((58 % 41) = 17) ),( not ((58 % 41) = 17) ),arithmetic_expression,0,0.85,1.0,0.8,0.0,T0_generated_candidate,slot_sanity_or_static_issue,LLM_review_or_future_special_module,,,NONE_BASE,1,0,0
Y2_R049_C03_S05,Y2_boolean_variation,Y2,NOT  ((71  %  54)  =  17),NOT ((71 % 54) = 17),arithmetic_expression,0,0.85,1.0,0.8,0.0,T0_generated_candidate,slot_sanity_or_static_issue,LLM_review_or_future_special_module,,,NONE_BASE,1,0,1
Y2_R049_C03_S06,Y2_boolean_variation,Y2,( not ((84 % 67) = 17) ),( not ((84 % 67) = 17) ),arithmetic_expression,0,0.85,1.0,0.8,0.0,T0_generated_candidate,slot_sanity_or_static_issue,LLM_review_or_future_special_module,,,NONE_BASE,1,0,0
Y2_R049_C04_S01,Y2_boolean_variation,Y2,( ((30 % 13) = 4) is true ),( ((30 % 13) = 4) is true ),arithmetic_expression,0,0.85,1.0,0.8,0.0,T0_generated_candidate,slot_sanity_or_static_issue,LLM_review_or_future_special_module,,,NONE_BASE,1,0,0
Y2_R049_C04_S02,Y2_boolean_variation,Y2,((43  %  26)  =  17)  IS  TRUE,((43 % 26) = 17) IS TRUE,arithmetic_expression,0,0.85,1.0,0.8,0.0,T0_generated_candidate,slot_sanity_or_static_issue,LLM_review_or_future_special_module,,,NONE_BASE,1,0,1
Y2_R049_C04_S03,Y2_boolean_variation,Y2,( ((56 % 39) = 17) is true ),( ((56 % 39) = 17) is true ),arithmetic_expression,0,0.85,1.0,0.8,0.0,T0_generated_candidate,slot_sanity_or_static_issue,LLM_review_or_future_special_module,,,NONE_BASE,1,0,0
Y2_R049_C04_S04,Y2_boolean_variation,Y2,((69 % 52) = 18) IS TRUE,((69 % 52) = 18) IS TRUE,arithmetic_expression,0,0.85,1.0,0.8,0.0,T0_generated_candidate,slot_sanity_or_static_issue,LLM_review_or_future_special_module,,,NONE_BASE,1,0,1
Y2_R049_C04_S05,Y2_boolean_variation,Y2,(  ((82  %  65)  =  18)  is  true  ),( ((82 % 65) = 18) is true ),arithmetic_expression,0,0.85,1.0,0.8,0.0,T0_generated_candidate,slot_sanity_or_static_issue,LLM_review_or_future_special_module,,,NONE_BASE,1,0,0
Y2_R049_C04_S06,Y2_boolean_variation,Y2,((95 % 78) = 18) IS TRUE,((95 % 78) = 18) IS TRUE,arithmetic_expression,0,0.85,1.0,0.8,0.0,T0_generated_candidate,slot_sanity_or_static_issue,LLM_review_or_future_special_module,,,NONE_BASE,1,0,1
Y2_R049_C05_S01,Y2_boolean_variation,Y2,((41 % 24) = 17) is NOT FALSE,((41 % 24) = 17) is NOT FALSE,arithmetic_expression,0,0.85,1.0,0.8,0.0,T0_generated_candidate,slot_sanity_or_static_issue,LLM_review_or_future_special_module,,,NONE_BASE,1,0,0
Y2_R049_C05_S02,Y2_boolean_variation,Y2,(  ((54  %  37)  =  17)  IS  not  false  ),( ((54 % 37) = 17) IS not false ),arithmetic_expression,0,0.85,1.0,0.8,0.0,T0_generated_candidate,slot_sanity_or_static_issue,LLM_review_or_future_special_module,,,NONE_BASE,1,0,0
Y2_R049_C05_S03,Y2_boolean_variation,Y2,((67 % 50) = 17) is NOT FALSE,((67 % 50) = 17) is NOT FALSE,arithmetic_expression,0,0.85,1.0,0.8,0.0,T0_generated_candidate,slot_sanity_or_static_issue,LLM_review_or_future_special_module,,,NONE_BASE,1,0,0
Y2_R049_C05_S04,Y2_boolean_variation,Y2,( ((80 % 63) = 18) IS not false ),( ((80 % 63) = 18) IS not false ),arithmetic_expression,0,0.85,1.0,0.8,0.0,T0_generated_candidate,slot_sanity_or_static_issue,LLM_review_or_future_special_module,,,NONE_BASE,1,0,0
Y2_R049_C05_S05,Y2_boolean_variation,Y2,((93  %  76)  =  18)  is  NOT  FALSE,((93 % 76) = 18) is NOT FALSE,arithmetic_expression,0,0.85,1.0,0.8,0.0,T0_generated_candidate,slot_sanity_or_static_issue,LLM_review_or_future_special_module,,,NONE_BASE,1,0,0
Y2_R049_C05_S06,Y2_boolean_variation,Y2,( ((9 % 89) = 10) IS not false ),( ((9 % 89) = 10) IS not false ),arithmetic_expression,0,0.85,1.0,0.8,0.0,T0_generated_candidate,slot_sanity_or_static_issue,LLM_review_or_future_special_module,,,NONE_BASE,1,0,0
Y2_R049_C06_S01,Y2_boolean_variation,Y2,( case when ((52 % 35) = 17) then true else FALSE END ),( case when ((52 % 35) = 17) then true else FALSE END ),arithmetic_expression,0,0.85,1.0,0.8,0.0,T0_generated_candidate,slot_sanity_or_static_issue,LLM_review_or_future_special_module,,,NONE_BASE,1,0,0
Y2_R049_C06_S02,Y2_boolean_variation,Y2,CASE  WHEN  ((65  %  48)  =  17)  THEN  TRUE  ELSE  false  end,CASE WHEN ((65 % 48) = 17) THEN TRUE ELSE false end,arithmetic_expression,0,0.85,1.0,0.8,0.0,T0_generated_candidate,slot_sanity_or_static_issue,LLM_review_or_future_special_module,,,NONE_BASE,1,0,0
Y2_R049_C06_S03,Y2_boolean_variation,Y2,( case when ((78 % 61) = 17) then true else FALSE END ),( case when ((78 % 61) = 17) then true else FALSE END ),arithmetic_expression,0,0.85,1.0,0.8,0.0,T0_generated_candidate,slot_sanity_or_static_issue,LLM_review_or_future_special_module,,,NONE_BASE,1,0,0
Y2_R049_C06_S04,Y2_boolean_variation,Y2,CASE WHEN ((91 % 74) = 18) THEN TRUE ELSE false end,CASE WHEN ((91 % 74) = 18) THEN TRUE ELSE false end,arithmetic_expression,0,0.85,1.0,0.8,0.0,T0_generated_candidate,slot_sanity_or_static_issue,LLM_review_or_future_special_module,,,NONE_BASE,1,0,0
Y2_R049_C06_S05,Y2_boolean_variation,Y2,(  case  when  ((7  %  87)  =  8)  then  true  else  FALSE  END  ),( case when ((7 % 87) = 8) then true else FALSE END ),arithmetic_expression,0,0.85,1.0,0.8,0.0,T0_generated_candidate,slot_sanity_or_static_issue,LLM_review_or_future_special_module,,,NONE_BASE,1,0,0
Y2_R049_C06_S06,Y2_boolean_variation,Y2,CASE WHEN ((20 % 3) = 3) THEN TRUE ELSE false end,CASE WHEN ((20 % 3) = 3) THEN TRUE ELSE false end,arithmetic_expression,0,0.85,1.0,0.8,0.0,T0_generated_candidate,slot_sanity_or_static_issue,LLM_review_or_future_special_module,,,NONE_BASE,1,0,0
Y2_R049_C07_S01,Y2_boolean_variation,Y2,((63 % 46) = 17) AND (97 = 97),((63 % 46) = 17) AND (97 = 97),arithmetic_expression,0,0.85,1.0,0.8,0.0,T0_generated_candidate,slot_sanity_or_static_issue,LLM_review_or_future_special_module,,,NONE_BASE,1,0,1
Y2_R049_C07_S02,Y2_boolean_variation,Y2,(  ((76  %  59)  =  17)  and  (13  =  13)  ),( ((76 % 59) = 17) and (13 = 13) ),arithmetic_expression,0,0.85,1.0,0.8,0.0,T0_generated_candidate,slot_sanity_or_static_issue,LLM_review_or_future_special_module,,,NONE_BASE,1,0,0
Y2_R049_C07_S03,Y2_boolean_variation,Y2,((89 % 72) = 17) AND (26 = 26),((89 % 72) = 17) AND (26 = 26),arithmetic_expression,0,0.85,1.0,0.8,0.0,T0_generated_candidate,slot_sanity_or_static_issue,LLM_review_or_future_special_module,,,NONE_BASE,1,0,1
Y2_R049_C07_S04,Y2_boolean_variation,Y2,( ((5 % 85) = 6) and (39 = 39) ),( ((5 % 85) = 6) and (39 = 39) ),arithmetic_expression,0,0.85,1.0,0.8,0.0,T0_generated_candidate,slot_sanity_or_static_issue,LLM_review_or_future_special_module,,,NONE_BASE,1,0,0
Y2_R049_C07_S05,Y2_boolean_variation,Y2,((18  %  1)  =  1)  AND  (52  =  52),((18 % 1) = 1) AND (52 = 52),arithmetic_expression,0,0.85,1.0,0.8,0.0,T0_generated_candidate,slot_sanity_or_static_issue,LLM_review_or_future_special_module,,,NONE_BASE,1,0,1
Y2_R049_C07_S06,Y2_boolean_variation,Y2,( ((31 % 14) = 4) and (65 = 65) ),( ((31 % 14) = 4) and (65 = 65) ),arithmetic_expression,0,0.85,1.0,0.8,0.0,T0_generated_candidate,slot_sanity_or_static_issue,LLM_review_or_future_special_module,,,NONE_BASE,1,0,0
Y2_R049_C08_S01,Y2_boolean_variation,Y2,( ((74 % 57) = 17) or (28 <> 28) ),( ((74 % 57) = 17) or (28 <> 28) ),arithmetic_expression,0,0.85,1.0,0.8,0.0,T0_generated_candidate,slot_sanity_or_static_issue,LLM_review_or_future_special_module,,,NONE_BASE,1,0,0
Y2_R049_C08_S02,Y2_boolean_variation,Y2,((87  %  70)  =  17)  OR  (41  <>  41),((87 % 70) = 17) OR (41 <> 41),arithmetic_expression,0,0.85,1.0,0.8,0.0,T0_generated_candidate,slot_sanity_or_static_issue,LLM_review_or_future_special_module,,,NONE_BASE,1,0,1
Y2_R049_C08_S03,Y2_boolean_variation,Y2,( ((3 % 83) = 3) or (54 <> 54) ),( ((3 % 83) = 3) or (54 <> 54) ),arithmetic_expression,0,0.85,1.0,0.8,0.0,T0_generated_candidate,slot_sanity_or_static_issue,LLM_review_or_future_special_module,,,NONE_BASE,1,0,0
Y2_R049_C08_S04,Y2_boolean_variation,Y2,((16 % 96) = 17) OR (67 <> 67),((16 % 96) = 17) OR (67 <> 67),arithmetic_expression,0,0.85,1.0,0.8,0.0,T0_generated_candidate,slot_sanity_or_static_issue,LLM_review_or_future_special_module,,,NONE_BASE,1,0,1
Y2_R049_C08_S05,Y2_boolean_variation,Y2,(  ((29  %  12)  =  6)  or  (80  <>  80)  ),( ((29 % 12) = 6) or (80 <> 80) ),arithmetic_expression,0,0.85,1.0,0.8,0.0,T0_generated_candidate,slot_sanity_or_static_issue,LLM_review_or_future_special_module,,,NONE_BASE,1,0,0
Y2_R049_C08_S06,Y2_boolean_variation,Y2,((42 % 25) = 18) OR (93 <> 93),((42 % 25) = 18) OR (93 <> 93),arithmetic_expression,0,0.85,1.0,0.8,0.0,T0_generated_candidate,slot_sanity_or_static_issue,LLM_review_or_future_special_module,,,NONE_BASE,1,0,1
Y2_R049_C09_S01,Y2_boolean_variation,Y2,(((85 % 68) = 17) = true),(((85 % 68) = 17) = true),arithmetic_expression,0,0.85,1.0,0.8,0.0,T0_generated_candidate,slot_sanity_or_static_issue,LLM_review_or_future_special_module,,,NONE_BASE,1,0,0
Y2_R049_C09_S02,Y2_boolean_variation,Y2,(  (((1  %  81)  =  1)  =  TRUE)  ),( (((1 % 81) = 1) = TRUE) ),arithmetic_expression,0,0.85,1.0,0.8,0.0,T0_generated_candidate,slot_sanity_or_static_issue,LLM_review_or_future_special_module,,,NONE_BASE,1,0,1
Y2_R049_C09_S03,Y2_boolean_variation,Y2,(((14 % 94) = 14) = true),(((14 % 94) = 14) = true),arithmetic_expression,0,0.85,1.0,0.8,0.0,T0_generated_candidate,slot_sanity_or_static_issue,LLM_review_or_future_special_module,,,NONE_BASE,1,0,0
Y2_R049_C09_S04,Y2_boolean_variation,Y2,( (((27 % 10) = 8) = TRUE) ),( (((27 % 10) = 8) = TRUE) ),arithmetic_expression,0,0.85,1.0,0.8,0.0,T0_generated_candidate,slot_sanity_or_static_issue,LLM_review_or_future_special_module,,,NONE_BASE,1,0,1
Y2_R049_C09_S05,Y2_boolean_variation,Y2,(((40  %  23)  =  18)  =  true),(((40 % 23) = 18) = true),arithmetic_expression,0,0.85,1.0,0.8,0.0,T0_generated_candidate,slot_sanity_or_static_issue,LLM_review_or_future_special_module,,,NONE_BASE,1,0,0
Y2_R049_C09_S06,Y2_boolean_variation,Y2,( (((53 % 36) = 18) = TRUE) ),( (((53 % 36) = 18) = TRUE) ),arithmetic_expression,0,0.85,1.0,0.8,0.0,T0_generated_candidate,slot_sanity_or_static_issue,LLM_review_or_future_special_module,,,NONE_BASE,1,0,1
Y2_R049_C10_S01,Y2_boolean_variation,Y2,"( coalesce(((96 % 79) = 17), FALSE) )","( coalesce(((96 % 79) = 17), FALSE) )",arithmetic_expression,0,0.85,1.0,0.8,0.0,T0_generated_candidate,slot_sanity_or_static_issue,LLM_review_or_future_special_module,,,NONE_BASE,1,0,0
Y2_R049_C10_S02,Y2_boolean_variation,Y2,"COALESCE(((12  %  92)  =  12),  false)","COALESCE(((12 % 92) = 12), false)",arithmetic_expression,0,0.85,1.0,0.8,0.0,T0_generated_candidate,slot_sanity_or_static_issue,LLM_review_or_future_special_module,,,NONE_BASE,1,0,0
Y2_R049_C10_S03,Y2_boolean_variation,Y2,"( coalesce(((25 % 8) = 1), FALSE) )","( coalesce(((25 % 8) = 1), FALSE) )",arithmetic_expression,0,0.85,1.0,0.8,0.0,T0_generated_candidate,slot_sanity_or_static_issue,LLM_review_or_future_special_module,,,NONE_BASE,1,0,0
Y2_R049_C10_S04,Y2_boolean_variation,Y2,"COALESCE(((38 % 21) = 18), false)","COALESCE(((38 % 21) = 18), false)",arithmetic_expression,0,0.85,1.0,0.8,0.0,T0_generated_candidate,slot_sanity_or_static_issue,LLM_review_or_future_special_module,,,NONE_BASE,1,0,0
Y2_R049_C10_S05,Y2_boolean_variation,Y2,"(  coalesce(((51  %  34)  =  18),  FALSE)  )","( coalesce(((51 % 34) = 18), FALSE) )",arithmetic_expression,0,0.85,1.0,0.8,0.0,T0_generated_candidate,slot_sanity_or_static_issue,LLM_review_or_future_special_module,,,NONE_BASE,1,0,0
Y2_R049_C10_S06,Y2_boolean_variation,Y2,"COALESCE(((64 % 47) = 18), false)","COALESCE(((64 % 47) = 18), false)",arithmetic_expression,0,0.85,1.0,0.8,0.0,T0_generated_candidate,slot_sanity_or_static_issue,LLM_review_or_future_special_module,,,NONE_BASE,1,0,0
Y2_R086_C01_S01,Y2_boolean_variation,Y2,(  uuid  '00000000-0000-0000-0000-000000003195'  =  uuid  '00000000-0000-0000-0000-000000003195'  ),( uuid '00000000-0000-0000-0000-000000003195' = uuid '00000000-0000-0000-0000-000000003195' ),uuid_predicate,1,0.9,0.0,1.0,0.0,T1_static_validated,slot_sanity_or_static_issue,LLM_review_or_future_special_module,,,NONE_BASE,1,1,1
Y2_R086_C01_S02,Y2_boolean_variation,Y2,uuid '00000000-0000-0000-0000-000000003208' = uuid '00000000-0000-0000-0000-000000003208',uuid '00000000-0000-0000-0000-000000003208' = uuid '00000000-0000-0000-0000-000000003208',uuid_predicate,1,0.9,0.0,1.0,0.0,T1_static_validated,slot_sanity_or_static_issue,LLM_review_or_future_special_module,,,NONE_BASE,1,1,1
Y2_R086_C01_S03,Y2_boolean_variation,Y2,( uuid '00000000-0000-0000-0000-000000003221' = uuid '00000000-0000-0000-0000-000000003221' ),( uuid '00000000-0000-0000-0000-000000003221' = uuid '00000000-0000-0000-0000-000000003221' ),uuid_predicate,1,0.9,0.0,1.0,0.0,T1_static_validated,slot_sanity_or_static_issue,LLM_review_or_future_special_module,,,NONE_BASE,1,1,1
Y2_R086_C01_S04,Y2_boolean_variation,Y2,uuid  '00000000-0000-0000-0000-000000003234'  =  uuid  '00000000-0000-0000-0000-000000003241',uuid '00000000-0000-0000-0000-000000003234' = uuid '00000000-0000-0000-0000-000000003241',uuid_predicate,1,0.9,0.0,1.0,0.0,T1_static_validated,slot_sanity_or_static_issue,LLM_review_or_future_special_module,,,NONE_BASE,1,1,1
Y2_R086_C01_S05,Y2_boolean_variation,Y2,( uuid '00000000-0000-0000-0000-000000003247' = uuid '00000000-0000-0000-0000-000000003254' ),( uuid '00000000-0000-0000-0000-000000003247' = uuid '00000000-0000-0000-0000-000000003254' ),uuid_predicate,1,0.9,0.0,1.0,0.0,T1_static_validated,slot_sanity_or_static_issue,LLM_review_or_future_special_module,,,NONE_BASE,1,1,1
Y2_R086_C01_S06,Y2_boolean_variation,Y2,uuid '00000000-0000-0000-0000-000000003260' = uuid '00000000-0000-0000-0000-000000003267',uuid '00000000-0000-0000-0000-000000003260' = uuid '00000000-0000-0000-0000-000000003267',uuid_predicate,1,0.9,0.0,1.0,0.0,T1_static_validated,slot_sanity_or_static_issue,LLM_review_or_future_special_module,,,NONE_BASE,1,1,1
Y2_R086_C02_S01,Y2_boolean_variation,Y2,(uuid  '00000000-0000-0000-0000-000000003195'  =  uuid  '00000000-0000-0000-0000-000000003195'),(uuid '00000000-0000-0000-0000-000000003195' = uuid '00000000-0000-0000-0000-000000003195'),uuid_predicate,1,0.9,0.0,1.0,0.0,T1_static_validated,slot_sanity_or_static_issue,LLM_review_or_future_special_module,,,NONE_BASE,1,1,1
Y2_R086_C02_S02,Y2_boolean_variation,Y2,( (uuid '00000000-0000-0000-0000-000000003208' = uuid '00000000-0000-0000-0000-000000003208') ),( (uuid '00000000-0000-0000-0000-000000003208' = uuid '00000000-0000-0000-0000-000000003208') ),uuid_predicate,1,0.9,0.0,1.0,0.0,T1_static_validated,slot_sanity_or_static_issue,LLM_review_or_future_special_module,,,NONE_BASE,1,1,1
Y2_R086_C02_S03,Y2_boolean_variation,Y2,(uuid '00000000-0000-0000-0000-000000003221' = uuid '00000000-0000-0000-0000-000000003221'),(uuid '00000000-0000-0000-0000-000000003221' = uuid '00000000-0000-0000-0000-000000003221'),uuid_predicate,1,0.9,0.0,1.0,0.0,T1_static_validated,slot_sanity_or_static_issue,LLM_review_or_future_special_module,,,NONE_BASE,1,1,1
Y2_R086_C02_S04,Y2_boolean_variation,Y2,(  (uuid  '00000000-0000-0000-0000-000000003234'  =  uuid  '00000000-0000-0000-0000-000000003241')  ),( (uuid '00000000-0000-0000-0000-000000003234' = uuid '00000000-0000-0000-0000-000000003241') ),uuid_predicate,1,0.9,0.0,1.0,0.0,T1_static_validated,slot_sanity_or_static_issue,LLM_review_or_future_special_module,,,NONE_BASE,1,1,1
Y2_R086_C02_S05,Y2_boolean_variation,Y2,(uuid '00000000-0000-0000-0000-000000003247' = uuid '00000000-0000-0000-0000-000000003254'),(uuid '00000000-0000-0000-0000-000000003247' = uuid '00000000-0000-0000-0000-000000003254'),uuid_predicate,1,0.9,0.0,1.0,0.0,T1_static_validated,slot_sanity_or_static_issue,LLM_review_or_future_special_module,,,NONE_BASE,1,1,1
Y2_R086_C02_S06,Y2_boolean_variation,Y2,( (uuid '00000000-0000-0000-0000-000000003260' = uuid '00000000-0000-0000-0000-000000003267') ),( (uuid '00000000-0000-0000-0000-000000003260' = uuid '00000000-0000-0000-0000-000000003267') ),uuid_predicate,1,0.9,0.0,1.0,0.0,T1_static_validated,slot_sanity_or_static_issue,LLM_review_or_future_special_module,,,NONE_BASE,1,1,1
Y2_R086_C03_S01,Y2_boolean_variation,Y2,(  not  (uuid  '00000000-0000-0000-0000-000000003195'  =  uuid  '00000000-0000-0000-0000-000000003202')  ),( not (uuid '00000000-0000-0000-0000-000000003195' = uuid '00000000-0000-0000-0000-000000003202') ),uuid_predicate,1,0.9,0.0,1.0,0.0,T1_static_validated,slot_sanity_or_static_issue,LLM_review_or_future_special_module,,,NONE_BASE,1,1,0
Y2_R086_C03_S02,Y2_boolean_variation,Y2,NOT (uuid '00000000-0000-0000-0000-000000003208' = uuid '00000000-0000-0000-0000-000000003215'),NOT (uuid '00000000-0000-0000-0000-000000003208' = uuid '00000000-0000-0000-0000-000000003215'),uuid_predicate,1,0.9,0.0,1.0,0.0,T1_static_validated,slot_sanity_or_static_issue,LLM_review_or_future_special_module,,,NONE_BASE,1,1,1
Y2_R086_C03_S03,Y2_boolean_variation,Y2,( not (uuid '00000000-0000-0000-0000-000000003221' = uuid '00000000-0000-0000-0000-000000003228') ),( not (uuid '00000000-0000-0000-0000-000000003221' = uuid '00000000-0000-0000-0000-000000003228') ),uuid_predicate,1,0.9,0.0,1.0,0.0,T1_static_validated,slot_sanity_or_static_issue,LLM_review_or_future_special_module,,,NONE_BASE,1,1,0
Y2_R086_C03_S04,Y2_boolean_variation,Y2,NOT  (uuid  '00000000-0000-0000-0000-000000003234'  =  uuid  '00000000-0000-0000-0000-000000003234'),NOT (uuid '00000000-0000-0000-0000-000000003234' = uuid '00000000-0000-0000-0000-000000003234'),uuid_predicate,1,0.9,0.0,1.0,0.0,T1_static_validated,slot_sanity_or_static_issue,LLM_review_or_future_special_module,,,NONE_BASE,1,1,1
Y2_R086_C03_S05,Y2_boolean_variation,Y2,( not (uuid '00000000-0000-0000-0000-000000003247' = uuid '00000000-0000-0000-0000-000000003247') ),( not (uuid '00000000-0000-0000-0000-000000003247' = uuid '00000000-0000-0000-0000-000000003247') ),uuid_predicate,1,0.9,0.0,1.0,0.0,T1_static_validated,slot_sanity_or_static_issue,LLM_review_or_future_special_module,,,NONE_BASE,1,1,0
Y2_R086_C03_S06,Y2_boolean_variation,Y2,NOT (uuid '00000000-0000-0000-0000-000000003260' = uuid '00000000-0000-0000-0000-000000003260'),NOT (uuid '00000000-0000-0000-0000-000000003260' = uuid '00000000-0000-0000-0000-000000003260'),uuid_predicate,1,0.9,0.0,1.0,0.0,T1_static_validated,slot_sanity_or_static_issue,LLM_review_or_future_special_module,,,NONE_BASE,1,1,1
Y2_R086_C04_S01,Y2_boolean_variation,Y2,(uuid  '00000000-0000-0000-0000-000000003195'  =  uuid  '00000000-0000-0000-0000-000000003195')  IS  TRUE,(uuid '00000000-0000-0000-0000-000000003195' = uuid '00000000-0000-0000-0000-000000003195') IS TRUE,uuid_predicate,1,0.9,0.0,1.0,0.0,T1_static_validated,slot_sanity_or_static_issue,LLM_review_or_future_special_module,,,NONE_BASE,1,1,1
Y2_R086_C04_S02,Y2_boolean_variation,Y2,( (uuid '00000000-0000-0000-0000-000000003208' = uuid '00000000-0000-0000-0000-000000003208') is true ),( (uuid '00000000-0000-0000-0000-000000003208' = uuid '00000000-0000-0000-0000-000000003208') is true ),uuid_predicate,1,0.9,0.0,1.0,0.0,T1_static_validated,slot_sanity_or_static_issue,LLM_review_or_future_special_module,,,NONE_BASE,1,1,0
Y2_R086_C04_S03,Y2_boolean_variation,Y2,(uuid '00000000-0000-0000-0000-000000003221' = uuid '00000000-0000-0000-0000-000000003221') IS TRUE,(uuid '00000000-0000-0000-0000-000000003221' = uuid '00000000-0000-0000-0000-000000003221') IS TRUE,uuid_predicate,1,0.9,0.0,1.0,0.0,T1_static_validated,slot_sanity_or_static_issue,LLM_review_or_future_special_module,,,NONE_BASE,1,1,1
Y2_R086_C04_S04,Y2_boolean_variation,Y2,(  (uuid  '00000000-0000-0000-0000-000000003234'  =  uuid  '00000000-0000-0000-0000-000000003241')  is  true  ),( (uuid '00000000-0000-0000-0000-000000003234' = uuid '00000000-0000-0000-0000-000000003241') is true ),uuid_predicate,1,0.9,0.0,1.0,0.0,T1_static_validated,slot_sanity_or_static_issue,LLM_review_or_future_special_module,,,NONE_BASE,1,1,0
Y2_R086_C04_S05,Y2_boolean_variation,Y2,(uuid '00000000-0000-0000-0000-000000003247' = uuid '00000000-0000-0000-0000-000000003254') IS TRUE,(uuid '00000000-0000-0000-0000-000000003247' = uuid '00000000-0000-0000-0000-000000003254') IS TRUE,uuid_predicate,1,0.9,0.0,1.0,0.0,T1_static_validated,slot_sanity_or_static_issue,LLM_review_or_future_special_module,,,NONE_BASE,1,1,1
Y2_R086_C04_S06,Y2_boolean_variation,Y2,( (uuid '00000000-0000-0000-0000-000000003260' = uuid '00000000-0000-0000-0000-000000003267') is true ),( (uuid '00000000-0000-0000-0000-000000003260' = uuid '00000000-0000-0000-0000-000000003267') is true ),uuid_predicate,1,0.9,0.0,1.0,0.0,T1_static_validated,slot_sanity_or_static_issue,LLM_review_or_future_special_module,,,NONE_BASE,1,1,0
Y2_R086_C05_S01,Y2_boolean_variation,Y2,(  (uuid  '00000000-0000-0000-0000-000000003195'  =  uuid  '00000000-0000-0000-0000-000000003195')  IS  not  false  ),( (uuid '00000000-0000-0000-0000-000000003195' = uuid '00000000-0000-0000-0000-000000003195') IS not false ),uuid_predicate,1,0.9,0.0,1.0,0.0,T1_static_validated,slot_sanity_or_static_issue,LLM_review_or_future_special_module,,,NONE_BASE,1,1,0
Y2_R086_C05_S02,Y2_boolean_variation,Y2,(uuid '00000000-0000-0000-0000-000000003208' = uuid '00000000-0000-0000-0000-000000003208') is NOT FALSE,(uuid '00000000-0000-0000-0000-000000003208' = uuid '00000000-0000-0000-0000-000000003208') is NOT FALSE,uuid_predicate,1,0.9,0.0,1.0,0.0,T1_static_validated,slot_sanity_or_static_issue,LLM_review_or_future_special_module,,,NONE_BASE,1,1,0
Y2_R086_C05_S03,Y2_boolean_variation,Y2,( (uuid '00000000-0000-0000-0000-000000003221' = uuid '00000000-0000-0000-0000-000000003221') IS not false ),( (uuid '00000000-0000-0000-0000-000000003221' = uuid '00000000-0000-0000-0000-000000003221') IS not false ),uuid_predicate,1,0.9,0.0,1.0,0.0,T1_static_validated,slot_sanity_or_static_issue,LLM_review_or_future_special_module,,,NONE_BASE,1,1,0
Y2_R086_C05_S04,Y2_boolean_variation,Y2,(uuid  '00000000-0000-0000-0000-000000003234'  =  uuid  '00000000-0000-0000-0000-000000003241')  is  NOT  FALSE,(uuid '00000000-0000-0000-0000-000000003234' = uuid '00000000-0000-0000-0000-000000003241') is NOT FALSE,uuid_predicate,1,0.9,0.0,1.0,0.0,T1_static_validated,slot_sanity_or_static_issue,LLM_review_or_future_special_module,,,NONE_BASE,1,1,0
Y2_R086_C05_S05,Y2_boolean_variation,Y2,( (uuid '00000000-0000-0000-0000-000000003247' = uuid '00000000-0000-0000-0000-000000003254') IS not false ),( (uuid '00000000-0000-0000-0000-000000003247' = uuid '00000000-0000-0000-0000-000000003254') IS not false ),uuid_predicate,1,0.9,0.0,1.0,0.0,T1_static_validated,slot_sanity_or_static_issue,LLM_review_or_future_special_module,,,NONE_BASE,1,1,0
Y2_R086_C05_S06,Y2_boolean_variation,Y2,(uuid '00000000-0000-0000-0000-000000003260' = uuid '00000000-0000-0000-0000-000000003267') is NOT FALSE,(uuid '00000000-0000-0000-0000-000000003260' = uuid '00000000-0000-0000-0000-000000003267') is NOT FALSE,uuid_predicate,1,0.9,0.0,1.0,0.0,T1_static_validated,slot_sanity_or_static_issue,LLM_review_or_future_special_module,,,NONE_BASE,1,1,0
Y2_R086_C06_S01,Y2_boolean_variation,Y2,CASE  WHEN  (uuid  '00000000-0000-0000-0000-000000003195'  =  uuid  '00000000-0000-0000-0000-000000003195')  THEN  TRUE  ELSE  false  end,CASE WHEN (uuid '00000000-0000-0000-0000-000000003195' = uuid '00000000-0000-0000-0000-000000003195') THEN TRUE ELSE false end,uuid_predicate,1,0.9,0.0,1.0,0.0,T1_static_validated,slot_sanity_or_static_issue,LLM_review_or_future_special_module,,,NONE_BASE,1,1,0
Y2_R086_C06_S02,Y2_boolean_variation,Y2,( case when (uuid '00000000-0000-0000-0000-000000003208' = uuid '00000000-0000-0000-0000-000000003208') then true else FALSE END ),( case when (uuid '00000000-0000-0000-0000-000000003208' = uuid '00000000-0000-0000-0000-000000003208') then true else FALSE END ),uuid_predicate,1,0.9,0.0,1.0,0.0,T1_static_validated,slot_sanity_or_static_issue,LLM_review_or_future_special_module,,,NONE_BASE,1,1,0
Y2_R086_C06_S03,Y2_boolean_variation,Y2,CASE WHEN (uuid '00000000-0000-0000-0000-000000003221' = uuid '00000000-0000-0000-0000-000000003221') THEN TRUE ELSE false end,CASE WHEN (uuid '00000000-0000-0000-0000-000000003221' = uuid '00000000-0000-0000-0000-000000003221') THEN TRUE ELSE false end,uuid_predicate,1,0.9,0.0,1.0,0.0,T1_static_validated,slot_sanity_or_static_issue,LLM_review_or_future_special_module,,,NONE_BASE,1,1,0
Y2_R086_C06_S04,Y2_boolean_variation,Y2,(  case  when  (uuid  '00000000-0000-0000-0000-000000003234'  =  uuid  '00000000-0000-0000-0000-000000003241')  then  true  else  FALSE  END  ),( case when (uuid '00000000-0000-0000-0000-000000003234' = uuid '00000000-0000-0000-0000-000000003241') then true else FALSE END ),uuid_predicate,1,0.9,0.0,1.0,0.0,T1_static_validated,slot_sanity_or_static_issue,LLM_review_or_future_special_module,,,NONE_BASE,1,1,0
Y2_R086_C06_S05,Y2_boolean_variation,Y2,CASE WHEN (uuid '00000000-0000-0000-0000-000000003247' = uuid '00000000-0000-0000-0000-000000003254') THEN TRUE ELSE false end,CASE WHEN (uuid '00000000-0000-0000-0000-000000003247' = uuid '00000000-0000-0000-0000-000000003254') THEN TRUE ELSE false end,uuid_predicate,1,0.9,0.0,1.0,0.0,T1_static_validated,slot_sanity_or_static_issue,LLM_review_or_future_special_module,,,NONE_BASE,1,1,0
Y2_R086_C06_S06,Y2_boolean_variation,Y2,( case when (uuid '00000000-0000-0000-0000-000000003260' = uuid '00000000-0000-0000-0000-000000003267') then true else FALSE END ),( case when (uuid '00000000-0000-0000-0000-000000003260' = uuid '00000000-0000-0000-0000-000000003267') then true else FALSE END ),uuid_predicate,1,0.9,0.0,1.0,0.0,T1_static_validated,slot_sanity_or_static_issue,LLM_review_or_future_special_module,,,NONE_BASE,1,1,0
Y2_R086_C07_S01,Y2_boolean_variation,Y2,(  (uuid  '00000000-0000-0000-0000-000000003195'  =  uuid  '00000000-0000-0000-0000-000000003195')  and  (65  =  65)  ),( (uuid '00000000-0000-0000-0000-000000003195' = uuid '00000000-0000-0000-0000-000000003195') and (65 = 65) ),uuid_predicate,1,0.9,0.0,1.0,0.0,T1_static_validated,slot_sanity_or_static_issue,LLM_review_or_future_special_module,,,NONE_BASE,1,1,0
Y2_R086_C07_S02,Y2_boolean_variation,Y2,(uuid '00000000-0000-0000-0000-000000003208' = uuid '00000000-0000-0000-0000-000000003208') AND (78 = 78),(uuid '00000000-0000-0000-0000-000000003208' = uuid '00000000-0000-0000-0000-000000003208') AND (78 = 78),uuid_predicate,1,0.9,0.0,1.0,0.0,T1_static_validated,slot_sanity_or_static_issue,LLM_review_or_future_special_module,,,NONE_BASE,1,1,1
Y2_R086_C07_S03,Y2_boolean_variation,Y2,( (uuid '00000000-0000-0000-0000-000000003221' = uuid '00000000-0000-0000-0000-000000003221') and (91 = 91) ),( (uuid '00000000-0000-0000-0000-000000003221' = uuid '00000000-0000-0000-0000-000000003221') and (91 = 91) ),uuid_predicate,1,0.9,0.0,1.0,0.0,T1_static_validated,slot_sanity_or_static_issue,LLM_review_or_future_special_module,,,NONE_BASE,1,1,0
Y2_R086_C07_S04,Y2_boolean_variation,Y2,(uuid  '00000000-0000-0000-0000-000000003234'  =  uuid  '00000000-0000-0000-0000-000000003241')  AND  (7  =  7),(uuid '00000000-0000-0000-0000-000000003234' = uuid '00000000-0000-0000-0000-000000003241') AND (7 = 7),uuid_predicate,1,0.9,0.0,1.0,0.0,T1_static_validated,slot_sanity_or_static_issue,LLM_review_or_future_special_module,,,NONE_BASE,1,1,1
Y2_R086_C07_S05,Y2_boolean_variation,Y2,( (uuid '00000000-0000-0000-0000-000000003247' = uuid '00000000-0000-0000-0000-000000003254') and (20 = 20) ),( (uuid '00000000-0000-0000-0000-000000003247' = uuid '00000000-0000-0000-0000-000000003254') and (20 = 20) ),uuid_predicate,1,0.9,0.0,1.0,0.0,T1_static_validated,slot_sanity_or_static_issue,LLM_review_or_future_special_module,,,NONE_BASE,1,1,0
Y2_R086_C07_S06,Y2_boolean_variation,Y2,(uuid '00000000-0000-0000-0000-000000003260' = uuid '00000000-0000-0000-0000-000000003267') AND (33 = 33),(uuid '00000000-0000-0000-0000-000000003260' = uuid '00000000-0000-0000-0000-000000003267') AND (33 = 33),uuid_predicate,1,0.9,0.0,1.0,0.0,T1_static_validated,slot_sanity_or_static_issue,LLM_review_or_future_special_module,,,NONE_BASE,1,1,1
Y2_R086_C08_S01,Y2_boolean_variation,Y2,(uuid  '00000000-0000-0000-0000-000000003195'  =  uuid  '00000000-0000-0000-0000-000000003195')  OR  (93  <>  93),(uuid '00000000-0000-0000-0000-000000003195' = uuid '00000000-0000-0000-0000-000000003195') OR (93 <> 93),uuid_predicate,1,0.9,0.0,1.0,0.0,T1_static_validated,slot_sanity_or_static_issue,LLM_review_or_future_special_module,,,NONE_BASE,1,1,1
Y2_R086_C08_S02,Y2_boolean_variation,Y2,( (uuid '00000000-0000-0000-0000-000000003208' = uuid '00000000-0000-0000-0000-000000003208') or (9 <> 9) ),( (uuid '00000000-0000-0000-0000-000000003208' = uuid '00000000-0000-0000-0000-000000003208') or (9 <> 9) ),uuid_predicate,1,0.9,0.0,1.0,0.0,T1_static_validated,slot_sanity_or_static_issue,LLM_review_or_future_special_module,,,NONE_BASE,1,1,0
