sample_id,module_id,y_level,payload_raw,validation_payload_v4,semantic_family,static_valid_v4,static_quality_score_v4,slot_sanity_score_v4,module_contract_valid_score,malformed_syntax_penalty_v4,evidence_tier,hard_case_reason,intended_tier,parent_sample_id,parent_module_level,transform_recipe_id,roundtrip_valid,structure_preserved,semantic_preserved
Y4_R001_C01_S01,Y4_obfuscated_boolean,Y4,32	 =	 32,32 = 32,comparison_numeric,1,1.0,1.0,1.0,0.0,T1_static_validated,representation_case,LLM_review_or_future_special_module,Y1_R001_C01_S01,Y1_basic_boolean,T_Y4_TAB_SPACE,1,1,1
Y4_R001_C01_S02,Y4_obfuscated_boolean,Y4,45/**/=/**/45,45 = 45,comparison_numeric,1,1.0,1.0,1.0,0.0,T1_static_validated,representation_case,LLM_review_or_future_special_module,Y1_R001_C01_S02,Y1_basic_boolean,T_Y4_COMMENT_WS,1,1,1
Y4_R001_C01_S03,Y4_obfuscated_boolean,Y4,((58	 =	 58)),((58 = 58)),comparison_numeric,1,1.0,1.0,1.0,0.0,T1_static_validated,representation_case,LLM_review_or_future_special_module,Y2_R001_C01_S03,Y2_boolean_variation,T_Y4_EXTRA_PARENTHESES,1,1,1
Y4_R001_C01_S04,Y4_obfuscated_boolean,Y4,71/**/=/**/88,71 = 88,comparison_numeric,1,1.0,1.0,1.0,0.0,T1_static_validated,representation_case,LLM_review_or_future_special_module,Y1_R001_C01_S04,Y1_basic_boolean,T_Y4_COMMENT_WS,1,1,1
Y4_R001_C01_S05,Y4_obfuscated_boolean,Y4,84	 =	 4,84 = 4,comparison_numeric,1,1.0,1.0,1.0,0.0,T1_static_validated,representation_case,LLM_review_or_future_special_module,Y1_R001_C01_S05,Y1_basic_boolean,T_Y4_TAB_SPACE,1,1,1
Y4_R001_C01_S06,Y4_obfuscated_boolean,Y4,97/**/=/**/17,97 = 17,comparison_numeric,1,1.0,1.0,1.0,0.0,T1_static_validated,representation_case,LLM_review_or_future_special_module,Y1_R001_C01_S06,Y1_basic_boolean,T_Y4_COMMENT_WS,1,1,1
Y4_R001_C02_S01,Y4_obfuscated_boolean,Y4,(43/**/=/**/43),(43 = 43),comparison_numeric,1,1.0,1.0,1.0,0.0,T1_static_validated,representation_case,LLM_review_or_future_special_module,Y1_R001_C02_S01,Y1_basic_boolean,T_Y4_COMMENT_WS,1,1,1
Y4_R001_C02_S02,Y4_obfuscated_boolean,Y4,(56	 =	 56),(56 = 56),comparison_numeric,1,1.0,1.0,1.0,0.0,T1_static_validated,representation_case,LLM_review_or_future_special_module,Y1_R001_C02_S02,Y1_basic_boolean,T_Y4_TAB_SPACE,1,1,1
Y4_R001_C02_S03,Y4_obfuscated_boolean,Y4,(((69/**/=/**/69))),(((69 = 69))),comparison_numeric,1,1.0,1.0,1.0,0.0,T1_static_validated,representation_case,LLM_review_or_future_special_module,Y2_R001_C02_S03,Y2_boolean_variation,T_Y4_EXTRA_PARENTHESES,1,1,1
Y4_R001_C02_S04,Y4_obfuscated_boolean,Y4,(82	 =	 2),(82 = 2),comparison_numeric,1,1.0,1.0,1.0,0.0,T1_static_validated,representation_case,LLM_review_or_future_special_module,Y1_R001_C02_S04,Y1_basic_boolean,T_Y4_TAB_SPACE,1,1,1
Y4_R001_C02_S05,Y4_obfuscated_boolean,Y4,(95/**/=/**/15),(95 = 15),comparison_numeric,1,1.0,1.0,1.0,0.0,T1_static_validated,representation_case,LLM_review_or_future_special_module,Y1_R001_C02_S05,Y1_basic_boolean,T_Y4_COMMENT_WS,1,1,1
Y4_R001_C02_S06,Y4_obfuscated_boolean,Y4,(11	 =	 28),(11 = 28),comparison_numeric,1,1.0,1.0,1.0,0.0,T1_static_validated,representation_case,LLM_review_or_future_special_module,Y1_R001_C02_S06,Y1_basic_boolean,T_Y4_TAB_SPACE,1,1,1
Y4_R001_C03_S01,Y4_obfuscated_boolean,Y4,NoT	 (54	 =	 71),NoT (54 = 71),comparison_numeric,1,1.0,1.0,1.0,0.0,T1_static_validated,representation_case,LLM_review_or_future_special_module,Y1_R001_C03_S01,Y1_basic_boolean,T_Y4_TAB_SPACE,1,1,0
Y4_R001_C03_S02,Y4_obfuscated_boolean,Y4,NoT/**/(67/**/=/**/84),NoT (67 = 84),comparison_numeric,1,1.0,1.0,1.0,0.0,T1_static_validated,representation_case,LLM_review_or_future_special_module,Y1_R001_C03_S02,Y1_basic_boolean,T_Y4_COMMENT_WS,1,1,0
Y4_R001_C03_S03,Y4_obfuscated_boolean,Y4,((NoT	 (80	 =	 97))),((NoT (80 = 97))),comparison_numeric,1,1.0,1.0,1.0,0.0,T1_static_validated,representation_case,LLM_review_or_future_special_module,Y2_R001_C03_S03,Y2_boolean_variation,T_Y4_EXTRA_PARENTHESES,1,1,0
Y4_R001_C03_S04,Y4_obfuscated_boolean,Y4,NoT/**/(93/**/=/**/93),NoT (93 = 93),comparison_numeric,1,1.0,1.0,1.0,0.0,T1_static_validated,representation_case,LLM_review_or_future_special_module,Y1_R001_C03_S04,Y1_basic_boolean,T_Y4_COMMENT_WS,1,1,0
Y4_R001_C03_S05,Y4_obfuscated_boolean,Y4,NoT	 (9	 =	 9),NoT (9 = 9),comparison_numeric,1,1.0,1.0,1.0,0.0,T1_static_validated,representation_case,LLM_review_or_future_special_module,Y1_R001_C03_S05,Y1_basic_boolean,T_Y4_TAB_SPACE,1,1,0
Y4_R001_C03_S06,Y4_obfuscated_boolean,Y4,NoT/**/(22/**/=/**/22),NoT (22 = 22),comparison_numeric,1,1.0,1.0,1.0,0.0,T1_static_validated,representation_case,LLM_review_or_future_special_module,Y1_R001_C03_S06,Y1_basic_boolean,T_Y4_COMMENT_WS,1,1,0
Y4_R001_C04_S01,Y4_obfuscated_boolean,Y4,(65/**/=/**/65)/**/IS/**/trUE,(65 = 65) IS trUE,comparison_numeric,1,1.0,1.0,1.0,0.0,T1_static_validated,representation_case,LLM_review_or_future_special_module,Y1_R001_C04_S01,Y1_basic_boolean,T_Y4_COMMENT_WS,1,1,0
Y4_R001_C04_S02,Y4_obfuscated_boolean,Y4,(78	 =	 78)	 IS	 trUE,(78 = 78) IS trUE,comparison_numeric,1,1.0,1.0,1.0,0.0,T1_static_validated,representation_case,LLM_review_or_future_special_module,Y1_R001_C04_S02,Y1_basic_boolean,T_Y4_TAB_SPACE,1,1,0
Y4_R001_C04_S03,Y4_obfuscated_boolean,Y4,(((91/**/=/**/91)/**/IS/**/trUE)),(((91 = 91) IS trUE)),comparison_numeric,1,1.0,1.0,1.0,0.0,T1_static_validated,representation_case,LLM_review_or_future_special_module,Y2_R001_C04_S03,Y2_boolean_variation,T_Y4_EXTRA_PARENTHESES,1,1,0
Y4_R001_C04_S04,Y4_obfuscated_boolean,Y4,(7	 =	 24)	 IS	 trUE,(7 = 24) IS trUE,comparison_numeric,1,1.0,1.0,1.0,0.0,T1_static_validated,representation_case,LLM_review_or_future_special_module,Y1_R001_C04_S04,Y1_basic_boolean,T_Y4_TAB_SPACE,1,1,0
Y4_R001_C04_S05,Y4_obfuscated_boolean,Y4,(20/**/=/**/37)/**/IS/**/trUE,(20 = 37) IS trUE,comparison_numeric,1,1.0,1.0,1.0,0.0,T1_static_validated,representation_case,LLM_review_or_future_special_module,Y1_R001_C04_S05,Y1_basic_boolean,T_Y4_COMMENT_WS,1,1,0
Y4_R001_C04_S06,Y4_obfuscated_boolean,Y4,(33	 =	 50)	 IS	 trUE,(33 = 50) IS trUE,comparison_numeric,1,1.0,1.0,1.0,0.0,T1_static_validated,representation_case,LLM_review_or_future_special_module,Y1_R001_C04_S06,Y1_basic_boolean,T_Y4_TAB_SPACE,1,1,0
Y4_R001_C05_S01,Y4_obfuscated_boolean,Y4,(76	 =	 76)	 is	 NoT	 FaLse,(76 = 76) is NoT FaLse,comparison_numeric,1,1.0,1.0,1.0,0.0,T1_static_validated,representation_case,LLM_review_or_future_special_module,Y1_R001_C05_S01,Y1_basic_boolean,T_Y4_TAB_SPACE,1,1,0
Y4_R001_C05_S02,Y4_obfuscated_boolean,Y4,(89/**/=/**/89)/**/is/**/NoT/**/FaLse,(89 = 89) is NoT FaLse,comparison_numeric,1,1.0,1.0,1.0,0.0,T1_static_validated,representation_case,LLM_review_or_future_special_module,Y1_R001_C05_S02,Y1_basic_boolean,T_Y4_COMMENT_WS,1,1,0
Y4_R001_C05_S03,Y4_obfuscated_boolean,Y4,(((5	 =	 5)	 is	 NoT	 FaLse)),(((5 = 5) is NoT FaLse)),comparison_numeric,1,1.0,1.0,1.0,0.0,T1_static_validated,representation_case,LLM_review_or_future_special_module,Y2_R001_C05_S03,Y2_boolean_variation,T_Y4_EXTRA_PARENTHESES,1,1,0
Y4_R001_C05_S04,Y4_obfuscated_boolean,Y4,(18/**/=/**/35)/**/is/**/NoT/**/FaLse,(18 = 35) is NoT FaLse,comparison_numeric,1,1.0,1.0,1.0,0.0,T1_static_validated,representation_case,LLM_review_or_future_special_module,Y1_R001_C05_S04,Y1_basic_boolean,T_Y4_COMMENT_WS,1,1,0
Y4_R001_C05_S05,Y4_obfuscated_boolean,Y4,(31	 =	 48)	 is	 NoT	 FaLse,(31 = 48) is NoT FaLse,comparison_numeric,1,1.0,1.0,1.0,0.0,T1_static_validated,representation_case,LLM_review_or_future_special_module,Y1_R001_C05_S05,Y1_basic_boolean,T_Y4_TAB_SPACE,1,1,0
Y4_R001_C05_S06,Y4_obfuscated_boolean,Y4,(44/**/=/**/61)/**/is/**/NoT/**/FaLse,(44 = 61) is NoT FaLse,comparison_numeric,1,1.0,1.0,1.0,0.0,T1_static_validated,representation_case,LLM_review_or_future_special_module,Y1_R001_C05_S06,Y1_basic_boolean,T_Y4_COMMENT_WS,1,1,0
Y4_R001_C06_S01,Y4_obfuscated_boolean,Y4,CASE/**/WhEn/**/(87/**/=/**/87)/**/thEn/**/trUE/**/ElSE/**/fAlSE/**/End,CASE WhEn (87 = 87) thEn trUE ElSE fAlSE End,comparison_numeric,1,1.0,1.0,1.0,0.0,T1_static_validated,representation_case,LLM_review_or_future_special_module,Y1_R001_C06_S01,Y1_basic_boolean,T_Y4_COMMENT_WS,1,1,0
Y4_R001_C06_S02,Y4_obfuscated_boolean,Y4,CASE	 WhEn	 (3	 =	 3)	 thEn	 trUE	 ElSE	 fAlSE	 End,CASE WhEn (3 = 3) thEn trUE ElSE fAlSE End,comparison_numeric,1,1.0,1.0,1.0,0.0,T1_static_validated,representation_case,LLM_review_or_future_special_module,Y1_R001_C06_S02,Y1_basic_boolean,T_Y4_TAB_SPACE,1,1,0
Y4_R001_C06_S03,Y4_obfuscated_boolean,Y4,((CASE/**/WhEn/**/(16/**/=/**/16)/**/thEn/**/trUE/**/ElSE/**/fAlSE/**/End)),((CASE WhEn (16 = 16) thEn trUE ElSE fAlSE End)),comparison_numeric,1,1.0,1.0,1.0,0.0,T1_static_validated,representation_case,LLM_review_or_future_special_module,Y2_R001_C06_S03,Y2_boolean_variation,T_Y4_EXTRA_PARENTHESES,1,1,0
Y4_R001_C06_S04,Y4_obfuscated_boolean,Y4,CASE	 WhEn	 (29	 =	 46)	 thEn	 trUE	 ElSE	 fAlSE	 End,CASE WhEn (29 = 46) thEn trUE ElSE fAlSE End,comparison_numeric,1,1.0,1.0,1.0,0.0,T1_static_validated,representation_case,LLM_review_or_future_special_module,Y1_R001_C06_S04,Y1_basic_boolean,T_Y4_TAB_SPACE,1,1,0
Y4_R001_C06_S05,Y4_obfuscated_boolean,Y4,CASE/**/WhEn/**/(42/**/=/**/59)/**/thEn/**/trUE/**/ElSE/**/fAlSE/**/End,CASE WhEn (42 = 59) thEn trUE ElSE fAlSE End,comparison_numeric,1,1.0,1.0,1.0,0.0,T1_static_validated,representation_case,LLM_review_or_future_special_module,Y1_R001_C06_S05,Y1_basic_boolean,T_Y4_COMMENT_WS,1,1,0
Y4_R001_C06_S06,Y4_obfuscated_boolean,Y4,CASE	 WhEn	 (55	 =	 72)	 thEn	 trUE	 ElSE	 fAlSE	 End,CASE WhEn (55 = 72) thEn trUE ElSE fAlSE End,comparison_numeric,1,1.0,1.0,1.0,0.0,T1_static_validated,representation_case,LLM_review_or_future_special_module,Y1_R001_C06_S06,Y1_basic_boolean,T_Y4_TAB_SPACE,1,1,0
Y4_R001_C07_S01,Y4_obfuscated_boolean,Y4,(1	 =	 1)	 aND	 (52	 =	 52),(1 = 1) aND (52 = 52),comparison_numeric,1,1.0,1.0,1.0,0.0,T1_static_validated,representation_case,LLM_review_or_future_special_module,Y1_R001_C07_S01,Y1_basic_boolean,T_Y4_TAB_SPACE,1,1,0
Y4_R001_C07_S02,Y4_obfuscated_boolean,Y4,(14/**/=/**/14)/**/aND/**/(65/**/=/**/65),(14 = 14) aND (65 = 65),comparison_numeric,1,1.0,1.0,1.0,0.0,T1_static_validated,representation_case,LLM_review_or_future_special_module,Y1_R001_C07_S02,Y1_basic_boolean,T_Y4_COMMENT_WS,1,1,0
Y4_R001_C07_S03,Y4_obfuscated_boolean,Y4,(((27	 =	 27)	 aND	 (78	 =	 78))),(((27 = 27) aND (78 = 78))),comparison_numeric,1,1.0,1.0,1.0,0.0,T1_static_validated,representation_case,LLM_review_or_future_special_module,Y2_R001_C07_S03,Y2_boolean_variation,T_Y4_EXTRA_PARENTHESES,1,1,0
Y4_R001_C07_S04,Y4_obfuscated_boolean,Y4,(40/**/=/**/57)/**/aND/**/(91/**/=/**/91),(40 = 57) aND (91 = 91),comparison_numeric,1,1.0,1.0,1.0,0.0,T1_static_validated,representation_case,LLM_review_or_future_special_module,Y1_R001_C07_S04,Y1_basic_boolean,T_Y4_COMMENT_WS,1,1,0
Y4_R001_C07_S05,Y4_obfuscated_boolean,Y4,(53	 =	 70)	 aND	 (7	 =	 7),(53 = 70) aND (7 = 7),comparison_numeric,1,1.0,1.0,1.0,0.0,T1_static_validated,representation_case,LLM_review_or_future_special_module,Y1_R001_C07_S05,Y1_basic_boolean,T_Y4_TAB_SPACE,1,1,0
Y4_R001_C07_S06,Y4_obfuscated_boolean,Y4,(66/**/=/**/83)/**/aND/**/(20/**/=/**/20),(66 = 83) aND (20 = 20),comparison_numeric,1,1.0,1.0,1.0,0.0,T1_static_validated,representation_case,LLM_review_or_future_special_module,Y1_R001_C07_S06,Y1_basic_boolean,T_Y4_COMMENT_WS,1,1,0
Y4_R001_C08_S01,Y4_obfuscated_boolean,Y4,(12/**/=/**/12)/**/Or/**/(80/**/<>/**/80),(12 = 12) Or (80 <> 80),comparison_numeric,1,1.0,1.0,1.0,0.0,T1_static_validated,representation_case,LLM_review_or_future_special_module,Y1_R001_C08_S01,Y1_basic_boolean,T_Y4_COMMENT_WS,1,1,0
Y4_R001_C08_S02,Y4_obfuscated_boolean,Y4,(25	 =	 25)	 Or	 (93	 <>	 93),(25 = 25) Or (93 <> 93),comparison_numeric,1,1.0,1.0,1.0,0.0,T1_static_validated,representation_case,LLM_review_or_future_special_module,Y1_R001_C08_S02,Y1_basic_boolean,T_Y4_TAB_SPACE,1,1,0
Y4_R001_C08_S03,Y4_obfuscated_boolean,Y4,(((38/**/=/**/38)/**/Or/**/(9/**/<>/**/9))),(((38 = 38) Or (9 <> 9))),comparison_numeric,1,1.0,1.0,1.0,0.0,T1_static_validated,representation_case,LLM_review_or_future_special_module,Y2_R001_C08_S03,Y2_boolean_variation,T_Y4_EXTRA_PARENTHESES,1,1,0
Y4_R001_C08_S04,Y4_obfuscated_boolean,Y4,(51	 =	 68)	 Or	 (22	 <>	 22),(51 = 68) Or (22 <> 22),comparison_numeric,1,1.0,1.0,1.0,0.0,T1_static_validated,representation_case,LLM_review_or_future_special_module,Y1_R001_C08_S04,Y1_basic_boolean,T_Y4_TAB_SPACE,1,1,0
Y4_R001_C08_S05,Y4_obfuscated_boolean,Y4,(64/**/=/**/81)/**/Or/**/(35/**/<>/**/35),(64 = 81) Or (35 <> 35),comparison_numeric,1,1.0,1.0,1.0,0.0,T1_static_validated,representation_case,LLM_review_or_future_special_module,Y1_R001_C08_S05,Y1_basic_boolean,T_Y4_COMMENT_WS,1,1,0
Y4_R001_C08_S06,Y4_obfuscated_boolean,Y4,(77	 =	 94)	 Or	 (48	 <>	 48),(77 = 94) Or (48 <> 48),comparison_numeric,1,1.0,1.0,1.0,0.0,T1_static_validated,representation_case,LLM_review_or_future_special_module,Y1_R001_C08_S06,Y1_basic_boolean,T_Y4_TAB_SPACE,1,1,0
Y4_R001_C09_S01,Y4_obfuscated_boolean,Y4,((23	 =	 23)	 =	 TRue),((23 = 23) = TRue),comparison_numeric,1,1.0,1.0,1.0,0.0,T1_static_validated,representation_case,LLM_review_or_future_special_module,Y1_R001_C09_S01,Y1_basic_boolean,T_Y4_TAB_SPACE,1,1,0
Y4_R001_C09_S02,Y4_obfuscated_boolean,Y4,((36/**/=/**/36)/**/=/**/TRue),((36 = 36) = TRue),comparison_numeric,1,1.0,1.0,1.0,0.0,T1_static_validated,representation_case,LLM_review_or_future_special_module,Y1_R001_C09_S02,Y1_basic_boolean,T_Y4_COMMENT_WS,1,1,0
Y4_R001_C09_S03,Y4_obfuscated_boolean,Y4,((((49	 =	 49)	 =	 TRue))),((((49 = 49) = TRue))),comparison_numeric,1,1.0,1.0,1.0,0.0,T1_static_validated,representation_case,LLM_review_or_future_special_module,Y2_R001_C09_S03,Y2_boolean_variation,T_Y4_EXTRA_PARENTHESES,1,1,0
Y4_R001_C09_S04,Y4_obfuscated_boolean,Y4,((62/**/=/**/79)/**/=/**/TRue),((62 = 79) = TRue),comparison_numeric,1,1.0,1.0,1.0,0.0,T1_static_validated,representation_case,LLM_review_or_future_special_module,Y1_R001_C09_S04,Y1_basic_boolean,T_Y4_COMMENT_WS,1,1,0
Y4_R001_C09_S05,Y4_obfuscated_boolean,Y4,((75	 =	 92)	 =	 TRue),((75 = 92) = TRue),comparison_numeric,1,1.0,1.0,1.0,0.0,T1_static_validated,representation_case,LLM_review_or_future_special_module,Y1_R001_C09_S05,Y1_basic_boolean,T_Y4_TAB_SPACE,1,1,0
Y4_R001_C09_S06,Y4_obfuscated_boolean,Y4,((88/**/=/**/8)/**/=/**/TRue),((88 = 8) = TRue),comparison_numeric,1,1.0,1.0,1.0,0.0,T1_static_validated,representation_case,LLM_review_or_future_special_module,Y1_R001_C09_S06,Y1_basic_boolean,T_Y4_COMMENT_WS,1,1,0
Y4_R001_C10_S01,Y4_obfuscated_boolean,Y4,"COAlESCE((34/**/=/**/34),/**/fAlSE)","COAlESCE((34 = 34), fAlSE)",comparison_numeric,1,1.0,1.0,1.0,0.0,T1_static_validated,representation_case,LLM_review_or_future_special_module,Y1_R001_C10_S01,Y1_basic_boolean,T_Y4_COMMENT_WS,1,1,0
Y4_R001_C10_S02,Y4_obfuscated_boolean,Y4,"COAlESCE((47	 =	 47),	 fAlSE)","COAlESCE((47 = 47), fAlSE)",comparison_numeric,1,1.0,1.0,1.0,0.0,T1_static_validated,representation_case,LLM_review_or_future_special_module,Y1_R001_C10_S02,Y1_basic_boolean,T_Y4_TAB_SPACE,1,1,0
Y4_R001_C10_S03,Y4_obfuscated_boolean,Y4,"((COAlESCE((60/**/=/**/60),/**/fAlSE)))","((COAlESCE((60 = 60), fAlSE)))",comparison_numeric,1,1.0,1.0,1.0,0.0,T1_static_validated,representation_case,LLM_review_or_future_special_module,Y2_R001_C10_S03,Y2_boolean_variation,T_Y4_EXTRA_PARENTHESES,1,1,0
Y4_R001_C10_S04,Y4_obfuscated_boolean,Y4,"COAlESCE((73	 =	 90),	 fAlSE)","COAlESCE((73 = 90), fAlSE)",comparison_numeric,1,1.0,1.0,1.0,0.0,T1_static_validated,representation_case,LLM_review_or_future_special_module,Y1_R001_C10_S04,Y1_basic_boolean,T_Y4_TAB_SPACE,1,1,0
Y4_R001_C10_S05,Y4_obfuscated_boolean,Y4,"COAlESCE((86/**/=/**/6),/**/fAlSE)","COAlESCE((86 = 6), fAlSE)",comparison_numeric,1,1.0,1.0,1.0,0.0,T1_static_validated,representation_case,LLM_review_or_future_special_module,Y1_R001_C10_S05,Y1_basic_boolean,T_Y4_COMMENT_WS,1,1,0
Y4_R001_C10_S06,Y4_obfuscated_boolean,Y4,"COAlESCE((2	 =	 19),	 fAlSE)","COAlESCE((2 = 19), fAlSE)",comparison_numeric,1,1.0,1.0,1.0,0.0,T1_static_validated,representation_case,LLM_review_or_future_special_module,Y1_R001_C10_S06,Y1_basic_boolean,T_Y4_TAB_SPACE,1,1,0
Y4_R002_C01_S01,Y4_obfuscated_boolean,Y4,39/**/<>/**/56,39 <> 56,comparison_numeric,1,1.0,1.0,1.0,0.0,T1_static_validated,representation_case,LLM_review_or_future_special_module,Y1_R002_C01_S01,Y1_basic_boolean,T_Y4_COMMENT_WS,1,1,1
Y4_R002_C01_S02,Y4_obfuscated_boolean,Y4,((52	 <>	 69)),((52 <> 69)),comparison_numeric,1,1.0,1.0,1.0,0.0,T1_static_validated,representation_case,LLM_review_or_future_special_module,Y2_R002_C01_S02,Y2_boolean_variation,T_Y4_EXTRA_PARENTHESES,1,1,1
Y4_R002_C01_S03,Y4_obfuscated_boolean,Y4,65/**/<>/**/82,65 <> 82,comparison_numeric,1,1.0,1.0,1.0,0.0,T1_static_validated,representation_case,LLM_review_or_future_special_module,Y1_R002_C01_S03,Y1_basic_boolean,T_Y4_COMMENT_WS,1,1,1
Y4_R002_C01_S04,Y4_obfuscated_boolean,Y4,78	 <>	 78,78 <> 78,comparison_numeric,1,1.0,1.0,1.0,0.0,T1_static_validated,representation_case,LLM_review_or_future_special_module,Y1_R002_C01_S04,Y1_basic_boolean,T_Y4_TAB_SPACE,1,1,1
Y4_R002_C01_S05,Y4_obfuscated_boolean,Y4,91/**/<>/**/91,91 <> 91,comparison_numeric,1,1.0,1.0,1.0,0.0,T1_static_validated,representation_case,LLM_review_or_future_special_module,Y1_R002_C01_S05,Y1_basic_boolean,T_Y4_COMMENT_WS,1,1,1
Y4_R002_C01_S06,Y4_obfuscated_boolean,Y4,((7	 <>	 7)),((7 <> 7)),comparison_numeric,1,1.0,1.0,1.0,0.0,T1_static_validated,representation_case,LLM_review_or_future_special_module,Y2_R002_C01_S06,Y2_boolean_variation,T_Y4_EXTRA_PARENTHESES,1,1,1
Y4_R002_C02_S01,Y4_obfuscated_boolean,Y4,(50	 <>	 67),(50 <> 67),comparison_numeric,1,1.0,1.0,1.0,0.0,T1_static_validated,representation_case,LLM_review_or_future_special_module,Y1_R002_C02_S01,Y1_basic_boolean,T_Y4_TAB_SPACE,1,1,1
Y4_R002_C02_S02,Y4_obfuscated_boolean,Y4,(((63/**/<>/**/80))),(((63 <> 80))),comparison_numeric,1,1.0,1.0,1.0,0.0,T1_static_validated,representation_case,LLM_review_or_future_special_module,Y2_R002_C02_S02,Y2_boolean_variation,T_Y4_EXTRA_PARENTHESES,1,1,1
Y4_R002_C02_S03,Y4_obfuscated_boolean,Y4,(76	 <>	 93),(76 <> 93),comparison_numeric,1,1.0,1.0,1.0,0.0,T1_static_validated,representation_case,LLM_review_or_future_special_module,Y1_R002_C02_S03,Y1_basic_boolean,T_Y4_TAB_SPACE,1,1,1
Y4_R002_C02_S04,Y4_obfuscated_boolean,Y4,(89/**/<>/**/89),(89 <> 89),comparison_numeric,1,1.0,1.0,1.0,0.0,T1_static_validated,representation_case,LLM_review_or_future_special_module,Y1_R002_C02_S04,Y1_basic_boolean,T_Y4_COMMENT_WS,1,1,1
Y4_R002_C02_S05,Y4_obfuscated_boolean,Y4,(5	 <>	 5),(5 <> 5),comparison_numeric,1,1.0,1.0,1.0,0.0,T1_static_validated,representation_case,LLM_review_or_future_special_module,Y1_R002_C02_S05,Y1_basic_boolean,T_Y4_TAB_SPACE,1,1,1
Y4_R002_C02_S06,Y4_obfuscated_boolean,Y4,(((18/**/<>/**/18))),(((18 <> 18))),comparison_numeric,1,1.0,1.0,1.0,0.0,T1_static_validated,representation_case,LLM_review_or_future_special_module,Y2_R002_C02_S06,Y2_boolean_variation,T_Y4_EXTRA_PARENTHESES,1,1,1
Y4_R002_C03_S01,Y4_obfuscated_boolean,Y4,nOt/**/(61/**/<>/**/61),nOt (61 <> 61),comparison_numeric,1,1.0,1.0,1.0,0.0,T1_static_validated,representation_case,LLM_review_or_future_special_module,Y1_R002_C03_S01,Y1_basic_boolean,T_Y4_COMMENT_WS,1,1,0
Y4_R002_C03_S02,Y4_obfuscated_boolean,Y4,((nOt	 (74	 <>	 74))),((nOt (74 <> 74))),comparison_numeric,1,1.0,1.0,1.0,0.0,T1_static_validated,representation_case,LLM_review_or_future_special_module,Y2_R002_C03_S02,Y2_boolean_variation,T_Y4_EXTRA_PARENTHESES,1,1,0
Y4_R002_C03_S03,Y4_obfuscated_boolean,Y4,nOt/**/(87/**/<>/**/87),nOt (87 <> 87),comparison_numeric,1,1.0,1.0,1.0,0.0,T1_static_validated,representation_case,LLM_review_or_future_special_module,Y1_R002_C03_S03,Y1_basic_boolean,T_Y4_COMMENT_WS,1,1,0
Y4_R002_C03_S04,Y4_obfuscated_boolean,Y4,nOt	 (3	 <>	 20),nOt (3 <> 20),comparison_numeric,1,1.0,1.0,1.0,0.0,T1_static_validated,representation_case,LLM_review_or_future_special_module,Y1_R002_C03_S04,Y1_basic_boolean,T_Y4_TAB_SPACE,1,1,0
Y4_R002_C03_S05,Y4_obfuscated_boolean,Y4,nOt/**/(16/**/<>/**/33),nOt (16 <> 33),comparison_numeric,1,1.0,1.0,1.0,0.0,T1_static_validated,representation_case,LLM_review_or_future_special_module,Y1_R002_C03_S05,Y1_basic_boolean,T_Y4_COMMENT_WS,1,1,0
Y4_R002_C03_S06,Y4_obfuscated_boolean,Y4,((nOt	 (29	 <>	 46))),((nOt (29 <> 46))),comparison_numeric,1,1.0,1.0,1.0,0.0,T1_static_validated,representation_case,LLM_review_or_future_special_module,Y2_R002_C03_S06,Y2_boolean_variation,T_Y4_EXTRA_PARENTHESES,1,1,0
Y4_R002_C04_S01,Y4_obfuscated_boolean,Y4,(72	 <>	 89)	 is	 TRue,(72 <> 89) is TRue,comparison_numeric,1,1.0,1.0,1.0,0.0,T1_static_validated,representation_case,LLM_review_or_future_special_module,Y1_R002_C04_S01,Y1_basic_boolean,T_Y4_TAB_SPACE,1,1,0
Y4_R002_C04_S02,Y4_obfuscated_boolean,Y4,(((85/**/<>/**/5)/**/is/**/TRue)),(((85 <> 5) is TRue)),comparison_numeric,1,1.0,1.0,1.0,0.0,T1_static_validated,representation_case,LLM_review_or_future_special_module,Y2_R002_C04_S02,Y2_boolean_variation,T_Y4_EXTRA_PARENTHESES,1,1,0
Y4_R002_C04_S03,Y4_obfuscated_boolean,Y4,(1	 <>	 18)	 is	 TRue,(1 <> 18) is TRue,comparison_numeric,1,1.0,1.0,1.0,0.0,T1_static_validated,representation_case,LLM_review_or_future_special_module,Y1_R002_C04_S03,Y1_basic_boolean,T_Y4_TAB_SPACE,1,1,0
Y4_R002_C04_S04,Y4_obfuscated_boolean,Y4,(14/**/<>/**/14)/**/is/**/TRue,(14 <> 14) is TRue,comparison_numeric,1,1.0,1.0,1.0,0.0,T1_static_validated,representation_case,LLM_review_or_future_special_module,Y1_R002_C04_S04,Y1_basic_boolean,T_Y4_COMMENT_WS,1,1,0
Y4_R002_C04_S05,Y4_obfuscated_boolean,Y4,(27	 <>	 27)	 is	 TRue,(27 <> 27) is TRue,comparison_numeric,1,1.0,1.0,1.0,0.0,T1_static_validated,representation_case,LLM_review_or_future_special_module,Y1_R002_C04_S05,Y1_basic_boolean,T_Y4_TAB_SPACE,1,1,0
Y4_R002_C04_S06,Y4_obfuscated_boolean,Y4,(((40/**/<>/**/40)/**/is/**/TRue)),(((40 <> 40) is TRue)),comparison_numeric,1,1.0,1.0,1.0,0.0,T1_static_validated,representation_case,LLM_review_or_future_special_module,Y2_R002_C04_S06,Y2_boolean_variation,T_Y4_EXTRA_PARENTHESES,1,1,0
Y4_R002_C05_S01,Y4_obfuscated_boolean,Y4,(83/**/<>/**/3)/**/IS/**/nOt/**/fAlSE,(83 <> 3) IS nOt fAlSE,comparison_numeric,1,1.0,1.0,1.0,0.0,T1_static_validated,representation_case,LLM_review_or_future_special_module,Y1_R002_C05_S01,Y1_basic_boolean,T_Y4_COMMENT_WS,1,1,0
Y4_R002_C05_S02,Y4_obfuscated_boolean,Y4,(((96	 <>	 16)	 IS	 nOt	 fAlSE)),(((96 <> 16) IS nOt fAlSE)),comparison_numeric,1,1.0,1.0,1.0,0.0,T1_static_validated,representation_case,LLM_review_or_future_special_module,Y2_R002_C05_S02,Y2_boolean_variation,T_Y4_EXTRA_PARENTHESES,1,1,0
Y4_R002_C05_S03,Y4_obfuscated_boolean,Y4,(12/**/<>/**/29)/**/IS/**/nOt/**/fAlSE,(12 <> 29) IS nOt fAlSE,comparison_numeric,1,1.0,1.0,1.0,0.0,T1_static_validated,representation_case,LLM_review_or_future_special_module,Y1_R002_C05_S03,Y1_basic_boolean,T_Y4_COMMENT_WS,1,1,0
Y4_R002_C05_S04,Y4_obfuscated_boolean,Y4,(25	 <>	 25)	 IS	 nOt	 fAlSE,(25 <> 25) IS nOt fAlSE,comparison_numeric,1,1.0,1.0,1.0,0.0,T1_static_validated,representation_case,LLM_review_or_future_special_module,Y1_R002_C05_S04,Y1_basic_boolean,T_Y4_TAB_SPACE,1,1,0
Y4_R002_C05_S05,Y4_obfuscated_boolean,Y4,(38/**/<>/**/38)/**/IS/**/nOt/**/fAlSE,(38 <> 38) IS nOt fAlSE,comparison_numeric,1,1.0,1.0,1.0,0.0,T1_static_validated,representation_case,LLM_review_or_future_special_module,Y1_R002_C05_S05,Y1_basic_boolean,T_Y4_COMMENT_WS,1,1,0
Y4_R002_C05_S06,Y4_obfuscated_boolean,Y4,(((51	 <>	 51)	 IS	 nOt	 fAlSE)),(((51 <> 51) IS nOt fAlSE)),comparison_numeric,1,1.0,1.0,1.0,0.0,T1_static_validated,representation_case,LLM_review_or_future_special_module,Y2_R002_C05_S06,Y2_boolean_variation,T_Y4_EXTRA_PARENTHESES,1,1,0
Y4_R002_C06_S01,Y4_obfuscated_boolean,Y4,case	 wHeN	 (94	 <>	 14)	 THeN	 TRue	 eLse	 FaLse	 eND,case wHeN (94 <> 14) THeN TRue eLse FaLse eND,comparison_numeric,1,1.0,1.0,1.0,0.0,T1_static_validated,representation_case,LLM_review_or_future_special_module,Y1_R002_C06_S01,Y1_basic_boolean,T_Y4_TAB_SPACE,1,1,0
Y4_R002_C06_S02,Y4_obfuscated_boolean,Y4,((case/**/wHeN/**/(10/**/<>/**/27)/**/THeN/**/TRue/**/eLse/**/FaLse/**/eND)),((case wHeN (10 <> 27) THeN TRue eLse FaLse eND)),comparison_numeric,1,1.0,1.0,1.0,0.0,T1_static_validated,representation_case,LLM_review_or_future_special_module,Y2_R002_C06_S02,Y2_boolean_variation,T_Y4_EXTRA_PARENTHESES,1,1,0
Y4_R002_C06_S03,Y4_obfuscated_boolean,Y4,case	 wHeN	 (23	 <>	 40)	 THeN	 TRue	 eLse	 FaLse	 eND,case wHeN (23 <> 40) THeN TRue eLse FaLse eND,comparison_numeric,1,1.0,1.0,1.0,0.0,T1_static_validated,representation_case,LLM_review_or_future_special_module,Y1_R002_C06_S03,Y1_basic_boolean,T_Y4_TAB_SPACE,1,1,0
Y4_R002_C06_S04,Y4_obfuscated_boolean,Y4,case/**/wHeN/**/(36/**/<>/**/36)/**/THeN/**/TRue/**/eLse/**/FaLse/**/eND,case wHeN (36 <> 36) THeN TRue eLse FaLse eND,comparison_numeric,1,1.0,1.0,1.0,0.0,T1_static_validated,representation_case,LLM_review_or_future_special_module,Y1_R002_C06_S04,Y1_basic_boolean,T_Y4_COMMENT_WS,1,1,0
Y4_R002_C06_S05,Y4_obfuscated_boolean,Y4,case	 wHeN	 (49	 <>	 49)	 THeN	 TRue	 eLse	 FaLse	 eND,case wHeN (49 <> 49) THeN TRue eLse FaLse eND,comparison_numeric,1,1.0,1.0,1.0,0.0,T1_static_validated,representation_case,LLM_review_or_future_special_module,Y1_R002_C06_S05,Y1_basic_boolean,T_Y4_TAB_SPACE,1,1,0
Y4_R002_C06_S06,Y4_obfuscated_boolean,Y4,((case/**/wHeN/**/(62/**/<>/**/62)/**/THeN/**/TRue/**/eLse/**/FaLse/**/eND)),((case wHeN (62 <> 62) THeN TRue eLse FaLse eND)),comparison_numeric,1,1.0,1.0,1.0,0.0,T1_static_validated,representation_case,LLM_review_or_future_special_module,Y2_R002_C06_S06,Y2_boolean_variation,T_Y4_EXTRA_PARENTHESES,1,1,0
Y4_R002_C07_S01,Y4_obfuscated_boolean,Y4,(8/**/<>/**/25)/**/And/**/(59/**/=/**/59),(8 <> 25) And (59 = 59),comparison_numeric,1,1.0,1.0,1.0,0.0,T1_static_validated,representation_case,LLM_review_or_future_special_module,Y1_R002_C07_S01,Y1_basic_boolean,T_Y4_COMMENT_WS,1,1,0
Y4_R002_C07_S02,Y4_obfuscated_boolean,Y4,(((21	 <>	 38)	 And	 (72	 =	 72))),(((21 <> 38) And (72 = 72))),comparison_numeric,1,1.0,1.0,1.0,0.0,T1_static_validated,representation_case,LLM_review_or_future_special_module,Y2_R002_C07_S02,Y2_boolean_variation,T_Y4_EXTRA_PARENTHESES,1,1,0
Y4_R002_C07_S03,Y4_obfuscated_boolean,Y4,(34/**/<>/**/51)/**/And/**/(85/**/=/**/85),(34 <> 51) And (85 = 85),comparison_numeric,1,1.0,1.0,1.0,0.0,T1_static_validated,representation_case,LLM_review_or_future_special_module,Y1_R002_C07_S03,Y1_basic_boolean,T_Y4_COMMENT_WS,1,1,0
Y4_R002_C07_S04,Y4_obfuscated_boolean,Y4,(47	 <>	 47)	 And	 (1	 =	 1),(47 <> 47) And (1 = 1),comparison_numeric,1,1.0,1.0,1.0,0.0,T1_static_validated,representation_case,LLM_review_or_future_special_module,Y1_R002_C07_S04,Y1_basic_boolean,T_Y4_TAB_SPACE,1,1,0
Y4_R002_C07_S05,Y4_obfuscated_boolean,Y4,(60/**/<>/**/60)/**/And/**/(14/**/=/**/14),(60 <> 60) And (14 = 14),comparison_numeric,1,1.0,1.0,1.0,0.0,T1_static_validated,representation_case,LLM_review_or_future_special_module,Y1_R002_C07_S05,Y1_basic_boolean,T_Y4_COMMENT_WS,1,1,0
Y4_R002_C07_S06,Y4_obfuscated_boolean,Y4,(((73	 <>	 73)	 And	 (27	 =	 27))),(((73 <> 73) And (27 = 27))),comparison_numeric,1,1.0,1.0,1.0,0.0,T1_static_validated,representation_case,LLM_review_or_future_special_module,Y2_R002_C07_S06,Y2_boolean_variation,T_Y4_EXTRA_PARENTHESES,1,1,0
Y4_R002_C08_S01,Y4_obfuscated_boolean,Y4,(19	 <>	 36)	 oR	 (87	 <>	 87),(19 <> 36) oR (87 <> 87),comparison_numeric,1,1.0,1.0,1.0,0.0,T1_static_validated,representation_case,LLM_review_or_future_special_module,Y1_R002_C08_S01,Y1_basic_boolean,T_Y4_TAB_SPACE,1,1,0
Y4_R002_C08_S02,Y4_obfuscated_boolean,Y4,(((32/**/<>/**/49)/**/oR/**/(3/**/<>/**/3))),(((32 <> 49) oR (3 <> 3))),comparison_numeric,1,1.0,1.0,1.0,0.0,T1_static_validated,representation_case,LLM_review_or_future_special_module,Y2_R002_C08_S02,Y2_boolean_variation,T_Y4_EXTRA_PARENTHESES,1,1,0
Y4_R002_C08_S03,Y4_obfuscated_boolean,Y4,(45	 <>	 62)	 oR	 (16	 <>	 16),(45 <> 62) oR (16 <> 16),comparison_numeric,1,1.0,1.0,1.0,0.0,T1_static_validated,representation_case,LLM_review_or_future_special_module,Y1_R002_C08_S03,Y1_basic_boolean,T_Y4_TAB_SPACE,1,1,0
Y4_R002_C08_S04,Y4_obfuscated_boolean,Y4,(58/**/<>/**/58)/**/oR/**/(29/**/<>/**/29),(58 <> 58) oR (29 <> 29),comparison_numeric,1,1.0,1.0,1.0,0.0,T1_static_validated,representation_case,LLM_review_or_future_special_module,Y1_R002_C08_S04,Y1_basic_boolean,T_Y4_COMMENT_WS,1,1,0
Y4_R002_C08_S05,Y4_obfuscated_boolean,Y4,(71	 <>	 71)	 oR	 (42	 <>	 42),(71 <> 71) oR (42 <> 42),comparison_numeric,1,1.0,1.0,1.0,0.0,T1_static_validated,representation_case,LLM_review_or_future_special_module,Y1_R002_C08_S05,Y1_basic_boolean,T_Y4_TAB_SPACE,1,1,0
Y4_R002_C08_S06,Y4_obfuscated_boolean,Y4,(((84/**/<>/**/84)/**/oR/**/(55/**/<>/**/55))),(((84 <> 84) oR (55 <> 55))),comparison_numeric,1,1.0,1.0,1.0,0.0,T1_static_validated,representation_case,LLM_review_or_future_special_module,Y2_R002_C08_S06,Y2_boolean_variation,T_Y4_EXTRA_PARENTHESES,1,1,0
Y4_R002_C09_S01,Y4_obfuscated_boolean,Y4,((30/**/<>/**/47)/**/=/**/trUE),((30 <> 47) = trUE),comparison_numeric,1,1.0,1.0,1.0,0.0,T1_static_validated,representation_case,LLM_review_or_future_special_module,Y1_R002_C09_S01,Y1_basic_boolean,T_Y4_COMMENT_WS,1,1,0
Y4_R002_C09_S02,Y4_obfuscated_boolean,Y4,((((43	 <>	 60)	 =	 trUE))),((((43 <> 60) = trUE))),comparison_numeric,1,1.0,1.0,1.0,0.0,T1_static_validated,representation_case,LLM_review_or_future_special_module,Y2_R002_C09_S02,Y2_boolean_variation,T_Y4_EXTRA_PARENTHESES,1,1,0
Y4_R002_C09_S03,Y4_obfuscated_boolean,Y4,((56/**/<>/**/73)/**/=/**/trUE),((56 <> 73) = trUE),comparison_numeric,1,1.0,1.0,1.0,0.0,T1_static_validated,representation_case,LLM_review_or_future_special_module,Y1_R002_C09_S03,Y1_basic_boolean,T_Y4_COMMENT_WS,1,1,0
Y4_R002_C09_S04,Y4_obfuscated_boolean,Y4,((69	 <>	 69)	 =	 trUE),((69 <> 69) = trUE),comparison_numeric,1,1.0,1.0,1.0,0.0,T1_static_validated,representation_case,LLM_review_or_future_special_module,Y1_R002_C09_S04,Y1_basic_boolean,T_Y4_TAB_SPACE,1,1,0
Y4_R002_C09_S05,Y4_obfuscated_boolean,Y4,((82/**/<>/**/82)/**/=/**/trUE),((82 <> 82) = trUE),comparison_numeric,1,1.0,1.0,1.0,0.0,T1_static_validated,representation_case,LLM_review_or_future_special_module,Y1_R002_C09_S05,Y1_basic_boolean,T_Y4_COMMENT_WS,1,1,0
Y4_R002_C09_S06,Y4_obfuscated_boolean,Y4,((((95	 <>	 95)	 =	 trUE))),((((95 <> 95) = trUE))),comparison_numeric,1,1.0,1.0,1.0,0.0,T1_static_validated,representation_case,LLM_review_or_future_special_module,Y2_R002_C09_S06,Y2_boolean_variation,T_Y4_EXTRA_PARENTHESES,1,1,0
Y4_R002_C10_S01,Y4_obfuscated_boolean,Y4,"coaLesce((41	 <>	 58),	 FaLse)","coaLesce((41 <> 58), FaLse)",comparison_numeric,1,1.0,1.0,1.0,0.0,T1_static_validated,representation_case,LLM_review_or_future_special_module,Y1_R002_C10_S01,Y1_basic_boolean,T_Y4_TAB_SPACE,1,1,0
Y4_R002_C10_S02,Y4_obfuscated_boolean,Y4,"((coaLesce((54/**/<>/**/71),/**/FaLse)))","((coaLesce((54 <> 71), FaLse)))",comparison_numeric,1,1.0,1.0,1.0,0.0,T1_static_validated,representation_case,LLM_review_or_future_special_module,Y2_R002_C10_S02,Y2_boolean_variation,T_Y4_EXTRA_PARENTHESES,1,1,0
Y4_R002_C10_S03,Y4_obfuscated_boolean,Y4,"coaLesce((67	 <>	 84),	 FaLse)","coaLesce((67 <> 84), FaLse)",comparison_numeric,1,1.0,1.0,1.0,0.0,T1_static_validated,representation_case,LLM_review_or_future_special_module,Y1_R002_C10_S03,Y1_basic_boolean,T_Y4_TAB_SPACE,1,1,0
Y4_R002_C10_S04,Y4_obfuscated_boolean,Y4,"coaLesce((80/**/<>/**/80),/**/FaLse)","coaLesce((80 <> 80), FaLse)",comparison_numeric,1,1.0,1.0,1.0,0.0,T1_static_validated,representation_case,LLM_review_or_future_special_module,Y1_R002_C10_S04,Y1_basic_boolean,T_Y4_COMMENT_WS,1,1,0
Y4_R002_C10_S05,Y4_obfuscated_boolean,Y4,"coaLesce((93	 <>	 93),	 FaLse)","coaLesce((93 <> 93), FaLse)",comparison_numeric,1,1.0,1.0,1.0,0.0,T1_static_validated,representation_case,LLM_review_or_future_special_module,Y1_R002_C10_S05,Y1_basic_boolean,T_Y4_TAB_SPACE,1,1,0
Y4_R002_C10_S06,Y4_obfuscated_boolean,Y4,"((coaLesce((9/**/<>/**/9),/**/FaLse)))","((coaLesce((9 <> 9), FaLse)))",comparison_numeric,1,1.0,1.0,1.0,0.0,T1_static_validated,representation_case,LLM_review_or_future_special_module,Y2_R002_C10_S06,Y2_boolean_variation,T_Y4_EXTRA_PARENTHESES,1,1,0
Y4_R003_C01_S01,Y4_obfuscated_boolean,Y4,((63	 >	 46)),((63 > 46)),comparison_numeric,1,1.0,1.0,1.0,0.0,T1_static_validated,representation_case,LLM_review_or_future_special_module,Y2_R003_C01_S01,Y2_boolean_variation,T_Y4_EXTRA_PARENTHESES,1,1,1
Y4_R003_C01_S02,Y4_obfuscated_boolean,Y4,76/**/>/**/59,76 > 59,comparison_numeric,1,1.0,1.0,1.0,0.0,T1_static_validated,representation_case,LLM_review_or_future_special_module,Y1_R003_C01_S02,Y1_basic_boolean,T_Y4_COMMENT_WS,1,1,1
Y4_R003_C01_S03,Y4_obfuscated_boolean,Y4,89	 >	 72,89 > 72,comparison_numeric,1,1.0,1.0,1.0,0.0,T1_static_validated,representation_case,LLM_review_or_future_special_module,Y1_R003_C01_S03,Y1_basic_boolean,T_Y4_TAB_SPACE,1,1,1
Y4_R003_C01_S04,Y4_obfuscated_boolean,Y4,5/**/>/**/6,5 > 6,comparison_numeric,1,1.0,1.0,1.0,0.0,T1_static_validated,representation_case,LLM_review_or_future_special_module,Y1_R003_C01_S04,Y1_basic_boolean,T_Y4_COMMENT_WS,1,1,1
Y4_R003_C01_S05,Y4_obfuscated_boolean,Y4,((18	 >	 19)),((18 > 19)),comparison_numeric,1,1.0,1.0,1.0,0.0,T1_static_validated,representation_case,LLM_review_or_future_special_module,Y2_R003_C01_S05,Y2_boolean_variation,T_Y4_EXTRA_PARENTHESES,1,1,1
Y4_R003_C01_S06,Y4_obfuscated_boolean,Y4,31/**/>/**/32,31 > 32,comparison_numeric,1,1.0,1.0,1.0,0.0,T1_static_validated,representation_case,LLM_review_or_future_special_module,Y1_R003_C01_S06,Y1_basic_boolean,T_Y4_COMMENT_WS,1,1,1
Y4_R003_C02_S01,Y4_obfuscated_boolean,Y4,(((74/**/>/**/57))),(((74 > 57))),comparison_numeric,1,1.0,1.0,1.0,0.0,T1_static_validated,representation_case,LLM_review_or_future_special_module,Y2_R003_C02_S01,Y2_boolean_variation,T_Y4_EXTRA_PARENTHESES,1,1,1
Y4_R003_C02_S02,Y4_obfuscated_boolean,Y4,(87	 >	 70),(87 > 70),comparison_numeric,1,1.0,1.0,1.0,0.0,T1_static_validated,representation_case,LLM_review_or_future_special_module,Y1_R003_C02_S02,Y1_basic_boolean,T_Y4_TAB_SPACE,1,1,1
Y4_R003_C02_S03,Y4_obfuscated_boolean,Y4,(3/**/>/**/83),(3 > 83),comparison_numeric,1,1.0,1.0,1.0,0.0,T1_static_validated,representation_case,LLM_review_or_future_special_module,Y1_R003_C02_S03,Y1_basic_boolean,T_Y4_COMMENT_WS,1,1,1
Y4_R003_C02_S04,Y4_obfuscated_boolean,Y4,(16	 >	 17),(16 > 17),comparison_numeric,1,1.0,1.0,1.0,0.0,T1_static_validated,representation_case,LLM_review_or_future_special_module,Y1_R003_C02_S04,Y1_basic_boolean,T_Y4_TAB_SPACE,1,1,1
Y4_R003_C02_S05,Y4_obfuscated_boolean,Y4,(((29/**/>/**/30))),(((29 > 30))),comparison_numeric,1,1.0,1.0,1.0,0.0,T1_static_validated,representation_case,LLM_review_or_future_special_module,Y2_R003_C02_S05,Y2_boolean_variation,T_Y4_EXTRA_PARENTHESES,1,1,1
Y4_R003_C02_S06,Y4_obfuscated_boolean,Y4,(42	 >	 43),(42 > 43),comparison_numeric,1,1.0,1.0,1.0,0.0,T1_static_validated,representation_case,LLM_review_or_future_special_module,Y1_R003_C02_S06,Y1_basic_boolean,T_Y4_TAB_SPACE,1,1,1
Y4_R003_C03_S01,Y4_obfuscated_boolean,Y4,((NoT	 (85	 >	 86))),((NoT (85 > 86))),comparison_numeric,1,1.0,1.0,1.0,0.0,T1_static_validated,representation_case,LLM_review_or_future_special_module,Y2_R003_C03_S01,Y2_boolean_variation,T_Y4_EXTRA_PARENTHESES,1,1,0
Y4_R003_C03_S02,Y4_obfuscated_boolean,Y4,NoT/**/(1/**/>/**/2),NoT (1 > 2),comparison_numeric,1,1.0,1.0,1.0,0.0,T1_static_validated,representation_case,LLM_review_or_future_special_module,Y1_R003_C03_S02,Y1_basic_boolean,T_Y4_COMMENT_WS,1,1,0
Y4_R003_C03_S03,Y4_obfuscated_boolean,Y4,NoT	 (14	 >	 15),NoT (14 > 15),comparison_numeric,1,1.0,1.0,1.0,0.0,T1_static_validated,representation_case,LLM_review_or_future_special_module,Y1_R003_C03_S03,Y1_basic_boolean,T_Y4_TAB_SPACE,1,1,0
Y4_R003_C03_S04,Y4_obfuscated_boolean,Y4,NoT/**/(27/**/>/**/10),NoT (27 > 10),comparison_numeric,1,1.0,1.0,1.0,0.0,T1_static_validated,representation_case,LLM_review_or_future_special_module,Y1_R003_C03_S04,Y1_basic_boolean,T_Y4_COMMENT_WS,1,1,0
Y4_R003_C03_S05,Y4_obfuscated_boolean,Y4,((NoT	 (40	 >	 23))),((NoT (40 > 23))),comparison_numeric,1,1.0,1.0,1.0,0.0,T1_static_validated,representation_case,LLM_review_or_future_special_module,Y2_R003_C03_S05,Y2_boolean_variation,T_Y4_EXTRA_PARENTHESES,1,1,0
Y4_R003_C03_S06,Y4_obfuscated_boolean,Y4,NoT/**/(53/**/>/**/36),NoT (53 > 36),comparison_numeric,1,1.0,1.0,1.0,0.0,T1_static_validated,representation_case,LLM_review_or_future_special_module,Y1_R003_C03_S06,Y1_basic_boolean,T_Y4_COMMENT_WS,1,1,0
Y4_R003_C04_S01,Y4_obfuscated_boolean,Y4,(((96/**/>/**/79)/**/IS/**/trUE)),(((96 > 79) IS trUE)),comparison_numeric,1,1.0,1.0,1.0,0.0,T1_static_validated,representation_case,LLM_review_or_future_special_module,Y2_R003_C04_S01,Y2_boolean_variation,T_Y4_EXTRA_PARENTHESES,1,1,0
Y4_R003_C04_S02,Y4_obfuscated_boolean,Y4,(12	 >	 92)	 IS	 trUE,(12 > 92) IS trUE,comparison_numeric,1,1.0,1.0,1.0,0.0,T1_static_validated,representation_case,LLM_review_or_future_special_module,Y1_R003_C04_S02,Y1_basic_boolean,T_Y4_TAB_SPACE,1,1,0
Y4_R003_C04_S03,Y4_obfuscated_boolean,Y4,(25/**/>/**/8)/**/IS/**/trUE,(25 > 8) IS trUE,comparison_numeric,1,1.0,1.0,1.0,0.0,T1_static_validated,representation_case,LLM_review_or_future_special_module,Y1_R003_C04_S03,Y1_basic_boolean,T_Y4_COMMENT_WS,1,1,0
Y4_R003_C04_S04,Y4_obfuscated_boolean,Y4,(38	 >	 39)	 IS	 trUE,(38 > 39) IS trUE,comparison_numeric,1,1.0,1.0,1.0,0.0,T1_static_validated,representation_case,LLM_review_or_future_special_module,Y1_R003_C04_S04,Y1_basic_boolean,T_Y4_TAB_SPACE,1,1,0
Y4_R003_C04_S05,Y4_obfuscated_boolean,Y4,(((51/**/>/**/52)/**/IS/**/trUE)),(((51 > 52) IS trUE)),comparison_numeric,1,1.0,1.0,1.0,0.0,T1_static_validated,representation_case,LLM_review_or_future_special_module,Y2_R003_C04_S05,Y2_boolean_variation,T_Y4_EXTRA_PARENTHESES,1,1,0
Y4_R003_C04_S06,Y4_obfuscated_boolean,Y4,(64	 >	 65)	 IS	 trUE,(64 > 65) IS trUE,comparison_numeric,1,1.0,1.0,1.0,0.0,T1_static_validated,representation_case,LLM_review_or_future_special_module,Y1_R003_C04_S06,Y1_basic_boolean,T_Y4_TAB_SPACE,1,1,0
Y4_R003_C05_S01,Y4_obfuscated_boolean,Y4,(((10	 >	 90)	 is	 NoT	 FaLse)),(((10 > 90) is NoT FaLse)),comparison_numeric,1,1.0,1.0,1.0,0.0,T1_static_validated,representation_case,LLM_review_or_future_special_module,Y2_R003_C05_S01,Y2_boolean_variation,T_Y4_EXTRA_PARENTHESES,1,1,0
Y4_R003_C05_S02,Y4_obfuscated_boolean,Y4,(23/**/>/**/6)/**/is/**/NoT/**/FaLse,(23 > 6) is NoT FaLse,comparison_numeric,1,1.0,1.0,1.0,0.0,T1_static_validated,representation_case,LLM_review_or_future_special_module,Y1_R003_C05_S02,Y1_basic_boolean,T_Y4_COMMENT_WS,1,1,0
Y4_R003_C05_S03,Y4_obfuscated_boolean,Y4,(36	 >	 19)	 is	 NoT	 FaLse,(36 > 19) is NoT FaLse,comparison_numeric,1,1.0,1.0,1.0,0.0,T1_static_validated,representation_case,LLM_review_or_future_special_module,Y1_R003_C05_S03,Y1_basic_boolean,T_Y4_TAB_SPACE,1,1,0
Y4_R003_C05_S04,Y4_obfuscated_boolean,Y4,(49/**/>/**/50)/**/is/**/NoT/**/FaLse,(49 > 50) is NoT FaLse,comparison_numeric,1,1.0,1.0,1.0,0.0,T1_static_validated,representation_case,LLM_review_or_future_special_module,Y1_R003_C05_S04,Y1_basic_boolean,T_Y4_COMMENT_WS,1,1,0
Y4_R003_C05_S05,Y4_obfuscated_boolean,Y4,(((62	 >	 63)	 is	 NoT	 FaLse)),(((62 > 63) is NoT FaLse)),comparison_numeric,1,1.0,1.0,1.0,0.0,T1_static_validated,representation_case,LLM_review_or_future_special_module,Y2_R003_C05_S05,Y2_boolean_variation,T_Y4_EXTRA_PARENTHESES,1,1,0
Y4_R003_C05_S06,Y4_obfuscated_boolean,Y4,(75/**/>/**/76)/**/is/**/NoT/**/FaLse,(75 > 76) is NoT FaLse,comparison_numeric,1,1.0,1.0,1.0,0.0,T1_static_validated,representation_case,LLM_review_or_future_special_module,Y1_R003_C05_S06,Y1_basic_boolean,T_Y4_COMMENT_WS,1,1,0
Y4_R003_C06_S01,Y4_obfuscated_boolean,Y4,((CASE/**/WhEn/**/(21/**/>/**/4)/**/thEn/**/trUE/**/ElSE/**/fAlSE/**/End)),((CASE WhEn (21 > 4) thEn trUE ElSE fAlSE End)),comparison_numeric,1,1.0,1.0,1.0,0.0,T1_static_validated,representation_case,LLM_review_or_future_special_module,Y2_R003_C06_S01,Y2_boolean_variation,T_Y4_EXTRA_PARENTHESES,1,1,0
Y4_R003_C06_S02,Y4_obfuscated_boolean,Y4,CASE	 WhEn	 (34	 >	 17)	 thEn	 trUE	 ElSE	 fAlSE	 End,CASE WhEn (34 > 17) thEn trUE ElSE fAlSE End,comparison_numeric,1,1.0,1.0,1.0,0.0,T1_static_validated,representation_case,LLM_review_or_future_special_module,Y1_R003_C06_S02,Y1_basic_boolean,T_Y4_TAB_SPACE,1,1,0
Y4_R003_C06_S03,Y4_obfuscated_boolean,Y4,CASE/**/WhEn/**/(47/**/>/**/30)/**/thEn/**/trUE/**/ElSE/**/fAlSE/**/End,CASE WhEn (47 > 30) thEn trUE ElSE fAlSE End,comparison_numeric,1,1.0,1.0,1.0,0.0,T1_static_validated,representation_case,LLM_review_or_future_special_module,Y1_R003_C06_S03,Y1_basic_boolean,T_Y4_COMMENT_WS,1,1,0
Y4_R003_C06_S04,Y4_obfuscated_boolean,Y4,CASE	 WhEn	 (60	 >	 61)	 thEn	 trUE	 ElSE	 fAlSE	 End,CASE WhEn (60 > 61) thEn trUE ElSE fAlSE End,comparison_numeric,1,1.0,1.0,1.0,0.0,T1_static_validated,representation_case,LLM_review_or_future_special_module,Y1_R003_C06_S04,Y1_basic_boolean,T_Y4_TAB_SPACE,1,1,0
Y4_R003_C06_S05,Y4_obfuscated_boolean,Y4,((CASE/**/WhEn/**/(73/**/>/**/74)/**/thEn/**/trUE/**/ElSE/**/fAlSE/**/End)),((CASE WhEn (73 > 74) thEn trUE ElSE fAlSE End)),comparison_numeric,1,1.0,1.0,1.0,0.0,T1_static_validated,representation_case,LLM_review_or_future_special_module,Y2_R003_C06_S05,Y2_boolean_variation,T_Y4_EXTRA_PARENTHESES,1,1,0
Y4_R003_C06_S06,Y4_obfuscated_boolean,Y4,CASE	 WhEn	 (86	 >	 87)	 thEn	 trUE	 ElSE	 fAlSE	 End,CASE WhEn (86 > 87) thEn trUE ElSE fAlSE End,comparison_numeric,1,1.0,1.0,1.0,0.0,T1_static_validated,representation_case,LLM_review_or_future_special_module,Y1_R003_C06_S06,Y1_basic_boolean,T_Y4_TAB_SPACE,1,1,0
Y4_R003_C07_S01,Y4_obfuscated_boolean,Y4,(((32	 >	 15)	 aND	 (66	 =	 66))),(((32 > 15) aND (66 = 66))),comparison_numeric,1,1.0,1.0,1.0,0.0,T1_static_validated,representation_case,LLM_review_or_future_special_module,Y2_R003_C07_S01,Y2_boolean_variation,T_Y4_EXTRA_PARENTHESES,1,1,0
Y4_R003_C07_S02,Y4_obfuscated_boolean,Y4,(45/**/>/**/28)/**/aND/**/(79/**/=/**/79),(45 > 28) aND (79 = 79),comparison_numeric,1,1.0,1.0,1.0,0.0,T1_static_validated,representation_case,LLM_review_or_future_special_module,Y1_R003_C07_S02,Y1_basic_boolean,T_Y4_COMMENT_WS,1,1,0
Y4_R003_C07_S03,Y4_obfuscated_boolean,Y4,(58	 >	 41)	 aND	 (92	 =	 92),(58 > 41) aND (92 = 92),comparison_numeric,1,1.0,1.0,1.0,0.0,T1_static_validated,representation_case,LLM_review_or_future_special_module,Y1_R003_C07_S03,Y1_basic_boolean,T_Y4_TAB_SPACE,1,1,0
Y4_R003_C07_S04,Y4_obfuscated_boolean,Y4,(71/**/>/**/72)/**/aND/**/(8/**/=/**/8),(71 > 72) aND (8 = 8),comparison_numeric,1,1.0,1.0,1.0,0.0,T1_static_validated,representation_case,LLM_review_or_future_special_module,Y1_R003_C07_S04,Y1_basic_boolean,T_Y4_COMMENT_WS,1,1,0
Y4_R003_C07_S05,Y4_obfuscated_boolean,Y4,(((84	 >	 85)	 aND	 (21	 =	 21))),(((84 > 85) aND (21 = 21))),comparison_numeric,1,1.0,1.0,1.0,0.0,T1_static_validated,representation_case,LLM_review_or_future_special_module,Y2_R003_C07_S05,Y2_boolean_variation,T_Y4_EXTRA_PARENTHESES,1,1,0
Y4_R003_C07_S06,Y4_obfuscated_boolean,Y4,(97/**/>/**/98)/**/aND/**/(34/**/=/**/34),(97 > 98) aND (34 = 34),comparison_numeric,1,1.0,1.0,1.0,0.0,T1_static_validated,representation_case,LLM_review_or_future_special_module,Y1_R003_C07_S06,Y1_basic_boolean,T_Y4_COMMENT_WS,1,1,0
Y4_R003_C08_S01,Y4_obfuscated_boolean,Y4,(((43/**/>/**/26)/**/Or/**/(94/**/<>/**/94))),(((43 > 26) Or (94 <> 94))),comparison_numeric,1,1.0,1.0,1.0,0.0,T1_static_validated,representation_case,LLM_review_or_future_special_module,Y2_R003_C08_S01,Y2_boolean_variation,T_Y4_EXTRA_PARENTHESES,1,1,0
Y4_R003_C08_S02,Y4_obfuscated_boolean,Y4,(56	 >	 39)	 Or	 (10	 <>	 10),(56 > 39) Or (10 <> 10),comparison_numeric,1,1.0,1.0,1.0,0.0,T1_static_validated,representation_case,LLM_review_or_future_special_module,Y1_R003_C08_S02,Y1_basic_boolean,T_Y4_TAB_SPACE,1,1,0
Y4_R003_C08_S03,Y4_obfuscated_boolean,Y4,(69/**/>/**/52)/**/Or/**/(23/**/<>/**/23),(69 > 52) Or (23 <> 23),comparison_numeric,1,1.0,1.0,1.0,0.0,T1_static_validated,representation_case,LLM_review_or_future_special_module,Y1_R003_C08_S03,Y1_basic_boolean,T_Y4_COMMENT_WS,1,1,0
Y4_R003_C08_S04,Y4_obfuscated_boolean,Y4,(82	 >	 83)	 Or	 (36	 <>	 36),(82 > 83) Or (36 <> 36),comparison_numeric,1,1.0,1.0,1.0,0.0,T1_static_validated,representation_case,LLM_review_or_future_special_module,Y1_R003_C08_S04,Y1_basic_boolean,T_Y4_TAB_SPACE,1,1,0
Y4_R003_C08_S05,Y4_obfuscated_boolean,Y4,(((95/**/>/**/96)/**/Or/**/(49/**/<>/**/49))),(((95 > 96) Or (49 <> 49))),comparison_numeric,1,1.0,1.0,1.0,0.0,T1_static_validated,representation_case,LLM_review_or_future_special_module,Y2_R003_C08_S05,Y2_boolean_variation,T_Y4_EXTRA_PARENTHESES,1,1,0
Y4_R003_C08_S06,Y4_obfuscated_boolean,Y4,(11	 >	 12)	 Or	 (62	 <>	 62),(11 > 12) Or (62 <> 62),comparison_numeric,1,1.0,1.0,1.0,0.0,T1_static_validated,representation_case,LLM_review_or_future_special_module,Y1_R003_C08_S06,Y1_basic_boolean,T_Y4_TAB_SPACE,1,1,0
Y4_R003_C09_S01,Y4_obfuscated_boolean,Y4,((((54	 >	 37)	 =	 TRue))),((((54 > 37) = TRue))),comparison_numeric,1,1.0,1.0,1.0,0.0,T1_static_validated,representation_case,LLM_review_or_future_special_module,Y2_R003_C09_S01,Y2_boolean_variation,T_Y4_EXTRA_PARENTHESES,1,1,0
Y4_R003_C09_S02,Y4_obfuscated_boolean,Y4,((67/**/>/**/50)/**/=/**/TRue),((67 > 50) = TRue),comparison_numeric,1,1.0,1.0,1.0,0.0,T1_static_validated,representation_case,LLM_review_or_future_special_module,Y1_R003_C09_S02,Y1_basic_boolean,T_Y4_COMMENT_WS,1,1,0
Y4_R003_C09_S03,Y4_obfuscated_boolean,Y4,((80	 >	 63)	 =	 TRue),((80 > 63) = TRue),comparison_numeric,1,1.0,1.0,1.0,0.0,T1_static_validated,representation_case,LLM_review_or_future_special_module,Y1_R003_C09_S03,Y1_basic_boolean,T_Y4_TAB_SPACE,1,1,0
Y4_R003_C09_S04,Y4_obfuscated_boolean,Y4,((93/**/>/**/94)/**/=/**/TRue),((93 > 94) = TRue),comparison_numeric,1,1.0,1.0,1.0,0.0,T1_static_validated,representation_case,LLM_review_or_future_special_module,Y1_R003_C09_S04,Y1_basic_boolean,T_Y4_COMMENT_WS,1,1,0
Y4_R003_C09_S05,Y4_obfuscated_boolean,Y4,((((9	 >	 10)	 =	 TRue))),((((9 > 10) = TRue))),comparison_numeric,1,1.0,1.0,1.0,0.0,T1_static_validated,representation_case,LLM_review_or_future_special_module,Y2_R003_C09_S05,Y2_boolean_variation,T_Y4_EXTRA_PARENTHESES,1,1,0
Y4_R003_C09_S06,Y4_obfuscated_boolean,Y4,((22/**/>/**/23)/**/=/**/TRue),((22 > 23) = TRue),comparison_numeric,1,1.0,1.0,1.0,0.0,T1_static_validated,representation_case,LLM_review_or_future_special_module,Y1_R003_C09_S06,Y1_basic_boolean,T_Y4_COMMENT_WS,1,1,0
Y4_R003_C10_S01,Y4_obfuscated_boolean,Y4,"((COAlESCE((65/**/>/**/48),/**/fAlSE)))","((COAlESCE((65 > 48), fAlSE)))",comparison_numeric,1,1.0,1.0,1.0,0.0,T1_static_validated,representation_case,LLM_review_or_future_special_module,Y2_R003_C10_S01,Y2_boolean_variation,T_Y4_EXTRA_PARENTHESES,1,1,0
Y4_R003_C10_S02,Y4_obfuscated_boolean,Y4,"COAlESCE((78	 >	 61),	 fAlSE)","COAlESCE((78 > 61), fAlSE)",comparison_numeric,1,1.0,1.0,1.0,0.0,T1_static_validated,representation_case,LLM_review_or_future_special_module,Y1_R003_C10_S02,Y1_basic_boolean,T_Y4_TAB_SPACE,1,1,0
Y4_R003_C10_S03,Y4_obfuscated_boolean,Y4,"COAlESCE((91/**/>/**/74),/**/fAlSE)","COAlESCE((91 > 74), fAlSE)",comparison_numeric,1,1.0,1.0,1.0,0.0,T1_static_validated,representation_case,LLM_review_or_future_special_module,Y1_R003_C10_S03,Y1_basic_boolean,T_Y4_COMMENT_WS,1,1,0
Y4_R003_C10_S04,Y4_obfuscated_boolean,Y4,"COAlESCE((7	 >	 8),	 fAlSE)","COAlESCE((7 > 8), fAlSE)",comparison_numeric,1,1.0,1.0,1.0,0.0,T1_static_validated,representation_case,LLM_review_or_future_special_module,Y1_R003_C10_S04,Y1_basic_boolean,T_Y4_TAB_SPACE,1,1,0
Y4_R003_C10_S05,Y4_obfuscated_boolean,Y4,"((COAlESCE((20/**/>/**/21),/**/fAlSE)))","((COAlESCE((20 > 21), fAlSE)))",comparison_numeric,1,1.0,1.0,1.0,0.0,T1_static_validated,representation_case,LLM_review_or_future_special_module,Y2_R003_C10_S05,Y2_boolean_variation,T_Y4_EXTRA_PARENTHESES,1,1,0
Y4_R003_C10_S06,Y4_obfuscated_boolean,Y4,"COAlESCE((33	 >	 34),	 fAlSE)","COAlESCE((33 > 34), fAlSE)",comparison_numeric,1,1.0,1.0,1.0,0.0,T1_static_validated,representation_case,LLM_review_or_future_special_module,Y1_R003_C10_S06,Y1_basic_boolean,T_Y4_TAB_SPACE,1,1,0
Y4_R004_C01_S01,Y4_obfuscated_boolean,Y4,53/**/<=/**/70,53 <= 70,comparison_numeric,1,1.0,1.0,1.0,0.0,T1_static_validated,representation_case,LLM_review_or_future_special_module,Y1_R004_C01_S01,Y1_basic_boolean,T_Y4_COMMENT_WS,1,1,1
Y4_R004_C01_S02,Y4_obfuscated_boolean,Y4,66	 <=	 83,66 <= 83,comparison_numeric,1,1.0,1.0,1.0,0.0,T1_static_validated,representation_case,LLM_review_or_future_special_module,Y1_R004_C01_S02,Y1_basic_boolean,T_Y4_TAB_SPACE,1,1,1
Y4_R004_C01_S03,Y4_obfuscated_boolean,Y4,79/**/<=/**/96,79 <= 96,comparison_numeric,1,1.0,1.0,1.0,0.0,T1_static_validated,representation_case,LLM_review_or_future_special_module,Y1_R004_C01_S03,Y1_basic_boolean,T_Y4_COMMENT_WS,1,1,1
Y4_R004_C01_S04,Y4_obfuscated_boolean,Y4,((92	 <=	 91)),((92 <= 91)),comparison_numeric,1,1.0,1.0,1.0,0.0,T1_static_validated,representation_case,LLM_review_or_future_special_module,Y2_R004_C01_S04,Y2_boolean_variation,T_Y4_EXTRA_PARENTHESES,1,1,1
Y4_R004_C01_S05,Y4_obfuscated_boolean,Y4,8/**/<=/**/7,8 <= 7,comparison_numeric,1,1.0,1.0,1.0,0.0,T1_static_validated,representation_case,LLM_review_or_future_special_module,Y1_R004_C01_S05,Y1_basic_boolean,T_Y4_COMMENT_WS,1,1,1
Y4_R004_C01_S06,Y4_obfuscated_boolean,Y4,21	 <=	 20,21 <= 20,comparison_numeric,1,1.0,1.0,1.0,0.0,T1_static_validated,representation_case,LLM_review_or_future_special_module,Y1_R004_C01_S06,Y1_basic_boolean,T_Y4_TAB_SPACE,1,1,1
Y4_R004_C02_S01,Y4_obfuscated_boolean,Y4,(64	 <=	 81),(64 <= 81),comparison_numeric,1,1.0,1.0,1.0,0.0,T1_static_validated,representation_case,LLM_review_or_future_special_module,Y1_R004_C02_S01,Y1_basic_boolean,T_Y4_TAB_SPACE,1,1,1
Y4_R004_C02_S02,Y4_obfuscated_boolean,Y4,(77/**/<=/**/94),(77 <= 94),comparison_numeric,1,1.0,1.0,1.0,0.0,T1_static_validated,representation_case,LLM_review_or_future_special_module,Y1_R004_C02_S02,Y1_basic_boolean,T_Y4_COMMENT_WS,1,1,1
Y4_R004_C02_S03,Y4_obfuscated_boolean,Y4,(90	 <=	 10),(90 <= 10),comparison_numeric,1,1.0,1.0,1.0,0.0,T1_static_validated,representation_case,LLM_review_or_future_special_module,Y1_R004_C02_S03,Y1_basic_boolean,T_Y4_TAB_SPACE,1,1,1
Y4_R004_C02_S04,Y4_obfuscated_boolean,Y4,(((6/**/<=/**/5))),(((6 <= 5))),comparison_numeric,1,1.0,1.0,1.0,0.0,T1_static_validated,representation_case,LLM_review_or_future_special_module,Y2_R004_C02_S04,Y2_boolean_variation,T_Y4_EXTRA_PARENTHESES,1,1,1
Y4_R004_C02_S05,Y4_obfuscated_boolean,Y4,(19	 <=	 18),(19 <= 18),comparison_numeric,1,1.0,1.0,1.0,0.0,T1_static_validated,representation_case,LLM_review_or_future_special_module,Y1_R004_C02_S05,Y1_basic_boolean,T_Y4_TAB_SPACE,1,1,1
Y4_R004_C02_S06,Y4_obfuscated_boolean,Y4,(32/**/<=/**/31),(32 <= 31),comparison_numeric,1,1.0,1.0,1.0,0.0,T1_static_validated,representation_case,LLM_review_or_future_special_module,Y1_R004_C02_S06,Y1_basic_boolean,T_Y4_COMMENT_WS,1,1,1
Y4_R004_C03_S01,Y4_obfuscated_boolean,Y4,nOt/**/(75/**/<=/**/74),nOt (75 <= 74),comparison_numeric,1,1.0,1.0,1.0,0.0,T1_static_validated,representation_case,LLM_review_or_future_special_module,Y1_R004_C03_S01,Y1_basic_boolean,T_Y4_COMMENT_WS,1,1,0
Y4_R004_C03_S02,Y4_obfuscated_boolean,Y4,nOt	 (88	 <=	 87),nOt (88 <= 87),comparison_numeric,1,1.0,1.0,1.0,0.0,T1_static_validated,representation_case,LLM_review_or_future_special_module,Y1_R004_C03_S02,Y1_basic_boolean,T_Y4_TAB_SPACE,1,1,0
Y4_R004_C03_S03,Y4_obfuscated_boolean,Y4,nOt/**/(4/**/<=/**/3),nOt (4 <= 3),comparison_numeric,1,1.0,1.0,1.0,0.0,T1_static_validated,representation_case,LLM_review_or_future_special_module,Y1_R004_C03_S03,Y1_basic_boolean,T_Y4_COMMENT_WS,1,1,0
Y4_R004_C03_S04,Y4_obfuscated_boolean,Y4,((nOt	 (17	 <=	 34))),((nOt (17 <= 34))),comparison_numeric,1,1.0,1.0,1.0,0.0,T1_static_validated,representation_case,LLM_review_or_future_special_module,Y2_R004_C03_S04,Y2_boolean_variation,T_Y4_EXTRA_PARENTHESES,1,1,0
Y4_R004_C03_S05,Y4_obfuscated_boolean,Y4,nOt/**/(30/**/<=/**/47),nOt (30 <= 47),comparison_numeric,1,1.0,1.0,1.0,0.0,T1_static_validated,representation_case,LLM_review_or_future_special_module,Y1_R004_C03_S05,Y1_basic_boolean,T_Y4_COMMENT_WS,1,1,0
Y4_R004_C03_S06,Y4_obfuscated_boolean,Y4,nOt	 (43	 <=	 60),nOt (43 <= 60),comparison_numeric,1,1.0,1.0,1.0,0.0,T1_static_validated,representation_case,LLM_review_or_future_special_module,Y1_R004_C03_S06,Y1_basic_boolean,T_Y4_TAB_SPACE,1,1,0
Y4_R004_C04_S01,Y4_obfuscated_boolean,Y4,(86	 <=	 6)	 is	 TRue,(86 <= 6) is TRue,comparison_numeric,1,1.0,1.0,1.0,0.0,T1_static_validated,representation_case,LLM_review_or_future_special_module,Y1_R004_C04_S01,Y1_basic_boolean,T_Y4_TAB_SPACE,1,1,0
Y4_R004_C04_S02,Y4_obfuscated_boolean,Y4,(2/**/<=/**/19)/**/is/**/TRue,(2 <= 19) is TRue,comparison_numeric,1,1.0,1.0,1.0,0.0,T1_static_validated,representation_case,LLM_review_or_future_special_module,Y1_R004_C04_S02,Y1_basic_boolean,T_Y4_COMMENT_WS,1,1,0
Y4_R004_C04_S03,Y4_obfuscated_boolean,Y4,(15	 <=	 32)	 is	 TRue,(15 <= 32) is TRue,comparison_numeric,1,1.0,1.0,1.0,0.0,T1_static_validated,representation_case,LLM_review_or_future_special_module,Y1_R004_C04_S03,Y1_basic_boolean,T_Y4_TAB_SPACE,1,1,0
Y4_R004_C04_S04,Y4_obfuscated_boolean,Y4,(((28/**/<=/**/27)/**/is/**/TRue)),(((28 <= 27) is TRue)),comparison_numeric,1,1.0,1.0,1.0,0.0,T1_static_validated,representation_case,LLM_review_or_future_special_module,Y2_R004_C04_S04,Y2_boolean_variation,T_Y4_EXTRA_PARENTHESES,1,1,0
Y4_R004_C04_S05,Y4_obfuscated_boolean,Y4,(41	 <=	 40)	 is	 TRue,(41 <= 40) is TRue,comparison_numeric,1,1.0,1.0,1.0,0.0,T1_static_validated,representation_case,LLM_review_or_future_special_module,Y1_R004_C04_S05,Y1_basic_boolean,T_Y4_TAB_SPACE,1,1,0
Y4_R004_C04_S06,Y4_obfuscated_boolean,Y4,(54/**/<=/**/53)/**/is/**/TRue,(54 <= 53) is TRue,comparison_numeric,1,1.0,1.0,1.0,0.0,T1_static_validated,representation_case,LLM_review_or_future_special_module,Y1_R004_C04_S06,Y1_basic_boolean,T_Y4_COMMENT_WS,1,1,0
Y4_R004_C05_S01,Y4_obfuscated_boolean,Y4,(97/**/<=/**/17)/**/IS/**/nOt/**/fAlSE,(97 <= 17) IS nOt fAlSE,comparison_numeric,1,1.0,1.0,1.0,0.0,T1_static_validated,representation_case,LLM_review_or_future_special_module,Y1_R004_C05_S01,Y1_basic_boolean,T_Y4_COMMENT_WS,1,1,0
Y4_R004_C05_S02,Y4_obfuscated_boolean,Y4,(13	 <=	 30)	 IS	 nOt	 fAlSE,(13 <= 30) IS nOt fAlSE,comparison_numeric,1,1.0,1.0,1.0,0.0,T1_static_validated,representation_case,LLM_review_or_future_special_module,Y1_R004_C05_S02,Y1_basic_boolean,T_Y4_TAB_SPACE,1,1,0
Y4_R004_C05_S03,Y4_obfuscated_boolean,Y4,(26/**/<=/**/43)/**/IS/**/nOt/**/fAlSE,(26 <= 43) IS nOt fAlSE,comparison_numeric,1,1.0,1.0,1.0,0.0,T1_static_validated,representation_case,LLM_review_or_future_special_module,Y1_R004_C05_S03,Y1_basic_boolean,T_Y4_COMMENT_WS,1,1,0
Y4_R004_C05_S04,Y4_obfuscated_boolean,Y4,(((39	 <=	 38)	 IS	 nOt	 fAlSE)),(((39 <= 38) IS nOt fAlSE)),comparison_numeric,1,1.0,1.0,1.0,0.0,T1_static_validated,representation_case,LLM_review_or_future_special_module,Y2_R004_C05_S04,Y2_boolean_variation,T_Y4_EXTRA_PARENTHESES,1,1,0
Y4_R004_C05_S05,Y4_obfuscated_boolean,Y4,(52/**/<=/**/51)/**/IS/**/nOt/**/fAlSE,(52 <= 51) IS nOt fAlSE,comparison_numeric,1,1.0,1.0,1.0,0.0,T1_static_validated,representation_case,LLM_review_or_future_special_module,Y1_R004_C05_S05,Y1_basic_boolean,T_Y4_COMMENT_WS,1,1,0
Y4_R004_C05_S06,Y4_obfuscated_boolean,Y4,(65	 <=	 64)	 IS	 nOt	 fAlSE,(65 <= 64) IS nOt fAlSE,comparison_numeric,1,1.0,1.0,1.0,0.0,T1_static_validated,representation_case,LLM_review_or_future_special_module,Y1_R004_C05_S06,Y1_basic_boolean,T_Y4_TAB_SPACE,1,1,0
Y4_R004_C06_S01,Y4_obfuscated_boolean,Y4,case	 wHeN	 (11	 <=	 28)	 THeN	 TRue	 eLse	 FaLse	 eND,case wHeN (11 <= 28) THeN TRue eLse FaLse eND,comparison_numeric,1,1.0,1.0,1.0,0.0,T1_static_validated,representation_case,LLM_review_or_future_special_module,Y1_R004_C06_S01,Y1_basic_boolean,T_Y4_TAB_SPACE,1,1,0
Y4_R004_C06_S02,Y4_obfuscated_boolean,Y4,case/**/wHeN/**/(24/**/<=/**/41)/**/THeN/**/TRue/**/eLse/**/FaLse/**/eND,case wHeN (24 <= 41) THeN TRue eLse FaLse eND,comparison_numeric,1,1.0,1.0,1.0,0.0,T1_static_validated,representation_case,LLM_review_or_future_special_module,Y1_R004_C06_S02,Y1_basic_boolean,T_Y4_COMMENT_WS,1,1,0
Y4_R004_C06_S03,Y4_obfuscated_boolean,Y4,case	 wHeN	 (37	 <=	 54)	 THeN	 TRue	 eLse	 FaLse	 eND,case wHeN (37 <= 54) THeN TRue eLse FaLse eND,comparison_numeric,1,1.0,1.0,1.0,0.0,T1_static_validated,representation_case,LLM_review_or_future_special_module,Y1_R004_C06_S03,Y1_basic_boolean,T_Y4_TAB_SPACE,1,1,0
Y4_R004_C06_S04,Y4_obfuscated_boolean,Y4,((case/**/wHeN/**/(50/**/<=/**/49)/**/THeN/**/TRue/**/eLse/**/FaLse/**/eND)),((case wHeN (50 <= 49) THeN TRue eLse FaLse eND)),comparison_numeric,1,1.0,1.0,1.0,0.0,T1_static_validated,representation_case,LLM_review_or_future_special_module,Y2_R004_C06_S04,Y2_boolean_variation,T_Y4_EXTRA_PARENTHESES,1,1,0
Y4_R004_C06_S05,Y4_obfuscated_boolean,Y4,case	 wHeN	 (63	 <=	 62)	 THeN	 TRue	 eLse	 FaLse	 eND,case wHeN (63 <= 62) THeN TRue eLse FaLse eND,comparison_numeric,1,1.0,1.0,1.0,0.0,T1_static_validated,representation_case,LLM_review_or_future_special_module,Y1_R004_C06_S05,Y1_basic_boolean,T_Y4_TAB_SPACE,1,1,0
Y4_R004_C06_S06,Y4_obfuscated_boolean,Y4,case/**/wHeN/**/(76/**/<=/**/75)/**/THeN/**/TRue/**/eLse/**/FaLse/**/eND,case wHeN (76 <= 75) THeN TRue eLse FaLse eND,comparison_numeric,1,1.0,1.0,1.0,0.0,T1_static_validated,representation_case,LLM_review_or_future_special_module,Y1_R004_C06_S06,Y1_basic_boolean,T_Y4_COMMENT_WS,1,1,0
Y4_R004_C07_S01,Y4_obfuscated_boolean,Y4,(22/**/<=/**/39)/**/And/**/(73/**/=/**/73),(22 <= 39) And (73 = 73),comparison_numeric,1,1.0,1.0,1.0,0.0,T1_static_validated,representation_case,LLM_review_or_future_special_module,Y1_R004_C07_S01,Y1_basic_boolean,T_Y4_COMMENT_WS,1,1,0
Y4_R004_C07_S02,Y4_obfuscated_boolean,Y4,(35	 <=	 52)	 And	 (86	 =	 86),(35 <= 52) And (86 = 86),comparison_numeric,1,1.0,1.0,1.0,0.0,T1_static_validated,representation_case,LLM_review_or_future_special_module,Y1_R004_C07_S02,Y1_basic_boolean,T_Y4_TAB_SPACE,1,1,0
Y4_R004_C07_S03,Y4_obfuscated_boolean,Y4,(48/**/<=/**/65)/**/And/**/(2/**/=/**/2),(48 <= 65) And (2 = 2),comparison_numeric,1,1.0,1.0,1.0,0.0,T1_static_validated,representation_case,LLM_review_or_future_special_module,Y1_R004_C07_S03,Y1_basic_boolean,T_Y4_COMMENT_WS,1,1,0
Y4_R004_C07_S04,Y4_obfuscated_boolean,Y4,(((61	 <=	 60)	 And	 (15	 =	 15))),(((61 <= 60) And (15 = 15))),comparison_numeric,1,1.0,1.0,1.0,0.0,T1_static_validated,representation_case,LLM_review_or_future_special_module,Y2_R004_C07_S04,Y2_boolean_variation,T_Y4_EXTRA_PARENTHESES,1,1,0
Y4_R004_C07_S05,Y4_obfuscated_boolean,Y4,(74/**/<=/**/73)/**/And/**/(28/**/=/**/28),(74 <= 73) And (28 = 28),comparison_numeric,1,1.0,1.0,1.0,0.0,T1_static_validated,representation_case,LLM_review_or_future_special_module,Y1_R004_C07_S05,Y1_basic_boolean,T_Y4_COMMENT_WS,1,1,0
Y4_R004_C07_S06,Y4_obfuscated_boolean,Y4,(87	 <=	 86)	 And	 (41	 =	 41),(87 <= 86) And (41 = 41),comparison_numeric,1,1.0,1.0,1.0,0.0,T1_static_validated,representation_case,LLM_review_or_future_special_module,Y1_R004_C07_S06,Y1_basic_boolean,T_Y4_TAB_SPACE,1,1,0
Y4_R004_C08_S01,Y4_obfuscated_boolean,Y4,(33	 <=	 50)	 oR	 (4	 <>	 4),(33 <= 50) oR (4 <> 4),comparison_numeric,1,1.0,1.0,1.0,0.0,T1_static_validated,representation_case,LLM_review_or_future_special_module,Y1_R004_C08_S01,Y1_basic_boolean,T_Y4_TAB_SPACE,1,1,0
Y4_R004_C08_S02,Y4_obfuscated_boolean,Y4,(46/**/<=/**/63)/**/oR/**/(17/**/<>/**/17),(46 <= 63) oR (17 <> 17),comparison_numeric,1,1.0,1.0,1.0,0.0,T1_static_validated,representation_case,LLM_review_or_future_special_module,Y1_R004_C08_S02,Y1_basic_boolean,T_Y4_COMMENT_WS,1,1,0
Y4_R004_C08_S03,Y4_obfuscated_boolean,Y4,(59	 <=	 76)	 oR	 (30	 <>	 30),(59 <= 76) oR (30 <> 30),comparison_numeric,1,1.0,1.0,1.0,0.0,T1_static_validated,representation_case,LLM_review_or_future_special_module,Y1_R004_C08_S03,Y1_basic_boolean,T_Y4_TAB_SPACE,1,1,0
Y4_R004_C08_S04,Y4_obfuscated_boolean,Y4,(((72/**/<=/**/71)/**/oR/**/(43/**/<>/**/43))),(((72 <= 71) oR (43 <> 43))),comparison_numeric,1,1.0,1.0,1.0,0.0,T1_static_validated,representation_case,LLM_review_or_future_special_module,Y2_R004_C08_S04,Y2_boolean_variation,T_Y4_EXTRA_PARENTHESES,1,1,0
Y4_R004_C08_S05,Y4_obfuscated_boolean,Y4,(85	 <=	 84)	 oR	 (56	 <>	 56),(85 <= 84) oR (56 <> 56),comparison_numeric,1,1.0,1.0,1.0,0.0,T1_static_validated,representation_case,LLM_review_or_future_special_module,Y1_R004_C08_S05,Y1_basic_boolean,T_Y4_TAB_SPACE,1,1,0
Y4_R004_C08_S06,Y4_obfuscated_boolean,Y4,(1/**/<=/**/0)/**/oR/**/(69/**/<>/**/69),(1 <= 0) oR (69 <> 69),comparison_numeric,1,1.0,1.0,1.0,0.0,T1_static_validated,representation_case,LLM_review_or_future_special_module,Y1_R004_C08_S06,Y1_basic_boolean,T_Y4_COMMENT_WS,1,1,0
Y4_R004_C09_S01,Y4_obfuscated_boolean,Y4,((44/**/<=/**/61)/**/=/**/trUE),((44 <= 61) = trUE),comparison_numeric,1,1.0,1.0,1.0,0.0,T1_static_validated,representation_case,LLM_review_or_future_special_module,Y1_R004_C09_S01,Y1_basic_boolean,T_Y4_COMMENT_WS,1,1,0
Y4_R004_C09_S02,Y4_obfuscated_boolean,Y4,((57	 <=	 74)	 =	 trUE),((57 <= 74) = trUE),comparison_numeric,1,1.0,1.0,1.0,0.0,T1_static_validated,representation_case,LLM_review_or_future_special_module,Y1_R004_C09_S02,Y1_basic_boolean,T_Y4_TAB_SPACE,1,1,0
Y4_R004_C09_S03,Y4_obfuscated_boolean,Y4,((70/**/<=/**/87)/**/=/**/trUE),((70 <= 87) = trUE),comparison_numeric,1,1.0,1.0,1.0,0.0,T1_static_validated,representation_case,LLM_review_or_future_special_module,Y1_R004_C09_S03,Y1_basic_boolean,T_Y4_COMMENT_WS,1,1,0
Y4_R004_C09_S04,Y4_obfuscated_boolean,Y4,((((83	 <=	 82)	 =	 trUE))),((((83 <= 82) = trUE))),comparison_numeric,1,1.0,1.0,1.0,0.0,T1_static_validated,representation_case,LLM_review_or_future_special_module,Y2_R004_C09_S04,Y2_boolean_variation,T_Y4_EXTRA_PARENTHESES,1,1,0
Y4_R004_C09_S05,Y4_obfuscated_boolean,Y4,((96/**/<=/**/95)/**/=/**/trUE),((96 <= 95) = trUE),comparison_numeric,1,1.0,1.0,1.0,0.0,T1_static_validated,representation_case,LLM_review_or_future_special_module,Y1_R004_C09_S05,Y1_basic_boolean,T_Y4_COMMENT_WS,1,1,0
Y4_R004_C09_S06,Y4_obfuscated_boolean,Y4,((12	 <=	 11)	 =	 trUE),((12 <= 11) = trUE),comparison_numeric,1,1.0,1.0,1.0,0.0,T1_static_validated,representation_case,LLM_review_or_future_special_module,Y1_R004_C09_S06,Y1_basic_boolean,T_Y4_TAB_SPACE,1,1,0
Y4_R004_C10_S01,Y4_obfuscated_boolean,Y4,"coaLesce((55	 <=	 72),	 FaLse)","coaLesce((55 <= 72), FaLse)",comparison_numeric,1,1.0,1.0,1.0,0.0,T1_static_validated,representation_case,LLM_review_or_future_special_module,Y1_R004_C10_S01,Y1_basic_boolean,T_Y4_TAB_SPACE,1,1,0
Y4_R004_C10_S02,Y4_obfuscated_boolean,Y4,"coaLesce((68/**/<=/**/85),/**/FaLse)","coaLesce((68 <= 85), FaLse)",comparison_numeric,1,1.0,1.0,1.0,0.0,T1_static_validated,representation_case,LLM_review_or_future_special_module,Y1_R004_C10_S02,Y1_basic_boolean,T_Y4_COMMENT_WS,1,1,0
Y4_R004_C10_S03,Y4_obfuscated_boolean,Y4,"coaLesce((81	 <=	 1),	 FaLse)","coaLesce((81 <= 1), FaLse)",comparison_numeric,1,1.0,1.0,1.0,0.0,T1_static_validated,representation_case,LLM_review_or_future_special_module,Y1_R004_C10_S03,Y1_basic_boolean,T_Y4_TAB_SPACE,1,1,0
Y4_R004_C10_S04,Y4_obfuscated_boolean,Y4,"((coaLesce((94/**/<=/**/93),/**/FaLse)))","((coaLesce((94 <= 93), FaLse)))",comparison_numeric,1,1.0,1.0,1.0,0.0,T1_static_validated,representation_case,LLM_review_or_future_special_module,Y2_R004_C10_S04,Y2_boolean_variation,T_Y4_EXTRA_PARENTHESES,1,1,0
Y4_R004_C10_S05,Y4_obfuscated_boolean,Y4,"coaLesce((10	 <=	 9),	 FaLse)","coaLesce((10 <= 9), FaLse)",comparison_numeric,1,1.0,1.0,1.0,0.0,T1_static_validated,representation_case,LLM_review_or_future_special_module,Y1_R004_C10_S05,Y1_basic_boolean,T_Y4_TAB_SPACE,1,1,0
Y4_R004_C10_S06,Y4_obfuscated_boolean,Y4,"coaLesce((23/**/<=/**/22),/**/FaLse)","coaLesce((23 <= 22), FaLse)",comparison_numeric,1,1.0,1.0,1.0,0.0,T1_static_validated,representation_case,LLM_review_or_future_special_module,Y1_R004_C10_S06,Y1_basic_boolean,T_Y4_COMMENT_WS,1,1,0
Y4_R005_C01_S01,Y4_obfuscated_boolean,Y4,(60	 +	 94)	 =	 154,(60 + 94) = 154,comparison_numeric,1,1.0,1.0,1.0,0.0,T1_static_validated,representation_case,LLM_review_or_future_special_module,Y1_R005_C01_S01,Y1_basic_boolean,T_Y4_TAB_SPACE,1,1,1
Y4_R005_C01_S02,Y4_obfuscated_boolean,Y4,(73/**/+/**/10)/**/=/**/83,(73 + 10) = 83,comparison_numeric,1,1.0,1.0,1.0,0.0,T1_static_validated,representation_case,LLM_review_or_future_special_module,Y1_R005_C01_S02,Y1_basic_boolean,T_Y4_COMMENT_WS,1,1,1
Y4_R005_C01_S03,Y4_obfuscated_boolean,Y4,(((86	 +	 23)	 =	 109)),(((86 + 23) = 109)),comparison_numeric,1,1.0,1.0,1.0,0.0,T1_static_validated,representation_case,LLM_review_or_future_special_module,Y2_R005_C01_S03,Y2_boolean_variation,T_Y4_EXTRA_PARENTHESES,1,1,1
Y4_R005_C01_S04,Y4_obfuscated_boolean,Y4,(2/**/+/**/36)/**/=/**/39,(2 + 36) = 39,comparison_numeric,1,1.0,1.0,1.0,0.0,T1_static_validated,representation_case,LLM_review_or_future_special_module,Y1_R005_C01_S04,Y1_basic_boolean,T_Y4_COMMENT_WS,1,1,1
Y4_R005_C01_S05,Y4_obfuscated_boolean,Y4,(15	 +	 49)	 =	 65,(15 + 49) = 65,comparison_numeric,1,1.0,1.0,1.0,0.0,T1_static_validated,representation_case,LLM_review_or_future_special_module,Y1_R005_C01_S05,Y1_basic_boolean,T_Y4_TAB_SPACE,1,1,1
Y4_R005_C01_S06,Y4_obfuscated_boolean,Y4,(28/**/+/**/62)/**/=/**/91,(28 + 62) = 91,comparison_numeric,1,1.0,1.0,1.0,0.0,T1_static_validated,representation_case,LLM_review_or_future_special_module,Y1_R005_C01_S06,Y1_basic_boolean,T_Y4_COMMENT_WS,1,1,1
Y4_R005_C02_S01,Y4_obfuscated_boolean,Y4,((71/**/+/**/8)/**/=/**/79),((71 + 8) = 79),comparison_numeric,1,1.0,1.0,1.0,0.0,T1_static_validated,representation_case,LLM_review_or_future_special_module,Y1_R005_C02_S01,Y1_basic_boolean,T_Y4_COMMENT_WS,1,1,1
Y4_R005_C02_S02,Y4_obfuscated_boolean,Y4,((84	 +	 21)	 =	 105),((84 + 21) = 105),comparison_numeric,1,1.0,1.0,1.0,0.0,T1_static_validated,representation_case,LLM_review_or_future_special_module,Y1_R005_C02_S02,Y1_basic_boolean,T_Y4_TAB_SPACE,1,1,1
Y4_R005_C02_S03,Y4_obfuscated_boolean,Y4,((((97/**/+/**/34)/**/=/**/131))),((((97 + 34) = 131))),comparison_numeric,1,1.0,1.0,1.0,0.0,T1_static_validated,representation_case,LLM_review_or_future_special_module,Y2_R005_C02_S03,Y2_boolean_variation,T_Y4_EXTRA_PARENTHESES,1,1,1
Y4_R005_C02_S04,Y4_obfuscated_boolean,Y4,((13	 +	 47)	 =	 61),((13 + 47) = 61),comparison_numeric,1,1.0,1.0,1.0,0.0,T1_static_validated,representation_case,LLM_review_or_future_special_module,Y1_R005_C02_S04,Y1_basic_boolean,T_Y4_TAB_SPACE,1,1,1
Y4_R005_C02_S05,Y4_obfuscated_boolean,Y4,((26/**/+/**/60)/**/=/**/87),((26 + 60) = 87),comparison_numeric,1,1.0,1.0,1.0,0.0,T1_static_validated,representation_case,LLM_review_or_future_special_module,Y1_R005_C02_S05,Y1_basic_boolean,T_Y4_COMMENT_WS,1,1,1
Y4_R005_C02_S06,Y4_obfuscated_boolean,Y4,((39	 +	 73)	 =	 113),((39 + 73) = 113),comparison_numeric,1,1.0,1.0,1.0,0.0,T1_static_validated,representation_case,LLM_review_or_future_special_module,Y1_R005_C02_S06,Y1_basic_boolean,T_Y4_TAB_SPACE,1,1,1
Y4_R005_C03_S01,Y4_obfuscated_boolean,Y4,NoT	 ((82	 +	 19)	 =	 102),NoT ((82 + 19) = 102),comparison_numeric,1,1.0,1.0,1.0,0.0,T1_static_validated,representation_case,LLM_review_or_future_special_module,Y1_R005_C03_S01,Y1_basic_boolean,T_Y4_TAB_SPACE,1,1,0
Y4_R005_C03_S02,Y4_obfuscated_boolean,Y4,NoT/**/((95/**/+/**/32)/**/=/**/128),NoT ((95 + 32) = 128),comparison_numeric,1,1.0,1.0,1.0,0.0,T1_static_validated,representation_case,LLM_review_or_future_special_module,Y1_R005_C03_S02,Y1_basic_boolean,T_Y4_COMMENT_WS,1,1,0
Y4_R005_C03_S03,Y4_obfuscated_boolean,Y4,((NoT	 ((11	 +	 45)	 =	 57))),((NoT ((11 + 45) = 57))),comparison_numeric,1,1.0,1.0,1.0,0.0,T1_static_validated,representation_case,LLM_review_or_future_special_module,Y2_R005_C03_S03,Y2_boolean_variation,T_Y4_EXTRA_PARENTHESES,1,1,0
Y4_R005_C03_S04,Y4_obfuscated_boolean,Y4,NoT/**/((24/**/+/**/58)/**/=/**/82),NoT ((24 + 58) = 82),comparison_numeric,1,1.0,1.0,1.0,0.0,T1_static_validated,representation_case,LLM_review_or_future_special_module,Y1_R005_C03_S04,Y1_basic_boolean,T_Y4_COMMENT_WS,1,1,0
Y4_R005_C03_S05,Y4_obfuscated_boolean,Y4,NoT	 ((37	 +	 71)	 =	 108),NoT ((37 + 71) = 108),comparison_numeric,1,1.0,1.0,1.0,0.0,T1_static_validated,representation_case,LLM_review_or_future_special_module,Y1_R005_C03_S05,Y1_basic_boolean,T_Y4_TAB_SPACE,1,1,0
Y4_R005_C03_S06,Y4_obfuscated_boolean,Y4,NoT/**/((50/**/+/**/84)/**/=/**/134),NoT ((50 + 84) = 134),comparison_numeric,1,1.0,1.0,1.0,0.0,T1_static_validated,representation_case,LLM_review_or_future_special_module,Y1_R005_C03_S06,Y1_basic_boolean,T_Y4_COMMENT_WS,1,1,0
Y4_R005_C04_S01,Y4_obfuscated_boolean,Y4,((93/**/+/**/30)/**/=/**/123)/**/IS/**/trUE,((93 + 30) = 123) IS trUE,comparison_numeric,1,1.0,1.0,1.0,0.0,T1_static_validated,representation_case,LLM_review_or_future_special_module,Y1_R005_C04_S01,Y1_basic_boolean,T_Y4_COMMENT_WS,1,1,0
Y4_R005_C04_S02,Y4_obfuscated_boolean,Y4,((9	 +	 43)	 =	 52)	 IS	 trUE,((9 + 43) = 52) IS trUE,comparison_numeric,1,1.0,1.0,1.0,0.0,T1_static_validated,representation_case,LLM_review_or_future_special_module,Y1_R005_C04_S02,Y1_basic_boolean,T_Y4_TAB_SPACE,1,1,0
Y4_R005_C04_S03,Y4_obfuscated_boolean,Y4,((((22/**/+/**/56)/**/=/**/78)/**/IS/**/trUE)),((((22 + 56) = 78) IS trUE)),comparison_numeric,1,1.0,1.0,1.0,0.0,T1_static_validated,representation_case,LLM_review_or_future_special_module,Y2_R005_C04_S03,Y2_boolean_variation,T_Y4_EXTRA_PARENTHESES,1,1,0
Y4_R005_C04_S04,Y4_obfuscated_boolean,Y4,((35	 +	 69)	 =	 105)	 IS	 trUE,((35 + 69) = 105) IS trUE,comparison_numeric,1,1.0,1.0,1.0,0.0,T1_static_validated,representation_case,LLM_review_or_future_special_module,Y1_R005_C04_S04,Y1_basic_boolean,T_Y4_TAB_SPACE,1,1,0
Y4_R005_C04_S05,Y4_obfuscated_boolean,Y4,((48/**/+/**/82)/**/=/**/131)/**/IS/**/trUE,((48 + 82) = 131) IS trUE,comparison_numeric,1,1.0,1.0,1.0,0.0,T1_static_validated,representation_case,LLM_review_or_future_special_module,Y1_R005_C04_S05,Y1_basic_boolean,T_Y4_COMMENT_WS,1,1,0
Y4_R005_C04_S06,Y4_obfuscated_boolean,Y4,((61	 +	 95)	 =	 157)	 IS	 trUE,((61 + 95) = 157) IS trUE,comparison_numeric,1,1.0,1.0,1.0,0.0,T1_static_validated,representation_case,LLM_review_or_future_special_module,Y1_R005_C04_S06,Y1_basic_boolean,T_Y4_TAB_SPACE,1,1,0
Y4_R005_C05_S01,Y4_obfuscated_boolean,Y4,((7	 +	 41)	 =	 48)	 is	 NoT	 FaLse,((7 + 41) = 48) is NoT FaLse,comparison_numeric,1,1.0,1.0,1.0,0.0,T1_static_validated,representation_case,LLM_review_or_future_special_module,Y1_R005_C05_S01,Y1_basic_boolean,T_Y4_TAB_SPACE,1,1,0
Y4_R005_C05_S02,Y4_obfuscated_boolean,Y4,((20/**/+/**/54)/**/=/**/74)/**/is/**/NoT/**/FaLse,((20 + 54) = 74) is NoT FaLse,comparison_numeric,1,1.0,1.0,1.0,0.0,T1_static_validated,representation_case,LLM_review_or_future_special_module,Y1_R005_C05_S02,Y1_basic_boolean,T_Y4_COMMENT_WS,1,1,0
Y4_R005_C05_S03,Y4_obfuscated_boolean,Y4,((((33	 +	 67)	 =	 100)	 is	 NoT	 FaLse)),((((33 + 67) = 100) is NoT FaLse)),comparison_numeric,1,1.0,1.0,1.0,0.0,T1_static_validated,representation_case,LLM_review_or_future_special_module,Y2_R005_C05_S03,Y2_boolean_variation,T_Y4_EXTRA_PARENTHESES,1,1,0
Y4_R005_C05_S04,Y4_obfuscated_boolean,Y4,((46/**/+/**/80)/**/=/**/127)/**/is/**/NoT/**/FaLse,((46 + 80) = 127) is NoT FaLse,comparison_numeric,1,1.0,1.0,1.0,0.0,T1_static_validated,representation_case,LLM_review_or_future_special_module,Y1_R005_C05_S04,Y1_basic_boolean,T_Y4_COMMENT_WS,1,1,0
Y4_R005_C05_S05,Y4_obfuscated_boolean,Y4,((59	 +	 93)	 =	 153)	 is	 NoT	 FaLse,((59 + 93) = 153) is NoT FaLse,comparison_numeric,1,1.0,1.0,1.0,0.0,T1_static_validated,representation_case,LLM_review_or_future_special_module,Y1_R005_C05_S05,Y1_basic_boolean,T_Y4_TAB_SPACE,1,1,0
Y4_R005_C05_S06,Y4_obfuscated_boolean,Y4,((72/**/+/**/9)/**/=/**/82)/**/is/**/NoT/**/FaLse,((72 + 9) = 82) is NoT FaLse,comparison_numeric,1,1.0,1.0,1.0,0.0,T1_static_validated,representation_case,LLM_review_or_future_special_module,Y1_R005_C05_S06,Y1_basic_boolean,T_Y4_COMMENT_WS,1,1,0
Y4_R005_C06_S01,Y4_obfuscated_boolean,Y4,CASE/**/WhEn/**/((18/**/+/**/52)/**/=/**/70)/**/thEn/**/trUE/**/ElSE/**/fAlSE/**/End,CASE WhEn ((18 + 52) = 70) thEn trUE ElSE fAlSE End,comparison_numeric,1,1.0,1.0,1.0,0.0,T1_static_validated,representation_case,LLM_review_or_future_special_module,Y1_R005_C06_S01,Y1_basic_boolean,T_Y4_COMMENT_WS,1,1,0
Y4_R005_C06_S02,Y4_obfuscated_boolean,Y4,CASE	 WhEn	 ((31	 +	 65)	 =	 96)	 thEn	 trUE	 ElSE	 fAlSE	 End,CASE WhEn ((31 + 65) = 96) thEn trUE ElSE fAlSE End,comparison_numeric,1,1.0,1.0,1.0,0.0,T1_static_validated,representation_case,LLM_review_or_future_special_module,Y1_R005_C06_S02,Y1_basic_boolean,T_Y4_TAB_SPACE,1,1,0
Y4_R005_C06_S03,Y4_obfuscated_boolean,Y4,((CASE/**/WhEn/**/((44/**/+/**/78)/**/=/**/122)/**/thEn/**/trUE/**/ElSE/**/fAlSE/**/End)),((CASE WhEn ((44 + 78) = 122) thEn trUE ElSE fAlSE End)),comparison_numeric,1,1.0,1.0,1.0,0.0,T1_static_validated,representation_case,LLM_review_or_future_special_module,Y2_R005_C06_S03,Y2_boolean_variation,T_Y4_EXTRA_PARENTHESES,1,1,0
Y4_R005_C06_S04,Y4_obfuscated_boolean,Y4,CASE	 WhEn	 ((57	 +	 91)	 =	 149)	 thEn	 trUE	 ElSE	 fAlSE	 End,CASE WhEn ((57 + 91) = 149) thEn trUE ElSE fAlSE End,comparison_numeric,1,1.0,1.0,1.0,0.0,T1_static_validated,representation_case,LLM_review_or_future_special_module,Y1_R005_C06_S04,Y1_basic_boolean,T_Y4_TAB_SPACE,1,1,0
Y4_R005_C06_S05,Y4_obfuscated_boolean,Y4,CASE/**/WhEn/**/((70/**/+/**/7)/**/=/**/78)/**/thEn/**/trUE/**/ElSE/**/fAlSE/**/End,CASE WhEn ((70 + 7) = 78) thEn trUE ElSE fAlSE End,comparison_numeric,1,1.0,1.0,1.0,0.0,T1_static_validated,representation_case,LLM_review_or_future_special_module,Y1_R005_C06_S05,Y1_basic_boolean,T_Y4_COMMENT_WS,1,1,0
Y4_R005_C06_S06,Y4_obfuscated_boolean,Y4,CASE	 WhEn	 ((83	 +	 20)	 =	 104)	 thEn	 trUE	 ElSE	 fAlSE	 End,CASE WhEn ((83 + 20) = 104) thEn trUE ElSE fAlSE End,comparison_numeric,1,1.0,1.0,1.0,0.0,T1_static_validated,representation_case,LLM_review_or_future_special_module,Y1_R005_C06_S06,Y1_basic_boolean,T_Y4_TAB_SPACE,1,1,0
Y4_R005_C07_S01,Y4_obfuscated_boolean,Y4,((29	 +	 63)	 =	 92)	 aND	 (80	 =	 80),((29 + 63) = 92) aND (80 = 80),comparison_numeric,1,1.0,1.0,1.0,0.0,T1_static_validated,representation_case,LLM_review_or_future_special_module,Y1_R005_C07_S01,Y1_basic_boolean,T_Y4_TAB_SPACE,1,1,0
Y4_R005_C07_S02,Y4_obfuscated_boolean,Y4,((42/**/+/**/76)/**/=/**/118)/**/aND/**/(93/**/=/**/93),((42 + 76) = 118) aND (93 = 93),comparison_numeric,1,1.0,1.0,1.0,0.0,T1_static_validated,representation_case,LLM_review_or_future_special_module,Y1_R005_C07_S02,Y1_basic_boolean,T_Y4_COMMENT_WS,1,1,0
Y4_R005_C07_S03,Y4_obfuscated_boolean,Y4,((((55	 +	 89)	 =	 144)	 aND	 (9	 =	 9))),((((55 + 89) = 144) aND (9 = 9))),comparison_numeric,1,1.0,1.0,1.0,0.0,T1_static_validated,representation_case,LLM_review_or_future_special_module,Y2_R005_C07_S03,Y2_boolean_variation,T_Y4_EXTRA_PARENTHESES,1,1,0
Y4_R005_C07_S04,Y4_obfuscated_boolean,Y4,((68/**/+/**/5)/**/=/**/74)/**/aND/**/(22/**/=/**/22),((68 + 5) = 74) aND (22 = 22),comparison_numeric,1,1.0,1.0,1.0,0.0,T1_static_validated,representation_case,LLM_review_or_future_special_module,Y1_R005_C07_S04,Y1_basic_boolean,T_Y4_COMMENT_WS,1,1,0
Y4_R005_C07_S05,Y4_obfuscated_boolean,Y4,((81	 +	 18)	 =	 100)	 aND	 (35	 =	 35),((81 + 18) = 100) aND (35 = 35),comparison_numeric,1,1.0,1.0,1.0,0.0,T1_static_validated,representation_case,LLM_review_or_future_special_module,Y1_R005_C07_S05,Y1_basic_boolean,T_Y4_TAB_SPACE,1,1,0
Y4_R005_C07_S06,Y4_obfuscated_boolean,Y4,((94/**/+/**/31)/**/=/**/126)/**/aND/**/(48/**/=/**/48),((94 + 31) = 126) aND (48 = 48),comparison_numeric,1,1.0,1.0,1.0,0.0,T1_static_validated,representation_case,LLM_review_or_future_special_module,Y1_R005_C07_S06,Y1_basic_boolean,T_Y4_COMMENT_WS,1,1,0
Y4_R005_C08_S01,Y4_obfuscated_boolean,Y4,((40/**/+/**/74)/**/=/**/114)/**/Or/**/(11/**/<>/**/11),((40 + 74) = 114) Or (11 <> 11),comparison_numeric,1,1.0,1.0,1.0,0.0,T1_static_validated,representation_case,LLM_review_or_future_special_module,Y1_R005_C08_S01,Y1_basic_boolean,T_Y4_COMMENT_WS,1,1,0
Y4_R005_C08_S02,Y4_obfuscated_boolean,Y4,((53	 +	 87)	 =	 140)	 Or	 (24	 <>	 24),((53 + 87) = 140) Or (24 <> 24),comparison_numeric,1,1.0,1.0,1.0,0.0,T1_static_validated,representation_case,LLM_review_or_future_special_module,Y1_R005_C08_S02,Y1_basic_boolean,T_Y4_TAB_SPACE,1,1,0
Y4_R005_C08_S03,Y4_obfuscated_boolean,Y4,((((66/**/+/**/3)/**/=/**/69)/**/Or/**/(37/**/<>/**/37))),((((66 + 3) = 69) Or (37 <> 37))),comparison_numeric,1,1.0,1.0,1.0,0.0,T1_static_validated,representation_case,LLM_review_or_future_special_module,Y2_R005_C08_S03,Y2_boolean_variation,T_Y4_EXTRA_PARENTHESES,1,1,0
Y4_R005_C08_S04,Y4_obfuscated_boolean,Y4,((79	 +	 16)	 =	 96)	 Or	 (50	 <>	 50),((79 + 16) = 96) Or (50 <> 50),comparison_numeric,1,1.0,1.0,1.0,0.0,T1_static_validated,representation_case,LLM_review_or_future_special_module,Y1_R005_C08_S04,Y1_basic_boolean,T_Y4_TAB_SPACE,1,1,0
Y4_R005_C08_S05,Y4_obfuscated_boolean,Y4,((92/**/+/**/29)/**/=/**/122)/**/Or/**/(63/**/<>/**/63),((92 + 29) = 122) Or (63 <> 63),comparison_numeric,1,1.0,1.0,1.0,0.0,T1_static_validated,representation_case,LLM_review_or_future_special_module,Y1_R005_C08_S05,Y1_basic_boolean,T_Y4_COMMENT_WS,1,1,0
Y4_R005_C08_S06,Y4_obfuscated_boolean,Y4,((8	 +	 42)	 =	 51)	 Or	 (76	 <>	 76),((8 + 42) = 51) Or (76 <> 76),comparison_numeric,1,1.0,1.0,1.0,0.0,T1_static_validated,representation_case,LLM_review_or_future_special_module,Y1_R005_C08_S06,Y1_basic_boolean,T_Y4_TAB_SPACE,1,1,0
Y4_R005_C09_S01,Y4_obfuscated_boolean,Y4,(((51	 +	 85)	 =	 136)	 =	 TRue),(((51 + 85) = 136) = TRue),comparison_numeric,1,1.0,1.0,1.0,0.0,T1_static_validated,representation_case,LLM_review_or_future_special_module,Y1_R005_C09_S01,Y1_basic_boolean,T_Y4_TAB_SPACE,1,1,0
Y4_R005_C09_S02,Y4_obfuscated_boolean,Y4,(((64/**/+/**/1)/**/=/**/65)/**/=/**/TRue),(((64 + 1) = 65) = TRue),comparison_numeric,1,1.0,1.0,1.0,0.0,T1_static_validated,representation_case,LLM_review_or_future_special_module,Y1_R005_C09_S02,Y1_basic_boolean,T_Y4_COMMENT_WS,1,1,0
Y4_R005_C09_S03,Y4_obfuscated_boolean,Y4,(((((77	 +	 14)	 =	 91)	 =	 TRue))),(((((77 + 14) = 91) = TRue))),comparison_numeric,1,1.0,1.0,1.0,0.0,T1_static_validated,representation_case,LLM_review_or_future_special_module,Y2_R005_C09_S03,Y2_boolean_variation,T_Y4_EXTRA_PARENTHESES,1,1,0
Y4_R005_C09_S04,Y4_obfuscated_boolean,Y4,(((90/**/+/**/27)/**/=/**/118)/**/=/**/TRue),(((90 + 27) = 118) = TRue),comparison_numeric,1,1.0,1.0,1.0,0.0,T1_static_validated,representation_case,LLM_review_or_future_special_module,Y1_R005_C09_S04,Y1_basic_boolean,T_Y4_COMMENT_WS,1,1,0
Y4_R005_C09_S05,Y4_obfuscated_boolean,Y4,(((6	 +	 40)	 =	 47)	 =	 TRue),(((6 + 40) = 47) = TRue),comparison_numeric,1,1.0,1.0,1.0,0.0,T1_static_validated,representation_case,LLM_review_or_future_special_module,Y1_R005_C09_S05,Y1_basic_boolean,T_Y4_TAB_SPACE,1,1,0
Y4_R005_C09_S06,Y4_obfuscated_boolean,Y4,(((19/**/+/**/53)/**/=/**/73)/**/=/**/TRue),(((19 + 53) = 73) = TRue),comparison_numeric,1,1.0,1.0,1.0,0.0,T1_static_validated,representation_case,LLM_review_or_future_special_module,Y1_R005_C09_S06,Y1_basic_boolean,T_Y4_COMMENT_WS,1,1,0
Y4_R005_C10_S01,Y4_obfuscated_boolean,Y4,"COAlESCE(((62/**/+/**/96)/**/=/**/158),/**/fAlSE)","COAlESCE(((62 + 96) = 158), fAlSE)",comparison_numeric,1,1.0,1.0,1.0,0.0,T1_static_validated,representation_case,LLM_review_or_future_special_module,Y1_R005_C10_S01,Y1_basic_boolean,T_Y4_COMMENT_WS,1,1,0
Y4_R005_C10_S02,Y4_obfuscated_boolean,Y4,"COAlESCE(((75	 +	 12)	 =	 87),	 fAlSE)","COAlESCE(((75 + 12) = 87), fAlSE)",comparison_numeric,1,1.0,1.0,1.0,0.0,T1_static_validated,representation_case,LLM_review_or_future_special_module,Y1_R005_C10_S02,Y1_basic_boolean,T_Y4_TAB_SPACE,1,1,0
Y4_R005_C10_S03,Y4_obfuscated_boolean,Y4,"((COAlESCE(((88/**/+/**/25)/**/=/**/113),/**/fAlSE)))","((COAlESCE(((88 + 25) = 113), fAlSE)))",comparison_numeric,1,1.0,1.0,1.0,0.0,T1_static_validated,representation_case,LLM_review_or_future_special_module,Y2_R005_C10_S03,Y2_boolean_variation,T_Y4_EXTRA_PARENTHESES,1,1,0
Y4_R005_C10_S04,Y4_obfuscated_boolean,Y4,"COAlESCE(((4	 +	 38)	 =	 43),	 fAlSE)","COAlESCE(((4 + 38) = 43), fAlSE)",comparison_numeric,1,1.0,1.0,1.0,0.0,T1_static_validated,representation_case,LLM_review_or_future_special_module,Y1_R005_C10_S04,Y1_basic_boolean,T_Y4_TAB_SPACE,1,1,0
Y4_R005_C10_S05,Y4_obfuscated_boolean,Y4,"COAlESCE(((17/**/+/**/51)/**/=/**/69),/**/fAlSE)","COAlESCE(((17 + 51) = 69), fAlSE)",comparison_numeric,1,1.0,1.0,1.0,0.0,T1_static_validated,representation_case,LLM_review_or_future_special_module,Y1_R005_C10_S05,Y1_basic_boolean,T_Y4_COMMENT_WS,1,1,0
Y4_R005_C10_S06,Y4_obfuscated_boolean,Y4,"COAlESCE(((30	 +	 64)	 =	 95),	 fAlSE)","COAlESCE(((30 + 64) = 95), fAlSE)",comparison_numeric,1,1.0,1.0,1.0,0.0,T1_static_validated,representation_case,LLM_review_or_future_special_module,Y1_R005_C10_S06,Y1_basic_boolean,T_Y4_TAB_SPACE,1,1,0
Y4_R006_C01_S01,Y4_obfuscated_boolean,Y4,'member7'/**/=/**/'member7','member7' = 'member7',comparison_text,1,1.0,1.0,1.0,0.0,T1_static_validated,representation_case,LLM_review_or_future_special_module,Y1_R006_C01_S01,Y1_basic_boolean,T_Y4_COMMENT_WS,1,1,1
Y4_R006_C01_S02,Y4_obfuscated_boolean,Y4,(('stone8'	 =	 'stone8')),(('stone8' = 'stone8')),comparison_text,1,1.0,1.0,1.0,0.0,T1_static_validated,representation_case,LLM_review_or_future_special_module,Y2_R006_C01_S02,Y2_boolean_variation,T_Y4_EXTRA_PARENTHESES,1,1,1
Y4_R006_C01_S03,Y4_obfuscated_boolean,Y4,'north0'/**/=/**/'north0','north0' = 'north0',comparison_text,1,1.0,1.0,1.0,0.0,T1_static_validated,representation_case,LLM_review_or_future_special_module,Y1_R006_C01_S03,Y1_basic_boolean,T_Y4_COMMENT_WS,1,1,1
Y4_R006_C01_S04,Y4_obfuscated_boolean,Y4,'south1'	 =	 'east2','south1' = 'east2',comparison_text,1,1.0,1.0,1.0,0.0,T1_static_validated,representation_case,LLM_review_or_future_special_module,Y1_R006_C01_S04,Y1_basic_boolean,T_Y4_TAB_SPACE,1,1,1
Y4_R006_C01_S05,Y4_obfuscated_boolean,Y4,'east2'/**/=/**/'west3','east2' = 'west3',comparison_text,1,1.0,1.0,1.0,0.0,T1_static_validated,representation_case,LLM_review_or_future_special_module,Y1_R006_C01_S05,Y1_basic_boolean,T_Y4_COMMENT_WS,1,1,1
Y4_R006_C01_S06,Y4_obfuscated_boolean,Y4,(('west3'	 =	 'prime4')),(('west3' = 'prime4')),comparison_text,1,1.0,1.0,1.0,0.0,T1_static_validated,representation_case,LLM_review_or_future_special_module,Y2_R006_C01_S06,Y2_boolean_variation,T_Y4_EXTRA_PARENTHESES,1,1,1
Y4_R006_C02_S01,Y4_obfuscated_boolean,Y4,('stone7'	 =	 'stone7'),('stone7' = 'stone7'),comparison_text,1,1.0,1.0,1.0,0.0,T1_static_validated,representation_case,LLM_review_or_future_special_module,Y1_R006_C02_S01,Y1_basic_boolean,T_Y4_TAB_SPACE,1,1,1
Y4_R006_C02_S02,Y4_obfuscated_boolean,Y4,((('north8'/**/=/**/'north8'))),((('north8' = 'north8'))),comparison_text,1,1.0,1.0,1.0,0.0,T1_static_validated,representation_case,LLM_review_or_future_special_module,Y2_R006_C02_S02,Y2_boolean_variation,T_Y4_EXTRA_PARENTHESES,1,1,1
Y4_R006_C02_S03,Y4_obfuscated_boolean,Y4,('south0'	 =	 'south0'),('south0' = 'south0'),comparison_text,1,1.0,1.0,1.0,0.0,T1_static_validated,representation_case,LLM_review_or_future_special_module,Y1_R006_C02_S03,Y1_basic_boolean,T_Y4_TAB_SPACE,1,1,1
Y4_R006_C02_S04,Y4_obfuscated_boolean,Y4,('east1'/**/=/**/'west2'),('east1' = 'west2'),comparison_text,1,1.0,1.0,1.0,0.0,T1_static_validated,representation_case,LLM_review_or_future_special_module,Y1_R006_C02_S04,Y1_basic_boolean,T_Y4_COMMENT_WS,1,1,1
Y4_R006_C02_S05,Y4_obfuscated_boolean,Y4,('west2'	 =	 'prime3'),('west2' = 'prime3'),comparison_text,1,1.0,1.0,1.0,0.0,T1_static_validated,representation_case,LLM_review_or_future_special_module,Y1_R006_C02_S05,Y1_basic_boolean,T_Y4_TAB_SPACE,1,1,1
Y4_R006_C02_S06,Y4_obfuscated_boolean,Y4,((('prime3'/**/=/**/'core4'))),((('prime3' = 'core4'))),comparison_text,1,1.0,1.0,1.0,0.0,T1_static_validated,representation_case,LLM_review_or_future_special_module,Y2_R006_C02_S06,Y2_boolean_variation,T_Y4_EXTRA_PARENTHESES,1,1,1
Y4_R006_C03_S01,Y4_obfuscated_boolean,Y4,nOt/**/('north7'/**/=/**/'south8'),nOt ('north7' = 'south8'),comparison_text,1,1.0,1.0,1.0,0.0,T1_static_validated,representation_case,LLM_review_or_future_special_module,Y1_R006_C03_S01,Y1_basic_boolean,T_Y4_COMMENT_WS,1,1,0
Y4_R006_C03_S02,Y4_obfuscated_boolean,Y4,((nOt	 ('south8'	 =	 'east0'))),((nOt ('south8' = 'east0'))),comparison_text,1,1.0,1.0,1.0,0.0,T1_static_validated,representation_case,LLM_review_or_future_special_module,Y2_R006_C03_S02,Y2_boolean_variation,T_Y4_EXTRA_PARENTHESES,1,1,0
Y4_R006_C03_S03,Y4_obfuscated_boolean,Y4,nOt/**/('east0'/**/=/**/'west1'),nOt ('east0' = 'west1'),comparison_text,1,1.0,1.0,1.0,0.0,T1_static_validated,representation_case,LLM_review_or_future_special_module,Y1_R006_C03_S03,Y1_basic_boolean,T_Y4_COMMENT_WS,1,1,0
Y4_R006_C03_S04,Y4_obfuscated_boolean,Y4,nOt	 ('west1'	 =	 'west1'),nOt ('west1' = 'west1'),comparison_text,1,1.0,1.0,1.0,0.0,T1_static_validated,representation_case,LLM_review_or_future_special_module,Y1_R006_C03_S04,Y1_basic_boolean,T_Y4_TAB_SPACE,1,1,0
Y4_R006_C03_S05,Y4_obfuscated_boolean,Y4,nOt/**/('prime2'/**/=/**/'prime2'),nOt ('prime2' = 'prime2'),comparison_text,1,1.0,1.0,1.0,0.0,T1_static_validated,representation_case,LLM_review_or_future_special_module,Y1_R006_C03_S05,Y1_basic_boolean,T_Y4_COMMENT_WS,1,1,0
Y4_R006_C03_S06,Y4_obfuscated_boolean,Y4,((nOt	 ('core3'	 =	 'core3'))),((nOt ('core3' = 'core3'))),comparison_text,1,1.0,1.0,1.0,0.0,T1_static_validated,representation_case,LLM_review_or_future_special_module,Y2_R006_C03_S06,Y2_boolean_variation,T_Y4_EXTRA_PARENTHESES,1,1,0
Y4_R006_C04_S01,Y4_obfuscated_boolean,Y4,('south7'	 =	 'south7')	 is	 TRue,('south7' = 'south7') is TRue,comparison_text,1,1.0,1.0,1.0,0.0,T1_static_validated,representation_case,LLM_review_or_future_special_module,Y1_R006_C04_S01,Y1_basic_boolean,T_Y4_TAB_SPACE,1,1,0
Y4_R006_C04_S02,Y4_obfuscated_boolean,Y4,((('east8'/**/=/**/'east8')/**/is/**/TRue)),((('east8' = 'east8') is TRue)),comparison_text,1,1.0,1.0,1.0,0.0,T1_static_validated,representation_case,LLM_review_or_future_special_module,Y2_R006_C04_S02,Y2_boolean_variation,T_Y4_EXTRA_PARENTHESES,1,1,0
Y4_R006_C04_S03,Y4_obfuscated_boolean,Y4,('west0'	 =	 'west0')	 is	 TRue,('west0' = 'west0') is TRue,comparison_text,1,1.0,1.0,1.0,0.0,T1_static_validated,representation_case,LLM_review_or_future_special_module,Y1_R006_C04_S03,Y1_basic_boolean,T_Y4_TAB_SPACE,1,1,0
Y4_R006_C04_S04,Y4_obfuscated_boolean,Y4,('prime1'/**/=/**/'core2')/**/is/**/TRue,('prime1' = 'core2') is TRue,comparison_text,1,1.0,1.0,1.0,0.0,T1_static_validated,representation_case,LLM_review_or_future_special_module,Y1_R006_C04_S04,Y1_basic_boolean,T_Y4_COMMENT_WS,1,1,0
Y4_R006_C04_S05,Y4_obfuscated_boolean,Y4,('core2'	 =	 'safe3')	 is	 TRue,('core2' = 'safe3') is TRue,comparison_text,1,1.0,1.0,1.0,0.0,T1_static_validated,representation_case,LLM_review_or_future_special_module,Y1_R006_C04_S05,Y1_basic_boolean,T_Y4_TAB_SPACE,1,1,0
Y4_R006_C04_S06,Y4_obfuscated_boolean,Y4,((('safe3'/**/=/**/'audit4')/**/is/**/TRue)),((('safe3' = 'audit4') is TRue)),comparison_text,1,1.0,1.0,1.0,0.0,T1_static_validated,representation_case,LLM_review_or_future_special_module,Y2_R006_C04_S06,Y2_boolean_variation,T_Y4_EXTRA_PARENTHESES,1,1,0
Y4_R006_C05_S01,Y4_obfuscated_boolean,Y4,('east7'/**/=/**/'east7')/**/IS/**/nOt/**/fAlSE,('east7' = 'east7') IS nOt fAlSE,comparison_text,1,1.0,1.0,1.0,0.0,T1_static_validated,representation_case,LLM_review_or_future_special_module,Y1_R006_C05_S01,Y1_basic_boolean,T_Y4_COMMENT_WS,1,1,0
Y4_R006_C05_S02,Y4_obfuscated_boolean,Y4,((('west8'	 =	 'west8')	 IS	 nOt	 fAlSE)),((('west8' = 'west8') IS nOt fAlSE)),comparison_text,1,1.0,1.0,1.0,0.0,T1_static_validated,representation_case,LLM_review_or_future_special_module,Y2_R006_C05_S02,Y2_boolean_variation,T_Y4_EXTRA_PARENTHESES,1,1,0
Y4_R006_C05_S03,Y4_obfuscated_boolean,Y4,('prime0'/**/=/**/'prime0')/**/IS/**/nOt/**/fAlSE,('prime0' = 'prime0') IS nOt fAlSE,comparison_text,1,1.0,1.0,1.0,0.0,T1_static_validated,representation_case,LLM_review_or_future_special_module,Y1_R006_C05_S03,Y1_basic_boolean,T_Y4_COMMENT_WS,1,1,0
Y4_R006_C05_S04,Y4_obfuscated_boolean,Y4,('core1'	 =	 'safe2')	 IS	 nOt	 fAlSE,('core1' = 'safe2') IS nOt fAlSE,comparison_text,1,1.0,1.0,1.0,0.0,T1_static_validated,representation_case,LLM_review_or_future_special_module,Y1_R006_C05_S04,Y1_basic_boolean,T_Y4_TAB_SPACE,1,1,0
Y4_R006_C05_S05,Y4_obfuscated_boolean,Y4,('safe2'/**/=/**/'audit3')/**/IS/**/nOt/**/fAlSE,('safe2' = 'audit3') IS nOt fAlSE,comparison_text,1,1.0,1.0,1.0,0.0,T1_static_validated,representation_case,LLM_review_or_future_special_module,Y1_R006_C05_S05,Y1_basic_boolean,T_Y4_COMMENT_WS,1,1,0
Y4_R006_C05_S06,Y4_obfuscated_boolean,Y4,((('audit3'	 =	 'trace4')	 IS	 nOt	 fAlSE)),((('audit3' = 'trace4') IS nOt fAlSE)),comparison_text,1,1.0,1.0,1.0,0.0,T1_static_validated,representation_case,LLM_review_or_future_special_module,Y2_R006_C05_S06,Y2_boolean_variation,T_Y4_EXTRA_PARENTHESES,1,1,0
Y4_R006_C06_S01,Y4_obfuscated_boolean,Y4,case	 wHeN	 ('west7'	 =	 'west7')	 THeN	 TRue	 eLse	 FaLse	 eND,case wHeN ('west7' = 'west7') THeN TRue eLse FaLse eND,comparison_text,1,1.0,1.0,1.0,0.0,T1_static_validated,representation_case,LLM_review_or_future_special_module,Y1_R006_C06_S01,Y1_basic_boolean,T_Y4_TAB_SPACE,1,1,0
Y4_R006_C06_S02,Y4_obfuscated_boolean,Y4,((case/**/wHeN/**/('prime8'/**/=/**/'prime8')/**/THeN/**/TRue/**/eLse/**/FaLse/**/eND)),((case wHeN ('prime8' = 'prime8') THeN TRue eLse FaLse eND)),comparison_text,1,1.0,1.0,1.0,0.0,T1_static_validated,representation_case,LLM_review_or_future_special_module,Y2_R006_C06_S02,Y2_boolean_variation,T_Y4_EXTRA_PARENTHESES,1,1,0
Y4_R006_C06_S03,Y4_obfuscated_boolean,Y4,case	 wHeN	 ('core0'	 =	 'core0')	 THeN	 TRue	 eLse	 FaLse	 eND,case wHeN ('core0' = 'core0') THeN TRue eLse FaLse eND,comparison_text,1,1.0,1.0,1.0,0.0,T1_static_validated,representation_case,LLM_review_or_future_special_module,Y1_R006_C06_S03,Y1_basic_boolean,T_Y4_TAB_SPACE,1,1,0
Y4_R006_C06_S04,Y4_obfuscated_boolean,Y4,case/**/wHeN/**/('safe1'/**/=/**/'audit2')/**/THeN/**/TRue/**/eLse/**/FaLse/**/eND,case wHeN ('safe1' = 'audit2') THeN TRue eLse FaLse eND,comparison_text,1,1.0,1.0,1.0,0.0,T1_static_validated,representation_case,LLM_review_or_future_special_module,Y1_R006_C06_S04,Y1_basic_boolean,T_Y4_COMMENT_WS,1,1,0
Y4_R006_C06_S05,Y4_obfuscated_boolean,Y4,case	 wHeN	 ('audit2'	 =	 'trace3')	 THeN	 TRue	 eLse	 FaLse	 eND,case wHeN ('audit2' = 'trace3') THeN TRue eLse FaLse eND,comparison_text,1,1.0,1.0,1.0,0.0,T1_static_validated,representation_case,LLM_review_or_future_special_module,Y1_R006_C06_S05,Y1_basic_boolean,T_Y4_TAB_SPACE,1,1,0
Y4_R006_C06_S06,Y4_obfuscated_boolean,Y4,((case/**/wHeN/**/('trace3'/**/=/**/'signal4')/**/THeN/**/TRue/**/eLse/**/FaLse/**/eND)),((case wHeN ('trace3' = 'signal4') THeN TRue eLse FaLse eND)),comparison_text,1,1.0,1.0,1.0,0.0,T1_static_validated,representation_case,LLM_review_or_future_special_module,Y2_R006_C06_S06,Y2_boolean_variation,T_Y4_EXTRA_PARENTHESES,1,1,0
Y4_R006_C07_S01,Y4_obfuscated_boolean,Y4,('prime7'/**/=/**/'prime7')/**/And/**/(87/**/=/**/87),('prime7' = 'prime7') And (87 = 87),comparison_text,1,1.0,1.0,1.0,0.0,T1_static_validated,representation_case,LLM_review_or_future_special_module,Y1_R006_C07_S01,Y1_basic_boolean,T_Y4_COMMENT_WS,1,1,0
Y4_R006_C07_S02,Y4_obfuscated_boolean,Y4,((('core8'	 =	 'core8')	 And	 (3	 =	 3))),((('core8' = 'core8') And (3 = 3))),comparison_text,1,1.0,1.0,1.0,0.0,T1_static_validated,representation_case,LLM_review_or_future_special_module,Y2_R006_C07_S02,Y2_boolean_variation,T_Y4_EXTRA_PARENTHESES,1,1,0
Y4_R006_C07_S03,Y4_obfuscated_boolean,Y4,('safe0'/**/=/**/'safe0')/**/And/**/(16/**/=/**/16),('safe0' = 'safe0') And (16 = 16),comparison_text,1,1.0,1.0,1.0,0.0,T1_static_validated,representation_case,LLM_review_or_future_special_module,Y1_R006_C07_S03,Y1_basic_boolean,T_Y4_COMMENT_WS,1,1,0
Y4_R006_C07_S04,Y4_obfuscated_boolean,Y4,('audit1'	 =	 'trace2')	 And	 (29	 =	 29),('audit1' = 'trace2') And (29 = 29),comparison_text,1,1.0,1.0,1.0,0.0,T1_static_validated,representation_case,LLM_review_or_future_special_module,Y1_R006_C07_S04,Y1_basic_boolean,T_Y4_TAB_SPACE,1,1,0
Y4_R006_C07_S05,Y4_obfuscated_boolean,Y4,('trace2'/**/=/**/'signal3')/**/And/**/(42/**/=/**/42),('trace2' = 'signal3') And (42 = 42),comparison_text,1,1.0,1.0,1.0,0.0,T1_static_validated,representation_case,LLM_review_or_future_special_module,Y1_R006_C07_S05,Y1_basic_boolean,T_Y4_COMMENT_WS,1,1,0
Y4_R006_C07_S06,Y4_obfuscated_boolean,Y4,((('signal3'	 =	 'alpha4')	 And	 (55	 =	 55))),((('signal3' = 'alpha4') And (55 = 55))),comparison_text,1,1.0,1.0,1.0,0.0,T1_static_validated,representation_case,LLM_review_or_future_special_module,Y2_R006_C07_S06,Y2_boolean_variation,T_Y4_EXTRA_PARENTHESES,1,1,0
Y4_R006_C08_S01,Y4_obfuscated_boolean,Y4,('core7'	 =	 'core7')	 oR	 (18	 <>	 18),('core7' = 'core7') oR (18 <> 18),comparison_text,1,1.0,1.0,1.0,0.0,T1_static_validated,representation_case,LLM_review_or_future_special_module,Y1_R006_C08_S01,Y1_basic_boolean,T_Y4_TAB_SPACE,1,1,0
Y4_R006_C08_S02,Y4_obfuscated_boolean,Y4,((('safe8'/**/=/**/'safe8')/**/oR/**/(31/**/<>/**/31))),((('safe8' = 'safe8') oR (31 <> 31))),comparison_text,1,1.0,1.0,1.0,0.0,T1_static_validated,representation_case,LLM_review_or_future_special_module,Y2_R006_C08_S02,Y2_boolean_variation,T_Y4_EXTRA_PARENTHESES,1,1,0
Y4_R006_C08_S03,Y4_obfuscated_boolean,Y4,('audit0'	 =	 'audit0')	 oR	 (44	 <>	 44),('audit0' = 'audit0') oR (44 <> 44),comparison_text,1,1.0,1.0,1.0,0.0,T1_static_validated,representation_case,LLM_review_or_future_special_module,Y1_R006_C08_S03,Y1_basic_boolean,T_Y4_TAB_SPACE,1,1,0
Y4_R006_C08_S04,Y4_obfuscated_boolean,Y4,('trace1'/**/=/**/'signal2')/**/oR/**/(57/**/<>/**/57),('trace1' = 'signal2') oR (57 <> 57),comparison_text,1,1.0,1.0,1.0,0.0,T1_static_validated,representation_case,LLM_review_or_future_special_module,Y1_R006_C08_S04,Y1_basic_boolean,T_Y4_COMMENT_WS,1,1,0
Y4_R006_C08_S05,Y4_obfuscated_boolean,Y4,('signal2'	 =	 'alpha3')	 oR	 (70	 <>	 70),('signal2' = 'alpha3') oR (70 <> 70),comparison_text,1,1.0,1.0,1.0,0.0,T1_static_validated,representation_case,LLM_review_or_future_special_module,Y1_R006_C08_S05,Y1_basic_boolean,T_Y4_TAB_SPACE,1,1,0
Y4_R006_C08_S06,Y4_obfuscated_boolean,Y4,((('alpha3'/**/=/**/'beta4')/**/oR/**/(83/**/<>/**/83))),((('alpha3' = 'beta4') oR (83 <> 83))),comparison_text,1,1.0,1.0,1.0,0.0,T1_static_validated,representation_case,LLM_review_or_future_special_module,Y2_R006_C08_S06,Y2_boolean_variation,T_Y4_EXTRA_PARENTHESES,1,1,0
Y4_R006_C09_S01,Y4_obfuscated_boolean,Y4,(('safe7'/**/=/**/'safe7')/**/=/**/trUE),(('safe7' = 'safe7') = trUE),comparison_text,1,1.0,1.0,1.0,0.0,T1_static_validated,representation_case,LLM_review_or_future_special_module,Y1_R006_C09_S01,Y1_basic_boolean,T_Y4_COMMENT_WS,1,1,0
Y4_R006_C09_S02,Y4_obfuscated_boolean,Y4,(((('audit8'	 =	 'audit8')	 =	 trUE))),(((('audit8' = 'audit8') = trUE))),comparison_text,1,1.0,1.0,1.0,0.0,T1_static_validated,representation_case,LLM_review_or_future_special_module,Y2_R006_C09_S02,Y2_boolean_variation,T_Y4_EXTRA_PARENTHESES,1,1,0
Y4_R006_C09_S03,Y4_obfuscated_boolean,Y4,(('trace0'/**/=/**/'trace0')/**/=/**/trUE),(('trace0' = 'trace0') = trUE),comparison_text,1,1.0,1.0,1.0,0.0,T1_static_validated,representation_case,LLM_review_or_future_special_module,Y1_R006_C09_S03,Y1_basic_boolean,T_Y4_COMMENT_WS,1,1,0
Y4_R006_C09_S04,Y4_obfuscated_boolean,Y4,(('signal1'	 =	 'alpha2')	 =	 trUE),(('signal1' = 'alpha2') = trUE),comparison_text,1,1.0,1.0,1.0,0.0,T1_static_validated,representation_case,LLM_review_or_future_special_module,Y1_R006_C09_S04,Y1_basic_boolean,T_Y4_TAB_SPACE,1,1,0
Y4_R006_C09_S05,Y4_obfuscated_boolean,Y4,(('alpha2'/**/=/**/'beta3')/**/=/**/trUE),(('alpha2' = 'beta3') = trUE),comparison_text,1,1.0,1.0,1.0,0.0,T1_static_validated,representation_case,LLM_review_or_future_special_module,Y1_R006_C09_S05,Y1_basic_boolean,T_Y4_COMMENT_WS,1,1,0
Y4_R006_C09_S06,Y4_obfuscated_boolean,Y4,(((('beta3'	 =	 'gamma4')	 =	 trUE))),(((('beta3' = 'gamma4') = trUE))),comparison_text,1,1.0,1.0,1.0,0.0,T1_static_validated,representation_case,LLM_review_or_future_special_module,Y2_R006_C09_S06,Y2_boolean_variation,T_Y4_EXTRA_PARENTHESES,1,1,0
Y4_R006_C10_S01,Y4_obfuscated_boolean,Y4,"coaLesce(('audit7'	 =	 'audit7'),	 FaLse)","coaLesce(('audit7' = 'audit7'), FaLse)",comparison_text,1,1.0,1.0,1.0,0.0,T1_static_validated,representation_case,LLM_review_or_future_special_module,Y1_R006_C10_S01,Y1_basic_boolean,T_Y4_TAB_SPACE,1,1,0
Y4_R006_C10_S02,Y4_obfuscated_boolean,Y4,"((coaLesce(('trace8'/**/=/**/'trace8'),/**/FaLse)))","((coaLesce(('trace8' = 'trace8'), FaLse)))",comparison_text,1,1.0,1.0,1.0,0.0,T1_static_validated,representation_case,LLM_review_or_future_special_module,Y2_R006_C10_S02,Y2_boolean_variation,T_Y4_EXTRA_PARENTHESES,1,1,0
Y4_R006_C10_S03,Y4_obfuscated_boolean,Y4,"coaLesce(('signal0'	 =	 'signal0'),	 FaLse)","coaLesce(('signal0' = 'signal0'), FaLse)",comparison_text,1,1.0,1.0,1.0,0.0,T1_static_validated,representation_case,LLM_review_or_future_special_module,Y1_R006_C10_S03,Y1_basic_boolean,T_Y4_TAB_SPACE,1,1,0
Y4_R006_C10_S04,Y4_obfuscated_boolean,Y4,"coaLesce(('alpha1'/**/=/**/'beta2'),/**/FaLse)","coaLesce(('alpha1' = 'beta2'), FaLse)",comparison_text,1,1.0,1.0,1.0,0.0,T1_static_validated,representation_case,LLM_review_or_future_special_module,Y1_R006_C10_S04,Y1_basic_boolean,T_Y4_COMMENT_WS,1,1,0
Y4_R006_C10_S05,Y4_obfuscated_boolean,Y4,"coaLesce(('beta2'	 =	 'gamma3'),	 FaLse)","coaLesce(('beta2' = 'gamma3'), FaLse)",comparison_text,1,1.0,1.0,1.0,0.0,T1_static_validated,representation_case,LLM_review_or_future_special_module,Y1_R006_C10_S05,Y1_basic_boolean,T_Y4_TAB_SPACE,1,1,0
Y4_R006_C10_S06,Y4_obfuscated_boolean,Y4,"((coaLesce(('gamma3'/**/=/**/'delta4'),/**/FaLse)))","((coaLesce(('gamma3' = 'delta4'), FaLse)))",comparison_text,1,1.0,1.0,1.0,0.0,T1_static_validated,representation_case,LLM_review_or_future_special_module,Y2_R006_C10_S06,Y2_boolean_variation,T_Y4_EXTRA_PARENTHESES,1,1,0
Y4_R007_C01_S01,Y4_obfuscated_boolean,Y4,(('stone8'	 <>	 'north0')),(('stone8' <> 'north0')),comparison_text,1,1.0,1.0,1.0,0.0,T1_static_validated,representation_case,LLM_review_or_future_special_module,Y2_R007_C01_S01,Y2_boolean_variation,T_Y4_EXTRA_PARENTHESES,1,1,1
Y4_R007_C01_S02,Y4_obfuscated_boolean,Y4,'north0'/**/<>/**/'south1','north0' <> 'south1',comparison_text,1,1.0,1.0,1.0,0.0,T1_static_validated,representation_case,LLM_review_or_future_special_module,Y1_R007_C01_S02,Y1_basic_boolean,T_Y4_COMMENT_WS,1,1,1
Y4_R007_C01_S03,Y4_obfuscated_boolean,Y4,'south1'	 <>	 'east2','south1' <> 'east2',comparison_text,1,1.0,1.0,1.0,0.0,T1_static_validated,representation_case,LLM_review_or_future_special_module,Y1_R007_C01_S03,Y1_basic_boolean,T_Y4_TAB_SPACE,1,1,1
Y4_R007_C01_S04,Y4_obfuscated_boolean,Y4,'east2'/**/<>/**/'east2','east2' <> 'east2',comparison_text,1,1.0,1.0,1.0,0.0,T1_static_validated,representation_case,LLM_review_or_future_special_module,Y1_R007_C01_S04,Y1_basic_boolean,T_Y4_COMMENT_WS,1,1,1
Y4_R007_C01_S05,Y4_obfuscated_boolean,Y4,(('west3'	 <>	 'west3')),(('west3' <> 'west3')),comparison_text,1,1.0,1.0,1.0,0.0,T1_static_validated,representation_case,LLM_review_or_future_special_module,Y2_R007_C01_S05,Y2_boolean_variation,T_Y4_EXTRA_PARENTHESES,1,1,1
Y4_R007_C01_S06,Y4_obfuscated_boolean,Y4,'prime4'/**/<>/**/'prime4','prime4' <> 'prime4',comparison_text,1,1.0,1.0,1.0,0.0,T1_static_validated,representation_case,LLM_review_or_future_special_module,Y1_R007_C01_S06,Y1_basic_boolean,T_Y4_COMMENT_WS,1,1,1
Y4_R007_C02_S01,Y4_obfuscated_boolean,Y4,((('north8'/**/<>/**/'south0'))),((('north8' <> 'south0'))),comparison_text,1,1.0,1.0,1.0,0.0,T1_static_validated,representation_case,LLM_review_or_future_special_module,Y2_R007_C02_S01,Y2_boolean_variation,T_Y4_EXTRA_PARENTHESES,1,1,1
Y4_R007_C02_S02,Y4_obfuscated_boolean,Y4,('south0'	 <>	 'east1'),('south0' <> 'east1'),comparison_text,1,1.0,1.0,1.0,0.0,T1_static_validated,representation_case,LLM_review_or_future_special_module,Y1_R007_C02_S02,Y1_basic_boolean,T_Y4_TAB_SPACE,1,1,1
Y4_R007_C02_S03,Y4_obfuscated_boolean,Y4,('east1'/**/<>/**/'west2'),('east1' <> 'west2'),comparison_text,1,1.0,1.0,1.0,0.0,T1_static_validated,representation_case,LLM_review_or_future_special_module,Y1_R007_C02_S03,Y1_basic_boolean,T_Y4_COMMENT_WS,1,1,1
Y4_R007_C02_S04,Y4_obfuscated_boolean,Y4,('west2'	 <>	 'west2'),('west2' <> 'west2'),comparison_text,1,1.0,1.0,1.0,0.0,T1_static_validated,representation_case,LLM_review_or_future_special_module,Y1_R007_C02_S04,Y1_basic_boolean,T_Y4_TAB_SPACE,1,1,1
Y4_R007_C02_S05,Y4_obfuscated_boolean,Y4,((('prime3'/**/<>/**/'prime3'))),((('prime3' <> 'prime3'))),comparison_text,1,1.0,1.0,1.0,0.0,T1_static_validated,representation_case,LLM_review_or_future_special_module,Y2_R007_C02_S05,Y2_boolean_variation,T_Y4_EXTRA_PARENTHESES,1,1,1
Y4_R007_C02_S06,Y4_obfuscated_boolean,Y4,('core4'	 <>	 'core4'),('core4' <> 'core4'),comparison_text,1,1.0,1.0,1.0,0.0,T1_static_validated,representation_case,LLM_review_or_future_special_module,Y1_R007_C02_S06,Y1_basic_boolean,T_Y4_TAB_SPACE,1,1,1
Y4_R007_C03_S01,Y4_obfuscated_boolean,Y4,((NoT	 ('south8'	 <>	 'south8'))),((NoT ('south8' <> 'south8'))),comparison_text,1,1.0,1.0,1.0,0.0,T1_static_validated,representation_case,LLM_review_or_future_special_module,Y2_R007_C03_S01,Y2_boolean_variation,T_Y4_EXTRA_PARENTHESES,1,1,0
Y4_R007_C03_S02,Y4_obfuscated_boolean,Y4,NoT/**/('east0'/**/<>/**/'east0'),NoT ('east0' <> 'east0'),comparison_text,1,1.0,1.0,1.0,0.0,T1_static_validated,representation_case,LLM_review_or_future_special_module,Y1_R007_C03_S02,Y1_basic_boolean,T_Y4_COMMENT_WS,1,1,0
Y4_R007_C03_S03,Y4_obfuscated_boolean,Y4,NoT	 ('west1'	 <>	 'west1'),NoT ('west1' <> 'west1'),comparison_text,1,1.0,1.0,1.0,0.0,T1_static_validated,representation_case,LLM_review_or_future_special_module,Y1_R007_C03_S03,Y1_basic_boolean,T_Y4_TAB_SPACE,1,1,0
Y4_R007_C03_S04,Y4_obfuscated_boolean,Y4,NoT/**/('prime2'/**/<>/**/'core3'),NoT ('prime2' <> 'core3'),comparison_text,1,1.0,1.0,1.0,0.0,T1_static_validated,representation_case,LLM_review_or_future_special_module,Y1_R007_C03_S04,Y1_basic_boolean,T_Y4_COMMENT_WS,1,1,0
Y4_R007_C03_S05,Y4_obfuscated_boolean,Y4,((NoT	 ('core3'	 <>	 'safe4'))),((NoT ('core3' <> 'safe4'))),comparison_text,1,1.0,1.0,1.0,0.0,T1_static_validated,representation_case,LLM_review_or_future_special_module,Y2_R007_C03_S05,Y2_boolean_variation,T_Y4_EXTRA_PARENTHESES,1,1,0
Y4_R007_C03_S06,Y4_obfuscated_boolean,Y4,NoT/**/('safe4'/**/<>/**/'audit5'),NoT ('safe4' <> 'audit5'),comparison_text,1,1.0,1.0,1.0,0.0,T1_static_validated,representation_case,LLM_review_or_future_special_module,Y1_R007_C03_S06,Y1_basic_boolean,T_Y4_COMMENT_WS,1,1,0
Y4_R007_C04_S01,Y4_obfuscated_boolean,Y4,((('east8'/**/<>/**/'west0')/**/IS/**/trUE)),((('east8' <> 'west0') IS trUE)),comparison_text,1,1.0,1.0,1.0,0.0,T1_static_validated,representation_case,LLM_review_or_future_special_module,Y2_R007_C04_S01,Y2_boolean_variation,T_Y4_EXTRA_PARENTHESES,1,1,0
Y4_R007_C04_S02,Y4_obfuscated_boolean,Y4,('west0'	 <>	 'prime1')	 IS	 trUE,('west0' <> 'prime1') IS trUE,comparison_text,1,1.0,1.0,1.0,0.0,T1_static_validated,representation_case,LLM_review_or_future_special_module,Y1_R007_C04_S02,Y1_basic_boolean,T_Y4_TAB_SPACE,1,1,0
Y4_R007_C04_S03,Y4_obfuscated_boolean,Y4,('prime1'/**/<>/**/'core2')/**/IS/**/trUE,('prime1' <> 'core2') IS trUE,comparison_text,1,1.0,1.0,1.0,0.0,T1_static_validated,representation_case,LLM_review_or_future_special_module,Y1_R007_C04_S03,Y1_basic_boolean,T_Y4_COMMENT_WS,1,1,0
Y4_R007_C04_S04,Y4_obfuscated_boolean,Y4,('core2'	 <>	 'core2')	 IS	 trUE,('core2' <> 'core2') IS trUE,comparison_text,1,1.0,1.0,1.0,0.0,T1_static_validated,representation_case,LLM_review_or_future_special_module,Y1_R007_C04_S04,Y1_basic_boolean,T_Y4_TAB_SPACE,1,1,0
Y4_R007_C04_S05,Y4_obfuscated_boolean,Y4,((('safe3'/**/<>/**/'safe3')/**/IS/**/trUE)),((('safe3' <> 'safe3') IS trUE)),comparison_text,1,1.0,1.0,1.0,0.0,T1_static_validated,representation_case,LLM_review_or_future_special_module,Y2_R007_C04_S05,Y2_boolean_variation,T_Y4_EXTRA_PARENTHESES,1,1,0
Y4_R007_C04_S06,Y4_obfuscated_boolean,Y4,('audit4'	 <>	 'audit4')	 IS	 trUE,('audit4' <> 'audit4') IS trUE,comparison_text,1,1.0,1.0,1.0,0.0,T1_static_validated,representation_case,LLM_review_or_future_special_module,Y1_R007_C04_S06,Y1_basic_boolean,T_Y4_TAB_SPACE,1,1,0
Y4_R007_C05_S01,Y4_obfuscated_boolean,Y4,((('west8'	 <>	 'prime0')	 is	 NoT	 FaLse)),((('west8' <> 'prime0') is NoT FaLse)),comparison_text,1,1.0,1.0,1.0,0.0,T1_static_validated,representation_case,LLM_review_or_future_special_module,Y2_R007_C05_S01,Y2_boolean_variation,T_Y4_EXTRA_PARENTHESES,1,1,0
Y4_R007_C05_S02,Y4_obfuscated_boolean,Y4,('prime0'/**/<>/**/'core1')/**/is/**/NoT/**/FaLse,('prime0' <> 'core1') is NoT FaLse,comparison_text,1,1.0,1.0,1.0,0.0,T1_static_validated,representation_case,LLM_review_or_future_special_module,Y1_R007_C05_S02,Y1_basic_boolean,T_Y4_COMMENT_WS,1,1,0
Y4_R007_C05_S03,Y4_obfuscated_boolean,Y4,('core1'	 <>	 'safe2')	 is	 NoT	 FaLse,('core1' <> 'safe2') is NoT FaLse,comparison_text,1,1.0,1.0,1.0,0.0,T1_static_validated,representation_case,LLM_review_or_future_special_module,Y1_R007_C05_S03,Y1_basic_boolean,T_Y4_TAB_SPACE,1,1,0
Y4_R007_C05_S04,Y4_obfuscated_boolean,Y4,('safe2'/**/<>/**/'safe2')/**/is/**/NoT/**/FaLse,('safe2' <> 'safe2') is NoT FaLse,comparison_text,1,1.0,1.0,1.0,0.0,T1_static_validated,representation_case,LLM_review_or_future_special_module,Y1_R007_C05_S04,Y1_basic_boolean,T_Y4_COMMENT_WS,1,1,0
Y4_R007_C05_S05,Y4_obfuscated_boolean,Y4,((('audit3'	 <>	 'audit3')	 is	 NoT	 FaLse)),((('audit3' <> 'audit3') is NoT FaLse)),comparison_text,1,1.0,1.0,1.0,0.0,T1_static_validated,representation_case,LLM_review_or_future_special_module,Y2_R007_C05_S05,Y2_boolean_variation,T_Y4_EXTRA_PARENTHESES,1,1,0
Y4_R007_C05_S06,Y4_obfuscated_boolean,Y4,('trace4'/**/<>/**/'trace4')/**/is/**/NoT/**/FaLse,('trace4' <> 'trace4') is NoT FaLse,comparison_text,1,1.0,1.0,1.0,0.0,T1_static_validated,representation_case,LLM_review_or_future_special_module,Y1_R007_C05_S06,Y1_basic_boolean,T_Y4_COMMENT_WS,1,1,0
Y4_R007_C06_S01,Y4_obfuscated_boolean,Y4,((CASE/**/WhEn/**/('prime8'/**/<>/**/'core0')/**/thEn/**/trUE/**/ElSE/**/fAlSE/**/End)),((CASE WhEn ('prime8' <> 'core0') thEn trUE ElSE fAlSE End)),comparison_text,1,1.0,1.0,1.0,0.0,T1_static_validated,representation_case,LLM_review_or_future_special_module,Y2_R007_C06_S01,Y2_boolean_variation,T_Y4_EXTRA_PARENTHESES,1,1,0
Y4_R007_C06_S02,Y4_obfuscated_boolean,Y4,CASE	 WhEn	 ('core0'	 <>	 'safe1')	 thEn	 trUE	 ElSE	 fAlSE	 End,CASE WhEn ('core0' <> 'safe1') thEn trUE ElSE fAlSE End,comparison_text,1,1.0,1.0,1.0,0.0,T1_static_validated,representation_case,LLM_review_or_future_special_module,Y1_R007_C06_S02,Y1_basic_boolean,T_Y4_TAB_SPACE,1,1,0
Y4_R007_C06_S03,Y4_obfuscated_boolean,Y4,CASE/**/WhEn/**/('safe1'/**/<>/**/'audit2')/**/thEn/**/trUE/**/ElSE/**/fAlSE/**/End,CASE WhEn ('safe1' <> 'audit2') thEn trUE ElSE fAlSE End,comparison_text,1,1.0,1.0,1.0,0.0,T1_static_validated,representation_case,LLM_review_or_future_special_module,Y1_R007_C06_S03,Y1_basic_boolean,T_Y4_COMMENT_WS,1,1,0
Y4_R007_C06_S04,Y4_obfuscated_boolean,Y4,CASE	 WhEn	 ('audit2'	 <>	 'audit2')	 thEn	 trUE	 ElSE	 fAlSE	 End,CASE WhEn ('audit2' <> 'audit2') thEn trUE ElSE fAlSE End,comparison_text,1,1.0,1.0,1.0,0.0,T1_static_validated,representation_case,LLM_review_or_future_special_module,Y1_R007_C06_S04,Y1_basic_boolean,T_Y4_TAB_SPACE,1,1,0
Y4_R007_C06_S05,Y4_obfuscated_boolean,Y4,((CASE/**/WhEn/**/('trace3'/**/<>/**/'trace3')/**/thEn/**/trUE/**/ElSE/**/fAlSE/**/End)),((CASE WhEn ('trace3' <> 'trace3') thEn trUE ElSE fAlSE End)),comparison_text,1,1.0,1.0,1.0,0.0,T1_static_validated,representation_case,LLM_review_or_future_special_module,Y2_R007_C06_S05,Y2_boolean_variation,T_Y4_EXTRA_PARENTHESES,1,1,0
Y4_R007_C06_S06,Y4_obfuscated_boolean,Y4,CASE	 WhEn	 ('signal4'	 <>	 'signal4')	 thEn	 trUE	 ElSE	 fAlSE	 End,CASE WhEn ('signal4' <> 'signal4') thEn trUE ElSE fAlSE End,comparison_text,1,1.0,1.0,1.0,0.0,T1_static_validated,representation_case,LLM_review_or_future_special_module,Y1_R007_C06_S06,Y1_basic_boolean,T_Y4_TAB_SPACE,1,1,0
Y4_R007_C07_S01,Y4_obfuscated_boolean,Y4,((('core8'	 <>	 'safe0')	 aND	 (94	 =	 94))),((('core8' <> 'safe0') aND (94 = 94))),comparison_text,1,1.0,1.0,1.0,0.0,T1_static_validated,representation_case,LLM_review_or_future_special_module,Y2_R007_C07_S01,Y2_boolean_variation,T_Y4_EXTRA_PARENTHESES,1,1,0
Y4_R007_C07_S02,Y4_obfuscated_boolean,Y4,('safe0'/**/<>/**/'audit1')/**/aND/**/(10/**/=/**/10),('safe0' <> 'audit1') aND (10 = 10),comparison_text,1,1.0,1.0,1.0,0.0,T1_static_validated,representation_case,LLM_review_or_future_special_module,Y1_R007_C07_S02,Y1_basic_boolean,T_Y4_COMMENT_WS,1,1,0
Y4_R007_C07_S03,Y4_obfuscated_boolean,Y4,('audit1'	 <>	 'trace2')	 aND	 (23	 =	 23),('audit1' <> 'trace2') aND (23 = 23),comparison_text,1,1.0,1.0,1.0,0.0,T1_static_validated,representation_case,LLM_review_or_future_special_module,Y1_R007_C07_S03,Y1_basic_boolean,T_Y4_TAB_SPACE,1,1,0
Y4_R007_C07_S04,Y4_obfuscated_boolean,Y4,('trace2'/**/<>/**/'trace2')/**/aND/**/(36/**/=/**/36),('trace2' <> 'trace2') aND (36 = 36),comparison_text,1,1.0,1.0,1.0,0.0,T1_static_validated,representation_case,LLM_review_or_future_special_module,Y1_R007_C07_S04,Y1_basic_boolean,T_Y4_COMMENT_WS,1,1,0
Y4_R007_C07_S05,Y4_obfuscated_boolean,Y4,((('signal3'	 <>	 'signal3')	 aND	 (49	 =	 49))),((('signal3' <> 'signal3') aND (49 = 49))),comparison_text,1,1.0,1.0,1.0,0.0,T1_static_validated,representation_case,LLM_review_or_future_special_module,Y2_R007_C07_S05,Y2_boolean_variation,T_Y4_EXTRA_PARENTHESES,1,1,0
Y4_R007_C07_S06,Y4_obfuscated_boolean,Y4,('alpha4'/**/<>/**/'alpha4')/**/aND/**/(62/**/=/**/62),('alpha4' <> 'alpha4') aND (62 = 62),comparison_text,1,1.0,1.0,1.0,0.0,T1_static_validated,representation_case,LLM_review_or_future_special_module,Y1_R007_C07_S06,Y1_basic_boolean,T_Y4_COMMENT_WS,1,1,0
Y4_R007_C08_S01,Y4_obfuscated_boolean,Y4,((('safe8'/**/<>/**/'audit0')/**/Or/**/(25/**/<>/**/25))),((('safe8' <> 'audit0') Or (25 <> 25))),comparison_text,1,1.0,1.0,1.0,0.0,T1_static_validated,representation_case,LLM_review_or_future_special_module,Y2_R007_C08_S01,Y2_boolean_variation,T_Y4_EXTRA_PARENTHESES,1,1,0
Y4_R007_C08_S02,Y4_obfuscated_boolean,Y4,('audit0'	 <>	 'trace1')	 Or	 (38	 <>	 38),('audit0' <> 'trace1') Or (38 <> 38),comparison_text,1,1.0,1.0,1.0,0.0,T1_static_validated,representation_case,LLM_review_or_future_special_module,Y1_R007_C08_S02,Y1_basic_boolean,T_Y4_TAB_SPACE,1,1,0
Y4_R007_C08_S03,Y4_obfuscated_boolean,Y4,('trace1'/**/<>/**/'signal2')/**/Or/**/(51/**/<>/**/51),('trace1' <> 'signal2') Or (51 <> 51),comparison_text,1,1.0,1.0,1.0,0.0,T1_static_validated,representation_case,LLM_review_or_future_special_module,Y1_R007_C08_S03,Y1_basic_boolean,T_Y4_COMMENT_WS,1,1,0
Y4_R007_C08_S04,Y4_obfuscated_boolean,Y4,('signal2'	 <>	 'signal2')	 Or	 (64	 <>	 64),('signal2' <> 'signal2') Or (64 <> 64),comparison_text,1,1.0,1.0,1.0,0.0,T1_static_validated,representation_case,LLM_review_or_future_special_module,Y1_R007_C08_S04,Y1_basic_boolean,T_Y4_TAB_SPACE,1,1,0
Y4_R007_C08_S05,Y4_obfuscated_boolean,Y4,((('alpha3'/**/<>/**/'alpha3')/**/Or/**/(77/**/<>/**/77))),((('alpha3' <> 'alpha3') Or (77 <> 77))),comparison_text,1,1.0,1.0,1.0,0.0,T1_static_validated,representation_case,LLM_review_or_future_special_module,Y2_R007_C08_S05,Y2_boolean_variation,T_Y4_EXTRA_PARENTHESES,1,1,0
Y4_R007_C08_S06,Y4_obfuscated_boolean,Y4,('beta4'	 <>	 'beta4')	 Or	 (90	 <>	 90),('beta4' <> 'beta4') Or (90 <> 90),comparison_text,1,1.0,1.0,1.0,0.0,T1_static_validated,representation_case,LLM_review_or_future_special_module,Y1_R007_C08_S06,Y1_basic_boolean,T_Y4_TAB_SPACE,1,1,0
Y4_R007_C09_S01,Y4_obfuscated_boolean,Y4,(((('audit8'	 <>	 'trace0')	 =	 TRue))),(((('audit8' <> 'trace0') = TRue))),comparison_text,1,1.0,1.0,1.0,0.0,T1_static_validated,representation_case,LLM_review_or_future_special_module,Y2_R007_C09_S01,Y2_boolean_variation,T_Y4_EXTRA_PARENTHESES,1,1,0
Y4_R007_C09_S02,Y4_obfuscated_boolean,Y4,(('trace0'/**/<>/**/'signal1')/**/=/**/TRue),(('trace0' <> 'signal1') = TRue),comparison_text,1,1.0,1.0,1.0,0.0,T1_static_validated,representation_case,LLM_review_or_future_special_module,Y1_R007_C09_S02,Y1_basic_boolean,T_Y4_COMMENT_WS,1,1,0
Y4_R007_C09_S03,Y4_obfuscated_boolean,Y4,(('signal1'	 <>	 'alpha2')	 =	 TRue),(('signal1' <> 'alpha2') = TRue),comparison_text,1,1.0,1.0,1.0,0.0,T1_static_validated,representation_case,LLM_review_or_future_special_module,Y1_R007_C09_S03,Y1_basic_boolean,T_Y4_TAB_SPACE,1,1,0
Y4_R007_C09_S04,Y4_obfuscated_boolean,Y4,(('alpha2'/**/<>/**/'alpha2')/**/=/**/TRue),(('alpha2' <> 'alpha2') = TRue),comparison_text,1,1.0,1.0,1.0,0.0,T1_static_validated,representation_case,LLM_review_or_future_special_module,Y1_R007_C09_S04,Y1_basic_boolean,T_Y4_COMMENT_WS,1,1,0
Y4_R007_C09_S05,Y4_obfuscated_boolean,Y4,(((('beta3'	 <>	 'beta3')	 =	 TRue))),(((('beta3' <> 'beta3') = TRue))),comparison_text,1,1.0,1.0,1.0,0.0,T1_static_validated,representation_case,LLM_review_or_future_special_module,Y2_R007_C09_S05,Y2_boolean_variation,T_Y4_EXTRA_PARENTHESES,1,1,0
Y4_R007_C09_S06,Y4_obfuscated_boolean,Y4,(('gamma4'/**/<>/**/'gamma4')/**/=/**/TRue),(('gamma4' <> 'gamma4') = TRue),comparison_text,1,1.0,1.0,1.0,0.0,T1_static_validated,representation_case,LLM_review_or_future_special_module,Y1_R007_C09_S06,Y1_basic_boolean,T_Y4_COMMENT_WS,1,1,0
Y4_R007_C10_S01,Y4_obfuscated_boolean,Y4,"((COAlESCE(('trace8'/**/<>/**/'signal0'),/**/fAlSE)))","((COAlESCE(('trace8' <> 'signal0'), fAlSE)))",comparison_text,1,1.0,1.0,1.0,0.0,T1_static_validated,representation_case,LLM_review_or_future_special_module,Y2_R007_C10_S01,Y2_boolean_variation,T_Y4_EXTRA_PARENTHESES,1,1,0
Y4_R007_C10_S02,Y4_obfuscated_boolean,Y4,"COAlESCE(('signal0'	 <>	 'alpha1'),	 fAlSE)","COAlESCE(('signal0' <> 'alpha1'), fAlSE)",comparison_text,1,1.0,1.0,1.0,0.0,T1_static_validated,representation_case,LLM_review_or_future_special_module,Y1_R007_C10_S02,Y1_basic_boolean,T_Y4_TAB_SPACE,1,1,0
Y4_R007_C10_S03,Y4_obfuscated_boolean,Y4,"COAlESCE(('alpha1'/**/<>/**/'beta2'),/**/fAlSE)","COAlESCE(('alpha1' <> 'beta2'), fAlSE)",comparison_text,1,1.0,1.0,1.0,0.0,T1_static_validated,representation_case,LLM_review_or_future_special_module,Y1_R007_C10_S03,Y1_basic_boolean,T_Y4_COMMENT_WS,1,1,0
Y4_R007_C10_S04,Y4_obfuscated_boolean,Y4,"COAlESCE(('beta2'	 <>	 'beta2'),	 fAlSE)","COAlESCE(('beta2' <> 'beta2'), fAlSE)",comparison_text,1,1.0,1.0,1.0,0.0,T1_static_validated,representation_case,LLM_review_or_future_special_module,Y1_R007_C10_S04,Y1_basic_boolean,T_Y4_TAB_SPACE,1,1,0
Y4_R007_C10_S05,Y4_obfuscated_boolean,Y4,"((COAlESCE(('gamma3'/**/<>/**/'gamma3'),/**/fAlSE)))","((COAlESCE(('gamma3' <> 'gamma3'), fAlSE)))",comparison_text,1,1.0,1.0,1.0,0.0,T1_static_validated,representation_case,LLM_review_or_future_special_module,Y2_R007_C10_S05,Y2_boolean_variation,T_Y4_EXTRA_PARENTHESES,1,1,0
Y4_R007_C10_S06,Y4_obfuscated_boolean,Y4,"COAlESCE(('delta4'	 <>	 'delta4'),	 fAlSE)","COAlESCE(('delta4' <> 'delta4'), fAlSE)",comparison_text,1,1.0,1.0,1.0,0.0,T1_static_validated,representation_case,LLM_review_or_future_special_module,Y1_R007_C10_S06,Y1_basic_boolean,T_Y4_TAB_SPACE,1,1,0
Y4_R008_C01_S01,Y4_obfuscated_boolean,Y4,lower('NORTH0')/**/=/**/'north0',lower('NORTH0') = 'north0',comparison_text,1,1.0,1.0,1.0,0.0,T1_static_validated,representation_case,LLM_review_or_future_special_module,Y1_R008_C01_S01,Y1_basic_boolean,T_Y4_COMMENT_WS,1,1,1
Y4_R008_C01_S02,Y4_obfuscated_boolean,Y4,lower('SOUTH1')	 =	 'south1',lower('SOUTH1') = 'south1',comparison_text,1,1.0,1.0,1.0,0.0,T1_static_validated,representation_case,LLM_review_or_future_special_module,Y1_R008_C01_S02,Y1_basic_boolean,T_Y4_TAB_SPACE,1,1,1
Y4_R008_C01_S03,Y4_obfuscated_boolean,Y4,lower('EAST2')/**/=/**/'east2',lower('EAST2') = 'east2',comparison_text,1,1.0,1.0,1.0,0.0,T1_static_validated,representation_case,LLM_review_or_future_special_module,Y1_R008_C01_S03,Y1_basic_boolean,T_Y4_COMMENT_WS,1,1,1
Y4_R008_C01_S04,Y4_obfuscated_boolean,Y4,((lower('WEST3')	 =	 'prime4')),((lower('WEST3') = 'prime4')),comparison_text,1,1.0,1.0,1.0,0.0,T1_static_validated,representation_case,LLM_review_or_future_special_module,Y2_R008_C01_S04,Y2_boolean_variation,T_Y4_EXTRA_PARENTHESES,1,1,1
Y4_R008_C01_S05,Y4_obfuscated_boolean,Y4,lower('PRIME4')/**/=/**/'core5',lower('PRIME4') = 'core5',comparison_text,1,1.0,1.0,1.0,0.0,T1_static_validated,representation_case,LLM_review_or_future_special_module,Y1_R008_C01_S05,Y1_basic_boolean,T_Y4_COMMENT_WS,1,1,1
Y4_R008_C01_S06,Y4_obfuscated_boolean,Y4,lower('CORE5')	 =	 'safe6',lower('CORE5') = 'safe6',comparison_text,1,1.0,1.0,1.0,0.0,T1_static_validated,representation_case,LLM_review_or_future_special_module,Y1_R008_C01_S06,Y1_basic_boolean,T_Y4_TAB_SPACE,1,1,1
Y4_R008_C02_S01,Y4_obfuscated_boolean,Y4,(lower('SOUTH0')	 =	 'south0'),(lower('SOUTH0') = 'south0'),comparison_text,1,1.0,1.0,1.0,0.0,T1_static_validated,representation_case,LLM_review_or_future_special_module,Y1_R008_C02_S01,Y1_basic_boolean,T_Y4_TAB_SPACE,1,1,1
Y4_R008_C02_S02,Y4_obfuscated_boolean,Y4,(lower('EAST1')/**/=/**/'east1'),(lower('EAST1') = 'east1'),comparison_text,1,1.0,1.0,1.0,0.0,T1_static_validated,representation_case,LLM_review_or_future_special_module,Y1_R008_C02_S02,Y1_basic_boolean,T_Y4_COMMENT_WS,1,1,1
Y4_R008_C02_S03,Y4_obfuscated_boolean,Y4,(lower('WEST2')	 =	 'west2'),(lower('WEST2') = 'west2'),comparison_text,1,1.0,1.0,1.0,0.0,T1_static_validated,representation_case,LLM_review_or_future_special_module,Y1_R008_C02_S03,Y1_basic_boolean,T_Y4_TAB_SPACE,1,1,1
Y4_R008_C02_S04,Y4_obfuscated_boolean,Y4,(((lower('PRIME3')/**/=/**/'core4'))),(((lower('PRIME3') = 'core4'))),comparison_text,1,1.0,1.0,1.0,0.0,T1_static_validated,representation_case,LLM_review_or_future_special_module,Y2_R008_C02_S04,Y2_boolean_variation,T_Y4_EXTRA_PARENTHESES,1,1,1
Y4_R008_C02_S05,Y4_obfuscated_boolean,Y4,(lower('CORE4')	 =	 'safe5'),(lower('CORE4') = 'safe5'),comparison_text,1,1.0,1.0,1.0,0.0,T1_static_validated,representation_case,LLM_review_or_future_special_module,Y1_R008_C02_S05,Y1_basic_boolean,T_Y4_TAB_SPACE,1,1,1
Y4_R008_C02_S06,Y4_obfuscated_boolean,Y4,(lower('SAFE5')/**/=/**/'audit6'),(lower('SAFE5') = 'audit6'),comparison_text,1,1.0,1.0,1.0,0.0,T1_static_validated,representation_case,LLM_review_or_future_special_module,Y1_R008_C02_S06,Y1_basic_boolean,T_Y4_COMMENT_WS,1,1,1
Y4_R008_C03_S01,Y4_obfuscated_boolean,Y4,nOt/**/(lower('EAST0')/**/=/**/'west1'),nOt (lower('EAST0') = 'west1'),comparison_text,1,1.0,1.0,1.0,0.0,T1_static_validated,representation_case,LLM_review_or_future_special_module,Y1_R008_C03_S01,Y1_basic_boolean,T_Y4_COMMENT_WS,1,1,0
Y4_R008_C03_S02,Y4_obfuscated_boolean,Y4,nOt	 (lower('WEST1')	 =	 'prime2'),nOt (lower('WEST1') = 'prime2'),comparison_text,1,1.0,1.0,1.0,0.0,T1_static_validated,representation_case,LLM_review_or_future_special_module,Y1_R008_C03_S02,Y1_basic_boolean,T_Y4_TAB_SPACE,1,1,0
Y4_R008_C03_S03,Y4_obfuscated_boolean,Y4,nOt/**/(lower('PRIME2')/**/=/**/'core3'),nOt (lower('PRIME2') = 'core3'),comparison_text,1,1.0,1.0,1.0,0.0,T1_static_validated,representation_case,LLM_review_or_future_special_module,Y1_R008_C03_S03,Y1_basic_boolean,T_Y4_COMMENT_WS,1,1,0
Y4_R008_C03_S04,Y4_obfuscated_boolean,Y4,((nOt	 (lower('CORE3')	 =	 'core3'))),((nOt (lower('CORE3') = 'core3'))),comparison_text,1,1.0,1.0,1.0,0.0,T1_static_validated,representation_case,LLM_review_or_future_special_module,Y2_R008_C03_S04,Y2_boolean_variation,T_Y4_EXTRA_PARENTHESES,1,1,0
Y4_R008_C03_S05,Y4_obfuscated_boolean,Y4,nOt/**/(lower('SAFE4')/**/=/**/'safe4'),nOt (lower('SAFE4') = 'safe4'),comparison_text,1,1.0,1.0,1.0,0.0,T1_static_validated,representation_case,LLM_review_or_future_special_module,Y1_R008_C03_S05,Y1_basic_boolean,T_Y4_COMMENT_WS,1,1,0
Y4_R008_C03_S06,Y4_obfuscated_boolean,Y4,nOt	 (lower('AUDIT5')	 =	 'audit5'),nOt (lower('AUDIT5') = 'audit5'),comparison_text,1,1.0,1.0,1.0,0.0,T1_static_validated,representation_case,LLM_review_or_future_special_module,Y1_R008_C03_S06,Y1_basic_boolean,T_Y4_TAB_SPACE,1,1,0
Y4_R008_C04_S01,Y4_obfuscated_boolean,Y4,(lower('WEST0')	 =	 'west0')	 is	 TRue,(lower('WEST0') = 'west0') is TRue,comparison_text,1,1.0,1.0,1.0,0.0,T1_static_validated,representation_case,LLM_review_or_future_special_module,Y1_R008_C04_S01,Y1_basic_boolean,T_Y4_TAB_SPACE,1,1,0
Y4_R008_C04_S02,Y4_obfuscated_boolean,Y4,(lower('PRIME1')/**/=/**/'prime1')/**/is/**/TRue,(lower('PRIME1') = 'prime1') is TRue,comparison_text,1,1.0,1.0,1.0,0.0,T1_static_validated,representation_case,LLM_review_or_future_special_module,Y1_R008_C04_S02,Y1_basic_boolean,T_Y4_COMMENT_WS,1,1,0
Y4_R008_C04_S03,Y4_obfuscated_boolean,Y4,(lower('CORE2')	 =	 'core2')	 is	 TRue,(lower('CORE2') = 'core2') is TRue,comparison_text,1,1.0,1.0,1.0,0.0,T1_static_validated,representation_case,LLM_review_or_future_special_module,Y1_R008_C04_S03,Y1_basic_boolean,T_Y4_TAB_SPACE,1,1,0
Y4_R008_C04_S04,Y4_obfuscated_boolean,Y4,(((lower('SAFE3')/**/=/**/'audit4')/**/is/**/TRue)),(((lower('SAFE3') = 'audit4') is TRue)),comparison_text,1,1.0,1.0,1.0,0.0,T1_static_validated,representation_case,LLM_review_or_future_special_module,Y2_R008_C04_S04,Y2_boolean_variation,T_Y4_EXTRA_PARENTHESES,1,1,0
Y4_R008_C04_S05,Y4_obfuscated_boolean,Y4,(lower('AUDIT4')	 =	 'trace5')	 is	 TRue,(lower('AUDIT4') = 'trace5') is TRue,comparison_text,1,1.0,1.0,1.0,0.0,T1_static_validated,representation_case,LLM_review_or_future_special_module,Y1_R008_C04_S05,Y1_basic_boolean,T_Y4_TAB_SPACE,1,1,0
Y4_R008_C04_S06,Y4_obfuscated_boolean,Y4,(lower('TRACE5')/**/=/**/'signal6')/**/is/**/TRue,(lower('TRACE5') = 'signal6') is TRue,comparison_text,1,1.0,1.0,1.0,0.0,T1_static_validated,representation_case,LLM_review_or_future_special_module,Y1_R008_C04_S06,Y1_basic_boolean,T_Y4_COMMENT_WS,1,1,0
Y4_R008_C05_S01,Y4_obfuscated_boolean,Y4,(lower('PRIME0')/**/=/**/'prime0')/**/IS/**/nOt/**/fAlSE,(lower('PRIME0') = 'prime0') IS nOt fAlSE,comparison_text,1,1.0,1.0,1.0,0.0,T1_static_validated,representation_case,LLM_review_or_future_special_module,Y1_R008_C05_S01,Y1_basic_boolean,T_Y4_COMMENT_WS,1,1,0
Y4_R008_C05_S02,Y4_obfuscated_boolean,Y4,(lower('CORE1')	 =	 'core1')	 IS	 nOt	 fAlSE,(lower('CORE1') = 'core1') IS nOt fAlSE,comparison_text,1,1.0,1.0,1.0,0.0,T1_static_validated,representation_case,LLM_review_or_future_special_module,Y1_R008_C05_S02,Y1_basic_boolean,T_Y4_TAB_SPACE,1,1,0
Y4_R008_C05_S03,Y4_obfuscated_boolean,Y4,(lower('SAFE2')/**/=/**/'safe2')/**/IS/**/nOt/**/fAlSE,(lower('SAFE2') = 'safe2') IS nOt fAlSE,comparison_text,1,1.0,1.0,1.0,0.0,T1_static_validated,representation_case,LLM_review_or_future_special_module,Y1_R008_C05_S03,Y1_basic_boolean,T_Y4_COMMENT_WS,1,1,0
Y4_R008_C05_S04,Y4_obfuscated_boolean,Y4,(((lower('AUDIT3')	 =	 'trace4')	 IS	 nOt	 fAlSE)),(((lower('AUDIT3') = 'trace4') IS nOt fAlSE)),comparison_text,1,1.0,1.0,1.0,0.0,T1_static_validated,representation_case,LLM_review_or_future_special_module,Y2_R008_C05_S04,Y2_boolean_variation,T_Y4_EXTRA_PARENTHESES,1,1,0
Y4_R008_C05_S05,Y4_obfuscated_boolean,Y4,(lower('TRACE4')/**/=/**/'signal5')/**/IS/**/nOt/**/fAlSE,(lower('TRACE4') = 'signal5') IS nOt fAlSE,comparison_text,1,1.0,1.0,1.0,0.0,T1_static_validated,representation_case,LLM_review_or_future_special_module,Y1_R008_C05_S05,Y1_basic_boolean,T_Y4_COMMENT_WS,1,1,0
Y4_R008_C05_S06,Y4_obfuscated_boolean,Y4,(lower('SIGNAL5')	 =	 'alpha6')	 IS	 nOt	 fAlSE,(lower('SIGNAL5') = 'alpha6') IS nOt fAlSE,comparison_text,1,1.0,1.0,1.0,0.0,T1_static_validated,representation_case,LLM_review_or_future_special_module,Y1_R008_C05_S06,Y1_basic_boolean,T_Y4_TAB_SPACE,1,1,0
Y4_R008_C06_S01,Y4_obfuscated_boolean,Y4,case	 wHeN	 (lower('CORE0')	 =	 'core0')	 THeN	 TRue	 eLse	 FaLse	 eND,case wHeN (lower('CORE0') = 'core0') THeN TRue eLse FaLse eND,comparison_text,1,1.0,1.0,1.0,0.0,T1_static_validated,representation_case,LLM_review_or_future_special_module,Y1_R008_C06_S01,Y1_basic_boolean,T_Y4_TAB_SPACE,1,1,0
Y4_R008_C06_S02,Y4_obfuscated_boolean,Y4,case/**/wHeN/**/(lower('SAFE1')/**/=/**/'safe1')/**/THeN/**/TRue/**/eLse/**/FaLse/**/eND,case wHeN (lower('SAFE1') = 'safe1') THeN TRue eLse FaLse eND,comparison_text,1,1.0,1.0,1.0,0.0,T1_static_validated,representation_case,LLM_review_or_future_special_module,Y1_R008_C06_S02,Y1_basic_boolean,T_Y4_COMMENT_WS,1,1,0
Y4_R008_C06_S03,Y4_obfuscated_boolean,Y4,case	 wHeN	 (lower('AUDIT2')	 =	 'audit2')	 THeN	 TRue	 eLse	 FaLse	 eND,case wHeN (lower('AUDIT2') = 'audit2') THeN TRue eLse FaLse eND,comparison_text,1,1.0,1.0,1.0,0.0,T1_static_validated,representation_case,LLM_review_or_future_special_module,Y1_R008_C06_S03,Y1_basic_boolean,T_Y4_TAB_SPACE,1,1,0
Y4_R008_C06_S04,Y4_obfuscated_boolean,Y4,((case/**/wHeN/**/(lower('TRACE3')/**/=/**/'signal4')/**/THeN/**/TRue/**/eLse/**/FaLse/**/eND)),((case wHeN (lower('TRACE3') = 'signal4') THeN TRue eLse FaLse eND)),comparison_text,1,1.0,1.0,1.0,0.0,T1_static_validated,representation_case,LLM_review_or_future_special_module,Y2_R008_C06_S04,Y2_boolean_variation,T_Y4_EXTRA_PARENTHESES,1,1,0
Y4_R008_C06_S05,Y4_obfuscated_boolean,Y4,case	 wHeN	 (lower('SIGNAL4')	 =	 'alpha5')	 THeN	 TRue	 eLse	 FaLse	 eND,case wHeN (lower('SIGNAL4') = 'alpha5') THeN TRue eLse FaLse eND,comparison_text,1,1.0,1.0,1.0,0.0,T1_static_validated,representation_case,LLM_review_or_future_special_module,Y1_R008_C06_S05,Y1_basic_boolean,T_Y4_TAB_SPACE,1,1,0
Y4_R008_C06_S06,Y4_obfuscated_boolean,Y4,case/**/wHeN/**/(lower('ALPHA5')/**/=/**/'beta6')/**/THeN/**/TRue/**/eLse/**/FaLse/**/eND,case wHeN (lower('ALPHA5') = 'beta6') THeN TRue eLse FaLse eND,comparison_text,1,1.0,1.0,1.0,0.0,T1_static_validated,representation_case,LLM_review_or_future_special_module,Y1_R008_C06_S06,Y1_basic_boolean,T_Y4_COMMENT_WS,1,1,0
Y4_R008_C07_S01,Y4_obfuscated_boolean,Y4,(lower('SAFE0')/**/=/**/'safe0')/**/And/**/(4/**/=/**/4),(lower('SAFE0') = 'safe0') And (4 = 4),comparison_text,1,1.0,1.0,1.0,0.0,T1_static_validated,representation_case,LLM_review_or_future_special_module,Y1_R008_C07_S01,Y1_basic_boolean,T_Y4_COMMENT_WS,1,1,0
Y4_R008_C07_S02,Y4_obfuscated_boolean,Y4,(lower('AUDIT1')	 =	 'audit1')	 And	 (17	 =	 17),(lower('AUDIT1') = 'audit1') And (17 = 17),comparison_text,1,1.0,1.0,1.0,0.0,T1_static_validated,representation_case,LLM_review_or_future_special_module,Y1_R008_C07_S02,Y1_basic_boolean,T_Y4_TAB_SPACE,1,1,0
Y4_R008_C07_S03,Y4_obfuscated_boolean,Y4,(lower('TRACE2')/**/=/**/'trace2')/**/And/**/(30/**/=/**/30),(lower('TRACE2') = 'trace2') And (30 = 30),comparison_text,1,1.0,1.0,1.0,0.0,T1_static_validated,representation_case,LLM_review_or_future_special_module,Y1_R008_C07_S03,Y1_basic_boolean,T_Y4_COMMENT_WS,1,1,0
Y4_R008_C07_S04,Y4_obfuscated_boolean,Y4,(((lower('SIGNAL3')	 =	 'alpha4')	 And	 (43	 =	 43))),(((lower('SIGNAL3') = 'alpha4') And (43 = 43))),comparison_text,1,1.0,1.0,1.0,0.0,T1_static_validated,representation_case,LLM_review_or_future_special_module,Y2_R008_C07_S04,Y2_boolean_variation,T_Y4_EXTRA_PARENTHESES,1,1,0
Y4_R008_C07_S05,Y4_obfuscated_boolean,Y4,(lower('ALPHA4')/**/=/**/'beta5')/**/And/**/(56/**/=/**/56),(lower('ALPHA4') = 'beta5') And (56 = 56),comparison_text,1,1.0,1.0,1.0,0.0,T1_static_validated,representation_case,LLM_review_or_future_special_module,Y1_R008_C07_S05,Y1_basic_boolean,T_Y4_COMMENT_WS,1,1,0
Y4_R008_C07_S06,Y4_obfuscated_boolean,Y4,(lower('BETA5')	 =	 'gamma6')	 And	 (69	 =	 69),(lower('BETA5') = 'gamma6') And (69 = 69),comparison_text,1,1.0,1.0,1.0,0.0,T1_static_validated,representation_case,LLM_review_or_future_special_module,Y1_R008_C07_S06,Y1_basic_boolean,T_Y4_TAB_SPACE,1,1,0
Y4_R008_C08_S01,Y4_obfuscated_boolean,Y4,(lower('AUDIT0')	 =	 'audit0')	 oR	 (32	 <>	 32),(lower('AUDIT0') = 'audit0') oR (32 <> 32),comparison_text,1,1.0,1.0,1.0,0.0,T1_static_validated,representation_case,LLM_review_or_future_special_module,Y1_R008_C08_S01,Y1_basic_boolean,T_Y4_TAB_SPACE,1,1,0
Y4_R008_C08_S02,Y4_obfuscated_boolean,Y4,(lower('TRACE1')/**/=/**/'trace1')/**/oR/**/(45/**/<>/**/45),(lower('TRACE1') = 'trace1') oR (45 <> 45),comparison_text,1,1.0,1.0,1.0,0.0,T1_static_validated,representation_case,LLM_review_or_future_special_module,Y1_R008_C08_S02,Y1_basic_boolean,T_Y4_COMMENT_WS,1,1,0
Y4_R008_C08_S03,Y4_obfuscated_boolean,Y4,(lower('SIGNAL2')	 =	 'signal2')	 oR	 (58	 <>	 58),(lower('SIGNAL2') = 'signal2') oR (58 <> 58),comparison_text,1,1.0,1.0,1.0,0.0,T1_static_validated,representation_case,LLM_review_or_future_special_module,Y1_R008_C08_S03,Y1_basic_boolean,T_Y4_TAB_SPACE,1,1,0
Y4_R008_C08_S04,Y4_obfuscated_boolean,Y4,(((lower('ALPHA3')/**/=/**/'beta4')/**/oR/**/(71/**/<>/**/71))),(((lower('ALPHA3') = 'beta4') oR (71 <> 71))),comparison_text,1,1.0,1.0,1.0,0.0,T1_static_validated,representation_case,LLM_review_or_future_special_module,Y2_R008_C08_S04,Y2_boolean_variation,T_Y4_EXTRA_PARENTHESES,1,1,0
Y4_R008_C08_S05,Y4_obfuscated_boolean,Y4,(lower('BETA4')	 =	 'gamma5')	 oR	 (84	 <>	 84),(lower('BETA4') = 'gamma5') oR (84 <> 84),comparison_text,1,1.0,1.0,1.0,0.0,T1_static_validated,representation_case,LLM_review_or_future_special_module,Y1_R008_C08_S05,Y1_basic_boolean,T_Y4_TAB_SPACE,1,1,0
Y4_R008_C08_S06,Y4_obfuscated_boolean,Y4,(lower('GAMMA5')/**/=/**/'delta6')/**/oR/**/(97/**/<>/**/97),(lower('GAMMA5') = 'delta6') oR (97 <> 97),comparison_text,1,1.0,1.0,1.0,0.0,T1_static_validated,representation_case,LLM_review_or_future_special_module,Y1_R008_C08_S06,Y1_basic_boolean,T_Y4_COMMENT_WS,1,1,0
Y4_R008_C09_S01,Y4_obfuscated_boolean,Y4,((lower('TRACE0')/**/=/**/'trace0')/**/=/**/trUE),((lower('TRACE0') = 'trace0') = trUE),comparison_text,1,1.0,1.0,1.0,0.0,T1_static_validated,representation_case,LLM_review_or_future_special_module,Y1_R008_C09_S01,Y1_basic_boolean,T_Y4_COMMENT_WS,1,1,0
Y4_R008_C09_S02,Y4_obfuscated_boolean,Y4,((lower('SIGNAL1')	 =	 'signal1')	 =	 trUE),((lower('SIGNAL1') = 'signal1') = trUE),comparison_text,1,1.0,1.0,1.0,0.0,T1_static_validated,representation_case,LLM_review_or_future_special_module,Y1_R008_C09_S02,Y1_basic_boolean,T_Y4_TAB_SPACE,1,1,0
Y4_R008_C09_S03,Y4_obfuscated_boolean,Y4,((lower('ALPHA2')/**/=/**/'alpha2')/**/=/**/trUE),((lower('ALPHA2') = 'alpha2') = trUE),comparison_text,1,1.0,1.0,1.0,0.0,T1_static_validated,representation_case,LLM_review_or_future_special_module,Y1_R008_C09_S03,Y1_basic_boolean,T_Y4_COMMENT_WS,1,1,0
Y4_R008_C09_S04,Y4_obfuscated_boolean,Y4,((((lower('BETA3')	 =	 'gamma4')	 =	 trUE))),((((lower('BETA3') = 'gamma4') = trUE))),comparison_text,1,1.0,1.0,1.0,0.0,T1_static_validated,representation_case,LLM_review_or_future_special_module,Y2_R008_C09_S04,Y2_boolean_variation,T_Y4_EXTRA_PARENTHESES,1,1,0
Y4_R008_C09_S05,Y4_obfuscated_boolean,Y4,((lower('GAMMA4')/**/=/**/'delta5')/**/=/**/trUE),((lower('GAMMA4') = 'delta5') = trUE),comparison_text,1,1.0,1.0,1.0,0.0,T1_static_validated,representation_case,LLM_review_or_future_special_module,Y1_R008_C09_S05,Y1_basic_boolean,T_Y4_COMMENT_WS,1,1,0
Y4_R008_C09_S06,Y4_obfuscated_boolean,Y4,((lower('DELTA5')	 =	 'omega6')	 =	 trUE),((lower('DELTA5') = 'omega6') = trUE),comparison_text,1,1.0,1.0,1.0,0.0,T1_static_validated,representation_case,LLM_review_or_future_special_module,Y1_R008_C09_S06,Y1_basic_boolean,T_Y4_TAB_SPACE,1,1,0
Y4_R008_C10_S01,Y4_obfuscated_boolean,Y4,"coaLesce((lower('SIGNAL0')	 =	 'signal0'),	 FaLse)","coaLesce((lower('SIGNAL0') = 'signal0'), FaLse)",comparison_text,1,1.0,1.0,1.0,0.0,T1_static_validated,representation_case,LLM_review_or_future_special_module,Y1_R008_C10_S01,Y1_basic_boolean,T_Y4_TAB_SPACE,1,1,0
Y4_R008_C10_S02,Y4_obfuscated_boolean,Y4,"coaLesce((lower('ALPHA1')/**/=/**/'alpha1'),/**/FaLse)","coaLesce((lower('ALPHA1') = 'alpha1'), FaLse)",comparison_text,1,1.0,1.0,1.0,0.0,T1_static_validated,representation_case,LLM_review_or_future_special_module,Y1_R008_C10_S02,Y1_basic_boolean,T_Y4_COMMENT_WS,1,1,0
Y4_R008_C10_S03,Y4_obfuscated_boolean,Y4,"coaLesce((lower('BETA2')	 =	 'beta2'),	 FaLse)","coaLesce((lower('BETA2') = 'beta2'), FaLse)",comparison_text,1,1.0,1.0,1.0,0.0,T1_static_validated,representation_case,LLM_review_or_future_special_module,Y1_R008_C10_S03,Y1_basic_boolean,T_Y4_TAB_SPACE,1,1,0
Y4_R008_C10_S04,Y4_obfuscated_boolean,Y4,"((coaLesce((lower('GAMMA3')/**/=/**/'delta4'),/**/FaLse)))","((coaLesce((lower('GAMMA3') = 'delta4'), FaLse)))",comparison_text,1,1.0,1.0,1.0,0.0,T1_static_validated,representation_case,LLM_review_or_future_special_module,Y2_R008_C10_S04,Y2_boolean_variation,T_Y4_EXTRA_PARENTHESES,1,1,0
Y4_R008_C10_S05,Y4_obfuscated_boolean,Y4,"coaLesce((lower('DELTA4')	 =	 'omega5'),	 FaLse)","coaLesce((lower('DELTA4') = 'omega5'), FaLse)",comparison_text,1,1.0,1.0,1.0,0.0,T1_static_validated,representation_case,LLM_review_or_future_special_module,Y1_R008_C10_S05,Y1_basic_boolean,T_Y4_TAB_SPACE,1,1,0
Y4_R008_C10_S06,Y4_obfuscated_boolean,Y4,"coaLesce((lower('OMEGA5')/**/=/**/'active6'),/**/FaLse)","coaLesce((lower('OMEGA5') = 'active6'), FaLse)",comparison_text,1,1.0,1.0,1.0,0.0,T1_static_validated,representation_case,LLM_review_or_future_special_module,Y1_R008_C10_S06,Y1_basic_boolean,T_Y4_COMMENT_WS,1,1,0
Y4_R009_C01_S01,Y4_obfuscated_boolean,Y4,char_length('south1')	 =	 6,char_length('south1') = 6,comparison_text,1,1.0,1.0,1.0,0.0,T1_static_validated,representation_case,LLM_review_or_future_special_module,Y1_R009_C01_S01,Y1_basic_boolean,T_Y4_TAB_SPACE,1,1,1
Y4_R009_C01_S02,Y4_obfuscated_boolean,Y4,char_length('east2')/**/=/**/5,char_length('east2') = 5,comparison_text,1,1.0,1.0,1.0,0.0,T1_static_validated,representation_case,LLM_review_or_future_special_module,Y1_R009_C01_S02,Y1_basic_boolean,T_Y4_COMMENT_WS,1,1,1
Y4_R009_C01_S03,Y4_obfuscated_boolean,Y4,((char_length('west3')	 =	 5)),((char_length('west3') = 5)),comparison_text,1,1.0,1.0,1.0,0.0,T1_static_validated,representation_case,LLM_review_or_future_special_module,Y2_R009_C01_S03,Y2_boolean_variation,T_Y4_EXTRA_PARENTHESES,1,1,1
Y4_R009_C01_S04,Y4_obfuscated_boolean,Y4,char_length('prime4')/**/=/**/7,char_length('prime4') = 7,comparison_text,1,1.0,1.0,1.0,0.0,T1_static_validated,representation_case,LLM_review_or_future_special_module,Y1_R009_C01_S04,Y1_basic_boolean,T_Y4_COMMENT_WS,1,1,1
Y4_R009_C01_S05,Y4_obfuscated_boolean,Y4,char_length('core5')	 =	 6,char_length('core5') = 6,comparison_text,1,1.0,1.0,1.0,0.0,T1_static_validated,representation_case,LLM_review_or_future_special_module,Y1_R009_C01_S05,Y1_basic_boolean,T_Y4_TAB_SPACE,1,1,1
Y4_R009_C01_S06,Y4_obfuscated_boolean,Y4,char_length('safe6')/**/=/**/6,char_length('safe6') = 6,comparison_text,1,1.0,1.0,1.0,0.0,T1_static_validated,representation_case,LLM_review_or_future_special_module,Y1_R009_C01_S06,Y1_basic_boolean,T_Y4_COMMENT_WS,1,1,1
Y4_R009_C02_S01,Y4_obfuscated_boolean,Y4,(char_length('east1')/**/=/**/5),(char_length('east1') = 5),comparison_text,1,1.0,1.0,1.0,0.0,T1_static_validated,representation_case,LLM_review_or_future_special_module,Y1_R009_C02_S01,Y1_basic_boolean,T_Y4_COMMENT_WS,1,1,1
Y4_R009_C02_S02,Y4_obfuscated_boolean,Y4,(char_length('west2')	 =	 5),(char_length('west2') = 5),comparison_text,1,1.0,1.0,1.0,0.0,T1_static_validated,representation_case,LLM_review_or_future_special_module,Y1_R009_C02_S02,Y1_basic_boolean,T_Y4_TAB_SPACE,1,1,1
Y4_R009_C02_S03,Y4_obfuscated_boolean,Y4,(((char_length('prime3')/**/=/**/6))),(((char_length('prime3') = 6))),comparison_text,1,1.0,1.0,1.0,0.0,T1_static_validated,representation_case,LLM_review_or_future_special_module,Y2_R009_C02_S03,Y2_boolean_variation,T_Y4_EXTRA_PARENTHESES,1,1,1
Y4_R009_C02_S04,Y4_obfuscated_boolean,Y4,(char_length('core4')	 =	 6),(char_length('core4') = 6),comparison_text,1,1.0,1.0,1.0,0.0,T1_static_validated,representation_case,LLM_review_or_future_special_module,Y1_R009_C02_S04,Y1_basic_boolean,T_Y4_TAB_SPACE,1,1,1
Y4_R009_C02_S05,Y4_obfuscated_boolean,Y4,(char_length('safe5')/**/=/**/6),(char_length('safe5') = 6),comparison_text,1,1.0,1.0,1.0,0.0,T1_static_validated,representation_case,LLM_review_or_future_special_module,Y1_R009_C02_S05,Y1_basic_boolean,T_Y4_COMMENT_WS,1,1,1
Y4_R009_C02_S06,Y4_obfuscated_boolean,Y4,(char_length('audit6')	 =	 7),(char_length('audit6') = 7),comparison_text,1,1.0,1.0,1.0,0.0,T1_static_validated,representation_case,LLM_review_or_future_special_module,Y1_R009_C02_S06,Y1_basic_boolean,T_Y4_TAB_SPACE,1,1,1
Y4_R009_C03_S01,Y4_obfuscated_boolean,Y4,NoT	 (char_length('west1')	 =	 6),NoT (char_length('west1') = 6),comparison_text,1,1.0,1.0,1.0,0.0,T1_static_validated,representation_case,LLM_review_or_future_special_module,Y1_R009_C03_S01,Y1_basic_boolean,T_Y4_TAB_SPACE,1,1,0
Y4_R009_C03_S02,Y4_obfuscated_boolean,Y4,NoT/**/(char_length('prime2')/**/=/**/7),NoT (char_length('prime2') = 7),comparison_text,1,1.0,1.0,1.0,0.0,T1_static_validated,representation_case,LLM_review_or_future_special_module,Y1_R009_C03_S02,Y1_basic_boolean,T_Y4_COMMENT_WS,1,1,0
Y4_R009_C03_S03,Y4_obfuscated_boolean,Y4,((NoT	 (char_length('core3')	 =	 6))),((NoT (char_length('core3') = 6))),comparison_text,1,1.0,1.0,1.0,0.0,T1_static_validated,representation_case,LLM_review_or_future_special_module,Y2_R009_C03_S03,Y2_boolean_variation,T_Y4_EXTRA_PARENTHESES,1,1,0
Y4_R009_C03_S04,Y4_obfuscated_boolean,Y4,NoT/**/(char_length('safe4')/**/=/**/5),NoT (char_length('safe4') = 5),comparison_text,1,1.0,1.0,1.0,0.0,T1_static_validated,representation_case,LLM_review_or_future_special_module,Y1_R009_C03_S04,Y1_basic_boolean,T_Y4_COMMENT_WS,1,1,0
Y4_R009_C03_S05,Y4_obfuscated_boolean,Y4,NoT	 (char_length('audit5')	 =	 6),NoT (char_length('audit5') = 6),comparison_text,1,1.0,1.0,1.0,0.0,T1_static_validated,representation_case,LLM_review_or_future_special_module,Y1_R009_C03_S05,Y1_basic_boolean,T_Y4_TAB_SPACE,1,1,0
Y4_R009_C03_S06,Y4_obfuscated_boolean,Y4,NoT/**/(char_length('trace6')/**/=/**/6),NoT (char_length('trace6') = 6),comparison_text,1,1.0,1.0,1.0,0.0,T1_static_validated,representation_case,LLM_review_or_future_special_module,Y1_R009_C03_S06,Y1_basic_boolean,T_Y4_COMMENT_WS,1,1,0
Y4_R009_C04_S01,Y4_obfuscated_boolean,Y4,(char_length('prime1')/**/=/**/6)/**/IS/**/trUE,(char_length('prime1') = 6) IS trUE,comparison_text,1,1.0,1.0,1.0,0.0,T1_static_validated,representation_case,LLM_review_or_future_special_module,Y1_R009_C04_S01,Y1_basic_boolean,T_Y4_COMMENT_WS,1,1,0
Y4_R009_C04_S02,Y4_obfuscated_boolean,Y4,(char_length('core2')	 =	 5)	 IS	 trUE,(char_length('core2') = 5) IS trUE,comparison_text,1,1.0,1.0,1.0,0.0,T1_static_validated,representation_case,LLM_review_or_future_special_module,Y1_R009_C04_S02,Y1_basic_boolean,T_Y4_TAB_SPACE,1,1,0
