sample_id,module_id,y_level,payload_raw,validation_payload_v4,semantic_family,static_valid_v4,static_quality_score_v4,slot_sanity_score_v4,module_contract_valid_score,malformed_syntax_penalty_v4,evidence_tier,hard_case_reason,intended_tier,parent_sample_id,parent_module_level,transform_recipe_id,roundtrip_valid,structure_preserved,semantic_preserved
Y1_R031_C01_S01,Y1_basic_boolean,Y1,'west5' LIKE 'we%','west5' LIKE 'we%',like_ilike,0,0.85,1.0,0.8,0.0,T0_generated_candidate,slot_sanity_or_static_issue,LLM_review_or_future_special_module,,,NONE_BASE,1,0,1
Y1_R031_C01_S02,Y1_basic_boolean,Y1,'prime6' LIKE 'pr%','prime6' LIKE 'pr%',like_ilike,0,0.85,1.0,0.8,0.0,T0_generated_candidate,slot_sanity_or_static_issue,LLM_review_or_future_special_module,,,NONE_BASE,1,0,1
Y1_R031_C01_S03,Y1_basic_boolean,Y1,'core7' LIKE 'co%','core7' LIKE 'co%',like_ilike,0,0.85,1.0,0.8,0.0,T0_generated_candidate,slot_sanity_or_static_issue,LLM_review_or_future_special_module,,,NONE_BASE,1,0,1
Y1_R031_C01_S04,Y1_basic_boolean,Y1,'safe8' LIKE 'zz%','safe8' LIKE 'zz%',like_ilike,0,0.85,1.0,0.8,0.0,T0_generated_candidate,slot_sanity_or_static_issue,LLM_review_or_future_special_module,,,NONE_BASE,1,0,1
Y1_R031_C01_S05,Y1_basic_boolean,Y1,'audit0' LIKE 'zz%','audit0' LIKE 'zz%',like_ilike,0,0.85,1.0,0.8,0.0,T0_generated_candidate,slot_sanity_or_static_issue,LLM_review_or_future_special_module,,,NONE_BASE,1,0,1
Y1_R031_C01_S06,Y1_basic_boolean,Y1,'trace1' LIKE 'zz%','trace1' LIKE 'zz%',like_ilike,0,0.85,1.0,0.8,0.0,T0_generated_candidate,slot_sanity_or_static_issue,LLM_review_or_future_special_module,,,NONE_BASE,1,0,1
Y1_R031_C02_S01,Y1_basic_boolean,Y1,('prime5' LIKE 'pr%'),('prime5' LIKE 'pr%'),like_ilike,0,0.85,1.0,0.8,0.0,T0_generated_candidate,slot_sanity_or_static_issue,LLM_review_or_future_special_module,,,NONE_BASE,1,0,1
Y1_R031_C02_S02,Y1_basic_boolean,Y1,('core6' LIKE 'co%'),('core6' LIKE 'co%'),like_ilike,0,0.85,1.0,0.8,0.0,T0_generated_candidate,slot_sanity_or_static_issue,LLM_review_or_future_special_module,,,NONE_BASE,1,0,1
Y1_R031_C02_S03,Y1_basic_boolean,Y1,('safe7' LIKE 'sa%'),('safe7' LIKE 'sa%'),like_ilike,0,0.85,1.0,0.8,0.0,T0_generated_candidate,slot_sanity_or_static_issue,LLM_review_or_future_special_module,,,NONE_BASE,1,0,1
Y1_R031_C02_S04,Y1_basic_boolean,Y1,('audit8' LIKE 'zz%'),('audit8' LIKE 'zz%'),like_ilike,0,0.85,1.0,0.8,0.0,T0_generated_candidate,slot_sanity_or_static_issue,LLM_review_or_future_special_module,,,NONE_BASE,1,0,1
Y1_R031_C02_S05,Y1_basic_boolean,Y1,('trace0' LIKE 'zz%'),('trace0' LIKE 'zz%'),like_ilike,0,0.85,1.0,0.8,0.0,T0_generated_candidate,slot_sanity_or_static_issue,LLM_review_or_future_special_module,,,NONE_BASE,1,0,1
Y1_R031_C02_S06,Y1_basic_boolean,Y1,('signal1' LIKE 'zz%'),('signal1' LIKE 'zz%'),like_ilike,0,0.85,1.0,0.8,0.0,T0_generated_candidate,slot_sanity_or_static_issue,LLM_review_or_future_special_module,,,NONE_BASE,1,0,1
Y1_R031_C03_S01,Y1_basic_boolean,Y1,NOT ('core5' LIKE 'zz%'),NOT ('core5' LIKE 'zz%'),like_ilike,0,0.85,1.0,0.8,0.0,T0_generated_candidate,slot_sanity_or_static_issue,LLM_review_or_future_special_module,,,NONE_BASE,1,0,1
Y1_R031_C03_S02,Y1_basic_boolean,Y1,NOT ('safe6' LIKE 'zz%'),NOT ('safe6' LIKE 'zz%'),like_ilike,0,0.85,1.0,0.8,0.0,T0_generated_candidate,slot_sanity_or_static_issue,LLM_review_or_future_special_module,,,NONE_BASE,1,0,1
Y1_R031_C03_S03,Y1_basic_boolean,Y1,NOT ('audit7' LIKE 'zz%'),NOT ('audit7' LIKE 'zz%'),like_ilike,0,0.85,1.0,0.8,0.0,T0_generated_candidate,slot_sanity_or_static_issue,LLM_review_or_future_special_module,,,NONE_BASE,1,0,1
Y1_R031_C03_S04,Y1_basic_boolean,Y1,NOT ('trace8' LIKE 'tr%'),NOT ('trace8' LIKE 'tr%'),like_ilike,0,0.85,1.0,0.8,0.0,T0_generated_candidate,slot_sanity_or_static_issue,LLM_review_or_future_special_module,,,NONE_BASE,1,0,1
Y1_R031_C03_S05,Y1_basic_boolean,Y1,NOT ('signal0' LIKE 'si%'),NOT ('signal0' LIKE 'si%'),like_ilike,0,0.85,1.0,0.8,0.0,T0_generated_candidate,slot_sanity_or_static_issue,LLM_review_or_future_special_module,,,NONE_BASE,1,0,1
Y1_R031_C03_S06,Y1_basic_boolean,Y1,NOT ('alpha1' LIKE 'al%'),NOT ('alpha1' LIKE 'al%'),like_ilike,0,0.85,1.0,0.8,0.0,T0_generated_candidate,slot_sanity_or_static_issue,LLM_review_or_future_special_module,,,NONE_BASE,1,0,1
Y1_R031_C04_S01,Y1_basic_boolean,Y1,('safe5' LIKE 'sa%') IS TRUE,('safe5' LIKE 'sa%') IS TRUE,like_ilike,0,0.85,1.0,0.8,0.0,T0_generated_candidate,slot_sanity_or_static_issue,LLM_review_or_future_special_module,,,NONE_BASE,1,0,1
Y1_R031_C04_S02,Y1_basic_boolean,Y1,('audit6' LIKE 'au%') IS TRUE,('audit6' LIKE 'au%') IS TRUE,like_ilike,0,0.85,1.0,0.8,0.0,T0_generated_candidate,slot_sanity_or_static_issue,LLM_review_or_future_special_module,,,NONE_BASE,1,0,1
Y1_R031_C04_S03,Y1_basic_boolean,Y1,('trace7' LIKE 'tr%') IS TRUE,('trace7' LIKE 'tr%') IS TRUE,like_ilike,0,0.85,1.0,0.8,0.0,T0_generated_candidate,slot_sanity_or_static_issue,LLM_review_or_future_special_module,,,NONE_BASE,1,0,1
Y1_R031_C04_S04,Y1_basic_boolean,Y1,('signal8' LIKE 'zz%') IS TRUE,('signal8' LIKE 'zz%') IS TRUE,like_ilike,0,0.85,1.0,0.8,0.0,T0_generated_candidate,slot_sanity_or_static_issue,LLM_review_or_future_special_module,,,NONE_BASE,1,0,1
Y1_R031_C04_S05,Y1_basic_boolean,Y1,('alpha0' LIKE 'zz%') IS TRUE,('alpha0' LIKE 'zz%') IS TRUE,like_ilike,0,0.85,1.0,0.8,0.0,T0_generated_candidate,slot_sanity_or_static_issue,LLM_review_or_future_special_module,,,NONE_BASE,1,0,1
Y1_R031_C04_S06,Y1_basic_boolean,Y1,('beta1' LIKE 'zz%') IS TRUE,('beta1' LIKE 'zz%') IS TRUE,like_ilike,0,0.85,1.0,0.8,0.0,T0_generated_candidate,slot_sanity_or_static_issue,LLM_review_or_future_special_module,,,NONE_BASE,1,0,1
Y1_R031_C05_S01,Y1_basic_boolean,Y1,('audit5' LIKE 'au%') IS NOT FALSE,('audit5' LIKE 'au%') IS NOT FALSE,like_ilike,0,0.85,1.0,0.8,0.0,T0_generated_candidate,slot_sanity_or_static_issue,LLM_review_or_future_special_module,,,NONE_BASE,1,0,1
Y1_R031_C05_S02,Y1_basic_boolean,Y1,('trace6' LIKE 'tr%') IS NOT FALSE,('trace6' LIKE 'tr%') IS NOT FALSE,like_ilike,0,0.85,1.0,0.8,0.0,T0_generated_candidate,slot_sanity_or_static_issue,LLM_review_or_future_special_module,,,NONE_BASE,1,0,1
Y1_R031_C05_S03,Y1_basic_boolean,Y1,('signal7' LIKE 'si%') IS NOT FALSE,('signal7' LIKE 'si%') IS NOT FALSE,like_ilike,0,0.85,1.0,0.8,0.0,T0_generated_candidate,slot_sanity_or_static_issue,LLM_review_or_future_special_module,,,NONE_BASE,1,0,1
Y1_R031_C05_S04,Y1_basic_boolean,Y1,('alpha8' LIKE 'zz%') IS NOT FALSE,('alpha8' LIKE 'zz%') IS NOT FALSE,like_ilike,0,0.85,1.0,0.8,0.0,T0_generated_candidate,slot_sanity_or_static_issue,LLM_review_or_future_special_module,,,NONE_BASE,1,0,1
Y1_R031_C05_S05,Y1_basic_boolean,Y1,('beta0' LIKE 'zz%') IS NOT FALSE,('beta0' LIKE 'zz%') IS NOT FALSE,like_ilike,0,0.85,1.0,0.8,0.0,T0_generated_candidate,slot_sanity_or_static_issue,LLM_review_or_future_special_module,,,NONE_BASE,1,0,1
Y1_R031_C05_S06,Y1_basic_boolean,Y1,('gamma1' LIKE 'zz%') IS NOT FALSE,('gamma1' LIKE 'zz%') IS NOT FALSE,like_ilike,0,0.85,1.0,0.8,0.0,T0_generated_candidate,slot_sanity_or_static_issue,LLM_review_or_future_special_module,,,NONE_BASE,1,0,1
Y1_R031_C06_S01,Y1_basic_boolean,Y1,CASE WHEN ('trace5' LIKE 'tr%') THEN TRUE ELSE FALSE END,CASE WHEN ('trace5' LIKE 'tr%') THEN TRUE ELSE FALSE END,like_ilike,0,0.85,1.0,0.8,0.0,T0_generated_candidate,slot_sanity_or_static_issue,LLM_review_or_future_special_module,,,NONE_BASE,1,0,1
Y1_R031_C06_S02,Y1_basic_boolean,Y1,CASE WHEN ('signal6' LIKE 'si%') THEN TRUE ELSE FALSE END,CASE WHEN ('signal6' LIKE 'si%') THEN TRUE ELSE FALSE END,like_ilike,0,0.85,1.0,0.8,0.0,T0_generated_candidate,slot_sanity_or_static_issue,LLM_review_or_future_special_module,,,NONE_BASE,1,0,1
Y1_R031_C06_S03,Y1_basic_boolean,Y1,CASE WHEN ('alpha7' LIKE 'al%') THEN TRUE ELSE FALSE END,CASE WHEN ('alpha7' LIKE 'al%') THEN TRUE ELSE FALSE END,like_ilike,0,0.85,1.0,0.8,0.0,T0_generated_candidate,slot_sanity_or_static_issue,LLM_review_or_future_special_module,,,NONE_BASE,1,0,1
Y1_R031_C06_S04,Y1_basic_boolean,Y1,CASE WHEN ('beta8' LIKE 'zz%') THEN TRUE ELSE FALSE END,CASE WHEN ('beta8' LIKE 'zz%') THEN TRUE ELSE FALSE END,like_ilike,0,0.85,1.0,0.8,0.0,T0_generated_candidate,slot_sanity_or_static_issue,LLM_review_or_future_special_module,,,NONE_BASE,1,0,1
Y1_R031_C06_S05,Y1_basic_boolean,Y1,CASE WHEN ('gamma0' LIKE 'zz%') THEN TRUE ELSE FALSE END,CASE WHEN ('gamma0' LIKE 'zz%') THEN TRUE ELSE FALSE END,like_ilike,0,0.85,1.0,0.8,0.0,T0_generated_candidate,slot_sanity_or_static_issue,LLM_review_or_future_special_module,,,NONE_BASE,1,0,1
Y1_R031_C06_S06,Y1_basic_boolean,Y1,CASE WHEN ('delta1' LIKE 'zz%') THEN TRUE ELSE FALSE END,CASE WHEN ('delta1' LIKE 'zz%') THEN TRUE ELSE FALSE END,like_ilike,0,0.85,1.0,0.8,0.0,T0_generated_candidate,slot_sanity_or_static_issue,LLM_review_or_future_special_module,,,NONE_BASE,1,0,1
Y1_R031_C07_S01,Y1_basic_boolean,Y1,('signal5' LIKE 'si%') AND (68 = 68),('signal5' LIKE 'si%') AND (68 = 68),like_ilike,0,0.85,1.0,0.8,0.0,T0_generated_candidate,slot_sanity_or_static_issue,LLM_review_or_future_special_module,,,NONE_BASE,1,0,1
Y1_R031_C07_S02,Y1_basic_boolean,Y1,('alpha6' LIKE 'al%') AND (81 = 81),('alpha6' LIKE 'al%') AND (81 = 81),like_ilike,0,0.85,1.0,0.8,0.0,T0_generated_candidate,slot_sanity_or_static_issue,LLM_review_or_future_special_module,,,NONE_BASE,1,0,1
Y1_R031_C07_S03,Y1_basic_boolean,Y1,('beta7' LIKE 'be%') AND (94 = 94),('beta7' LIKE 'be%') AND (94 = 94),like_ilike,0,0.85,1.0,0.8,0.0,T0_generated_candidate,slot_sanity_or_static_issue,LLM_review_or_future_special_module,,,NONE_BASE,1,0,1
Y1_R031_C07_S04,Y1_basic_boolean,Y1,('gamma8' LIKE 'zz%') AND (10 = 10),('gamma8' LIKE 'zz%') AND (10 = 10),like_ilike,0,0.85,1.0,0.8,0.0,T0_generated_candidate,slot_sanity_or_static_issue,LLM_review_or_future_special_module,,,NONE_BASE,1,0,1
Y1_R031_C07_S05,Y1_basic_boolean,Y1,('delta0' LIKE 'zz%') AND (23 = 23),('delta0' LIKE 'zz%') AND (23 = 23),like_ilike,0,0.85,1.0,0.8,0.0,T0_generated_candidate,slot_sanity_or_static_issue,LLM_review_or_future_special_module,,,NONE_BASE,1,0,1
Y1_R031_C07_S06,Y1_basic_boolean,Y1,('omega1' LIKE 'zz%') AND (36 = 36),('omega1' LIKE 'zz%') AND (36 = 36),like_ilike,0,0.85,1.0,0.8,0.0,T0_generated_candidate,slot_sanity_or_static_issue,LLM_review_or_future_special_module,,,NONE_BASE,1,0,1
Y1_R031_C08_S01,Y1_basic_boolean,Y1,('alpha5' LIKE 'al%') OR (96 <> 96),('alpha5' LIKE 'al%') OR (96 <> 96),like_ilike,0,0.85,1.0,0.8,0.0,T0_generated_candidate,slot_sanity_or_static_issue,LLM_review_or_future_special_module,,,NONE_BASE,1,0,1
Y1_R031_C08_S02,Y1_basic_boolean,Y1,('beta6' LIKE 'be%') OR (12 <> 12),('beta6' LIKE 'be%') OR (12 <> 12),like_ilike,0,0.85,1.0,0.8,0.0,T0_generated_candidate,slot_sanity_or_static_issue,LLM_review_or_future_special_module,,,NONE_BASE,1,0,1
Y1_R031_C08_S03,Y1_basic_boolean,Y1,('gamma7' LIKE 'ga%') OR (25 <> 25),('gamma7' LIKE 'ga%') OR (25 <> 25),like_ilike,0,0.85,1.0,0.8,0.0,T0_generated_candidate,slot_sanity_or_static_issue,LLM_review_or_future_special_module,,,NONE_BASE,1,0,1
Y1_R031_C08_S04,Y1_basic_boolean,Y1,('delta8' LIKE 'zz%') OR (38 <> 38),('delta8' LIKE 'zz%') OR (38 <> 38),like_ilike,0,0.85,1.0,0.8,0.0,T0_generated_candidate,slot_sanity_or_static_issue,LLM_review_or_future_special_module,,,NONE_BASE,1,0,1
Y1_R031_C08_S05,Y1_basic_boolean,Y1,('omega0' LIKE 'zz%') OR (51 <> 51),('omega0' LIKE 'zz%') OR (51 <> 51),like_ilike,0,0.85,1.0,0.8,0.0,T0_generated_candidate,slot_sanity_or_static_issue,LLM_review_or_future_special_module,,,NONE_BASE,1,0,1
Y1_R031_C08_S06,Y1_basic_boolean,Y1,('active1' LIKE 'zz%') OR (64 <> 64),('active1' LIKE 'zz%') OR (64 <> 64),like_ilike,0,0.85,1.0,0.8,0.0,T0_generated_candidate,slot_sanity_or_static_issue,LLM_review_or_future_special_module,,,NONE_BASE,1,0,1
Y1_R031_C09_S01,Y1_basic_boolean,Y1,(('beta5' LIKE 'be%') = TRUE),(('beta5' LIKE 'be%') = TRUE),like_ilike,0,0.85,1.0,0.8,0.0,T0_generated_candidate,slot_sanity_or_static_issue,LLM_review_or_future_special_module,,,NONE_BASE,1,0,1
Y1_R031_C09_S02,Y1_basic_boolean,Y1,(('gamma6' LIKE 'ga%') = TRUE),(('gamma6' LIKE 'ga%') = TRUE),like_ilike,0,0.85,1.0,0.8,0.0,T0_generated_candidate,slot_sanity_or_static_issue,LLM_review_or_future_special_module,,,NONE_BASE,1,0,1
Y1_R031_C09_S03,Y1_basic_boolean,Y1,(('delta7' LIKE 'de%') = TRUE),(('delta7' LIKE 'de%') = TRUE),like_ilike,0,0.85,1.0,0.8,0.0,T0_generated_candidate,slot_sanity_or_static_issue,LLM_review_or_future_special_module,,,NONE_BASE,1,0,1
Y1_R031_C09_S04,Y1_basic_boolean,Y1,(('omega8' LIKE 'zz%') = TRUE),(('omega8' LIKE 'zz%') = TRUE),like_ilike,0,0.85,1.0,0.8,0.0,T0_generated_candidate,slot_sanity_or_static_issue,LLM_review_or_future_special_module,,,NONE_BASE,1,0,1
Y1_R031_C09_S05,Y1_basic_boolean,Y1,(('active0' LIKE 'zz%') = TRUE),(('active0' LIKE 'zz%') = TRUE),like_ilike,0,0.85,1.0,0.8,0.0,T0_generated_candidate,slot_sanity_or_static_issue,LLM_review_or_future_special_module,,,NONE_BASE,1,0,1
Y1_R031_C09_S06,Y1_basic_boolean,Y1,(('pending1' LIKE 'zz%') = TRUE),(('pending1' LIKE 'zz%') = TRUE),like_ilike,0,0.85,1.0,0.8,0.0,T0_generated_candidate,slot_sanity_or_static_issue,LLM_review_or_future_special_module,,,NONE_BASE,1,0,1
Y1_R031_C10_S01,Y1_basic_boolean,Y1,"COALESCE(('gamma5' LIKE 'ga%'), FALSE)","COALESCE(('gamma5' LIKE 'ga%'), FALSE)",like_ilike,0,0.85,1.0,0.8,0.0,T0_generated_candidate,slot_sanity_or_static_issue,LLM_review_or_future_special_module,,,NONE_BASE,1,0,1
Y1_R031_C10_S02,Y1_basic_boolean,Y1,"COALESCE(('delta6' LIKE 'de%'), FALSE)","COALESCE(('delta6' LIKE 'de%'), FALSE)",like_ilike,0,0.85,1.0,0.8,0.0,T0_generated_candidate,slot_sanity_or_static_issue,LLM_review_or_future_special_module,,,NONE_BASE,1,0,1
Y1_R031_C10_S03,Y1_basic_boolean,Y1,"COALESCE(('omega7' LIKE 'om%'), FALSE)","COALESCE(('omega7' LIKE 'om%'), FALSE)",like_ilike,0,0.85,1.0,0.8,0.0,T0_generated_candidate,slot_sanity_or_static_issue,LLM_review_or_future_special_module,,,NONE_BASE,1,0,1
Y1_R031_C10_S04,Y1_basic_boolean,Y1,"COALESCE(('active8' LIKE 'zz%'), FALSE)","COALESCE(('active8' LIKE 'zz%'), FALSE)",like_ilike,0,0.85,1.0,0.8,0.0,T0_generated_candidate,slot_sanity_or_static_issue,LLM_review_or_future_special_module,,,NONE_BASE,1,0,1
Y1_R031_C10_S05,Y1_basic_boolean,Y1,"COALESCE(('pending0' LIKE 'zz%'), FALSE)","COALESCE(('pending0' LIKE 'zz%'), FALSE)",like_ilike,0,0.85,1.0,0.8,0.0,T0_generated_candidate,slot_sanity_or_static_issue,LLM_review_or_future_special_module,,,NONE_BASE,1,0,1
Y1_R031_C10_S06,Y1_basic_boolean,Y1,"COALESCE(('public1' LIKE 'zz%'), FALSE)","COALESCE(('public1' LIKE 'zz%'), FALSE)",like_ilike,0,0.85,1.0,0.8,0.0,T0_generated_candidate,slot_sanity_or_static_issue,LLM_review_or_future_special_module,,,NONE_BASE,1,0,1
Y1_R032_C01_S01,Y1_basic_boolean,Y1,'PRIME6' ILIKE 'pr%','PRIME6' ILIKE 'pr%',like_ilike,0,0.85,1.0,0.8,0.0,T0_generated_candidate,slot_sanity_or_static_issue,LLM_review_or_future_special_module,,,NONE_BASE,1,0,1
Y1_R032_C01_S02,Y1_basic_boolean,Y1,'CORE7' ILIKE 'co%','CORE7' ILIKE 'co%',like_ilike,0,0.85,1.0,0.8,0.0,T0_generated_candidate,slot_sanity_or_static_issue,LLM_review_or_future_special_module,,,NONE_BASE,1,0,1
Y1_R032_C01_S03,Y1_basic_boolean,Y1,'SAFE8' ILIKE 'sa%','SAFE8' ILIKE 'sa%',like_ilike,0,0.85,1.0,0.8,0.0,T0_generated_candidate,slot_sanity_or_static_issue,LLM_review_or_future_special_module,,,NONE_BASE,1,0,1
Y1_R032_C01_S04,Y1_basic_boolean,Y1,'AUDIT0' ILIKE 'zz%','AUDIT0' ILIKE 'zz%',like_ilike,0,0.85,1.0,0.8,0.0,T0_generated_candidate,slot_sanity_or_static_issue,LLM_review_or_future_special_module,,,NONE_BASE,1,0,1
Y1_R032_C01_S05,Y1_basic_boolean,Y1,'TRACE1' ILIKE 'zz%','TRACE1' ILIKE 'zz%',like_ilike,0,0.85,1.0,0.8,0.0,T0_generated_candidate,slot_sanity_or_static_issue,LLM_review_or_future_special_module,,,NONE_BASE,1,0,1
Y1_R032_C01_S06,Y1_basic_boolean,Y1,'SIGNAL2' ILIKE 'zz%','SIGNAL2' ILIKE 'zz%',like_ilike,0,0.85,1.0,0.8,0.0,T0_generated_candidate,slot_sanity_or_static_issue,LLM_review_or_future_special_module,,,NONE_BASE,1,0,1
Y1_R032_C02_S01,Y1_basic_boolean,Y1,('CORE6' ILIKE 'co%'),('CORE6' ILIKE 'co%'),like_ilike,0,0.85,1.0,0.8,0.0,T0_generated_candidate,slot_sanity_or_static_issue,LLM_review_or_future_special_module,,,NONE_BASE,1,0,1
Y1_R032_C02_S02,Y1_basic_boolean,Y1,('SAFE7' ILIKE 'sa%'),('SAFE7' ILIKE 'sa%'),like_ilike,0,0.85,1.0,0.8,0.0,T0_generated_candidate,slot_sanity_or_static_issue,LLM_review_or_future_special_module,,,NONE_BASE,1,0,1
Y1_R032_C02_S03,Y1_basic_boolean,Y1,('AUDIT8' ILIKE 'au%'),('AUDIT8' ILIKE 'au%'),like_ilike,0,0.85,1.0,0.8,0.0,T0_generated_candidate,slot_sanity_or_static_issue,LLM_review_or_future_special_module,,,NONE_BASE,1,0,1
Y1_R032_C02_S04,Y1_basic_boolean,Y1,('TRACE0' ILIKE 'zz%'),('TRACE0' ILIKE 'zz%'),like_ilike,0,0.85,1.0,0.8,0.0,T0_generated_candidate,slot_sanity_or_static_issue,LLM_review_or_future_special_module,,,NONE_BASE,1,0,1
Y1_R032_C02_S05,Y1_basic_boolean,Y1,('SIGNAL1' ILIKE 'zz%'),('SIGNAL1' ILIKE 'zz%'),like_ilike,0,0.85,1.0,0.8,0.0,T0_generated_candidate,slot_sanity_or_static_issue,LLM_review_or_future_special_module,,,NONE_BASE,1,0,1
Y1_R032_C02_S06,Y1_basic_boolean,Y1,('ALPHA2' ILIKE 'zz%'),('ALPHA2' ILIKE 'zz%'),like_ilike,0,0.85,1.0,0.8,0.0,T0_generated_candidate,slot_sanity_or_static_issue,LLM_review_or_future_special_module,,,NONE_BASE,1,0,1
Y1_R032_C03_S01,Y1_basic_boolean,Y1,NOT ('SAFE6' ILIKE 'zz%'),NOT ('SAFE6' ILIKE 'zz%'),like_ilike,0,0.85,1.0,0.8,0.0,T0_generated_candidate,slot_sanity_or_static_issue,LLM_review_or_future_special_module,,,NONE_BASE,1,0,1
Y1_R032_C03_S02,Y1_basic_boolean,Y1,NOT ('AUDIT7' ILIKE 'zz%'),NOT ('AUDIT7' ILIKE 'zz%'),like_ilike,0,0.85,1.0,0.8,0.0,T0_generated_candidate,slot_sanity_or_static_issue,LLM_review_or_future_special_module,,,NONE_BASE,1,0,1
Y1_R032_C03_S03,Y1_basic_boolean,Y1,NOT ('TRACE8' ILIKE 'zz%'),NOT ('TRACE8' ILIKE 'zz%'),like_ilike,0,0.85,1.0,0.8,0.0,T0_generated_candidate,slot_sanity_or_static_issue,LLM_review_or_future_special_module,,,NONE_BASE,1,0,1
Y1_R032_C03_S04,Y1_basic_boolean,Y1,NOT ('SIGNAL0' ILIKE 'si%'),NOT ('SIGNAL0' ILIKE 'si%'),like_ilike,0,0.85,1.0,0.8,0.0,T0_generated_candidate,slot_sanity_or_static_issue,LLM_review_or_future_special_module,,,NONE_BASE,1,0,1
Y1_R032_C03_S05,Y1_basic_boolean,Y1,NOT ('ALPHA1' ILIKE 'al%'),NOT ('ALPHA1' ILIKE 'al%'),like_ilike,0,0.85,1.0,0.8,0.0,T0_generated_candidate,slot_sanity_or_static_issue,LLM_review_or_future_special_module,,,NONE_BASE,1,0,1
Y1_R032_C03_S06,Y1_basic_boolean,Y1,NOT ('BETA2' ILIKE 'be%'),NOT ('BETA2' ILIKE 'be%'),like_ilike,0,0.85,1.0,0.8,0.0,T0_generated_candidate,slot_sanity_or_static_issue,LLM_review_or_future_special_module,,,NONE_BASE,1,0,1
Y1_R032_C04_S01,Y1_basic_boolean,Y1,('AUDIT6' ILIKE 'au%') IS TRUE,('AUDIT6' ILIKE 'au%') IS TRUE,like_ilike,0,0.85,1.0,0.8,0.0,T0_generated_candidate,slot_sanity_or_static_issue,LLM_review_or_future_special_module,,,NONE_BASE,1,0,1
Y1_R032_C04_S02,Y1_basic_boolean,Y1,('TRACE7' ILIKE 'tr%') IS TRUE,('TRACE7' ILIKE 'tr%') IS TRUE,like_ilike,0,0.85,1.0,0.8,0.0,T0_generated_candidate,slot_sanity_or_static_issue,LLM_review_or_future_special_module,,,NONE_BASE,1,0,1
Y1_R032_C04_S03,Y1_basic_boolean,Y1,('SIGNAL8' ILIKE 'si%') IS TRUE,('SIGNAL8' ILIKE 'si%') IS TRUE,like_ilike,0,0.85,1.0,0.8,0.0,T0_generated_candidate,slot_sanity_or_static_issue,LLM_review_or_future_special_module,,,NONE_BASE,1,0,1
Y1_R032_C04_S04,Y1_basic_boolean,Y1,('ALPHA0' ILIKE 'zz%') IS TRUE,('ALPHA0' ILIKE 'zz%') IS TRUE,like_ilike,0,0.85,1.0,0.8,0.0,T0_generated_candidate,slot_sanity_or_static_issue,LLM_review_or_future_special_module,,,NONE_BASE,1,0,1
Y1_R032_C04_S05,Y1_basic_boolean,Y1,('BETA1' ILIKE 'zz%') IS TRUE,('BETA1' ILIKE 'zz%') IS TRUE,like_ilike,0,0.85,1.0,0.8,0.0,T0_generated_candidate,slot_sanity_or_static_issue,LLM_review_or_future_special_module,,,NONE_BASE,1,0,1
Y1_R032_C04_S06,Y1_basic_boolean,Y1,('GAMMA2' ILIKE 'zz%') IS TRUE,('GAMMA2' ILIKE 'zz%') IS TRUE,like_ilike,0,0.85,1.0,0.8,0.0,T0_generated_candidate,slot_sanity_or_static_issue,LLM_review_or_future_special_module,,,NONE_BASE,1,0,1
Y1_R032_C05_S01,Y1_basic_boolean,Y1,('TRACE6' ILIKE 'tr%') IS NOT FALSE,('TRACE6' ILIKE 'tr%') IS NOT FALSE,like_ilike,0,0.85,1.0,0.8,0.0,T0_generated_candidate,slot_sanity_or_static_issue,LLM_review_or_future_special_module,,,NONE_BASE,1,0,1
Y1_R032_C05_S02,Y1_basic_boolean,Y1,('SIGNAL7' ILIKE 'si%') IS NOT FALSE,('SIGNAL7' ILIKE 'si%') IS NOT FALSE,like_ilike,0,0.85,1.0,0.8,0.0,T0_generated_candidate,slot_sanity_or_static_issue,LLM_review_or_future_special_module,,,NONE_BASE,1,0,1
Y1_R032_C05_S03,Y1_basic_boolean,Y1,('ALPHA8' ILIKE 'al%') IS NOT FALSE,('ALPHA8' ILIKE 'al%') IS NOT FALSE,like_ilike,0,0.85,1.0,0.8,0.0,T0_generated_candidate,slot_sanity_or_static_issue,LLM_review_or_future_special_module,,,NONE_BASE,1,0,1
Y1_R032_C05_S04,Y1_basic_boolean,Y1,('BETA0' ILIKE 'zz%') IS NOT FALSE,('BETA0' ILIKE 'zz%') IS NOT FALSE,like_ilike,0,0.85,1.0,0.8,0.0,T0_generated_candidate,slot_sanity_or_static_issue,LLM_review_or_future_special_module,,,NONE_BASE,1,0,1
Y1_R032_C05_S05,Y1_basic_boolean,Y1,('GAMMA1' ILIKE 'zz%') IS NOT FALSE,('GAMMA1' ILIKE 'zz%') IS NOT FALSE,like_ilike,0,0.85,1.0,0.8,0.0,T0_generated_candidate,slot_sanity_or_static_issue,LLM_review_or_future_special_module,,,NONE_BASE,1,0,1
Y1_R032_C05_S06,Y1_basic_boolean,Y1,('DELTA2' ILIKE 'zz%') IS NOT FALSE,('DELTA2' ILIKE 'zz%') IS NOT FALSE,like_ilike,0,0.85,1.0,0.8,0.0,T0_generated_candidate,slot_sanity_or_static_issue,LLM_review_or_future_special_module,,,NONE_BASE,1,0,1
Y1_R032_C06_S01,Y1_basic_boolean,Y1,CASE WHEN ('SIGNAL6' ILIKE 'si%') THEN TRUE ELSE FALSE END,CASE WHEN ('SIGNAL6' ILIKE 'si%') THEN TRUE ELSE FALSE END,like_ilike,0,0.85,1.0,0.8,0.0,T0_generated_candidate,slot_sanity_or_static_issue,LLM_review_or_future_special_module,,,NONE_BASE,1,0,1
Y1_R032_C06_S02,Y1_basic_boolean,Y1,CASE WHEN ('ALPHA7' ILIKE 'al%') THEN TRUE ELSE FALSE END,CASE WHEN ('ALPHA7' ILIKE 'al%') THEN TRUE ELSE FALSE END,like_ilike,0,0.85,1.0,0.8,0.0,T0_generated_candidate,slot_sanity_or_static_issue,LLM_review_or_future_special_module,,,NONE_BASE,1,0,1
Y1_R032_C06_S03,Y1_basic_boolean,Y1,CASE WHEN ('BETA8' ILIKE 'be%') THEN TRUE ELSE FALSE END,CASE WHEN ('BETA8' ILIKE 'be%') THEN TRUE ELSE FALSE END,like_ilike,0,0.85,1.0,0.8,0.0,T0_generated_candidate,slot_sanity_or_static_issue,LLM_review_or_future_special_module,,,NONE_BASE,1,0,1
Y1_R032_C06_S04,Y1_basic_boolean,Y1,CASE WHEN ('GAMMA0' ILIKE 'zz%') THEN TRUE ELSE FALSE END,CASE WHEN ('GAMMA0' ILIKE 'zz%') THEN TRUE ELSE FALSE END,like_ilike,0,0.85,1.0,0.8,0.0,T0_generated_candidate,slot_sanity_or_static_issue,LLM_review_or_future_special_module,,,NONE_BASE,1,0,1
Y1_R032_C06_S05,Y1_basic_boolean,Y1,CASE WHEN ('DELTA1' ILIKE 'zz%') THEN TRUE ELSE FALSE END,CASE WHEN ('DELTA1' ILIKE 'zz%') THEN TRUE ELSE FALSE END,like_ilike,0,0.85,1.0,0.8,0.0,T0_generated_candidate,slot_sanity_or_static_issue,LLM_review_or_future_special_module,,,NONE_BASE,1,0,1
Y1_R032_C06_S06,Y1_basic_boolean,Y1,CASE WHEN ('OMEGA2' ILIKE 'zz%') THEN TRUE ELSE FALSE END,CASE WHEN ('OMEGA2' ILIKE 'zz%') THEN TRUE ELSE FALSE END,like_ilike,0,0.85,1.0,0.8,0.0,T0_generated_candidate,slot_sanity_or_static_issue,LLM_review_or_future_special_module,,,NONE_BASE,1,0,1
Y1_R032_C07_S01,Y1_basic_boolean,Y1,('ALPHA6' ILIKE 'al%') AND (75 = 75),('ALPHA6' ILIKE 'al%') AND (75 = 75),like_ilike,0,0.85,1.0,0.8,0.0,T0_generated_candidate,slot_sanity_or_static_issue,LLM_review_or_future_special_module,,,NONE_BASE,1,0,1
Y1_R032_C07_S02,Y1_basic_boolean,Y1,('BETA7' ILIKE 'be%') AND (88 = 88),('BETA7' ILIKE 'be%') AND (88 = 88),like_ilike,0,0.85,1.0,0.8,0.0,T0_generated_candidate,slot_sanity_or_static_issue,LLM_review_or_future_special_module,,,NONE_BASE,1,0,1
Y1_R032_C07_S03,Y1_basic_boolean,Y1,('GAMMA8' ILIKE 'ga%') AND (4 = 4),('GAMMA8' ILIKE 'ga%') AND (4 = 4),like_ilike,0,0.85,1.0,0.8,0.0,T0_generated_candidate,slot_sanity_or_static_issue,LLM_review_or_future_special_module,,,NONE_BASE,1,0,1
Y1_R032_C07_S04,Y1_basic_boolean,Y1,('DELTA0' ILIKE 'zz%') AND (17 = 17),('DELTA0' ILIKE 'zz%') AND (17 = 17),like_ilike,0,0.85,1.0,0.8,0.0,T0_generated_candidate,slot_sanity_or_static_issue,LLM_review_or_future_special_module,,,NONE_BASE,1,0,1
Y1_R032_C07_S05,Y1_basic_boolean,Y1,('OMEGA1' ILIKE 'zz%') AND (30 = 30),('OMEGA1' ILIKE 'zz%') AND (30 = 30),like_ilike,0,0.85,1.0,0.8,0.0,T0_generated_candidate,slot_sanity_or_static_issue,LLM_review_or_future_special_module,,,NONE_BASE,1,0,1
Y1_R032_C07_S06,Y1_basic_boolean,Y1,('ACTIVE2' ILIKE 'zz%') AND (43 = 43),('ACTIVE2' ILIKE 'zz%') AND (43 = 43),like_ilike,0,0.85,1.0,0.8,0.0,T0_generated_candidate,slot_sanity_or_static_issue,LLM_review_or_future_special_module,,,NONE_BASE,1,0,1
Y1_R032_C08_S01,Y1_basic_boolean,Y1,('BETA6' ILIKE 'be%') OR (6 <> 6),('BETA6' ILIKE 'be%') OR (6 <> 6),like_ilike,0,0.85,1.0,0.8,0.0,T0_generated_candidate,slot_sanity_or_static_issue,LLM_review_or_future_special_module,,,NONE_BASE,1,0,1
Y1_R032_C08_S02,Y1_basic_boolean,Y1,('GAMMA7' ILIKE 'ga%') OR (19 <> 19),('GAMMA7' ILIKE 'ga%') OR (19 <> 19),like_ilike,0,0.85,1.0,0.8,0.0,T0_generated_candidate,slot_sanity_or_static_issue,LLM_review_or_future_special_module,,,NONE_BASE,1,0,1
Y1_R032_C08_S03,Y1_basic_boolean,Y1,('DELTA8' ILIKE 'de%') OR (32 <> 32),('DELTA8' ILIKE 'de%') OR (32 <> 32),like_ilike,0,0.85,1.0,0.8,0.0,T0_generated_candidate,slot_sanity_or_static_issue,LLM_review_or_future_special_module,,,NONE_BASE,1,0,1
Y1_R032_C08_S04,Y1_basic_boolean,Y1,('OMEGA0' ILIKE 'zz%') OR (45 <> 45),('OMEGA0' ILIKE 'zz%') OR (45 <> 45),like_ilike,0,0.85,1.0,0.8,0.0,T0_generated_candidate,slot_sanity_or_static_issue,LLM_review_or_future_special_module,,,NONE_BASE,1,0,1
Y1_R032_C08_S05,Y1_basic_boolean,Y1,('ACTIVE1' ILIKE 'zz%') OR (58 <> 58),('ACTIVE1' ILIKE 'zz%') OR (58 <> 58),like_ilike,0,0.85,1.0,0.8,0.0,T0_generated_candidate,slot_sanity_or_static_issue,LLM_review_or_future_special_module,,,NONE_BASE,1,0,1
Y1_R032_C08_S06,Y1_basic_boolean,Y1,('PENDING2' ILIKE 'zz%') OR (71 <> 71),('PENDING2' ILIKE 'zz%') OR (71 <> 71),like_ilike,0,0.85,1.0,0.8,0.0,T0_generated_candidate,slot_sanity_or_static_issue,LLM_review_or_future_special_module,,,NONE_BASE,1,0,1
Y1_R032_C09_S01,Y1_basic_boolean,Y1,(('GAMMA6' ILIKE 'ga%') = TRUE),(('GAMMA6' ILIKE 'ga%') = TRUE),like_ilike,0,0.85,1.0,0.8,0.0,T0_generated_candidate,slot_sanity_or_static_issue,LLM_review_or_future_special_module,,,NONE_BASE,1,0,1
Y1_R032_C09_S02,Y1_basic_boolean,Y1,(('DELTA7' ILIKE 'de%') = TRUE),(('DELTA7' ILIKE 'de%') = TRUE),like_ilike,0,0.85,1.0,0.8,0.0,T0_generated_candidate,slot_sanity_or_static_issue,LLM_review_or_future_special_module,,,NONE_BASE,1,0,1
Y1_R032_C09_S03,Y1_basic_boolean,Y1,(('OMEGA8' ILIKE 'om%') = TRUE),(('OMEGA8' ILIKE 'om%') = TRUE),like_ilike,0,0.85,1.0,0.8,0.0,T0_generated_candidate,slot_sanity_or_static_issue,LLM_review_or_future_special_module,,,NONE_BASE,1,0,1
Y1_R032_C09_S04,Y1_basic_boolean,Y1,(('ACTIVE0' ILIKE 'zz%') = TRUE),(('ACTIVE0' ILIKE 'zz%') = TRUE),like_ilike,0,0.85,1.0,0.8,0.0,T0_generated_candidate,slot_sanity_or_static_issue,LLM_review_or_future_special_module,,,NONE_BASE,1,0,1
Y1_R032_C09_S05,Y1_basic_boolean,Y1,(('PENDING1' ILIKE 'zz%') = TRUE),(('PENDING1' ILIKE 'zz%') = TRUE),like_ilike,0,0.85,1.0,0.8,0.0,T0_generated_candidate,slot_sanity_or_static_issue,LLM_review_or_future_special_module,,,NONE_BASE,1,0,1
Y1_R032_C09_S06,Y1_basic_boolean,Y1,(('PUBLIC2' ILIKE 'zz%') = TRUE),(('PUBLIC2' ILIKE 'zz%') = TRUE),like_ilike,0,0.85,1.0,0.8,0.0,T0_generated_candidate,slot_sanity_or_static_issue,LLM_review_or_future_special_module,,,NONE_BASE,1,0,1
Y1_R032_C10_S01,Y1_basic_boolean,Y1,"COALESCE(('DELTA6' ILIKE 'de%'), FALSE)","COALESCE(('DELTA6' ILIKE 'de%'), FALSE)",like_ilike,0,0.85,1.0,0.8,0.0,T0_generated_candidate,slot_sanity_or_static_issue,LLM_review_or_future_special_module,,,NONE_BASE,1,0,1
Y1_R032_C10_S02,Y1_basic_boolean,Y1,"COALESCE(('OMEGA7' ILIKE 'om%'), FALSE)","COALESCE(('OMEGA7' ILIKE 'om%'), FALSE)",like_ilike,0,0.85,1.0,0.8,0.0,T0_generated_candidate,slot_sanity_or_static_issue,LLM_review_or_future_special_module,,,NONE_BASE,1,0,1
Y1_R032_C10_S03,Y1_basic_boolean,Y1,"COALESCE(('ACTIVE8' ILIKE 'ac%'), FALSE)","COALESCE(('ACTIVE8' ILIKE 'ac%'), FALSE)",like_ilike,0,0.85,1.0,0.8,0.0,T0_generated_candidate,slot_sanity_or_static_issue,LLM_review_or_future_special_module,,,NONE_BASE,1,0,1
Y1_R032_C10_S04,Y1_basic_boolean,Y1,"COALESCE(('PENDING0' ILIKE 'zz%'), FALSE)","COALESCE(('PENDING0' ILIKE 'zz%'), FALSE)",like_ilike,0,0.85,1.0,0.8,0.0,T0_generated_candidate,slot_sanity_or_static_issue,LLM_review_or_future_special_module,,,NONE_BASE,1,0,1
Y1_R032_C10_S05,Y1_basic_boolean,Y1,"COALESCE(('PUBLIC1' ILIKE 'zz%'), FALSE)","COALESCE(('PUBLIC1' ILIKE 'zz%'), FALSE)",like_ilike,0,0.85,1.0,0.8,0.0,T0_generated_candidate,slot_sanity_or_static_issue,LLM_review_or_future_special_module,,,NONE_BASE,1,0,1
Y1_R032_C10_S06,Y1_basic_boolean,Y1,"COALESCE(('MEMBER2' ILIKE 'zz%'), FALSE)","COALESCE(('MEMBER2' ILIKE 'zz%'), FALSE)",like_ilike,0,0.85,1.0,0.8,0.0,T0_generated_candidate,slot_sanity_or_static_issue,LLM_review_or_future_special_module,,,NONE_BASE,1,0,1
Y1_R033_C01_S01,Y1_basic_boolean,Y1,'core7' NOT LIKE 'zz%','core7' NOT LIKE 'zz%',like_ilike,0,0.85,1.0,0.8,0.0,T0_generated_candidate,slot_sanity_or_static_issue,LLM_review_or_future_special_module,,,NONE_BASE,1,0,1
Y1_R033_C01_S02,Y1_basic_boolean,Y1,'safe8' NOT LIKE 'zz%','safe8' NOT LIKE 'zz%',like_ilike,0,0.85,1.0,0.8,0.0,T0_generated_candidate,slot_sanity_or_static_issue,LLM_review_or_future_special_module,,,NONE_BASE,1,0,1
Y1_R033_C01_S03,Y1_basic_boolean,Y1,'audit0' NOT LIKE 'zz%','audit0' NOT LIKE 'zz%',like_ilike,0,0.85,1.0,0.8,0.0,T0_generated_candidate,slot_sanity_or_static_issue,LLM_review_or_future_special_module,,,NONE_BASE,1,0,1
Y1_R033_C01_S04,Y1_basic_boolean,Y1,'trace1' NOT LIKE 'tr%','trace1' NOT LIKE 'tr%',like_ilike,0,0.85,1.0,0.8,0.0,T0_generated_candidate,slot_sanity_or_static_issue,LLM_review_or_future_special_module,,,NONE_BASE,1,0,1
Y1_R033_C01_S05,Y1_basic_boolean,Y1,'signal2' NOT LIKE 'si%','signal2' NOT LIKE 'si%',like_ilike,0,0.85,1.0,0.8,0.0,T0_generated_candidate,slot_sanity_or_static_issue,LLM_review_or_future_special_module,,,NONE_BASE,1,0,1
Y1_R033_C01_S06,Y1_basic_boolean,Y1,'alpha3' NOT LIKE 'al%','alpha3' NOT LIKE 'al%',like_ilike,0,0.85,1.0,0.8,0.0,T0_generated_candidate,slot_sanity_or_static_issue,LLM_review_or_future_special_module,,,NONE_BASE,1,0,1
Y1_R033_C02_S01,Y1_basic_boolean,Y1,('safe7' NOT LIKE 'zz%'),('safe7' NOT LIKE 'zz%'),like_ilike,0,0.85,1.0,0.8,0.0,T0_generated_candidate,slot_sanity_or_static_issue,LLM_review_or_future_special_module,,,NONE_BASE,1,0,1
Y1_R033_C02_S02,Y1_basic_boolean,Y1,('audit8' NOT LIKE 'zz%'),('audit8' NOT LIKE 'zz%'),like_ilike,0,0.85,1.0,0.8,0.0,T0_generated_candidate,slot_sanity_or_static_issue,LLM_review_or_future_special_module,,,NONE_BASE,1,0,1
Y1_R033_C02_S03,Y1_basic_boolean,Y1,('trace0' NOT LIKE 'zz%'),('trace0' NOT LIKE 'zz%'),like_ilike,0,0.85,1.0,0.8,0.0,T0_generated_candidate,slot_sanity_or_static_issue,LLM_review_or_future_special_module,,,NONE_BASE,1,0,1
Y1_R033_C02_S04,Y1_basic_boolean,Y1,('signal1' NOT LIKE 'si%'),('signal1' NOT LIKE 'si%'),like_ilike,0,0.85,1.0,0.8,0.0,T0_generated_candidate,slot_sanity_or_static_issue,LLM_review_or_future_special_module,,,NONE_BASE,1,0,1
Y1_R033_C02_S05,Y1_basic_boolean,Y1,('alpha2' NOT LIKE 'al%'),('alpha2' NOT LIKE 'al%'),like_ilike,0,0.85,1.0,0.8,0.0,T0_generated_candidate,slot_sanity_or_static_issue,LLM_review_or_future_special_module,,,NONE_BASE,1,0,1
Y1_R033_C02_S06,Y1_basic_boolean,Y1,('beta3' NOT LIKE 'be%'),('beta3' NOT LIKE 'be%'),like_ilike,0,0.85,1.0,0.8,0.0,T0_generated_candidate,slot_sanity_or_static_issue,LLM_review_or_future_special_module,,,NONE_BASE,1,0,1
Y1_R033_C03_S01,Y1_basic_boolean,Y1,NOT ('audit7' NOT LIKE 'au%'),NOT ('audit7' NOT LIKE 'au%'),like_ilike,0,0.85,1.0,0.8,0.0,T0_generated_candidate,slot_sanity_or_static_issue,LLM_review_or_future_special_module,,,NONE_BASE,1,0,1
Y1_R033_C03_S02,Y1_basic_boolean,Y1,NOT ('trace8' NOT LIKE 'tr%'),NOT ('trace8' NOT LIKE 'tr%'),like_ilike,0,0.85,1.0,0.8,0.0,T0_generated_candidate,slot_sanity_or_static_issue,LLM_review_or_future_special_module,,,NONE_BASE,1,0,1
Y1_R033_C03_S03,Y1_basic_boolean,Y1,NOT ('signal0' NOT LIKE 'si%'),NOT ('signal0' NOT LIKE 'si%'),like_ilike,0,0.85,1.0,0.8,0.0,T0_generated_candidate,slot_sanity_or_static_issue,LLM_review_or_future_special_module,,,NONE_BASE,1,0,1
Y1_R033_C03_S04,Y1_basic_boolean,Y1,NOT ('alpha1' NOT LIKE 'zz%'),NOT ('alpha1' NOT LIKE 'zz%'),like_ilike,0,0.85,1.0,0.8,0.0,T0_generated_candidate,slot_sanity_or_static_issue,LLM_review_or_future_special_module,,,NONE_BASE,1,0,1
Y1_R033_C03_S05,Y1_basic_boolean,Y1,NOT ('beta2' NOT LIKE 'zz%'),NOT ('beta2' NOT LIKE 'zz%'),like_ilike,0,0.85,1.0,0.8,0.0,T0_generated_candidate,slot_sanity_or_static_issue,LLM_review_or_future_special_module,,,NONE_BASE,1,0,1
Y1_R033_C03_S06,Y1_basic_boolean,Y1,NOT ('gamma3' NOT LIKE 'zz%'),NOT ('gamma3' NOT LIKE 'zz%'),like_ilike,0,0.85,1.0,0.8,0.0,T0_generated_candidate,slot_sanity_or_static_issue,LLM_review_or_future_special_module,,,NONE_BASE,1,0,1
Y1_R033_C04_S01,Y1_basic_boolean,Y1,('trace7' NOT LIKE 'zz%') IS TRUE,('trace7' NOT LIKE 'zz%') IS TRUE,like_ilike,0,0.85,1.0,0.8,0.0,T0_generated_candidate,slot_sanity_or_static_issue,LLM_review_or_future_special_module,,,NONE_BASE,1,0,1
Y1_R033_C04_S02,Y1_basic_boolean,Y1,('signal8' NOT LIKE 'zz%') IS TRUE,('signal8' NOT LIKE 'zz%') IS TRUE,like_ilike,0,0.85,1.0,0.8,0.0,T0_generated_candidate,slot_sanity_or_static_issue,LLM_review_or_future_special_module,,,NONE_BASE,1,0,1
Y1_R033_C04_S03,Y1_basic_boolean,Y1,('alpha0' NOT LIKE 'zz%') IS TRUE,('alpha0' NOT LIKE 'zz%') IS TRUE,like_ilike,0,0.85,1.0,0.8,0.0,T0_generated_candidate,slot_sanity_or_static_issue,LLM_review_or_future_special_module,,,NONE_BASE,1,0,1
Y1_R033_C04_S04,Y1_basic_boolean,Y1,('beta1' NOT LIKE 'be%') IS TRUE,('beta1' NOT LIKE 'be%') IS TRUE,like_ilike,0,0.85,1.0,0.8,0.0,T0_generated_candidate,slot_sanity_or_static_issue,LLM_review_or_future_special_module,,,NONE_BASE,1,0,1
Y1_R033_C04_S05,Y1_basic_boolean,Y1,('gamma2' NOT LIKE 'ga%') IS TRUE,('gamma2' NOT LIKE 'ga%') IS TRUE,like_ilike,0,0.85,1.0,0.8,0.0,T0_generated_candidate,slot_sanity_or_static_issue,LLM_review_or_future_special_module,,,NONE_BASE,1,0,1
Y1_R033_C04_S06,Y1_basic_boolean,Y1,('delta3' NOT LIKE 'de%') IS TRUE,('delta3' NOT LIKE 'de%') IS TRUE,like_ilike,0,0.85,1.0,0.8,0.0,T0_generated_candidate,slot_sanity_or_static_issue,LLM_review_or_future_special_module,,,NONE_BASE,1,0,1
Y1_R033_C05_S01,Y1_basic_boolean,Y1,('signal7' NOT LIKE 'zz%') IS NOT FALSE,('signal7' NOT LIKE 'zz%') IS NOT FALSE,like_ilike,0,0.85,1.0,0.8,0.0,T0_generated_candidate,slot_sanity_or_static_issue,LLM_review_or_future_special_module,,,NONE_BASE,1,0,1
Y1_R033_C05_S02,Y1_basic_boolean,Y1,('alpha8' NOT LIKE 'zz%') IS NOT FALSE,('alpha8' NOT LIKE 'zz%') IS NOT FALSE,like_ilike,0,0.85,1.0,0.8,0.0,T0_generated_candidate,slot_sanity_or_static_issue,LLM_review_or_future_special_module,,,NONE_BASE,1,0,1
Y1_R033_C05_S03,Y1_basic_boolean,Y1,('beta0' NOT LIKE 'zz%') IS NOT FALSE,('beta0' NOT LIKE 'zz%') IS NOT FALSE,like_ilike,0,0.85,1.0,0.8,0.0,T0_generated_candidate,slot_sanity_or_static_issue,LLM_review_or_future_special_module,,,NONE_BASE,1,0,1
Y1_R033_C05_S04,Y1_basic_boolean,Y1,('gamma1' NOT LIKE 'ga%') IS NOT FALSE,('gamma1' NOT LIKE 'ga%') IS NOT FALSE,like_ilike,0,0.85,1.0,0.8,0.0,T0_generated_candidate,slot_sanity_or_static_issue,LLM_review_or_future_special_module,,,NONE_BASE,1,0,1
Y1_R033_C05_S05,Y1_basic_boolean,Y1,('delta2' NOT LIKE 'de%') IS NOT FALSE,('delta2' NOT LIKE 'de%') IS NOT FALSE,like_ilike,0,0.85,1.0,0.8,0.0,T0_generated_candidate,slot_sanity_or_static_issue,LLM_review_or_future_special_module,,,NONE_BASE,1,0,1
Y1_R033_C05_S06,Y1_basic_boolean,Y1,('omega3' NOT LIKE 'om%') IS NOT FALSE,('omega3' NOT LIKE 'om%') IS NOT FALSE,like_ilike,0,0.85,1.0,0.8,0.0,T0_generated_candidate,slot_sanity_or_static_issue,LLM_review_or_future_special_module,,,NONE_BASE,1,0,1
Y1_R033_C06_S01,Y1_basic_boolean,Y1,CASE WHEN ('alpha7' NOT LIKE 'zz%') THEN TRUE ELSE FALSE END,CASE WHEN ('alpha7' NOT LIKE 'zz%') THEN TRUE ELSE FALSE END,like_ilike,0,0.85,1.0,0.8,0.0,T0_generated_candidate,slot_sanity_or_static_issue,LLM_review_or_future_special_module,,,NONE_BASE,1,0,1
Y1_R033_C06_S02,Y1_basic_boolean,Y1,CASE WHEN ('beta8' NOT LIKE 'zz%') THEN TRUE ELSE FALSE END,CASE WHEN ('beta8' NOT LIKE 'zz%') THEN TRUE ELSE FALSE END,like_ilike,0,0.85,1.0,0.8,0.0,T0_generated_candidate,slot_sanity_or_static_issue,LLM_review_or_future_special_module,,,NONE_BASE,1,0,1
Y1_R033_C06_S03,Y1_basic_boolean,Y1,CASE WHEN ('gamma0' NOT LIKE 'zz%') THEN TRUE ELSE FALSE END,CASE WHEN ('gamma0' NOT LIKE 'zz%') THEN TRUE ELSE FALSE END,like_ilike,0,0.85,1.0,0.8,0.0,T0_generated_candidate,slot_sanity_or_static_issue,LLM_review_or_future_special_module,,,NONE_BASE,1,0,1
Y1_R033_C06_S04,Y1_basic_boolean,Y1,CASE WHEN ('delta1' NOT LIKE 'de%') THEN TRUE ELSE FALSE END,CASE WHEN ('delta1' NOT LIKE 'de%') THEN TRUE ELSE FALSE END,like_ilike,0,0.85,1.0,0.8,0.0,T0_generated_candidate,slot_sanity_or_static_issue,LLM_review_or_future_special_module,,,NONE_BASE,1,0,1
Y1_R033_C06_S05,Y1_basic_boolean,Y1,CASE WHEN ('omega2' NOT LIKE 'om%') THEN TRUE ELSE FALSE END,CASE WHEN ('omega2' NOT LIKE 'om%') THEN TRUE ELSE FALSE END,like_ilike,0,0.85,1.0,0.8,0.0,T0_generated_candidate,slot_sanity_or_static_issue,LLM_review_or_future_special_module,,,NONE_BASE,1,0,1
Y1_R033_C06_S06,Y1_basic_boolean,Y1,CASE WHEN ('active3' NOT LIKE 'ac%') THEN TRUE ELSE FALSE END,CASE WHEN ('active3' NOT LIKE 'ac%') THEN TRUE ELSE FALSE END,like_ilike,0,0.85,1.0,0.8,0.0,T0_generated_candidate,slot_sanity_or_static_issue,LLM_review_or_future_special_module,,,NONE_BASE,1,0,1
Y1_R033_C07_S01,Y1_basic_boolean,Y1,('beta7' NOT LIKE 'zz%') AND (82 = 82),('beta7' NOT LIKE 'zz%') AND (82 = 82),like_ilike,0,0.85,1.0,0.8,0.0,T0_generated_candidate,slot_sanity_or_static_issue,LLM_review_or_future_special_module,,,NONE_BASE,1,0,1
Y1_R033_C07_S02,Y1_basic_boolean,Y1,('gamma8' NOT LIKE 'zz%') AND (95 = 95),('gamma8' NOT LIKE 'zz%') AND (95 = 95),like_ilike,0,0.85,1.0,0.8,0.0,T0_generated_candidate,slot_sanity_or_static_issue,LLM_review_or_future_special_module,,,NONE_BASE,1,0,1
Y1_R033_C07_S03,Y1_basic_boolean,Y1,('delta0' NOT LIKE 'zz%') AND (11 = 11),('delta0' NOT LIKE 'zz%') AND (11 = 11),like_ilike,0,0.85,1.0,0.8,0.0,T0_generated_candidate,slot_sanity_or_static_issue,LLM_review_or_future_special_module,,,NONE_BASE,1,0,1
Y1_R033_C07_S04,Y1_basic_boolean,Y1,('omega1' NOT LIKE 'om%') AND (24 = 24),('omega1' NOT LIKE 'om%') AND (24 = 24),like_ilike,0,0.85,1.0,0.8,0.0,T0_generated_candidate,slot_sanity_or_static_issue,LLM_review_or_future_special_module,,,NONE_BASE,1,0,1
Y1_R033_C07_S05,Y1_basic_boolean,Y1,('active2' NOT LIKE 'ac%') AND (37 = 37),('active2' NOT LIKE 'ac%') AND (37 = 37),like_ilike,0,0.85,1.0,0.8,0.0,T0_generated_candidate,slot_sanity_or_static_issue,LLM_review_or_future_special_module,,,NONE_BASE,1,0,1
Y1_R033_C07_S06,Y1_basic_boolean,Y1,('pending3' NOT LIKE 'pe%') AND (50 = 50),('pending3' NOT LIKE 'pe%') AND (50 = 50),like_ilike,0,0.85,1.0,0.8,0.0,T0_generated_candidate,slot_sanity_or_static_issue,LLM_review_or_future_special_module,,,NONE_BASE,1,0,1
Y1_R033_C08_S01,Y1_basic_boolean,Y1,('gamma7' NOT LIKE 'zz%') OR (13 <> 13),('gamma7' NOT LIKE 'zz%') OR (13 <> 13),like_ilike,0,0.85,1.0,0.8,0.0,T0_generated_candidate,slot_sanity_or_static_issue,LLM_review_or_future_special_module,,,NONE_BASE,1,0,1
Y1_R033_C08_S02,Y1_basic_boolean,Y1,('delta8' NOT LIKE 'zz%') OR (26 <> 26),('delta8' NOT LIKE 'zz%') OR (26 <> 26),like_ilike,0,0.85,1.0,0.8,0.0,T0_generated_candidate,slot_sanity_or_static_issue,LLM_review_or_future_special_module,,,NONE_BASE,1,0,1
Y1_R033_C08_S03,Y1_basic_boolean,Y1,('omega0' NOT LIKE 'zz%') OR (39 <> 39),('omega0' NOT LIKE 'zz%') OR (39 <> 39),like_ilike,0,0.85,1.0,0.8,0.0,T0_generated_candidate,slot_sanity_or_static_issue,LLM_review_or_future_special_module,,,NONE_BASE,1,0,1
Y1_R033_C08_S04,Y1_basic_boolean,Y1,('active1' NOT LIKE 'ac%') OR (52 <> 52),('active1' NOT LIKE 'ac%') OR (52 <> 52),like_ilike,0,0.85,1.0,0.8,0.0,T0_generated_candidate,slot_sanity_or_static_issue,LLM_review_or_future_special_module,,,NONE_BASE,1,0,1
Y1_R033_C08_S05,Y1_basic_boolean,Y1,('pending2' NOT LIKE 'pe%') OR (65 <> 65),('pending2' NOT LIKE 'pe%') OR (65 <> 65),like_ilike,0,0.85,1.0,0.8,0.0,T0_generated_candidate,slot_sanity_or_static_issue,LLM_review_or_future_special_module,,,NONE_BASE,1,0,1
Y1_R033_C08_S06,Y1_basic_boolean,Y1,('public3' NOT LIKE 'pu%') OR (78 <> 78),('public3' NOT LIKE 'pu%') OR (78 <> 78),like_ilike,0,0.85,1.0,0.8,0.0,T0_generated_candidate,slot_sanity_or_static_issue,LLM_review_or_future_special_module,,,NONE_BASE,1,0,1
Y1_R033_C09_S01,Y1_basic_boolean,Y1,(('delta7' NOT LIKE 'zz%') = TRUE),(('delta7' NOT LIKE 'zz%') = TRUE),like_ilike,0,0.85,1.0,0.8,0.0,T0_generated_candidate,slot_sanity_or_static_issue,LLM_review_or_future_special_module,,,NONE_BASE,1,0,1
Y1_R033_C09_S02,Y1_basic_boolean,Y1,(('omega8' NOT LIKE 'zz%') = TRUE),(('omega8' NOT LIKE 'zz%') = TRUE),like_ilike,0,0.85,1.0,0.8,0.0,T0_generated_candidate,slot_sanity_or_static_issue,LLM_review_or_future_special_module,,,NONE_BASE,1,0,1
Y1_R033_C09_S03,Y1_basic_boolean,Y1,(('active0' NOT LIKE 'zz%') = TRUE),(('active0' NOT LIKE 'zz%') = TRUE),like_ilike,0,0.85,1.0,0.8,0.0,T0_generated_candidate,slot_sanity_or_static_issue,LLM_review_or_future_special_module,,,NONE_BASE,1,0,1
Y1_R033_C09_S04,Y1_basic_boolean,Y1,(('pending1' NOT LIKE 'pe%') = TRUE),(('pending1' NOT LIKE 'pe%') = TRUE),like_ilike,0,0.85,1.0,0.8,0.0,T0_generated_candidate,slot_sanity_or_static_issue,LLM_review_or_future_special_module,,,NONE_BASE,1,0,1
Y1_R033_C09_S05,Y1_basic_boolean,Y1,(('public2' NOT LIKE 'pu%') = TRUE),(('public2' NOT LIKE 'pu%') = TRUE),like_ilike,0,0.85,1.0,0.8,0.0,T0_generated_candidate,slot_sanity_or_static_issue,LLM_review_or_future_special_module,,,NONE_BASE,1,0,1
Y1_R033_C09_S06,Y1_basic_boolean,Y1,(('member3' NOT LIKE 'me%') = TRUE),(('member3' NOT LIKE 'me%') = TRUE),like_ilike,0,0.85,1.0,0.8,0.0,T0_generated_candidate,slot_sanity_or_static_issue,LLM_review_or_future_special_module,,,NONE_BASE,1,0,1
Y1_R033_C10_S01,Y1_basic_boolean,Y1,"COALESCE(('omega7' NOT LIKE 'zz%'), FALSE)","COALESCE(('omega7' NOT LIKE 'zz%'), FALSE)",like_ilike,0,0.85,1.0,0.8,0.0,T0_generated_candidate,slot_sanity_or_static_issue,LLM_review_or_future_special_module,,,NONE_BASE,1,0,1
Y1_R033_C10_S02,Y1_basic_boolean,Y1,"COALESCE(('active8' NOT LIKE 'zz%'), FALSE)","COALESCE(('active8' NOT LIKE 'zz%'), FALSE)",like_ilike,0,0.85,1.0,0.8,0.0,T0_generated_candidate,slot_sanity_or_static_issue,LLM_review_or_future_special_module,,,NONE_BASE,1,0,1
Y1_R033_C10_S03,Y1_basic_boolean,Y1,"COALESCE(('pending0' NOT LIKE 'zz%'), FALSE)","COALESCE(('pending0' NOT LIKE 'zz%'), FALSE)",like_ilike,0,0.85,1.0,0.8,0.0,T0_generated_candidate,slot_sanity_or_static_issue,LLM_review_or_future_special_module,,,NONE_BASE,1,0,1
Y1_R033_C10_S04,Y1_basic_boolean,Y1,"COALESCE(('public1' NOT LIKE 'pu%'), FALSE)","COALESCE(('public1' NOT LIKE 'pu%'), FALSE)",like_ilike,0,0.85,1.0,0.8,0.0,T0_generated_candidate,slot_sanity_or_static_issue,LLM_review_or_future_special_module,,,NONE_BASE,1,0,1
Y1_R033_C10_S05,Y1_basic_boolean,Y1,"COALESCE(('member2' NOT LIKE 'me%'), FALSE)","COALESCE(('member2' NOT LIKE 'me%'), FALSE)",like_ilike,0,0.85,1.0,0.8,0.0,T0_generated_candidate,slot_sanity_or_static_issue,LLM_review_or_future_special_module,,,NONE_BASE,1,0,1
Y1_R033_C10_S06,Y1_basic_boolean,Y1,"COALESCE(('stone3' NOT LIKE 'st%'), FALSE)","COALESCE(('stone3' NOT LIKE 'st%'), FALSE)",like_ilike,0,0.85,1.0,0.8,0.0,T0_generated_candidate,slot_sanity_or_static_issue,LLM_review_or_future_special_module,,,NONE_BASE,1,0,1
Y1_R034_C01_S01,Y1_basic_boolean,Y1,'safe8' LIKE '%e8','safe8' LIKE '%e8',like_ilike,0,0.85,1.0,0.8,0.0,T0_generated_candidate,slot_sanity_or_static_issue,LLM_review_or_future_special_module,,,NONE_BASE,1,0,1
Y1_R034_C01_S02,Y1_basic_boolean,Y1,'audit0' LIKE '%t0','audit0' LIKE '%t0',like_ilike,0,0.85,1.0,0.8,0.0,T0_generated_candidate,slot_sanity_or_static_issue,LLM_review_or_future_special_module,,,NONE_BASE,1,0,1
Y1_R034_C01_S03,Y1_basic_boolean,Y1,'trace1' LIKE '%e1','trace1' LIKE '%e1',like_ilike,0,0.85,1.0,0.8,0.0,T0_generated_candidate,slot_sanity_or_static_issue,LLM_review_or_future_special_module,,,NONE_BASE,1,0,1
Y1_R034_C01_S04,Y1_basic_boolean,Y1,'signal2' LIKE '%zz','signal2' LIKE '%zz',like_ilike,0,0.85,1.0,0.8,0.0,T0_generated_candidate,slot_sanity_or_static_issue,LLM_review_or_future_special_module,,,NONE_BASE,1,0,1
Y1_R034_C01_S05,Y1_basic_boolean,Y1,'alpha3' LIKE '%zz','alpha3' LIKE '%zz',like_ilike,0,0.85,1.0,0.8,0.0,T0_generated_candidate,slot_sanity_or_static_issue,LLM_review_or_future_special_module,,,NONE_BASE,1,0,1
Y1_R034_C01_S06,Y1_basic_boolean,Y1,'beta4' LIKE '%zz','beta4' LIKE '%zz',like_ilike,0,0.85,1.0,0.8,0.0,T0_generated_candidate,slot_sanity_or_static_issue,LLM_review_or_future_special_module,,,NONE_BASE,1,0,1
Y1_R034_C02_S01,Y1_basic_boolean,Y1,('audit8' LIKE '%t8'),('audit8' LIKE '%t8'),like_ilike,0,0.85,1.0,0.8,0.0,T0_generated_candidate,slot_sanity_or_static_issue,LLM_review_or_future_special_module,,,NONE_BASE,1,0,1
Y1_R034_C02_S02,Y1_basic_boolean,Y1,('trace0' LIKE '%e0'),('trace0' LIKE '%e0'),like_ilike,0,0.85,1.0,0.8,0.0,T0_generated_candidate,slot_sanity_or_static_issue,LLM_review_or_future_special_module,,,NONE_BASE,1,0,1
Y1_R034_C02_S03,Y1_basic_boolean,Y1,('signal1' LIKE '%l1'),('signal1' LIKE '%l1'),like_ilike,0,0.85,1.0,0.8,0.0,T0_generated_candidate,slot_sanity_or_static_issue,LLM_review_or_future_special_module,,,NONE_BASE,1,0,1
Y1_R034_C02_S04,Y1_basic_boolean,Y1,('alpha2' LIKE '%zz'),('alpha2' LIKE '%zz'),like_ilike,0,0.85,1.0,0.8,0.0,T0_generated_candidate,slot_sanity_or_static_issue,LLM_review_or_future_special_module,,,NONE_BASE,1,0,1
Y1_R034_C02_S05,Y1_basic_boolean,Y1,('beta3' LIKE '%zz'),('beta3' LIKE '%zz'),like_ilike,0,0.85,1.0,0.8,0.0,T0_generated_candidate,slot_sanity_or_static_issue,LLM_review_or_future_special_module,,,NONE_BASE,1,0,1
Y1_R034_C02_S06,Y1_basic_boolean,Y1,('gamma4' LIKE '%zz'),('gamma4' LIKE '%zz'),like_ilike,0,0.85,1.0,0.8,0.0,T0_generated_candidate,slot_sanity_or_static_issue,LLM_review_or_future_special_module,,,NONE_BASE,1,0,1
Y1_R034_C03_S01,Y1_basic_boolean,Y1,NOT ('trace8' LIKE '%zz'),NOT ('trace8' LIKE '%zz'),like_ilike,0,0.85,1.0,0.8,0.0,T0_generated_candidate,slot_sanity_or_static_issue,LLM_review_or_future_special_module,,,NONE_BASE,1,0,1
Y1_R034_C03_S02,Y1_basic_boolean,Y1,NOT ('signal0' LIKE '%zz'),NOT ('signal0' LIKE '%zz'),like_ilike,0,0.85,1.0,0.8,0.0,T0_generated_candidate,slot_sanity_or_static_issue,LLM_review_or_future_special_module,,,NONE_BASE,1,0,1
Y1_R034_C03_S03,Y1_basic_boolean,Y1,NOT ('alpha1' LIKE '%zz'),NOT ('alpha1' LIKE '%zz'),like_ilike,0,0.85,1.0,0.8,0.0,T0_generated_candidate,slot_sanity_or_static_issue,LLM_review_or_future_special_module,,,NONE_BASE,1,0,1
Y1_R034_C03_S04,Y1_basic_boolean,Y1,NOT ('beta2' LIKE '%a2'),NOT ('beta2' LIKE '%a2'),like_ilike,0,0.85,1.0,0.8,0.0,T0_generated_candidate,slot_sanity_or_static_issue,LLM_review_or_future_special_module,,,NONE_BASE,1,0,1
Y1_R034_C03_S05,Y1_basic_boolean,Y1,NOT ('gamma3' LIKE '%a3'),NOT ('gamma3' LIKE '%a3'),like_ilike,0,0.85,1.0,0.8,0.0,T0_generated_candidate,slot_sanity_or_static_issue,LLM_review_or_future_special_module,,,NONE_BASE,1,0,1
Y1_R034_C03_S06,Y1_basic_boolean,Y1,NOT ('delta4' LIKE '%a4'),NOT ('delta4' LIKE '%a4'),like_ilike,0,0.85,1.0,0.8,0.0,T0_generated_candidate,slot_sanity_or_static_issue,LLM_review_or_future_special_module,,,NONE_BASE,1,0,1
Y1_R034_C04_S01,Y1_basic_boolean,Y1,('signal8' LIKE '%l8') IS TRUE,('signal8' LIKE '%l8') IS TRUE,like_ilike,0,0.85,1.0,0.8,0.0,T0_generated_candidate,slot_sanity_or_static_issue,LLM_review_or_future_special_module,,,NONE_BASE,1,0,1
Y1_R034_C04_S02,Y1_basic_boolean,Y1,('alpha0' LIKE '%a0') IS TRUE,('alpha0' LIKE '%a0') IS TRUE,like_ilike,0,0.85,1.0,0.8,0.0,T0_generated_candidate,slot_sanity_or_static_issue,LLM_review_or_future_special_module,,,NONE_BASE,1,0,1
Y1_R034_C04_S03,Y1_basic_boolean,Y1,('beta1' LIKE '%a1') IS TRUE,('beta1' LIKE '%a1') IS TRUE,like_ilike,0,0.85,1.0,0.8,0.0,T0_generated_candidate,slot_sanity_or_static_issue,LLM_review_or_future_special_module,,,NONE_BASE,1,0,1
Y1_R034_C04_S04,Y1_basic_boolean,Y1,('gamma2' LIKE '%zz') IS TRUE,('gamma2' LIKE '%zz') IS TRUE,like_ilike,0,0.85,1.0,0.8,0.0,T0_generated_candidate,slot_sanity_or_static_issue,LLM_review_or_future_special_module,,,NONE_BASE,1,0,1
Y1_R034_C04_S05,Y1_basic_boolean,Y1,('delta3' LIKE '%zz') IS TRUE,('delta3' LIKE '%zz') IS TRUE,like_ilike,0,0.85,1.0,0.8,0.0,T0_generated_candidate,slot_sanity_or_static_issue,LLM_review_or_future_special_module,,,NONE_BASE,1,0,1
Y1_R034_C04_S06,Y1_basic_boolean,Y1,('omega4' LIKE '%zz') IS TRUE,('omega4' LIKE '%zz') IS TRUE,like_ilike,0,0.85,1.0,0.8,0.0,T0_generated_candidate,slot_sanity_or_static_issue,LLM_review_or_future_special_module,,,NONE_BASE,1,0,1
Y1_R034_C05_S01,Y1_basic_boolean,Y1,('alpha8' LIKE '%a8') IS NOT FALSE,('alpha8' LIKE '%a8') IS NOT FALSE,like_ilike,0,0.85,1.0,0.8,0.0,T0_generated_candidate,slot_sanity_or_static_issue,LLM_review_or_future_special_module,,,NONE_BASE,1,0,1
Y1_R034_C05_S02,Y1_basic_boolean,Y1,('beta0' LIKE '%a0') IS NOT FALSE,('beta0' LIKE '%a0') IS NOT FALSE,like_ilike,0,0.85,1.0,0.8,0.0,T0_generated_candidate,slot_sanity_or_static_issue,LLM_review_or_future_special_module,,,NONE_BASE,1,0,1
Y1_R034_C05_S03,Y1_basic_boolean,Y1,('gamma1' LIKE '%a1') IS NOT FALSE,('gamma1' LIKE '%a1') IS NOT FALSE,like_ilike,0,0.85,1.0,0.8,0.0,T0_generated_candidate,slot_sanity_or_static_issue,LLM_review_or_future_special_module,,,NONE_BASE,1,0,1
Y1_R034_C05_S04,Y1_basic_boolean,Y1,('delta2' LIKE '%zz') IS NOT FALSE,('delta2' LIKE '%zz') IS NOT FALSE,like_ilike,0,0.85,1.0,0.8,0.0,T0_generated_candidate,slot_sanity_or_static_issue,LLM_review_or_future_special_module,,,NONE_BASE,1,0,1
Y1_R034_C05_S05,Y1_basic_boolean,Y1,('omega3' LIKE '%zz') IS NOT FALSE,('omega3' LIKE '%zz') IS NOT FALSE,like_ilike,0,0.85,1.0,0.8,0.0,T0_generated_candidate,slot_sanity_or_static_issue,LLM_review_or_future_special_module,,,NONE_BASE,1,0,1
Y1_R034_C05_S06,Y1_basic_boolean,Y1,('active4' LIKE '%zz') IS NOT FALSE,('active4' LIKE '%zz') IS NOT FALSE,like_ilike,0,0.85,1.0,0.8,0.0,T0_generated_candidate,slot_sanity_or_static_issue,LLM_review_or_future_special_module,,,NONE_BASE,1,0,1
Y1_R034_C06_S01,Y1_basic_boolean,Y1,CASE WHEN ('beta8' LIKE '%a8') THEN TRUE ELSE FALSE END,CASE WHEN ('beta8' LIKE '%a8') THEN TRUE ELSE FALSE END,like_ilike,0,0.85,1.0,0.8,0.0,T0_generated_candidate,slot_sanity_or_static_issue,LLM_review_or_future_special_module,,,NONE_BASE,1,0,1
Y1_R034_C06_S02,Y1_basic_boolean,Y1,CASE WHEN ('gamma0' LIKE '%a0') THEN TRUE ELSE FALSE END,CASE WHEN ('gamma0' LIKE '%a0') THEN TRUE ELSE FALSE END,like_ilike,0,0.85,1.0,0.8,0.0,T0_generated_candidate,slot_sanity_or_static_issue,LLM_review_or_future_special_module,,,NONE_BASE,1,0,1
Y1_R034_C06_S03,Y1_basic_boolean,Y1,CASE WHEN ('delta1' LIKE '%a1') THEN TRUE ELSE FALSE END,CASE WHEN ('delta1' LIKE '%a1') THEN TRUE ELSE FALSE END,like_ilike,0,0.85,1.0,0.8,0.0,T0_generated_candidate,slot_sanity_or_static_issue,LLM_review_or_future_special_module,,,NONE_BASE,1,0,1
Y1_R034_C06_S04,Y1_basic_boolean,Y1,CASE WHEN ('omega2' LIKE '%zz') THEN TRUE ELSE FALSE END,CASE WHEN ('omega2' LIKE '%zz') THEN TRUE ELSE FALSE END,like_ilike,0,0.85,1.0,0.8,0.0,T0_generated_candidate,slot_sanity_or_static_issue,LLM_review_or_future_special_module,,,NONE_BASE,1,0,1
Y1_R034_C06_S05,Y1_basic_boolean,Y1,CASE WHEN ('active3' LIKE '%zz') THEN TRUE ELSE FALSE END,CASE WHEN ('active3' LIKE '%zz') THEN TRUE ELSE FALSE END,like_ilike,0,0.85,1.0,0.8,0.0,T0_generated_candidate,slot_sanity_or_static_issue,LLM_review_or_future_special_module,,,NONE_BASE,1,0,1
Y1_R034_C06_S06,Y1_basic_boolean,Y1,CASE WHEN ('pending4' LIKE '%zz') THEN TRUE ELSE FALSE END,CASE WHEN ('pending4' LIKE '%zz') THEN TRUE ELSE FALSE END,like_ilike,0,0.85,1.0,0.8,0.0,T0_generated_candidate,slot_sanity_or_static_issue,LLM_review_or_future_special_module,,,NONE_BASE,1,0,1
Y1_R034_C07_S01,Y1_basic_boolean,Y1,('gamma8' LIKE '%a8') AND (89 = 89),('gamma8' LIKE '%a8') AND (89 = 89),like_ilike,0,0.85,1.0,0.8,0.0,T0_generated_candidate,slot_sanity_or_static_issue,LLM_review_or_future_special_module,,,NONE_BASE,1,0,1
Y1_R034_C07_S02,Y1_basic_boolean,Y1,('delta0' LIKE '%a0') AND (5 = 5),('delta0' LIKE '%a0') AND (5 = 5),like_ilike,0,0.85,1.0,0.8,0.0,T0_generated_candidate,slot_sanity_or_static_issue,LLM_review_or_future_special_module,,,NONE_BASE,1,0,1
Y1_R034_C07_S03,Y1_basic_boolean,Y1,('omega1' LIKE '%a1') AND (18 = 18),('omega1' LIKE '%a1') AND (18 = 18),like_ilike,0,0.85,1.0,0.8,0.0,T0_generated_candidate,slot_sanity_or_static_issue,LLM_review_or_future_special_module,,,NONE_BASE,1,0,1
Y1_R034_C07_S04,Y1_basic_boolean,Y1,('active2' LIKE '%zz') AND (31 = 31),('active2' LIKE '%zz') AND (31 = 31),like_ilike,0,0.85,1.0,0.8,0.0,T0_generated_candidate,slot_sanity_or_static_issue,LLM_review_or_future_special_module,,,NONE_BASE,1,0,1
Y1_R034_C07_S05,Y1_basic_boolean,Y1,('pending3' LIKE '%zz') AND (44 = 44),('pending3' LIKE '%zz') AND (44 = 44),like_ilike,0,0.85,1.0,0.8,0.0,T0_generated_candidate,slot_sanity_or_static_issue,LLM_review_or_future_special_module,,,NONE_BASE,1,0,1
Y1_R034_C07_S06,Y1_basic_boolean,Y1,('public4' LIKE '%zz') AND (57 = 57),('public4' LIKE '%zz') AND (57 = 57),like_ilike,0,0.85,1.0,0.8,0.0,T0_generated_candidate,slot_sanity_or_static_issue,LLM_review_or_future_special_module,,,NONE_BASE,1,0,1
Y1_R034_C08_S01,Y1_basic_boolean,Y1,('delta8' LIKE '%a8') OR (20 <> 20),('delta8' LIKE '%a8') OR (20 <> 20),like_ilike,0,0.85,1.0,0.8,0.0,T0_generated_candidate,slot_sanity_or_static_issue,LLM_review_or_future_special_module,,,NONE_BASE,1,0,1
Y1_R034_C08_S02,Y1_basic_boolean,Y1,('omega0' LIKE '%a0') OR (33 <> 33),('omega0' LIKE '%a0') OR (33 <> 33),like_ilike,0,0.85,1.0,0.8,0.0,T0_generated_candidate,slot_sanity_or_static_issue,LLM_review_or_future_special_module,,,NONE_BASE,1,0,1
Y1_R034_C08_S03,Y1_basic_boolean,Y1,('active1' LIKE '%e1') OR (46 <> 46),('active1' LIKE '%e1') OR (46 <> 46),like_ilike,0,0.85,1.0,0.8,0.0,T0_generated_candidate,slot_sanity_or_static_issue,LLM_review_or_future_special_module,,,NONE_BASE,1,0,1
Y1_R034_C08_S04,Y1_basic_boolean,Y1,('pending2' LIKE '%zz') OR (59 <> 59),('pending2' LIKE '%zz') OR (59 <> 59),like_ilike,0,0.85,1.0,0.8,0.0,T0_generated_candidate,slot_sanity_or_static_issue,LLM_review_or_future_special_module,,,NONE_BASE,1,0,1
Y1_R034_C08_S05,Y1_basic_boolean,Y1,('public3' LIKE '%zz') OR (72 <> 72),('public3' LIKE '%zz') OR (72 <> 72),like_ilike,0,0.85,1.0,0.8,0.0,T0_generated_candidate,slot_sanity_or_static_issue,LLM_review_or_future_special_module,,,NONE_BASE,1,0,1
Y1_R034_C08_S06,Y1_basic_boolean,Y1,('member4' LIKE '%zz') OR (85 <> 85),('member4' LIKE '%zz') OR (85 <> 85),like_ilike,0,0.85,1.0,0.8,0.0,T0_generated_candidate,slot_sanity_or_static_issue,LLM_review_or_future_special_module,,,NONE_BASE,1,0,1
Y1_R034_C09_S01,Y1_basic_boolean,Y1,(('omega8' LIKE '%a8') = TRUE),(('omega8' LIKE '%a8') = TRUE),like_ilike,0,0.85,1.0,0.8,0.0,T0_generated_candidate,slot_sanity_or_static_issue,LLM_review_or_future_special_module,,,NONE_BASE,1,0,1
Y1_R034_C09_S02,Y1_basic_boolean,Y1,(('active0' LIKE '%e0') = TRUE),(('active0' LIKE '%e0') = TRUE),like_ilike,0,0.85,1.0,0.8,0.0,T0_generated_candidate,slot_sanity_or_static_issue,LLM_review_or_future_special_module,,,NONE_BASE,1,0,1
Y1_R034_C09_S03,Y1_basic_boolean,Y1,(('pending1' LIKE '%g1') = TRUE),(('pending1' LIKE '%g1') = TRUE),like_ilike,0,0.85,1.0,0.8,0.0,T0_generated_candidate,slot_sanity_or_static_issue,LLM_review_or_future_special_module,,,NONE_BASE,1,0,1
Y1_R034_C09_S04,Y1_basic_boolean,Y1,(('public2' LIKE '%zz') = TRUE),(('public2' LIKE '%zz') = TRUE),like_ilike,0,0.85,1.0,0.8,0.0,T0_generated_candidate,slot_sanity_or_static_issue,LLM_review_or_future_special_module,,,NONE_BASE,1,0,1
Y1_R034_C09_S05,Y1_basic_boolean,Y1,(('member3' LIKE '%zz') = TRUE),(('member3' LIKE '%zz') = TRUE),like_ilike,0,0.85,1.0,0.8,0.0,T0_generated_candidate,slot_sanity_or_static_issue,LLM_review_or_future_special_module,,,NONE_BASE,1,0,1
Y1_R034_C09_S06,Y1_basic_boolean,Y1,(('stone4' LIKE '%zz') = TRUE),(('stone4' LIKE '%zz') = TRUE),like_ilike,0,0.85,1.0,0.8,0.0,T0_generated_candidate,slot_sanity_or_static_issue,LLM_review_or_future_special_module,,,NONE_BASE,1,0,1
Y1_R034_C10_S01,Y1_basic_boolean,Y1,"COALESCE(('active8' LIKE '%e8'), FALSE)","COALESCE(('active8' LIKE '%e8'), FALSE)",like_ilike,0,0.85,1.0,0.8,0.0,T0_generated_candidate,slot_sanity_or_static_issue,LLM_review_or_future_special_module,,,NONE_BASE,1,0,1
Y1_R034_C10_S02,Y1_basic_boolean,Y1,"COALESCE(('pending0' LIKE '%g0'), FALSE)","COALESCE(('pending0' LIKE '%g0'), FALSE)",like_ilike,0,0.85,1.0,0.8,0.0,T0_generated_candidate,slot_sanity_or_static_issue,LLM_review_or_future_special_module,,,NONE_BASE,1,0,1
Y1_R034_C10_S03,Y1_basic_boolean,Y1,"COALESCE(('public1' LIKE '%c1'), FALSE)","COALESCE(('public1' LIKE '%c1'), FALSE)",like_ilike,0,0.85,1.0,0.8,0.0,T0_generated_candidate,slot_sanity_or_static_issue,LLM_review_or_future_special_module,,,NONE_BASE,1,0,1
Y1_R034_C10_S04,Y1_basic_boolean,Y1,"COALESCE(('member2' LIKE '%zz'), FALSE)","COALESCE(('member2' LIKE '%zz'), FALSE)",like_ilike,0,0.85,1.0,0.8,0.0,T0_generated_candidate,slot_sanity_or_static_issue,LLM_review_or_future_special_module,,,NONE_BASE,1,0,1
Y1_R034_C10_S05,Y1_basic_boolean,Y1,"COALESCE(('stone3' LIKE '%zz'), FALSE)","COALESCE(('stone3' LIKE '%zz'), FALSE)",like_ilike,0,0.85,1.0,0.8,0.0,T0_generated_candidate,slot_sanity_or_static_issue,LLM_review_or_future_special_module,,,NONE_BASE,1,0,1
Y1_R034_C10_S06,Y1_basic_boolean,Y1,"COALESCE(('north4' LIKE '%zz'), FALSE)","COALESCE(('north4' LIKE '%zz'), FALSE)",like_ilike,0,0.85,1.0,0.8,0.0,T0_generated_candidate,slot_sanity_or_static_issue,LLM_review_or_future_special_module,,,NONE_BASE,1,0,1
Y1_R035_C01_S01,Y1_basic_boolean,Y1,'audit0' ILIKE '%ud%','audit0' ILIKE '%ud%',like_ilike,0,0.85,1.0,0.8,0.0,T0_generated_candidate,slot_sanity_or_static_issue,LLM_review_or_future_special_module,,,NONE_BASE,1,0,1
Y1_R035_C01_S02,Y1_basic_boolean,Y1,'trace1' ILIKE '%ra%','trace1' ILIKE '%ra%',like_ilike,0,0.85,1.0,0.8,0.0,T0_generated_candidate,slot_sanity_or_static_issue,LLM_review_or_future_special_module,,,NONE_BASE,1,0,1
Y1_R035_C01_S03,Y1_basic_boolean,Y1,'signal2' ILIKE '%ig%','signal2' ILIKE '%ig%',like_ilike,0,0.85,1.0,0.8,0.0,T0_generated_candidate,slot_sanity_or_static_issue,LLM_review_or_future_special_module,,,NONE_BASE,1,0,1
Y1_R035_C01_S04,Y1_basic_boolean,Y1,'alpha3' ILIKE '%zz%','alpha3' ILIKE '%zz%',like_ilike,0,0.85,1.0,0.8,0.0,T0_generated_candidate,slot_sanity_or_static_issue,LLM_review_or_future_special_module,,,NONE_BASE,1,0,1
Y1_R035_C01_S05,Y1_basic_boolean,Y1,'beta4' ILIKE '%zz%','beta4' ILIKE '%zz%',like_ilike,0,0.85,1.0,0.8,0.0,T0_generated_candidate,slot_sanity_or_static_issue,LLM_review_or_future_special_module,,,NONE_BASE,1,0,1
Y1_R035_C01_S06,Y1_basic_boolean,Y1,'gamma5' ILIKE '%zz%','gamma5' ILIKE '%zz%',like_ilike,0,0.85,1.0,0.8,0.0,T0_generated_candidate,slot_sanity_or_static_issue,LLM_review_or_future_special_module,,,NONE_BASE,1,0,1
Y1_R035_C02_S01,Y1_basic_boolean,Y1,('trace0' ILIKE '%ra%'),('trace0' ILIKE '%ra%'),like_ilike,0,0.85,1.0,0.8,0.0,T0_generated_candidate,slot_sanity_or_static_issue,LLM_review_or_future_special_module,,,NONE_BASE,1,0,1
Y1_R035_C02_S02,Y1_basic_boolean,Y1,('signal1' ILIKE '%ig%'),('signal1' ILIKE '%ig%'),like_ilike,0,0.85,1.0,0.8,0.0,T0_generated_candidate,slot_sanity_or_static_issue,LLM_review_or_future_special_module,,,NONE_BASE,1,0,1
Y1_R035_C02_S03,Y1_basic_boolean,Y1,('alpha2' ILIKE '%lp%'),('alpha2' ILIKE '%lp%'),like_ilike,0,0.85,1.0,0.8,0.0,T0_generated_candidate,slot_sanity_or_static_issue,LLM_review_or_future_special_module,,,NONE_BASE,1,0,1
Y1_R035_C02_S04,Y1_basic_boolean,Y1,('beta3' ILIKE '%zz%'),('beta3' ILIKE '%zz%'),like_ilike,0,0.85,1.0,0.8,0.0,T0_generated_candidate,slot_sanity_or_static_issue,LLM_review_or_future_special_module,,,NONE_BASE,1,0,1
Y1_R035_C02_S05,Y1_basic_boolean,Y1,('gamma4' ILIKE '%zz%'),('gamma4' ILIKE '%zz%'),like_ilike,0,0.85,1.0,0.8,0.0,T0_generated_candidate,slot_sanity_or_static_issue,LLM_review_or_future_special_module,,,NONE_BASE,1,0,1
Y1_R035_C02_S06,Y1_basic_boolean,Y1,('delta5' ILIKE '%zz%'),('delta5' ILIKE '%zz%'),like_ilike,0,0.85,1.0,0.8,0.0,T0_generated_candidate,slot_sanity_or_static_issue,LLM_review_or_future_special_module,,,NONE_BASE,1,0,1
Y1_R035_C03_S01,Y1_basic_boolean,Y1,NOT ('signal0' ILIKE '%zz%'),NOT ('signal0' ILIKE '%zz%'),like_ilike,0,0.85,1.0,0.8,0.0,T0_generated_candidate,slot_sanity_or_static_issue,LLM_review_or_future_special_module,,,NONE_BASE,1,0,1
Y1_R035_C03_S02,Y1_basic_boolean,Y1,NOT ('alpha1' ILIKE '%zz%'),NOT ('alpha1' ILIKE '%zz%'),like_ilike,0,0.85,1.0,0.8,0.0,T0_generated_candidate,slot_sanity_or_static_issue,LLM_review_or_future_special_module,,,NONE_BASE,1,0,1
Y1_R035_C03_S03,Y1_basic_boolean,Y1,NOT ('beta2' ILIKE '%zz%'),NOT ('beta2' ILIKE '%zz%'),like_ilike,0,0.85,1.0,0.8,0.0,T0_generated_candidate,slot_sanity_or_static_issue,LLM_review_or_future_special_module,,,NONE_BASE,1,0,1
Y1_R035_C03_S04,Y1_basic_boolean,Y1,NOT ('gamma3' ILIKE '%am%'),NOT ('gamma3' ILIKE '%am%'),like_ilike,0,0.85,1.0,0.8,0.0,T0_generated_candidate,slot_sanity_or_static_issue,LLM_review_or_future_special_module,,,NONE_BASE,1,0,1
Y1_R035_C03_S05,Y1_basic_boolean,Y1,NOT ('delta4' ILIKE '%el%'),NOT ('delta4' ILIKE '%el%'),like_ilike,0,0.85,1.0,0.8,0.0,T0_generated_candidate,slot_sanity_or_static_issue,LLM_review_or_future_special_module,,,NONE_BASE,1,0,1
Y1_R035_C03_S06,Y1_basic_boolean,Y1,NOT ('omega5' ILIKE '%me%'),NOT ('omega5' ILIKE '%me%'),like_ilike,0,0.85,1.0,0.8,0.0,T0_generated_candidate,slot_sanity_or_static_issue,LLM_review_or_future_special_module,,,NONE_BASE,1,0,1
Y1_R035_C04_S01,Y1_basic_boolean,Y1,('alpha0' ILIKE '%lp%') IS TRUE,('alpha0' ILIKE '%lp%') IS TRUE,like_ilike,0,0.85,1.0,0.8,0.0,T0_generated_candidate,slot_sanity_or_static_issue,LLM_review_or_future_special_module,,,NONE_BASE,1,0,1
Y1_R035_C04_S02,Y1_basic_boolean,Y1,('beta1' ILIKE '%et%') IS TRUE,('beta1' ILIKE '%et%') IS TRUE,like_ilike,0,0.85,1.0,0.8,0.0,T0_generated_candidate,slot_sanity_or_static_issue,LLM_review_or_future_special_module,,,NONE_BASE,1,0,1
Y1_R035_C04_S03,Y1_basic_boolean,Y1,('gamma2' ILIKE '%am%') IS TRUE,('gamma2' ILIKE '%am%') IS TRUE,like_ilike,0,0.85,1.0,0.8,0.0,T0_generated_candidate,slot_sanity_or_static_issue,LLM_review_or_future_special_module,,,NONE_BASE,1,0,1
Y1_R035_C04_S04,Y1_basic_boolean,Y1,('delta3' ILIKE '%zz%') IS TRUE,('delta3' ILIKE '%zz%') IS TRUE,like_ilike,0,0.85,1.0,0.8,0.0,T0_generated_candidate,slot_sanity_or_static_issue,LLM_review_or_future_special_module,,,NONE_BASE,1,0,1
Y1_R035_C04_S05,Y1_basic_boolean,Y1,('omega4' ILIKE '%zz%') IS TRUE,('omega4' ILIKE '%zz%') IS TRUE,like_ilike,0,0.85,1.0,0.8,0.0,T0_generated_candidate,slot_sanity_or_static_issue,LLM_review_or_future_special_module,,,NONE_BASE,1,0,1
Y1_R035_C04_S06,Y1_basic_boolean,Y1,('active5' ILIKE '%zz%') IS TRUE,('active5' ILIKE '%zz%') IS TRUE,like_ilike,0,0.85,1.0,0.8,0.0,T0_generated_candidate,slot_sanity_or_static_issue,LLM_review_or_future_special_module,,,NONE_BASE,1,0,1
Y1_R035_C05_S01,Y1_basic_boolean,Y1,('beta0' ILIKE '%et%') IS NOT FALSE,('beta0' ILIKE '%et%') IS NOT FALSE,like_ilike,0,0.85,1.0,0.8,0.0,T0_generated_candidate,slot_sanity_or_static_issue,LLM_review_or_future_special_module,,,NONE_BASE,1,0,1
Y1_R035_C05_S02,Y1_basic_boolean,Y1,('gamma1' ILIKE '%am%') IS NOT FALSE,('gamma1' ILIKE '%am%') IS NOT FALSE,like_ilike,0,0.85,1.0,0.8,0.0,T0_generated_candidate,slot_sanity_or_static_issue,LLM_review_or_future_special_module,,,NONE_BASE,1,0,1
Y1_R035_C05_S03,Y1_basic_boolean,Y1,('delta2' ILIKE '%el%') IS NOT FALSE,('delta2' ILIKE '%el%') IS NOT FALSE,like_ilike,0,0.85,1.0,0.8,0.0,T0_generated_candidate,slot_sanity_or_static_issue,LLM_review_or_future_special_module,,,NONE_BASE,1,0,1
Y1_R035_C05_S04,Y1_basic_boolean,Y1,('omega3' ILIKE '%zz%') IS NOT FALSE,('omega3' ILIKE '%zz%') IS NOT FALSE,like_ilike,0,0.85,1.0,0.8,0.0,T0_generated_candidate,slot_sanity_or_static_issue,LLM_review_or_future_special_module,,,NONE_BASE,1,0,1
Y1_R035_C05_S05,Y1_basic_boolean,Y1,('active4' ILIKE '%zz%') IS NOT FALSE,('active4' ILIKE '%zz%') IS NOT FALSE,like_ilike,0,0.85,1.0,0.8,0.0,T0_generated_candidate,slot_sanity_or_static_issue,LLM_review_or_future_special_module,,,NONE_BASE,1,0,1
Y1_R035_C05_S06,Y1_basic_boolean,Y1,('pending5' ILIKE '%zz%') IS NOT FALSE,('pending5' ILIKE '%zz%') IS NOT FALSE,like_ilike,0,0.85,1.0,0.8,0.0,T0_generated_candidate,slot_sanity_or_static_issue,LLM_review_or_future_special_module,,,NONE_BASE,1,0,1
Y1_R035_C06_S01,Y1_basic_boolean,Y1,CASE WHEN ('gamma0' ILIKE '%am%') THEN TRUE ELSE FALSE END,CASE WHEN ('gamma0' ILIKE '%am%') THEN TRUE ELSE FALSE END,like_ilike,0,0.85,1.0,0.8,0.0,T0_generated_candidate,slot_sanity_or_static_issue,LLM_review_or_future_special_module,,,NONE_BASE,1,0,1
Y1_R035_C06_S02,Y1_basic_boolean,Y1,CASE WHEN ('delta1' ILIKE '%el%') THEN TRUE ELSE FALSE END,CASE WHEN ('delta1' ILIKE '%el%') THEN TRUE ELSE FALSE END,like_ilike,0,0.85,1.0,0.8,0.0,T0_generated_candidate,slot_sanity_or_static_issue,LLM_review_or_future_special_module,,,NONE_BASE,1,0,1
Y1_R035_C06_S03,Y1_basic_boolean,Y1,CASE WHEN ('omega2' ILIKE '%me%') THEN TRUE ELSE FALSE END,CASE WHEN ('omega2' ILIKE '%me%') THEN TRUE ELSE FALSE END,like_ilike,0,0.85,1.0,0.8,0.0,T0_generated_candidate,slot_sanity_or_static_issue,LLM_review_or_future_special_module,,,NONE_BASE,1,0,1
Y1_R035_C06_S04,Y1_basic_boolean,Y1,CASE WHEN ('active3' ILIKE '%zz%') THEN TRUE ELSE FALSE END,CASE WHEN ('active3' ILIKE '%zz%') THEN TRUE ELSE FALSE END,like_ilike,0,0.85,1.0,0.8,0.0,T0_generated_candidate,slot_sanity_or_static_issue,LLM_review_or_future_special_module,,,NONE_BASE,1,0,1
Y1_R035_C06_S05,Y1_basic_boolean,Y1,CASE WHEN ('pending4' ILIKE '%zz%') THEN TRUE ELSE FALSE END,CASE WHEN ('pending4' ILIKE '%zz%') THEN TRUE ELSE FALSE END,like_ilike,0,0.85,1.0,0.8,0.0,T0_generated_candidate,slot_sanity_or_static_issue,LLM_review_or_future_special_module,,,NONE_BASE,1,0,1
Y1_R035_C06_S06,Y1_basic_boolean,Y1,CASE WHEN ('public5' ILIKE '%zz%') THEN TRUE ELSE FALSE END,CASE WHEN ('public5' ILIKE '%zz%') THEN TRUE ELSE FALSE END,like_ilike,0,0.85,1.0,0.8,0.0,T0_generated_candidate,slot_sanity_or_static_issue,LLM_review_or_future_special_module,,,NONE_BASE,1,0,1
Y1_R035_C07_S01,Y1_basic_boolean,Y1,('delta0' ILIKE '%el%') AND (96 = 96),('delta0' ILIKE '%el%') AND (96 = 96),like_ilike,0,0.85,1.0,0.8,0.0,T0_generated_candidate,slot_sanity_or_static_issue,LLM_review_or_future_special_module,,,NONE_BASE,1,0,1
Y1_R035_C07_S02,Y1_basic_boolean,Y1,('omega1' ILIKE '%me%') AND (12 = 12),('omega1' ILIKE '%me%') AND (12 = 12),like_ilike,0,0.85,1.0,0.8,0.0,T0_generated_candidate,slot_sanity_or_static_issue,LLM_review_or_future_special_module,,,NONE_BASE,1,0,1
Y1_R035_C07_S03,Y1_basic_boolean,Y1,('active2' ILIKE '%ct%') AND (25 = 25),('active2' ILIKE '%ct%') AND (25 = 25),like_ilike,0,0.85,1.0,0.8,0.0,T0_generated_candidate,slot_sanity_or_static_issue,LLM_review_or_future_special_module,,,NONE_BASE,1,0,1
Y1_R035_C07_S04,Y1_basic_boolean,Y1,('pending3' ILIKE '%zz%') AND (38 = 38),('pending3' ILIKE '%zz%') AND (38 = 38),like_ilike,0,0.85,1.0,0.8,0.0,T0_generated_candidate,slot_sanity_or_static_issue,LLM_review_or_future_special_module,,,NONE_BASE,1,0,1
Y1_R035_C07_S05,Y1_basic_boolean,Y1,('public4' ILIKE '%zz%') AND (51 = 51),('public4' ILIKE '%zz%') AND (51 = 51),like_ilike,0,0.85,1.0,0.8,0.0,T0_generated_candidate,slot_sanity_or_static_issue,LLM_review_or_future_special_module,,,NONE_BASE,1,0,1
Y1_R035_C07_S06,Y1_basic_boolean,Y1,('member5' ILIKE '%zz%') AND (64 = 64),('member5' ILIKE '%zz%') AND (64 = 64),like_ilike,0,0.85,1.0,0.8,0.0,T0_generated_candidate,slot_sanity_or_static_issue,LLM_review_or_future_special_module,,,NONE_BASE,1,0,1
Y1_R035_C08_S01,Y1_basic_boolean,Y1,('omega0' ILIKE '%me%') OR (27 <> 27),('omega0' ILIKE '%me%') OR (27 <> 27),like_ilike,0,0.85,1.0,0.8,0.0,T0_generated_candidate,slot_sanity_or_static_issue,LLM_review_or_future_special_module,,,NONE_BASE,1,0,1
Y1_R035_C08_S02,Y1_basic_boolean,Y1,('active1' ILIKE '%ct%') OR (40 <> 40),('active1' ILIKE '%ct%') OR (40 <> 40),like_ilike,0,0.85,1.0,0.8,0.0,T0_generated_candidate,slot_sanity_or_static_issue,LLM_review_or_future_special_module,,,NONE_BASE,1,0,1
Y1_R035_C08_S03,Y1_basic_boolean,Y1,('pending2' ILIKE '%en%') OR (53 <> 53),('pending2' ILIKE '%en%') OR (53 <> 53),like_ilike,0,0.85,1.0,0.8,0.0,T0_generated_candidate,slot_sanity_or_static_issue,LLM_review_or_future_special_module,,,NONE_BASE,1,0,1
Y1_R035_C08_S04,Y1_basic_boolean,Y1,('public3' ILIKE '%zz%') OR (66 <> 66),('public3' ILIKE '%zz%') OR (66 <> 66),like_ilike,0,0.85,1.0,0.8,0.0,T0_generated_candidate,slot_sanity_or_static_issue,LLM_review_or_future_special_module,,,NONE_BASE,1,0,1
Y1_R035_C08_S05,Y1_basic_boolean,Y1,('member4' ILIKE '%zz%') OR (79 <> 79),('member4' ILIKE '%zz%') OR (79 <> 79),like_ilike,0,0.85,1.0,0.8,0.0,T0_generated_candidate,slot_sanity_or_static_issue,LLM_review_or_future_special_module,,,NONE_BASE,1,0,1
Y1_R035_C08_S06,Y1_basic_boolean,Y1,('stone5' ILIKE '%zz%') OR (92 <> 92),('stone5' ILIKE '%zz%') OR (92 <> 92),like_ilike,0,0.85,1.0,0.8,0.0,T0_generated_candidate,slot_sanity_or_static_issue,LLM_review_or_future_special_module,,,NONE_BASE,1,0,1
Y1_R035_C09_S01,Y1_basic_boolean,Y1,(('active0' ILIKE '%ct%') = TRUE),(('active0' ILIKE '%ct%') = TRUE),like_ilike,0,0.85,1.0,0.8,0.0,T0_generated_candidate,slot_sanity_or_static_issue,LLM_review_or_future_special_module,,,NONE_BASE,1,0,1
Y1_R035_C09_S02,Y1_basic_boolean,Y1,(('pending1' ILIKE '%en%') = TRUE),(('pending1' ILIKE '%en%') = TRUE),like_ilike,0,0.85,1.0,0.8,0.0,T0_generated_candidate,slot_sanity_or_static_issue,LLM_review_or_future_special_module,,,NONE_BASE,1,0,1
Y1_R035_C09_S03,Y1_basic_boolean,Y1,(('public2' ILIKE '%ub%') = TRUE),(('public2' ILIKE '%ub%') = TRUE),like_ilike,0,0.85,1.0,0.8,0.0,T0_generated_candidate,slot_sanity_or_static_issue,LLM_review_or_future_special_module,,,NONE_BASE,1,0,1
Y1_R035_C09_S04,Y1_basic_boolean,Y1,(('member3' ILIKE '%zz%') = TRUE),(('member3' ILIKE '%zz%') = TRUE),like_ilike,0,0.85,1.0,0.8,0.0,T0_generated_candidate,slot_sanity_or_static_issue,LLM_review_or_future_special_module,,,NONE_BASE,1,0,1
Y1_R035_C09_S05,Y1_basic_boolean,Y1,(('stone4' ILIKE '%zz%') = TRUE),(('stone4' ILIKE '%zz%') = TRUE),like_ilike,0,0.85,1.0,0.8,0.0,T0_generated_candidate,slot_sanity_or_static_issue,LLM_review_or_future_special_module,,,NONE_BASE,1,0,1
Y1_R035_C09_S06,Y1_basic_boolean,Y1,(('north5' ILIKE '%zz%') = TRUE),(('north5' ILIKE '%zz%') = TRUE),like_ilike,0,0.85,1.0,0.8,0.0,T0_generated_candidate,slot_sanity_or_static_issue,LLM_review_or_future_special_module,,,NONE_BASE,1,0,1
Y1_R035_C10_S01,Y1_basic_boolean,Y1,"COALESCE(('pending0' ILIKE '%en%'), FALSE)","COALESCE(('pending0' ILIKE '%en%'), FALSE)",like_ilike,0,0.85,1.0,0.8,0.0,T0_generated_candidate,slot_sanity_or_static_issue,LLM_review_or_future_special_module,,,NONE_BASE,1,0,1
Y1_R035_C10_S02,Y1_basic_boolean,Y1,"COALESCE(('public1' ILIKE '%ub%'), FALSE)","COALESCE(('public1' ILIKE '%ub%'), FALSE)",like_ilike,0,0.85,1.0,0.8,0.0,T0_generated_candidate,slot_sanity_or_static_issue,LLM_review_or_future_special_module,,,NONE_BASE,1,0,1
Y1_R035_C10_S03,Y1_basic_boolean,Y1,"COALESCE(('member2' ILIKE '%em%'), FALSE)","COALESCE(('member2' ILIKE '%em%'), FALSE)",like_ilike,0,0.85,1.0,0.8,0.0,T0_generated_candidate,slot_sanity_or_static_issue,LLM_review_or_future_special_module,,,NONE_BASE,1,0,1
Y1_R035_C10_S04,Y1_basic_boolean,Y1,"COALESCE(('stone3' ILIKE '%zz%'), FALSE)","COALESCE(('stone3' ILIKE '%zz%'), FALSE)",like_ilike,0,0.85,1.0,0.8,0.0,T0_generated_candidate,slot_sanity_or_static_issue,LLM_review_or_future_special_module,,,NONE_BASE,1,0,1
Y1_R035_C10_S05,Y1_basic_boolean,Y1,"COALESCE(('north4' ILIKE '%zz%'), FALSE)","COALESCE(('north4' ILIKE '%zz%'), FALSE)",like_ilike,0,0.85,1.0,0.8,0.0,T0_generated_candidate,slot_sanity_or_static_issue,LLM_review_or_future_special_module,,,NONE_BASE,1,0,1
Y1_R035_C10_S06,Y1_basic_boolean,Y1,"COALESCE(('south5' ILIKE '%zz%'), FALSE)","COALESCE(('south5' ILIKE '%zz%'), FALSE)",like_ilike,0,0.85,1.0,0.8,0.0,T0_generated_candidate,slot_sanity_or_static_issue,LLM_review_or_future_special_module,,,NONE_BASE,1,0,1
Y1_R039_C03_S01,Y1_basic_boolean,Y1,NOT ('delta4' SIMILAR TO 'zz%'),NOT ('delta4' SIMILAR TO 'zz%'),regex_match,0,0.85,1.0,0.8,0.0,T0_generated_candidate,slot_sanity_or_static_issue,LLM_review_or_future_special_module,,,NONE_BASE,1,0,1
Y1_R039_C03_S02,Y1_basic_boolean,Y1,NOT ('omega5' SIMILAR TO 'zz%'),NOT ('omega5' SIMILAR TO 'zz%'),regex_match,0,0.85,1.0,0.8,0.0,T0_generated_candidate,slot_sanity_or_static_issue,LLM_review_or_future_special_module,,,NONE_BASE,1,0,1
Y1_R039_C03_S03,Y1_basic_boolean,Y1,NOT ('active6' SIMILAR TO 'zz%'),NOT ('active6' SIMILAR TO 'zz%'),regex_match,0,0.85,1.0,0.8,0.0,T0_generated_candidate,slot_sanity_or_static_issue,LLM_review_or_future_special_module,,,NONE_BASE,1,0,1
Y1_R039_C03_S04,Y1_basic_boolean,Y1,NOT ('pending7' SIMILAR TO 'pe%'),NOT ('pending7' SIMILAR TO 'pe%'),regex_match,0,0.85,1.0,0.8,0.0,T0_generated_candidate,slot_sanity_or_static_issue,LLM_review_or_future_special_module,,,NONE_BASE,1,0,1
Y1_R039_C03_S05,Y1_basic_boolean,Y1,NOT ('public8' SIMILAR TO 'pu%'),NOT ('public8' SIMILAR TO 'pu%'),regex_match,0,0.85,1.0,0.8,0.0,T0_generated_candidate,slot_sanity_or_static_issue,LLM_review_or_future_special_module,,,NONE_BASE,1,0,1
Y1_R039_C03_S06,Y1_basic_boolean,Y1,NOT ('member0' SIMILAR TO 'me%'),NOT ('member0' SIMILAR TO 'me%'),regex_match,0,0.85,1.0,0.8,0.0,T0_generated_candidate,slot_sanity_or_static_issue,LLM_review_or_future_special_module,,,NONE_BASE,1,0,1
Y1_R039_C04_S01,Y1_basic_boolean,Y1,('omega4' SIMILAR TO 'om%') IS TRUE,('omega4' SIMILAR TO 'om%') IS TRUE,regex_match,0,0.85,1.0,0.8,0.0,T0_generated_candidate,slot_sanity_or_static_issue,LLM_review_or_future_special_module,,,NONE_BASE,1,0,1
Y1_R039_C04_S02,Y1_basic_boolean,Y1,('active5' SIMILAR TO 'ac%') IS TRUE,('active5' SIMILAR TO 'ac%') IS TRUE,regex_match,0,0.85,1.0,0.8,0.0,T0_generated_candidate,slot_sanity_or_static_issue,LLM_review_or_future_special_module,,,NONE_BASE,1,0,1
Y1_R039_C04_S03,Y1_basic_boolean,Y1,('pending6' SIMILAR TO 'pe%') IS TRUE,('pending6' SIMILAR TO 'pe%') IS TRUE,regex_match,0,0.85,1.0,0.8,0.0,T0_generated_candidate,slot_sanity_or_static_issue,LLM_review_or_future_special_module,,,NONE_BASE,1,0,1
Y1_R039_C04_S04,Y1_basic_boolean,Y1,('public7' SIMILAR TO 'zz%') IS TRUE,('public7' SIMILAR TO 'zz%') IS TRUE,regex_match,0,0.85,1.0,0.8,0.0,T0_generated_candidate,slot_sanity_or_static_issue,LLM_review_or_future_special_module,,,NONE_BASE,1,0,1
Y1_R039_C04_S05,Y1_basic_boolean,Y1,('member8' SIMILAR TO 'zz%') IS TRUE,('member8' SIMILAR TO 'zz%') IS TRUE,regex_match,0,0.85,1.0,0.8,0.0,T0_generated_candidate,slot_sanity_or_static_issue,LLM_review_or_future_special_module,,,NONE_BASE,1,0,1
Y1_R039_C04_S06,Y1_basic_boolean,Y1,('stone0' SIMILAR TO 'zz%') IS TRUE,('stone0' SIMILAR TO 'zz%') IS TRUE,regex_match,0,0.85,1.0,0.8,0.0,T0_generated_candidate,slot_sanity_or_static_issue,LLM_review_or_future_special_module,,,NONE_BASE,1,0,1
Y1_R039_C05_S01,Y1_basic_boolean,Y1,('active4' SIMILAR TO 'ac%') IS NOT FALSE,('active4' SIMILAR TO 'ac%') IS NOT FALSE,regex_match,0,0.85,1.0,0.8,0.0,T0_generated_candidate,slot_sanity_or_static_issue,LLM_review_or_future_special_module,,,NONE_BASE,1,0,1
Y1_R039_C05_S02,Y1_basic_boolean,Y1,('pending5' SIMILAR TO 'pe%') IS NOT FALSE,('pending5' SIMILAR TO 'pe%') IS NOT FALSE,regex_match,0,0.85,1.0,0.8,0.0,T0_generated_candidate,slot_sanity_or_static_issue,LLM_review_or_future_special_module,,,NONE_BASE,1,0,1
Y1_R039_C05_S03,Y1_basic_boolean,Y1,('public6' SIMILAR TO 'pu%') IS NOT FALSE,('public6' SIMILAR TO 'pu%') IS NOT FALSE,regex_match,0,0.85,1.0,0.8,0.0,T0_generated_candidate,slot_sanity_or_static_issue,LLM_review_or_future_special_module,,,NONE_BASE,1,0,1
Y1_R039_C05_S04,Y1_basic_boolean,Y1,('member7' SIMILAR TO 'zz%') IS NOT FALSE,('member7' SIMILAR TO 'zz%') IS NOT FALSE,regex_match,0,0.85,1.0,0.8,0.0,T0_generated_candidate,slot_sanity_or_static_issue,LLM_review_or_future_special_module,,,NONE_BASE,1,0,1
Y1_R039_C05_S05,Y1_basic_boolean,Y1,('stone8' SIMILAR TO 'zz%') IS NOT FALSE,('stone8' SIMILAR TO 'zz%') IS NOT FALSE,regex_match,0,0.85,1.0,0.8,0.0,T0_generated_candidate,slot_sanity_or_static_issue,LLM_review_or_future_special_module,,,NONE_BASE,1,0,1
Y1_R039_C05_S06,Y1_basic_boolean,Y1,('north0' SIMILAR TO 'zz%') IS NOT FALSE,('north0' SIMILAR TO 'zz%') IS NOT FALSE,regex_match,0,0.85,1.0,0.8,0.0,T0_generated_candidate,slot_sanity_or_static_issue,LLM_review_or_future_special_module,,,NONE_BASE,1,0,1
Y1_R039_C07_S01,Y1_basic_boolean,Y1,('public4' SIMILAR TO 'pu%') AND (27 = 27),('public4' SIMILAR TO 'pu%') AND (27 = 27),regex_match,0,0.85,1.0,0.8,0.0,T0_generated_candidate,slot_sanity_or_static_issue,LLM_review_or_future_special_module,,,NONE_BASE,1,0,1
Y1_R039_C07_S02,Y1_basic_boolean,Y1,('member5' SIMILAR TO 'me%') AND (40 = 40),('member5' SIMILAR TO 'me%') AND (40 = 40),regex_match,0,0.85,1.0,0.8,0.0,T0_generated_candidate,slot_sanity_or_static_issue,LLM_review_or_future_special_module,,,NONE_BASE,1,0,1
Y1_R039_C07_S03,Y1_basic_boolean,Y1,('stone6' SIMILAR TO 'st%') AND (53 = 53),('stone6' SIMILAR TO 'st%') AND (53 = 53),regex_match,0,0.85,1.0,0.8,0.0,T0_generated_candidate,slot_sanity_or_static_issue,LLM_review_or_future_special_module,,,NONE_BASE,1,0,1
Y1_R039_C07_S04,Y1_basic_boolean,Y1,('north7' SIMILAR TO 'zz%') AND (66 = 66),('north7' SIMILAR TO 'zz%') AND (66 = 66),regex_match,0,0.85,1.0,0.8,0.0,T0_generated_candidate,slot_sanity_or_static_issue,LLM_review_or_future_special_module,,,NONE_BASE,1,0,1
Y1_R039_C07_S05,Y1_basic_boolean,Y1,('south8' SIMILAR TO 'zz%') AND (79 = 79),('south8' SIMILAR TO 'zz%') AND (79 = 79),regex_match,0,0.85,1.0,0.8,0.0,T0_generated_candidate,slot_sanity_or_static_issue,LLM_review_or_future_special_module,,,NONE_BASE,1,0,1
Y1_R039_C07_S06,Y1_basic_boolean,Y1,('east0' SIMILAR TO 'zz%') AND (92 = 92),('east0' SIMILAR TO 'zz%') AND (92 = 92),regex_match,0,0.85,1.0,0.8,0.0,T0_generated_candidate,slot_sanity_or_static_issue,LLM_review_or_future_special_module,,,NONE_BASE,1,0,1
Y1_R039_C08_S01,Y1_basic_boolean,Y1,('member4' SIMILAR TO 'me%') OR (55 <> 55),('member4' SIMILAR TO 'me%') OR (55 <> 55),regex_match,0,0.85,1.0,0.8,0.0,T0_generated_candidate,slot_sanity_or_static_issue,LLM_review_or_future_special_module,,,NONE_BASE,1,0,1
Y1_R039_C08_S02,Y1_basic_boolean,Y1,('stone5' SIMILAR TO 'st%') OR (68 <> 68),('stone5' SIMILAR TO 'st%') OR (68 <> 68),regex_match,0,0.85,1.0,0.8,0.0,T0_generated_candidate,slot_sanity_or_static_issue,LLM_review_or_future_special_module,,,NONE_BASE,1,0,1
Y1_R039_C08_S03,Y1_basic_boolean,Y1,('north6' SIMILAR TO 'no%') OR (81 <> 81),('north6' SIMILAR TO 'no%') OR (81 <> 81),regex_match,0,0.85,1.0,0.8,0.0,T0_generated_candidate,slot_sanity_or_static_issue,LLM_review_or_future_special_module,,,NONE_BASE,1,0,1
Y1_R039_C08_S04,Y1_basic_boolean,Y1,('south7' SIMILAR TO 'zz%') OR (94 <> 94),('south7' SIMILAR TO 'zz%') OR (94 <> 94),regex_match,0,0.85,1.0,0.8,0.0,T0_generated_candidate,slot_sanity_or_static_issue,LLM_review_or_future_special_module,,,NONE_BASE,1,0,1
Y1_R039_C08_S05,Y1_basic_boolean,Y1,('east8' SIMILAR TO 'zz%') OR (10 <> 10),('east8' SIMILAR TO 'zz%') OR (10 <> 10),regex_match,0,0.85,1.0,0.8,0.0,T0_generated_candidate,slot_sanity_or_static_issue,LLM_review_or_future_special_module,,,NONE_BASE,1,0,1
Y1_R039_C08_S06,Y1_basic_boolean,Y1,('west0' SIMILAR TO 'zz%') OR (23 <> 23),('west0' SIMILAR TO 'zz%') OR (23 <> 23),regex_match,0,0.85,1.0,0.8,0.0,T0_generated_candidate,slot_sanity_or_static_issue,LLM_review_or_future_special_module,,,NONE_BASE,1,0,1
Y1_R039_C09_S01,Y1_basic_boolean,Y1,(('stone4' SIMILAR TO 'st%') = TRUE),(('stone4' SIMILAR TO 'st%') = TRUE),regex_match,0,0.85,1.0,0.8,0.0,T0_generated_candidate,slot_sanity_or_static_issue,LLM_review_or_future_special_module,,,NONE_BASE,1,0,1
Y1_R039_C09_S02,Y1_basic_boolean,Y1,(('north5' SIMILAR TO 'no%') = TRUE),(('north5' SIMILAR TO 'no%') = TRUE),regex_match,0,0.85,1.0,0.8,0.0,T0_generated_candidate,slot_sanity_or_static_issue,LLM_review_or_future_special_module,,,NONE_BASE,1,0,1
Y1_R039_C09_S03,Y1_basic_boolean,Y1,(('south6' SIMILAR TO 'so%') = TRUE),(('south6' SIMILAR TO 'so%') = TRUE),regex_match,0,0.85,1.0,0.8,0.0,T0_generated_candidate,slot_sanity_or_static_issue,LLM_review_or_future_special_module,,,NONE_BASE,1,0,1
Y1_R039_C09_S04,Y1_basic_boolean,Y1,(('east7' SIMILAR TO 'zz%') = TRUE),(('east7' SIMILAR TO 'zz%') = TRUE),regex_match,0,0.85,1.0,0.8,0.0,T0_generated_candidate,slot_sanity_or_static_issue,LLM_review_or_future_special_module,,,NONE_BASE,1,0,1
Y1_R039_C09_S05,Y1_basic_boolean,Y1,(('west8' SIMILAR TO 'zz%') = TRUE),(('west8' SIMILAR TO 'zz%') = TRUE),regex_match,0,0.85,1.0,0.8,0.0,T0_generated_candidate,slot_sanity_or_static_issue,LLM_review_or_future_special_module,,,NONE_BASE,1,0,1
Y1_R039_C09_S06,Y1_basic_boolean,Y1,(('prime0' SIMILAR TO 'zz%') = TRUE),(('prime0' SIMILAR TO 'zz%') = TRUE),regex_match,0,0.85,1.0,0.8,0.0,T0_generated_candidate,slot_sanity_or_static_issue,LLM_review_or_future_special_module,,,NONE_BASE,1,0,1
Y1_R040_C01_S01,Y1_basic_boolean,Y1,'gamma5' NOT SIMILAR TO 'zz%','gamma5' NOT SIMILAR TO 'zz%',regex_match,0,0.85,1.0,0.8,0.0,T0_generated_candidate,slot_sanity_or_static_issue,LLM_review_or_future_special_module,,,NONE_BASE,1,0,1
Y1_R040_C01_S02,Y1_basic_boolean,Y1,'delta6' NOT SIMILAR TO 'zz%','delta6' NOT SIMILAR TO 'zz%',regex_match,0,0.85,1.0,0.8,0.0,T0_generated_candidate,slot_sanity_or_static_issue,LLM_review_or_future_special_module,,,NONE_BASE,1,0,1
Y1_R040_C01_S03,Y1_basic_boolean,Y1,'omega7' NOT SIMILAR TO 'zz%','omega7' NOT SIMILAR TO 'zz%',regex_match,0,0.85,1.0,0.8,0.0,T0_generated_candidate,slot_sanity_or_static_issue,LLM_review_or_future_special_module,,,NONE_BASE,1,0,1
Y1_R040_C01_S04,Y1_basic_boolean,Y1,'active8' NOT SIMILAR TO 'ac%','active8' NOT SIMILAR TO 'ac%',regex_match,0,0.85,1.0,0.8,0.0,T0_generated_candidate,slot_sanity_or_static_issue,LLM_review_or_future_special_module,,,NONE_BASE,1,0,1
Y1_R040_C01_S05,Y1_basic_boolean,Y1,'pending0' NOT SIMILAR TO 'pe%','pending0' NOT SIMILAR TO 'pe%',regex_match,0,0.85,1.0,0.8,0.0,T0_generated_candidate,slot_sanity_or_static_issue,LLM_review_or_future_special_module,,,NONE_BASE,1,0,1
Y1_R040_C01_S06,Y1_basic_boolean,Y1,'public1' NOT SIMILAR TO 'pu%','public1' NOT SIMILAR TO 'pu%',regex_match,0,0.85,1.0,0.8,0.0,T0_generated_candidate,slot_sanity_or_static_issue,LLM_review_or_future_special_module,,,NONE_BASE,1,0,1
Y1_R040_C02_S01,Y1_basic_boolean,Y1,('delta5' NOT SIMILAR TO 'zz%'),('delta5' NOT SIMILAR TO 'zz%'),regex_match,0,0.85,1.0,0.8,0.0,T0_generated_candidate,slot_sanity_or_static_issue,LLM_review_or_future_special_module,,,NONE_BASE,1,0,1
Y1_R040_C02_S02,Y1_basic_boolean,Y1,('omega6' NOT SIMILAR TO 'zz%'),('omega6' NOT SIMILAR TO 'zz%'),regex_match,0,0.85,1.0,0.8,0.0,T0_generated_candidate,slot_sanity_or_static_issue,LLM_review_or_future_special_module,,,NONE_BASE,1,0,1
Y1_R040_C02_S03,Y1_basic_boolean,Y1,('active7' NOT SIMILAR TO 'zz%'),('active7' NOT SIMILAR TO 'zz%'),regex_match,0,0.85,1.0,0.8,0.0,T0_generated_candidate,slot_sanity_or_static_issue,LLM_review_or_future_special_module,,,NONE_BASE,1,0,1
Y1_R040_C02_S04,Y1_basic_boolean,Y1,('pending8' NOT SIMILAR TO 'pe%'),('pending8' NOT SIMILAR TO 'pe%'),regex_match,0,0.85,1.0,0.8,0.0,T0_generated_candidate,slot_sanity_or_static_issue,LLM_review_or_future_special_module,,,NONE_BASE,1,0,1
Y1_R040_C02_S05,Y1_basic_boolean,Y1,('public0' NOT SIMILAR TO 'pu%'),('public0' NOT SIMILAR TO 'pu%'),regex_match,0,0.85,1.0,0.8,0.0,T0_generated_candidate,slot_sanity_or_static_issue,LLM_review_or_future_special_module,,,NONE_BASE,1,0,1
Y1_R040_C02_S06,Y1_basic_boolean,Y1,('member1' NOT SIMILAR TO 'me%'),('member1' NOT SIMILAR TO 'me%'),regex_match,0,0.85,1.0,0.8,0.0,T0_generated_candidate,slot_sanity_or_static_issue,LLM_review_or_future_special_module,,,NONE_BASE,1,0,1
Y1_R040_C03_S01,Y1_basic_boolean,Y1,NOT ('omega5' NOT SIMILAR TO 'om%'),NOT ('omega5' NOT SIMILAR TO 'om%'),regex_match,0,0.85,1.0,0.8,0.0,T0_generated_candidate,slot_sanity_or_static_issue,LLM_review_or_future_special_module,,,NONE_BASE,1,0,1
Y1_R040_C03_S02,Y1_basic_boolean,Y1,NOT ('active6' NOT SIMILAR TO 'ac%'),NOT ('active6' NOT SIMILAR TO 'ac%'),regex_match,0,0.85,1.0,0.8,0.0,T0_generated_candidate,slot_sanity_or_static_issue,LLM_review_or_future_special_module,,,NONE_BASE,1,0,1
Y1_R040_C03_S03,Y1_basic_boolean,Y1,NOT ('pending7' NOT SIMILAR TO 'pe%'),NOT ('pending7' NOT SIMILAR TO 'pe%'),regex_match,0,0.85,1.0,0.8,0.0,T0_generated_candidate,slot_sanity_or_static_issue,LLM_review_or_future_special_module,,,NONE_BASE,1,0,1
Y1_R040_C03_S04,Y1_basic_boolean,Y1,NOT ('public8' NOT SIMILAR TO 'zz%'),NOT ('public8' NOT SIMILAR TO 'zz%'),regex_match,0,0.85,1.0,0.8,0.0,T0_generated_candidate,slot_sanity_or_static_issue,LLM_review_or_future_special_module,,,NONE_BASE,1,0,1
Y1_R040_C03_S05,Y1_basic_boolean,Y1,NOT ('member0' NOT SIMILAR TO 'zz%'),NOT ('member0' NOT SIMILAR TO 'zz%'),regex_match,0,0.85,1.0,0.8,0.0,T0_generated_candidate,slot_sanity_or_static_issue,LLM_review_or_future_special_module,,,NONE_BASE,1,0,1
Y1_R040_C03_S06,Y1_basic_boolean,Y1,NOT ('stone1' NOT SIMILAR TO 'zz%'),NOT ('stone1' NOT SIMILAR TO 'zz%'),regex_match,0,0.85,1.0,0.8,0.0,T0_generated_candidate,slot_sanity_or_static_issue,LLM_review_or_future_special_module,,,NONE_BASE,1,0,1
Y1_R040_C04_S01,Y1_basic_boolean,Y1,('active5' NOT SIMILAR TO 'zz%') IS TRUE,('active5' NOT SIMILAR TO 'zz%') IS TRUE,regex_match,0,0.85,1.0,0.8,0.0,T0_generated_candidate,slot_sanity_or_static_issue,LLM_review_or_future_special_module,,,NONE_BASE,1,0,1
Y1_R040_C04_S02,Y1_basic_boolean,Y1,('pending6' NOT SIMILAR TO 'zz%') IS TRUE,('pending6' NOT SIMILAR TO 'zz%') IS TRUE,regex_match,0,0.85,1.0,0.8,0.0,T0_generated_candidate,slot_sanity_or_static_issue,LLM_review_or_future_special_module,,,NONE_BASE,1,0,1
Y1_R040_C04_S03,Y1_basic_boolean,Y1,('public7' NOT SIMILAR TO 'zz%') IS TRUE,('public7' NOT SIMILAR TO 'zz%') IS TRUE,regex_match,0,0.85,1.0,0.8,0.0,T0_generated_candidate,slot_sanity_or_static_issue,LLM_review_or_future_special_module,,,NONE_BASE,1,0,1
Y1_R040_C04_S04,Y1_basic_boolean,Y1,('member8' NOT SIMILAR TO 'me%') IS TRUE,('member8' NOT SIMILAR TO 'me%') IS TRUE,regex_match,0,0.85,1.0,0.8,0.0,T0_generated_candidate,slot_sanity_or_static_issue,LLM_review_or_future_special_module,,,NONE_BASE,1,0,1
Y1_R040_C04_S05,Y1_basic_boolean,Y1,('stone0' NOT SIMILAR TO 'st%') IS TRUE,('stone0' NOT SIMILAR TO 'st%') IS TRUE,regex_match,0,0.85,1.0,0.8,0.0,T0_generated_candidate,slot_sanity_or_static_issue,LLM_review_or_future_special_module,,,NONE_BASE,1,0,1
Y1_R040_C04_S06,Y1_basic_boolean,Y1,('north1' NOT SIMILAR TO 'no%') IS TRUE,('north1' NOT SIMILAR TO 'no%') IS TRUE,regex_match,0,0.85,1.0,0.8,0.0,T0_generated_candidate,slot_sanity_or_static_issue,LLM_review_or_future_special_module,,,NONE_BASE,1,0,1
Y1_R040_C05_S01,Y1_basic_boolean,Y1,('pending5' NOT SIMILAR TO 'zz%') IS NOT FALSE,('pending5' NOT SIMILAR TO 'zz%') IS NOT FALSE,regex_match,0,0.85,1.0,0.8,0.0,T0_generated_candidate,slot_sanity_or_static_issue,LLM_review_or_future_special_module,,,NONE_BASE,1,0,1
Y1_R040_C05_S02,Y1_basic_boolean,Y1,('public6' NOT SIMILAR TO 'zz%') IS NOT FALSE,('public6' NOT SIMILAR TO 'zz%') IS NOT FALSE,regex_match,0,0.85,1.0,0.8,0.0,T0_generated_candidate,slot_sanity_or_static_issue,LLM_review_or_future_special_module,,,NONE_BASE,1,0,1
Y1_R040_C05_S03,Y1_basic_boolean,Y1,('member7' NOT SIMILAR TO 'zz%') IS NOT FALSE,('member7' NOT SIMILAR TO 'zz%') IS NOT FALSE,regex_match,0,0.85,1.0,0.8,0.0,T0_generated_candidate,slot_sanity_or_static_issue,LLM_review_or_future_special_module,,,NONE_BASE,1,0,1
Y1_R040_C05_S04,Y1_basic_boolean,Y1,('stone8' NOT SIMILAR TO 'st%') IS NOT FALSE,('stone8' NOT SIMILAR TO 'st%') IS NOT FALSE,regex_match,0,0.85,1.0,0.8,0.0,T0_generated_candidate,slot_sanity_or_static_issue,LLM_review_or_future_special_module,,,NONE_BASE,1,0,1
Y1_R040_C05_S05,Y1_basic_boolean,Y1,('north0' NOT SIMILAR TO 'no%') IS NOT FALSE,('north0' NOT SIMILAR TO 'no%') IS NOT FALSE,regex_match,0,0.85,1.0,0.8,0.0,T0_generated_candidate,slot_sanity_or_static_issue,LLM_review_or_future_special_module,,,NONE_BASE,1,0,1
Y1_R040_C05_S06,Y1_basic_boolean,Y1,('south1' NOT SIMILAR TO 'so%') IS NOT FALSE,('south1' NOT SIMILAR TO 'so%') IS NOT FALSE,regex_match,0,0.85,1.0,0.8,0.0,T0_generated_candidate,slot_sanity_or_static_issue,LLM_review_or_future_special_module,,,NONE_BASE,1,0,1
Y1_R040_C06_S01,Y1_basic_boolean,Y1,CASE WHEN ('public5' NOT SIMILAR TO 'zz%') THEN TRUE ELSE FALSE END,CASE WHEN ('public5' NOT SIMILAR TO 'zz%') THEN TRUE ELSE FALSE END,regex_match,0,0.85,1.0,0.8,0.0,T0_generated_candidate,slot_sanity_or_static_issue,LLM_review_or_future_special_module,,,NONE_BASE,1,0,1
Y1_R040_C06_S02,Y1_basic_boolean,Y1,CASE WHEN ('member6' NOT SIMILAR TO 'zz%') THEN TRUE ELSE FALSE END,CASE WHEN ('member6' NOT SIMILAR TO 'zz%') THEN TRUE ELSE FALSE END,regex_match,0,0.85,1.0,0.8,0.0,T0_generated_candidate,slot_sanity_or_static_issue,LLM_review_or_future_special_module,,,NONE_BASE,1,0,1
Y1_R040_C06_S03,Y1_basic_boolean,Y1,CASE WHEN ('stone7' NOT SIMILAR TO 'zz%') THEN TRUE ELSE FALSE END,CASE WHEN ('stone7' NOT SIMILAR TO 'zz%') THEN TRUE ELSE FALSE END,regex_match,0,0.85,1.0,0.8,0.0,T0_generated_candidate,slot_sanity_or_static_issue,LLM_review_or_future_special_module,,,NONE_BASE,1,0,1
Y1_R040_C06_S04,Y1_basic_boolean,Y1,CASE WHEN ('north8' NOT SIMILAR TO 'no%') THEN TRUE ELSE FALSE END,CASE WHEN ('north8' NOT SIMILAR TO 'no%') THEN TRUE ELSE FALSE END,regex_match,0,0.85,1.0,0.8,0.0,T0_generated_candidate,slot_sanity_or_static_issue,LLM_review_or_future_special_module,,,NONE_BASE,1,0,1
Y1_R040_C06_S05,Y1_basic_boolean,Y1,CASE WHEN ('south0' NOT SIMILAR TO 'so%') THEN TRUE ELSE FALSE END,CASE WHEN ('south0' NOT SIMILAR TO 'so%') THEN TRUE ELSE FALSE END,regex_match,0,0.85,1.0,0.8,0.0,T0_generated_candidate,slot_sanity_or_static_issue,LLM_review_or_future_special_module,,,NONE_BASE,1,0,1
Y1_R040_C06_S06,Y1_basic_boolean,Y1,CASE WHEN ('east1' NOT SIMILAR TO 'ea%') THEN TRUE ELSE FALSE END,CASE WHEN ('east1' NOT SIMILAR TO 'ea%') THEN TRUE ELSE FALSE END,regex_match,0,0.85,1.0,0.8,0.0,T0_generated_candidate,slot_sanity_or_static_issue,LLM_review_or_future_special_module,,,NONE_BASE,1,0,1
Y1_R040_C07_S01,Y1_basic_boolean,Y1,('member5' NOT SIMILAR TO 'zz%') AND (34 = 34),('member5' NOT SIMILAR TO 'zz%') AND (34 = 34),regex_match,0,0.85,1.0,0.8,0.0,T0_generated_candidate,slot_sanity_or_static_issue,LLM_review_or_future_special_module,,,NONE_BASE,1,0,1
Y1_R040_C07_S02,Y1_basic_boolean,Y1,('stone6' NOT SIMILAR TO 'zz%') AND (47 = 47),('stone6' NOT SIMILAR TO 'zz%') AND (47 = 47),regex_match,0,0.85,1.0,0.8,0.0,T0_generated_candidate,slot_sanity_or_static_issue,LLM_review_or_future_special_module,,,NONE_BASE,1,0,1
Y1_R040_C07_S03,Y1_basic_boolean,Y1,('north7' NOT SIMILAR TO 'zz%') AND (60 = 60),('north7' NOT SIMILAR TO 'zz%') AND (60 = 60),regex_match,0,0.85,1.0,0.8,0.0,T0_generated_candidate,slot_sanity_or_static_issue,LLM_review_or_future_special_module,,,NONE_BASE,1,0,1
Y1_R040_C07_S04,Y1_basic_boolean,Y1,('south8' NOT SIMILAR TO 'so%') AND (73 = 73),('south8' NOT SIMILAR TO 'so%') AND (73 = 73),regex_match,0,0.85,1.0,0.8,0.0,T0_generated_candidate,slot_sanity_or_static_issue,LLM_review_or_future_special_module,,,NONE_BASE,1,0,1
Y1_R040_C07_S05,Y1_basic_boolean,Y1,('east0' NOT SIMILAR TO 'ea%') AND (86 = 86),('east0' NOT SIMILAR TO 'ea%') AND (86 = 86),regex_match,0,0.85,1.0,0.8,0.0,T0_generated_candidate,slot_sanity_or_static_issue,LLM_review_or_future_special_module,,,NONE_BASE,1,0,1
Y1_R040_C07_S06,Y1_basic_boolean,Y1,('west1' NOT SIMILAR TO 'we%') AND (2 = 2),('west1' NOT SIMILAR TO 'we%') AND (2 = 2),regex_match,0,0.85,1.0,0.8,0.0,T0_generated_candidate,slot_sanity_or_static_issue,LLM_review_or_future_special_module,,,NONE_BASE,1,0,1
Y1_R040_C08_S01,Y1_basic_boolean,Y1,('stone5' NOT SIMILAR TO 'zz%') OR (62 <> 62),('stone5' NOT SIMILAR TO 'zz%') OR (62 <> 62),regex_match,0,0.85,1.0,0.8,0.0,T0_generated_candidate,slot_sanity_or_static_issue,LLM_review_or_future_special_module,,,NONE_BASE,1,0,1
Y1_R040_C08_S02,Y1_basic_boolean,Y1,('north6' NOT SIMILAR TO 'zz%') OR (75 <> 75),('north6' NOT SIMILAR TO 'zz%') OR (75 <> 75),regex_match,0,0.85,1.0,0.8,0.0,T0_generated_candidate,slot_sanity_or_static_issue,LLM_review_or_future_special_module,,,NONE_BASE,1,0,1
Y1_R040_C08_S03,Y1_basic_boolean,Y1,('south7' NOT SIMILAR TO 'zz%') OR (88 <> 88),('south7' NOT SIMILAR TO 'zz%') OR (88 <> 88),regex_match,0,0.85,1.0,0.8,0.0,T0_generated_candidate,slot_sanity_or_static_issue,LLM_review_or_future_special_module,,,NONE_BASE,1,0,1
Y1_R040_C08_S04,Y1_basic_boolean,Y1,('east8' NOT SIMILAR TO 'ea%') OR (4 <> 4),('east8' NOT SIMILAR TO 'ea%') OR (4 <> 4),regex_match,0,0.85,1.0,0.8,0.0,T0_generated_candidate,slot_sanity_or_static_issue,LLM_review_or_future_special_module,,,NONE_BASE,1,0,1
Y1_R040_C08_S05,Y1_basic_boolean,Y1,('west0' NOT SIMILAR TO 'we%') OR (17 <> 17),('west0' NOT SIMILAR TO 'we%') OR (17 <> 17),regex_match,0,0.85,1.0,0.8,0.0,T0_generated_candidate,slot_sanity_or_static_issue,LLM_review_or_future_special_module,,,NONE_BASE,1,0,1
Y1_R040_C08_S06,Y1_basic_boolean,Y1,('prime1' NOT SIMILAR TO 'pr%') OR (30 <> 30),('prime1' NOT SIMILAR TO 'pr%') OR (30 <> 30),regex_match,0,0.85,1.0,0.8,0.0,T0_generated_candidate,slot_sanity_or_static_issue,LLM_review_or_future_special_module,,,NONE_BASE,1,0,1
Y1_R040_C09_S01,Y1_basic_boolean,Y1,(('north5' NOT SIMILAR TO 'zz%') = TRUE),(('north5' NOT SIMILAR TO 'zz%') = TRUE),regex_match,0,0.85,1.0,0.8,0.0,T0_generated_candidate,slot_sanity_or_static_issue,LLM_review_or_future_special_module,,,NONE_BASE,1,0,1
Y1_R040_C09_S02,Y1_basic_boolean,Y1,(('south6' NOT SIMILAR TO 'zz%') = TRUE),(('south6' NOT SIMILAR TO 'zz%') = TRUE),regex_match,0,0.85,1.0,0.8,0.0,T0_generated_candidate,slot_sanity_or_static_issue,LLM_review_or_future_special_module,,,NONE_BASE,1,0,1
Y1_R040_C09_S03,Y1_basic_boolean,Y1,(('east7' NOT SIMILAR TO 'zz%') = TRUE),(('east7' NOT SIMILAR TO 'zz%') = TRUE),regex_match,0,0.85,1.0,0.8,0.0,T0_generated_candidate,slot_sanity_or_static_issue,LLM_review_or_future_special_module,,,NONE_BASE,1,0,1
Y1_R040_C09_S04,Y1_basic_boolean,Y1,(('west8' NOT SIMILAR TO 'we%') = TRUE),(('west8' NOT SIMILAR TO 'we%') = TRUE),regex_match,0,0.85,1.0,0.8,0.0,T0_generated_candidate,slot_sanity_or_static_issue,LLM_review_or_future_special_module,,,NONE_BASE,1,0,1
Y1_R040_C09_S05,Y1_basic_boolean,Y1,(('prime0' NOT SIMILAR TO 'pr%') = TRUE),(('prime0' NOT SIMILAR TO 'pr%') = TRUE),regex_match,0,0.85,1.0,0.8,0.0,T0_generated_candidate,slot_sanity_or_static_issue,LLM_review_or_future_special_module,,,NONE_BASE,1,0,1
Y1_R040_C09_S06,Y1_basic_boolean,Y1,(('core1' NOT SIMILAR TO 'co%') = TRUE),(('core1' NOT SIMILAR TO 'co%') = TRUE),regex_match,0,0.85,1.0,0.8,0.0,T0_generated_candidate,slot_sanity_or_static_issue,LLM_review_or_future_special_module,,,NONE_BASE,1,0,1
Y1_R040_C10_S01,Y1_basic_boolean,Y1,"COALESCE(('south5' NOT SIMILAR TO 'zz%'), FALSE)","COALESCE(('south5' NOT SIMILAR TO 'zz%'), FALSE)",regex_match,0,0.85,1.0,0.8,0.0,T0_generated_candidate,slot_sanity_or_static_issue,LLM_review_or_future_special_module,,,NONE_BASE,1,0,1
Y1_R040_C10_S02,Y1_basic_boolean,Y1,"COALESCE(('east6' NOT SIMILAR TO 'zz%'), FALSE)","COALESCE(('east6' NOT SIMILAR TO 'zz%'), FALSE)",regex_match,0,0.85,1.0,0.8,0.0,T0_generated_candidate,slot_sanity_or_static_issue,LLM_review_or_future_special_module,,,NONE_BASE,1,0,1
Y1_R040_C10_S03,Y1_basic_boolean,Y1,"COALESCE(('west7' NOT SIMILAR TO 'zz%'), FALSE)","COALESCE(('west7' NOT SIMILAR TO 'zz%'), FALSE)",regex_match,0,0.85,1.0,0.8,0.0,T0_generated_candidate,slot_sanity_or_static_issue,LLM_review_or_future_special_module,,,NONE_BASE,1,0,1
Y1_R040_C10_S04,Y1_basic_boolean,Y1,"COALESCE(('prime8' NOT SIMILAR TO 'pr%'), FALSE)","COALESCE(('prime8' NOT SIMILAR TO 'pr%'), FALSE)",regex_match,0,0.85,1.0,0.8,0.0,T0_generated_candidate,slot_sanity_or_static_issue,LLM_review_or_future_special_module,,,NONE_BASE,1,0,1
Y1_R040_C10_S05,Y1_basic_boolean,Y1,"COALESCE(('core0' NOT SIMILAR TO 'co%'), FALSE)","COALESCE(('core0' NOT SIMILAR TO 'co%'), FALSE)",regex_match,0,0.85,1.0,0.8,0.0,T0_generated_candidate,slot_sanity_or_static_issue,LLM_review_or_future_special_module,,,NONE_BASE,1,0,1
Y1_R040_C10_S06,Y1_basic_boolean,Y1,"COALESCE(('safe1' NOT SIMILAR TO 'sa%'), FALSE)","COALESCE(('safe1' NOT SIMILAR TO 'sa%'), FALSE)",regex_match,0,0.85,1.0,0.8,0.0,T0_generated_candidate,slot_sanity_or_static_issue,LLM_review_or_future_special_module,,,NONE_BASE,1,0,1
Y1_R049_C01_S01,Y1_basic_boolean,Y1,(94 % 77) = 17,(94 % 77) = 17,arithmetic_expression,0,0.85,1.0,0.8,0.0,T0_generated_candidate,slot_sanity_or_static_issue,LLM_review_or_future_special_module,,,NONE_BASE,1,0,1
Y1_R049_C01_S02,Y1_basic_boolean,Y1,(10 % 90) = 10,(10 % 90) = 10,arithmetic_expression,0,0.85,1.0,0.8,0.0,T0_generated_candidate,slot_sanity_or_static_issue,LLM_review_or_future_special_module,,,NONE_BASE,1,0,1
Y1_R049_C01_S03,Y1_basic_boolean,Y1,(23 % 6) = 5,(23 % 6) = 5,arithmetic_expression,0,0.85,1.0,0.8,0.0,T0_generated_candidate,slot_sanity_or_static_issue,LLM_review_or_future_special_module,,,NONE_BASE,1,0,1
Y1_R049_C01_S04,Y1_basic_boolean,Y1,(36 % 19) = 18,(36 % 19) = 18,arithmetic_expression,0,0.85,1.0,0.8,0.0,T0_generated_candidate,slot_sanity_or_static_issue,LLM_review_or_future_special_module,,,NONE_BASE,1,0,1
Y1_R049_C01_S05,Y1_basic_boolean,Y1,(49 % 32) = 18,(49 % 32) = 18,arithmetic_expression,0,0.85,1.0,0.8,0.0,T0_generated_candidate,slot_sanity_or_static_issue,LLM_review_or_future_special_module,,,NONE_BASE,1,0,1
Y1_R049_C01_S06,Y1_basic_boolean,Y1,(62 % 45) = 18,(62 % 45) = 18,arithmetic_expression,0,0.85,1.0,0.8,0.0,T0_generated_candidate,slot_sanity_or_static_issue,LLM_review_or_future_special_module,,,NONE_BASE,1,0,1
Y1_R049_C02_S01,Y1_basic_boolean,Y1,((8 % 88) = 8),((8 % 88) = 8),arithmetic_expression,0,0.85,1.0,0.8,0.0,T0_generated_candidate,slot_sanity_or_static_issue,LLM_review_or_future_special_module,,,NONE_BASE,1,0,1
Y1_R049_C02_S02,Y1_basic_boolean,Y1,((21 % 4) = 1),((21 % 4) = 1),arithmetic_expression,0,0.85,1.0,0.8,0.0,T0_generated_candidate,slot_sanity_or_static_issue,LLM_review_or_future_special_module,,,NONE_BASE,1,0,1
Y1_R049_C02_S03,Y1_basic_boolean,Y1,((34 % 17) = 0),((34 % 17) = 0),arithmetic_expression,0,0.85,1.0,0.8,0.0,T0_generated_candidate,slot_sanity_or_static_issue,LLM_review_or_future_special_module,,,NONE_BASE,1,0,1
Y1_R049_C02_S04,Y1_basic_boolean,Y1,((47 % 30) = 18),((47 % 30) = 18),arithmetic_expression,0,0.85,1.0,0.8,0.0,T0_generated_candidate,slot_sanity_or_static_issue,LLM_review_or_future_special_module,,,NONE_BASE,1,0,1
Y1_R049_C02_S05,Y1_basic_boolean,Y1,((60 % 43) = 18),((60 % 43) = 18),arithmetic_expression,0,0.85,1.0,0.8,0.0,T0_generated_candidate,slot_sanity_or_static_issue,LLM_review_or_future_special_module,,,NONE_BASE,1,0,1
Y1_R049_C02_S06,Y1_basic_boolean,Y1,((73 % 56) = 18),((73 % 56) = 18),arithmetic_expression,0,0.85,1.0,0.8,0.0,T0_generated_candidate,slot_sanity_or_static_issue,LLM_review_or_future_special_module,,,NONE_BASE,1,0,1
Y1_R049_C03_S01,Y1_basic_boolean,Y1,NOT ((19 % 2) = 2),NOT ((19 % 2) = 2),arithmetic_expression,0,0.85,1.0,0.8,0.0,T0_generated_candidate,slot_sanity_or_static_issue,LLM_review_or_future_special_module,,,NONE_BASE,1,0,1
Y1_R049_C03_S02,Y1_basic_boolean,Y1,NOT ((32 % 15) = 3),NOT ((32 % 15) = 3),arithmetic_expression,0,0.85,1.0,0.8,0.0,T0_generated_candidate,slot_sanity_or_static_issue,LLM_review_or_future_special_module,,,NONE_BASE,1,0,1
Y1_R049_C03_S03,Y1_basic_boolean,Y1,NOT ((45 % 28) = 18),NOT ((45 % 28) = 18),arithmetic_expression,0,0.85,1.0,0.8,0.0,T0_generated_candidate,slot_sanity_or_static_issue,LLM_review_or_future_special_module,,,NONE_BASE,1,0,1
Y1_R049_C03_S04,Y1_basic_boolean,Y1,NOT ((58 % 41) = 17),NOT ((58 % 41) = 17),arithmetic_expression,0,0.85,1.0,0.8,0.0,T0_generated_candidate,slot_sanity_or_static_issue,LLM_review_or_future_special_module,,,NONE_BASE,1,0,1
Y1_R049_C03_S05,Y1_basic_boolean,Y1,NOT ((71 % 54) = 17),NOT ((71 % 54) = 17),arithmetic_expression,0,0.85,1.0,0.8,0.0,T0_generated_candidate,slot_sanity_or_static_issue,LLM_review_or_future_special_module,,,NONE_BASE,1,0,1
Y1_R049_C03_S06,Y1_basic_boolean,Y1,NOT ((84 % 67) = 17),NOT ((84 % 67) = 17),arithmetic_expression,0,0.85,1.0,0.8,0.0,T0_generated_candidate,slot_sanity_or_static_issue,LLM_review_or_future_special_module,,,NONE_BASE,1,0,1
Y1_R049_C04_S01,Y1_basic_boolean,Y1,((30 % 13) = 4) IS TRUE,((30 % 13) = 4) IS TRUE,arithmetic_expression,0,0.85,1.0,0.8,0.0,T0_generated_candidate,slot_sanity_or_static_issue,LLM_review_or_future_special_module,,,NONE_BASE,1,0,1
Y1_R049_C04_S02,Y1_basic_boolean,Y1,((43 % 26) = 17) IS TRUE,((43 % 26) = 17) IS TRUE,arithmetic_expression,0,0.85,1.0,0.8,0.0,T0_generated_candidate,slot_sanity_or_static_issue,LLM_review_or_future_special_module,,,NONE_BASE,1,0,1
Y1_R049_C04_S03,Y1_basic_boolean,Y1,((56 % 39) = 17) IS TRUE,((56 % 39) = 17) IS TRUE,arithmetic_expression,0,0.85,1.0,0.8,0.0,T0_generated_candidate,slot_sanity_or_static_issue,LLM_review_or_future_special_module,,,NONE_BASE,1,0,1
Y1_R049_C04_S04,Y1_basic_boolean,Y1,((69 % 52) = 18) IS TRUE,((69 % 52) = 18) IS TRUE,arithmetic_expression,0,0.85,1.0,0.8,0.0,T0_generated_candidate,slot_sanity_or_static_issue,LLM_review_or_future_special_module,,,NONE_BASE,1,0,1
Y1_R049_C04_S05,Y1_basic_boolean,Y1,((82 % 65) = 18) IS TRUE,((82 % 65) = 18) IS TRUE,arithmetic_expression,0,0.85,1.0,0.8,0.0,T0_generated_candidate,slot_sanity_or_static_issue,LLM_review_or_future_special_module,,,NONE_BASE,1,0,1
Y1_R049_C04_S06,Y1_basic_boolean,Y1,((95 % 78) = 18) IS TRUE,((95 % 78) = 18) IS TRUE,arithmetic_expression,0,0.85,1.0,0.8,0.0,T0_generated_candidate,slot_sanity_or_static_issue,LLM_review_or_future_special_module,,,NONE_BASE,1,0,1
Y1_R049_C05_S01,Y1_basic_boolean,Y1,((41 % 24) = 17) IS NOT FALSE,((41 % 24) = 17) IS NOT FALSE,arithmetic_expression,0,0.85,1.0,0.8,0.0,T0_generated_candidate,slot_sanity_or_static_issue,LLM_review_or_future_special_module,,,NONE_BASE,1,0,1
Y1_R049_C05_S02,Y1_basic_boolean,Y1,((54 % 37) = 17) IS NOT FALSE,((54 % 37) = 17) IS NOT FALSE,arithmetic_expression,0,0.85,1.0,0.8,0.0,T0_generated_candidate,slot_sanity_or_static_issue,LLM_review_or_future_special_module,,,NONE_BASE,1,0,1
Y1_R049_C05_S03,Y1_basic_boolean,Y1,((67 % 50) = 17) IS NOT FALSE,((67 % 50) = 17) IS NOT FALSE,arithmetic_expression,0,0.85,1.0,0.8,0.0,T0_generated_candidate,slot_sanity_or_static_issue,LLM_review_or_future_special_module,,,NONE_BASE,1,0,1
Y1_R049_C05_S04,Y1_basic_boolean,Y1,((80 % 63) = 18) IS NOT FALSE,((80 % 63) = 18) IS NOT FALSE,arithmetic_expression,0,0.85,1.0,0.8,0.0,T0_generated_candidate,slot_sanity_or_static_issue,LLM_review_or_future_special_module,,,NONE_BASE,1,0,1
Y1_R049_C05_S05,Y1_basic_boolean,Y1,((93 % 76) = 18) IS NOT FALSE,((93 % 76) = 18) IS NOT FALSE,arithmetic_expression,0,0.85,1.0,0.8,0.0,T0_generated_candidate,slot_sanity_or_static_issue,LLM_review_or_future_special_module,,,NONE_BASE,1,0,1
Y1_R049_C05_S06,Y1_basic_boolean,Y1,((9 % 89) = 10) IS NOT FALSE,((9 % 89) = 10) IS NOT FALSE,arithmetic_expression,0,0.85,1.0,0.8,0.0,T0_generated_candidate,slot_sanity_or_static_issue,LLM_review_or_future_special_module,,,NONE_BASE,1,0,1
Y1_R049_C06_S01,Y1_basic_boolean,Y1,CASE WHEN ((52 % 35) = 17) THEN TRUE ELSE FALSE END,CASE WHEN ((52 % 35) = 17) THEN TRUE ELSE FALSE END,arithmetic_expression,0,0.85,1.0,0.8,0.0,T0_generated_candidate,slot_sanity_or_static_issue,LLM_review_or_future_special_module,,,NONE_BASE,1,0,1
Y1_R049_C06_S02,Y1_basic_boolean,Y1,CASE WHEN ((65 % 48) = 17) THEN TRUE ELSE FALSE END,CASE WHEN ((65 % 48) = 17) THEN TRUE ELSE FALSE END,arithmetic_expression,0,0.85,1.0,0.8,0.0,T0_generated_candidate,slot_sanity_or_static_issue,LLM_review_or_future_special_module,,,NONE_BASE,1,0,1
Y1_R049_C06_S03,Y1_basic_boolean,Y1,CASE WHEN ((78 % 61) = 17) THEN TRUE ELSE FALSE END,CASE WHEN ((78 % 61) = 17) THEN TRUE ELSE FALSE END,arithmetic_expression,0,0.85,1.0,0.8,0.0,T0_generated_candidate,slot_sanity_or_static_issue,LLM_review_or_future_special_module,,,NONE_BASE,1,0,1
Y1_R049_C06_S04,Y1_basic_boolean,Y1,CASE WHEN ((91 % 74) = 18) THEN TRUE ELSE FALSE END,CASE WHEN ((91 % 74) = 18) THEN TRUE ELSE FALSE END,arithmetic_expression,0,0.85,1.0,0.8,0.0,T0_generated_candidate,slot_sanity_or_static_issue,LLM_review_or_future_special_module,,,NONE_BASE,1,0,1
Y1_R049_C06_S05,Y1_basic_boolean,Y1,CASE WHEN ((7 % 87) = 8) THEN TRUE ELSE FALSE END,CASE WHEN ((7 % 87) = 8) THEN TRUE ELSE FALSE END,arithmetic_expression,0,0.85,1.0,0.8,0.0,T0_generated_candidate,slot_sanity_or_static_issue,LLM_review_or_future_special_module,,,NONE_BASE,1,0,1
Y1_R049_C06_S06,Y1_basic_boolean,Y1,CASE WHEN ((20 % 3) = 3) THEN TRUE ELSE FALSE END,CASE WHEN ((20 % 3) = 3) THEN TRUE ELSE FALSE END,arithmetic_expression,0,0.85,1.0,0.8,0.0,T0_generated_candidate,slot_sanity_or_static_issue,LLM_review_or_future_special_module,,,NONE_BASE,1,0,1
Y1_R049_C07_S01,Y1_basic_boolean,Y1,((63 % 46) = 17) AND (97 = 97),((63 % 46) = 17) AND (97 = 97),arithmetic_expression,0,0.85,1.0,0.8,0.0,T0_generated_candidate,slot_sanity_or_static_issue,LLM_review_or_future_special_module,,,NONE_BASE,1,0,1
Y1_R049_C07_S02,Y1_basic_boolean,Y1,((76 % 59) = 17) AND (13 = 13),((76 % 59) = 17) AND (13 = 13),arithmetic_expression,0,0.85,1.0,0.8,0.0,T0_generated_candidate,slot_sanity_or_static_issue,LLM_review_or_future_special_module,,,NONE_BASE,1,0,1
Y1_R049_C07_S03,Y1_basic_boolean,Y1,((89 % 72) = 17) AND (26 = 26),((89 % 72) = 17) AND (26 = 26),arithmetic_expression,0,0.85,1.0,0.8,0.0,T0_generated_candidate,slot_sanity_or_static_issue,LLM_review_or_future_special_module,,,NONE_BASE,1,0,1
Y1_R049_C07_S04,Y1_basic_boolean,Y1,((5 % 85) = 6) AND (39 = 39),((5 % 85) = 6) AND (39 = 39),arithmetic_expression,0,0.85,1.0,0.8,0.0,T0_generated_candidate,slot_sanity_or_static_issue,LLM_review_or_future_special_module,,,NONE_BASE,1,0,1
Y1_R049_C07_S05,Y1_basic_boolean,Y1,((18 % 1) = 1) AND (52 = 52),((18 % 1) = 1) AND (52 = 52),arithmetic_expression,0,0.85,1.0,0.8,0.0,T0_generated_candidate,slot_sanity_or_static_issue,LLM_review_or_future_special_module,,,NONE_BASE,1,0,1
Y1_R049_C07_S06,Y1_basic_boolean,Y1,((31 % 14) = 4) AND (65 = 65),((31 % 14) = 4) AND (65 = 65),arithmetic_expression,0,0.85,1.0,0.8,0.0,T0_generated_candidate,slot_sanity_or_static_issue,LLM_review_or_future_special_module,,,NONE_BASE,1,0,1
Y1_R049_C08_S01,Y1_basic_boolean,Y1,((74 % 57) = 17) OR (28 <> 28),((74 % 57) = 17) OR (28 <> 28),arithmetic_expression,0,0.85,1.0,0.8,0.0,T0_generated_candidate,slot_sanity_or_static_issue,LLM_review_or_future_special_module,,,NONE_BASE,1,0,1
Y1_R049_C08_S02,Y1_basic_boolean,Y1,((87 % 70) = 17) OR (41 <> 41),((87 % 70) = 17) OR (41 <> 41),arithmetic_expression,0,0.85,1.0,0.8,0.0,T0_generated_candidate,slot_sanity_or_static_issue,LLM_review_or_future_special_module,,,NONE_BASE,1,0,1
Y1_R049_C08_S03,Y1_basic_boolean,Y1,((3 % 83) = 3) OR (54 <> 54),((3 % 83) = 3) OR (54 <> 54),arithmetic_expression,0,0.85,1.0,0.8,0.0,T0_generated_candidate,slot_sanity_or_static_issue,LLM_review_or_future_special_module,,,NONE_BASE,1,0,1
Y1_R049_C08_S04,Y1_basic_boolean,Y1,((16 % 96) = 17) OR (67 <> 67),((16 % 96) = 17) OR (67 <> 67),arithmetic_expression,0,0.85,1.0,0.8,0.0,T0_generated_candidate,slot_sanity_or_static_issue,LLM_review_or_future_special_module,,,NONE_BASE,1,0,1
Y1_R049_C08_S05,Y1_basic_boolean,Y1,((29 % 12) = 6) OR (80 <> 80),((29 % 12) = 6) OR (80 <> 80),arithmetic_expression,0,0.85,1.0,0.8,0.0,T0_generated_candidate,slot_sanity_or_static_issue,LLM_review_or_future_special_module,,,NONE_BASE,1,0,1
Y1_R049_C08_S06,Y1_basic_boolean,Y1,((42 % 25) = 18) OR (93 <> 93),((42 % 25) = 18) OR (93 <> 93),arithmetic_expression,0,0.85,1.0,0.8,0.0,T0_generated_candidate,slot_sanity_or_static_issue,LLM_review_or_future_special_module,,,NONE_BASE,1,0,1
Y1_R049_C09_S01,Y1_basic_boolean,Y1,(((85 % 68) = 17) = TRUE),(((85 % 68) = 17) = TRUE),arithmetic_expression,0,0.85,1.0,0.8,0.0,T0_generated_candidate,slot_sanity_or_static_issue,LLM_review_or_future_special_module,,,NONE_BASE,1,0,1
Y1_R049_C09_S02,Y1_basic_boolean,Y1,(((1 % 81) = 1) = TRUE),(((1 % 81) = 1) = TRUE),arithmetic_expression,0,0.85,1.0,0.8,0.0,T0_generated_candidate,slot_sanity_or_static_issue,LLM_review_or_future_special_module,,,NONE_BASE,1,0,1
Y1_R049_C09_S03,Y1_basic_boolean,Y1,(((14 % 94) = 14) = TRUE),(((14 % 94) = 14) = TRUE),arithmetic_expression,0,0.85,1.0,0.8,0.0,T0_generated_candidate,slot_sanity_or_static_issue,LLM_review_or_future_special_module,,,NONE_BASE,1,0,1
Y1_R049_C09_S04,Y1_basic_boolean,Y1,(((27 % 10) = 8) = TRUE),(((27 % 10) = 8) = TRUE),arithmetic_expression,0,0.85,1.0,0.8,0.0,T0_generated_candidate,slot_sanity_or_static_issue,LLM_review_or_future_special_module,,,NONE_BASE,1,0,1
Y1_R049_C09_S05,Y1_basic_boolean,Y1,(((40 % 23) = 18) = TRUE),(((40 % 23) = 18) = TRUE),arithmetic_expression,0,0.85,1.0,0.8,0.0,T0_generated_candidate,slot_sanity_or_static_issue,LLM_review_or_future_special_module,,,NONE_BASE,1,0,1
Y1_R049_C09_S06,Y1_basic_boolean,Y1,(((53 % 36) = 18) = TRUE),(((53 % 36) = 18) = TRUE),arithmetic_expression,0,0.85,1.0,0.8,0.0,T0_generated_candidate,slot_sanity_or_static_issue,LLM_review_or_future_special_module,,,NONE_BASE,1,0,1
Y1_R049_C10_S01,Y1_basic_boolean,Y1,"COALESCE(((96 % 79) = 17), FALSE)","COALESCE(((96 % 79) = 17), FALSE)",arithmetic_expression,0,0.85,1.0,0.8,0.0,T0_generated_candidate,slot_sanity_or_static_issue,LLM_review_or_future_special_module,,,NONE_BASE,1,0,1
Y1_R049_C10_S02,Y1_basic_boolean,Y1,"COALESCE(((12 % 92) = 12), FALSE)","COALESCE(((12 % 92) = 12), FALSE)",arithmetic_expression,0,0.85,1.0,0.8,0.0,T0_generated_candidate,slot_sanity_or_static_issue,LLM_review_or_future_special_module,,,NONE_BASE,1,0,1
Y1_R049_C10_S03,Y1_basic_boolean,Y1,"COALESCE(((25 % 8) = 1), FALSE)","COALESCE(((25 % 8) = 1), FALSE)",arithmetic_expression,0,0.85,1.0,0.8,0.0,T0_generated_candidate,slot_sanity_or_static_issue,LLM_review_or_future_special_module,,,NONE_BASE,1,0,1
Y1_R049_C10_S04,Y1_basic_boolean,Y1,"COALESCE(((38 % 21) = 18), FALSE)","COALESCE(((38 % 21) = 18), FALSE)",arithmetic_expression,0,0.85,1.0,0.8,0.0,T0_generated_candidate,slot_sanity_or_static_issue,LLM_review_or_future_special_module,,,NONE_BASE,1,0,1
Y1_R049_C10_S05,Y1_basic_boolean,Y1,"COALESCE(((51 % 34) = 18), FALSE)","COALESCE(((51 % 34) = 18), FALSE)",arithmetic_expression,0,0.85,1.0,0.8,0.0,T0_generated_candidate,slot_sanity_or_static_issue,LLM_review_or_future_special_module,,,NONE_BASE,1,0,1
Y1_R049_C10_S06,Y1_basic_boolean,Y1,"COALESCE(((64 % 47) = 18), FALSE)","COALESCE(((64 % 47) = 18), FALSE)",arithmetic_expression,0,0.85,1.0,0.8,0.0,T0_generated_candidate,slot_sanity_or_static_issue,LLM_review_or_future_special_module,,,NONE_BASE,1,0,1
Y1_R086_C01_S01,Y1_basic_boolean,Y1,uuid '00000000-0000-0000-0000-000000003195' = uuid '00000000-0000-0000-0000-000000003195',uuid '00000000-0000-0000-0000-000000003195' = uuid '00000000-0000-0000-0000-000000003195',uuid_predicate,1,0.9,0.0,1.0,0.0,T1_static_validated,slot_sanity_or_static_issue,LLM_review_or_future_special_module,,,NONE_BASE,1,1,1
Y1_R086_C01_S02,Y1_basic_boolean,Y1,uuid '00000000-0000-0000-0000-000000003208' = uuid '00000000-0000-0000-0000-000000003208',uuid '00000000-0000-0000-0000-000000003208' = uuid '00000000-0000-0000-0000-000000003208',uuid_predicate,1,0.9,0.0,1.0,0.0,T1_static_validated,slot_sanity_or_static_issue,LLM_review_or_future_special_module,,,NONE_BASE,1,1,1
Y1_R086_C01_S03,Y1_basic_boolean,Y1,uuid '00000000-0000-0000-0000-000000003221' = uuid '00000000-0000-0000-0000-000000003221',uuid '00000000-0000-0000-0000-000000003221' = uuid '00000000-0000-0000-0000-000000003221',uuid_predicate,1,0.9,0.0,1.0,0.0,T1_static_validated,slot_sanity_or_static_issue,LLM_review_or_future_special_module,,,NONE_BASE,1,1,1
Y1_R086_C01_S04,Y1_basic_boolean,Y1,uuid '00000000-0000-0000-0000-000000003234' = uuid '00000000-0000-0000-0000-000000003241',uuid '00000000-0000-0000-0000-000000003234' = uuid '00000000-0000-0000-0000-000000003241',uuid_predicate,1,0.9,0.0,1.0,0.0,T1_static_validated,slot_sanity_or_static_issue,LLM_review_or_future_special_module,,,NONE_BASE,1,1,1
Y1_R086_C01_S05,Y1_basic_boolean,Y1,uuid '00000000-0000-0000-0000-000000003247' = uuid '00000000-0000-0000-0000-000000003254',uuid '00000000-0000-0000-0000-000000003247' = uuid '00000000-0000-0000-0000-000000003254',uuid_predicate,1,0.9,0.0,1.0,0.0,T1_static_validated,slot_sanity_or_static_issue,LLM_review_or_future_special_module,,,NONE_BASE,1,1,1
Y1_R086_C01_S06,Y1_basic_boolean,Y1,uuid '00000000-0000-0000-0000-000000003260' = uuid '00000000-0000-0000-0000-000000003267',uuid '00000000-0000-0000-0000-000000003260' = uuid '00000000-0000-0000-0000-000000003267',uuid_predicate,1,0.9,0.0,1.0,0.0,T1_static_validated,slot_sanity_or_static_issue,LLM_review_or_future_special_module,,,NONE_BASE,1,1,1
Y1_R086_C02_S01,Y1_basic_boolean,Y1,(uuid '00000000-0000-0000-0000-000000003195' = uuid '00000000-0000-0000-0000-000000003195'),(uuid '00000000-0000-0000-0000-000000003195' = uuid '00000000-0000-0000-0000-000000003195'),uuid_predicate,1,0.9,0.0,1.0,0.0,T1_static_validated,slot_sanity_or_static_issue,LLM_review_or_future_special_module,,,NONE_BASE,1,1,1
Y1_R086_C02_S02,Y1_basic_boolean,Y1,(uuid '00000000-0000-0000-0000-000000003208' = uuid '00000000-0000-0000-0000-000000003208'),(uuid '00000000-0000-0000-0000-000000003208' = uuid '00000000-0000-0000-0000-000000003208'),uuid_predicate,1,0.9,0.0,1.0,0.0,T1_static_validated,slot_sanity_or_static_issue,LLM_review_or_future_special_module,,,NONE_BASE,1,1,1
Y1_R086_C02_S03,Y1_basic_boolean,Y1,(uuid '00000000-0000-0000-0000-000000003221' = uuid '00000000-0000-0000-0000-000000003221'),(uuid '00000000-0000-0000-0000-000000003221' = uuid '00000000-0000-0000-0000-000000003221'),uuid_predicate,1,0.9,0.0,1.0,0.0,T1_static_validated,slot_sanity_or_static_issue,LLM_review_or_future_special_module,,,NONE_BASE,1,1,1
Y1_R086_C02_S04,Y1_basic_boolean,Y1,(uuid '00000000-0000-0000-0000-000000003234' = uuid '00000000-0000-0000-0000-000000003241'),(uuid '00000000-0000-0000-0000-000000003234' = uuid '00000000-0000-0000-0000-000000003241'),uuid_predicate,1,0.9,0.0,1.0,0.0,T1_static_validated,slot_sanity_or_static_issue,LLM_review_or_future_special_module,,,NONE_BASE,1,1,1
Y1_R086_C02_S05,Y1_basic_boolean,Y1,(uuid '00000000-0000-0000-0000-000000003247' = uuid '00000000-0000-0000-0000-000000003254'),(uuid '00000000-0000-0000-0000-000000003247' = uuid '00000000-0000-0000-0000-000000003254'),uuid_predicate,1,0.9,0.0,1.0,0.0,T1_static_validated,slot_sanity_or_static_issue,LLM_review_or_future_special_module,,,NONE_BASE,1,1,1
Y1_R086_C02_S06,Y1_basic_boolean,Y1,(uuid '00000000-0000-0000-0000-000000003260' = uuid '00000000-0000-0000-0000-000000003267'),(uuid '00000000-0000-0000-0000-000000003260' = uuid '00000000-0000-0000-0000-000000003267'),uuid_predicate,1,0.9,0.0,1.0,0.0,T1_static_validated,slot_sanity_or_static_issue,LLM_review_or_future_special_module,,,NONE_BASE,1,1,1
Y1_R086_C03_S01,Y1_basic_boolean,Y1,NOT (uuid '00000000-0000-0000-0000-000000003195' = uuid '00000000-0000-0000-0000-000000003202'),NOT (uuid '00000000-0000-0000-0000-000000003195' = uuid '00000000-0000-0000-0000-000000003202'),uuid_predicate,1,0.9,0.0,1.0,0.0,T1_static_validated,slot_sanity_or_static_issue,LLM_review_or_future_special_module,,,NONE_BASE,1,1,1
Y1_R086_C03_S02,Y1_basic_boolean,Y1,NOT (uuid '00000000-0000-0000-0000-000000003208' = uuid '00000000-0000-0000-0000-000000003215'),NOT (uuid '00000000-0000-0000-0000-000000003208' = uuid '00000000-0000-0000-0000-000000003215'),uuid_predicate,1,0.9,0.0,1.0,0.0,T1_static_validated,slot_sanity_or_static_issue,LLM_review_or_future_special_module,,,NONE_BASE,1,1,1
Y1_R086_C03_S03,Y1_basic_boolean,Y1,NOT (uuid '00000000-0000-0000-0000-000000003221' = uuid '00000000-0000-0000-0000-000000003228'),NOT (uuid '00000000-0000-0000-0000-000000003221' = uuid '00000000-0000-0000-0000-000000003228'),uuid_predicate,1,0.9,0.0,1.0,0.0,T1_static_validated,slot_sanity_or_static_issue,LLM_review_or_future_special_module,,,NONE_BASE,1,1,1
Y1_R086_C03_S04,Y1_basic_boolean,Y1,NOT (uuid '00000000-0000-0000-0000-000000003234' = uuid '00000000-0000-0000-0000-000000003234'),NOT (uuid '00000000-0000-0000-0000-000000003234' = uuid '00000000-0000-0000-0000-000000003234'),uuid_predicate,1,0.9,0.0,1.0,0.0,T1_static_validated,slot_sanity_or_static_issue,LLM_review_or_future_special_module,,,NONE_BASE,1,1,1
Y1_R086_C03_S05,Y1_basic_boolean,Y1,NOT (uuid '00000000-0000-0000-0000-000000003247' = uuid '00000000-0000-0000-0000-000000003247'),NOT (uuid '00000000-0000-0000-0000-000000003247' = uuid '00000000-0000-0000-0000-000000003247'),uuid_predicate,1,0.9,0.0,1.0,0.0,T1_static_validated,slot_sanity_or_static_issue,LLM_review_or_future_special_module,,,NONE_BASE,1,1,1
Y1_R086_C03_S06,Y1_basic_boolean,Y1,NOT (uuid '00000000-0000-0000-0000-000000003260' = uuid '00000000-0000-0000-0000-000000003260'),NOT (uuid '00000000-0000-0000-0000-000000003260' = uuid '00000000-0000-0000-0000-000000003260'),uuid_predicate,1,0.9,0.0,1.0,0.0,T1_static_validated,slot_sanity_or_static_issue,LLM_review_or_future_special_module,,,NONE_BASE,1,1,1
Y1_R086_C04_S01,Y1_basic_boolean,Y1,(uuid '00000000-0000-0000-0000-000000003195' = uuid '00000000-0000-0000-0000-000000003195') IS TRUE,(uuid '00000000-0000-0000-0000-000000003195' = uuid '00000000-0000-0000-0000-000000003195') IS TRUE,uuid_predicate,1,0.9,0.0,1.0,0.0,T1_static_validated,slot_sanity_or_static_issue,LLM_review_or_future_special_module,,,NONE_BASE,1,1,1
Y1_R086_C04_S02,Y1_basic_boolean,Y1,(uuid '00000000-0000-0000-0000-000000003208' = uuid '00000000-0000-0000-0000-000000003208') IS TRUE,(uuid '00000000-0000-0000-0000-000000003208' = uuid '00000000-0000-0000-0000-000000003208') IS TRUE,uuid_predicate,1,0.9,0.0,1.0,0.0,T1_static_validated,slot_sanity_or_static_issue,LLM_review_or_future_special_module,,,NONE_BASE,1,1,1
Y1_R086_C04_S03,Y1_basic_boolean,Y1,(uuid '00000000-0000-0000-0000-000000003221' = uuid '00000000-0000-0000-0000-000000003221') IS TRUE,(uuid '00000000-0000-0000-0000-000000003221' = uuid '00000000-0000-0000-0000-000000003221') IS TRUE,uuid_predicate,1,0.9,0.0,1.0,0.0,T1_static_validated,slot_sanity_or_static_issue,LLM_review_or_future_special_module,,,NONE_BASE,1,1,1
Y1_R086_C04_S04,Y1_basic_boolean,Y1,(uuid '00000000-0000-0000-0000-000000003234' = uuid '00000000-0000-0000-0000-000000003241') IS TRUE,(uuid '00000000-0000-0000-0000-000000003234' = uuid '00000000-0000-0000-0000-000000003241') IS TRUE,uuid_predicate,1,0.9,0.0,1.0,0.0,T1_static_validated,slot_sanity_or_static_issue,LLM_review_or_future_special_module,,,NONE_BASE,1,1,1
Y1_R086_C04_S05,Y1_basic_boolean,Y1,(uuid '00000000-0000-0000-0000-000000003247' = uuid '00000000-0000-0000-0000-000000003254') IS TRUE,(uuid '00000000-0000-0000-0000-000000003247' = uuid '00000000-0000-0000-0000-000000003254') IS TRUE,uuid_predicate,1,0.9,0.0,1.0,0.0,T1_static_validated,slot_sanity_or_static_issue,LLM_review_or_future_special_module,,,NONE_BASE,1,1,1
Y1_R086_C04_S06,Y1_basic_boolean,Y1,(uuid '00000000-0000-0000-0000-000000003260' = uuid '00000000-0000-0000-0000-000000003267') IS TRUE,(uuid '00000000-0000-0000-0000-000000003260' = uuid '00000000-0000-0000-0000-000000003267') IS TRUE,uuid_predicate,1,0.9,0.0,1.0,0.0,T1_static_validated,slot_sanity_or_static_issue,LLM_review_or_future_special_module,,,NONE_BASE,1,1,1
Y1_R086_C05_S01,Y1_basic_boolean,Y1,(uuid '00000000-0000-0000-0000-000000003195' = uuid '00000000-0000-0000-0000-000000003195') IS NOT FALSE,(uuid '00000000-0000-0000-0000-000000003195' = uuid '00000000-0000-0000-0000-000000003195') IS NOT FALSE,uuid_predicate,1,0.9,0.0,1.0,0.0,T1_static_validated,slot_sanity_or_static_issue,LLM_review_or_future_special_module,,,NONE_BASE,1,1,1
Y1_R086_C05_S02,Y1_basic_boolean,Y1,(uuid '00000000-0000-0000-0000-000000003208' = uuid '00000000-0000-0000-0000-000000003208') IS NOT FALSE,(uuid '00000000-0000-0000-0000-000000003208' = uuid '00000000-0000-0000-0000-000000003208') IS NOT FALSE,uuid_predicate,1,0.9,0.0,1.0,0.0,T1_static_validated,slot_sanity_or_static_issue,LLM_review_or_future_special_module,,,NONE_BASE,1,1,1
Y1_R086_C05_S03,Y1_basic_boolean,Y1,(uuid '00000000-0000-0000-0000-000000003221' = uuid '00000000-0000-0000-0000-000000003221') IS NOT FALSE,(uuid '00000000-0000-0000-0000-000000003221' = uuid '00000000-0000-0000-0000-000000003221') IS NOT FALSE,uuid_predicate,1,0.9,0.0,1.0,0.0,T1_static_validated,slot_sanity_or_static_issue,LLM_review_or_future_special_module,,,NONE_BASE,1,1,1
Y1_R086_C05_S04,Y1_basic_boolean,Y1,(uuid '00000000-0000-0000-0000-000000003234' = uuid '00000000-0000-0000-0000-000000003241') IS NOT FALSE,(uuid '00000000-0000-0000-0000-000000003234' = uuid '00000000-0000-0000-0000-000000003241') IS NOT FALSE,uuid_predicate,1,0.9,0.0,1.0,0.0,T1_static_validated,slot_sanity_or_static_issue,LLM_review_or_future_special_module,,,NONE_BASE,1,1,1
Y1_R086_C05_S05,Y1_basic_boolean,Y1,(uuid '00000000-0000-0000-0000-000000003247' = uuid '00000000-0000-0000-0000-000000003254') IS NOT FALSE,(uuid '00000000-0000-0000-0000-000000003247' = uuid '00000000-0000-0000-0000-000000003254') IS NOT FALSE,uuid_predicate,1,0.9,0.0,1.0,0.0,T1_static_validated,slot_sanity_or_static_issue,LLM_review_or_future_special_module,,,NONE_BASE,1,1,1
Y1_R086_C05_S06,Y1_basic_boolean,Y1,(uuid '00000000-0000-0000-0000-000000003260' = uuid '00000000-0000-0000-0000-000000003267') IS NOT FALSE,(uuid '00000000-0000-0000-0000-000000003260' = uuid '00000000-0000-0000-0000-000000003267') IS NOT FALSE,uuid_predicate,1,0.9,0.0,1.0,0.0,T1_static_validated,slot_sanity_or_static_issue,LLM_review_or_future_special_module,,,NONE_BASE,1,1,1
Y1_R086_C06_S01,Y1_basic_boolean,Y1,CASE WHEN (uuid '00000000-0000-0000-0000-000000003195' = uuid '00000000-0000-0000-0000-000000003195') THEN TRUE ELSE FALSE END,CASE WHEN (uuid '00000000-0000-0000-0000-000000003195' = uuid '00000000-0000-0000-0000-000000003195') THEN TRUE ELSE FALSE END,uuid_predicate,1,0.9,0.0,1.0,0.0,T1_static_validated,slot_sanity_or_static_issue,LLM_review_or_future_special_module,,,NONE_BASE,1,1,1
Y1_R086_C06_S02,Y1_basic_boolean,Y1,CASE WHEN (uuid '00000000-0000-0000-0000-000000003208' = uuid '00000000-0000-0000-0000-000000003208') THEN TRUE ELSE FALSE END,CASE WHEN (uuid '00000000-0000-0000-0000-000000003208' = uuid '00000000-0000-0000-0000-000000003208') THEN TRUE ELSE FALSE END,uuid_predicate,1,0.9,0.0,1.0,0.0,T1_static_validated,slot_sanity_or_static_issue,LLM_review_or_future_special_module,,,NONE_BASE,1,1,1
Y1_R086_C06_S03,Y1_basic_boolean,Y1,CASE WHEN (uuid '00000000-0000-0000-0000-000000003221' = uuid '00000000-0000-0000-0000-000000003221') THEN TRUE ELSE FALSE END,CASE WHEN (uuid '00000000-0000-0000-0000-000000003221' = uuid '00000000-0000-0000-0000-000000003221') THEN TRUE ELSE FALSE END,uuid_predicate,1,0.9,0.0,1.0,0.0,T1_static_validated,slot_sanity_or_static_issue,LLM_review_or_future_special_module,,,NONE_BASE,1,1,1
Y1_R086_C06_S04,Y1_basic_boolean,Y1,CASE WHEN (uuid '00000000-0000-0000-0000-000000003234' = uuid '00000000-0000-0000-0000-000000003241') THEN TRUE ELSE FALSE END,CASE WHEN (uuid '00000000-0000-0000-0000-000000003234' = uuid '00000000-0000-0000-0000-000000003241') THEN TRUE ELSE FALSE END,uuid_predicate,1,0.9,0.0,1.0,0.0,T1_static_validated,slot_sanity_or_static_issue,LLM_review_or_future_special_module,,,NONE_BASE,1,1,1
Y1_R086_C06_S05,Y1_basic_boolean,Y1,CASE WHEN (uuid '00000000-0000-0000-0000-000000003247' = uuid '00000000-0000-0000-0000-000000003254') THEN TRUE ELSE FALSE END,CASE WHEN (uuid '00000000-0000-0000-0000-000000003247' = uuid '00000000-0000-0000-0000-000000003254') THEN TRUE ELSE FALSE END,uuid_predicate,1,0.9,0.0,1.0,0.0,T1_static_validated,slot_sanity_or_static_issue,LLM_review_or_future_special_module,,,NONE_BASE,1,1,1
Y1_R086_C06_S06,Y1_basic_boolean,Y1,CASE WHEN (uuid '00000000-0000-0000-0000-000000003260' = uuid '00000000-0000-0000-0000-000000003267') THEN TRUE ELSE FALSE END,CASE WHEN (uuid '00000000-0000-0000-0000-000000003260' = uuid '00000000-0000-0000-0000-000000003267') THEN TRUE ELSE FALSE END,uuid_predicate,1,0.9,0.0,1.0,0.0,T1_static_validated,slot_sanity_or_static_issue,LLM_review_or_future_special_module,,,NONE_BASE,1,1,1
Y1_R086_C07_S01,Y1_basic_boolean,Y1,(uuid '00000000-0000-0000-0000-000000003195' = uuid '00000000-0000-0000-0000-000000003195') AND (65 = 65),(uuid '00000000-0000-0000-0000-000000003195' = uuid '00000000-0000-0000-0000-000000003195') AND (65 = 65),uuid_predicate,1,0.9,0.0,1.0,0.0,T1_static_validated,slot_sanity_or_static_issue,LLM_review_or_future_special_module,,,NONE_BASE,1,1,1
Y1_R086_C07_S02,Y1_basic_boolean,Y1,(uuid '00000000-0000-0000-0000-000000003208' = uuid '00000000-0000-0000-0000-000000003208') AND (78 = 78),(uuid '00000000-0000-0000-0000-000000003208' = uuid '00000000-0000-0000-0000-000000003208') AND (78 = 78),uuid_predicate,1,0.9,0.0,1.0,0.0,T1_static_validated,slot_sanity_or_static_issue,LLM_review_or_future_special_module,,,NONE_BASE,1,1,1
Y1_R086_C07_S03,Y1_basic_boolean,Y1,(uuid '00000000-0000-0000-0000-000000003221' = uuid '00000000-0000-0000-0000-000000003221') AND (91 = 91),(uuid '00000000-0000-0000-0000-000000003221' = uuid '00000000-0000-0000-0000-000000003221') AND (91 = 91),uuid_predicate,1,0.9,0.0,1.0,0.0,T1_static_validated,slot_sanity_or_static_issue,LLM_review_or_future_special_module,,,NONE_BASE,1,1,1
Y1_R086_C07_S04,Y1_basic_boolean,Y1,(uuid '00000000-0000-0000-0000-000000003234' = uuid '00000000-0000-0000-0000-000000003241') AND (7 = 7),(uuid '00000000-0000-0000-0000-000000003234' = uuid '00000000-0000-0000-0000-000000003241') AND (7 = 7),uuid_predicate,1,0.9,0.0,1.0,0.0,T1_static_validated,slot_sanity_or_static_issue,LLM_review_or_future_special_module,,,NONE_BASE,1,1,1
Y1_R086_C07_S05,Y1_basic_boolean,Y1,(uuid '00000000-0000-0000-0000-000000003247' = uuid '00000000-0000-0000-0000-000000003254') AND (20 = 20),(uuid '00000000-0000-0000-0000-000000003247' = uuid '00000000-0000-0000-0000-000000003254') AND (20 = 20),uuid_predicate,1,0.9,0.0,1.0,0.0,T1_static_validated,slot_sanity_or_static_issue,LLM_review_or_future_special_module,,,NONE_BASE,1,1,1
Y1_R086_C07_S06,Y1_basic_boolean,Y1,(uuid '00000000-0000-0000-0000-000000003260' = uuid '00000000-0000-0000-0000-000000003267') AND (33 = 33),(uuid '00000000-0000-0000-0000-000000003260' = uuid '00000000-0000-0000-0000-000000003267') AND (33 = 33),uuid_predicate,1,0.9,0.0,1.0,0.0,T1_static_validated,slot_sanity_or_static_issue,LLM_review_or_future_special_module,,,NONE_BASE,1,1,1
Y1_R086_C08_S01,Y1_basic_boolean,Y1,(uuid '00000000-0000-0000-0000-000000003195' = uuid '00000000-0000-0000-0000-000000003195') OR (93 <> 93),(uuid '00000000-0000-0000-0000-000000003195' = uuid '00000000-0000-0000-0000-000000003195') OR (93 <> 93),uuid_predicate,1,0.9,0.0,1.0,0.0,T1_static_validated,slot_sanity_or_static_issue,LLM_review_or_future_special_module,,,NONE_BASE,1,1,1
Y1_R086_C08_S02,Y1_basic_boolean,Y1,(uuid '00000000-0000-0000-0000-000000003208' = uuid '00000000-0000-0000-0000-000000003208') OR (9 <> 9),(uuid '00000000-0000-0000-0000-000000003208' = uuid '00000000-0000-0000-0000-000000003208') OR (9 <> 9),uuid_predicate,1,0.9,0.0,1.0,0.0,T1_static_validated,slot_sanity_or_static_issue,LLM_review_or_future_special_module,,,NONE_BASE,1,1,1
