{
  "n_samples": 1000,
  "syntax_rate": 1.0,
  "asr_mean": 1.0,
  "asr_ci_low": 1.0,
  "asr_ci_high": 1.0,
  "self_bleu_3": 0.9894093743224548,
  "length_mean": 68.068,
  "length_std": 20.560335016725773,
  "trivial_rate": 0.0
}