{
  "n_samples": 1000,
  "syntax_rate": 1.0,
  "asr_mean": 1.0,
  "asr_ci_low": 1.0,
  "asr_ci_high": 1.0,
  "self_bleu_3": 0.9938620231608043,
  "length_mean": 79.799,
  "length_std": 0.450109986558841,
  "trivial_rate": 0.0
}