{
  "n_samples": 1000,
  "syntax_rate": 1.0,
  "asr_mean": 0.989,
  "asr_ci_low": 0.982,
  "asr_ci_high": 0.995,
  "self_bleu_3": 0.9929339836045549,
  "length_mean": 61.474,
  "length_std": 18.467466637305723,
  "trivial_rate": 0.0
}