{
  "n_samples": 1000,
  "syntax_rate": 1.0,
  "asr_mean": 0.697,
  "asr_ci_low": 0.668,
  "asr_ci_high": 0.725,
  "self_bleu_3": 0.9832908200777749,
  "length_mean": 55.106,
  "length_std": 13.483944675057074,
  "trivial_rate": 0.0
}