row_index,payload_norm,label,sqli_type_hint
29790,9.18E+015,0,
29791,4.47104E+015,0,
29792,9.17344E+015,0,
29793,4.22608E+015,0,
29794,4.23439E+015,0,
29795,2.11181E+015,0,
29796,9.55315E+015,0,
29797,4.28192E+015,0,
29798,9.7668E+015,0,
29799,9.4488E+015,0,
29800,9.70863E+015,0,
29801,4.38114E+015,0,
29802,2.04422E+015,0,
29803,9.49221E+015,0,
29804,9.19E+015,0,
29805,2.79567E+015,0,
29806,2.8707E+015,0,
29807,9.37032E+015,0,
29808,9.54368E+015,0,
29809,9.46936E+015,0,
29810,2.82E+015,0,
29811,9.16233E+015,0,
29812,9.51518E+015,0,
29813,3.59196E+015,0,
29814,9.32767E+015,0,
29815,9.47299E+015,0,
29816,9.97465E+015,0,
29817,1.97346E+015,0,
29818,2.57E+015,0,
29819,9.66866E+015,0,
