sample_id,text,payload_raw,prefix,ruleset_id,root_id,structure_cell_id,module_id,y_level,semantic_family,ruleset_family,skeleton_reference,required_tokens,slot_schema_id,source_split,source_view,raw_payload_hash,postgres_runtime_valid,semantic_behavior_valid,usable_for_mle,usable_for_reward_positive,training_role,minimal_seed_reason,schema_version
SEED_RS_Y2_R031_C01_MIN001,<RULE=RS_Y2_R031_C01><CELL=PG_BOOL_R031_C01><FAMILY=like_ilike> 'alpha' LIKE 'beta','alpha' LIKE 'beta',<RULE=RS_Y2_R031_C01><CELL=PG_BOOL_R031_C01><FAMILY=like_ilike>,RS_Y2_R031_C01,PG_BOOL_R031,PG_BOOL_R031_C01,Y2_boolean_variation,Y2,like_ilike,like_ilike,STR LIKE STR,LIKE,SLOT_Y2_R031_C01,train,ruleset_seed_minimal,sha256:b36c8af434c83a320ecfffa39074a81496007f0bfb1653c0a801299d0c029acc,not_run,not_run,True,False,coverage_seed_shape_only,ruleset_missing_accepted_static_row,v5.1
SEED_RS_Y2_R031_C02_MIN001,<RULE=RS_Y2_R031_C02><CELL=PG_BOOL_R031_C02><FAMILY=like_ilike> ('alpha' LIKE 'beta'),('alpha' LIKE 'beta'),<RULE=RS_Y2_R031_C02><CELL=PG_BOOL_R031_C02><FAMILY=like_ilike>,RS_Y2_R031_C02,PG_BOOL_R031,PG_BOOL_R031_C02,Y2_boolean_variation,Y2,like_ilike,like_ilike,(STR LIKE STR),LIKE,SLOT_Y2_R031_C02,train,ruleset_seed_minimal,sha256:80aa6b655e9fad0af3d8bc04f4488017cf9e7b833cb9ccc19d369373a0ec10df,not_run,not_run,True,False,coverage_seed_shape_only,ruleset_missing_accepted_static_row,v5.1
SEED_RS_Y2_R031_C03_MIN001,<RULE=RS_Y2_R031_C03><CELL=PG_BOOL_R031_C03><FAMILY=like_ilike> NOT ('alpha' LIKE 'beta'),NOT ('alpha' LIKE 'beta'),<RULE=RS_Y2_R031_C03><CELL=PG_BOOL_R031_C03><FAMILY=like_ilike>,RS_Y2_R031_C03,PG_BOOL_R031,PG_BOOL_R031_C03,Y2_boolean_variation,Y2,like_ilike,like_ilike,NOT (STR LIKE STR),LIKE|NOT,SLOT_Y2_R031_C03,train,ruleset_seed_minimal,sha256:b2ee227d2cb20652348f854e226edb2185c0030f68d80f16b6876219f5292988,not_run,not_run,True,False,coverage_seed_shape_only,ruleset_missing_accepted_static_row,v5.1
SEED_RS_Y2_R031_C04_MIN001,<RULE=RS_Y2_R031_C04><CELL=PG_BOOL_R031_C04><FAMILY=like_ilike> ('alpha' LIKE 'beta') IS TRUE,('alpha' LIKE 'beta') IS TRUE,<RULE=RS_Y2_R031_C04><CELL=PG_BOOL_R031_C04><FAMILY=like_ilike>,RS_Y2_R031_C04,PG_BOOL_R031,PG_BOOL_R031_C04,Y2_boolean_variation,Y2,like_ilike,like_ilike,(STR LIKE STR) IS TRUE,IS|LIKE|TRUE,SLOT_Y2_R031_C04,train,ruleset_seed_minimal,sha256:8159fac9a39a01d05f2cdbb9c1723836bf1cdc1af6635e4a169a06b486a56fd2,not_run,not_run,True,False,coverage_seed_shape_only,ruleset_missing_accepted_static_row,v5.1
SEED_RS_Y2_R031_C05_MIN001,<RULE=RS_Y2_R031_C05><CELL=PG_BOOL_R031_C05><FAMILY=like_ilike> ('alpha' LIKE 'beta') IS NOT FALSE,('alpha' LIKE 'beta') IS NOT FALSE,<RULE=RS_Y2_R031_C05><CELL=PG_BOOL_R031_C05><FAMILY=like_ilike>,RS_Y2_R031_C05,PG_BOOL_R031,PG_BOOL_R031_C05,Y2_boolean_variation,Y2,like_ilike,like_ilike,(STR LIKE STR) IS NOT FALSE,FALSE|IS|LIKE|NOT,SLOT_Y2_R031_C05,train,ruleset_seed_minimal,sha256:a15f6c36c1266c04c8697714fa46c6be36ed3767388ef99aaedfbe317b455198,not_run,not_run,True,False,coverage_seed_shape_only,ruleset_missing_accepted_static_row,v5.1
SEED_RS_Y2_R031_C06_MIN001,<RULE=RS_Y2_R031_C06><CELL=PG_BOOL_R031_C06><FAMILY=like_ilike> CASE WHEN ('alpha' LIKE 'beta') THEN TRUE ELSE FALSE END,CASE WHEN ('alpha' LIKE 'beta') THEN TRUE ELSE FALSE END,<RULE=RS_Y2_R031_C06><CELL=PG_BOOL_R031_C06><FAMILY=like_ilike>,RS_Y2_R031_C06,PG_BOOL_R031,PG_BOOL_R031_C06,Y2_boolean_variation,Y2,like_ilike,like_ilike,CASE WHEN (STR LIKE STR) THEN TRUE ELSE FALSE END,CASE|ELSE|END|FALSE|LIKE|THEN|TRUE|WHEN,SLOT_Y2_R031_C06,train,ruleset_seed_minimal,sha256:e3c09c6c04e8a6bb00688b7aeadbf795d62fb81ea510230663156cf1f30113e7,not_run,not_run,True,False,coverage_seed_shape_only,ruleset_missing_accepted_static_row,v5.1
SEED_RS_Y2_R031_C07_MIN001,<RULE=RS_Y2_R031_C07><CELL=PG_BOOL_R031_C07><FAMILY=like_ilike> ('alpha' LIKE 'beta') AND (4 = 48),('alpha' LIKE 'beta') AND (4 = 48),<RULE=RS_Y2_R031_C07><CELL=PG_BOOL_R031_C07><FAMILY=like_ilike>,RS_Y2_R031_C07,PG_BOOL_R031,PG_BOOL_R031_C07,Y2_boolean_variation,Y2,like_ilike,like_ilike,(STR LIKE STR) AND (INT = INT),=|AND|LIKE,SLOT_Y2_R031_C07,train,ruleset_seed_minimal,sha256:9ffc4e402bea9499fa7e391b672d86286767e49c1c1311b11796e8eea71c4567,not_run,not_run,True,False,coverage_seed_shape_only,ruleset_missing_accepted_static_row,v5.1
SEED_RS_Y2_R031_C08_MIN001,<RULE=RS_Y2_R031_C08><CELL=PG_BOOL_R031_C08><FAMILY=like_ilike> ('alpha' LIKE 'beta') OR (2 <> 26),('alpha' LIKE 'beta') OR (2 <> 26),<RULE=RS_Y2_R031_C08><CELL=PG_BOOL_R031_C08><FAMILY=like_ilike>,RS_Y2_R031_C08,PG_BOOL_R031,PG_BOOL_R031_C08,Y2_boolean_variation,Y2,like_ilike,like_ilike,(STR LIKE STR) OR (INT <> INT),<|<>|>|LIKE|OR,SLOT_Y2_R031_C08,train,ruleset_seed_minimal,sha256:f6a170ae9300aab82de7560d34b29a97e2bfeae1614bad919e2b93528e865d72,not_run,not_run,True,False,coverage_seed_shape_only,ruleset_missing_accepted_static_row,v5.1
SEED_RS_Y2_R031_C09_MIN001,<RULE=RS_Y2_R031_C09><CELL=PG_BOOL_R031_C09><FAMILY=like_ilike> (('alpha' LIKE 'beta') = TRUE),(('alpha' LIKE 'beta') = TRUE),<RULE=RS_Y2_R031_C09><CELL=PG_BOOL_R031_C09><FAMILY=like_ilike>,RS_Y2_R031_C09,PG_BOOL_R031,PG_BOOL_R031_C09,Y2_boolean_variation,Y2,like_ilike,like_ilike,((STR LIKE STR) = TRUE),=|LIKE|TRUE,SLOT_Y2_R031_C09,train,ruleset_seed_minimal,sha256:1826a91629f7cf9f227b870b8d40298ccc917e25f363494a249c3cee05bac29c,not_run,not_run,True,False,coverage_seed_shape_only,ruleset_missing_accepted_static_row,v5.1
SEED_RS_Y2_R031_C10_MIN001,"<RULE=RS_Y2_R031_C10><CELL=PG_BOOL_R031_C10><FAMILY=like_ilike> COALESCE(('alpha' LIKE 'beta'), FALSE)","COALESCE(('alpha' LIKE 'beta'), FALSE)",<RULE=RS_Y2_R031_C10><CELL=PG_BOOL_R031_C10><FAMILY=like_ilike>,RS_Y2_R031_C10,PG_BOOL_R031,PG_BOOL_R031_C10,Y2_boolean_variation,Y2,like_ilike,like_ilike,"COALESCE((STR LIKE STR), FALSE)",COALESCE|FALSE|LIKE,SLOT_Y2_R031_C10,train,ruleset_seed_minimal,sha256:182f11b9a20d7a7e964e74b10aac1877fa099b06b253307b7b27d688e4308ec6,not_run,not_run,True,False,coverage_seed_shape_only,ruleset_missing_accepted_static_row,v5.1
SEED_RS_Y2_R032_C01_MIN001,<RULE=RS_Y2_R032_C01><CELL=PG_BOOL_R032_C01><FAMILY=like_ilike> 'alpha' ILIKE 'beta','alpha' ILIKE 'beta',<RULE=RS_Y2_R032_C01><CELL=PG_BOOL_R032_C01><FAMILY=like_ilike>,RS_Y2_R032_C01,PG_BOOL_R032,PG_BOOL_R032_C01,Y2_boolean_variation,Y2,like_ilike,like_ilike,STR ILIKE STR,ILIKE,SLOT_Y2_R032_C01,train,ruleset_seed_minimal,sha256:91f18db34059deb093f85f970dd0e4b5e0f1a4a2e22d8a02cdc900ffe1953fe1,not_run,not_run,True,False,coverage_seed_shape_only,ruleset_missing_accepted_static_row,v5.1
SEED_RS_Y2_R032_C02_MIN001,<RULE=RS_Y2_R032_C02><CELL=PG_BOOL_R032_C02><FAMILY=like_ilike> ('alpha' ILIKE 'beta'),('alpha' ILIKE 'beta'),<RULE=RS_Y2_R032_C02><CELL=PG_BOOL_R032_C02><FAMILY=like_ilike>,RS_Y2_R032_C02,PG_BOOL_R032,PG_BOOL_R032_C02,Y2_boolean_variation,Y2,like_ilike,like_ilike,(STR ILIKE STR),ILIKE,SLOT_Y2_R032_C02,train,ruleset_seed_minimal,sha256:3ad78e82f835ee751b4eb59505bcf15dc786d8c684a45e8298042c42da6ab31c,not_run,not_run,True,False,coverage_seed_shape_only,ruleset_missing_accepted_static_row,v5.1
SEED_RS_Y2_R032_C03_MIN001,<RULE=RS_Y2_R032_C03><CELL=PG_BOOL_R032_C03><FAMILY=like_ilike> NOT ('alpha' ILIKE 'beta'),NOT ('alpha' ILIKE 'beta'),<RULE=RS_Y2_R032_C03><CELL=PG_BOOL_R032_C03><FAMILY=like_ilike>,RS_Y2_R032_C03,PG_BOOL_R032,PG_BOOL_R032_C03,Y2_boolean_variation,Y2,like_ilike,like_ilike,NOT (STR ILIKE STR),ILIKE|NOT,SLOT_Y2_R032_C03,train,ruleset_seed_minimal,sha256:e77d3209d20c394366a7143618685f6901415723e99cc0f9fe95781d0a960a0a,not_run,not_run,True,False,coverage_seed_shape_only,ruleset_missing_accepted_static_row,v5.1
SEED_RS_Y2_R032_C04_MIN001,<RULE=RS_Y2_R032_C04><CELL=PG_BOOL_R032_C04><FAMILY=like_ilike> ('alpha' ILIKE 'beta') IS TRUE,('alpha' ILIKE 'beta') IS TRUE,<RULE=RS_Y2_R032_C04><CELL=PG_BOOL_R032_C04><FAMILY=like_ilike>,RS_Y2_R032_C04,PG_BOOL_R032,PG_BOOL_R032_C04,Y2_boolean_variation,Y2,like_ilike,like_ilike,(STR ILIKE STR) IS TRUE,ILIKE|IS|TRUE,SLOT_Y2_R032_C04,train,ruleset_seed_minimal,sha256:b077e6677661345f6421f547b954fef9373c115a517e6d8480254a6e66e9f337,not_run,not_run,True,False,coverage_seed_shape_only,ruleset_missing_accepted_static_row,v5.1
SEED_RS_Y2_R032_C05_MIN001,<RULE=RS_Y2_R032_C05><CELL=PG_BOOL_R032_C05><FAMILY=like_ilike> ('alpha' ILIKE 'beta') IS NOT FALSE,('alpha' ILIKE 'beta') IS NOT FALSE,<RULE=RS_Y2_R032_C05><CELL=PG_BOOL_R032_C05><FAMILY=like_ilike>,RS_Y2_R032_C05,PG_BOOL_R032,PG_BOOL_R032_C05,Y2_boolean_variation,Y2,like_ilike,like_ilike,(STR ILIKE STR) IS NOT FALSE,FALSE|ILIKE|IS|NOT,SLOT_Y2_R032_C05,train,ruleset_seed_minimal,sha256:5e10baa7c3583749c11c2c73296bb8c6091d44edfcf1ed0927cc89eb7898b0b4,not_run,not_run,True,False,coverage_seed_shape_only,ruleset_missing_accepted_static_row,v5.1
SEED_RS_Y2_R032_C06_MIN001,<RULE=RS_Y2_R032_C06><CELL=PG_BOOL_R032_C06><FAMILY=like_ilike> CASE WHEN ('alpha' ILIKE 'beta') THEN TRUE ELSE FALSE END,CASE WHEN ('alpha' ILIKE 'beta') THEN TRUE ELSE FALSE END,<RULE=RS_Y2_R032_C06><CELL=PG_BOOL_R032_C06><FAMILY=like_ilike>,RS_Y2_R032_C06,PG_BOOL_R032,PG_BOOL_R032_C06,Y2_boolean_variation,Y2,like_ilike,like_ilike,CASE WHEN (STR ILIKE STR) THEN TRUE ELSE FALSE END,CASE|ELSE|END|FALSE|ILIKE|THEN|TRUE|WHEN,SLOT_Y2_R032_C06,train,ruleset_seed_minimal,sha256:fcc4a4cdc60163cbeb69bdecb88f66876380edaef6d8d8413eed7436f80e2caa,not_run,not_run,True,False,coverage_seed_shape_only,ruleset_missing_accepted_static_row,v5.1
SEED_RS_Y2_R032_C07_MIN001,<RULE=RS_Y2_R032_C07><CELL=PG_BOOL_R032_C07><FAMILY=like_ilike> ('alpha' ILIKE 'beta') AND (7 = 19),('alpha' ILIKE 'beta') AND (7 = 19),<RULE=RS_Y2_R032_C07><CELL=PG_BOOL_R032_C07><FAMILY=like_ilike>,RS_Y2_R032_C07,PG_BOOL_R032,PG_BOOL_R032_C07,Y2_boolean_variation,Y2,like_ilike,like_ilike,(STR ILIKE STR) AND (INT = INT),=|AND|ILIKE,SLOT_Y2_R032_C07,train,ruleset_seed_minimal,sha256:617e7972c301eda0cc320892931485a35188b9ab54ed281dec8653b4f244d8c0,not_run,not_run,True,False,coverage_seed_shape_only,ruleset_missing_accepted_static_row,v5.1
SEED_RS_Y2_R032_C08_MIN001,<RULE=RS_Y2_R032_C08><CELL=PG_BOOL_R032_C08><FAMILY=like_ilike> ('alpha' ILIKE 'beta') OR (7 <> 15),('alpha' ILIKE 'beta') OR (7 <> 15),<RULE=RS_Y2_R032_C08><CELL=PG_BOOL_R032_C08><FAMILY=like_ilike>,RS_Y2_R032_C08,PG_BOOL_R032,PG_BOOL_R032_C08,Y2_boolean_variation,Y2,like_ilike,like_ilike,(STR ILIKE STR) OR (INT <> INT),<|<>|>|ILIKE|OR,SLOT_Y2_R032_C08,train,ruleset_seed_minimal,sha256:7584efa7e4db3bce1dd49eeb26603f1139aafb274214ed43d8c0ea1e22ce1265,not_run,not_run,True,False,coverage_seed_shape_only,ruleset_missing_accepted_static_row,v5.1
SEED_RS_Y2_R032_C09_MIN001,<RULE=RS_Y2_R032_C09><CELL=PG_BOOL_R032_C09><FAMILY=like_ilike> (('alpha' ILIKE 'beta') = TRUE),(('alpha' ILIKE 'beta') = TRUE),<RULE=RS_Y2_R032_C09><CELL=PG_BOOL_R032_C09><FAMILY=like_ilike>,RS_Y2_R032_C09,PG_BOOL_R032,PG_BOOL_R032_C09,Y2_boolean_variation,Y2,like_ilike,like_ilike,((STR ILIKE STR) = TRUE),=|ILIKE|TRUE,SLOT_Y2_R032_C09,train,ruleset_seed_minimal,sha256:e8d5d2a2f701be79016b30a651ff98a16c592c6874cb71d9410977850cf7dad1,not_run,not_run,True,False,coverage_seed_shape_only,ruleset_missing_accepted_static_row,v5.1
SEED_RS_Y2_R032_C10_MIN001,"<RULE=RS_Y2_R032_C10><CELL=PG_BOOL_R032_C10><FAMILY=like_ilike> COALESCE(('alpha' ILIKE 'beta'), FALSE)","COALESCE(('alpha' ILIKE 'beta'), FALSE)",<RULE=RS_Y2_R032_C10><CELL=PG_BOOL_R032_C10><FAMILY=like_ilike>,RS_Y2_R032_C10,PG_BOOL_R032,PG_BOOL_R032_C10,Y2_boolean_variation,Y2,like_ilike,like_ilike,"COALESCE((STR ILIKE STR), FALSE)",COALESCE|FALSE|ILIKE,SLOT_Y2_R032_C10,train,ruleset_seed_minimal,sha256:394252121bec21b7324013fbb47864b30d70cc8285d9d597f90f8cb02ca02fa1,not_run,not_run,True,False,coverage_seed_shape_only,ruleset_missing_accepted_static_row,v5.1
SEED_RS_Y2_R033_C01_MIN001,<RULE=RS_Y2_R033_C01><CELL=PG_BOOL_R033_C01><FAMILY=like_ilike> 'alpha' NOT LIKE 'beta','alpha' NOT LIKE 'beta',<RULE=RS_Y2_R033_C01><CELL=PG_BOOL_R033_C01><FAMILY=like_ilike>,RS_Y2_R033_C01,PG_BOOL_R033,PG_BOOL_R033_C01,Y2_boolean_variation,Y2,like_ilike,like_ilike,STR NOT LIKE STR,LIKE|NOT,SLOT_Y2_R033_C01,train,ruleset_seed_minimal,sha256:34c5cb3b3424c3619c12a9766b47e9eb3954518a7b43093bdc81f766a6f7453e,not_run,not_run,True,False,coverage_seed_shape_only,ruleset_missing_accepted_static_row,v5.1
SEED_RS_Y2_R033_C02_MIN001,<RULE=RS_Y2_R033_C02><CELL=PG_BOOL_R033_C02><FAMILY=like_ilike> ('alpha' NOT LIKE 'beta'),('alpha' NOT LIKE 'beta'),<RULE=RS_Y2_R033_C02><CELL=PG_BOOL_R033_C02><FAMILY=like_ilike>,RS_Y2_R033_C02,PG_BOOL_R033,PG_BOOL_R033_C02,Y2_boolean_variation,Y2,like_ilike,like_ilike,(STR NOT LIKE STR),LIKE|NOT,SLOT_Y2_R033_C02,train,ruleset_seed_minimal,sha256:7a8eae90af57d1e27689b9814d23fb307a079e6411f586c64132add1a50e9438,not_run,not_run,True,False,coverage_seed_shape_only,ruleset_missing_accepted_static_row,v5.1
SEED_RS_Y2_R033_C03_MIN001,<RULE=RS_Y2_R033_C03><CELL=PG_BOOL_R033_C03><FAMILY=like_ilike> NOT ('alpha' NOT LIKE 'beta'),NOT ('alpha' NOT LIKE 'beta'),<RULE=RS_Y2_R033_C03><CELL=PG_BOOL_R033_C03><FAMILY=like_ilike>,RS_Y2_R033_C03,PG_BOOL_R033,PG_BOOL_R033_C03,Y2_boolean_variation,Y2,like_ilike,like_ilike,NOT (STR NOT LIKE STR),LIKE|NOT,SLOT_Y2_R033_C03,train,ruleset_seed_minimal,sha256:8a7f37e2930788cfc2c87438bef2541e6def681245e6ffa4d9c1275ae416a648,not_run,not_run,True,False,coverage_seed_shape_only,ruleset_missing_accepted_static_row,v5.1
SEED_RS_Y2_R033_C04_MIN001,<RULE=RS_Y2_R033_C04><CELL=PG_BOOL_R033_C04><FAMILY=like_ilike> ('alpha' NOT LIKE 'beta') IS TRUE,('alpha' NOT LIKE 'beta') IS TRUE,<RULE=RS_Y2_R033_C04><CELL=PG_BOOL_R033_C04><FAMILY=like_ilike>,RS_Y2_R033_C04,PG_BOOL_R033,PG_BOOL_R033_C04,Y2_boolean_variation,Y2,like_ilike,like_ilike,(STR NOT LIKE STR) IS TRUE,IS|LIKE|NOT|TRUE,SLOT_Y2_R033_C04,train,ruleset_seed_minimal,sha256:3a5b5997bf4b3de560eac39dce7e9fd2caa85e1921bacafc15b0a58d6b3431f1,not_run,not_run,True,False,coverage_seed_shape_only,ruleset_missing_accepted_static_row,v5.1
SEED_RS_Y2_R033_C05_MIN001,<RULE=RS_Y2_R033_C05><CELL=PG_BOOL_R033_C05><FAMILY=like_ilike> ('alpha' NOT LIKE 'beta') IS NOT FALSE,('alpha' NOT LIKE 'beta') IS NOT FALSE,<RULE=RS_Y2_R033_C05><CELL=PG_BOOL_R033_C05><FAMILY=like_ilike>,RS_Y2_R033_C05,PG_BOOL_R033,PG_BOOL_R033_C05,Y2_boolean_variation,Y2,like_ilike,like_ilike,(STR NOT LIKE STR) IS NOT FALSE,FALSE|IS|LIKE|NOT,SLOT_Y2_R033_C05,train,ruleset_seed_minimal,sha256:90a711d9eb78e4129d30a5bab144792d2dd5a84fc6ced3f5deb9794c93f366d6,not_run,not_run,True,False,coverage_seed_shape_only,ruleset_missing_accepted_static_row,v5.1
SEED_RS_Y2_R033_C06_MIN001,<RULE=RS_Y2_R033_C06><CELL=PG_BOOL_R033_C06><FAMILY=like_ilike> CASE WHEN ('alpha' NOT LIKE 'beta') THEN TRUE ELSE FALSE END,CASE WHEN ('alpha' NOT LIKE 'beta') THEN TRUE ELSE FALSE END,<RULE=RS_Y2_R033_C06><CELL=PG_BOOL_R033_C06><FAMILY=like_ilike>,RS_Y2_R033_C06,PG_BOOL_R033,PG_BOOL_R033_C06,Y2_boolean_variation,Y2,like_ilike,like_ilike,CASE WHEN (STR NOT LIKE STR) THEN TRUE ELSE FALSE END,CASE|ELSE|END|FALSE|LIKE|NOT|THEN|TRUE|WHEN,SLOT_Y2_R033_C06,train,ruleset_seed_minimal,sha256:5a86790c91626595e42a6a666d8b963f858e5a9ee810f44f5ca597ca7823e1df,not_run,not_run,True,False,coverage_seed_shape_only,ruleset_missing_accepted_static_row,v5.1
SEED_RS_Y2_R033_C07_MIN001,<RULE=RS_Y2_R033_C07><CELL=PG_BOOL_R033_C07><FAMILY=like_ilike> ('alpha' NOT LIKE 'beta') AND (9 = 77),('alpha' NOT LIKE 'beta') AND (9 = 77),<RULE=RS_Y2_R033_C07><CELL=PG_BOOL_R033_C07><FAMILY=like_ilike>,RS_Y2_R033_C07,PG_BOOL_R033,PG_BOOL_R033_C07,Y2_boolean_variation,Y2,like_ilike,like_ilike,(STR NOT LIKE STR) AND (INT = INT),=|AND|LIKE|NOT,SLOT_Y2_R033_C07,train,ruleset_seed_minimal,sha256:221de3e4739f65604df24aeaae08832e4a1ffc6b8276756af76bc1ac03cad5b3,not_run,not_run,True,False,coverage_seed_shape_only,ruleset_missing_accepted_static_row,v5.1
SEED_RS_Y2_R033_C08_MIN001,<RULE=RS_Y2_R033_C08><CELL=PG_BOOL_R033_C08><FAMILY=like_ilike> ('alpha' NOT LIKE 'beta') OR (3 <> 85),('alpha' NOT LIKE 'beta') OR (3 <> 85),<RULE=RS_Y2_R033_C08><CELL=PG_BOOL_R033_C08><FAMILY=like_ilike>,RS_Y2_R033_C08,PG_BOOL_R033,PG_BOOL_R033_C08,Y2_boolean_variation,Y2,like_ilike,like_ilike,(STR NOT LIKE STR) OR (INT <> INT),<|<>|>|LIKE|NOT|OR,SLOT_Y2_R033_C08,train,ruleset_seed_minimal,sha256:6f0aff990dc292b289c42425fb7c03ab91ec5c32abd234c519fd45a3f54671f2,not_run,not_run,True,False,coverage_seed_shape_only,ruleset_missing_accepted_static_row,v5.1
SEED_RS_Y2_R033_C09_MIN001,<RULE=RS_Y2_R033_C09><CELL=PG_BOOL_R033_C09><FAMILY=like_ilike> (('alpha' NOT LIKE 'beta') = TRUE),(('alpha' NOT LIKE 'beta') = TRUE),<RULE=RS_Y2_R033_C09><CELL=PG_BOOL_R033_C09><FAMILY=like_ilike>,RS_Y2_R033_C09,PG_BOOL_R033,PG_BOOL_R033_C09,Y2_boolean_variation,Y2,like_ilike,like_ilike,((STR NOT LIKE STR) = TRUE),=|LIKE|NOT|TRUE,SLOT_Y2_R033_C09,train,ruleset_seed_minimal,sha256:00d6c9def71cb092ed890ab8063a676bde8470f362fb1baf91e22b92ba2d4fb4,not_run,not_run,True,False,coverage_seed_shape_only,ruleset_missing_accepted_static_row,v5.1
SEED_RS_Y2_R033_C10_MIN001,"<RULE=RS_Y2_R033_C10><CELL=PG_BOOL_R033_C10><FAMILY=like_ilike> COALESCE(('alpha' NOT LIKE 'beta'), FALSE)","COALESCE(('alpha' NOT LIKE 'beta'), FALSE)",<RULE=RS_Y2_R033_C10><CELL=PG_BOOL_R033_C10><FAMILY=like_ilike>,RS_Y2_R033_C10,PG_BOOL_R033,PG_BOOL_R033_C10,Y2_boolean_variation,Y2,like_ilike,like_ilike,"COALESCE((STR NOT LIKE STR), FALSE)",COALESCE|FALSE|LIKE|NOT,SLOT_Y2_R033_C10,train,ruleset_seed_minimal,sha256:27a5177ba1b0e65ff96c2039828f52aff3d02cf65da41c459118976489a05e39,not_run,not_run,True,False,coverage_seed_shape_only,ruleset_missing_accepted_static_row,v5.1
SEED_RS_Y2_R034_C01_MIN001,<RULE=RS_Y2_R034_C01><CELL=PG_BOOL_R034_C01><FAMILY=like_ilike> 'alpha' LIKE 'beta','alpha' LIKE 'beta',<RULE=RS_Y2_R034_C01><CELL=PG_BOOL_R034_C01><FAMILY=like_ilike>,RS_Y2_R034_C01,PG_BOOL_R034,PG_BOOL_R034_C01,Y2_boolean_variation,Y2,like_ilike,like_ilike,STR LIKE STR,LIKE,SLOT_Y2_R034_C01,train,ruleset_seed_minimal,sha256:b36c8af434c83a320ecfffa39074a81496007f0bfb1653c0a801299d0c029acc,not_run,not_run,True,False,coverage_seed_shape_only,ruleset_missing_accepted_static_row,v5.1
SEED_RS_Y2_R034_C02_MIN001,<RULE=RS_Y2_R034_C02><CELL=PG_BOOL_R034_C02><FAMILY=like_ilike> ('alpha' LIKE 'beta'),('alpha' LIKE 'beta'),<RULE=RS_Y2_R034_C02><CELL=PG_BOOL_R034_C02><FAMILY=like_ilike>,RS_Y2_R034_C02,PG_BOOL_R034,PG_BOOL_R034_C02,Y2_boolean_variation,Y2,like_ilike,like_ilike,(STR LIKE STR),LIKE,SLOT_Y2_R034_C02,train,ruleset_seed_minimal,sha256:80aa6b655e9fad0af3d8bc04f4488017cf9e7b833cb9ccc19d369373a0ec10df,not_run,not_run,True,False,coverage_seed_shape_only,ruleset_missing_accepted_static_row,v5.1
SEED_RS_Y2_R034_C03_MIN001,<RULE=RS_Y2_R034_C03><CELL=PG_BOOL_R034_C03><FAMILY=like_ilike> NOT ('alpha' LIKE 'beta'),NOT ('alpha' LIKE 'beta'),<RULE=RS_Y2_R034_C03><CELL=PG_BOOL_R034_C03><FAMILY=like_ilike>,RS_Y2_R034_C03,PG_BOOL_R034,PG_BOOL_R034_C03,Y2_boolean_variation,Y2,like_ilike,like_ilike,NOT (STR LIKE STR),LIKE|NOT,SLOT_Y2_R034_C03,train,ruleset_seed_minimal,sha256:b2ee227d2cb20652348f854e226edb2185c0030f68d80f16b6876219f5292988,not_run,not_run,True,False,coverage_seed_shape_only,ruleset_missing_accepted_static_row,v5.1
SEED_RS_Y2_R034_C04_MIN001,<RULE=RS_Y2_R034_C04><CELL=PG_BOOL_R034_C04><FAMILY=like_ilike> ('alpha' LIKE 'beta') IS TRUE,('alpha' LIKE 'beta') IS TRUE,<RULE=RS_Y2_R034_C04><CELL=PG_BOOL_R034_C04><FAMILY=like_ilike>,RS_Y2_R034_C04,PG_BOOL_R034,PG_BOOL_R034_C04,Y2_boolean_variation,Y2,like_ilike,like_ilike,(STR LIKE STR) IS TRUE,IS|LIKE|TRUE,SLOT_Y2_R034_C04,train,ruleset_seed_minimal,sha256:8159fac9a39a01d05f2cdbb9c1723836bf1cdc1af6635e4a169a06b486a56fd2,not_run,not_run,True,False,coverage_seed_shape_only,ruleset_missing_accepted_static_row,v5.1
SEED_RS_Y2_R034_C05_MIN001,<RULE=RS_Y2_R034_C05><CELL=PG_BOOL_R034_C05><FAMILY=like_ilike> ('alpha' LIKE 'beta') IS NOT FALSE,('alpha' LIKE 'beta') IS NOT FALSE,<RULE=RS_Y2_R034_C05><CELL=PG_BOOL_R034_C05><FAMILY=like_ilike>,RS_Y2_R034_C05,PG_BOOL_R034,PG_BOOL_R034_C05,Y2_boolean_variation,Y2,like_ilike,like_ilike,(STR LIKE STR) IS NOT FALSE,FALSE|IS|LIKE|NOT,SLOT_Y2_R034_C05,train,ruleset_seed_minimal,sha256:a15f6c36c1266c04c8697714fa46c6be36ed3767388ef99aaedfbe317b455198,not_run,not_run,True,False,coverage_seed_shape_only,ruleset_missing_accepted_static_row,v5.1
SEED_RS_Y2_R034_C06_MIN001,<RULE=RS_Y2_R034_C06><CELL=PG_BOOL_R034_C06><FAMILY=like_ilike> CASE WHEN ('alpha' LIKE 'beta') THEN TRUE ELSE FALSE END,CASE WHEN ('alpha' LIKE 'beta') THEN TRUE ELSE FALSE END,<RULE=RS_Y2_R034_C06><CELL=PG_BOOL_R034_C06><FAMILY=like_ilike>,RS_Y2_R034_C06,PG_BOOL_R034,PG_BOOL_R034_C06,Y2_boolean_variation,Y2,like_ilike,like_ilike,CASE WHEN (STR LIKE STR) THEN TRUE ELSE FALSE END,CASE|ELSE|END|FALSE|LIKE|THEN|TRUE|WHEN,SLOT_Y2_R034_C06,train,ruleset_seed_minimal,sha256:e3c09c6c04e8a6bb00688b7aeadbf795d62fb81ea510230663156cf1f30113e7,not_run,not_run,True,False,coverage_seed_shape_only,ruleset_missing_accepted_static_row,v5.1
SEED_RS_Y2_R034_C07_MIN001,<RULE=RS_Y2_R034_C07><CELL=PG_BOOL_R034_C07><FAMILY=like_ilike> ('alpha' LIKE 'beta') AND (6 = 72),('alpha' LIKE 'beta') AND (6 = 72),<RULE=RS_Y2_R034_C07><CELL=PG_BOOL_R034_C07><FAMILY=like_ilike>,RS_Y2_R034_C07,PG_BOOL_R034,PG_BOOL_R034_C07,Y2_boolean_variation,Y2,like_ilike,like_ilike,(STR LIKE STR) AND (INT = INT),=|AND|LIKE,SLOT_Y2_R034_C07,train,ruleset_seed_minimal,sha256:a642bebb23c4b60563df323e2fc86ecc1e1dbcb2a78f95537b32a176e441376d,not_run,not_run,True,False,coverage_seed_shape_only,ruleset_missing_accepted_static_row,v5.1
SEED_RS_Y2_R034_C08_MIN001,<RULE=RS_Y2_R034_C08><CELL=PG_BOOL_R034_C08><FAMILY=like_ilike> ('alpha' LIKE 'beta') OR (2 <> 25),('alpha' LIKE 'beta') OR (2 <> 25),<RULE=RS_Y2_R034_C08><CELL=PG_BOOL_R034_C08><FAMILY=like_ilike>,RS_Y2_R034_C08,PG_BOOL_R034,PG_BOOL_R034_C08,Y2_boolean_variation,Y2,like_ilike,like_ilike,(STR LIKE STR) OR (INT <> INT),<|<>|>|LIKE|OR,SLOT_Y2_R034_C08,train,ruleset_seed_minimal,sha256:021a61bc1e0c3697a714434a22ea1f2ff995f8d8740144de10a4d1d4650e2af4,not_run,not_run,True,False,coverage_seed_shape_only,ruleset_missing_accepted_static_row,v5.1
SEED_RS_Y2_R034_C09_MIN001,<RULE=RS_Y2_R034_C09><CELL=PG_BOOL_R034_C09><FAMILY=like_ilike> (('alpha' LIKE 'beta') = TRUE),(('alpha' LIKE 'beta') = TRUE),<RULE=RS_Y2_R034_C09><CELL=PG_BOOL_R034_C09><FAMILY=like_ilike>,RS_Y2_R034_C09,PG_BOOL_R034,PG_BOOL_R034_C09,Y2_boolean_variation,Y2,like_ilike,like_ilike,((STR LIKE STR) = TRUE),=|LIKE|TRUE,SLOT_Y2_R034_C09,train,ruleset_seed_minimal,sha256:1826a91629f7cf9f227b870b8d40298ccc917e25f363494a249c3cee05bac29c,not_run,not_run,True,False,coverage_seed_shape_only,ruleset_missing_accepted_static_row,v5.1
SEED_RS_Y2_R034_C10_MIN001,"<RULE=RS_Y2_R034_C10><CELL=PG_BOOL_R034_C10><FAMILY=like_ilike> COALESCE(('alpha' LIKE 'beta'), FALSE)","COALESCE(('alpha' LIKE 'beta'), FALSE)",<RULE=RS_Y2_R034_C10><CELL=PG_BOOL_R034_C10><FAMILY=like_ilike>,RS_Y2_R034_C10,PG_BOOL_R034,PG_BOOL_R034_C10,Y2_boolean_variation,Y2,like_ilike,like_ilike,"COALESCE((STR LIKE STR), FALSE)",COALESCE|FALSE|LIKE,SLOT_Y2_R034_C10,train,ruleset_seed_minimal,sha256:182f11b9a20d7a7e964e74b10aac1877fa099b06b253307b7b27d688e4308ec6,not_run,not_run,True,False,coverage_seed_shape_only,ruleset_missing_accepted_static_row,v5.1
SEED_RS_Y2_R035_C01_MIN001,<RULE=RS_Y2_R035_C01><CELL=PG_BOOL_R035_C01><FAMILY=like_ilike> 'alpha' ILIKE 'beta','alpha' ILIKE 'beta',<RULE=RS_Y2_R035_C01><CELL=PG_BOOL_R035_C01><FAMILY=like_ilike>,RS_Y2_R035_C01,PG_BOOL_R035,PG_BOOL_R035_C01,Y2_boolean_variation,Y2,like_ilike,like_ilike,STR ILIKE STR,ILIKE,SLOT_Y2_R035_C01,train,ruleset_seed_minimal,sha256:91f18db34059deb093f85f970dd0e4b5e0f1a4a2e22d8a02cdc900ffe1953fe1,not_run,not_run,True,False,coverage_seed_shape_only,ruleset_missing_accepted_static_row,v5.1
SEED_RS_Y2_R035_C02_MIN001,<RULE=RS_Y2_R035_C02><CELL=PG_BOOL_R035_C02><FAMILY=like_ilike> ('alpha' ILIKE 'beta'),('alpha' ILIKE 'beta'),<RULE=RS_Y2_R035_C02><CELL=PG_BOOL_R035_C02><FAMILY=like_ilike>,RS_Y2_R035_C02,PG_BOOL_R035,PG_BOOL_R035_C02,Y2_boolean_variation,Y2,like_ilike,like_ilike,(STR ILIKE STR),ILIKE,SLOT_Y2_R035_C02,train,ruleset_seed_minimal,sha256:3ad78e82f835ee751b4eb59505bcf15dc786d8c684a45e8298042c42da6ab31c,not_run,not_run,True,False,coverage_seed_shape_only,ruleset_missing_accepted_static_row,v5.1
SEED_RS_Y2_R035_C03_MIN001,<RULE=RS_Y2_R035_C03><CELL=PG_BOOL_R035_C03><FAMILY=like_ilike> NOT ('alpha' ILIKE 'beta'),NOT ('alpha' ILIKE 'beta'),<RULE=RS_Y2_R035_C03><CELL=PG_BOOL_R035_C03><FAMILY=like_ilike>,RS_Y2_R035_C03,PG_BOOL_R035,PG_BOOL_R035_C03,Y2_boolean_variation,Y2,like_ilike,like_ilike,NOT (STR ILIKE STR),ILIKE|NOT,SLOT_Y2_R035_C03,train,ruleset_seed_minimal,sha256:e77d3209d20c394366a7143618685f6901415723e99cc0f9fe95781d0a960a0a,not_run,not_run,True,False,coverage_seed_shape_only,ruleset_missing_accepted_static_row,v5.1
SEED_RS_Y2_R035_C04_MIN001,<RULE=RS_Y2_R035_C04><CELL=PG_BOOL_R035_C04><FAMILY=like_ilike> ('alpha' ILIKE 'beta') IS TRUE,('alpha' ILIKE 'beta') IS TRUE,<RULE=RS_Y2_R035_C04><CELL=PG_BOOL_R035_C04><FAMILY=like_ilike>,RS_Y2_R035_C04,PG_BOOL_R035,PG_BOOL_R035_C04,Y2_boolean_variation,Y2,like_ilike,like_ilike,(STR ILIKE STR) IS TRUE,ILIKE|IS|TRUE,SLOT_Y2_R035_C04,train,ruleset_seed_minimal,sha256:b077e6677661345f6421f547b954fef9373c115a517e6d8480254a6e66e9f337,not_run,not_run,True,False,coverage_seed_shape_only,ruleset_missing_accepted_static_row,v5.1
SEED_RS_Y2_R035_C05_MIN001,<RULE=RS_Y2_R035_C05><CELL=PG_BOOL_R035_C05><FAMILY=like_ilike> ('alpha' ILIKE 'beta') IS NOT FALSE,('alpha' ILIKE 'beta') IS NOT FALSE,<RULE=RS_Y2_R035_C05><CELL=PG_BOOL_R035_C05><FAMILY=like_ilike>,RS_Y2_R035_C05,PG_BOOL_R035,PG_BOOL_R035_C05,Y2_boolean_variation,Y2,like_ilike,like_ilike,(STR ILIKE STR) IS NOT FALSE,FALSE|ILIKE|IS|NOT,SLOT_Y2_R035_C05,train,ruleset_seed_minimal,sha256:5e10baa7c3583749c11c2c73296bb8c6091d44edfcf1ed0927cc89eb7898b0b4,not_run,not_run,True,False,coverage_seed_shape_only,ruleset_missing_accepted_static_row,v5.1
SEED_RS_Y2_R035_C06_MIN001,<RULE=RS_Y2_R035_C06><CELL=PG_BOOL_R035_C06><FAMILY=like_ilike> CASE WHEN ('alpha' ILIKE 'beta') THEN TRUE ELSE FALSE END,CASE WHEN ('alpha' ILIKE 'beta') THEN TRUE ELSE FALSE END,<RULE=RS_Y2_R035_C06><CELL=PG_BOOL_R035_C06><FAMILY=like_ilike>,RS_Y2_R035_C06,PG_BOOL_R035,PG_BOOL_R035_C06,Y2_boolean_variation,Y2,like_ilike,like_ilike,CASE WHEN (STR ILIKE STR) THEN TRUE ELSE FALSE END,CASE|ELSE|END|FALSE|ILIKE|THEN|TRUE|WHEN,SLOT_Y2_R035_C06,train,ruleset_seed_minimal,sha256:fcc4a4cdc60163cbeb69bdecb88f66876380edaef6d8d8413eed7436f80e2caa,not_run,not_run,True,False,coverage_seed_shape_only,ruleset_missing_accepted_static_row,v5.1
SEED_RS_Y2_R035_C07_MIN001,<RULE=RS_Y2_R035_C07><CELL=PG_BOOL_R035_C07><FAMILY=like_ilike> ('alpha' ILIKE 'beta') AND (7 = 65),('alpha' ILIKE 'beta') AND (7 = 65),<RULE=RS_Y2_R035_C07><CELL=PG_BOOL_R035_C07><FAMILY=like_ilike>,RS_Y2_R035_C07,PG_BOOL_R035,PG_BOOL_R035_C07,Y2_boolean_variation,Y2,like_ilike,like_ilike,(STR ILIKE STR) AND (INT = INT),=|AND|ILIKE,SLOT_Y2_R035_C07,train,ruleset_seed_minimal,sha256:4fd1b936b46780c86a45c15307491cce2ca32a000c6179b7f228e7d4c62c751a,not_run,not_run,True,False,coverage_seed_shape_only,ruleset_missing_accepted_static_row,v5.1
SEED_RS_Y2_R035_C08_MIN001,<RULE=RS_Y2_R035_C08><CELL=PG_BOOL_R035_C08><FAMILY=like_ilike> ('alpha' ILIKE 'beta') OR (6 <> 45),('alpha' ILIKE 'beta') OR (6 <> 45),<RULE=RS_Y2_R035_C08><CELL=PG_BOOL_R035_C08><FAMILY=like_ilike>,RS_Y2_R035_C08,PG_BOOL_R035,PG_BOOL_R035_C08,Y2_boolean_variation,Y2,like_ilike,like_ilike,(STR ILIKE STR) OR (INT <> INT),<|<>|>|ILIKE|OR,SLOT_Y2_R035_C08,train,ruleset_seed_minimal,sha256:810b27e905efaf20cb3bb9e19db24ea087933f01b00196796f0fda651f2207f1,not_run,not_run,True,False,coverage_seed_shape_only,ruleset_missing_accepted_static_row,v5.1
SEED_RS_Y2_R035_C09_MIN001,<RULE=RS_Y2_R035_C09><CELL=PG_BOOL_R035_C09><FAMILY=like_ilike> (('alpha' ILIKE 'beta') = TRUE),(('alpha' ILIKE 'beta') = TRUE),<RULE=RS_Y2_R035_C09><CELL=PG_BOOL_R035_C09><FAMILY=like_ilike>,RS_Y2_R035_C09,PG_BOOL_R035,PG_BOOL_R035_C09,Y2_boolean_variation,Y2,like_ilike,like_ilike,((STR ILIKE STR) = TRUE),=|ILIKE|TRUE,SLOT_Y2_R035_C09,train,ruleset_seed_minimal,sha256:e8d5d2a2f701be79016b30a651ff98a16c592c6874cb71d9410977850cf7dad1,not_run,not_run,True,False,coverage_seed_shape_only,ruleset_missing_accepted_static_row,v5.1
SEED_RS_Y2_R035_C10_MIN001,"<RULE=RS_Y2_R035_C10><CELL=PG_BOOL_R035_C10><FAMILY=like_ilike> COALESCE(('alpha' ILIKE 'beta'), FALSE)","COALESCE(('alpha' ILIKE 'beta'), FALSE)",<RULE=RS_Y2_R035_C10><CELL=PG_BOOL_R035_C10><FAMILY=like_ilike>,RS_Y2_R035_C10,PG_BOOL_R035,PG_BOOL_R035_C10,Y2_boolean_variation,Y2,like_ilike,like_ilike,"COALESCE((STR ILIKE STR), FALSE)",COALESCE|FALSE|ILIKE,SLOT_Y2_R035_C10,train,ruleset_seed_minimal,sha256:394252121bec21b7324013fbb47864b30d70cc8285d9d597f90f8cb02ca02fa1,not_run,not_run,True,False,coverage_seed_shape_only,ruleset_missing_accepted_static_row,v5.1
SEED_RS_Y2_R036_C01_MIN001,<RULE=RS_Y2_R036_C01><CELL=PG_BOOL_R036_C01><FAMILY=regex_match> 'alpha' ~ 'beta','alpha' ~ 'beta',<RULE=RS_Y2_R036_C01><CELL=PG_BOOL_R036_C01><FAMILY=regex_match>,RS_Y2_R036_C01,PG_BOOL_R036,PG_BOOL_R036_C01,Y2_boolean_variation,Y2,regex_match,regex_match,STR ~ STR,~,SLOT_Y2_R036_C01,train,ruleset_seed_minimal,sha256:be8cd82e7fed3525a7191731c1e21a2f4f2533ac93c27d723f1656bcc8deef10,not_run,not_run,True,False,coverage_seed_shape_only,ruleset_missing_accepted_static_row,v5.1
SEED_RS_Y2_R036_C02_MIN001,<RULE=RS_Y2_R036_C02><CELL=PG_BOOL_R036_C02><FAMILY=regex_match> ('alpha' ~ 'beta'),('alpha' ~ 'beta'),<RULE=RS_Y2_R036_C02><CELL=PG_BOOL_R036_C02><FAMILY=regex_match>,RS_Y2_R036_C02,PG_BOOL_R036,PG_BOOL_R036_C02,Y2_boolean_variation,Y2,regex_match,regex_match,(STR ~ STR),~,SLOT_Y2_R036_C02,train,ruleset_seed_minimal,sha256:bb58d23daa3f4a0f39fd040cd972416a3f5509f4ea5222c251b64d074ab7f5b7,not_run,not_run,True,False,coverage_seed_shape_only,ruleset_missing_accepted_static_row,v5.1
SEED_RS_Y2_R036_C06_MIN001,<RULE=RS_Y2_R036_C06><CELL=PG_BOOL_R036_C06><FAMILY=regex_match> CASE WHEN ('alpha' ~ 'beta') THEN TRUE ELSE FALSE END,CASE WHEN ('alpha' ~ 'beta') THEN TRUE ELSE FALSE END,<RULE=RS_Y2_R036_C06><CELL=PG_BOOL_R036_C06><FAMILY=regex_match>,RS_Y2_R036_C06,PG_BOOL_R036,PG_BOOL_R036_C06,Y2_boolean_variation,Y2,regex_match,regex_match,CASE WHEN (STR ~ STR) THEN TRUE ELSE FALSE END,CASE|ELSE|END|FALSE|THEN|TRUE|WHEN|~,SLOT_Y2_R036_C06,train,ruleset_seed_minimal,sha256:e0af9ee19280f99716b6b9453210150ff911475d0e652e695b0005e0d076884e,not_run,not_run,True,False,coverage_seed_shape_only,ruleset_missing_accepted_static_row,v5.1
SEED_RS_Y2_R036_C10_MIN001,"<RULE=RS_Y2_R036_C10><CELL=PG_BOOL_R036_C10><FAMILY=regex_match> COALESCE(('alpha' ~ 'beta'), FALSE)","COALESCE(('alpha' ~ 'beta'), FALSE)",<RULE=RS_Y2_R036_C10><CELL=PG_BOOL_R036_C10><FAMILY=regex_match>,RS_Y2_R036_C10,PG_BOOL_R036,PG_BOOL_R036_C10,Y2_boolean_variation,Y2,regex_match,regex_match,"COALESCE((STR ~ STR), FALSE)",COALESCE|FALSE|~,SLOT_Y2_R036_C10,train,ruleset_seed_minimal,sha256:830da6c580330546aa612e83614739ed1a3bc9050af924abe1918affb64af784,not_run,not_run,True,False,coverage_seed_shape_only,ruleset_missing_accepted_static_row,v5.1
SEED_RS_Y2_R037_C01_MIN001,<RULE=RS_Y2_R037_C01><CELL=PG_BOOL_R037_C01><FAMILY=regex_match> 'alpha' !~ 'beta','alpha' !~ 'beta',<RULE=RS_Y2_R037_C01><CELL=PG_BOOL_R037_C01><FAMILY=regex_match>,RS_Y2_R037_C01,PG_BOOL_R037,PG_BOOL_R037_C01,Y2_boolean_variation,Y2,regex_match,regex_match,STR !~ STR,!~|~,SLOT_Y2_R037_C01,train,ruleset_seed_minimal,sha256:8e532ea66d99d9155756e7d7acb1e0728f99e9a92f503353cf550afa9a2cc8a2,not_run,not_run,True,False,coverage_seed_shape_only,ruleset_missing_accepted_static_row,v5.1
SEED_RS_Y2_R037_C02_MIN001,<RULE=RS_Y2_R037_C02><CELL=PG_BOOL_R037_C02><FAMILY=regex_match> ('alpha' !~ 'beta'),('alpha' !~ 'beta'),<RULE=RS_Y2_R037_C02><CELL=PG_BOOL_R037_C02><FAMILY=regex_match>,RS_Y2_R037_C02,PG_BOOL_R037,PG_BOOL_R037_C02,Y2_boolean_variation,Y2,regex_match,regex_match,(STR !~ STR),!~|~,SLOT_Y2_R037_C02,train,ruleset_seed_minimal,sha256:eff3667ab245600f6493c0b58fb6d446a70cc18b77f3d4b1edcd079fcbe24263,not_run,not_run,True,False,coverage_seed_shape_only,ruleset_missing_accepted_static_row,v5.1
SEED_RS_Y2_R037_C06_MIN001,<RULE=RS_Y2_R037_C06><CELL=PG_BOOL_R037_C06><FAMILY=regex_match> CASE WHEN ('alpha' !~ 'beta') THEN TRUE ELSE FALSE END,CASE WHEN ('alpha' !~ 'beta') THEN TRUE ELSE FALSE END,<RULE=RS_Y2_R037_C06><CELL=PG_BOOL_R037_C06><FAMILY=regex_match>,RS_Y2_R037_C06,PG_BOOL_R037,PG_BOOL_R037_C06,Y2_boolean_variation,Y2,regex_match,regex_match,CASE WHEN (STR !~ STR) THEN TRUE ELSE FALSE END,!~|CASE|ELSE|END|FALSE|THEN|TRUE|WHEN|~,SLOT_Y2_R037_C06,train,ruleset_seed_minimal,sha256:02cb90f0e331e810ae71b3a52a1aba359fecba04e182cd85ef550c78d778da15,not_run,not_run,True,False,coverage_seed_shape_only,ruleset_missing_accepted_static_row,v5.1
SEED_RS_Y2_R037_C10_MIN001,"<RULE=RS_Y2_R037_C10><CELL=PG_BOOL_R037_C10><FAMILY=regex_match> COALESCE(('alpha' !~ 'beta'), FALSE)","COALESCE(('alpha' !~ 'beta'), FALSE)",<RULE=RS_Y2_R037_C10><CELL=PG_BOOL_R037_C10><FAMILY=regex_match>,RS_Y2_R037_C10,PG_BOOL_R037,PG_BOOL_R037_C10,Y2_boolean_variation,Y2,regex_match,regex_match,"COALESCE((STR !~ STR), FALSE)",!~|COALESCE|FALSE|~,SLOT_Y2_R037_C10,train,ruleset_seed_minimal,sha256:742a1ee6949837bdb9da04ff6b5694148ee11b1b46a44ccfe70f5d88ba252e6b,not_run,not_run,True,False,coverage_seed_shape_only,ruleset_missing_accepted_static_row,v5.1
SEED_RS_Y2_R038_C01_MIN001,<RULE=RS_Y2_R038_C01><CELL=PG_BOOL_R038_C01><FAMILY=regex_match> 'alpha' ~* 'beta','alpha' ~* 'beta',<RULE=RS_Y2_R038_C01><CELL=PG_BOOL_R038_C01><FAMILY=regex_match>,RS_Y2_R038_C01,PG_BOOL_R038,PG_BOOL_R038_C01,Y2_boolean_variation,Y2,regex_match,regex_match,STR ~* STR,~,SLOT_Y2_R038_C01,train,ruleset_seed_minimal,sha256:c5192348bf7a079eac9d2ea4e7adfa8d83f128fa1f3187633295e502c1959567,not_run,not_run,True,False,coverage_seed_shape_only,ruleset_missing_accepted_static_row,v5.1
SEED_RS_Y2_R038_C02_MIN001,<RULE=RS_Y2_R038_C02><CELL=PG_BOOL_R038_C02><FAMILY=regex_match> ('alpha' ~* 'beta'),('alpha' ~* 'beta'),<RULE=RS_Y2_R038_C02><CELL=PG_BOOL_R038_C02><FAMILY=regex_match>,RS_Y2_R038_C02,PG_BOOL_R038,PG_BOOL_R038_C02,Y2_boolean_variation,Y2,regex_match,regex_match,(STR ~* STR),~,SLOT_Y2_R038_C02,train,ruleset_seed_minimal,sha256:575ba30b3d7673c2fedd97cd7ecde20a166f076eea9e2e73169feeca0687fc78,not_run,not_run,True,False,coverage_seed_shape_only,ruleset_missing_accepted_static_row,v5.1
SEED_RS_Y2_R038_C06_MIN001,<RULE=RS_Y2_R038_C06><CELL=PG_BOOL_R038_C06><FAMILY=regex_match> CASE WHEN ('alpha' ~* 'beta') THEN TRUE ELSE FALSE END,CASE WHEN ('alpha' ~* 'beta') THEN TRUE ELSE FALSE END,<RULE=RS_Y2_R038_C06><CELL=PG_BOOL_R038_C06><FAMILY=regex_match>,RS_Y2_R038_C06,PG_BOOL_R038,PG_BOOL_R038_C06,Y2_boolean_variation,Y2,regex_match,regex_match,CASE WHEN (STR ~* STR) THEN TRUE ELSE FALSE END,CASE|ELSE|END|FALSE|THEN|TRUE|WHEN|~,SLOT_Y2_R038_C06,train,ruleset_seed_minimal,sha256:48cc0a6dddc7bc34e6abfb50b34c10f830eb11163622ccb5b71c0e6a04da1b8d,not_run,not_run,True,False,coverage_seed_shape_only,ruleset_missing_accepted_static_row,v5.1
SEED_RS_Y2_R038_C10_MIN001,"<RULE=RS_Y2_R038_C10><CELL=PG_BOOL_R038_C10><FAMILY=regex_match> COALESCE(('alpha' ~* 'beta'), FALSE)","COALESCE(('alpha' ~* 'beta'), FALSE)",<RULE=RS_Y2_R038_C10><CELL=PG_BOOL_R038_C10><FAMILY=regex_match>,RS_Y2_R038_C10,PG_BOOL_R038,PG_BOOL_R038_C10,Y2_boolean_variation,Y2,regex_match,regex_match,"COALESCE((STR ~* STR), FALSE)",COALESCE|FALSE|~,SLOT_Y2_R038_C10,train,ruleset_seed_minimal,sha256:3a0c3e1b225a467da76222971cbb57effe17843ea3fafc7609d9feb8a9e13374,not_run,not_run,True,False,coverage_seed_shape_only,ruleset_missing_accepted_static_row,v5.1
SEED_RS_Y2_R039_C01_MIN001,<RULE=RS_Y2_R039_C01><CELL=PG_BOOL_R039_C01><FAMILY=regex_match> 'alpha' SIMILAR TO 'beta','alpha' SIMILAR TO 'beta',<RULE=RS_Y2_R039_C01><CELL=PG_BOOL_R039_C01><FAMILY=regex_match>,RS_Y2_R039_C01,PG_BOOL_R039,PG_BOOL_R039_C01,Y2_boolean_variation,Y2,regex_match,regex_match,STR SIMILAR TO STR,SIMILAR|TO,SLOT_Y2_R039_C01,train,ruleset_seed_minimal,sha256:bb84c5b8399d33a85f66a29c49501d4a55ff982ab9c956042cab512db3cb20af,not_run,not_run,True,False,coverage_seed_shape_only,ruleset_missing_accepted_static_row,v5.1
SEED_RS_Y2_R039_C02_MIN001,<RULE=RS_Y2_R039_C02><CELL=PG_BOOL_R039_C02><FAMILY=regex_match> ('alpha' SIMILAR TO 'beta'),('alpha' SIMILAR TO 'beta'),<RULE=RS_Y2_R039_C02><CELL=PG_BOOL_R039_C02><FAMILY=regex_match>,RS_Y2_R039_C02,PG_BOOL_R039,PG_BOOL_R039_C02,Y2_boolean_variation,Y2,regex_match,regex_match,(STR SIMILAR TO STR),SIMILAR|TO,SLOT_Y2_R039_C02,train,ruleset_seed_minimal,sha256:b87fad8557f38edac7392f8ab833a222f3d933c280c334a7a08a0bed0b32e054,not_run,not_run,True,False,coverage_seed_shape_only,ruleset_missing_accepted_static_row,v5.1
SEED_RS_Y2_R039_C03_MIN001,<RULE=RS_Y2_R039_C03><CELL=PG_BOOL_R039_C03><FAMILY=regex_match> NOT ('alpha' SIMILAR TO 'beta'),NOT ('alpha' SIMILAR TO 'beta'),<RULE=RS_Y2_R039_C03><CELL=PG_BOOL_R039_C03><FAMILY=regex_match>,RS_Y2_R039_C03,PG_BOOL_R039,PG_BOOL_R039_C03,Y2_boolean_variation,Y2,regex_match,regex_match,NOT (STR SIMILAR TO STR),NOT,SLOT_Y2_R039_C03,train,ruleset_seed_minimal,sha256:fbf1eb8f290dfae9504df04ab48c8b127c64457ad8202898a03e0944a298986c,not_run,not_run,True,False,coverage_seed_shape_only,ruleset_missing_accepted_static_row,v5.1
SEED_RS_Y2_R039_C04_MIN001,<RULE=RS_Y2_R039_C04><CELL=PG_BOOL_R039_C04><FAMILY=regex_match> ('alpha' SIMILAR TO 'beta') IS TRUE,('alpha' SIMILAR TO 'beta') IS TRUE,<RULE=RS_Y2_R039_C04><CELL=PG_BOOL_R039_C04><FAMILY=regex_match>,RS_Y2_R039_C04,PG_BOOL_R039,PG_BOOL_R039_C04,Y2_boolean_variation,Y2,regex_match,regex_match,(STR SIMILAR TO STR) IS TRUE,IS|TRUE,SLOT_Y2_R039_C04,train,ruleset_seed_minimal,sha256:23a244eb9d8ac704d52d1cca19a18a05700d2f71617e4bdf1b540e1c69bb2df1,not_run,not_run,True,False,coverage_seed_shape_only,ruleset_missing_accepted_static_row,v5.1
SEED_RS_Y2_R039_C05_MIN001,<RULE=RS_Y2_R039_C05><CELL=PG_BOOL_R039_C05><FAMILY=regex_match> ('alpha' SIMILAR TO 'beta') IS NOT FALSE,('alpha' SIMILAR TO 'beta') IS NOT FALSE,<RULE=RS_Y2_R039_C05><CELL=PG_BOOL_R039_C05><FAMILY=regex_match>,RS_Y2_R039_C05,PG_BOOL_R039,PG_BOOL_R039_C05,Y2_boolean_variation,Y2,regex_match,regex_match,(STR SIMILAR TO STR) IS NOT FALSE,FALSE|IS|NOT,SLOT_Y2_R039_C05,train,ruleset_seed_minimal,sha256:21714718d6def9971ecdcf96b36e246a08fe5f20874e0004d2297d41fcb88542,not_run,not_run,True,False,coverage_seed_shape_only,ruleset_missing_accepted_static_row,v5.1
SEED_RS_Y2_R039_C06_MIN001,<RULE=RS_Y2_R039_C06><CELL=PG_BOOL_R039_C06><FAMILY=regex_match> CASE WHEN ('alpha' SIMILAR TO 'beta') THEN TRUE ELSE FALSE END,CASE WHEN ('alpha' SIMILAR TO 'beta') THEN TRUE ELSE FALSE END,<RULE=RS_Y2_R039_C06><CELL=PG_BOOL_R039_C06><FAMILY=regex_match>,RS_Y2_R039_C06,PG_BOOL_R039,PG_BOOL_R039_C06,Y2_boolean_variation,Y2,regex_match,regex_match,CASE WHEN (STR SIMILAR TO STR) THEN TRUE ELSE FALSE END,CASE|ELSE|END|FALSE|THEN|TRUE|WHEN,SLOT_Y2_R039_C06,train,ruleset_seed_minimal,sha256:7da17132f5d3949ee3cdbc21fb81e7a686b4863a4a6b72d16ca71a4510f12056,not_run,not_run,True,False,coverage_seed_shape_only,ruleset_missing_accepted_static_row,v5.1
SEED_RS_Y2_R039_C07_MIN001,<RULE=RS_Y2_R039_C07><CELL=PG_BOOL_R039_C07><FAMILY=regex_match> ('alpha' SIMILAR TO 'beta') AND (8 = 72),('alpha' SIMILAR TO 'beta') AND (8 = 72),<RULE=RS_Y2_R039_C07><CELL=PG_BOOL_R039_C07><FAMILY=regex_match>,RS_Y2_R039_C07,PG_BOOL_R039,PG_BOOL_R039_C07,Y2_boolean_variation,Y2,regex_match,regex_match,(STR SIMILAR TO STR) AND (INT = INT),=|AND,SLOT_Y2_R039_C07,train,ruleset_seed_minimal,sha256:d4c7ee4d0c60f6e9b1c69f2ea04089a9b3036e40a298a76d7259ad4ba2531e7e,not_run,not_run,True,False,coverage_seed_shape_only,ruleset_missing_accepted_static_row,v5.1
SEED_RS_Y2_R039_C08_MIN001,<RULE=RS_Y2_R039_C08><CELL=PG_BOOL_R039_C08><FAMILY=regex_match> ('alpha' SIMILAR TO 'beta') OR (9 <> 29),('alpha' SIMILAR TO 'beta') OR (9 <> 29),<RULE=RS_Y2_R039_C08><CELL=PG_BOOL_R039_C08><FAMILY=regex_match>,RS_Y2_R039_C08,PG_BOOL_R039,PG_BOOL_R039_C08,Y2_boolean_variation,Y2,regex_match,regex_match,(STR SIMILAR TO STR) OR (INT <> INT),<|<>|>|OR,SLOT_Y2_R039_C08,train,ruleset_seed_minimal,sha256:e37344109285d9e8fe12c44d97332c552e1422a80b1fb1219afae27f5b365045,not_run,not_run,True,False,coverage_seed_shape_only,ruleset_missing_accepted_static_row,v5.1
SEED_RS_Y2_R039_C09_MIN001,<RULE=RS_Y2_R039_C09><CELL=PG_BOOL_R039_C09><FAMILY=regex_match> (('alpha' SIMILAR TO 'beta') = TRUE),(('alpha' SIMILAR TO 'beta') = TRUE),<RULE=RS_Y2_R039_C09><CELL=PG_BOOL_R039_C09><FAMILY=regex_match>,RS_Y2_R039_C09,PG_BOOL_R039,PG_BOOL_R039_C09,Y2_boolean_variation,Y2,regex_match,regex_match,((STR SIMILAR TO STR) = TRUE),=|TRUE,SLOT_Y2_R039_C09,train,ruleset_seed_minimal,sha256:6b70828a05850df24c1778c767c4b43e1de1b78e32c02e2346ad58bbc8ffdec4,not_run,not_run,True,False,coverage_seed_shape_only,ruleset_missing_accepted_static_row,v5.1
SEED_RS_Y2_R039_C10_MIN001,"<RULE=RS_Y2_R039_C10><CELL=PG_BOOL_R039_C10><FAMILY=regex_match> COALESCE(('alpha' SIMILAR TO 'beta'), FALSE)","COALESCE(('alpha' SIMILAR TO 'beta'), FALSE)",<RULE=RS_Y2_R039_C10><CELL=PG_BOOL_R039_C10><FAMILY=regex_match>,RS_Y2_R039_C10,PG_BOOL_R039,PG_BOOL_R039_C10,Y2_boolean_variation,Y2,regex_match,regex_match,"COALESCE((STR SIMILAR TO STR), FALSE)",COALESCE|FALSE,SLOT_Y2_R039_C10,train,ruleset_seed_minimal,sha256:7a9300aef4aed788bd88b6c7f26067a853b215181e68683b2bb0eb2af8e6e7a5,not_run,not_run,True,False,coverage_seed_shape_only,ruleset_missing_accepted_static_row,v5.1
SEED_RS_Y2_R040_C01_MIN001,<RULE=RS_Y2_R040_C01><CELL=PG_BOOL_R040_C01><FAMILY=regex_match> 'alpha' NOT SIMILAR TO 'beta','alpha' NOT SIMILAR TO 'beta',<RULE=RS_Y2_R040_C01><CELL=PG_BOOL_R040_C01><FAMILY=regex_match>,RS_Y2_R040_C01,PG_BOOL_R040,PG_BOOL_R040_C01,Y2_boolean_variation,Y2,regex_match,regex_match,STR NOT SIMILAR TO STR,NOT,SLOT_Y2_R040_C01,train,ruleset_seed_minimal,sha256:ed33b8609f9a3aba37ebb85a8dc0d8b5e2327e66f031504ad63ee58bb5daab27,not_run,not_run,True,False,coverage_seed_shape_only,ruleset_missing_accepted_static_row,v5.1
SEED_RS_Y2_R040_C02_MIN001,<RULE=RS_Y2_R040_C02><CELL=PG_BOOL_R040_C02><FAMILY=regex_match> ('alpha' NOT SIMILAR TO 'beta'),('alpha' NOT SIMILAR TO 'beta'),<RULE=RS_Y2_R040_C02><CELL=PG_BOOL_R040_C02><FAMILY=regex_match>,RS_Y2_R040_C02,PG_BOOL_R040,PG_BOOL_R040_C02,Y2_boolean_variation,Y2,regex_match,regex_match,(STR NOT SIMILAR TO STR),NOT,SLOT_Y2_R040_C02,train,ruleset_seed_minimal,sha256:2a2210415896279788c22538d4e41476be8974f289d69e87593b76aa33fcf82a,not_run,not_run,True,False,coverage_seed_shape_only,ruleset_missing_accepted_static_row,v5.1
SEED_RS_Y2_R040_C03_MIN001,<RULE=RS_Y2_R040_C03><CELL=PG_BOOL_R040_C03><FAMILY=regex_match> NOT ('alpha' NOT SIMILAR TO 'beta'),NOT ('alpha' NOT SIMILAR TO 'beta'),<RULE=RS_Y2_R040_C03><CELL=PG_BOOL_R040_C03><FAMILY=regex_match>,RS_Y2_R040_C03,PG_BOOL_R040,PG_BOOL_R040_C03,Y2_boolean_variation,Y2,regex_match,regex_match,NOT (STR NOT SIMILAR TO STR),NOT,SLOT_Y2_R040_C03,train,ruleset_seed_minimal,sha256:a68d24291d69bd6a161d9c424980a3580c1b5702213b20b55bf1a17cb34a4fb7,not_run,not_run,True,False,coverage_seed_shape_only,ruleset_missing_accepted_static_row,v5.1
SEED_RS_Y2_R040_C04_MIN001,<RULE=RS_Y2_R040_C04><CELL=PG_BOOL_R040_C04><FAMILY=regex_match> ('alpha' NOT SIMILAR TO 'beta') IS TRUE,('alpha' NOT SIMILAR TO 'beta') IS TRUE,<RULE=RS_Y2_R040_C04><CELL=PG_BOOL_R040_C04><FAMILY=regex_match>,RS_Y2_R040_C04,PG_BOOL_R040,PG_BOOL_R040_C04,Y2_boolean_variation,Y2,regex_match,regex_match,(STR NOT SIMILAR TO STR) IS TRUE,IS|NOT|TRUE,SLOT_Y2_R040_C04,train,ruleset_seed_minimal,sha256:9753af8df486c3942c82d4beac61faf3ae8d01e32a8e8d1c28d054a3ea61fc91,not_run,not_run,True,False,coverage_seed_shape_only,ruleset_missing_accepted_static_row,v5.1
SEED_RS_Y2_R040_C05_MIN001,<RULE=RS_Y2_R040_C05><CELL=PG_BOOL_R040_C05><FAMILY=regex_match> ('alpha' NOT SIMILAR TO 'beta') IS NOT FALSE,('alpha' NOT SIMILAR TO 'beta') IS NOT FALSE,<RULE=RS_Y2_R040_C05><CELL=PG_BOOL_R040_C05><FAMILY=regex_match>,RS_Y2_R040_C05,PG_BOOL_R040,PG_BOOL_R040_C05,Y2_boolean_variation,Y2,regex_match,regex_match,(STR NOT SIMILAR TO STR) IS NOT FALSE,FALSE|IS|NOT,SLOT_Y2_R040_C05,train,ruleset_seed_minimal,sha256:a14ec871afdc4e8cf89e808d1d49e2fc1760b92d0a573a5882731c78afe84cf8,not_run,not_run,True,False,coverage_seed_shape_only,ruleset_missing_accepted_static_row,v5.1
SEED_RS_Y2_R040_C06_MIN001,<RULE=RS_Y2_R040_C06><CELL=PG_BOOL_R040_C06><FAMILY=regex_match> CASE WHEN ('alpha' NOT SIMILAR TO 'beta') THEN TRUE ELSE FALSE END,CASE WHEN ('alpha' NOT SIMILAR TO 'beta') THEN TRUE ELSE FALSE END,<RULE=RS_Y2_R040_C06><CELL=PG_BOOL_R040_C06><FAMILY=regex_match>,RS_Y2_R040_C06,PG_BOOL_R040,PG_BOOL_R040_C06,Y2_boolean_variation,Y2,regex_match,regex_match,CASE WHEN (STR NOT SIMILAR TO STR) THEN TRUE ELSE FALSE END,CASE|ELSE|END|FALSE|NOT|THEN|TRUE|WHEN,SLOT_Y2_R040_C06,train,ruleset_seed_minimal,sha256:658d6daa0c9ecce07bc26d46f17d6669c30bd5caf4bf93fd593100174381ccb8,not_run,not_run,True,False,coverage_seed_shape_only,ruleset_missing_accepted_static_row,v5.1
SEED_RS_Y2_R040_C07_MIN001,<RULE=RS_Y2_R040_C07><CELL=PG_BOOL_R040_C07><FAMILY=regex_match> ('alpha' NOT SIMILAR TO 'beta') AND (9 = 67),('alpha' NOT SIMILAR TO 'beta') AND (9 = 67),<RULE=RS_Y2_R040_C07><CELL=PG_BOOL_R040_C07><FAMILY=regex_match>,RS_Y2_R040_C07,PG_BOOL_R040,PG_BOOL_R040_C07,Y2_boolean_variation,Y2,regex_match,regex_match,(STR NOT SIMILAR TO STR) AND (INT = INT),=|AND|NOT,SLOT_Y2_R040_C07,train,ruleset_seed_minimal,sha256:bb5d03493f40ffdd883c57f5e1d9c7df5a953127f6867b98c62776aa231871fa,not_run,not_run,True,False,coverage_seed_shape_only,ruleset_missing_accepted_static_row,v5.1
SEED_RS_Y2_R040_C08_MIN001,<RULE=RS_Y2_R040_C08><CELL=PG_BOOL_R040_C08><FAMILY=regex_match> ('alpha' NOT SIMILAR TO 'beta') OR (3 <> 11),('alpha' NOT SIMILAR TO 'beta') OR (3 <> 11),<RULE=RS_Y2_R040_C08><CELL=PG_BOOL_R040_C08><FAMILY=regex_match>,RS_Y2_R040_C08,PG_BOOL_R040,PG_BOOL_R040_C08,Y2_boolean_variation,Y2,regex_match,regex_match,(STR NOT SIMILAR TO STR) OR (INT <> INT),<|<>|>|NOT|OR,SLOT_Y2_R040_C08,train,ruleset_seed_minimal,sha256:ab525aee387ea5f2968b4950c7a944c0181cb73bad9881b9860d5f9182cf64da,not_run,not_run,True,False,coverage_seed_shape_only,ruleset_missing_accepted_static_row,v5.1
SEED_RS_Y2_R040_C09_MIN001,<RULE=RS_Y2_R040_C09><CELL=PG_BOOL_R040_C09><FAMILY=regex_match> (('alpha' NOT SIMILAR TO 'beta') = TRUE),(('alpha' NOT SIMILAR TO 'beta') = TRUE),<RULE=RS_Y2_R040_C09><CELL=PG_BOOL_R040_C09><FAMILY=regex_match>,RS_Y2_R040_C09,PG_BOOL_R040,PG_BOOL_R040_C09,Y2_boolean_variation,Y2,regex_match,regex_match,((STR NOT SIMILAR TO STR) = TRUE),=|NOT|TRUE,SLOT_Y2_R040_C09,train,ruleset_seed_minimal,sha256:a7a1242586c976dbf335e0494bd3c80ceb39e602fbe054dbecd7f2e0fce927c8,not_run,not_run,True,False,coverage_seed_shape_only,ruleset_missing_accepted_static_row,v5.1
SEED_RS_Y2_R040_C10_MIN001,"<RULE=RS_Y2_R040_C10><CELL=PG_BOOL_R040_C10><FAMILY=regex_match> COALESCE(('alpha' NOT SIMILAR TO 'beta'), FALSE)","COALESCE(('alpha' NOT SIMILAR TO 'beta'), FALSE)",<RULE=RS_Y2_R040_C10><CELL=PG_BOOL_R040_C10><FAMILY=regex_match>,RS_Y2_R040_C10,PG_BOOL_R040,PG_BOOL_R040_C10,Y2_boolean_variation,Y2,regex_match,regex_match,"COALESCE((STR NOT SIMILAR TO STR), FALSE)",COALESCE|FALSE|NOT,SLOT_Y2_R040_C10,train,ruleset_seed_minimal,sha256:bd8a8a9521cf3ff014b371db363eb9cd0f5029b4eae74dcf9814fb5e0fd1d2b0,not_run,not_run,True,False,coverage_seed_shape_only,ruleset_missing_accepted_static_row,v5.1
SEED_RS_Y2_R049_C01_MIN001,<RULE=RS_Y2_R049_C01><CELL=PG_BOOL_R049_C01><FAMILY=arithmetic_expression> (4 % 48) = 6,(4 % 48) = 6,<RULE=RS_Y2_R049_C01><CELL=PG_BOOL_R049_C01><FAMILY=arithmetic_expression>,RS_Y2_R049_C01,PG_BOOL_R049,PG_BOOL_R049_C01,Y2_boolean_variation,Y2,arithmetic_expression,arithmetic_expression,(INT % INT) = INT,=,SLOT_Y2_R049_C01,train,ruleset_seed_minimal,sha256:f3c110ab859dba0afc68128f4a46c319adde67c9864ccf8a959ee55cc25036a6,not_run,not_run,True,False,coverage_seed_shape_only,ruleset_missing_accepted_static_row,v5.1
SEED_RS_Y2_R049_C02_MIN001,<RULE=RS_Y2_R049_C02><CELL=PG_BOOL_R049_C02><FAMILY=arithmetic_expression> ((7 % 75) = 16),((7 % 75) = 16),<RULE=RS_Y2_R049_C02><CELL=PG_BOOL_R049_C02><FAMILY=arithmetic_expression>,RS_Y2_R049_C02,PG_BOOL_R049,PG_BOOL_R049_C02,Y2_boolean_variation,Y2,arithmetic_expression,arithmetic_expression,((INT % INT) = INT),=,SLOT_Y2_R049_C02,train,ruleset_seed_minimal,sha256:3802586b825d20a3edb8e6cd5067cb8c327dd99b89a97424324472ef878e7be0,not_run,not_run,True,False,coverage_seed_shape_only,ruleset_missing_accepted_static_row,v5.1
SEED_RS_Y2_R049_C03_MIN001,<RULE=RS_Y2_R049_C03><CELL=PG_BOOL_R049_C03><FAMILY=arithmetic_expression> NOT ((4 % 90) = 9),NOT ((4 % 90) = 9),<RULE=RS_Y2_R049_C03><CELL=PG_BOOL_R049_C03><FAMILY=arithmetic_expression>,RS_Y2_R049_C03,PG_BOOL_R049,PG_BOOL_R049_C03,Y2_boolean_variation,Y2,arithmetic_expression,arithmetic_expression,NOT ((INT % INT) = INT),=|NOT,SLOT_Y2_R049_C03,train,ruleset_seed_minimal,sha256:db586439882f7c6ca2a8b786c44eeaff19ab3b982b24953846a725767087dc40,not_run,not_run,True,False,coverage_seed_shape_only,ruleset_missing_accepted_static_row,v5.1
SEED_RS_Y2_R049_C04_MIN001,<RULE=RS_Y2_R049_C04><CELL=PG_BOOL_R049_C04><FAMILY=arithmetic_expression> ((2 % 35) = 7) IS TRUE,((2 % 35) = 7) IS TRUE,<RULE=RS_Y2_R049_C04><CELL=PG_BOOL_R049_C04><FAMILY=arithmetic_expression>,RS_Y2_R049_C04,PG_BOOL_R049,PG_BOOL_R049_C04,Y2_boolean_variation,Y2,arithmetic_expression,arithmetic_expression,((INT % INT) = INT) IS TRUE,=|IS|TRUE,SLOT_Y2_R049_C04,train,ruleset_seed_minimal,sha256:d7fdccc64038cdc706bce268677e160c86aeb9311a6aa26fa85560e383f08c24,not_run,not_run,True,False,coverage_seed_shape_only,ruleset_missing_accepted_static_row,v5.1
SEED_RS_Y2_R049_C05_MIN001,<RULE=RS_Y2_R049_C05><CELL=PG_BOOL_R049_C05><FAMILY=arithmetic_expression> ((2 % 53) = 6) IS NOT FALSE,((2 % 53) = 6) IS NOT FALSE,<RULE=RS_Y2_R049_C05><CELL=PG_BOOL_R049_C05><FAMILY=arithmetic_expression>,RS_Y2_R049_C05,PG_BOOL_R049,PG_BOOL_R049_C05,Y2_boolean_variation,Y2,arithmetic_expression,arithmetic_expression,((INT % INT) = INT) IS NOT FALSE,=|FALSE|IS|NOT,SLOT_Y2_R049_C05,train,ruleset_seed_minimal,sha256:f45378b1c41ec14b7f10110032c7e7d2b6bd1cc4d17ebaf564f499702c93a929,not_run,not_run,True,False,coverage_seed_shape_only,ruleset_missing_accepted_static_row,v5.1
SEED_RS_Y2_R049_C06_MIN001,<RULE=RS_Y2_R049_C06><CELL=PG_BOOL_R049_C06><FAMILY=arithmetic_expression> CASE WHEN ((9 % 26) = 9) THEN TRUE ELSE FALSE END,CASE WHEN ((9 % 26) = 9) THEN TRUE ELSE FALSE END,<RULE=RS_Y2_R049_C06><CELL=PG_BOOL_R049_C06><FAMILY=arithmetic_expression>,RS_Y2_R049_C06,PG_BOOL_R049,PG_BOOL_R049_C06,Y2_boolean_variation,Y2,arithmetic_expression,arithmetic_expression,CASE WHEN ((INT % INT) = INT) THEN TRUE ELSE FALSE END,=|CASE|ELSE|END|FALSE|THEN|TRUE|WHEN,SLOT_Y2_R049_C06,train,ruleset_seed_minimal,sha256:d2b968fdc08c815ac4f590d0f98fc57aa541f570d981c8b9e2f1cbd64de0a3c2,not_run,not_run,True,False,coverage_seed_shape_only,ruleset_missing_accepted_static_row,v5.1
SEED_RS_Y2_R049_C07_MIN001,<RULE=RS_Y2_R049_C07><CELL=PG_BOOL_R049_C07><FAMILY=arithmetic_expression> ((3 % 44) = 6) AND (26 = 36),((3 % 44) = 6) AND (26 = 36),<RULE=RS_Y2_R049_C07><CELL=PG_BOOL_R049_C07><FAMILY=arithmetic_expression>,RS_Y2_R049_C07,PG_BOOL_R049,PG_BOOL_R049_C07,Y2_boolean_variation,Y2,arithmetic_expression,arithmetic_expression,((INT % INT) = INT) AND (INT = INT),=|AND,SLOT_Y2_R049_C07,train,ruleset_seed_minimal,sha256:c133a1cbcac5039beb07730d8ebbb76771369b6f79a490168c9d484f4c1d33a1,not_run,not_run,True,False,coverage_seed_shape_only,ruleset_missing_accepted_static_row,v5.1
SEED_RS_Y2_R049_C08_MIN001,<RULE=RS_Y2_R049_C08><CELL=PG_BOOL_R049_C08><FAMILY=arithmetic_expression> ((3 % 77) = 6) OR (8 <> 25),((3 % 77) = 6) OR (8 <> 25),<RULE=RS_Y2_R049_C08><CELL=PG_BOOL_R049_C08><FAMILY=arithmetic_expression>,RS_Y2_R049_C08,PG_BOOL_R049,PG_BOOL_R049_C08,Y2_boolean_variation,Y2,arithmetic_expression,arithmetic_expression,((INT % INT) = INT) OR (INT <> INT),<|<>|=|>|OR,SLOT_Y2_R049_C08,train,ruleset_seed_minimal,sha256:943594dfda13aed6929060f5e8513bbc6a66d77ef819861bcc6851f6181403f6,not_run,not_run,True,False,coverage_seed_shape_only,ruleset_missing_accepted_static_row,v5.1
SEED_RS_Y2_R049_C09_MIN001,<RULE=RS_Y2_R049_C09><CELL=PG_BOOL_R049_C09><FAMILY=arithmetic_expression> (((3 % 67) = 4) = TRUE),(((3 % 67) = 4) = TRUE),<RULE=RS_Y2_R049_C09><CELL=PG_BOOL_R049_C09><FAMILY=arithmetic_expression>,RS_Y2_R049_C09,PG_BOOL_R049,PG_BOOL_R049_C09,Y2_boolean_variation,Y2,arithmetic_expression,arithmetic_expression,(((INT % INT) = INT) = TRUE),=|TRUE,SLOT_Y2_R049_C09,train,ruleset_seed_minimal,sha256:959c26c25755a2c385897a7cb6d4507f7dd40c53cda9eb140e745736eac1ca27,not_run,not_run,True,False,coverage_seed_shape_only,ruleset_missing_accepted_static_row,v5.1
SEED_RS_Y2_R049_C10_MIN001,"<RULE=RS_Y2_R049_C10><CELL=PG_BOOL_R049_C10><FAMILY=arithmetic_expression> COALESCE(((3 % 75) = 10), FALSE)","COALESCE(((3 % 75) = 10), FALSE)",<RULE=RS_Y2_R049_C10><CELL=PG_BOOL_R049_C10><FAMILY=arithmetic_expression>,RS_Y2_R049_C10,PG_BOOL_R049,PG_BOOL_R049_C10,Y2_boolean_variation,Y2,arithmetic_expression,arithmetic_expression,"COALESCE(((INT % INT) = INT), FALSE)",=|COALESCE|FALSE,SLOT_Y2_R049_C10,train,ruleset_seed_minimal,sha256:15708ea1abe5219e86730c7fe094e366daa9efde1fe5333b8ac7ccd298b89d4d,not_run,not_run,True,False,coverage_seed_shape_only,ruleset_missing_accepted_static_row,v5.1
SEED_RS_Y2_R053_C01_MIN001,"<RULE=RS_Y2_R053_C01><CELL=PG_BOOL_R053_C01><FAMILY=array_operator> ARRAY[7, 84] && ARRAY[5, 4]","ARRAY[7, 84] && ARRAY[5, 4]",<RULE=RS_Y2_R053_C01><CELL=PG_BOOL_R053_C01><FAMILY=array_operator>,RS_Y2_R053_C01,PG_BOOL_R053,PG_BOOL_R053_C01,Y2_boolean_variation,Y2,array_operator,array_operator,"ARRAY[INT, INT] && ARRAY[INT, INT]",&&|ARRAY,SLOT_Y2_R053_C01,train,ruleset_seed_minimal,sha256:f51febe87c5ee24118f267917e01486d496d00e3d1ba3fde2dfdb615e96bed52,not_run,not_run,True,False,coverage_seed_shape_only,ruleset_missing_accepted_static_row,v5.1
SEED_RS_Y2_R053_C02_MIN001,"<RULE=RS_Y2_R053_C02><CELL=PG_BOOL_R053_C02><FAMILY=array_operator> (ARRAY[5, 78] && ARRAY[14, 15])","(ARRAY[5, 78] && ARRAY[14, 15])",<RULE=RS_Y2_R053_C02><CELL=PG_BOOL_R053_C02><FAMILY=array_operator>,RS_Y2_R053_C02,PG_BOOL_R053,PG_BOOL_R053_C02,Y2_boolean_variation,Y2,array_operator,array_operator,"(ARRAY[INT, INT] && ARRAY[INT, INT])",&&|ARRAY,SLOT_Y2_R053_C02,train,ruleset_seed_minimal,sha256:883fb8290782e502de6aba4c45ea27c630599bfc6d792ed5242e7774e6ce7d2e,not_run,not_run,True,False,coverage_seed_shape_only,ruleset_missing_accepted_static_row,v5.1
SEED_RS_Y2_R053_C06_MIN001,"<RULE=RS_Y2_R053_C06><CELL=PG_BOOL_R053_C06><FAMILY=array_operator> CASE WHEN (ARRAY[5, 67] && ARRAY[14, 16]) THEN TRUE ELSE FALSE END","CASE WHEN (ARRAY[5, 67] && ARRAY[14, 16]) THEN TRUE ELSE FALSE END",<RULE=RS_Y2_R053_C06><CELL=PG_BOOL_R053_C06><FAMILY=array_operator>,RS_Y2_R053_C06,PG_BOOL_R053,PG_BOOL_R053_C06,Y2_boolean_variation,Y2,array_operator,array_operator,"CASE WHEN (ARRAY[INT, INT] && ARRAY[INT, INT]) THEN TRUE ELSE FALSE END",&&|ARRAY|CASE|ELSE|END|FALSE|THEN|TRUE|WHEN,SLOT_Y2_R053_C06,train,ruleset_seed_minimal,sha256:ecb1707de385e46a2dd41d4c7ce274c8a8a2ecec7310ad394a9c99ae6956970b,not_run,not_run,True,False,coverage_seed_shape_only,ruleset_missing_accepted_static_row,v5.1
SEED_RS_Y2_R053_C10_MIN001,"<RULE=RS_Y2_R053_C10><CELL=PG_BOOL_R053_C10><FAMILY=array_operator> COALESCE((ARRAY[7, 69] && ARRAY[4, 11]), FALSE)","COALESCE((ARRAY[7, 69] && ARRAY[4, 11]), FALSE)",<RULE=RS_Y2_R053_C10><CELL=PG_BOOL_R053_C10><FAMILY=array_operator>,RS_Y2_R053_C10,PG_BOOL_R053,PG_BOOL_R053_C10,Y2_boolean_variation,Y2,array_operator,array_operator,"COALESCE((ARRAY[INT, INT] && ARRAY[INT, INT]), FALSE)",&&|ARRAY|COALESCE|FALSE,SLOT_Y2_R053_C10,train,ruleset_seed_minimal,sha256:ba0c412a4e42188c44d8a0bc7d6eb4c43c001ecdc4bec15f91ef267fe1e97588,not_run,not_run,True,False,coverage_seed_shape_only,ruleset_missing_accepted_static_row,v5.1
SEED_RS_Y2_R071_C01_MIN001,<RULE=RS_Y2_R071_C01><CELL=PG_BOOL_R071_C01><FAMILY=jsonb_predicate> 'alpha' ? 'beta','alpha' ? 'beta',<RULE=RS_Y2_R071_C01><CELL=PG_BOOL_R071_C01><FAMILY=jsonb_predicate>,RS_Y2_R071_C01,PG_BOOL_R071,PG_BOOL_R071_C01,Y2_boolean_variation,Y2,jsonb_predicate,jsonb_predicate,STR ? STR,?,SLOT_Y2_R071_C01,train,ruleset_seed_minimal,sha256:294fd9b7734c4d39c443b2230de2d722b6326b04d8bdb303cbb884e096fae502,not_run,not_run,True,False,coverage_seed_shape_only,ruleset_missing_accepted_static_row,v5.1
SEED_RS_Y2_R071_C02_MIN001,<RULE=RS_Y2_R071_C02><CELL=PG_BOOL_R071_C02><FAMILY=jsonb_predicate> ('alpha' ? 'beta'),('alpha' ? 'beta'),<RULE=RS_Y2_R071_C02><CELL=PG_BOOL_R071_C02><FAMILY=jsonb_predicate>,RS_Y2_R071_C02,PG_BOOL_R071,PG_BOOL_R071_C02,Y2_boolean_variation,Y2,jsonb_predicate,jsonb_predicate,(STR ? STR),?,SLOT_Y2_R071_C02,train,ruleset_seed_minimal,sha256:02ab28a8e49db9aaab94c3e2a408bded24e35848cc036e4caddd4841284b5d73,not_run,not_run,True,False,coverage_seed_shape_only,ruleset_missing_accepted_static_row,v5.1
SEED_RS_Y2_R071_C06_MIN001,<RULE=RS_Y2_R071_C06><CELL=PG_BOOL_R071_C06><FAMILY=jsonb_predicate> CASE WHEN ('alpha' ? 'beta') THEN TRUE ELSE FALSE END,CASE WHEN ('alpha' ? 'beta') THEN TRUE ELSE FALSE END,<RULE=RS_Y2_R071_C06><CELL=PG_BOOL_R071_C06><FAMILY=jsonb_predicate>,RS_Y2_R071_C06,PG_BOOL_R071,PG_BOOL_R071_C06,Y2_boolean_variation,Y2,jsonb_predicate,jsonb_predicate,CASE WHEN (STR ? STR) THEN TRUE ELSE FALSE END,CASE|ELSE|END|FALSE|THEN|TRUE|WHEN,SLOT_Y2_R071_C06,train,ruleset_seed_minimal,sha256:bed773d42860a536351781566e41d49347790fa63d2fae667446ed27d8dbd2fd,not_run,not_run,True,False,coverage_seed_shape_only,ruleset_missing_accepted_static_row,v5.1
SEED_RS_Y2_R071_C10_MIN001,"<RULE=RS_Y2_R071_C10><CELL=PG_BOOL_R071_C10><FAMILY=jsonb_predicate> COALESCE(('alpha' ? 'beta'), FALSE)","COALESCE(('alpha' ? 'beta'), FALSE)",<RULE=RS_Y2_R071_C10><CELL=PG_BOOL_R071_C10><FAMILY=jsonb_predicate>,RS_Y2_R071_C10,PG_BOOL_R071,PG_BOOL_R071_C10,Y2_boolean_variation,Y2,jsonb_predicate,jsonb_predicate,"COALESCE((STR ? STR), FALSE)",COALESCE|FALSE,SLOT_Y2_R071_C10,train,ruleset_seed_minimal,sha256:e393cbea1c52ff666020defcd9d180db119da58ac7d4f9ef7aac690a9c8e4d62,not_run,not_run,True,False,coverage_seed_shape_only,ruleset_missing_accepted_static_row,v5.1
SEED_RS_Y2_R077_C01_MIN001,"<RULE=RS_Y2_R077_C01><CELL=PG_BOOL_R077_C01><FAMILY=range_type> int4range(9, 21, 'alpha') && int4range(8, 21, 'beta')","int4range(9, 21, 'alpha') && int4range(8, 21, 'beta')",<RULE=RS_Y2_R077_C01><CELL=PG_BOOL_R077_C01><FAMILY=range_type>,RS_Y2_R077_C01,PG_BOOL_R077,PG_BOOL_R077_C01,Y2_boolean_variation,Y2,range_type,range_type,"RANGE(INT, INT, STR) && RANGE(INT, INT, STR)",&&,SLOT_Y2_R077_C01,train,ruleset_seed_minimal,sha256:2bea2b02681b08021d1a0012e3bf4d56e9521eec20d1d8e67b9884188942688a,not_run,not_run,True,False,coverage_seed_shape_only,ruleset_missing_accepted_static_row,v5.1
SEED_RS_Y2_R077_C02_MIN001,"<RULE=RS_Y2_R077_C02><CELL=PG_BOOL_R077_C02><FAMILY=range_type> (int4range(5, 87, 'alpha') && int4range(20, 3, 'beta'))","(int4range(5, 87, 'alpha') && int4range(20, 3, 'beta'))",<RULE=RS_Y2_R077_C02><CELL=PG_BOOL_R077_C02><FAMILY=range_type>,RS_Y2_R077_C02,PG_BOOL_R077,PG_BOOL_R077_C02,Y2_boolean_variation,Y2,range_type,range_type,"(RANGE(INT, INT, STR) && RANGE(INT, INT, STR))",&&,SLOT_Y2_R077_C02,train,ruleset_seed_minimal,sha256:a09f12b700ecd57f052ec9dde3df44cd1f9434a4d2dce3877f3f5bdc134ef440,not_run,not_run,True,False,coverage_seed_shape_only,ruleset_missing_accepted_static_row,v5.1
SEED_RS_Y2_R077_C06_MIN001,"<RULE=RS_Y2_R077_C06><CELL=PG_BOOL_R077_C06><FAMILY=range_type> CASE WHEN (int4range(8, 13, 'alpha') && int4range(2, 12, 'beta')) THEN TRUE ELSE FALSE END","CASE WHEN (int4range(8, 13, 'alpha') && int4range(2, 12, 'beta')) THEN TRUE ELSE FALSE END",<RULE=RS_Y2_R077_C06><CELL=PG_BOOL_R077_C06><FAMILY=range_type>,RS_Y2_R077_C06,PG_BOOL_R077,PG_BOOL_R077_C06,Y2_boolean_variation,Y2,range_type,range_type,"CASE WHEN (RANGE(INT, INT, STR) && RANGE(INT, INT, STR)) THEN TRUE ELSE FALSE END",&&|CASE|ELSE|END|FALSE|THEN|TRUE|WHEN,SLOT_Y2_R077_C06,train,ruleset_seed_minimal,sha256:dc55ad6ca37796bf110946c1c56cf75ac6129342fefe189279264990e8024821,not_run,not_run,True,False,coverage_seed_shape_only,ruleset_missing_accepted_static_row,v5.1
SEED_RS_Y2_R077_C10_MIN001,"<RULE=RS_Y2_R077_C10><CELL=PG_BOOL_R077_C10><FAMILY=range_type> COALESCE((int4range(5, 32, 'alpha') && int4range(8, 29, 'beta')), FALSE)","COALESCE((int4range(5, 32, 'alpha') && int4range(8, 29, 'beta')), FALSE)",<RULE=RS_Y2_R077_C10><CELL=PG_BOOL_R077_C10><FAMILY=range_type>,RS_Y2_R077_C10,PG_BOOL_R077,PG_BOOL_R077_C10,Y2_boolean_variation,Y2,range_type,range_type,"COALESCE((RANGE(INT, INT, STR) && RANGE(INT, INT, STR)), FALSE)",&&|COALESCE|FALSE,SLOT_Y2_R077_C10,train,ruleset_seed_minimal,sha256:2c40301ee243a62ac216b1eec0aa7ab654d21eb77fb9b1de9f505eeba1cf1748,not_run,not_run,True,False,coverage_seed_shape_only,ruleset_missing_accepted_static_row,v5.1
SEED_RS_Y2_R086_C01_MIN001,<RULE=RS_Y2_R086_C01><CELL=PG_BOOL_R086_C01><FAMILY=uuid_predicate> '00000000-0000-4000-8000-000000000001'::uuid = '00000000-0000-4000-8000-000000000002'::uuid,'00000000-0000-4000-8000-000000000001'::uuid = '00000000-0000-4000-8000-000000000002'::uuid,<RULE=RS_Y2_R086_C01><CELL=PG_BOOL_R086_C01><FAMILY=uuid_predicate>,RS_Y2_R086_C01,PG_BOOL_R086,PG_BOOL_R086_C01,Y2_boolean_variation,Y2,uuid_predicate,uuid_predicate,UUID = UUID,=,SLOT_Y2_R086_C01,train,ruleset_seed_minimal,sha256:e58871ca984fe3b1467d2dab16f8ea2469f34f95230266b5cd051d8fa2da8c75,not_run,not_run,True,False,coverage_seed_shape_only,ruleset_missing_accepted_static_row,v5.1
SEED_RS_Y2_R086_C02_MIN001,<RULE=RS_Y2_R086_C02><CELL=PG_BOOL_R086_C02><FAMILY=uuid_predicate> ('00000000-0000-4000-8000-000000000001'::uuid = '00000000-0000-4000-8000-000000000002'::uuid),('00000000-0000-4000-8000-000000000001'::uuid = '00000000-0000-4000-8000-000000000002'::uuid),<RULE=RS_Y2_R086_C02><CELL=PG_BOOL_R086_C02><FAMILY=uuid_predicate>,RS_Y2_R086_C02,PG_BOOL_R086,PG_BOOL_R086_C02,Y2_boolean_variation,Y2,uuid_predicate,uuid_predicate,(UUID = UUID),=,SLOT_Y2_R086_C02,train,ruleset_seed_minimal,sha256:581dc9eca83c7ef3d07c56f8d148a8a3741902c15a44e533894a11161e4c5e7f,not_run,not_run,True,False,coverage_seed_shape_only,ruleset_missing_accepted_static_row,v5.1
SEED_RS_Y2_R086_C03_MIN001,<RULE=RS_Y2_R086_C03><CELL=PG_BOOL_R086_C03><FAMILY=uuid_predicate> NOT ('00000000-0000-4000-8000-000000000001'::uuid = '00000000-0000-4000-8000-000000000002'::uuid),NOT ('00000000-0000-4000-8000-000000000001'::uuid = '00000000-0000-4000-8000-000000000002'::uuid),<RULE=RS_Y2_R086_C03><CELL=PG_BOOL_R086_C03><FAMILY=uuid_predicate>,RS_Y2_R086_C03,PG_BOOL_R086,PG_BOOL_R086_C03,Y2_boolean_variation,Y2,uuid_predicate,uuid_predicate,NOT (UUID = UUID),=|NOT,SLOT_Y2_R086_C03,train,ruleset_seed_minimal,sha256:65073b0d570d017efe93cd34a7103c8ad4b99060b0871986372567d5b0cbd302,not_run,not_run,True,False,coverage_seed_shape_only,ruleset_missing_accepted_static_row,v5.1
SEED_RS_Y2_R086_C04_MIN001,<RULE=RS_Y2_R086_C04><CELL=PG_BOOL_R086_C04><FAMILY=uuid_predicate> ('00000000-0000-4000-8000-000000000001'::uuid = '00000000-0000-4000-8000-000000000002'::uuid) IS TRUE,('00000000-0000-4000-8000-000000000001'::uuid = '00000000-0000-4000-8000-000000000002'::uuid) IS TRUE,<RULE=RS_Y2_R086_C04><CELL=PG_BOOL_R086_C04><FAMILY=uuid_predicate>,RS_Y2_R086_C04,PG_BOOL_R086,PG_BOOL_R086_C04,Y2_boolean_variation,Y2,uuid_predicate,uuid_predicate,(UUID = UUID) IS TRUE,=|IS|TRUE,SLOT_Y2_R086_C04,train,ruleset_seed_minimal,sha256:a90dd150dd52790b334b91373ca2ca24425add72e86f663c4cef4be204b910d8,not_run,not_run,True,False,coverage_seed_shape_only,ruleset_missing_accepted_static_row,v5.1
SEED_RS_Y2_R086_C05_MIN001,<RULE=RS_Y2_R086_C05><CELL=PG_BOOL_R086_C05><FAMILY=uuid_predicate> ('00000000-0000-4000-8000-000000000001'::uuid = '00000000-0000-4000-8000-000000000002'::uuid) IS NOT FALSE,('00000000-0000-4000-8000-000000000001'::uuid = '00000000-0000-4000-8000-000000000002'::uuid) IS NOT FALSE,<RULE=RS_Y2_R086_C05><CELL=PG_BOOL_R086_C05><FAMILY=uuid_predicate>,RS_Y2_R086_C05,PG_BOOL_R086,PG_BOOL_R086_C05,Y2_boolean_variation,Y2,uuid_predicate,uuid_predicate,(UUID = UUID) IS NOT FALSE,=|FALSE|IS|NOT,SLOT_Y2_R086_C05,train,ruleset_seed_minimal,sha256:83d863116a61c30c4c574fa4042e2712f7f82c73bf2c61d26c356d0affb39c58,not_run,not_run,True,False,coverage_seed_shape_only,ruleset_missing_accepted_static_row,v5.1
SEED_RS_Y2_R086_C06_MIN001,<RULE=RS_Y2_R086_C06><CELL=PG_BOOL_R086_C06><FAMILY=uuid_predicate> CASE WHEN ('00000000-0000-4000-8000-000000000001'::uuid = '00000000-0000-4000-8000-000000000002'::uuid) THEN TRUE ELSE FALSE END,CASE WHEN ('00000000-0000-4000-8000-000000000001'::uuid = '00000000-0000-4000-8000-000000000002'::uuid) THEN TRUE ELSE FALSE END,<RULE=RS_Y2_R086_C06><CELL=PG_BOOL_R086_C06><FAMILY=uuid_predicate>,RS_Y2_R086_C06,PG_BOOL_R086,PG_BOOL_R086_C06,Y2_boolean_variation,Y2,uuid_predicate,uuid_predicate,CASE WHEN (UUID = UUID) THEN TRUE ELSE FALSE END,=|CASE|ELSE|END|FALSE|THEN|TRUE|WHEN,SLOT_Y2_R086_C06,train,ruleset_seed_minimal,sha256:cdf5f7cdf771ac85faba8b921281edce761697c3960679fcd17bd37a9d48e6de,not_run,not_run,True,False,coverage_seed_shape_only,ruleset_missing_accepted_static_row,v5.1
SEED_RS_Y2_R086_C07_MIN001,<RULE=RS_Y2_R086_C07><CELL=PG_BOOL_R086_C07><FAMILY=uuid_predicate> ('00000000-0000-4000-8000-000000000001'::uuid = '00000000-0000-4000-8000-000000000002'::uuid) AND (7 = 27),('00000000-0000-4000-8000-000000000001'::uuid = '00000000-0000-4000-8000-000000000002'::uuid) AND (7 = 27),<RULE=RS_Y2_R086_C07><CELL=PG_BOOL_R086_C07><FAMILY=uuid_predicate>,RS_Y2_R086_C07,PG_BOOL_R086,PG_BOOL_R086_C07,Y2_boolean_variation,Y2,uuid_predicate,uuid_predicate,(UUID = UUID) AND (INT = INT),=|AND,SLOT_Y2_R086_C07,train,ruleset_seed_minimal,sha256:9208aaf56d4c062c97b60567a5b232ebf87502c7e7ee142f894a3c25ffad9275,not_run,not_run,True,False,coverage_seed_shape_only,ruleset_missing_accepted_static_row,v5.1
SEED_RS_Y2_R086_C08_MIN001,<RULE=RS_Y2_R086_C08><CELL=PG_BOOL_R086_C08><FAMILY=uuid_predicate> ('00000000-0000-4000-8000-000000000001'::uuid = '00000000-0000-4000-8000-000000000002'::uuid) OR (9 <> 62),('00000000-0000-4000-8000-000000000001'::uuid = '00000000-0000-4000-8000-000000000002'::uuid) OR (9 <> 62),<RULE=RS_Y2_R086_C08><CELL=PG_BOOL_R086_C08><FAMILY=uuid_predicate>,RS_Y2_R086_C08,PG_BOOL_R086,PG_BOOL_R086_C08,Y2_boolean_variation,Y2,uuid_predicate,uuid_predicate,(UUID = UUID) OR (INT <> INT),<|<>|=|>|OR,SLOT_Y2_R086_C08,train,ruleset_seed_minimal,sha256:7a2dce27ac89132da668411c7b370771604f4a9e9675e3c238ce7310f0911fed,not_run,not_run,True,False,coverage_seed_shape_only,ruleset_missing_accepted_static_row,v5.1
SEED_RS_Y2_R086_C09_MIN001,<RULE=RS_Y2_R086_C09><CELL=PG_BOOL_R086_C09><FAMILY=uuid_predicate> (('00000000-0000-4000-8000-000000000001'::uuid = '00000000-0000-4000-8000-000000000002'::uuid) = TRUE),(('00000000-0000-4000-8000-000000000001'::uuid = '00000000-0000-4000-8000-000000000002'::uuid) = TRUE),<RULE=RS_Y2_R086_C09><CELL=PG_BOOL_R086_C09><FAMILY=uuid_predicate>,RS_Y2_R086_C09,PG_BOOL_R086,PG_BOOL_R086_C09,Y2_boolean_variation,Y2,uuid_predicate,uuid_predicate,((UUID = UUID) = TRUE),=|TRUE,SLOT_Y2_R086_C09,train,ruleset_seed_minimal,sha256:93f1473808612c8686dea3ab0a71e5a9a2a5b9ee20ccada5ecb82b5bdda79817,not_run,not_run,True,False,coverage_seed_shape_only,ruleset_missing_accepted_static_row,v5.1
SEED_RS_Y2_R086_C10_MIN001,"<RULE=RS_Y2_R086_C10><CELL=PG_BOOL_R086_C10><FAMILY=uuid_predicate> COALESCE(('00000000-0000-4000-8000-000000000001'::uuid = '00000000-0000-4000-8000-000000000002'::uuid), FALSE)","COALESCE(('00000000-0000-4000-8000-000000000001'::uuid = '00000000-0000-4000-8000-000000000002'::uuid), FALSE)",<RULE=RS_Y2_R086_C10><CELL=PG_BOOL_R086_C10><FAMILY=uuid_predicate>,RS_Y2_R086_C10,PG_BOOL_R086,PG_BOOL_R086_C10,Y2_boolean_variation,Y2,uuid_predicate,uuid_predicate,"COALESCE((UUID = UUID), FALSE)",=|COALESCE|FALSE,SLOT_Y2_R086_C10,train,ruleset_seed_minimal,sha256:ff921a102f15e4f708d2e749934febf5b362a47e2ec3e36c106e95564ee63737,not_run,not_run,True,False,coverage_seed_shape_only,ruleset_missing_accepted_static_row,v5.1
SEED_RS_Y2_R087_C01_MIN001,<RULE=RS_Y2_R087_C01><CELL=PG_BOOL_R087_C01><FAMILY=uuid_predicate> '00000000-0000-4000-8000-000000000001'::uuid <> '00000000-0000-4000-8000-000000000002'::uuid,'00000000-0000-4000-8000-000000000001'::uuid <> '00000000-0000-4000-8000-000000000002'::uuid,<RULE=RS_Y2_R087_C01><CELL=PG_BOOL_R087_C01><FAMILY=uuid_predicate>,RS_Y2_R087_C01,PG_BOOL_R087,PG_BOOL_R087_C01,Y2_boolean_variation,Y2,uuid_predicate,uuid_predicate,UUID <> UUID,<|<>|>,SLOT_Y2_R087_C01,train,ruleset_seed_minimal,sha256:cafcdc3b045096105fcc98be48f62c341a0caf84d7e7434a84ab2145c84fc2e3,not_run,not_run,True,False,coverage_seed_shape_only,ruleset_missing_accepted_static_row,v5.1
SEED_RS_Y2_R087_C02_MIN001,<RULE=RS_Y2_R087_C02><CELL=PG_BOOL_R087_C02><FAMILY=uuid_predicate> ('00000000-0000-4000-8000-000000000001'::uuid <> '00000000-0000-4000-8000-000000000002'::uuid),('00000000-0000-4000-8000-000000000001'::uuid <> '00000000-0000-4000-8000-000000000002'::uuid),<RULE=RS_Y2_R087_C02><CELL=PG_BOOL_R087_C02><FAMILY=uuid_predicate>,RS_Y2_R087_C02,PG_BOOL_R087,PG_BOOL_R087_C02,Y2_boolean_variation,Y2,uuid_predicate,uuid_predicate,(UUID <> UUID),<|<>|>,SLOT_Y2_R087_C02,train,ruleset_seed_minimal,sha256:fc748236fa24afa3591c06b6f61fb9fadb9108ca92b7369a6727865d6f65b6bd,not_run,not_run,True,False,coverage_seed_shape_only,ruleset_missing_accepted_static_row,v5.1
SEED_RS_Y2_R087_C03_MIN001,<RULE=RS_Y2_R087_C03><CELL=PG_BOOL_R087_C03><FAMILY=uuid_predicate> NOT ('00000000-0000-4000-8000-000000000001'::uuid <> '00000000-0000-4000-8000-000000000002'::uuid),NOT ('00000000-0000-4000-8000-000000000001'::uuid <> '00000000-0000-4000-8000-000000000002'::uuid),<RULE=RS_Y2_R087_C03><CELL=PG_BOOL_R087_C03><FAMILY=uuid_predicate>,RS_Y2_R087_C03,PG_BOOL_R087,PG_BOOL_R087_C03,Y2_boolean_variation,Y2,uuid_predicate,uuid_predicate,NOT (UUID <> UUID),<|<>|>|NOT,SLOT_Y2_R087_C03,train,ruleset_seed_minimal,sha256:35eccedfe73c0cb5314b06d0e0f47589c09db97f3d03422d4eab8dd9edd7fceb,not_run,not_run,True,False,coverage_seed_shape_only,ruleset_missing_accepted_static_row,v5.1
SEED_RS_Y2_R087_C04_MIN001,<RULE=RS_Y2_R087_C04><CELL=PG_BOOL_R087_C04><FAMILY=uuid_predicate> ('00000000-0000-4000-8000-000000000001'::uuid <> '00000000-0000-4000-8000-000000000002'::uuid) IS TRUE,('00000000-0000-4000-8000-000000000001'::uuid <> '00000000-0000-4000-8000-000000000002'::uuid) IS TRUE,<RULE=RS_Y2_R087_C04><CELL=PG_BOOL_R087_C04><FAMILY=uuid_predicate>,RS_Y2_R087_C04,PG_BOOL_R087,PG_BOOL_R087_C04,Y2_boolean_variation,Y2,uuid_predicate,uuid_predicate,(UUID <> UUID) IS TRUE,<|<>|>|IS|TRUE,SLOT_Y2_R087_C04,train,ruleset_seed_minimal,sha256:fe4a9d9e75d96e804e74e0c2b5957c56a0487c83b63598dadced04305252122b,not_run,not_run,True,False,coverage_seed_shape_only,ruleset_missing_accepted_static_row,v5.1
SEED_RS_Y2_R087_C05_MIN001,<RULE=RS_Y2_R087_C05><CELL=PG_BOOL_R087_C05><FAMILY=uuid_predicate> ('00000000-0000-4000-8000-000000000001'::uuid <> '00000000-0000-4000-8000-000000000002'::uuid) IS NOT FALSE,('00000000-0000-4000-8000-000000000001'::uuid <> '00000000-0000-4000-8000-000000000002'::uuid) IS NOT FALSE,<RULE=RS_Y2_R087_C05><CELL=PG_BOOL_R087_C05><FAMILY=uuid_predicate>,RS_Y2_R087_C05,PG_BOOL_R087,PG_BOOL_R087_C05,Y2_boolean_variation,Y2,uuid_predicate,uuid_predicate,(UUID <> UUID) IS NOT FALSE,<|<>|>|FALSE|IS|NOT,SLOT_Y2_R087_C05,train,ruleset_seed_minimal,sha256:2b0d8873f8091e877bfb34e9658075811a2eb26edd99f93a2abd888658003b73,not_run,not_run,True,False,coverage_seed_shape_only,ruleset_missing_accepted_static_row,v5.1
SEED_RS_Y2_R087_C06_MIN001,<RULE=RS_Y2_R087_C06><CELL=PG_BOOL_R087_C06><FAMILY=uuid_predicate> CASE WHEN ('00000000-0000-4000-8000-000000000001'::uuid <> '00000000-0000-4000-8000-000000000002'::uuid) THEN TRUE ELSE FALSE END,CASE WHEN ('00000000-0000-4000-8000-000000000001'::uuid <> '00000000-0000-4000-8000-000000000002'::uuid) THEN TRUE ELSE FALSE END,<RULE=RS_Y2_R087_C06><CELL=PG_BOOL_R087_C06><FAMILY=uuid_predicate>,RS_Y2_R087_C06,PG_BOOL_R087,PG_BOOL_R087_C06,Y2_boolean_variation,Y2,uuid_predicate,uuid_predicate,CASE WHEN (UUID <> UUID) THEN TRUE ELSE FALSE END,<|<>|>|CASE|ELSE|END|FALSE|THEN|TRUE|WHEN,SLOT_Y2_R087_C06,train,ruleset_seed_minimal,sha256:f2d932b114d92d66eaf3500d644bd377fa8e44440773228dae820172d7ffa021,not_run,not_run,True,False,coverage_seed_shape_only,ruleset_missing_accepted_static_row,v5.1
SEED_RS_Y2_R087_C07_MIN001,<RULE=RS_Y2_R087_C07><CELL=PG_BOOL_R087_C07><FAMILY=uuid_predicate> ('00000000-0000-4000-8000-000000000001'::uuid <> '00000000-0000-4000-8000-000000000002'::uuid) AND (8 = 39),('00000000-0000-4000-8000-000000000001'::uuid <> '00000000-0000-4000-8000-000000000002'::uuid) AND (8 = 39),<RULE=RS_Y2_R087_C07><CELL=PG_BOOL_R087_C07><FAMILY=uuid_predicate>,RS_Y2_R087_C07,PG_BOOL_R087,PG_BOOL_R087_C07,Y2_boolean_variation,Y2,uuid_predicate,uuid_predicate,(UUID <> UUID) AND (INT = INT),<|<>|=|>|AND,SLOT_Y2_R087_C07,train,ruleset_seed_minimal,sha256:6a18f2e74b6e2758097caddea07bd944258ba217bbedf8ae130a856991e2aa07,not_run,not_run,True,False,coverage_seed_shape_only,ruleset_missing_accepted_static_row,v5.1
SEED_RS_Y2_R087_C08_MIN001,<RULE=RS_Y2_R087_C08><CELL=PG_BOOL_R087_C08><FAMILY=uuid_predicate> ('00000000-0000-4000-8000-000000000001'::uuid <> '00000000-0000-4000-8000-000000000002'::uuid) OR (5 <> 88),('00000000-0000-4000-8000-000000000001'::uuid <> '00000000-0000-4000-8000-000000000002'::uuid) OR (5 <> 88),<RULE=RS_Y2_R087_C08><CELL=PG_BOOL_R087_C08><FAMILY=uuid_predicate>,RS_Y2_R087_C08,PG_BOOL_R087,PG_BOOL_R087_C08,Y2_boolean_variation,Y2,uuid_predicate,uuid_predicate,(UUID <> UUID) OR (INT <> INT),<|<>|>|OR,SLOT_Y2_R087_C08,train,ruleset_seed_minimal,sha256:14be33d15a7c21d51f7805fdc1481548d4eda19477045efff7e6406da577afe3,not_run,not_run,True,False,coverage_seed_shape_only,ruleset_missing_accepted_static_row,v5.1
SEED_RS_Y2_R087_C09_MIN001,<RULE=RS_Y2_R087_C09><CELL=PG_BOOL_R087_C09><FAMILY=uuid_predicate> (('00000000-0000-4000-8000-000000000001'::uuid <> '00000000-0000-4000-8000-000000000002'::uuid) = TRUE),(('00000000-0000-4000-8000-000000000001'::uuid <> '00000000-0000-4000-8000-000000000002'::uuid) = TRUE),<RULE=RS_Y2_R087_C09><CELL=PG_BOOL_R087_C09><FAMILY=uuid_predicate>,RS_Y2_R087_C09,PG_BOOL_R087,PG_BOOL_R087_C09,Y2_boolean_variation,Y2,uuid_predicate,uuid_predicate,((UUID <> UUID) = TRUE),<|<>|=|>|TRUE,SLOT_Y2_R087_C09,train,ruleset_seed_minimal,sha256:f2ff31bccfe09b42b9ebf4b792a85856df8ad315002c7abadc843ad3a99c9d44,not_run,not_run,True,False,coverage_seed_shape_only,ruleset_missing_accepted_static_row,v5.1
SEED_RS_Y2_R087_C10_MIN001,"<RULE=RS_Y2_R087_C10><CELL=PG_BOOL_R087_C10><FAMILY=uuid_predicate> COALESCE(('00000000-0000-4000-8000-000000000001'::uuid <> '00000000-0000-4000-8000-000000000002'::uuid), FALSE)","COALESCE(('00000000-0000-4000-8000-000000000001'::uuid <> '00000000-0000-4000-8000-000000000002'::uuid), FALSE)",<RULE=RS_Y2_R087_C10><CELL=PG_BOOL_R087_C10><FAMILY=uuid_predicate>,RS_Y2_R087_C10,PG_BOOL_R087,PG_BOOL_R087_C10,Y2_boolean_variation,Y2,uuid_predicate,uuid_predicate,"COALESCE((UUID <> UUID), FALSE)",<|<>|>|COALESCE|FALSE,SLOT_Y2_R087_C10,train,ruleset_seed_minimal,sha256:53b5a9ce35c480e25906ae17cf00d059a4aa4e0f078619391bfa7fe74e4fc9bf,not_run,not_run,True,False,coverage_seed_shape_only,ruleset_missing_accepted_static_row,v5.1
SEED_RS_Y2_R088_C01_MIN001,<RULE=RS_Y2_R088_C01><CELL=PG_BOOL_R088_C01><FAMILY=uuid_predicate> '00000000-0000-4000-8000-000000000001'::uuid IS NOT DISTINCT FROM '00000000-0000-4000-8000-000000000002'::uuid,'00000000-0000-4000-8000-000000000001'::uuid IS NOT DISTINCT FROM '00000000-0000-4000-8000-000000000002'::uuid,<RULE=RS_Y2_R088_C01><CELL=PG_BOOL_R088_C01><FAMILY=uuid_predicate>,RS_Y2_R088_C01,PG_BOOL_R088,PG_BOOL_R088_C01,Y2_boolean_variation,Y2,uuid_predicate,uuid_predicate,UUID IS NOT DISTINCT FROM UUID,DISTINCT|FROM|IS|NOT,SLOT_Y2_R088_C01,train,ruleset_seed_minimal,sha256:9e3cd4e9496d5fa8a02592688122d9c9d6e18926e9ff91e99ebaa22f5273b673,not_run,not_run,True,False,coverage_seed_shape_only,ruleset_missing_accepted_static_row,v5.1
SEED_RS_Y2_R088_C02_MIN001,<RULE=RS_Y2_R088_C02><CELL=PG_BOOL_R088_C02><FAMILY=uuid_predicate> ('00000000-0000-4000-8000-000000000001'::uuid IS NOT DISTINCT FROM '00000000-0000-4000-8000-000000000002'::uuid),('00000000-0000-4000-8000-000000000001'::uuid IS NOT DISTINCT FROM '00000000-0000-4000-8000-000000000002'::uuid),<RULE=RS_Y2_R088_C02><CELL=PG_BOOL_R088_C02><FAMILY=uuid_predicate>,RS_Y2_R088_C02,PG_BOOL_R088,PG_BOOL_R088_C02,Y2_boolean_variation,Y2,uuid_predicate,uuid_predicate,(UUID IS NOT DISTINCT FROM UUID),DISTINCT|FROM|IS|NOT,SLOT_Y2_R088_C02,train,ruleset_seed_minimal,sha256:2f72f85ce707dfaa37553c5d0a5e55535b862709e28d1e85ed83433fa0f01926,not_run,not_run,True,False,coverage_seed_shape_only,ruleset_missing_accepted_static_row,v5.1
SEED_RS_Y2_R088_C03_MIN001,<RULE=RS_Y2_R088_C03><CELL=PG_BOOL_R088_C03><FAMILY=uuid_predicate> NOT ('00000000-0000-4000-8000-000000000001'::uuid IS DISTINCT FROM '00000000-0000-4000-8000-000000000002'::uuid),NOT ('00000000-0000-4000-8000-000000000001'::uuid IS DISTINCT FROM '00000000-0000-4000-8000-000000000002'::uuid),<RULE=RS_Y2_R088_C03><CELL=PG_BOOL_R088_C03><FAMILY=uuid_predicate>,RS_Y2_R088_C03,PG_BOOL_R088,PG_BOOL_R088_C03,Y2_boolean_variation,Y2,uuid_predicate,uuid_predicate,NOT (UUID IS DISTINCT FROM UUID),DISTINCT|FROM|IS|NOT,SLOT_Y2_R088_C03,train,ruleset_seed_minimal,sha256:6a842f67e4207703508384bbfa8167d77b6048ac7d74d825d790b93eb7f5ee3b,not_run,not_run,True,False,coverage_seed_shape_only,ruleset_missing_accepted_static_row,v5.1
SEED_RS_Y2_R088_C04_MIN001,<RULE=RS_Y2_R088_C04><CELL=PG_BOOL_R088_C04><FAMILY=uuid_predicate> ('00000000-0000-4000-8000-000000000001'::uuid IS NOT DISTINCT FROM '00000000-0000-4000-8000-000000000002'::uuid) IS TRUE,('00000000-0000-4000-8000-000000000001'::uuid IS NOT DISTINCT FROM '00000000-0000-4000-8000-000000000002'::uuid) IS TRUE,<RULE=RS_Y2_R088_C04><CELL=PG_BOOL_R088_C04><FAMILY=uuid_predicate>,RS_Y2_R088_C04,PG_BOOL_R088,PG_BOOL_R088_C04,Y2_boolean_variation,Y2,uuid_predicate,uuid_predicate,(UUID IS NOT DISTINCT FROM UUID) IS TRUE,DISTINCT|FROM|IS|NOT|TRUE,SLOT_Y2_R088_C04,train,ruleset_seed_minimal,sha256:1d7374cf270b58df00f2ccf977ac1a13d685a31857e727fd549b05b80ddeb403,not_run,not_run,True,False,coverage_seed_shape_only,ruleset_missing_accepted_static_row,v5.1
SEED_RS_Y2_R088_C05_MIN001,<RULE=RS_Y2_R088_C05><CELL=PG_BOOL_R088_C05><FAMILY=uuid_predicate> ('00000000-0000-4000-8000-000000000001'::uuid IS NOT DISTINCT FROM '00000000-0000-4000-8000-000000000002'::uuid) IS NOT FALSE,('00000000-0000-4000-8000-000000000001'::uuid IS NOT DISTINCT FROM '00000000-0000-4000-8000-000000000002'::uuid) IS NOT FALSE,<RULE=RS_Y2_R088_C05><CELL=PG_BOOL_R088_C05><FAMILY=uuid_predicate>,RS_Y2_R088_C05,PG_BOOL_R088,PG_BOOL_R088_C05,Y2_boolean_variation,Y2,uuid_predicate,uuid_predicate,(UUID IS NOT DISTINCT FROM UUID) IS NOT FALSE,DISTINCT|FALSE|FROM|IS|NOT,SLOT_Y2_R088_C05,train,ruleset_seed_minimal,sha256:31b426c1144ada41b23bb612a6e1953de7fa0791890f508da98e1e32ad77a3f7,not_run,not_run,True,False,coverage_seed_shape_only,ruleset_missing_accepted_static_row,v5.1
SEED_RS_Y2_R088_C06_MIN001,<RULE=RS_Y2_R088_C06><CELL=PG_BOOL_R088_C06><FAMILY=uuid_predicate> CASE WHEN ('00000000-0000-4000-8000-000000000001'::uuid IS NOT DISTINCT FROM '00000000-0000-4000-8000-000000000002'::uuid) THEN TRUE ELSE FALSE END,CASE WHEN ('00000000-0000-4000-8000-000000000001'::uuid IS NOT DISTINCT FROM '00000000-0000-4000-8000-000000000002'::uuid) THEN TRUE ELSE FALSE END,<RULE=RS_Y2_R088_C06><CELL=PG_BOOL_R088_C06><FAMILY=uuid_predicate>,RS_Y2_R088_C06,PG_BOOL_R088,PG_BOOL_R088_C06,Y2_boolean_variation,Y2,uuid_predicate,uuid_predicate,CASE WHEN (UUID IS NOT DISTINCT FROM UUID) THEN TRUE ELSE FALSE END,CASE|DISTINCT|ELSE|END|FALSE|FROM|IS|NOT|THEN|TRUE|WHEN,SLOT_Y2_R088_C06,train,ruleset_seed_minimal,sha256:b488735715445185f6588a1d5068e6a827381d03168b06267df4420252d1ce91,not_run,not_run,True,False,coverage_seed_shape_only,ruleset_missing_accepted_static_row,v5.1
SEED_RS_Y2_R088_C07_MIN001,<RULE=RS_Y2_R088_C07><CELL=PG_BOOL_R088_C07><FAMILY=uuid_predicate> ('00000000-0000-4000-8000-000000000001'::uuid IS NOT DISTINCT FROM '00000000-0000-4000-8000-000000000002'::uuid) AND (8 = 59),('00000000-0000-4000-8000-000000000001'::uuid IS NOT DISTINCT FROM '00000000-0000-4000-8000-000000000002'::uuid) AND (8 = 59),<RULE=RS_Y2_R088_C07><CELL=PG_BOOL_R088_C07><FAMILY=uuid_predicate>,RS_Y2_R088_C07,PG_BOOL_R088,PG_BOOL_R088_C07,Y2_boolean_variation,Y2,uuid_predicate,uuid_predicate,(UUID IS NOT DISTINCT FROM UUID) AND (INT = INT),=|AND|DISTINCT|FROM|IS|NOT,SLOT_Y2_R088_C07,train,ruleset_seed_minimal,sha256:c1448e9f3ce56ee81101f2696b76e12a5701240bde7f29cf210906cff800e785,not_run,not_run,True,False,coverage_seed_shape_only,ruleset_missing_accepted_static_row,v5.1
SEED_RS_Y2_R088_C08_MIN001,<RULE=RS_Y2_R088_C08><CELL=PG_BOOL_R088_C08><FAMILY=uuid_predicate> ('00000000-0000-4000-8000-000000000001'::uuid IS NOT DISTINCT FROM '00000000-0000-4000-8000-000000000002'::uuid) OR (3 <> 39),('00000000-0000-4000-8000-000000000001'::uuid IS NOT DISTINCT FROM '00000000-0000-4000-8000-000000000002'::uuid) OR (3 <> 39),<RULE=RS_Y2_R088_C08><CELL=PG_BOOL_R088_C08><FAMILY=uuid_predicate>,RS_Y2_R088_C08,PG_BOOL_R088,PG_BOOL_R088_C08,Y2_boolean_variation,Y2,uuid_predicate,uuid_predicate,(UUID IS NOT DISTINCT FROM UUID) OR (INT <> INT),<|<>|>|DISTINCT|FROM|IS|NOT|OR,SLOT_Y2_R088_C08,train,ruleset_seed_minimal,sha256:8f3fa89c6d4cb11b19b284f0daceff44d8411c3d3848c2a24b1f3c299df52fe3,not_run,not_run,True,False,coverage_seed_shape_only,ruleset_missing_accepted_static_row,v5.1
SEED_RS_Y2_R088_C09_MIN001,<RULE=RS_Y2_R088_C09><CELL=PG_BOOL_R088_C09><FAMILY=uuid_predicate> (('00000000-0000-4000-8000-000000000001'::uuid IS NOT DISTINCT FROM '00000000-0000-4000-8000-000000000002'::uuid) = TRUE),(('00000000-0000-4000-8000-000000000001'::uuid IS NOT DISTINCT FROM '00000000-0000-4000-8000-000000000002'::uuid) = TRUE),<RULE=RS_Y2_R088_C09><CELL=PG_BOOL_R088_C09><FAMILY=uuid_predicate>,RS_Y2_R088_C09,PG_BOOL_R088,PG_BOOL_R088_C09,Y2_boolean_variation,Y2,uuid_predicate,uuid_predicate,((UUID IS NOT DISTINCT FROM UUID) = TRUE),=|DISTINCT|FROM|IS|NOT|TRUE,SLOT_Y2_R088_C09,train,ruleset_seed_minimal,sha256:5a89fb88db6c9befc7bbdc6dfc84fadb2ef61517d49487f18d94acface2e47f9,not_run,not_run,True,False,coverage_seed_shape_only,ruleset_missing_accepted_static_row,v5.1
SEED_RS_Y2_R088_C10_MIN001,"<RULE=RS_Y2_R088_C10><CELL=PG_BOOL_R088_C10><FAMILY=uuid_predicate> COALESCE(('00000000-0000-4000-8000-000000000001'::uuid IS NOT DISTINCT FROM '00000000-0000-4000-8000-000000000002'::uuid), FALSE)","COALESCE(('00000000-0000-4000-8000-000000000001'::uuid IS NOT DISTINCT FROM '00000000-0000-4000-8000-000000000002'::uuid), FALSE)",<RULE=RS_Y2_R088_C10><CELL=PG_BOOL_R088_C10><FAMILY=uuid_predicate>,RS_Y2_R088_C10,PG_BOOL_R088,PG_BOOL_R088_C10,Y2_boolean_variation,Y2,uuid_predicate,uuid_predicate,"COALESCE((UUID IS NOT DISTINCT FROM UUID), FALSE)",COALESCE|DISTINCT|FALSE|FROM|IS|NOT,SLOT_Y2_R088_C10,train,ruleset_seed_minimal,sha256:8ed85e8951aa46fae9838199d230b369f834a611e1c409f138f963b30ce0fe26,not_run,not_run,True,False,coverage_seed_shape_only,ruleset_missing_accepted_static_row,v5.1
SEED_RS_Y2_R089_C01_MIN001,<RULE=RS_Y2_R089_C01><CELL=PG_BOOL_R089_C01><FAMILY=uuid_predicate> '00000000-0000-4000-8000-000000000001'::uuid LIKE 'alpha','00000000-0000-4000-8000-000000000001'::uuid LIKE 'alpha',<RULE=RS_Y2_R089_C01><CELL=PG_BOOL_R089_C01><FAMILY=uuid_predicate>,RS_Y2_R089_C01,PG_BOOL_R089,PG_BOOL_R089_C01,Y2_boolean_variation,Y2,uuid_predicate,uuid_predicate,UUID LIKE STR,LIKE,SLOT_Y2_R089_C01,train,ruleset_seed_minimal,sha256:79dbfadb0205e3899c825eb05ce95f033a59ee5213cc361f58406cdfbdbd7b57,not_run,not_run,True,False,coverage_seed_shape_only,ruleset_missing_accepted_static_row,v5.1
SEED_RS_Y2_R089_C02_MIN001,<RULE=RS_Y2_R089_C02><CELL=PG_BOOL_R089_C02><FAMILY=uuid_predicate> ('00000000-0000-4000-8000-000000000001'::uuid LIKE 'alpha'),('00000000-0000-4000-8000-000000000001'::uuid LIKE 'alpha'),<RULE=RS_Y2_R089_C02><CELL=PG_BOOL_R089_C02><FAMILY=uuid_predicate>,RS_Y2_R089_C02,PG_BOOL_R089,PG_BOOL_R089_C02,Y2_boolean_variation,Y2,uuid_predicate,uuid_predicate,(UUID LIKE STR),LIKE,SLOT_Y2_R089_C02,train,ruleset_seed_minimal,sha256:27fdfb2a2dda06f05b203565349509bfc0d7ea012647338cb9d8d1023521261d,not_run,not_run,True,False,coverage_seed_shape_only,ruleset_missing_accepted_static_row,v5.1
SEED_RS_Y2_R089_C03_MIN001,<RULE=RS_Y2_R089_C03><CELL=PG_BOOL_R089_C03><FAMILY=uuid_predicate> NOT ('00000000-0000-4000-8000-000000000001'::uuid LIKE 'alpha'),NOT ('00000000-0000-4000-8000-000000000001'::uuid LIKE 'alpha'),<RULE=RS_Y2_R089_C03><CELL=PG_BOOL_R089_C03><FAMILY=uuid_predicate>,RS_Y2_R089_C03,PG_BOOL_R089,PG_BOOL_R089_C03,Y2_boolean_variation,Y2,uuid_predicate,uuid_predicate,NOT (UUID LIKE STR),LIKE|NOT,SLOT_Y2_R089_C03,train,ruleset_seed_minimal,sha256:c8bb1286af0bbc8fc65e6cb239ba368830455e46851cbad9831ae1810d694c60,not_run,not_run,True,False,coverage_seed_shape_only,ruleset_missing_accepted_static_row,v5.1
SEED_RS_Y2_R089_C04_MIN001,<RULE=RS_Y2_R089_C04><CELL=PG_BOOL_R089_C04><FAMILY=uuid_predicate> ('00000000-0000-4000-8000-000000000001'::uuid LIKE 'alpha') IS TRUE,('00000000-0000-4000-8000-000000000001'::uuid LIKE 'alpha') IS TRUE,<RULE=RS_Y2_R089_C04><CELL=PG_BOOL_R089_C04><FAMILY=uuid_predicate>,RS_Y2_R089_C04,PG_BOOL_R089,PG_BOOL_R089_C04,Y2_boolean_variation,Y2,uuid_predicate,uuid_predicate,(UUID LIKE STR) IS TRUE,IS|LIKE|TRUE,SLOT_Y2_R089_C04,train,ruleset_seed_minimal,sha256:dc5166f75909965674768bd3bf4cd83a85be20ae8f01c9ed478008b91db8e46a,not_run,not_run,True,False,coverage_seed_shape_only,ruleset_missing_accepted_static_row,v5.1
SEED_RS_Y2_R089_C05_MIN001,<RULE=RS_Y2_R089_C05><CELL=PG_BOOL_R089_C05><FAMILY=uuid_predicate> ('00000000-0000-4000-8000-000000000001'::uuid LIKE 'alpha') IS NOT FALSE,('00000000-0000-4000-8000-000000000001'::uuid LIKE 'alpha') IS NOT FALSE,<RULE=RS_Y2_R089_C05><CELL=PG_BOOL_R089_C05><FAMILY=uuid_predicate>,RS_Y2_R089_C05,PG_BOOL_R089,PG_BOOL_R089_C05,Y2_boolean_variation,Y2,uuid_predicate,uuid_predicate,(UUID LIKE STR) IS NOT FALSE,FALSE|IS|LIKE|NOT,SLOT_Y2_R089_C05,train,ruleset_seed_minimal,sha256:e26f34a34d84915faad10cdc807317250f7f7542d1c4f46279ad30b7916a0655,not_run,not_run,True,False,coverage_seed_shape_only,ruleset_missing_accepted_static_row,v5.1
SEED_RS_Y2_R089_C06_MIN001,<RULE=RS_Y2_R089_C06><CELL=PG_BOOL_R089_C06><FAMILY=uuid_predicate> CASE WHEN ('00000000-0000-4000-8000-000000000001'::uuid LIKE 'alpha') THEN TRUE ELSE FALSE END,CASE WHEN ('00000000-0000-4000-8000-000000000001'::uuid LIKE 'alpha') THEN TRUE ELSE FALSE END,<RULE=RS_Y2_R089_C06><CELL=PG_BOOL_R089_C06><FAMILY=uuid_predicate>,RS_Y2_R089_C06,PG_BOOL_R089,PG_BOOL_R089_C06,Y2_boolean_variation,Y2,uuid_predicate,uuid_predicate,CASE WHEN (UUID LIKE STR) THEN TRUE ELSE FALSE END,CASE|ELSE|END|FALSE|LIKE|THEN|TRUE|WHEN,SLOT_Y2_R089_C06,train,ruleset_seed_minimal,sha256:581b1004c48ce3c6d67810531224489e09721aa5fc8debd9792078454d21345c,not_run,not_run,True,False,coverage_seed_shape_only,ruleset_missing_accepted_static_row,v5.1
SEED_RS_Y2_R089_C07_MIN001,<RULE=RS_Y2_R089_C07><CELL=PG_BOOL_R089_C07><FAMILY=uuid_predicate> ('00000000-0000-4000-8000-000000000001'::uuid LIKE 'alpha') AND (2 = 37),('00000000-0000-4000-8000-000000000001'::uuid LIKE 'alpha') AND (2 = 37),<RULE=RS_Y2_R089_C07><CELL=PG_BOOL_R089_C07><FAMILY=uuid_predicate>,RS_Y2_R089_C07,PG_BOOL_R089,PG_BOOL_R089_C07,Y2_boolean_variation,Y2,uuid_predicate,uuid_predicate,(UUID LIKE STR) AND (INT = INT),=|AND|LIKE,SLOT_Y2_R089_C07,train,ruleset_seed_minimal,sha256:b94fbc7693f1abfe48fe5c7ca0b4f8871dc80b6ee398937924d39fbb9a796798,not_run,not_run,True,False,coverage_seed_shape_only,ruleset_missing_accepted_static_row,v5.1
SEED_RS_Y2_R089_C08_MIN001,<RULE=RS_Y2_R089_C08><CELL=PG_BOOL_R089_C08><FAMILY=uuid_predicate> ('00000000-0000-4000-8000-000000000001'::uuid LIKE 'alpha') OR (7 <> 57),('00000000-0000-4000-8000-000000000001'::uuid LIKE 'alpha') OR (7 <> 57),<RULE=RS_Y2_R089_C08><CELL=PG_BOOL_R089_C08><FAMILY=uuid_predicate>,RS_Y2_R089_C08,PG_BOOL_R089,PG_BOOL_R089_C08,Y2_boolean_variation,Y2,uuid_predicate,uuid_predicate,(UUID LIKE STR) OR (INT <> INT),<|<>|>|LIKE|OR,SLOT_Y2_R089_C08,train,ruleset_seed_minimal,sha256:83bc86dbc417c42cfee83725e67c96be6fe21a4eb7d2d911213831b3833cfc48,not_run,not_run,True,False,coverage_seed_shape_only,ruleset_missing_accepted_static_row,v5.1
SEED_RS_Y2_R089_C09_MIN001,<RULE=RS_Y2_R089_C09><CELL=PG_BOOL_R089_C09><FAMILY=uuid_predicate> (('00000000-0000-4000-8000-000000000001'::uuid LIKE 'alpha') = TRUE),(('00000000-0000-4000-8000-000000000001'::uuid LIKE 'alpha') = TRUE),<RULE=RS_Y2_R089_C09><CELL=PG_BOOL_R089_C09><FAMILY=uuid_predicate>,RS_Y2_R089_C09,PG_BOOL_R089,PG_BOOL_R089_C09,Y2_boolean_variation,Y2,uuid_predicate,uuid_predicate,((UUID LIKE STR) = TRUE),=|LIKE|TRUE,SLOT_Y2_R089_C09,train,ruleset_seed_minimal,sha256:d47637644bff0bdcacb3dc133665973555fd2e41d968dce30917a56e733dc380,not_run,not_run,True,False,coverage_seed_shape_only,ruleset_missing_accepted_static_row,v5.1
SEED_RS_Y2_R089_C10_MIN001,"<RULE=RS_Y2_R089_C10><CELL=PG_BOOL_R089_C10><FAMILY=uuid_predicate> COALESCE(('00000000-0000-4000-8000-000000000001'::uuid LIKE 'alpha'), FALSE)","COALESCE(('00000000-0000-4000-8000-000000000001'::uuid LIKE 'alpha'), FALSE)",<RULE=RS_Y2_R089_C10><CELL=PG_BOOL_R089_C10><FAMILY=uuid_predicate>,RS_Y2_R089_C10,PG_BOOL_R089,PG_BOOL_R089_C10,Y2_boolean_variation,Y2,uuid_predicate,uuid_predicate,"COALESCE((UUID LIKE STR), FALSE)",COALESCE|FALSE|LIKE,SLOT_Y2_R089_C10,train,ruleset_seed_minimal,sha256:fc6af506c0561ce44805b82868890fcf5f87097ea1d6fd3359f8349bbc2df761,not_run,not_run,True,False,coverage_seed_shape_only,ruleset_missing_accepted_static_row,v5.1
SEED_RS_Y2_R090_C01_MIN001,<RULE=RS_Y2_R090_C01><CELL=PG_BOOL_R090_C01><FAMILY=uuid_predicate> LENGTH('00000000-0000-4000-8000-000000000001'::uuid) = 8,LENGTH('00000000-0000-4000-8000-000000000001'::uuid) = 8,<RULE=RS_Y2_R090_C01><CELL=PG_BOOL_R090_C01><FAMILY=uuid_predicate>,RS_Y2_R090_C01,PG_BOOL_R090,PG_BOOL_R090_C01,Y2_boolean_variation,Y2,uuid_predicate,uuid_predicate,LENGTH(UUID) = INT,=,SLOT_Y2_R090_C01,train,ruleset_seed_minimal,sha256:acfae10f5e6d861bfed7437207d15c51e9ae9a32496f69e68bcf96417d3aa481,not_run,not_run,True,False,coverage_seed_shape_only,ruleset_missing_accepted_static_row,v5.1
SEED_RS_Y2_R090_C02_MIN001,<RULE=RS_Y2_R090_C02><CELL=PG_BOOL_R090_C02><FAMILY=uuid_predicate> (LENGTH('00000000-0000-4000-8000-000000000001'::uuid) = 6),(LENGTH('00000000-0000-4000-8000-000000000001'::uuid) = 6),<RULE=RS_Y2_R090_C02><CELL=PG_BOOL_R090_C02><FAMILY=uuid_predicate>,RS_Y2_R090_C02,PG_BOOL_R090,PG_BOOL_R090_C02,Y2_boolean_variation,Y2,uuid_predicate,uuid_predicate,(LENGTH(UUID) = INT),=,SLOT_Y2_R090_C02,train,ruleset_seed_minimal,sha256:ff3698569489469c4832773b12574e1746b79f0373c4bd518362434ed1817fd7,not_run,not_run,True,False,coverage_seed_shape_only,ruleset_missing_accepted_static_row,v5.1
SEED_RS_Y2_R090_C03_MIN001,<RULE=RS_Y2_R090_C03><CELL=PG_BOOL_R090_C03><FAMILY=uuid_predicate> NOT (LENGTH('00000000-0000-4000-8000-000000000001'::uuid) = 3),NOT (LENGTH('00000000-0000-4000-8000-000000000001'::uuid) = 3),<RULE=RS_Y2_R090_C03><CELL=PG_BOOL_R090_C03><FAMILY=uuid_predicate>,RS_Y2_R090_C03,PG_BOOL_R090,PG_BOOL_R090_C03,Y2_boolean_variation,Y2,uuid_predicate,uuid_predicate,NOT (LENGTH(UUID) = INT),=|NOT,SLOT_Y2_R090_C03,train,ruleset_seed_minimal,sha256:bcd8e5c18e554e2e6bca1813343392336e7d5f458f1f8dded0423287212ca06f,not_run,not_run,True,False,coverage_seed_shape_only,ruleset_missing_accepted_static_row,v5.1
SEED_RS_Y2_R090_C04_MIN001,<RULE=RS_Y2_R090_C04><CELL=PG_BOOL_R090_C04><FAMILY=uuid_predicate> (LENGTH('00000000-0000-4000-8000-000000000001'::uuid) = 9) IS TRUE,(LENGTH('00000000-0000-4000-8000-000000000001'::uuid) = 9) IS TRUE,<RULE=RS_Y2_R090_C04><CELL=PG_BOOL_R090_C04><FAMILY=uuid_predicate>,RS_Y2_R090_C04,PG_BOOL_R090,PG_BOOL_R090_C04,Y2_boolean_variation,Y2,uuid_predicate,uuid_predicate,(LENGTH(UUID) = INT) IS TRUE,=|IS|TRUE,SLOT_Y2_R090_C04,train,ruleset_seed_minimal,sha256:6b3b12885d73e0d7a5af143fb482d1f88d3bcaf13a1d92bcd6da9802700d6e5f,not_run,not_run,True,False,coverage_seed_shape_only,ruleset_missing_accepted_static_row,v5.1
SEED_RS_Y2_R090_C05_MIN001,<RULE=RS_Y2_R090_C05><CELL=PG_BOOL_R090_C05><FAMILY=uuid_predicate> (LENGTH('00000000-0000-4000-8000-000000000001'::uuid) = 7) IS NOT FALSE,(LENGTH('00000000-0000-4000-8000-000000000001'::uuid) = 7) IS NOT FALSE,<RULE=RS_Y2_R090_C05><CELL=PG_BOOL_R090_C05><FAMILY=uuid_predicate>,RS_Y2_R090_C05,PG_BOOL_R090,PG_BOOL_R090_C05,Y2_boolean_variation,Y2,uuid_predicate,uuid_predicate,(LENGTH(UUID) = INT) IS NOT FALSE,=|FALSE|IS|NOT,SLOT_Y2_R090_C05,train,ruleset_seed_minimal,sha256:d6052bfd2f62c10c4e8c3867e433019cc6dba12a10df3bbfca55f368a8421fe0,not_run,not_run,True,False,coverage_seed_shape_only,ruleset_missing_accepted_static_row,v5.1
SEED_RS_Y2_R090_C06_MIN001,<RULE=RS_Y2_R090_C06><CELL=PG_BOOL_R090_C06><FAMILY=uuid_predicate> CASE WHEN (LENGTH('00000000-0000-4000-8000-000000000001'::uuid) = 1) THEN TRUE ELSE FALSE END,CASE WHEN (LENGTH('00000000-0000-4000-8000-000000000001'::uuid) = 1) THEN TRUE ELSE FALSE END,<RULE=RS_Y2_R090_C06><CELL=PG_BOOL_R090_C06><FAMILY=uuid_predicate>,RS_Y2_R090_C06,PG_BOOL_R090,PG_BOOL_R090_C06,Y2_boolean_variation,Y2,uuid_predicate,uuid_predicate,CASE WHEN (LENGTH(UUID) = INT) THEN TRUE ELSE FALSE END,=|CASE|ELSE|END|FALSE|THEN|TRUE|WHEN,SLOT_Y2_R090_C06,train,ruleset_seed_minimal,sha256:a4d3c428befc13a069c8e9ca851ca9d70d16e686cba7ee75f8c1ec6f668e6dd9,not_run,not_run,True,False,coverage_seed_shape_only,ruleset_missing_accepted_static_row,v5.1
SEED_RS_Y2_R090_C07_MIN001,<RULE=RS_Y2_R090_C07><CELL=PG_BOOL_R090_C07><FAMILY=uuid_predicate> (LENGTH('00000000-0000-4000-8000-000000000001'::uuid) = 2) AND (61 = 9),(LENGTH('00000000-0000-4000-8000-000000000001'::uuid) = 2) AND (61 = 9),<RULE=RS_Y2_R090_C07><CELL=PG_BOOL_R090_C07><FAMILY=uuid_predicate>,RS_Y2_R090_C07,PG_BOOL_R090,PG_BOOL_R090_C07,Y2_boolean_variation,Y2,uuid_predicate,uuid_predicate,(LENGTH(UUID) = INT) AND (INT = INT),=|AND,SLOT_Y2_R090_C07,train,ruleset_seed_minimal,sha256:4e0fd778a87ac4087af33f060840321451dc58c8a5d3aab28e06393305a992c1,not_run,not_run,True,False,coverage_seed_shape_only,ruleset_missing_accepted_static_row,v5.1
SEED_RS_Y2_R090_C08_MIN001,<RULE=RS_Y2_R090_C08><CELL=PG_BOOL_R090_C08><FAMILY=uuid_predicate> (LENGTH('00000000-0000-4000-8000-000000000001'::uuid) = 4) OR (21 <> 6),(LENGTH('00000000-0000-4000-8000-000000000001'::uuid) = 4) OR (21 <> 6),<RULE=RS_Y2_R090_C08><CELL=PG_BOOL_R090_C08><FAMILY=uuid_predicate>,RS_Y2_R090_C08,PG_BOOL_R090,PG_BOOL_R090_C08,Y2_boolean_variation,Y2,uuid_predicate,uuid_predicate,(LENGTH(UUID) = INT) OR (INT <> INT),<|<>|=|>|OR,SLOT_Y2_R090_C08,train,ruleset_seed_minimal,sha256:1b807f23b15d8d0117eb5f570e63743eef6382a91a9bab6127fe4c6573a039d2,not_run,not_run,True,False,coverage_seed_shape_only,ruleset_missing_accepted_static_row,v5.1
SEED_RS_Y2_R090_C09_MIN001,<RULE=RS_Y2_R090_C09><CELL=PG_BOOL_R090_C09><FAMILY=uuid_predicate> ((LENGTH('00000000-0000-4000-8000-000000000001'::uuid) = 6) = TRUE),((LENGTH('00000000-0000-4000-8000-000000000001'::uuid) = 6) = TRUE),<RULE=RS_Y2_R090_C09><CELL=PG_BOOL_R090_C09><FAMILY=uuid_predicate>,RS_Y2_R090_C09,PG_BOOL_R090,PG_BOOL_R090_C09,Y2_boolean_variation,Y2,uuid_predicate,uuid_predicate,((LENGTH(UUID) = INT) = TRUE),=|TRUE,SLOT_Y2_R090_C09,train,ruleset_seed_minimal,sha256:28020fc2389e6ddb66fe298a70ead71f9f21c2aa2b95429833871b833bc8ac8d,not_run,not_run,True,False,coverage_seed_shape_only,ruleset_missing_accepted_static_row,v5.1
SEED_RS_Y2_R090_C10_MIN001,"<RULE=RS_Y2_R090_C10><CELL=PG_BOOL_R090_C10><FAMILY=uuid_predicate> COALESCE((LENGTH('00000000-0000-4000-8000-000000000001'::uuid) = 7), FALSE)","COALESCE((LENGTH('00000000-0000-4000-8000-000000000001'::uuid) = 7), FALSE)",<RULE=RS_Y2_R090_C10><CELL=PG_BOOL_R090_C10><FAMILY=uuid_predicate>,RS_Y2_R090_C10,PG_BOOL_R090,PG_BOOL_R090_C10,Y2_boolean_variation,Y2,uuid_predicate,uuid_predicate,"COALESCE((LENGTH(UUID) = INT), FALSE)",=|COALESCE|FALSE,SLOT_Y2_R090_C10,train,ruleset_seed_minimal,sha256:43cccf135ab7e20d82d36f68cdf19b559a32acf3896ce2652a071f48125a215f,not_run,not_run,True,False,coverage_seed_shape_only,ruleset_missing_accepted_static_row,v5.1
SEED_RS_Y2_R091_C01_MIN001,"<RULE=RS_Y2_R091_C01><CELL=PG_BOOL_R091_C01><FAMILY=full_text_predicate> TO_TSVECTOR('alpha', 'beta') @@ PLA6O_TSQUERY('user1', 'ok')","TO_TSVECTOR('alpha', 'beta') @@ PLA6O_TSQUERY('user1', 'ok')",<RULE=RS_Y2_R091_C01><CELL=PG_BOOL_R091_C01><FAMILY=full_text_predicate>,RS_Y2_R091_C01,PG_BOOL_R091,PG_BOOL_R091_C01,Y2_boolean_variation,Y2,full_text_predicate,full_text_predicate,"TO_TSVECTOR(STR, STR) @@ PLAINTO_TSQUERY(STR, STR)",@@,SLOT_Y2_R091_C01,train,ruleset_seed_minimal,sha256:22cbdf4f7f67218620947fd8bfd6dd49a2477087309ff376d9df4fa584b26f92,not_run,not_run,True,False,coverage_seed_shape_only,ruleset_missing_accepted_static_row,v5.1
SEED_RS_Y2_R091_C02_MIN001,"<RULE=RS_Y2_R091_C02><CELL=PG_BOOL_R091_C02><FAMILY=full_text_predicate> (TO_TSVECTOR('alpha', 'beta') @@ PLA8O_TSQUERY('user1', 'ok'))","(TO_TSVECTOR('alpha', 'beta') @@ PLA8O_TSQUERY('user1', 'ok'))",<RULE=RS_Y2_R091_C02><CELL=PG_BOOL_R091_C02><FAMILY=full_text_predicate>,RS_Y2_R091_C02,PG_BOOL_R091,PG_BOOL_R091_C02,Y2_boolean_variation,Y2,full_text_predicate,full_text_predicate,"(TO_TSVECTOR(STR, STR) @@ PLAINTO_TSQUERY(STR, STR))",@@,SLOT_Y2_R091_C02,train,ruleset_seed_minimal,sha256:b22cf5caa89ea1f56d5a857e2acffc499ec6d636d70475c7c7f544fab5caabe2,not_run,not_run,True,False,coverage_seed_shape_only,ruleset_missing_accepted_static_row,v5.1
SEED_RS_Y2_R091_C06_MIN001,"<RULE=RS_Y2_R091_C06><CELL=PG_BOOL_R091_C06><FAMILY=full_text_predicate> CASE WHEN (TO_TSVECTOR('alpha', 'beta') @@ PLA9O_TSQUERY('user1', 'ok')) THEN TRUE ELSE FALSE END","CASE WHEN (TO_TSVECTOR('alpha', 'beta') @@ PLA9O_TSQUERY('user1', 'ok')) THEN TRUE ELSE FALSE END",<RULE=RS_Y2_R091_C06><CELL=PG_BOOL_R091_C06><FAMILY=full_text_predicate>,RS_Y2_R091_C06,PG_BOOL_R091,PG_BOOL_R091_C06,Y2_boolean_variation,Y2,full_text_predicate,full_text_predicate,"CASE WHEN (TO_TSVECTOR(STR, STR) @@ PLAINTO_TSQUERY(STR, STR)) THEN TRUE ELSE FALSE END",@@|CASE|ELSE|END|FALSE|THEN|TRUE|WHEN,SLOT_Y2_R091_C06,train,ruleset_seed_minimal,sha256:a5d61af1c9c121f7326059c63ed3e15e9eb1c4b861a07f9b13cc45e466627ffe,not_run,not_run,True,False,coverage_seed_shape_only,ruleset_missing_accepted_static_row,v5.1
SEED_RS_Y2_R091_C10_MIN001,"<RULE=RS_Y2_R091_C10><CELL=PG_BOOL_R091_C10><FAMILY=full_text_predicate> COALESCE((TO_TSVECTOR('alpha', 'beta') @@ PLA3O_TSQUERY('user1', 'ok')), FALSE)","COALESCE((TO_TSVECTOR('alpha', 'beta') @@ PLA3O_TSQUERY('user1', 'ok')), FALSE)",<RULE=RS_Y2_R091_C10><CELL=PG_BOOL_R091_C10><FAMILY=full_text_predicate>,RS_Y2_R091_C10,PG_BOOL_R091,PG_BOOL_R091_C10,Y2_boolean_variation,Y2,full_text_predicate,full_text_predicate,"COALESCE((TO_TSVECTOR(STR, STR) @@ PLAINTO_TSQUERY(STR, STR)), FALSE)",@@|COALESCE|FALSE,SLOT_Y2_R091_C10,train,ruleset_seed_minimal,sha256:d6891dd90b3818c32990f7e9def203c96183723b0b25f892790a2a330c5f0b72,not_run,not_run,True,False,coverage_seed_shape_only,ruleset_missing_accepted_static_row,v5.1
SEED_RS_Y2_R092_C01_MIN001,"<RULE=RS_Y2_R092_C01><CELL=PG_BOOL_R092_C01><FAMILY=full_text_predicate> TO_TSVECTOR('alpha', 'beta') @@ TO_TSQUERY('user1', 'ok')","TO_TSVECTOR('alpha', 'beta') @@ TO_TSQUERY('user1', 'ok')",<RULE=RS_Y2_R092_C01><CELL=PG_BOOL_R092_C01><FAMILY=full_text_predicate>,RS_Y2_R092_C01,PG_BOOL_R092,PG_BOOL_R092_C01,Y2_boolean_variation,Y2,full_text_predicate,full_text_predicate,"TO_TSVECTOR(STR, STR) @@ TO_TSQUERY(STR, STR)",@@,SLOT_Y2_R092_C01,train,ruleset_seed_minimal,sha256:e87b76ee5981ea13da017e79a643c58735fd12b5241b69736fa22afde449accd,not_run,not_run,True,False,coverage_seed_shape_only,ruleset_missing_accepted_static_row,v5.1
SEED_RS_Y2_R092_C02_MIN001,"<RULE=RS_Y2_R092_C02><CELL=PG_BOOL_R092_C02><FAMILY=full_text_predicate> (TO_TSVECTOR('alpha', 'beta') @@ TO_TSQUERY('user1', 'ok'))","(TO_TSVECTOR('alpha', 'beta') @@ TO_TSQUERY('user1', 'ok'))",<RULE=RS_Y2_R092_C02><CELL=PG_BOOL_R092_C02><FAMILY=full_text_predicate>,RS_Y2_R092_C02,PG_BOOL_R092,PG_BOOL_R092_C02,Y2_boolean_variation,Y2,full_text_predicate,full_text_predicate,"(TO_TSVECTOR(STR, STR) @@ TO_TSQUERY(STR, STR))",@@,SLOT_Y2_R092_C02,train,ruleset_seed_minimal,sha256:ba9ac9fccf45994bd546a2c54b40dcf6fc4347ceae73ad8f7c0939b35ef02b85,not_run,not_run,True,False,coverage_seed_shape_only,ruleset_missing_accepted_static_row,v5.1
SEED_RS_Y2_R092_C06_MIN001,"<RULE=RS_Y2_R092_C06><CELL=PG_BOOL_R092_C06><FAMILY=full_text_predicate> CASE WHEN (TO_TSVECTOR('alpha', 'beta') @@ TO_TSQUERY('user1', 'ok')) THEN TRUE ELSE FALSE END","CASE WHEN (TO_TSVECTOR('alpha', 'beta') @@ TO_TSQUERY('user1', 'ok')) THEN TRUE ELSE FALSE END",<RULE=RS_Y2_R092_C06><CELL=PG_BOOL_R092_C06><FAMILY=full_text_predicate>,RS_Y2_R092_C06,PG_BOOL_R092,PG_BOOL_R092_C06,Y2_boolean_variation,Y2,full_text_predicate,full_text_predicate,"CASE WHEN (TO_TSVECTOR(STR, STR) @@ TO_TSQUERY(STR, STR)) THEN TRUE ELSE FALSE END",@@|CASE|ELSE|END|FALSE|THEN|TRUE|WHEN,SLOT_Y2_R092_C06,train,ruleset_seed_minimal,sha256:685607f6fee9360604e7d2473dbd1e17cc3fb31b3c88454e7c770ff22f400f44,not_run,not_run,True,False,coverage_seed_shape_only,ruleset_missing_accepted_static_row,v5.1
SEED_RS_Y2_R092_C10_MIN001,"<RULE=RS_Y2_R092_C10><CELL=PG_BOOL_R092_C10><FAMILY=full_text_predicate> COALESCE((TO_TSVECTOR('alpha', 'beta') @@ TO_TSQUERY('user1', 'ok')), FALSE)","COALESCE((TO_TSVECTOR('alpha', 'beta') @@ TO_TSQUERY('user1', 'ok')), FALSE)",<RULE=RS_Y2_R092_C10><CELL=PG_BOOL_R092_C10><FAMILY=full_text_predicate>,RS_Y2_R092_C10,PG_BOOL_R092,PG_BOOL_R092_C10,Y2_boolean_variation,Y2,full_text_predicate,full_text_predicate,"COALESCE((TO_TSVECTOR(STR, STR) @@ TO_TSQUERY(STR, STR)), FALSE)",@@|COALESCE|FALSE,SLOT_Y2_R092_C10,train,ruleset_seed_minimal,sha256:afa99da67be65f513bc01f6994b2f73a8d7f20c9dc58eb18b9c18632cf026e51,not_run,not_run,True,False,coverage_seed_shape_only,ruleset_missing_accepted_static_row,v5.1
SEED_RS_Y2_R095_C01_MIN001,<RULE=RS_Y2_R095_C01><CELL=PG_BOOL_R095_C01><FAMILY=full_text_predicate> TO_TSVECTOR('alpha') @@ WEBSEARCH_TO_TSQUERY('beta'),TO_TSVECTOR('alpha') @@ WEBSEARCH_TO_TSQUERY('beta'),<RULE=RS_Y2_R095_C01><CELL=PG_BOOL_R095_C01><FAMILY=full_text_predicate>,RS_Y2_R095_C01,PG_BOOL_R095,PG_BOOL_R095_C01,Y2_boolean_variation,Y2,full_text_predicate,full_text_predicate,TO_TSVECTOR(STR) @@ WEBSEARCH_TO_TSQUERY(STR),@@,SLOT_Y2_R095_C01,train,ruleset_seed_minimal,sha256:61ef5758c304bd2efb505a7087c729179733ff702c8cdd5bbe944789f8137c44,not_run,not_run,True,False,coverage_seed_shape_only,ruleset_missing_accepted_static_row,v5.1
SEED_RS_Y2_R095_C02_MIN001,<RULE=RS_Y2_R095_C02><CELL=PG_BOOL_R095_C02><FAMILY=full_text_predicate> (TO_TSVECTOR('alpha') @@ WEBSEARCH_TO_TSQUERY('beta')),(TO_TSVECTOR('alpha') @@ WEBSEARCH_TO_TSQUERY('beta')),<RULE=RS_Y2_R095_C02><CELL=PG_BOOL_R095_C02><FAMILY=full_text_predicate>,RS_Y2_R095_C02,PG_BOOL_R095,PG_BOOL_R095_C02,Y2_boolean_variation,Y2,full_text_predicate,full_text_predicate,(TO_TSVECTOR(STR) @@ WEBSEARCH_TO_TSQUERY(STR)),@@,SLOT_Y2_R095_C02,train,ruleset_seed_minimal,sha256:4fbd225f3b257928cba5157d74786fd8c02769c3e2bd8d88146de9c4bff09571,not_run,not_run,True,False,coverage_seed_shape_only,ruleset_missing_accepted_static_row,v5.1
SEED_RS_Y2_R095_C06_MIN001,<RULE=RS_Y2_R095_C06><CELL=PG_BOOL_R095_C06><FAMILY=full_text_predicate> CASE WHEN (TO_TSVECTOR('alpha') @@ WEBSEARCH_TO_TSQUERY('beta')) THEN TRUE ELSE FALSE END,CASE WHEN (TO_TSVECTOR('alpha') @@ WEBSEARCH_TO_TSQUERY('beta')) THEN TRUE ELSE FALSE END,<RULE=RS_Y2_R095_C06><CELL=PG_BOOL_R095_C06><FAMILY=full_text_predicate>,RS_Y2_R095_C06,PG_BOOL_R095,PG_BOOL_R095_C06,Y2_boolean_variation,Y2,full_text_predicate,full_text_predicate,CASE WHEN (TO_TSVECTOR(STR) @@ WEBSEARCH_TO_TSQUERY(STR)) THEN TRUE ELSE FALSE END,@@|CASE|ELSE|END|FALSE|THEN|TRUE|WHEN,SLOT_Y2_R095_C06,train,ruleset_seed_minimal,sha256:bb1a9cfd01059f865a9dae0ab84ff8396ed86a35f848972cc5578fb60c181881,not_run,not_run,True,False,coverage_seed_shape_only,ruleset_missing_accepted_static_row,v5.1
SEED_RS_Y2_R095_C10_MIN001,"<RULE=RS_Y2_R095_C10><CELL=PG_BOOL_R095_C10><FAMILY=full_text_predicate> COALESCE((TO_TSVECTOR('alpha') @@ WEBSEARCH_TO_TSQUERY('beta')), FALSE)","COALESCE((TO_TSVECTOR('alpha') @@ WEBSEARCH_TO_TSQUERY('beta')), FALSE)",<RULE=RS_Y2_R095_C10><CELL=PG_BOOL_R095_C10><FAMILY=full_text_predicate>,RS_Y2_R095_C10,PG_BOOL_R095,PG_BOOL_R095_C10,Y2_boolean_variation,Y2,full_text_predicate,full_text_predicate,"COALESCE((TO_TSVECTOR(STR) @@ WEBSEARCH_TO_TSQUERY(STR)), FALSE)",@@|COALESCE|FALSE,SLOT_Y2_R095_C10,train,ruleset_seed_minimal,sha256:9e7684ac513eca00490c928d9e90adf345c00ebab30fe174fab5c436ae66bf9a,not_run,not_run,True,False,coverage_seed_shape_only,ruleset_missing_accepted_static_row,v5.1
