structure_cell_id,root_id,y_level,semantic_family,cell_index,cell_recipe,expected_samples,required_tokens,skeleton_reference,structure_signature,cell_contract
PG_BOOL_R001_C01,PG_BOOL_R001,Y3,comparison_numeric,1,base_predicate,6,=,INT = INT,bd8b9220aa10d3b451871b64,required_tokens + skeleton_family + delimiter_integrity + boolean_signal
PG_BOOL_R001_C02,PG_BOOL_R001,Y3,comparison_numeric,2,parenthesized_predicate,6,=,(INT = INT),20456ffaf2feced61971f9e6,required_tokens + skeleton_family + delimiter_integrity + boolean_signal
PG_BOOL_R001_C03,PG_BOOL_R001,Y3,comparison_numeric,3,negated_inverse_predicate,6,=|NOT,NOT (INT = INT),efda4655d07d2181560b163a,required_tokens + skeleton_family + delimiter_integrity + boolean_signal
PG_BOOL_R001_C04,PG_BOOL_R001,Y3,comparison_numeric,4,is_true_wrapper,6,=|IS|TRUE,(INT = INT) IS TRUE,8cead2ce9610b71edcdc5bb2,required_tokens + skeleton_family + delimiter_integrity + boolean_signal
PG_BOOL_R001_C05,PG_BOOL_R001,Y3,comparison_numeric,5,is_not_false_wrapper,6,=|FALSE|IS|NOT,(INT = INT) IS NOT FALSE,0f2540381a7bb35a7fd0251c,required_tokens + skeleton_family + delimiter_integrity + boolean_signal
PG_BOOL_R001_C06,PG_BOOL_R001,Y3,comparison_numeric,6,case_boolean_wrapper,6,=|CASE|ELSE|END|FALSE|THEN|TRUE|WHEN,CASE WHEN (INT = INT) THEN TRUE ELSE FALSE END,edbf6447f7495c57cfe13669,required_tokens + skeleton_family + delimiter_integrity + boolean_signal
PG_BOOL_R001_C07,PG_BOOL_R001,Y3,comparison_numeric,7,and_true_guard,6,=|AND,(INT = INT) AND (INT = INT),9805160d12a91f712d5d3853,required_tokens + skeleton_family + delimiter_integrity + boolean_signal
PG_BOOL_R001_C08,PG_BOOL_R001,Y3,comparison_numeric,8,or_false_guard,6,<|<>|=|>|OR,(INT = INT) OR (INT <> INT),4567ded6874c739556561f4b,required_tokens + skeleton_family + delimiter_integrity + boolean_signal
PG_BOOL_R001_C09,PG_BOOL_R001,Y3,comparison_numeric,9,equals_true_wrapper,6,=|TRUE,((INT = INT) = TRUE),f45a3387ebaa193fe54ded39,required_tokens + skeleton_family + delimiter_integrity + boolean_signal
PG_BOOL_R001_C10,PG_BOOL_R001,Y3,comparison_numeric,10,coalesce_false_wrapper,6,=|COALESCE|FALSE,"COALESCE((INT = INT), FALSE)",019fc35f76eab6ec222f7ba8,required_tokens + skeleton_family + delimiter_integrity + boolean_signal
PG_BOOL_R002_C01,PG_BOOL_R002,Y3,comparison_numeric,1,base_predicate,6,<|<>|>,INT <> INT,e74e12a5a8988d658cb26004,required_tokens + skeleton_family + delimiter_integrity + boolean_signal
PG_BOOL_R002_C02,PG_BOOL_R002,Y3,comparison_numeric,2,parenthesized_predicate,6,<|<>|>,(INT <> INT),6dc2a82740dd354dede93012,required_tokens + skeleton_family + delimiter_integrity + boolean_signal
PG_BOOL_R002_C03,PG_BOOL_R002,Y3,comparison_numeric,3,negated_inverse_predicate,6,<|<>|>|NOT,NOT (INT <> INT),07dc9042127b69dbf66fdcb6,required_tokens + skeleton_family + delimiter_integrity + boolean_signal
PG_BOOL_R002_C04,PG_BOOL_R002,Y3,comparison_numeric,4,is_true_wrapper,6,<|<>|>|IS|TRUE,(INT <> INT) IS TRUE,849ad49171845cf7d4f6e67d,required_tokens + skeleton_family + delimiter_integrity + boolean_signal
PG_BOOL_R002_C05,PG_BOOL_R002,Y3,comparison_numeric,5,is_not_false_wrapper,6,<|<>|>|FALSE|IS|NOT,(INT <> INT) IS NOT FALSE,4865724acfd7e24abb3b178a,required_tokens + skeleton_family + delimiter_integrity + boolean_signal
PG_BOOL_R002_C06,PG_BOOL_R002,Y3,comparison_numeric,6,case_boolean_wrapper,6,<|<>|>|CASE|ELSE|END|FALSE|THEN|TRUE|WHEN,CASE WHEN (INT <> INT) THEN TRUE ELSE FALSE END,7e55a67c92e2bfe6a98b9f02,required_tokens + skeleton_family + delimiter_integrity + boolean_signal
PG_BOOL_R002_C07,PG_BOOL_R002,Y3,comparison_numeric,7,and_true_guard,6,<|<>|=|>|AND,(INT <> INT) AND (INT = INT),d47316a27a74409ecf3c3d30,required_tokens + skeleton_family + delimiter_integrity + boolean_signal
PG_BOOL_R002_C08,PG_BOOL_R002,Y3,comparison_numeric,8,or_false_guard,6,<|<>|>|OR,(INT <> INT) OR (INT <> INT),425534ff492a21d9c57d5d33,required_tokens + skeleton_family + delimiter_integrity + boolean_signal
PG_BOOL_R002_C09,PG_BOOL_R002,Y3,comparison_numeric,9,equals_true_wrapper,6,<|<>|=|>|TRUE,((INT <> INT) = TRUE),4f1bed7c1f1c4a667f74657f,required_tokens + skeleton_family + delimiter_integrity + boolean_signal
PG_BOOL_R002_C10,PG_BOOL_R002,Y3,comparison_numeric,10,coalesce_false_wrapper,6,<|<>|>|COALESCE|FALSE,"COALESCE((INT <> INT), FALSE)",84ef1fe958a33099834f19fa,required_tokens + skeleton_family + delimiter_integrity + boolean_signal
PG_BOOL_R003_C01,PG_BOOL_R003,Y3,comparison_numeric,1,base_predicate,6,>,INT > INT,af3b69eb94fb6a817d8753bf,required_tokens + skeleton_family + delimiter_integrity + boolean_signal
PG_BOOL_R003_C02,PG_BOOL_R003,Y3,comparison_numeric,2,parenthesized_predicate,6,>,(INT > INT),86be5dbf637552717993db21,required_tokens + skeleton_family + delimiter_integrity + boolean_signal
PG_BOOL_R003_C03,PG_BOOL_R003,Y3,comparison_numeric,3,negated_inverse_predicate,6,>|NOT,NOT (INT > INT),07e08087a44f1ec751b7f0a3,required_tokens + skeleton_family + delimiter_integrity + boolean_signal
PG_BOOL_R003_C04,PG_BOOL_R003,Y3,comparison_numeric,4,is_true_wrapper,6,>|IS|TRUE,(INT > INT) IS TRUE,1d39293f801c542461ae70b6,required_tokens + skeleton_family + delimiter_integrity + boolean_signal
PG_BOOL_R003_C05,PG_BOOL_R003,Y3,comparison_numeric,5,is_not_false_wrapper,6,>|FALSE|IS|NOT,(INT > INT) IS NOT FALSE,5e2651f06bbd2e08aab0e65f,required_tokens + skeleton_family + delimiter_integrity + boolean_signal
PG_BOOL_R003_C06,PG_BOOL_R003,Y3,comparison_numeric,6,case_boolean_wrapper,6,>|CASE|ELSE|END|FALSE|THEN|TRUE|WHEN,CASE WHEN (INT > INT) THEN TRUE ELSE FALSE END,84f2585fe3257f744ba3a780,required_tokens + skeleton_family + delimiter_integrity + boolean_signal
PG_BOOL_R003_C07,PG_BOOL_R003,Y3,comparison_numeric,7,and_true_guard,6,=|>|AND,(INT > INT) AND (INT = INT),c40ce019846afa56480ab6af,required_tokens + skeleton_family + delimiter_integrity + boolean_signal
PG_BOOL_R003_C08,PG_BOOL_R003,Y3,comparison_numeric,8,or_false_guard,6,<|<>|>|OR,(INT > INT) OR (INT <> INT),f5c8ee89d500579154501e0b,required_tokens + skeleton_family + delimiter_integrity + boolean_signal
PG_BOOL_R003_C09,PG_BOOL_R003,Y3,comparison_numeric,9,equals_true_wrapper,6,=|>|TRUE,((INT > INT) = TRUE),4793368d6496f9fd8c534b9f,required_tokens + skeleton_family + delimiter_integrity + boolean_signal
PG_BOOL_R003_C10,PG_BOOL_R003,Y3,comparison_numeric,10,coalesce_false_wrapper,6,>|COALESCE|FALSE,"COALESCE((INT > INT), FALSE)",7e92023559a6773c66f649dc,required_tokens + skeleton_family + delimiter_integrity + boolean_signal
PG_BOOL_R004_C01,PG_BOOL_R004,Y3,comparison_numeric,1,base_predicate,6,<|<=|=,INT <= INT,a2624bbeaaea4b9b8bc57687,required_tokens + skeleton_family + delimiter_integrity + boolean_signal
PG_BOOL_R004_C02,PG_BOOL_R004,Y3,comparison_numeric,2,parenthesized_predicate,6,<|<=|=,(INT <= INT),654d6db1f2a7770f5f371b55,required_tokens + skeleton_family + delimiter_integrity + boolean_signal
PG_BOOL_R004_C03,PG_BOOL_R004,Y3,comparison_numeric,3,negated_inverse_predicate,6,<|<=|=|NOT,NOT (INT <= INT),c98f4a1f9a938750f8d3482a,required_tokens + skeleton_family + delimiter_integrity + boolean_signal
PG_BOOL_R004_C04,PG_BOOL_R004,Y3,comparison_numeric,4,is_true_wrapper,6,<|<=|=|IS|TRUE,(INT <= INT) IS TRUE,98bdb51861001dbdec9b3d03,required_tokens + skeleton_family + delimiter_integrity + boolean_signal
PG_BOOL_R004_C05,PG_BOOL_R004,Y3,comparison_numeric,5,is_not_false_wrapper,6,<|<=|=|FALSE|IS|NOT,(INT <= INT) IS NOT FALSE,8d49ec94d20d5418f658be9d,required_tokens + skeleton_family + delimiter_integrity + boolean_signal
PG_BOOL_R004_C06,PG_BOOL_R004,Y3,comparison_numeric,6,case_boolean_wrapper,6,<|<=|=|CASE|ELSE|END|FALSE|THEN|TRUE|WHEN,CASE WHEN (INT <= INT) THEN TRUE ELSE FALSE END,a7db327e6cbe99f2b5903ee4,required_tokens + skeleton_family + delimiter_integrity + boolean_signal
PG_BOOL_R004_C07,PG_BOOL_R004,Y3,comparison_numeric,7,and_true_guard,6,<|<=|=|AND,(INT <= INT) AND (INT = INT),8f6f39088ddcf096948cab4f,required_tokens + skeleton_family + delimiter_integrity + boolean_signal
PG_BOOL_R004_C08,PG_BOOL_R004,Y3,comparison_numeric,8,or_false_guard,6,<|<=|<>|=|>|OR,(INT <= INT) OR (INT <> INT),37ccff9fb064101700faca95,required_tokens + skeleton_family + delimiter_integrity + boolean_signal
PG_BOOL_R004_C09,PG_BOOL_R004,Y3,comparison_numeric,9,equals_true_wrapper,6,<|<=|=|TRUE,((INT <= INT) = TRUE),ef57d22b14e0b6dd9f54a135,required_tokens + skeleton_family + delimiter_integrity + boolean_signal
PG_BOOL_R004_C10,PG_BOOL_R004,Y3,comparison_numeric,10,coalesce_false_wrapper,6,<|<=|=|COALESCE|FALSE,"COALESCE((INT <= INT), FALSE)",36c3abe9923435529b7eab50,required_tokens + skeleton_family + delimiter_integrity + boolean_signal
PG_BOOL_R005_C01,PG_BOOL_R005,Y3,comparison_numeric,1,base_predicate,6,=,(INT + INT) = INT,4722c0093982fc22690099c4,required_tokens + skeleton_family + delimiter_integrity + boolean_signal
PG_BOOL_R005_C02,PG_BOOL_R005,Y3,comparison_numeric,2,parenthesized_predicate,6,=,((INT + INT) = INT),f72184dd196c6c8f6b2ed4c1,required_tokens + skeleton_family + delimiter_integrity + boolean_signal
PG_BOOL_R005_C03,PG_BOOL_R005,Y3,comparison_numeric,3,negated_inverse_predicate,6,=|NOT,NOT ((INT + INT) = INT),f6fe53cecdd412241d19f89d,required_tokens + skeleton_family + delimiter_integrity + boolean_signal
PG_BOOL_R005_C04,PG_BOOL_R005,Y3,comparison_numeric,4,is_true_wrapper,6,=|IS|TRUE,((INT + INT) = INT) IS TRUE,182f881e6afd0bac6fd85a93,required_tokens + skeleton_family + delimiter_integrity + boolean_signal
PG_BOOL_R005_C05,PG_BOOL_R005,Y3,comparison_numeric,5,is_not_false_wrapper,6,=|FALSE|IS|NOT,((INT + INT) = INT) IS NOT FALSE,592326a82f3d93df1a5f7fd3,required_tokens + skeleton_family + delimiter_integrity + boolean_signal
PG_BOOL_R005_C06,PG_BOOL_R005,Y3,comparison_numeric,6,case_boolean_wrapper,6,=|CASE|ELSE|END|FALSE|THEN|TRUE|WHEN,CASE WHEN ((INT + INT) = INT) THEN TRUE ELSE FALSE END,e64a17da0240a7712bd928cb,required_tokens + skeleton_family + delimiter_integrity + boolean_signal
PG_BOOL_R005_C07,PG_BOOL_R005,Y3,comparison_numeric,7,and_true_guard,6,=|AND,((INT + INT) = INT) AND (INT = INT),4a9d8de7f82cca1cc77b94c7,required_tokens + skeleton_family + delimiter_integrity + boolean_signal
PG_BOOL_R005_C08,PG_BOOL_R005,Y3,comparison_numeric,8,or_false_guard,6,<|<>|=|>|OR,((INT + INT) = INT) OR (INT <> INT),e3c69d63c901694a9a748410,required_tokens + skeleton_family + delimiter_integrity + boolean_signal
PG_BOOL_R005_C09,PG_BOOL_R005,Y3,comparison_numeric,9,equals_true_wrapper,6,=|TRUE,(((INT + INT) = INT) = TRUE),793122550e842e83d0e0db95,required_tokens + skeleton_family + delimiter_integrity + boolean_signal
PG_BOOL_R005_C10,PG_BOOL_R005,Y3,comparison_numeric,10,coalesce_false_wrapper,6,=|COALESCE|FALSE,"COALESCE(((INT + INT) = INT), FALSE)",0750f9f933516daaa3ee1104,required_tokens + skeleton_family + delimiter_integrity + boolean_signal
PG_BOOL_R006_C01,PG_BOOL_R006,Y3,comparison_text,1,base_predicate,6,=,STR = STR,bda9f67c2a0369cd4eac9598,required_tokens + skeleton_family + delimiter_integrity + boolean_signal
PG_BOOL_R006_C02,PG_BOOL_R006,Y3,comparison_text,2,parenthesized_predicate,6,=,(STR = STR),b9e7aa335c7b72e647a1801f,required_tokens + skeleton_family + delimiter_integrity + boolean_signal
PG_BOOL_R006_C03,PG_BOOL_R006,Y3,comparison_text,3,negated_inverse_predicate,6,=|NOT,NOT (STR = STR),a08e5727b7cc3a476451f281,required_tokens + skeleton_family + delimiter_integrity + boolean_signal
PG_BOOL_R006_C04,PG_BOOL_R006,Y3,comparison_text,4,is_true_wrapper,6,=|IS|TRUE,(STR = STR) IS TRUE,995fa128ce3649d13afb27f4,required_tokens + skeleton_family + delimiter_integrity + boolean_signal
PG_BOOL_R006_C05,PG_BOOL_R006,Y3,comparison_text,5,is_not_false_wrapper,6,=|FALSE|IS|NOT,(STR = STR) IS NOT FALSE,cb4f09ce07a7a053b9cd12fc,required_tokens + skeleton_family + delimiter_integrity + boolean_signal
PG_BOOL_R006_C06,PG_BOOL_R006,Y3,comparison_text,6,case_boolean_wrapper,6,=|CASE|ELSE|END|FALSE|THEN|TRUE|WHEN,CASE WHEN (STR = STR) THEN TRUE ELSE FALSE END,b91b7a5071f273f25ed77ed6,required_tokens + skeleton_family + delimiter_integrity + boolean_signal
PG_BOOL_R006_C07,PG_BOOL_R006,Y3,comparison_text,7,and_true_guard,6,=|AND,(STR = STR) AND (INT = INT),9a84ced70bdee3b0b9e5501d,required_tokens + skeleton_family + delimiter_integrity + boolean_signal
PG_BOOL_R006_C08,PG_BOOL_R006,Y3,comparison_text,8,or_false_guard,6,<|<>|=|>|OR,(STR = STR) OR (INT <> INT),ceffdcbc31c5509757814ca9,required_tokens + skeleton_family + delimiter_integrity + boolean_signal
PG_BOOL_R006_C09,PG_BOOL_R006,Y3,comparison_text,9,equals_true_wrapper,6,=|TRUE,((STR = STR) = TRUE),03a3f22949bbb7672b54d774,required_tokens + skeleton_family + delimiter_integrity + boolean_signal
PG_BOOL_R006_C10,PG_BOOL_R006,Y3,comparison_text,10,coalesce_false_wrapper,6,=|COALESCE|FALSE,"COALESCE((STR = STR), FALSE)",a00e775bb93c364a2fb127b5,required_tokens + skeleton_family + delimiter_integrity + boolean_signal
PG_BOOL_R007_C01,PG_BOOL_R007,Y3,comparison_text,1,base_predicate,6,<|<>|>,STR <> STR,0fb6f8a1c0dbac1e56d69be0,required_tokens + skeleton_family + delimiter_integrity + boolean_signal
PG_BOOL_R007_C02,PG_BOOL_R007,Y3,comparison_text,2,parenthesized_predicate,6,<|<>|>,(STR <> STR),8565f93c5828dfe18e769e08,required_tokens + skeleton_family + delimiter_integrity + boolean_signal
PG_BOOL_R007_C03,PG_BOOL_R007,Y3,comparison_text,3,negated_inverse_predicate,6,<|<>|>|NOT,NOT (STR <> STR),8b0acdb65cb967b64c97ebec,required_tokens + skeleton_family + delimiter_integrity + boolean_signal
PG_BOOL_R007_C04,PG_BOOL_R007,Y3,comparison_text,4,is_true_wrapper,6,<|<>|>|IS|TRUE,(STR <> STR) IS TRUE,8069e0cfb5101c04af6ec80c,required_tokens + skeleton_family + delimiter_integrity + boolean_signal
PG_BOOL_R007_C05,PG_BOOL_R007,Y3,comparison_text,5,is_not_false_wrapper,6,<|<>|>|FALSE|IS|NOT,(STR <> STR) IS NOT FALSE,262b1c8d710392c9259d32a2,required_tokens + skeleton_family + delimiter_integrity + boolean_signal
PG_BOOL_R007_C06,PG_BOOL_R007,Y3,comparison_text,6,case_boolean_wrapper,6,<|<>|>|CASE|ELSE|END|FALSE|THEN|TRUE|WHEN,CASE WHEN (STR <> STR) THEN TRUE ELSE FALSE END,d57c812257c2c066e56fcd1d,required_tokens + skeleton_family + delimiter_integrity + boolean_signal
PG_BOOL_R007_C07,PG_BOOL_R007,Y3,comparison_text,7,and_true_guard,6,<|<>|=|>|AND,(STR <> STR) AND (INT = INT),ad0b55f463a8d5e345b90908,required_tokens + skeleton_family + delimiter_integrity + boolean_signal
PG_BOOL_R007_C08,PG_BOOL_R007,Y3,comparison_text,8,or_false_guard,6,<|<>|>|OR,(STR <> STR) OR (INT <> INT),03be4abaee8c100ccf63c798,required_tokens + skeleton_family + delimiter_integrity + boolean_signal
PG_BOOL_R007_C09,PG_BOOL_R007,Y3,comparison_text,9,equals_true_wrapper,6,<|<>|=|>|TRUE,((STR <> STR) = TRUE),fbe101a6a05219082e6a2ac7,required_tokens + skeleton_family + delimiter_integrity + boolean_signal
PG_BOOL_R007_C10,PG_BOOL_R007,Y3,comparison_text,10,coalesce_false_wrapper,6,<|<>|>|COALESCE|FALSE,"COALESCE((STR <> STR), FALSE)",b9230224e88b48ceb60c3835,required_tokens + skeleton_family + delimiter_integrity + boolean_signal
PG_BOOL_R008_C01,PG_BOOL_R008,Y3,comparison_text,1,base_predicate,6,=,LOWER(STR) = STR,227b1d97286778739fb5321e,required_tokens + skeleton_family + delimiter_integrity + boolean_signal
PG_BOOL_R008_C02,PG_BOOL_R008,Y3,comparison_text,2,parenthesized_predicate,6,=,(LOWER(STR) = STR),4b321a37bb322c2aff803b5b,required_tokens + skeleton_family + delimiter_integrity + boolean_signal
PG_BOOL_R008_C03,PG_BOOL_R008,Y3,comparison_text,3,negated_inverse_predicate,6,=|NOT,NOT (LOWER(STR) = STR),029eea407a6a536136d9f5ab,required_tokens + skeleton_family + delimiter_integrity + boolean_signal
PG_BOOL_R008_C04,PG_BOOL_R008,Y3,comparison_text,4,is_true_wrapper,6,=|IS|TRUE,(LOWER(STR) = STR) IS TRUE,a436e8ea8e3d147dc0012c3b,required_tokens + skeleton_family + delimiter_integrity + boolean_signal
PG_BOOL_R008_C05,PG_BOOL_R008,Y3,comparison_text,5,is_not_false_wrapper,6,=|FALSE|IS|NOT,(LOWER(STR) = STR) IS NOT FALSE,30fa14bdd689384399250967,required_tokens + skeleton_family + delimiter_integrity + boolean_signal
PG_BOOL_R008_C06,PG_BOOL_R008,Y3,comparison_text,6,case_boolean_wrapper,6,=|CASE|ELSE|END|FALSE|THEN|TRUE|WHEN,CASE WHEN (LOWER(STR) = STR) THEN TRUE ELSE FALSE END,9fb7e652d7c0bbe15e822fec,required_tokens + skeleton_family + delimiter_integrity + boolean_signal
PG_BOOL_R008_C07,PG_BOOL_R008,Y3,comparison_text,7,and_true_guard,6,=|AND,(LOWER(STR) = STR) AND (INT = INT),1c062af86909fe27b61d45b0,required_tokens + skeleton_family + delimiter_integrity + boolean_signal
PG_BOOL_R008_C08,PG_BOOL_R008,Y3,comparison_text,8,or_false_guard,6,<|<>|=|>|OR,(LOWER(STR) = STR) OR (INT <> INT),b89e5446ba5cbf803f5e5785,required_tokens + skeleton_family + delimiter_integrity + boolean_signal
PG_BOOL_R008_C09,PG_BOOL_R008,Y3,comparison_text,9,equals_true_wrapper,6,=|TRUE,((LOWER(STR) = STR) = TRUE),f9e276efeeaab1e62fec19f8,required_tokens + skeleton_family + delimiter_integrity + boolean_signal
PG_BOOL_R008_C10,PG_BOOL_R008,Y3,comparison_text,10,coalesce_false_wrapper,6,=|COALESCE|FALSE,"COALESCE((LOWER(STR) = STR), FALSE)",2c1ab0aee03622ffdc23bc12,required_tokens + skeleton_family + delimiter_integrity + boolean_signal
PG_BOOL_R009_C01,PG_BOOL_R009,Y3,comparison_text,1,base_predicate,6,=,CHAR_LENGTH(STR) = INT,3c9000e192ed03a48121b346,required_tokens + skeleton_family + delimiter_integrity + boolean_signal
PG_BOOL_R009_C02,PG_BOOL_R009,Y3,comparison_text,2,parenthesized_predicate,6,=,(CHAR_LENGTH(STR) = INT),d6fd44241696ca7765d8b72b,required_tokens + skeleton_family + delimiter_integrity + boolean_signal
PG_BOOL_R009_C03,PG_BOOL_R009,Y3,comparison_text,3,negated_inverse_predicate,6,=|NOT,NOT (CHAR_LENGTH(STR) = INT),d488ea4c13c813da8a37d8ef,required_tokens + skeleton_family + delimiter_integrity + boolean_signal
PG_BOOL_R009_C04,PG_BOOL_R009,Y3,comparison_text,4,is_true_wrapper,6,=|IS|TRUE,(CHAR_LENGTH(STR) = INT) IS TRUE,769835c4ecc0336197c85bfd,required_tokens + skeleton_family + delimiter_integrity + boolean_signal
PG_BOOL_R009_C05,PG_BOOL_R009,Y3,comparison_text,5,is_not_false_wrapper,6,=|FALSE|IS|NOT,(CHAR_LENGTH(STR) = INT) IS NOT FALSE,d720e329a417cd63aef34336,required_tokens + skeleton_family + delimiter_integrity + boolean_signal
PG_BOOL_R009_C06,PG_BOOL_R009,Y3,comparison_text,6,case_boolean_wrapper,6,=|CASE|ELSE|END|FALSE|THEN|TRUE|WHEN,CASE WHEN (CHAR_LENGTH(STR) = INT) THEN TRUE ELSE FALSE END,b73a6f21dd3243b0f9fad6a9,required_tokens + skeleton_family + delimiter_integrity + boolean_signal
PG_BOOL_R009_C07,PG_BOOL_R009,Y3,comparison_text,7,and_true_guard,6,=|AND,(CHAR_LENGTH(STR) = INT) AND (INT = INT),95537ffdbf4bef458f32accd,required_tokens + skeleton_family + delimiter_integrity + boolean_signal
PG_BOOL_R009_C08,PG_BOOL_R009,Y3,comparison_text,8,or_false_guard,6,<|<>|=|>|OR,(CHAR_LENGTH(STR) = INT) OR (INT <> INT),fe9737f81333d0030514e4e1,required_tokens + skeleton_family + delimiter_integrity + boolean_signal
PG_BOOL_R009_C09,PG_BOOL_R009,Y3,comparison_text,9,equals_true_wrapper,6,=|TRUE,((CHAR_LENGTH(STR) = INT) = TRUE),91d28efd617cf216fea941d1,required_tokens + skeleton_family + delimiter_integrity + boolean_signal
PG_BOOL_R009_C10,PG_BOOL_R009,Y3,comparison_text,10,coalesce_false_wrapper,6,=|COALESCE|FALSE,"COALESCE((CHAR_LENGTH(STR) = INT), FALSE)",57e4cbbf8f9226100e738511,required_tokens + skeleton_family + delimiter_integrity + boolean_signal
PG_BOOL_R010_C01,PG_BOOL_R010,Y3,comparison_text,1,base_predicate,6,>|IN,POSITION(STR IN STR) > INT,840737ebfb205504516edf39,required_tokens + skeleton_family + delimiter_integrity + boolean_signal
PG_BOOL_R010_C02,PG_BOOL_R010,Y3,comparison_text,2,parenthesized_predicate,6,>|IN,(POSITION(STR IN STR) > INT),1f402e1092eb7aac62f2a9b5,required_tokens + skeleton_family + delimiter_integrity + boolean_signal
PG_BOOL_R010_C03,PG_BOOL_R010,Y3,comparison_text,3,negated_inverse_predicate,6,>|IN|NOT,NOT (POSITION(STR IN STR) > INT),342a53156fc6e5905f5f4bba,required_tokens + skeleton_family + delimiter_integrity + boolean_signal
PG_BOOL_R010_C04,PG_BOOL_R010,Y3,comparison_text,4,is_true_wrapper,6,>|IN|IS|TRUE,(POSITION(STR IN STR) > INT) IS TRUE,a7a39c08d067018f075be5a4,required_tokens + skeleton_family + delimiter_integrity + boolean_signal
PG_BOOL_R010_C05,PG_BOOL_R010,Y3,comparison_text,5,is_not_false_wrapper,6,>|FALSE|IN|IS|NOT,(POSITION(STR IN STR) > INT) IS NOT FALSE,d5d182930d4c5bdc58380777,required_tokens + skeleton_family + delimiter_integrity + boolean_signal
PG_BOOL_R010_C06,PG_BOOL_R010,Y3,comparison_text,6,case_boolean_wrapper,6,>|CASE|ELSE|END|FALSE|IN|THEN|TRUE|WHEN,CASE WHEN (POSITION(STR IN STR) > INT) THEN TRUE ELSE FALSE END,5ba9e717fcb146153565334d,required_tokens + skeleton_family + delimiter_integrity + boolean_signal
PG_BOOL_R010_C07,PG_BOOL_R010,Y3,comparison_text,7,and_true_guard,6,=|>|AND|IN,(POSITION(STR IN STR) > INT) AND (INT = INT),78c5f9ec68a01ed5faf1c925,required_tokens + skeleton_family + delimiter_integrity + boolean_signal
PG_BOOL_R010_C08,PG_BOOL_R010,Y3,comparison_text,8,or_false_guard,6,<|<>|>|IN|OR,(POSITION(STR IN STR) > INT) OR (INT <> INT),a9babfed7f48051b3aaf818a,required_tokens + skeleton_family + delimiter_integrity + boolean_signal
PG_BOOL_R010_C09,PG_BOOL_R010,Y3,comparison_text,9,equals_true_wrapper,6,=|>|IN|TRUE,((POSITION(STR IN STR) > INT) = TRUE),79ef3113ba283120e8e3aef0,required_tokens + skeleton_family + delimiter_integrity + boolean_signal
PG_BOOL_R010_C10,PG_BOOL_R010,Y3,comparison_text,10,coalesce_false_wrapper,6,>|COALESCE|FALSE|IN,"COALESCE((POSITION(STR IN STR) > INT), FALSE)",e9b942e09ef1cc5676574d2a,required_tokens + skeleton_family + delimiter_integrity + boolean_signal
PG_BOOL_R011_C01,PG_BOOL_R011,Y3,null_boolean,1,base_predicate,6,IS|NULL,NULL IS NULL,7fda48e36176487b7124bb33,required_tokens + skeleton_family + delimiter_integrity + boolean_signal
PG_BOOL_R011_C02,PG_BOOL_R011,Y3,null_boolean,2,parenthesized_predicate,6,IS|NULL,(NULL IS NULL),9e4400352b5be68fc267dbfb,required_tokens + skeleton_family + delimiter_integrity + boolean_signal
PG_BOOL_R011_C03,PG_BOOL_R011,Y3,null_boolean,3,negated_inverse_predicate,6,IS|NOT|NULL,NOT (NULL IS NOT NULL),3b39631677dfb14897d530ec,required_tokens + skeleton_family + delimiter_integrity + boolean_signal
PG_BOOL_R011_C04,PG_BOOL_R011,Y3,null_boolean,4,is_true_wrapper,6,IS|NULL|TRUE,(NULL IS NULL) IS TRUE,3b3922b8e1b8c5732bd0a46d,required_tokens + skeleton_family + delimiter_integrity + boolean_signal
PG_BOOL_R011_C05,PG_BOOL_R011,Y3,null_boolean,5,is_not_false_wrapper,6,FALSE|IS|NOT|NULL,(NULL IS NULL) IS NOT FALSE,5a7744f982cb27d1307202bb,required_tokens + skeleton_family + delimiter_integrity + boolean_signal
PG_BOOL_R011_C06,PG_BOOL_R011,Y3,null_boolean,6,case_boolean_wrapper,6,CASE|ELSE|END|FALSE|IS|NULL|THEN|TRUE|WHEN,CASE WHEN (NULL IS NULL) THEN TRUE ELSE FALSE END,cfa48c11e0cca37064b1db09,required_tokens + skeleton_family + delimiter_integrity + boolean_signal
PG_BOOL_R011_C07,PG_BOOL_R011,Y3,null_boolean,7,and_true_guard,6,=|AND|IS|NULL,(NULL IS NULL) AND (INT = INT),2a5174155051deb3bd3e03d9,required_tokens + skeleton_family + delimiter_integrity + boolean_signal
PG_BOOL_R011_C08,PG_BOOL_R011,Y3,null_boolean,8,or_false_guard,6,<|<>|>|IS|NULL|OR,(NULL IS NULL) OR (INT <> INT),12bf105b53acba4da89618f4,required_tokens + skeleton_family + delimiter_integrity + boolean_signal
PG_BOOL_R011_C09,PG_BOOL_R011,Y3,null_boolean,9,equals_true_wrapper,6,=|IS|NULL|TRUE,((NULL IS NULL) = TRUE),53622069989e3a4b34f07b6f,required_tokens + skeleton_family + delimiter_integrity + boolean_signal
PG_BOOL_R011_C10,PG_BOOL_R011,Y3,null_boolean,10,coalesce_false_wrapper,6,COALESCE|FALSE|IS|NULL,"COALESCE((NULL IS NULL), FALSE)",35994b48d78951e06480724d,required_tokens + skeleton_family + delimiter_integrity + boolean_signal
PG_BOOL_R012_C01,PG_BOOL_R012,Y3,null_boolean,1,base_predicate,6,IS|TRUE,TRUE IS TRUE,10a7b2d07a23b2d56576935f,required_tokens + skeleton_family + delimiter_integrity + boolean_signal
PG_BOOL_R012_C02,PG_BOOL_R012,Y3,null_boolean,2,parenthesized_predicate,6,IS|TRUE,(TRUE IS TRUE),fd03cb6dac243b4c4cd0c2d5,required_tokens + skeleton_family + delimiter_integrity + boolean_signal
PG_BOOL_R012_C03,PG_BOOL_R012,Y3,null_boolean,3,negated_inverse_predicate,6,FALSE|IS|NOT|TRUE,NOT (TRUE IS FALSE),951db0f79a883b2c4a322deb,required_tokens + skeleton_family + delimiter_integrity + boolean_signal
PG_BOOL_R012_C04,PG_BOOL_R012,Y3,null_boolean,4,is_true_wrapper,6,IS|TRUE,(TRUE IS TRUE) IS TRUE,5c2fbf9d8d4803660608b2cd,required_tokens + skeleton_family + delimiter_integrity + boolean_signal
PG_BOOL_R012_C05,PG_BOOL_R012,Y3,null_boolean,5,is_not_false_wrapper,6,FALSE|IS|NOT|TRUE,(TRUE IS TRUE) IS NOT FALSE,637e81918ee0afdea518dfac,required_tokens + skeleton_family + delimiter_integrity + boolean_signal
PG_BOOL_R012_C06,PG_BOOL_R012,Y3,null_boolean,6,case_boolean_wrapper,6,CASE|ELSE|END|FALSE|IS|THEN|TRUE|WHEN,CASE WHEN (TRUE IS TRUE) THEN TRUE ELSE FALSE END,086c4b5dbb3a4c73a83067c6,required_tokens + skeleton_family + delimiter_integrity + boolean_signal
PG_BOOL_R012_C07,PG_BOOL_R012,Y3,null_boolean,7,and_true_guard,6,=|AND|IS|TRUE,(TRUE IS TRUE) AND (INT = INT),6f635d4c4613f7ba83dd90de,required_tokens + skeleton_family + delimiter_integrity + boolean_signal
PG_BOOL_R012_C08,PG_BOOL_R012,Y3,null_boolean,8,or_false_guard,6,<|<>|>|IS|OR|TRUE,(TRUE IS TRUE) OR (INT <> INT),7f3e9a175581b8904041e198,required_tokens + skeleton_family + delimiter_integrity + boolean_signal
PG_BOOL_R012_C09,PG_BOOL_R012,Y3,null_boolean,9,equals_true_wrapper,6,=|IS|TRUE,((TRUE IS TRUE) = TRUE),408a1d490b4aeda3bb9250b2,required_tokens + skeleton_family + delimiter_integrity + boolean_signal
PG_BOOL_R012_C10,PG_BOOL_R012,Y3,null_boolean,10,coalesce_false_wrapper,6,COALESCE|FALSE|IS|TRUE,"COALESCE((TRUE IS TRUE), FALSE)",57554572f4c8e55f991fc11e,required_tokens + skeleton_family + delimiter_integrity + boolean_signal
PG_BOOL_R013_C01,PG_BOOL_R013,Y3,null_boolean,1,base_predicate,6,FALSE|IS,FALSE IS FALSE,a3a390ec93d643f3bff3d9e7,required_tokens + skeleton_family + delimiter_integrity + boolean_signal
PG_BOOL_R013_C02,PG_BOOL_R013,Y3,null_boolean,2,parenthesized_predicate,6,FALSE|IS,(FALSE IS FALSE),5c2c0053f3c8ff6c0c9e7fc4,required_tokens + skeleton_family + delimiter_integrity + boolean_signal
PG_BOOL_R013_C03,PG_BOOL_R013,Y3,null_boolean,3,negated_inverse_predicate,6,FALSE|IS|NOT|TRUE,NOT (FALSE IS TRUE),810d8d4850c3f6cee4ab3d99,required_tokens + skeleton_family + delimiter_integrity + boolean_signal
PG_BOOL_R013_C04,PG_BOOL_R013,Y3,null_boolean,4,is_true_wrapper,6,FALSE|IS|TRUE,(FALSE IS FALSE) IS TRUE,ed2335d39af919d55aee010c,required_tokens + skeleton_family + delimiter_integrity + boolean_signal
PG_BOOL_R013_C05,PG_BOOL_R013,Y3,null_boolean,5,is_not_false_wrapper,6,FALSE|IS|NOT,(FALSE IS FALSE) IS NOT FALSE,50ac7c12c0204c1f7e696f8b,required_tokens + skeleton_family + delimiter_integrity + boolean_signal
PG_BOOL_R013_C06,PG_BOOL_R013,Y3,null_boolean,6,case_boolean_wrapper,6,CASE|ELSE|END|FALSE|IS|THEN|TRUE|WHEN,CASE WHEN (FALSE IS FALSE) THEN TRUE ELSE FALSE END,e851c91d29c0f7f9d47e5061,required_tokens + skeleton_family + delimiter_integrity + boolean_signal
PG_BOOL_R013_C07,PG_BOOL_R013,Y3,null_boolean,7,and_true_guard,6,=|AND|FALSE|IS,(FALSE IS FALSE) AND (INT = INT),42ef3a066cd6d03531784853,required_tokens + skeleton_family + delimiter_integrity + boolean_signal
PG_BOOL_R013_C08,PG_BOOL_R013,Y3,null_boolean,8,or_false_guard,6,<|<>|>|FALSE|IS|OR,(FALSE IS FALSE) OR (INT <> INT),02bbedb50d4fc9f9c36db0c6,required_tokens + skeleton_family + delimiter_integrity + boolean_signal
PG_BOOL_R013_C09,PG_BOOL_R013,Y3,null_boolean,9,equals_true_wrapper,6,=|FALSE|IS|TRUE,((FALSE IS FALSE) = TRUE),327baba39dd1e7389b51bc3a,required_tokens + skeleton_family + delimiter_integrity + boolean_signal
PG_BOOL_R013_C10,PG_BOOL_R013,Y3,null_boolean,10,coalesce_false_wrapper,6,COALESCE|FALSE|IS,"COALESCE((FALSE IS FALSE), FALSE)",c4c8835e6b79cf91fce340de,required_tokens + skeleton_family + delimiter_integrity + boolean_signal
PG_BOOL_R014_C01,PG_BOOL_R014,Y3,null_boolean,1,base_predicate,6,=|COALESCE|NULL,"COALESCE(NULL, INT) = INT",d5e6d2d49bd7f55c241b3cd3,required_tokens + skeleton_family + delimiter_integrity + boolean_signal
PG_BOOL_R014_C02,PG_BOOL_R014,Y3,null_boolean,2,parenthesized_predicate,6,=|COALESCE|NULL,"(COALESCE(NULL, INT) = INT)",ec26138cb70934703608fd84,required_tokens + skeleton_family + delimiter_integrity + boolean_signal
PG_BOOL_R014_C03,PG_BOOL_R014,Y3,null_boolean,3,negated_inverse_predicate,6,=|COALESCE|NOT|NULL,"NOT (COALESCE(NULL, INT) = INT)",abb6d91d6c6fb5ab5146ce14,required_tokens + skeleton_family + delimiter_integrity + boolean_signal
PG_BOOL_R014_C04,PG_BOOL_R014,Y3,null_boolean,4,is_true_wrapper,6,=|COALESCE|IS|NULL|TRUE,"(COALESCE(NULL, INT) = INT) IS TRUE",e28148d8cebe3f8306e04ffb,required_tokens + skeleton_family + delimiter_integrity + boolean_signal
PG_BOOL_R014_C05,PG_BOOL_R014,Y3,null_boolean,5,is_not_false_wrapper,6,=|COALESCE|FALSE|IS|NOT|NULL,"(COALESCE(NULL, INT) = INT) IS NOT FALSE",e1957f4bb064c42a7892775c,required_tokens + skeleton_family + delimiter_integrity + boolean_signal
PG_BOOL_R014_C06,PG_BOOL_R014,Y3,null_boolean,6,case_boolean_wrapper,6,=|CASE|COALESCE|ELSE|END|FALSE|NULL|THEN|TRUE|WHEN,"CASE WHEN (COALESCE(NULL, INT) = INT) THEN TRUE ELSE FALSE END",9c9cea979fc80b870dad63dc,required_tokens + skeleton_family + delimiter_integrity + boolean_signal
PG_BOOL_R014_C07,PG_BOOL_R014,Y3,null_boolean,7,and_true_guard,6,=|AND|COALESCE|NULL,"(COALESCE(NULL, INT) = INT) AND (INT = INT)",4736c5ac5363848a6f85dde7,required_tokens + skeleton_family + delimiter_integrity + boolean_signal
PG_BOOL_R014_C08,PG_BOOL_R014,Y3,null_boolean,8,or_false_guard,6,<|<>|=|>|COALESCE|NULL|OR,"(COALESCE(NULL, INT) = INT) OR (INT <> INT)",495cfe559c87d28a66a4b16d,required_tokens + skeleton_family + delimiter_integrity + boolean_signal
PG_BOOL_R014_C09,PG_BOOL_R014,Y3,null_boolean,9,equals_true_wrapper,6,=|COALESCE|NULL|TRUE,"((COALESCE(NULL, INT) = INT) = TRUE)",1805de7b4cc61e43b5f812dc,required_tokens + skeleton_family + delimiter_integrity + boolean_signal
PG_BOOL_R014_C10,PG_BOOL_R014,Y3,null_boolean,10,coalesce_false_wrapper,6,=|COALESCE|FALSE|NULL,"COALESCE((COALESCE(NULL, INT) = INT), FALSE)",3c7c5e0aef9f01e3e237ec15,required_tokens + skeleton_family + delimiter_integrity + boolean_signal
PG_BOOL_R015_C01,PG_BOOL_R015,Y3,null_boolean,1,base_predicate,6,=|IS|TRUE,(INT = INT) IS TRUE,4b5739d03cdc0b494f750e62,required_tokens + skeleton_family + delimiter_integrity + boolean_signal
PG_BOOL_R015_C02,PG_BOOL_R015,Y3,null_boolean,2,parenthesized_predicate,6,=|IS|TRUE,((INT = INT) IS TRUE),8403143d296553f69bf18e90,required_tokens + skeleton_family + delimiter_integrity + boolean_signal
PG_BOOL_R015_C03,PG_BOOL_R015,Y3,null_boolean,3,negated_inverse_predicate,6,=|FALSE|IS|NOT,NOT ((INT = INT) IS FALSE),a68205bb9ba0d8515b06a3ca,required_tokens + skeleton_family + delimiter_integrity + boolean_signal
PG_BOOL_R015_C04,PG_BOOL_R015,Y3,null_boolean,4,is_true_wrapper,6,=|IS|TRUE,((INT = INT) IS TRUE) IS TRUE,cc522e6790a38d0250e5f024,required_tokens + skeleton_family + delimiter_integrity + boolean_signal
PG_BOOL_R015_C05,PG_BOOL_R015,Y3,null_boolean,5,is_not_false_wrapper,6,=|FALSE|IS|NOT|TRUE,((INT = INT) IS TRUE) IS NOT FALSE,017949c9a519c338c3ac8bbf,required_tokens + skeleton_family + delimiter_integrity + boolean_signal
PG_BOOL_R015_C06,PG_BOOL_R015,Y3,null_boolean,6,case_boolean_wrapper,6,=|CASE|ELSE|END|FALSE|IS|THEN|TRUE|WHEN,CASE WHEN ((INT = INT) IS TRUE) THEN TRUE ELSE FALSE END,33010081b36a68dd1a26b189,required_tokens + skeleton_family + delimiter_integrity + boolean_signal
PG_BOOL_R015_C07,PG_BOOL_R015,Y3,null_boolean,7,and_true_guard,6,=|AND|IS|TRUE,((INT = INT) IS TRUE) AND (INT = INT),c83fd3f2f94c76cde128127f,required_tokens + skeleton_family + delimiter_integrity + boolean_signal
PG_BOOL_R015_C08,PG_BOOL_R015,Y3,null_boolean,8,or_false_guard,6,<|<>|=|>|IS|OR|TRUE,((INT = INT) IS TRUE) OR (INT <> INT),a45cdf13146667e85c56441f,required_tokens + skeleton_family + delimiter_integrity + boolean_signal
PG_BOOL_R015_C09,PG_BOOL_R015,Y3,null_boolean,9,equals_true_wrapper,6,=|IS|TRUE,(((INT = INT) IS TRUE) = TRUE),5166b79a44ef374e835c0fcc,required_tokens + skeleton_family + delimiter_integrity + boolean_signal
PG_BOOL_R015_C10,PG_BOOL_R015,Y3,null_boolean,10,coalesce_false_wrapper,6,=|COALESCE|FALSE|IS|TRUE,"COALESCE(((INT = INT) IS TRUE), FALSE)",a6c8c8b2587cb6798d246655,required_tokens + skeleton_family + delimiter_integrity + boolean_signal
PG_BOOL_R016_C01,PG_BOOL_R016,Y3,between_range,1,base_predicate,6,AND|BETWEEN,INT BETWEEN INT AND INT,c3d996eba1aa6005ff289f6e,required_tokens + skeleton_family + delimiter_integrity + boolean_signal
PG_BOOL_R016_C02,PG_BOOL_R016,Y3,between_range,2,parenthesized_predicate,6,AND|BETWEEN,(INT BETWEEN INT AND INT),891dd1dbb42ca4b0a1f8defe,required_tokens + skeleton_family + delimiter_integrity + boolean_signal
PG_BOOL_R016_C03,PG_BOOL_R016,Y3,between_range,3,negated_inverse_predicate,6,AND|BETWEEN|NOT,NOT (INT BETWEEN INT AND INT),a302f7954851348b89fce49e,required_tokens + skeleton_family + delimiter_integrity + boolean_signal
PG_BOOL_R016_C04,PG_BOOL_R016,Y3,between_range,4,is_true_wrapper,6,AND|BETWEEN|IS|TRUE,(INT BETWEEN INT AND INT) IS TRUE,31897fb630e3aee234f3bc89,required_tokens + skeleton_family + delimiter_integrity + boolean_signal
PG_BOOL_R016_C05,PG_BOOL_R016,Y3,between_range,5,is_not_false_wrapper,6,AND|BETWEEN|FALSE|IS|NOT,(INT BETWEEN INT AND INT) IS NOT FALSE,87edc74666230ad61cc6ea8b,required_tokens + skeleton_family + delimiter_integrity + boolean_signal
PG_BOOL_R016_C06,PG_BOOL_R016,Y3,between_range,6,case_boolean_wrapper,6,AND|BETWEEN|CASE|ELSE|END|FALSE|THEN|TRUE|WHEN,CASE WHEN (INT BETWEEN INT AND INT) THEN TRUE ELSE FALSE END,d862ef06343e7625ff9d16c3,required_tokens + skeleton_family + delimiter_integrity + boolean_signal
PG_BOOL_R016_C07,PG_BOOL_R016,Y3,between_range,7,and_true_guard,6,=|AND|BETWEEN,(INT BETWEEN INT AND INT) AND (INT = INT),0624a28dce7399ae0dffe8e9,required_tokens + skeleton_family + delimiter_integrity + boolean_signal
PG_BOOL_R016_C08,PG_BOOL_R016,Y3,between_range,8,or_false_guard,6,<|<>|>|AND|BETWEEN|OR,(INT BETWEEN INT AND INT) OR (INT <> INT),6e3608beaf3c5e8851ccaa12,required_tokens + skeleton_family + delimiter_integrity + boolean_signal
PG_BOOL_R016_C09,PG_BOOL_R016,Y3,between_range,9,equals_true_wrapper,6,=|AND|BETWEEN|TRUE,((INT BETWEEN INT AND INT) = TRUE),9ac57f9ce67386c17fd42ed5,required_tokens + skeleton_family + delimiter_integrity + boolean_signal
PG_BOOL_R016_C10,PG_BOOL_R016,Y3,between_range,10,coalesce_false_wrapper,6,AND|BETWEEN|COALESCE|FALSE,"COALESCE((INT BETWEEN INT AND INT), FALSE)",52cae05901569d8f5e2aa6e2,required_tokens + skeleton_family + delimiter_integrity + boolean_signal
PG_BOOL_R017_C01,PG_BOOL_R017,Y3,between_range,1,base_predicate,6,AND|BETWEEN,INT BETWEEN INT AND INT,36946cf2c4184d3501a1c242,required_tokens + skeleton_family + delimiter_integrity + boolean_signal
PG_BOOL_R017_C02,PG_BOOL_R017,Y3,between_range,2,parenthesized_predicate,6,AND|BETWEEN,(INT BETWEEN INT AND INT),9e78c03dc4a47c13257100e7,required_tokens + skeleton_family + delimiter_integrity + boolean_signal
PG_BOOL_R017_C03,PG_BOOL_R017,Y3,between_range,3,negated_inverse_predicate,6,AND|BETWEEN|NOT,NOT (INT BETWEEN INT AND INT),1688e16684d022476d9b4e85,required_tokens + skeleton_family + delimiter_integrity + boolean_signal
PG_BOOL_R017_C04,PG_BOOL_R017,Y3,between_range,4,is_true_wrapper,6,AND|BETWEEN|IS|TRUE,(INT BETWEEN INT AND INT) IS TRUE,1e3111448dad2169cbf60dda,required_tokens + skeleton_family + delimiter_integrity + boolean_signal
PG_BOOL_R017_C05,PG_BOOL_R017,Y3,between_range,5,is_not_false_wrapper,6,AND|BETWEEN|FALSE|IS|NOT,(INT BETWEEN INT AND INT) IS NOT FALSE,f477a529c326a3b33e18a275,required_tokens + skeleton_family + delimiter_integrity + boolean_signal
PG_BOOL_R017_C06,PG_BOOL_R017,Y3,between_range,6,case_boolean_wrapper,6,AND|BETWEEN|CASE|ELSE|END|FALSE|THEN|TRUE|WHEN,CASE WHEN (INT BETWEEN INT AND INT) THEN TRUE ELSE FALSE END,7753875e2b742179cb157663,required_tokens + skeleton_family + delimiter_integrity + boolean_signal
PG_BOOL_R017_C07,PG_BOOL_R017,Y3,between_range,7,and_true_guard,6,=|AND|BETWEEN,(INT BETWEEN INT AND INT) AND (INT = INT),5eec6ffb1f8a232ece1fb0dc,required_tokens + skeleton_family + delimiter_integrity + boolean_signal
PG_BOOL_R017_C08,PG_BOOL_R017,Y3,between_range,8,or_false_guard,6,<|<>|>|AND|BETWEEN|OR,(INT BETWEEN INT AND INT) OR (INT <> INT),03a37cf2ebae1e7d7e7ffe93,required_tokens + skeleton_family + delimiter_integrity + boolean_signal
PG_BOOL_R017_C09,PG_BOOL_R017,Y3,between_range,9,equals_true_wrapper,6,=|AND|BETWEEN|TRUE,((INT BETWEEN INT AND INT) = TRUE),646d8db1597178645ca1669f,required_tokens + skeleton_family + delimiter_integrity + boolean_signal
PG_BOOL_R017_C10,PG_BOOL_R017,Y3,between_range,10,coalesce_false_wrapper,6,AND|BETWEEN|COALESCE|FALSE,"COALESCE((INT BETWEEN INT AND INT), FALSE)",816bbf9c82fea98bcac5d720,required_tokens + skeleton_family + delimiter_integrity + boolean_signal
PG_BOOL_R018_C01,PG_BOOL_R018,Y3,between_range,1,base_predicate,6,AND|BETWEEN,INT BETWEEN INT AND INT,db2b798654da09a0068b0f6d,required_tokens + skeleton_family + delimiter_integrity + boolean_signal
PG_BOOL_R018_C02,PG_BOOL_R018,Y3,between_range,2,parenthesized_predicate,6,AND|BETWEEN,(INT BETWEEN INT AND INT),2ccce47e392c194443192e4a,required_tokens + skeleton_family + delimiter_integrity + boolean_signal
PG_BOOL_R018_C03,PG_BOOL_R018,Y3,between_range,3,negated_inverse_predicate,6,AND|BETWEEN|NOT,NOT (INT BETWEEN INT AND INT),0e2d2fc2ff0efc0fad7e40b1,required_tokens + skeleton_family + delimiter_integrity + boolean_signal
PG_BOOL_R018_C04,PG_BOOL_R018,Y3,between_range,4,is_true_wrapper,6,AND|BETWEEN|IS|TRUE,(INT BETWEEN INT AND INT) IS TRUE,160820519bc78c600e7e69e1,required_tokens + skeleton_family + delimiter_integrity + boolean_signal
PG_BOOL_R018_C05,PG_BOOL_R018,Y3,between_range,5,is_not_false_wrapper,6,AND|BETWEEN|FALSE|IS|NOT,(INT BETWEEN INT AND INT) IS NOT FALSE,3758fc2dddec13825f2ee9cf,required_tokens + skeleton_family + delimiter_integrity + boolean_signal
PG_BOOL_R018_C06,PG_BOOL_R018,Y3,between_range,6,case_boolean_wrapper,6,AND|BETWEEN|CASE|ELSE|END|FALSE|THEN|TRUE|WHEN,CASE WHEN (INT BETWEEN INT AND INT) THEN TRUE ELSE FALSE END,c83a189ff1482774e739f3c5,required_tokens + skeleton_family + delimiter_integrity + boolean_signal
PG_BOOL_R018_C07,PG_BOOL_R018,Y3,between_range,7,and_true_guard,6,=|AND|BETWEEN,(INT BETWEEN INT AND INT) AND (INT = INT),9544ebb19d04d082bd9e3ea0,required_tokens + skeleton_family + delimiter_integrity + boolean_signal
PG_BOOL_R018_C08,PG_BOOL_R018,Y3,between_range,8,or_false_guard,6,<|<>|>|AND|BETWEEN|OR,(INT BETWEEN INT AND INT) OR (INT <> INT),eac5aeabb121a9d5042e2a56,required_tokens + skeleton_family + delimiter_integrity + boolean_signal
PG_BOOL_R018_C09,PG_BOOL_R018,Y3,between_range,9,equals_true_wrapper,6,=|AND|BETWEEN|TRUE,((INT BETWEEN INT AND INT) = TRUE),e41e2a8cc9661fd26d22c6a4,required_tokens + skeleton_family + delimiter_integrity + boolean_signal
PG_BOOL_R018_C10,PG_BOOL_R018,Y3,between_range,10,coalesce_false_wrapper,6,AND|BETWEEN|COALESCE|FALSE,"COALESCE((INT BETWEEN INT AND INT), FALSE)",a72119cc1a6b1e67932bf8e8,required_tokens + skeleton_family + delimiter_integrity + boolean_signal
PG_BOOL_R019_C01,PG_BOOL_R019,Y3,between_range,1,base_predicate,6,AND|BETWEEN|NOT,INT NOT BETWEEN INT AND INT,1b78f9a3f8cf0de866c94812,required_tokens + skeleton_family + delimiter_integrity + boolean_signal
PG_BOOL_R019_C02,PG_BOOL_R019,Y3,between_range,2,parenthesized_predicate,6,AND|BETWEEN|NOT,(INT NOT BETWEEN INT AND INT),39049d69b63db1eb0e6d37c9,required_tokens + skeleton_family + delimiter_integrity + boolean_signal
PG_BOOL_R019_C03,PG_BOOL_R019,Y3,between_range,3,negated_inverse_predicate,6,AND|BETWEEN|NOT,NOT (INT NOT BETWEEN INT AND INT),73a9fec6f756bad821d99325,required_tokens + skeleton_family + delimiter_integrity + boolean_signal
PG_BOOL_R019_C04,PG_BOOL_R019,Y3,between_range,4,is_true_wrapper,6,AND|BETWEEN|IS|NOT|TRUE,(INT NOT BETWEEN INT AND INT) IS TRUE,c5a6d9fc96da2dd6154f6e4f,required_tokens + skeleton_family + delimiter_integrity + boolean_signal
PG_BOOL_R019_C05,PG_BOOL_R019,Y3,between_range,5,is_not_false_wrapper,6,AND|BETWEEN|FALSE|IS|NOT,(INT NOT BETWEEN INT AND INT) IS NOT FALSE,e7719a2d6ee170cc1cb1f084,required_tokens + skeleton_family + delimiter_integrity + boolean_signal
PG_BOOL_R019_C06,PG_BOOL_R019,Y3,between_range,6,case_boolean_wrapper,6,AND|BETWEEN|CASE|ELSE|END|FALSE|NOT|THEN|TRUE|WHEN,CASE WHEN (INT NOT BETWEEN INT AND INT) THEN TRUE ELSE FALSE END,2c1d4d602a191f6a086c190b,required_tokens + skeleton_family + delimiter_integrity + boolean_signal
PG_BOOL_R019_C07,PG_BOOL_R019,Y3,between_range,7,and_true_guard,6,=|AND|BETWEEN|NOT,(INT NOT BETWEEN INT AND INT) AND (INT = INT),269b7733d6a7385199e88e0e,required_tokens + skeleton_family + delimiter_integrity + boolean_signal
PG_BOOL_R019_C08,PG_BOOL_R019,Y3,between_range,8,or_false_guard,6,<|<>|>|AND|BETWEEN|NOT|OR,(INT NOT BETWEEN INT AND INT) OR (INT <> INT),abbc957511fabac5eb43b3b1,required_tokens + skeleton_family + delimiter_integrity + boolean_signal
PG_BOOL_R019_C09,PG_BOOL_R019,Y3,between_range,9,equals_true_wrapper,6,=|AND|BETWEEN|NOT|TRUE,((INT NOT BETWEEN INT AND INT) = TRUE),cbb4fc203b80a2bd7e634dd3,required_tokens + skeleton_family + delimiter_integrity + boolean_signal
PG_BOOL_R019_C10,PG_BOOL_R019,Y3,between_range,10,coalesce_false_wrapper,6,AND|BETWEEN|COALESCE|FALSE|NOT,"COALESCE((INT NOT BETWEEN INT AND INT), FALSE)",d2dea0209aca33047c526bdf,required_tokens + skeleton_family + delimiter_integrity + boolean_signal
PG_BOOL_R020_C01,PG_BOOL_R020,Y3,between_range,1,base_predicate,6,AND|BETWEEN,(INT) BETWEEN (INT) AND (INT),f046e6e0224f3d5ad9feb18b,required_tokens + skeleton_family + delimiter_integrity + boolean_signal
PG_BOOL_R020_C02,PG_BOOL_R020,Y3,between_range,2,parenthesized_predicate,6,AND|BETWEEN,((INT) BETWEEN (INT) AND (INT)),b56e259abcebc859de7228c7,required_tokens + skeleton_family + delimiter_integrity + boolean_signal
PG_BOOL_R020_C03,PG_BOOL_R020,Y3,between_range,3,negated_inverse_predicate,6,AND|BETWEEN|NOT,NOT ((INT) BETWEEN (INT) AND (INT)),7e57eae561cc871fb56119f0,required_tokens + skeleton_family + delimiter_integrity + boolean_signal
PG_BOOL_R020_C04,PG_BOOL_R020,Y3,between_range,4,is_true_wrapper,6,AND|BETWEEN|IS|TRUE,((INT) BETWEEN (INT) AND (INT)) IS TRUE,39da758e57a27823320723a5,required_tokens + skeleton_family + delimiter_integrity + boolean_signal
PG_BOOL_R020_C05,PG_BOOL_R020,Y3,between_range,5,is_not_false_wrapper,6,AND|BETWEEN|FALSE|IS|NOT,((INT) BETWEEN (INT) AND (INT)) IS NOT FALSE,e0a491de2e293f0c5a310d91,required_tokens + skeleton_family + delimiter_integrity + boolean_signal
PG_BOOL_R020_C06,PG_BOOL_R020,Y3,between_range,6,case_boolean_wrapper,6,AND|BETWEEN|CASE|ELSE|END|FALSE|THEN|TRUE|WHEN,CASE WHEN ((INT) BETWEEN (INT) AND (INT)) THEN TRUE ELSE FALSE END,59ae78fd1f6b655e68bb4f5f,required_tokens + skeleton_family + delimiter_integrity + boolean_signal
PG_BOOL_R020_C07,PG_BOOL_R020,Y3,between_range,7,and_true_guard,6,=|AND|BETWEEN,((INT) BETWEEN (INT) AND (INT)) AND (INT = INT),99ae11becacb82ec9d9b7ad4,required_tokens + skeleton_family + delimiter_integrity + boolean_signal
PG_BOOL_R020_C08,PG_BOOL_R020,Y3,between_range,8,or_false_guard,6,<|<>|>|AND|BETWEEN|OR,((INT) BETWEEN (INT) AND (INT)) OR (INT <> INT),4134b314bcf59f01b97aeecb,required_tokens + skeleton_family + delimiter_integrity + boolean_signal
PG_BOOL_R020_C09,PG_BOOL_R020,Y3,between_range,9,equals_true_wrapper,6,=|AND|BETWEEN|TRUE,(((INT) BETWEEN (INT) AND (INT)) = TRUE),d995fa3f5a115341614acdd0,required_tokens + skeleton_family + delimiter_integrity + boolean_signal
PG_BOOL_R020_C10,PG_BOOL_R020,Y3,between_range,10,coalesce_false_wrapper,6,AND|BETWEEN|COALESCE|FALSE,"COALESCE(((INT) BETWEEN (INT) AND (INT)), FALSE)",28d3c736fbc7a6987e85cdef,required_tokens + skeleton_family + delimiter_integrity + boolean_signal
PG_BOOL_R021_C01,PG_BOOL_R021,Y3,membership_list,1,base_predicate,6,IN,"INT IN (INT, INT, INT)",09971c5ff057ddf0c74bf305,required_tokens + skeleton_family + delimiter_integrity + boolean_signal
PG_BOOL_R021_C02,PG_BOOL_R021,Y3,membership_list,2,parenthesized_predicate,6,IN,"(INT IN (INT, INT, INT))",6a07fc122aafbf85eee4ea98,required_tokens + skeleton_family + delimiter_integrity + boolean_signal
PG_BOOL_R021_C03,PG_BOOL_R021,Y3,membership_list,3,negated_inverse_predicate,6,IN|NOT,"NOT (INT IN (INT, INT, INT))",59d133c01a6ab820654a50eb,required_tokens + skeleton_family + delimiter_integrity + boolean_signal
PG_BOOL_R021_C04,PG_BOOL_R021,Y3,membership_list,4,is_true_wrapper,6,IN|IS|TRUE,"(INT IN (INT, INT, INT)) IS TRUE",171d16eb05daa31719b6ca3d,required_tokens + skeleton_family + delimiter_integrity + boolean_signal
PG_BOOL_R021_C05,PG_BOOL_R021,Y3,membership_list,5,is_not_false_wrapper,6,FALSE|IN|IS|NOT,"(INT IN (INT, INT, INT)) IS NOT FALSE",f9a823aa3f5ac33c8a27477f,required_tokens + skeleton_family + delimiter_integrity + boolean_signal
PG_BOOL_R021_C06,PG_BOOL_R021,Y3,membership_list,6,case_boolean_wrapper,6,CASE|ELSE|END|FALSE|IN|THEN|TRUE|WHEN,"CASE WHEN (INT IN (INT, INT, INT)) THEN TRUE ELSE FALSE END",92b3b6d0088520b76acd7deb,required_tokens + skeleton_family + delimiter_integrity + boolean_signal
PG_BOOL_R021_C07,PG_BOOL_R021,Y3,membership_list,7,and_true_guard,6,=|AND|IN,"(INT IN (INT, INT, INT)) AND (INT = INT)",d46046ec56a54dad7bcfe757,required_tokens + skeleton_family + delimiter_integrity + boolean_signal
PG_BOOL_R021_C08,PG_BOOL_R021,Y3,membership_list,8,or_false_guard,6,<|<>|>|IN|OR,"(INT IN (INT, INT, INT)) OR (INT <> INT)",483ea929b482b70b2e2cd076,required_tokens + skeleton_family + delimiter_integrity + boolean_signal
PG_BOOL_R021_C09,PG_BOOL_R021,Y3,membership_list,9,equals_true_wrapper,6,=|IN|TRUE,"((INT IN (INT, INT, INT)) = TRUE)",9fbad2cb422458602ceb85be,required_tokens + skeleton_family + delimiter_integrity + boolean_signal
PG_BOOL_R021_C10,PG_BOOL_R021,Y3,membership_list,10,coalesce_false_wrapper,6,COALESCE|FALSE|IN,"COALESCE((INT IN (INT, INT, INT)), FALSE)",da53c08b9029e76146be3513,required_tokens + skeleton_family + delimiter_integrity + boolean_signal
PG_BOOL_R022_C01,PG_BOOL_R022,Y3,membership_list,1,base_predicate,6,IN,"INT IN (INT, INT, INT)",874f3d7b48dc5a558edbc270,required_tokens + skeleton_family + delimiter_integrity + boolean_signal
PG_BOOL_R022_C02,PG_BOOL_R022,Y3,membership_list,2,parenthesized_predicate,6,IN,"(INT IN (INT, INT, INT))",56087fe153cb840632518827,required_tokens + skeleton_family + delimiter_integrity + boolean_signal
PG_BOOL_R022_C03,PG_BOOL_R022,Y3,membership_list,3,negated_inverse_predicate,6,IN|NOT,"NOT (INT IN (INT, INT, INT))",3f0a1a1d9cfe355a1d2c465c,required_tokens + skeleton_family + delimiter_integrity + boolean_signal
PG_BOOL_R022_C04,PG_BOOL_R022,Y3,membership_list,4,is_true_wrapper,6,IN|IS|TRUE,"(INT IN (INT, INT, INT)) IS TRUE",f1a7bf668e7881b8c01c6d7d,required_tokens + skeleton_family + delimiter_integrity + boolean_signal
PG_BOOL_R022_C05,PG_BOOL_R022,Y3,membership_list,5,is_not_false_wrapper,6,FALSE|IN|IS|NOT,"(INT IN (INT, INT, INT)) IS NOT FALSE",29de92428aeca1dc2050fe20,required_tokens + skeleton_family + delimiter_integrity + boolean_signal
PG_BOOL_R022_C06,PG_BOOL_R022,Y3,membership_list,6,case_boolean_wrapper,6,CASE|ELSE|END|FALSE|IN|THEN|TRUE|WHEN,"CASE WHEN (INT IN (INT, INT, INT)) THEN TRUE ELSE FALSE END",8f726c689196b2712d16b94a,required_tokens + skeleton_family + delimiter_integrity + boolean_signal
PG_BOOL_R022_C07,PG_BOOL_R022,Y3,membership_list,7,and_true_guard,6,=|AND|IN,"(INT IN (INT, INT, INT)) AND (INT = INT)",a3c752e9af08422ea5a71d9c,required_tokens + skeleton_family + delimiter_integrity + boolean_signal
PG_BOOL_R022_C08,PG_BOOL_R022,Y3,membership_list,8,or_false_guard,6,<|<>|>|IN|OR,"(INT IN (INT, INT, INT)) OR (INT <> INT)",3b6f61210be13c2658017a3f,required_tokens + skeleton_family + delimiter_integrity + boolean_signal
PG_BOOL_R022_C09,PG_BOOL_R022,Y3,membership_list,9,equals_true_wrapper,6,=|IN|TRUE,"((INT IN (INT, INT, INT)) = TRUE)",b149118ef301a6af66e78f8d,required_tokens + skeleton_family + delimiter_integrity + boolean_signal
PG_BOOL_R022_C10,PG_BOOL_R022,Y3,membership_list,10,coalesce_false_wrapper,6,COALESCE|FALSE|IN,"COALESCE((INT IN (INT, INT, INT)), FALSE)",dd3651b0256d5f938dd00e8b,required_tokens + skeleton_family + delimiter_integrity + boolean_signal
PG_BOOL_R023_C01,PG_BOOL_R023,Y3,membership_list,1,base_predicate,6,IN|NOT,"INT NOT IN (INT, INT, INT)",9c6be1658367ce992659dac5,required_tokens + skeleton_family + delimiter_integrity + boolean_signal
PG_BOOL_R023_C02,PG_BOOL_R023,Y3,membership_list,2,parenthesized_predicate,6,IN|NOT,"(INT NOT IN (INT, INT, INT))",3f5d5473250b5081682bdd98,required_tokens + skeleton_family + delimiter_integrity + boolean_signal
PG_BOOL_R023_C03,PG_BOOL_R023,Y3,membership_list,3,negated_inverse_predicate,6,IN|NOT,"NOT (INT NOT IN (INT, INT, INT))",eb79a2d04cbed40fb53a542f,required_tokens + skeleton_family + delimiter_integrity + boolean_signal
PG_BOOL_R023_C04,PG_BOOL_R023,Y3,membership_list,4,is_true_wrapper,6,IN|IS|NOT|TRUE,"(INT NOT IN (INT, INT, INT)) IS TRUE",8204883a5ea9d84a70ffb31c,required_tokens + skeleton_family + delimiter_integrity + boolean_signal
PG_BOOL_R023_C05,PG_BOOL_R023,Y3,membership_list,5,is_not_false_wrapper,6,FALSE|IN|IS|NOT,"(INT NOT IN (INT, INT, INT)) IS NOT FALSE",343bae4ac90bed013fbd0630,required_tokens + skeleton_family + delimiter_integrity + boolean_signal
PG_BOOL_R023_C06,PG_BOOL_R023,Y3,membership_list,6,case_boolean_wrapper,6,CASE|ELSE|END|FALSE|IN|NOT|THEN|TRUE|WHEN,"CASE WHEN (INT NOT IN (INT, INT, INT)) THEN TRUE ELSE FALSE END",cdd4ce5353d80c89685aa541,required_tokens + skeleton_family + delimiter_integrity + boolean_signal
PG_BOOL_R023_C07,PG_BOOL_R023,Y3,membership_list,7,and_true_guard,6,=|AND|IN|NOT,"(INT NOT IN (INT, INT, INT)) AND (INT = INT)",060c601915816fdccbeec2dc,required_tokens + skeleton_family + delimiter_integrity + boolean_signal
PG_BOOL_R023_C08,PG_BOOL_R023,Y3,membership_list,8,or_false_guard,6,<|<>|>|IN|NOT|OR,"(INT NOT IN (INT, INT, INT)) OR (INT <> INT)",0b72d729c2e76418aef669f4,required_tokens + skeleton_family + delimiter_integrity + boolean_signal
PG_BOOL_R023_C09,PG_BOOL_R023,Y3,membership_list,9,equals_true_wrapper,6,=|IN|NOT|TRUE,"((INT NOT IN (INT, INT, INT)) = TRUE)",5c11d32b4c4bc4baaa3fc1c6,required_tokens + skeleton_family + delimiter_integrity + boolean_signal
PG_BOOL_R023_C10,PG_BOOL_R023,Y3,membership_list,10,coalesce_false_wrapper,6,COALESCE|FALSE|IN|NOT,"COALESCE((INT NOT IN (INT, INT, INT)), FALSE)",ca049f40076774c6009c0fe0,required_tokens + skeleton_family + delimiter_integrity + boolean_signal
PG_BOOL_R024_C01,PG_BOOL_R024,Y3,membership_list,1,base_predicate,6,IN,"STR IN (STR, STR)",b77e722e8d7c3012ad141afc,required_tokens + skeleton_family + delimiter_integrity + boolean_signal
PG_BOOL_R024_C02,PG_BOOL_R024,Y3,membership_list,2,parenthesized_predicate,6,IN,"(STR IN (STR, STR))",34159d588980fb4f21256503,required_tokens + skeleton_family + delimiter_integrity + boolean_signal
PG_BOOL_R024_C03,PG_BOOL_R024,Y3,membership_list,3,negated_inverse_predicate,6,IN|NOT,"NOT (STR IN (STR, STR))",8f649fe519e26280a7458ce6,required_tokens + skeleton_family + delimiter_integrity + boolean_signal
PG_BOOL_R024_C04,PG_BOOL_R024,Y3,membership_list,4,is_true_wrapper,6,IN|IS|TRUE,"(STR IN (STR, STR)) IS TRUE",9ccc5bed0dbfafb4b743905a,required_tokens + skeleton_family + delimiter_integrity + boolean_signal
PG_BOOL_R024_C05,PG_BOOL_R024,Y3,membership_list,5,is_not_false_wrapper,6,FALSE|IN|IS|NOT,"(STR IN (STR, STR)) IS NOT FALSE",9db2aa9b28e1bc3a99407c33,required_tokens + skeleton_family + delimiter_integrity + boolean_signal
PG_BOOL_R024_C06,PG_BOOL_R024,Y3,membership_list,6,case_boolean_wrapper,6,CASE|ELSE|END|FALSE|IN|THEN|TRUE|WHEN,"CASE WHEN (STR IN (STR, STR)) THEN TRUE ELSE FALSE END",91bb40a3c59d0f3d06541683,required_tokens + skeleton_family + delimiter_integrity + boolean_signal
PG_BOOL_R024_C07,PG_BOOL_R024,Y3,membership_list,7,and_true_guard,6,=|AND|IN,"(STR IN (STR, STR)) AND (INT = INT)",56ef0c7bafbd94e8abc3d5d2,required_tokens + skeleton_family + delimiter_integrity + boolean_signal
PG_BOOL_R024_C08,PG_BOOL_R024,Y3,membership_list,8,or_false_guard,6,<|<>|>|IN|OR,"(STR IN (STR, STR)) OR (INT <> INT)",d7512ac59c930600e74f3ccb,required_tokens + skeleton_family + delimiter_integrity + boolean_signal
PG_BOOL_R024_C09,PG_BOOL_R024,Y3,membership_list,9,equals_true_wrapper,6,=|IN|TRUE,"((STR IN (STR, STR)) = TRUE)",2fac6df07bc1b7a3d9c514f1,required_tokens + skeleton_family + delimiter_integrity + boolean_signal
PG_BOOL_R024_C10,PG_BOOL_R024,Y3,membership_list,10,coalesce_false_wrapper,6,COALESCE|FALSE|IN,"COALESCE((STR IN (STR, STR)), FALSE)",e0e666278b1aa06b2181df73,required_tokens + skeleton_family + delimiter_integrity + boolean_signal
PG_BOOL_R025_C01,PG_BOOL_R025,Y3,membership_list,1,base_predicate,6,IN|NOT,"STR NOT IN (STR, STR)",ba7f12fdca306a0d519d9642,required_tokens + skeleton_family + delimiter_integrity + boolean_signal
PG_BOOL_R025_C02,PG_BOOL_R025,Y3,membership_list,2,parenthesized_predicate,6,IN|NOT,"(STR NOT IN (STR, STR))",fc7cc829fbab7f486a9b4642,required_tokens + skeleton_family + delimiter_integrity + boolean_signal
PG_BOOL_R025_C03,PG_BOOL_R025,Y3,membership_list,3,negated_inverse_predicate,6,IN|NOT,"NOT (STR NOT IN (STR, STR))",5cbb0bb2d7b71173a902c3fe,required_tokens + skeleton_family + delimiter_integrity + boolean_signal
PG_BOOL_R025_C04,PG_BOOL_R025,Y3,membership_list,4,is_true_wrapper,6,IN|IS|NOT|TRUE,"(STR NOT IN (STR, STR)) IS TRUE",39a1f952b84b79be7a4b91f1,required_tokens + skeleton_family + delimiter_integrity + boolean_signal
PG_BOOL_R025_C05,PG_BOOL_R025,Y3,membership_list,5,is_not_false_wrapper,6,FALSE|IN|IS|NOT,"(STR NOT IN (STR, STR)) IS NOT FALSE",69d6dfb666298fb9bcaeea12,required_tokens + skeleton_family + delimiter_integrity + boolean_signal
PG_BOOL_R025_C06,PG_BOOL_R025,Y3,membership_list,6,case_boolean_wrapper,6,CASE|ELSE|END|FALSE|IN|NOT|THEN|TRUE|WHEN,"CASE WHEN (STR NOT IN (STR, STR)) THEN TRUE ELSE FALSE END",ee2962fc33455897d6e9b9bb,required_tokens + skeleton_family + delimiter_integrity + boolean_signal
PG_BOOL_R025_C07,PG_BOOL_R025,Y3,membership_list,7,and_true_guard,6,=|AND|IN|NOT,"(STR NOT IN (STR, STR)) AND (INT = INT)",707c9f39c43c5b02734a6ec9,required_tokens + skeleton_family + delimiter_integrity + boolean_signal
PG_BOOL_R025_C08,PG_BOOL_R025,Y3,membership_list,8,or_false_guard,6,<|<>|>|IN|NOT|OR,"(STR NOT IN (STR, STR)) OR (INT <> INT)",4a21684a578b1b6723dac582,required_tokens + skeleton_family + delimiter_integrity + boolean_signal
PG_BOOL_R025_C09,PG_BOOL_R025,Y3,membership_list,9,equals_true_wrapper,6,=|IN|NOT|TRUE,"((STR NOT IN (STR, STR)) = TRUE)",c44de1008b9a1fc9ea3b2bcd,required_tokens + skeleton_family + delimiter_integrity + boolean_signal
PG_BOOL_R025_C10,PG_BOOL_R025,Y3,membership_list,10,coalesce_false_wrapper,6,COALESCE|FALSE|IN|NOT,"COALESCE((STR NOT IN (STR, STR)), FALSE)",36deb7284420f89fbaf57956,required_tokens + skeleton_family + delimiter_integrity + boolean_signal
PG_BOOL_R026_C01,PG_BOOL_R026,Y3,any_all_array,1,base_predicate,6,=|ANY|ARRAY,"INT = ANY(ARRAY[INT, INT, INT])",8e1a72ba7cb89b3eb85f373b,required_tokens + skeleton_family + delimiter_integrity + boolean_signal
PG_BOOL_R026_C02,PG_BOOL_R026,Y3,any_all_array,2,parenthesized_predicate,6,=|ANY|ARRAY,"(INT = ANY(ARRAY[INT, INT, INT]))",578a38d9566c15c4fdf3e848,required_tokens + skeleton_family + delimiter_integrity + boolean_signal
PG_BOOL_R026_C03,PG_BOOL_R026,Y3,any_all_array,3,negated_inverse_predicate,6,=|ANY|ARRAY|NOT,"NOT (INT = ANY(ARRAY[INT, INT, INT]))",7ecd408ea312ec2db01e0a35,required_tokens + skeleton_family + delimiter_integrity + boolean_signal
PG_BOOL_R026_C04,PG_BOOL_R026,Y3,any_all_array,4,is_true_wrapper,6,=|ANY|ARRAY|IS|TRUE,"(INT = ANY(ARRAY[INT, INT, INT])) IS TRUE",9e37343f57372928a5ee8057,required_tokens + skeleton_family + delimiter_integrity + boolean_signal
PG_BOOL_R026_C05,PG_BOOL_R026,Y3,any_all_array,5,is_not_false_wrapper,6,=|ANY|ARRAY|FALSE|IS|NOT,"(INT = ANY(ARRAY[INT, INT, INT])) IS NOT FALSE",081c67e680d8abfbcdd40235,required_tokens + skeleton_family + delimiter_integrity + boolean_signal
PG_BOOL_R026_C06,PG_BOOL_R026,Y3,any_all_array,6,case_boolean_wrapper,6,=|ANY|ARRAY|CASE|ELSE|END|FALSE|THEN|TRUE|WHEN,"CASE WHEN (INT = ANY(ARRAY[INT, INT, INT])) THEN TRUE ELSE FALSE END",cab96073439edcbf919fb326,required_tokens + skeleton_family + delimiter_integrity + boolean_signal
PG_BOOL_R026_C07,PG_BOOL_R026,Y3,any_all_array,7,and_true_guard,6,=|AND|ANY|ARRAY,"(INT = ANY(ARRAY[INT, INT, INT])) AND (INT = INT)",3f9e5e7f20692d0df4f73578,required_tokens + skeleton_family + delimiter_integrity + boolean_signal
PG_BOOL_R026_C08,PG_BOOL_R026,Y3,any_all_array,8,or_false_guard,6,<|<>|=|>|ANY|ARRAY|OR,"(INT = ANY(ARRAY[INT, INT, INT])) OR (INT <> INT)",48a0882529ab4c6684ca702e,required_tokens + skeleton_family + delimiter_integrity + boolean_signal
PG_BOOL_R026_C09,PG_BOOL_R026,Y3,any_all_array,9,equals_true_wrapper,6,=|ANY|ARRAY|TRUE,"((INT = ANY(ARRAY[INT, INT, INT])) = TRUE)",35a00cfee2214b5ee251d585,required_tokens + skeleton_family + delimiter_integrity + boolean_signal
PG_BOOL_R026_C10,PG_BOOL_R026,Y3,any_all_array,10,coalesce_false_wrapper,6,=|ANY|ARRAY|COALESCE|FALSE,"COALESCE((INT = ANY(ARRAY[INT, INT, INT])), FALSE)",596c419a6e8d13218f1cec94,required_tokens + skeleton_family + delimiter_integrity + boolean_signal
PG_BOOL_R027_C01,PG_BOOL_R027,Y3,any_all_array,1,base_predicate,6,<|<>|>|ALL|ARRAY,"INT <> ALL(ARRAY[INT, INT, INT])",e67c10063ba18ec0902afa12,required_tokens + skeleton_family + delimiter_integrity + boolean_signal
PG_BOOL_R027_C02,PG_BOOL_R027,Y3,any_all_array,2,parenthesized_predicate,6,<|<>|>|ALL|ARRAY,"(INT <> ALL(ARRAY[INT, INT, INT]))",30b2930275e5973b49feab17,required_tokens + skeleton_family + delimiter_integrity + boolean_signal
PG_BOOL_R027_C03,PG_BOOL_R027,Y3,any_all_array,3,negated_inverse_predicate,6,<|<>|>|ALL|ARRAY|NOT,"NOT (INT <> ALL(ARRAY[INT, INT, INT]))",6dea9663d0d2ef33e2b4033d,required_tokens + skeleton_family + delimiter_integrity + boolean_signal
PG_BOOL_R027_C04,PG_BOOL_R027,Y3,any_all_array,4,is_true_wrapper,6,<|<>|>|ALL|ARRAY|IS|TRUE,"(INT <> ALL(ARRAY[INT, INT, INT])) IS TRUE",91ce2fe6575821b5a7a08c51,required_tokens + skeleton_family + delimiter_integrity + boolean_signal
PG_BOOL_R027_C05,PG_BOOL_R027,Y3,any_all_array,5,is_not_false_wrapper,6,<|<>|>|ALL|ARRAY|FALSE|IS|NOT,"(INT <> ALL(ARRAY[INT, INT, INT])) IS NOT FALSE",ff70a241e2680c3c5e9d4147,required_tokens + skeleton_family + delimiter_integrity + boolean_signal
PG_BOOL_R027_C06,PG_BOOL_R027,Y3,any_all_array,6,case_boolean_wrapper,6,<|<>|>|ALL|ARRAY|CASE|ELSE|END|FALSE|THEN|TRUE|WHEN,"CASE WHEN (INT <> ALL(ARRAY[INT, INT, INT])) THEN TRUE ELSE FALSE END",5ac102b4bbffb9ae21ed1e14,required_tokens + skeleton_family + delimiter_integrity + boolean_signal
PG_BOOL_R027_C07,PG_BOOL_R027,Y3,any_all_array,7,and_true_guard,6,<|<>|=|>|ALL|AND|ARRAY,"(INT <> ALL(ARRAY[INT, INT, INT])) AND (INT = INT)",68bf7e06677a6499d684dc8c,required_tokens + skeleton_family + delimiter_integrity + boolean_signal
PG_BOOL_R027_C08,PG_BOOL_R027,Y3,any_all_array,8,or_false_guard,6,<|<>|>|ALL|ARRAY|OR,"(INT <> ALL(ARRAY[INT, INT, INT])) OR (INT <> INT)",9dc229bfa90ca00fa8ea99c2,required_tokens + skeleton_family + delimiter_integrity + boolean_signal
PG_BOOL_R027_C09,PG_BOOL_R027,Y3,any_all_array,9,equals_true_wrapper,6,<|<>|=|>|ALL|ARRAY|TRUE,"((INT <> ALL(ARRAY[INT, INT, INT])) = TRUE)",653de156f9129ace803267cb,required_tokens + skeleton_family + delimiter_integrity + boolean_signal
PG_BOOL_R027_C10,PG_BOOL_R027,Y3,any_all_array,10,coalesce_false_wrapper,6,<|<>|>|ALL|ARRAY|COALESCE|FALSE,"COALESCE((INT <> ALL(ARRAY[INT, INT, INT])), FALSE)",d911bd8fb5c7b2bc64ff16c3,required_tokens + skeleton_family + delimiter_integrity + boolean_signal
PG_BOOL_R028_C01,PG_BOOL_R028,Y3,any_all_array,1,base_predicate,6,>|ALL|ARRAY,"INT > ALL(ARRAY[INT, INT, INT])",1b2d300d789516f9af636223,required_tokens + skeleton_family + delimiter_integrity + boolean_signal
PG_BOOL_R028_C02,PG_BOOL_R028,Y3,any_all_array,2,parenthesized_predicate,6,>|ALL|ARRAY,"(INT > ALL(ARRAY[INT, INT, INT]))",b38248a33ba6d81cb6ebee82,required_tokens + skeleton_family + delimiter_integrity + boolean_signal
PG_BOOL_R028_C03,PG_BOOL_R028,Y3,any_all_array,3,negated_inverse_predicate,6,>|ALL|ARRAY|NOT,"NOT (INT > ALL(ARRAY[INT, INT, INT]))",77e4016d79070ee802a4b189,required_tokens + skeleton_family + delimiter_integrity + boolean_signal
PG_BOOL_R028_C04,PG_BOOL_R028,Y3,any_all_array,4,is_true_wrapper,6,>|ALL|ARRAY|IS|TRUE,"(INT > ALL(ARRAY[INT, INT, INT])) IS TRUE",43afa33779d9f1806b4944f1,required_tokens + skeleton_family + delimiter_integrity + boolean_signal
PG_BOOL_R028_C05,PG_BOOL_R028,Y3,any_all_array,5,is_not_false_wrapper,6,>|ALL|ARRAY|FALSE|IS|NOT,"(INT > ALL(ARRAY[INT, INT, INT])) IS NOT FALSE",6c992f05ffa88f2b4a8c112c,required_tokens + skeleton_family + delimiter_integrity + boolean_signal
PG_BOOL_R028_C06,PG_BOOL_R028,Y3,any_all_array,6,case_boolean_wrapper,6,>|ALL|ARRAY|CASE|ELSE|END|FALSE|THEN|TRUE|WHEN,"CASE WHEN (INT > ALL(ARRAY[INT, INT, INT])) THEN TRUE ELSE FALSE END",673d14ef7c7746d9e6e9be63,required_tokens + skeleton_family + delimiter_integrity + boolean_signal
PG_BOOL_R028_C07,PG_BOOL_R028,Y3,any_all_array,7,and_true_guard,6,=|>|ALL|AND|ARRAY,"(INT > ALL(ARRAY[INT, INT, INT])) AND (INT = INT)",cef97502dae9ce97cc69a405,required_tokens + skeleton_family + delimiter_integrity + boolean_signal
PG_BOOL_R028_C08,PG_BOOL_R028,Y3,any_all_array,8,or_false_guard,6,<|<>|>|ALL|ARRAY|OR,"(INT > ALL(ARRAY[INT, INT, INT])) OR (INT <> INT)",2e2d91e109769e2a769c8ba1,required_tokens + skeleton_family + delimiter_integrity + boolean_signal
PG_BOOL_R028_C09,PG_BOOL_R028,Y3,any_all_array,9,equals_true_wrapper,6,=|>|ALL|ARRAY|TRUE,"((INT > ALL(ARRAY[INT, INT, INT])) = TRUE)",15dfc013550648ce859dbc71,required_tokens + skeleton_family + delimiter_integrity + boolean_signal
PG_BOOL_R028_C10,PG_BOOL_R028,Y3,any_all_array,10,coalesce_false_wrapper,6,>|ALL|ARRAY|COALESCE|FALSE,"COALESCE((INT > ALL(ARRAY[INT, INT, INT])), FALSE)",7d2b649637e4e8d5621ef1dd,required_tokens + skeleton_family + delimiter_integrity + boolean_signal
PG_BOOL_R029_C01,PG_BOOL_R029,Y3,any_all_array,1,base_predicate,6,<|ALL|ARRAY,"INT < ALL(ARRAY[INT, INT, INT])",c8d47ba21b7e88e5fb8f8874,required_tokens + skeleton_family + delimiter_integrity + boolean_signal
PG_BOOL_R029_C02,PG_BOOL_R029,Y3,any_all_array,2,parenthesized_predicate,6,<|ALL|ARRAY,"(INT < ALL(ARRAY[INT, INT, INT]))",d667ab48dd4593d81b5d8a03,required_tokens + skeleton_family + delimiter_integrity + boolean_signal
PG_BOOL_R029_C03,PG_BOOL_R029,Y3,any_all_array,3,negated_inverse_predicate,6,<|ALL|ARRAY|NOT,"NOT (INT < ALL(ARRAY[INT, INT, INT]))",1a40899fa7b585f7616f4515,required_tokens + skeleton_family + delimiter_integrity + boolean_signal
PG_BOOL_R029_C04,PG_BOOL_R029,Y3,any_all_array,4,is_true_wrapper,6,<|ALL|ARRAY|IS|TRUE,"(INT < ALL(ARRAY[INT, INT, INT])) IS TRUE",93b498ad67c4767df1aed012,required_tokens + skeleton_family + delimiter_integrity + boolean_signal
PG_BOOL_R029_C05,PG_BOOL_R029,Y3,any_all_array,5,is_not_false_wrapper,6,<|ALL|ARRAY|FALSE|IS|NOT,"(INT < ALL(ARRAY[INT, INT, INT])) IS NOT FALSE",d8231053c565827684e38e11,required_tokens + skeleton_family + delimiter_integrity + boolean_signal
PG_BOOL_R029_C06,PG_BOOL_R029,Y3,any_all_array,6,case_boolean_wrapper,6,<|ALL|ARRAY|CASE|ELSE|END|FALSE|THEN|TRUE|WHEN,"CASE WHEN (INT < ALL(ARRAY[INT, INT, INT])) THEN TRUE ELSE FALSE END",5bf7ebcc59d0ebe3fc5d4726,required_tokens + skeleton_family + delimiter_integrity + boolean_signal
PG_BOOL_R029_C07,PG_BOOL_R029,Y3,any_all_array,7,and_true_guard,6,<|=|ALL|AND|ARRAY,"(INT < ALL(ARRAY[INT, INT, INT])) AND (INT = INT)",3165ce85d7671f0239d3198f,required_tokens + skeleton_family + delimiter_integrity + boolean_signal
PG_BOOL_R029_C08,PG_BOOL_R029,Y3,any_all_array,8,or_false_guard,6,<|<>|>|ALL|ARRAY|OR,"(INT < ALL(ARRAY[INT, INT, INT])) OR (INT <> INT)",a7a6034569ff2d2ba2f5b0b9,required_tokens + skeleton_family + delimiter_integrity + boolean_signal
PG_BOOL_R029_C09,PG_BOOL_R029,Y3,any_all_array,9,equals_true_wrapper,6,<|=|ALL|ARRAY|TRUE,"((INT < ALL(ARRAY[INT, INT, INT])) = TRUE)",1b99e3bbd0d7303c4956ef92,required_tokens + skeleton_family + delimiter_integrity + boolean_signal
PG_BOOL_R029_C10,PG_BOOL_R029,Y3,any_all_array,10,coalesce_false_wrapper,6,<|ALL|ARRAY|COALESCE|FALSE,"COALESCE((INT < ALL(ARRAY[INT, INT, INT])), FALSE)",83bf48a60ad569f740d4472c,required_tokens + skeleton_family + delimiter_integrity + boolean_signal
PG_BOOL_R030_C01,PG_BOOL_R030,Y3,any_all_array,1,base_predicate,6,<|<=|=|ANY|ARRAY,"INT <= ANY(ARRAY[INT, INT, INT])",11276c384c106b64c1cc1b6f,required_tokens + skeleton_family + delimiter_integrity + boolean_signal
PG_BOOL_R030_C02,PG_BOOL_R030,Y3,any_all_array,2,parenthesized_predicate,6,<|<=|=|ANY|ARRAY,"(INT <= ANY(ARRAY[INT, INT, INT]))",6a7a235314708ff08c55b6f7,required_tokens + skeleton_family + delimiter_integrity + boolean_signal
PG_BOOL_R030_C03,PG_BOOL_R030,Y3,any_all_array,3,negated_inverse_predicate,6,<|<=|=|ANY|ARRAY|NOT,"NOT (INT <= ANY(ARRAY[INT, INT, INT]))",61b98310ce13e6362207f00c,required_tokens + skeleton_family + delimiter_integrity + boolean_signal
PG_BOOL_R030_C04,PG_BOOL_R030,Y3,any_all_array,4,is_true_wrapper,6,<|<=|=|ANY|ARRAY|IS|TRUE,"(INT <= ANY(ARRAY[INT, INT, INT])) IS TRUE",6421bbb0688886a92844d71a,required_tokens + skeleton_family + delimiter_integrity + boolean_signal
PG_BOOL_R030_C05,PG_BOOL_R030,Y3,any_all_array,5,is_not_false_wrapper,6,<|<=|=|ANY|ARRAY|FALSE|IS|NOT,"(INT <= ANY(ARRAY[INT, INT, INT])) IS NOT FALSE",ab64ac11749a8166f983e57b,required_tokens + skeleton_family + delimiter_integrity + boolean_signal
PG_BOOL_R030_C06,PG_BOOL_R030,Y3,any_all_array,6,case_boolean_wrapper,6,<|<=|=|ANY|ARRAY|CASE|ELSE|END|FALSE|THEN|TRUE|WHEN,"CASE WHEN (INT <= ANY(ARRAY[INT, INT, INT])) THEN TRUE ELSE FALSE END",c880645564dc53ea108b1c2f,required_tokens + skeleton_family + delimiter_integrity + boolean_signal
PG_BOOL_R030_C07,PG_BOOL_R030,Y3,any_all_array,7,and_true_guard,6,<|<=|=|AND|ANY|ARRAY,"(INT <= ANY(ARRAY[INT, INT, INT])) AND (INT = INT)",203ee44dbd7ad1fb14e01c9d,required_tokens + skeleton_family + delimiter_integrity + boolean_signal
PG_BOOL_R030_C08,PG_BOOL_R030,Y3,any_all_array,8,or_false_guard,6,<|<=|<>|=|>|ANY|ARRAY|OR,"(INT <= ANY(ARRAY[INT, INT, INT])) OR (INT <> INT)",c8df06ecd5d6fe8329efed94,required_tokens + skeleton_family + delimiter_integrity + boolean_signal
PG_BOOL_R030_C09,PG_BOOL_R030,Y3,any_all_array,9,equals_true_wrapper,6,<|<=|=|ANY|ARRAY|TRUE,"((INT <= ANY(ARRAY[INT, INT, INT])) = TRUE)",1504619178f034b19a51d6e9,required_tokens + skeleton_family + delimiter_integrity + boolean_signal
PG_BOOL_R030_C10,PG_BOOL_R030,Y3,any_all_array,10,coalesce_false_wrapper,6,<|<=|=|ANY|ARRAY|COALESCE|FALSE,"COALESCE((INT <= ANY(ARRAY[INT, INT, INT])), FALSE)",2ecc116691618b4cd450e889,required_tokens + skeleton_family + delimiter_integrity + boolean_signal
PG_BOOL_R031_C01,PG_BOOL_R031,Y3,like_ilike,1,base_predicate,6,LIKE,STR LIKE STR,5e308ade19cf134eb2d0171a,required_tokens + skeleton_family + delimiter_integrity + boolean_signal
PG_BOOL_R031_C02,PG_BOOL_R031,Y3,like_ilike,2,parenthesized_predicate,6,LIKE,(STR LIKE STR),c7dbc0d4144764e2272da35a,required_tokens + skeleton_family + delimiter_integrity + boolean_signal
PG_BOOL_R031_C03,PG_BOOL_R031,Y3,like_ilike,3,negated_inverse_predicate,6,LIKE|NOT,NOT (STR LIKE STR),e1a2c06ed9f5698538c1a069,required_tokens + skeleton_family + delimiter_integrity + boolean_signal
PG_BOOL_R031_C04,PG_BOOL_R031,Y3,like_ilike,4,is_true_wrapper,6,IS|LIKE|TRUE,(STR LIKE STR) IS TRUE,19c13521504f74614f84b929,required_tokens + skeleton_family + delimiter_integrity + boolean_signal
PG_BOOL_R031_C05,PG_BOOL_R031,Y3,like_ilike,5,is_not_false_wrapper,6,FALSE|IS|LIKE|NOT,(STR LIKE STR) IS NOT FALSE,457f05b518939e145e5eac13,required_tokens + skeleton_family + delimiter_integrity + boolean_signal
PG_BOOL_R031_C06,PG_BOOL_R031,Y3,like_ilike,6,case_boolean_wrapper,6,CASE|ELSE|END|FALSE|LIKE|THEN|TRUE|WHEN,CASE WHEN (STR LIKE STR) THEN TRUE ELSE FALSE END,6017761588ef0f0e49040537,required_tokens + skeleton_family + delimiter_integrity + boolean_signal
PG_BOOL_R031_C07,PG_BOOL_R031,Y3,like_ilike,7,and_true_guard,6,=|AND|LIKE,(STR LIKE STR) AND (INT = INT),561019de223ce4a3b1303d0b,required_tokens + skeleton_family + delimiter_integrity + boolean_signal
PG_BOOL_R031_C08,PG_BOOL_R031,Y3,like_ilike,8,or_false_guard,6,<|<>|>|LIKE|OR,(STR LIKE STR) OR (INT <> INT),be71e531db6231d5cbbe90b3,required_tokens + skeleton_family + delimiter_integrity + boolean_signal
PG_BOOL_R031_C09,PG_BOOL_R031,Y3,like_ilike,9,equals_true_wrapper,6,=|LIKE|TRUE,((STR LIKE STR) = TRUE),7fa9abdbc4e8c4eac80de39c,required_tokens + skeleton_family + delimiter_integrity + boolean_signal
PG_BOOL_R031_C10,PG_BOOL_R031,Y3,like_ilike,10,coalesce_false_wrapper,6,COALESCE|FALSE|LIKE,"COALESCE((STR LIKE STR), FALSE)",4c1d792f036505ee7d86fea0,required_tokens + skeleton_family + delimiter_integrity + boolean_signal
PG_BOOL_R032_C01,PG_BOOL_R032,Y3,like_ilike,1,base_predicate,6,ILIKE,STR ILIKE STR,15753d76929735b5e199fa0d,required_tokens + skeleton_family + delimiter_integrity + boolean_signal
PG_BOOL_R032_C02,PG_BOOL_R032,Y3,like_ilike,2,parenthesized_predicate,6,ILIKE,(STR ILIKE STR),b960fd3d2f944951c81766c5,required_tokens + skeleton_family + delimiter_integrity + boolean_signal
PG_BOOL_R032_C03,PG_BOOL_R032,Y3,like_ilike,3,negated_inverse_predicate,6,ILIKE|NOT,NOT (STR ILIKE STR),123c22f3207494e1f40699d1,required_tokens + skeleton_family + delimiter_integrity + boolean_signal
PG_BOOL_R032_C04,PG_BOOL_R032,Y3,like_ilike,4,is_true_wrapper,6,ILIKE|IS|TRUE,(STR ILIKE STR) IS TRUE,c6f0569dd6b27506eca93c1d,required_tokens + skeleton_family + delimiter_integrity + boolean_signal
PG_BOOL_R032_C05,PG_BOOL_R032,Y3,like_ilike,5,is_not_false_wrapper,6,FALSE|ILIKE|IS|NOT,(STR ILIKE STR) IS NOT FALSE,7874aac109e4b5a4fe25cb06,required_tokens + skeleton_family + delimiter_integrity + boolean_signal
PG_BOOL_R032_C06,PG_BOOL_R032,Y3,like_ilike,6,case_boolean_wrapper,6,CASE|ELSE|END|FALSE|ILIKE|THEN|TRUE|WHEN,CASE WHEN (STR ILIKE STR) THEN TRUE ELSE FALSE END,99878270ef53ff4041067fa9,required_tokens + skeleton_family + delimiter_integrity + boolean_signal
PG_BOOL_R032_C07,PG_BOOL_R032,Y3,like_ilike,7,and_true_guard,6,=|AND|ILIKE,(STR ILIKE STR) AND (INT = INT),b80531f8191695a9c3fd329b,required_tokens + skeleton_family + delimiter_integrity + boolean_signal
PG_BOOL_R032_C08,PG_BOOL_R032,Y3,like_ilike,8,or_false_guard,6,<|<>|>|ILIKE|OR,(STR ILIKE STR) OR (INT <> INT),ff0a778e5d2094187818c63d,required_tokens + skeleton_family + delimiter_integrity + boolean_signal
PG_BOOL_R032_C09,PG_BOOL_R032,Y3,like_ilike,9,equals_true_wrapper,6,=|ILIKE|TRUE,((STR ILIKE STR) = TRUE),19d01638cd50d1f70bdaed96,required_tokens + skeleton_family + delimiter_integrity + boolean_signal
PG_BOOL_R032_C10,PG_BOOL_R032,Y3,like_ilike,10,coalesce_false_wrapper,6,COALESCE|FALSE|ILIKE,"COALESCE((STR ILIKE STR), FALSE)",aa0a59695fc8bf65fab9ae8d,required_tokens + skeleton_family + delimiter_integrity + boolean_signal
PG_BOOL_R033_C01,PG_BOOL_R033,Y3,like_ilike,1,base_predicate,6,LIKE|NOT,STR NOT LIKE STR,2478c6e601694366cec17352,required_tokens + skeleton_family + delimiter_integrity + boolean_signal
PG_BOOL_R033_C02,PG_BOOL_R033,Y3,like_ilike,2,parenthesized_predicate,6,LIKE|NOT,(STR NOT LIKE STR),981f235409937414df9b958f,required_tokens + skeleton_family + delimiter_integrity + boolean_signal
PG_BOOL_R033_C03,PG_BOOL_R033,Y3,like_ilike,3,negated_inverse_predicate,6,LIKE|NOT,NOT (STR NOT LIKE STR),e785a7630ed0cf7a29c44900,required_tokens + skeleton_family + delimiter_integrity + boolean_signal
PG_BOOL_R033_C04,PG_BOOL_R033,Y3,like_ilike,4,is_true_wrapper,6,IS|LIKE|NOT|TRUE,(STR NOT LIKE STR) IS TRUE,538091ac7f8313783ba0cf1b,required_tokens + skeleton_family + delimiter_integrity + boolean_signal
PG_BOOL_R033_C05,PG_BOOL_R033,Y3,like_ilike,5,is_not_false_wrapper,6,FALSE|IS|LIKE|NOT,(STR NOT LIKE STR) IS NOT FALSE,1f8faf8457912453627bd137,required_tokens + skeleton_family + delimiter_integrity + boolean_signal
PG_BOOL_R033_C06,PG_BOOL_R033,Y3,like_ilike,6,case_boolean_wrapper,6,CASE|ELSE|END|FALSE|LIKE|NOT|THEN|TRUE|WHEN,CASE WHEN (STR NOT LIKE STR) THEN TRUE ELSE FALSE END,ef37fdcc9d194ede956ee1a8,required_tokens + skeleton_family + delimiter_integrity + boolean_signal
PG_BOOL_R033_C07,PG_BOOL_R033,Y3,like_ilike,7,and_true_guard,6,=|AND|LIKE|NOT,(STR NOT LIKE STR) AND (INT = INT),a0df3aa924559b0115af6031,required_tokens + skeleton_family + delimiter_integrity + boolean_signal
PG_BOOL_R033_C08,PG_BOOL_R033,Y3,like_ilike,8,or_false_guard,6,<|<>|>|LIKE|NOT|OR,(STR NOT LIKE STR) OR (INT <> INT),fc906ab99a92ce91c8efb57c,required_tokens + skeleton_family + delimiter_integrity + boolean_signal
PG_BOOL_R033_C09,PG_BOOL_R033,Y3,like_ilike,9,equals_true_wrapper,6,=|LIKE|NOT|TRUE,((STR NOT LIKE STR) = TRUE),c90f39c8f2793303cd78fc6e,required_tokens + skeleton_family + delimiter_integrity + boolean_signal
PG_BOOL_R033_C10,PG_BOOL_R033,Y3,like_ilike,10,coalesce_false_wrapper,6,COALESCE|FALSE|LIKE|NOT,"COALESCE((STR NOT LIKE STR), FALSE)",8a08273f2f87605b02a4ea06,required_tokens + skeleton_family + delimiter_integrity + boolean_signal
PG_BOOL_R034_C01,PG_BOOL_R034,Y3,like_ilike,1,base_predicate,6,LIKE,STR LIKE STR,0102b7ac929dcb16bb3397e5,required_tokens + skeleton_family + delimiter_integrity + boolean_signal
PG_BOOL_R034_C02,PG_BOOL_R034,Y3,like_ilike,2,parenthesized_predicate,6,LIKE,(STR LIKE STR),0cb592338ab9977684bfc6da,required_tokens + skeleton_family + delimiter_integrity + boolean_signal
PG_BOOL_R034_C03,PG_BOOL_R034,Y3,like_ilike,3,negated_inverse_predicate,6,LIKE|NOT,NOT (STR LIKE STR),fb493d84ac4692618d849213,required_tokens + skeleton_family + delimiter_integrity + boolean_signal
PG_BOOL_R034_C04,PG_BOOL_R034,Y3,like_ilike,4,is_true_wrapper,6,IS|LIKE|TRUE,(STR LIKE STR) IS TRUE,868ef48f2ec0724c4b7175a2,required_tokens + skeleton_family + delimiter_integrity + boolean_signal
PG_BOOL_R034_C05,PG_BOOL_R034,Y3,like_ilike,5,is_not_false_wrapper,6,FALSE|IS|LIKE|NOT,(STR LIKE STR) IS NOT FALSE,dfc4b7e34c11142aa7373ceb,required_tokens + skeleton_family + delimiter_integrity + boolean_signal
PG_BOOL_R034_C06,PG_BOOL_R034,Y3,like_ilike,6,case_boolean_wrapper,6,CASE|ELSE|END|FALSE|LIKE|THEN|TRUE|WHEN,CASE WHEN (STR LIKE STR) THEN TRUE ELSE FALSE END,536d24918fe2d2e4a043f534,required_tokens + skeleton_family + delimiter_integrity + boolean_signal
PG_BOOL_R034_C07,PG_BOOL_R034,Y3,like_ilike,7,and_true_guard,6,=|AND|LIKE,(STR LIKE STR) AND (INT = INT),907a6d7c6fc7e7b5a6a73ab9,required_tokens + skeleton_family + delimiter_integrity + boolean_signal
PG_BOOL_R034_C08,PG_BOOL_R034,Y3,like_ilike,8,or_false_guard,6,<|<>|>|LIKE|OR,(STR LIKE STR) OR (INT <> INT),e07ba664b2f0264e5919ba5e,required_tokens + skeleton_family + delimiter_integrity + boolean_signal
PG_BOOL_R034_C09,PG_BOOL_R034,Y3,like_ilike,9,equals_true_wrapper,6,=|LIKE|TRUE,((STR LIKE STR) = TRUE),e0f12146f9ebb6ef64494aeb,required_tokens + skeleton_family + delimiter_integrity + boolean_signal
PG_BOOL_R034_C10,PG_BOOL_R034,Y3,like_ilike,10,coalesce_false_wrapper,6,COALESCE|FALSE|LIKE,"COALESCE((STR LIKE STR), FALSE)",b7a3bebebdcf0e57974b6895,required_tokens + skeleton_family + delimiter_integrity + boolean_signal
PG_BOOL_R035_C01,PG_BOOL_R035,Y3,like_ilike,1,base_predicate,6,ILIKE,STR ILIKE STR,ae5d52d9e72919077de862f3,required_tokens + skeleton_family + delimiter_integrity + boolean_signal
PG_BOOL_R035_C02,PG_BOOL_R035,Y3,like_ilike,2,parenthesized_predicate,6,ILIKE,(STR ILIKE STR),ed3374cba056d73327a5be22,required_tokens + skeleton_family + delimiter_integrity + boolean_signal
PG_BOOL_R035_C03,PG_BOOL_R035,Y3,like_ilike,3,negated_inverse_predicate,6,ILIKE|NOT,NOT (STR ILIKE STR),e1e6283b548a6af32db9ec4c,required_tokens + skeleton_family + delimiter_integrity + boolean_signal
PG_BOOL_R035_C04,PG_BOOL_R035,Y3,like_ilike,4,is_true_wrapper,6,ILIKE|IS|TRUE,(STR ILIKE STR) IS TRUE,9cf2cca89bc0a46f072490ac,required_tokens + skeleton_family + delimiter_integrity + boolean_signal
PG_BOOL_R035_C05,PG_BOOL_R035,Y3,like_ilike,5,is_not_false_wrapper,6,FALSE|ILIKE|IS|NOT,(STR ILIKE STR) IS NOT FALSE,b35a2371c9f07c7bc4e9a4fc,required_tokens + skeleton_family + delimiter_integrity + boolean_signal
PG_BOOL_R035_C06,PG_BOOL_R035,Y3,like_ilike,6,case_boolean_wrapper,6,CASE|ELSE|END|FALSE|ILIKE|THEN|TRUE|WHEN,CASE WHEN (STR ILIKE STR) THEN TRUE ELSE FALSE END,89387cdcbd83913ff84c0b45,required_tokens + skeleton_family + delimiter_integrity + boolean_signal
PG_BOOL_R035_C07,PG_BOOL_R035,Y3,like_ilike,7,and_true_guard,6,=|AND|ILIKE,(STR ILIKE STR) AND (INT = INT),592ac4b773814d16ef66b6f0,required_tokens + skeleton_family + delimiter_integrity + boolean_signal
PG_BOOL_R035_C08,PG_BOOL_R035,Y3,like_ilike,8,or_false_guard,6,<|<>|>|ILIKE|OR,(STR ILIKE STR) OR (INT <> INT),584f1414ba89ba6000ec0e5b,required_tokens + skeleton_family + delimiter_integrity + boolean_signal
PG_BOOL_R035_C09,PG_BOOL_R035,Y3,like_ilike,9,equals_true_wrapper,6,=|ILIKE|TRUE,((STR ILIKE STR) = TRUE),bc4b03d043ed6232110daf47,required_tokens + skeleton_family + delimiter_integrity + boolean_signal
PG_BOOL_R035_C10,PG_BOOL_R035,Y3,like_ilike,10,coalesce_false_wrapper,6,COALESCE|FALSE|ILIKE,"COALESCE((STR ILIKE STR), FALSE)",fcc9dbad26d625b9e90e2317,required_tokens + skeleton_family + delimiter_integrity + boolean_signal
PG_BOOL_R036_C01,PG_BOOL_R036,Y3,regex_match,1,base_predicate,6,~,STR ~ STR,b503329e9406f732760c2a2e,required_tokens + skeleton_family + delimiter_integrity + boolean_signal
PG_BOOL_R036_C02,PG_BOOL_R036,Y3,regex_match,2,parenthesized_predicate,6,~,(STR ~ STR),6e91b9844a0387212485f27a,required_tokens + skeleton_family + delimiter_integrity + boolean_signal
PG_BOOL_R036_C03,PG_BOOL_R036,Y3,regex_match,3,negated_inverse_predicate,6,NOT|~,NOT (STR ~ STR),21ca9aac7860b1d037437d83,required_tokens + skeleton_family + delimiter_integrity + boolean_signal
PG_BOOL_R036_C04,PG_BOOL_R036,Y3,regex_match,4,is_true_wrapper,6,IS|TRUE|~,(STR ~ STR) IS TRUE,21751bdf184268ce43ce49be,required_tokens + skeleton_family + delimiter_integrity + boolean_signal
PG_BOOL_R036_C05,PG_BOOL_R036,Y3,regex_match,5,is_not_false_wrapper,6,FALSE|IS|NOT|~,(STR ~ STR) IS NOT FALSE,9cdb98ac67c99737ea3ca89a,required_tokens + skeleton_family + delimiter_integrity + boolean_signal
PG_BOOL_R036_C06,PG_BOOL_R036,Y3,regex_match,6,case_boolean_wrapper,6,CASE|ELSE|END|FALSE|THEN|TRUE|WHEN|~,CASE WHEN (STR ~ STR) THEN TRUE ELSE FALSE END,508ab823079816b55e39eb44,required_tokens + skeleton_family + delimiter_integrity + boolean_signal
PG_BOOL_R036_C07,PG_BOOL_R036,Y3,regex_match,7,and_true_guard,6,=|AND|~,(STR ~ STR) AND (INT = INT),011451550f1ebbb8ab8d3f57,required_tokens + skeleton_family + delimiter_integrity + boolean_signal
PG_BOOL_R036_C08,PG_BOOL_R036,Y3,regex_match,8,or_false_guard,6,<|<>|>|OR|~,(STR ~ STR) OR (INT <> INT),be9e08fb9d00f9701a049291,required_tokens + skeleton_family + delimiter_integrity + boolean_signal
PG_BOOL_R036_C09,PG_BOOL_R036,Y3,regex_match,9,equals_true_wrapper,6,=|TRUE|~,((STR ~ STR) = TRUE),f627afa318e45cb304b62e9a,required_tokens + skeleton_family + delimiter_integrity + boolean_signal
PG_BOOL_R036_C10,PG_BOOL_R036,Y3,regex_match,10,coalesce_false_wrapper,6,COALESCE|FALSE|~,"COALESCE((STR ~ STR), FALSE)",8e90e8648cf5275e591adb1a,required_tokens + skeleton_family + delimiter_integrity + boolean_signal
PG_BOOL_R037_C01,PG_BOOL_R037,Y3,regex_match,1,base_predicate,6,!~|~,STR !~ STR,aebd6787e8a97b1b21459ff5,required_tokens + skeleton_family + delimiter_integrity + boolean_signal
PG_BOOL_R037_C02,PG_BOOL_R037,Y3,regex_match,2,parenthesized_predicate,6,!~|~,(STR !~ STR),adbe0d68caf63bff6eaef758,required_tokens + skeleton_family + delimiter_integrity + boolean_signal
PG_BOOL_R037_C03,PG_BOOL_R037,Y3,regex_match,3,negated_inverse_predicate,6,!~|NOT|~,NOT (STR !~ STR),aeb84739f5b6631e6c759e10,required_tokens + skeleton_family + delimiter_integrity + boolean_signal
PG_BOOL_R037_C04,PG_BOOL_R037,Y3,regex_match,4,is_true_wrapper,6,!~|IS|TRUE|~,(STR !~ STR) IS TRUE,12ed5d1e9c6a8184574d2102,required_tokens + skeleton_family + delimiter_integrity + boolean_signal
PG_BOOL_R037_C05,PG_BOOL_R037,Y3,regex_match,5,is_not_false_wrapper,6,!~|FALSE|IS|NOT|~,(STR !~ STR) IS NOT FALSE,71c7419c4db618299861d327,required_tokens + skeleton_family + delimiter_integrity + boolean_signal
PG_BOOL_R037_C06,PG_BOOL_R037,Y3,regex_match,6,case_boolean_wrapper,6,!~|CASE|ELSE|END|FALSE|THEN|TRUE|WHEN|~,CASE WHEN (STR !~ STR) THEN TRUE ELSE FALSE END,6a5ed5cecc8fe617adf6ba51,required_tokens + skeleton_family + delimiter_integrity + boolean_signal
PG_BOOL_R037_C07,PG_BOOL_R037,Y3,regex_match,7,and_true_guard,6,!~|=|AND|~,(STR !~ STR) AND (INT = INT),40cc840d668f0a2338a60a4d,required_tokens + skeleton_family + delimiter_integrity + boolean_signal
PG_BOOL_R037_C08,PG_BOOL_R037,Y3,regex_match,8,or_false_guard,6,!~|<|<>|>|OR|~,(STR !~ STR) OR (INT <> INT),f346efb2fdba3103beaa406e,required_tokens + skeleton_family + delimiter_integrity + boolean_signal
PG_BOOL_R037_C09,PG_BOOL_R037,Y3,regex_match,9,equals_true_wrapper,6,!~|=|TRUE|~,((STR !~ STR) = TRUE),9aee31268f9be5898bfcf090,required_tokens + skeleton_family + delimiter_integrity + boolean_signal
PG_BOOL_R037_C10,PG_BOOL_R037,Y3,regex_match,10,coalesce_false_wrapper,6,!~|COALESCE|FALSE|~,"COALESCE((STR !~ STR), FALSE)",36d51c95160e73397aa08a22,required_tokens + skeleton_family + delimiter_integrity + boolean_signal
PG_BOOL_R038_C01,PG_BOOL_R038,Y3,regex_match,1,base_predicate,6,~,STR ~* STR,65e655e6a6eaf193be6e4f6b,required_tokens + skeleton_family + delimiter_integrity + boolean_signal
PG_BOOL_R038_C02,PG_BOOL_R038,Y3,regex_match,2,parenthesized_predicate,6,~,(STR ~* STR),b9dc120a9ed8d5d09312a2ad,required_tokens + skeleton_family + delimiter_integrity + boolean_signal
PG_BOOL_R038_C03,PG_BOOL_R038,Y3,regex_match,3,negated_inverse_predicate,6,NOT|~,NOT (STR ~* STR),9f6410eb4f45c42dea2bd58c,required_tokens + skeleton_family + delimiter_integrity + boolean_signal
PG_BOOL_R038_C04,PG_BOOL_R038,Y3,regex_match,4,is_true_wrapper,6,IS|TRUE|~,(STR ~* STR) IS TRUE,94e914f285c95cac5cbecb5d,required_tokens + skeleton_family + delimiter_integrity + boolean_signal
PG_BOOL_R038_C05,PG_BOOL_R038,Y3,regex_match,5,is_not_false_wrapper,6,FALSE|IS|NOT|~,(STR ~* STR) IS NOT FALSE,32a6191e0dee13fc4aca1d84,required_tokens + skeleton_family + delimiter_integrity + boolean_signal
PG_BOOL_R038_C06,PG_BOOL_R038,Y3,regex_match,6,case_boolean_wrapper,6,CASE|ELSE|END|FALSE|THEN|TRUE|WHEN|~,CASE WHEN (STR ~* STR) THEN TRUE ELSE FALSE END,3a5c1ba65c792836acd9a046,required_tokens + skeleton_family + delimiter_integrity + boolean_signal
PG_BOOL_R038_C07,PG_BOOL_R038,Y3,regex_match,7,and_true_guard,6,=|AND|~,(STR ~* STR) AND (INT = INT),3951003ddb8d358bd1eedb30,required_tokens + skeleton_family + delimiter_integrity + boolean_signal
PG_BOOL_R038_C08,PG_BOOL_R038,Y3,regex_match,8,or_false_guard,6,<|<>|>|OR|~,(STR ~* STR) OR (INT <> INT),8414b0f2f4a4b8a6f036846d,required_tokens + skeleton_family + delimiter_integrity + boolean_signal
PG_BOOL_R038_C09,PG_BOOL_R038,Y3,regex_match,9,equals_true_wrapper,6,=|TRUE|~,((STR ~* STR) = TRUE),ea8791a0205fff311bc3a506,required_tokens + skeleton_family + delimiter_integrity + boolean_signal
PG_BOOL_R038_C10,PG_BOOL_R038,Y3,regex_match,10,coalesce_false_wrapper,6,COALESCE|FALSE|~,"COALESCE((STR ~* STR), FALSE)",a554a3740b1e54a16a6032eb,required_tokens + skeleton_family + delimiter_integrity + boolean_signal
PG_BOOL_R039_C01,PG_BOOL_R039,Y3,regex_match,1,base_predicate,6,,STR SIMILAR TO STR,4460d6e23908d22a093f2096,required_tokens + skeleton_family + delimiter_integrity + boolean_signal
PG_BOOL_R039_C02,PG_BOOL_R039,Y3,regex_match,2,parenthesized_predicate,6,,(STR SIMILAR TO STR),1881417cd6c89dcaf9154406,required_tokens + skeleton_family + delimiter_integrity + boolean_signal
PG_BOOL_R039_C03,PG_BOOL_R039,Y3,regex_match,3,negated_inverse_predicate,6,NOT,NOT (STR SIMILAR TO STR),e830ad511e1bfe365d07743f,required_tokens + skeleton_family + delimiter_integrity + boolean_signal
PG_BOOL_R039_C04,PG_BOOL_R039,Y3,regex_match,4,is_true_wrapper,6,IS|TRUE,(STR SIMILAR TO STR) IS TRUE,e8154d91d15fee7b857c20d5,required_tokens + skeleton_family + delimiter_integrity + boolean_signal
PG_BOOL_R039_C05,PG_BOOL_R039,Y3,regex_match,5,is_not_false_wrapper,6,FALSE|IS|NOT,(STR SIMILAR TO STR) IS NOT FALSE,5272a5f7ae34941df9761797,required_tokens + skeleton_family + delimiter_integrity + boolean_signal
PG_BOOL_R039_C06,PG_BOOL_R039,Y3,regex_match,6,case_boolean_wrapper,6,CASE|ELSE|END|FALSE|THEN|TRUE|WHEN,CASE WHEN (STR SIMILAR TO STR) THEN TRUE ELSE FALSE END,cbf00f71f8ce478451e7e5e9,required_tokens + skeleton_family + delimiter_integrity + boolean_signal
PG_BOOL_R039_C07,PG_BOOL_R039,Y3,regex_match,7,and_true_guard,6,=|AND,(STR SIMILAR TO STR) AND (INT = INT),191eee35905de156277de243,required_tokens + skeleton_family + delimiter_integrity + boolean_signal
PG_BOOL_R039_C08,PG_BOOL_R039,Y3,regex_match,8,or_false_guard,6,<|<>|>|OR,(STR SIMILAR TO STR) OR (INT <> INT),8c6216cb1f30b5d0e965aaac,required_tokens + skeleton_family + delimiter_integrity + boolean_signal
PG_BOOL_R039_C09,PG_BOOL_R039,Y3,regex_match,9,equals_true_wrapper,6,=|TRUE,((STR SIMILAR TO STR) = TRUE),40652ec04086ab7401419aa6,required_tokens + skeleton_family + delimiter_integrity + boolean_signal
PG_BOOL_R039_C10,PG_BOOL_R039,Y3,regex_match,10,coalesce_false_wrapper,6,COALESCE|FALSE,"COALESCE((STR SIMILAR TO STR), FALSE)",ff7b57af929e8c3415b24759,required_tokens + skeleton_family + delimiter_integrity + boolean_signal
PG_BOOL_R040_C01,PG_BOOL_R040,Y3,regex_match,1,base_predicate,6,NOT,STR NOT SIMILAR TO STR,799e07eb95048902e376e730,required_tokens + skeleton_family + delimiter_integrity + boolean_signal
PG_BOOL_R040_C02,PG_BOOL_R040,Y3,regex_match,2,parenthesized_predicate,6,NOT,(STR NOT SIMILAR TO STR),d5c1c103b4502cc40be291c0,required_tokens + skeleton_family + delimiter_integrity + boolean_signal
PG_BOOL_R040_C03,PG_BOOL_R040,Y3,regex_match,3,negated_inverse_predicate,6,NOT,NOT (STR NOT SIMILAR TO STR),3ac959bca972840f795a3644,required_tokens + skeleton_family + delimiter_integrity + boolean_signal
PG_BOOL_R040_C04,PG_BOOL_R040,Y3,regex_match,4,is_true_wrapper,6,IS|NOT|TRUE,(STR NOT SIMILAR TO STR) IS TRUE,befb6b142cec907e534c6232,required_tokens + skeleton_family + delimiter_integrity + boolean_signal
PG_BOOL_R040_C05,PG_BOOL_R040,Y3,regex_match,5,is_not_false_wrapper,6,FALSE|IS|NOT,(STR NOT SIMILAR TO STR) IS NOT FALSE,c10fb9b7ee14b5973d66dcca,required_tokens + skeleton_family + delimiter_integrity + boolean_signal
PG_BOOL_R040_C06,PG_BOOL_R040,Y3,regex_match,6,case_boolean_wrapper,6,CASE|ELSE|END|FALSE|NOT|THEN|TRUE|WHEN,CASE WHEN (STR NOT SIMILAR TO STR) THEN TRUE ELSE FALSE END,8a11212e0b696d93282daf9c,required_tokens + skeleton_family + delimiter_integrity + boolean_signal
PG_BOOL_R040_C07,PG_BOOL_R040,Y3,regex_match,7,and_true_guard,6,=|AND|NOT,(STR NOT SIMILAR TO STR) AND (INT = INT),af0d7a6ac45af0f709ef3b11,required_tokens + skeleton_family + delimiter_integrity + boolean_signal
PG_BOOL_R040_C08,PG_BOOL_R040,Y3,regex_match,8,or_false_guard,6,<|<>|>|NOT|OR,(STR NOT SIMILAR TO STR) OR (INT <> INT),373a9560b3e27da0f49b14cb,required_tokens + skeleton_family + delimiter_integrity + boolean_signal
PG_BOOL_R040_C09,PG_BOOL_R040,Y3,regex_match,9,equals_true_wrapper,6,=|NOT|TRUE,((STR NOT SIMILAR TO STR) = TRUE),f3627da97bde2f5b359eb1b3,required_tokens + skeleton_family + delimiter_integrity + boolean_signal
PG_BOOL_R040_C10,PG_BOOL_R040,Y3,regex_match,10,coalesce_false_wrapper,6,COALESCE|FALSE|NOT,"COALESCE((STR NOT SIMILAR TO STR), FALSE)",71282e334473023a20d7fe7b,required_tokens + skeleton_family + delimiter_integrity + boolean_signal
PG_BOOL_R041_C01,PG_BOOL_R041,Y3,string_function,1,base_predicate,6,=,LENGTH(STR) = INT,02c826b9aed4e2bab10e0e36,required_tokens + skeleton_family + delimiter_integrity + boolean_signal
PG_BOOL_R041_C02,PG_BOOL_R041,Y3,string_function,2,parenthesized_predicate,6,=,(LENGTH(STR) = INT),c3692a98eb6ef4a5c3f593d6,required_tokens + skeleton_family + delimiter_integrity + boolean_signal
PG_BOOL_R041_C03,PG_BOOL_R041,Y3,string_function,3,negated_inverse_predicate,6,=|NOT,NOT (LENGTH(STR) = INT),18b77ac7047e00790ed806f3,required_tokens + skeleton_family + delimiter_integrity + boolean_signal
PG_BOOL_R041_C04,PG_BOOL_R041,Y3,string_function,4,is_true_wrapper,6,=|IS|TRUE,(LENGTH(STR) = INT) IS TRUE,85b60d1cc25101b021a45002,required_tokens + skeleton_family + delimiter_integrity + boolean_signal
PG_BOOL_R041_C05,PG_BOOL_R041,Y3,string_function,5,is_not_false_wrapper,6,=|FALSE|IS|NOT,(LENGTH(STR) = INT) IS NOT FALSE,28976f7f740d495677d8e90b,required_tokens + skeleton_family + delimiter_integrity + boolean_signal
PG_BOOL_R041_C06,PG_BOOL_R041,Y3,string_function,6,case_boolean_wrapper,6,=|CASE|ELSE|END|FALSE|THEN|TRUE|WHEN,CASE WHEN (LENGTH(STR) = INT) THEN TRUE ELSE FALSE END,35e0b13e7f6754edacabd1f6,required_tokens + skeleton_family + delimiter_integrity + boolean_signal
PG_BOOL_R041_C07,PG_BOOL_R041,Y3,string_function,7,and_true_guard,6,=|AND,(LENGTH(STR) = INT) AND (INT = INT),3f1b8394c93a7d7dfa8848c1,required_tokens + skeleton_family + delimiter_integrity + boolean_signal
PG_BOOL_R041_C08,PG_BOOL_R041,Y3,string_function,8,or_false_guard,6,<|<>|=|>|OR,(LENGTH(STR) = INT) OR (INT <> INT),d47353444a4d68e2e681db76,required_tokens + skeleton_family + delimiter_integrity + boolean_signal
PG_BOOL_R041_C09,PG_BOOL_R041,Y3,string_function,9,equals_true_wrapper,6,=|TRUE,((LENGTH(STR) = INT) = TRUE),b00281f18d80550377968a88,required_tokens + skeleton_family + delimiter_integrity + boolean_signal
PG_BOOL_R041_C10,PG_BOOL_R041,Y3,string_function,10,coalesce_false_wrapper,6,=|COALESCE|FALSE,"COALESCE((LENGTH(STR) = INT), FALSE)",cf68a62c49d7d71d1ea2e2f0,required_tokens + skeleton_family + delimiter_integrity + boolean_signal
PG_BOOL_R042_C01,PG_BOOL_R042,Y3,string_function,1,base_predicate,6,=|FROM,SUBSTRING(STR FROM INT FOR INT) = STR,115279f20ef5b6b82f039bfa,required_tokens + skeleton_family + delimiter_integrity + boolean_signal
PG_BOOL_R042_C02,PG_BOOL_R042,Y3,string_function,2,parenthesized_predicate,6,=|FROM,(SUBSTRING(STR FROM INT FOR INT) = STR),b5a71751b150d2fb32fd0875,required_tokens + skeleton_family + delimiter_integrity + boolean_signal
PG_BOOL_R042_C03,PG_BOOL_R042,Y3,string_function,3,negated_inverse_predicate,6,=|FROM|NOT,NOT (SUBSTRING(STR FROM INT FOR INT) = STR),4e6702bf5e6190a87ba5533f,required_tokens + skeleton_family + delimiter_integrity + boolean_signal
PG_BOOL_R042_C04,PG_BOOL_R042,Y3,string_function,4,is_true_wrapper,6,=|FROM|IS|TRUE,(SUBSTRING(STR FROM INT FOR INT) = STR) IS TRUE,3382630b7c2a8b814e1a854a,required_tokens + skeleton_family + delimiter_integrity + boolean_signal
PG_BOOL_R042_C05,PG_BOOL_R042,Y3,string_function,5,is_not_false_wrapper,6,=|FALSE|FROM|IS|NOT,(SUBSTRING(STR FROM INT FOR INT) = STR) IS NOT FALSE,2f4eebf62eaa0eec82b131dd,required_tokens + skeleton_family + delimiter_integrity + boolean_signal
PG_BOOL_R042_C06,PG_BOOL_R042,Y3,string_function,6,case_boolean_wrapper,6,=|CASE|ELSE|END|FALSE|FROM|THEN|TRUE|WHEN,CASE WHEN (SUBSTRING(STR FROM INT FOR INT) = STR) THEN TRUE ELSE FALSE END,b73dbed6b3f2b6436dfe9d32,required_tokens + skeleton_family + delimiter_integrity + boolean_signal
PG_BOOL_R042_C07,PG_BOOL_R042,Y3,string_function,7,and_true_guard,6,=|AND|FROM,(SUBSTRING(STR FROM INT FOR INT) = STR) AND (INT = INT),7f1f8fbcd092338ffce0f10a,required_tokens + skeleton_family + delimiter_integrity + boolean_signal
PG_BOOL_R042_C08,PG_BOOL_R042,Y3,string_function,8,or_false_guard,6,<|<>|=|>|FROM|OR,(SUBSTRING(STR FROM INT FOR INT) = STR) OR (INT <> INT),3cc5251cfd9c05fe636a232a,required_tokens + skeleton_family + delimiter_integrity + boolean_signal
PG_BOOL_R042_C09,PG_BOOL_R042,Y3,string_function,9,equals_true_wrapper,6,=|FROM|TRUE,((SUBSTRING(STR FROM INT FOR INT) = STR) = TRUE),83196f8f3b18ca7f383427f7,required_tokens + skeleton_family + delimiter_integrity + boolean_signal
PG_BOOL_R042_C10,PG_BOOL_R042,Y3,string_function,10,coalesce_false_wrapper,6,=|COALESCE|FALSE|FROM,"COALESCE((SUBSTRING(STR FROM INT FOR INT) = STR), FALSE)",5e116709a1cce4d3f401a243,required_tokens + skeleton_family + delimiter_integrity + boolean_signal
PG_BOOL_R043_C01,PG_BOOL_R043,Y3,string_function,1,base_predicate,6,=,UPPER(STR) = STR,8645034039bd6f5b5b634091,required_tokens + skeleton_family + delimiter_integrity + boolean_signal
PG_BOOL_R043_C02,PG_BOOL_R043,Y3,string_function,2,parenthesized_predicate,6,=,(UPPER(STR) = STR),a656534af4c28eb9234c1b6c,required_tokens + skeleton_family + delimiter_integrity + boolean_signal
PG_BOOL_R043_C03,PG_BOOL_R043,Y3,string_function,3,negated_inverse_predicate,6,=|NOT,NOT (UPPER(STR) = STR),9a8a14e4cd5257bb3fe97367,required_tokens + skeleton_family + delimiter_integrity + boolean_signal
PG_BOOL_R043_C04,PG_BOOL_R043,Y3,string_function,4,is_true_wrapper,6,=|IS|TRUE,(UPPER(STR) = STR) IS TRUE,4d0cab74e80c10d4c39568d1,required_tokens + skeleton_family + delimiter_integrity + boolean_signal
PG_BOOL_R043_C05,PG_BOOL_R043,Y3,string_function,5,is_not_false_wrapper,6,=|FALSE|IS|NOT,(UPPER(STR) = STR) IS NOT FALSE,e521da85c0ad788afbb78f53,required_tokens + skeleton_family + delimiter_integrity + boolean_signal
PG_BOOL_R043_C06,PG_BOOL_R043,Y3,string_function,6,case_boolean_wrapper,6,=|CASE|ELSE|END|FALSE|THEN|TRUE|WHEN,CASE WHEN (UPPER(STR) = STR) THEN TRUE ELSE FALSE END,2015cdd648f5c3898422c953,required_tokens + skeleton_family + delimiter_integrity + boolean_signal
PG_BOOL_R043_C07,PG_BOOL_R043,Y3,string_function,7,and_true_guard,6,=|AND,(UPPER(STR) = STR) AND (INT = INT),811dc0f6ac216b57b7483c22,required_tokens + skeleton_family + delimiter_integrity + boolean_signal
PG_BOOL_R043_C08,PG_BOOL_R043,Y3,string_function,8,or_false_guard,6,<|<>|=|>|OR,(UPPER(STR) = STR) OR (INT <> INT),250bf942a86e3369132e66d0,required_tokens + skeleton_family + delimiter_integrity + boolean_signal
PG_BOOL_R043_C09,PG_BOOL_R043,Y3,string_function,9,equals_true_wrapper,6,=|TRUE,((UPPER(STR) = STR) = TRUE),67e1ef8264d27e731dd4ba72,required_tokens + skeleton_family + delimiter_integrity + boolean_signal
PG_BOOL_R043_C10,PG_BOOL_R043,Y3,string_function,10,coalesce_false_wrapper,6,=|COALESCE|FALSE,"COALESCE((UPPER(STR) = STR), FALSE)",190f20376d95473f4a58157a,required_tokens + skeleton_family + delimiter_integrity + boolean_signal
PG_BOOL_R044_C01,PG_BOOL_R044,Y3,string_function,1,base_predicate,6,=,"REPLACE(STR, STR, STR) = STR",de285bebdb5ff3cc74ea9e26,required_tokens + skeleton_family + delimiter_integrity + boolean_signal
PG_BOOL_R044_C02,PG_BOOL_R044,Y3,string_function,2,parenthesized_predicate,6,=,"(REPLACE(STR, STR, STR) = STR)",c0e82c13e0034c1e5ffbb793,required_tokens + skeleton_family + delimiter_integrity + boolean_signal
PG_BOOL_R044_C03,PG_BOOL_R044,Y3,string_function,3,negated_inverse_predicate,6,=|NOT,"NOT (REPLACE(STR, STR, STR) = STR)",f116b3ef04892ef02d590151,required_tokens + skeleton_family + delimiter_integrity + boolean_signal
PG_BOOL_R044_C04,PG_BOOL_R044,Y3,string_function,4,is_true_wrapper,6,=|IS|TRUE,"(REPLACE(STR, STR, STR) = STR) IS TRUE",8c67e36bf6812ec68bfd7697,required_tokens + skeleton_family + delimiter_integrity + boolean_signal
PG_BOOL_R044_C05,PG_BOOL_R044,Y3,string_function,5,is_not_false_wrapper,6,=|FALSE|IS|NOT,"(REPLACE(STR, STR, STR) = STR) IS NOT FALSE",aa6df11be6ca5fb35d001f63,required_tokens + skeleton_family + delimiter_integrity + boolean_signal
PG_BOOL_R044_C06,PG_BOOL_R044,Y3,string_function,6,case_boolean_wrapper,6,=|CASE|ELSE|END|FALSE|THEN|TRUE|WHEN,"CASE WHEN (REPLACE(STR, STR, STR) = STR) THEN TRUE ELSE FALSE END",943b951091c774968a93f8b9,required_tokens + skeleton_family + delimiter_integrity + boolean_signal
PG_BOOL_R044_C07,PG_BOOL_R044,Y3,string_function,7,and_true_guard,6,=|AND,"(REPLACE(STR, STR, STR) = STR) AND (INT = INT)",cf706b15a1c98ee4b4ca28a5,required_tokens + skeleton_family + delimiter_integrity + boolean_signal
PG_BOOL_R044_C08,PG_BOOL_R044,Y3,string_function,8,or_false_guard,6,<|<>|=|>|OR,"(REPLACE(STR, STR, STR) = STR) OR (INT <> INT)",c04f9e4a8bbbc2d43af53c94,required_tokens + skeleton_family + delimiter_integrity + boolean_signal
PG_BOOL_R044_C09,PG_BOOL_R044,Y3,string_function,9,equals_true_wrapper,6,=|TRUE,"((REPLACE(STR, STR, STR) = STR) = TRUE)",ca05b8b06de9e6d792448ced,required_tokens + skeleton_family + delimiter_integrity + boolean_signal
PG_BOOL_R044_C10,PG_BOOL_R044,Y3,string_function,10,coalesce_false_wrapper,6,=|COALESCE|FALSE,"COALESCE((REPLACE(STR, STR, STR) = STR), FALSE)",6b705469e1b090afdec7f0a4,required_tokens + skeleton_family + delimiter_integrity + boolean_signal
PG_BOOL_R045_C01,PG_BOOL_R045,Y3,string_function,1,base_predicate,6,=,"LEFT(STR, INT) = STR",b1b052a4ba5a3228523f19e4,required_tokens + skeleton_family + delimiter_integrity + boolean_signal
PG_BOOL_R045_C02,PG_BOOL_R045,Y3,string_function,2,parenthesized_predicate,6,=,"(LEFT(STR, INT) = STR)",99905ca225919b42237be036,required_tokens + skeleton_family + delimiter_integrity + boolean_signal
PG_BOOL_R045_C03,PG_BOOL_R045,Y3,string_function,3,negated_inverse_predicate,6,=|NOT,"NOT (LEFT(STR, INT) = STR)",146652a6ef4d618e0d79d122,required_tokens + skeleton_family + delimiter_integrity + boolean_signal
PG_BOOL_R045_C04,PG_BOOL_R045,Y3,string_function,4,is_true_wrapper,6,=|IS|TRUE,"(LEFT(STR, INT) = STR) IS TRUE",f8026d3a8acf2f223dafd4d5,required_tokens + skeleton_family + delimiter_integrity + boolean_signal
PG_BOOL_R045_C05,PG_BOOL_R045,Y3,string_function,5,is_not_false_wrapper,6,=|FALSE|IS|NOT,"(LEFT(STR, INT) = STR) IS NOT FALSE",8ee8c3cd12648c28a223f81c,required_tokens + skeleton_family + delimiter_integrity + boolean_signal
PG_BOOL_R045_C06,PG_BOOL_R045,Y3,string_function,6,case_boolean_wrapper,6,=|CASE|ELSE|END|FALSE|THEN|TRUE|WHEN,"CASE WHEN (LEFT(STR, INT) = STR) THEN TRUE ELSE FALSE END",ed454356930141df8d40e258,required_tokens + skeleton_family + delimiter_integrity + boolean_signal
PG_BOOL_R045_C07,PG_BOOL_R045,Y3,string_function,7,and_true_guard,6,=|AND,"(LEFT(STR, INT) = STR) AND (INT = INT)",993072759b483205ada3c095,required_tokens + skeleton_family + delimiter_integrity + boolean_signal
PG_BOOL_R045_C08,PG_BOOL_R045,Y3,string_function,8,or_false_guard,6,<|<>|=|>|OR,"(LEFT(STR, INT) = STR) OR (INT <> INT)",b86bf671e023fd8d9d0c6516,required_tokens + skeleton_family + delimiter_integrity + boolean_signal
PG_BOOL_R045_C09,PG_BOOL_R045,Y3,string_function,9,equals_true_wrapper,6,=|TRUE,"((LEFT(STR, INT) = STR) = TRUE)",18f5a69f0f9ed74bfc2f52a2,required_tokens + skeleton_family + delimiter_integrity + boolean_signal
PG_BOOL_R045_C10,PG_BOOL_R045,Y3,string_function,10,coalesce_false_wrapper,6,=|COALESCE|FALSE,"COALESCE((LEFT(STR, INT) = STR), FALSE)",b7a70717821190c864841081,required_tokens + skeleton_family + delimiter_integrity + boolean_signal
PG_BOOL_R046_C01,PG_BOOL_R046,Y3,arithmetic_expression,1,base_predicate,6,=,(INT + INT) = INT,575f89b9a1748d3e75b149be,required_tokens + skeleton_family + delimiter_integrity + boolean_signal
PG_BOOL_R046_C02,PG_BOOL_R046,Y3,arithmetic_expression,2,parenthesized_predicate,6,=,((INT + INT) = INT),c9153f5576a832a597b9579a,required_tokens + skeleton_family + delimiter_integrity + boolean_signal
PG_BOOL_R046_C03,PG_BOOL_R046,Y3,arithmetic_expression,3,negated_inverse_predicate,6,=|NOT,NOT ((INT + INT) = INT),fc4fbd09cabf3bd68f032a5b,required_tokens + skeleton_family + delimiter_integrity + boolean_signal
PG_BOOL_R046_C04,PG_BOOL_R046,Y3,arithmetic_expression,4,is_true_wrapper,6,=|IS|TRUE,((INT + INT) = INT) IS TRUE,35af1c4914452491fd9841c4,required_tokens + skeleton_family + delimiter_integrity + boolean_signal
PG_BOOL_R046_C05,PG_BOOL_R046,Y3,arithmetic_expression,5,is_not_false_wrapper,6,=|FALSE|IS|NOT,((INT + INT) = INT) IS NOT FALSE,f58c958195465ca6ffcd3590,required_tokens + skeleton_family + delimiter_integrity + boolean_signal
PG_BOOL_R046_C06,PG_BOOL_R046,Y3,arithmetic_expression,6,case_boolean_wrapper,6,=|CASE|ELSE|END|FALSE|THEN|TRUE|WHEN,CASE WHEN ((INT + INT) = INT) THEN TRUE ELSE FALSE END,0282d57a6ef3f7c7061b3eca,required_tokens + skeleton_family + delimiter_integrity + boolean_signal
PG_BOOL_R046_C07,PG_BOOL_R046,Y3,arithmetic_expression,7,and_true_guard,6,=|AND,((INT + INT) = INT) AND (INT = INT),df87389654f0d33c1b05d70f,required_tokens + skeleton_family + delimiter_integrity + boolean_signal
PG_BOOL_R046_C08,PG_BOOL_R046,Y3,arithmetic_expression,8,or_false_guard,6,<|<>|=|>|OR,((INT + INT) = INT) OR (INT <> INT),b428e8a1ce08cb5fb92ee010,required_tokens + skeleton_family + delimiter_integrity + boolean_signal
PG_BOOL_R046_C09,PG_BOOL_R046,Y3,arithmetic_expression,9,equals_true_wrapper,6,=|TRUE,(((INT + INT) = INT) = TRUE),8db0ac48a03b2867e28284ba,required_tokens + skeleton_family + delimiter_integrity + boolean_signal
PG_BOOL_R046_C10,PG_BOOL_R046,Y3,arithmetic_expression,10,coalesce_false_wrapper,6,=|COALESCE|FALSE,"COALESCE(((INT + INT) = INT), FALSE)",443f610b4b50f92ddca937b8,required_tokens + skeleton_family + delimiter_integrity + boolean_signal
PG_BOOL_R047_C01,PG_BOOL_R047,Y3,arithmetic_expression,1,base_predicate,6,=,(INT - INT) = INT,a162f2fbbeb20b3cb260155f,required_tokens + skeleton_family + delimiter_integrity + boolean_signal
PG_BOOL_R047_C02,PG_BOOL_R047,Y3,arithmetic_expression,2,parenthesized_predicate,6,=,((INT - INT) = INT),9c75f058c196d3b5ed38c10e,required_tokens + skeleton_family + delimiter_integrity + boolean_signal
PG_BOOL_R047_C03,PG_BOOL_R047,Y3,arithmetic_expression,3,negated_inverse_predicate,6,=|NOT,NOT ((INT - INT) = -INT),9499e9ebd1c16f6f0f655d8b,required_tokens + skeleton_family + delimiter_integrity + boolean_signal
PG_BOOL_R047_C04,PG_BOOL_R047,Y3,arithmetic_expression,4,is_true_wrapper,6,=|IS|TRUE,((INT - INT) = -INT) IS TRUE,5357f07f810e1eedcb0accb5,required_tokens + skeleton_family + delimiter_integrity + boolean_signal
PG_BOOL_R047_C05,PG_BOOL_R047,Y3,arithmetic_expression,5,is_not_false_wrapper,6,=|FALSE|IS|NOT,((INT - INT) = INT) IS NOT FALSE,5b5005c979beefca9beb8647,required_tokens + skeleton_family + delimiter_integrity + boolean_signal
PG_BOOL_R047_C06,PG_BOOL_R047,Y3,arithmetic_expression,6,case_boolean_wrapper,6,=|CASE|ELSE|END|FALSE|THEN|TRUE|WHEN,CASE WHEN ((INT - INT) = INT) THEN TRUE ELSE FALSE END,f936312b936bb281e7cf7ebd,required_tokens + skeleton_family + delimiter_integrity + boolean_signal
PG_BOOL_R047_C07,PG_BOOL_R047,Y3,arithmetic_expression,7,and_true_guard,6,=|AND,((INT - INT) = INT) AND (INT = INT),d6446fa5baae9ed315244ca4,required_tokens + skeleton_family + delimiter_integrity + boolean_signal
PG_BOOL_R047_C08,PG_BOOL_R047,Y3,arithmetic_expression,8,or_false_guard,6,<|<>|=|>|OR,((INT - INT) = INT) OR (INT <> INT),791812947cbf2efe0e0ee696,required_tokens + skeleton_family + delimiter_integrity + boolean_signal
PG_BOOL_R047_C09,PG_BOOL_R047,Y3,arithmetic_expression,9,equals_true_wrapper,6,=|TRUE,(((INT - INT) = INT) = TRUE),458a545f50f5a8b681da2214,required_tokens + skeleton_family + delimiter_integrity + boolean_signal
PG_BOOL_R047_C10,PG_BOOL_R047,Y3,arithmetic_expression,10,coalesce_false_wrapper,6,=|COALESCE|FALSE,"COALESCE(((INT - INT) = INT), FALSE)",3a21c8afe81733e94ab496c0,required_tokens + skeleton_family + delimiter_integrity + boolean_signal
PG_BOOL_R048_C01,PG_BOOL_R048,Y3,arithmetic_expression,1,base_predicate,6,=,(INT * INT) = INT,6528f024fef1eae6179f2ae5,required_tokens + skeleton_family + delimiter_integrity + boolean_signal
PG_BOOL_R048_C02,PG_BOOL_R048,Y3,arithmetic_expression,2,parenthesized_predicate,6,=,((INT * INT) = INT),c85de4d1d524fd962ba79263,required_tokens + skeleton_family + delimiter_integrity + boolean_signal
PG_BOOL_R048_C03,PG_BOOL_R048,Y3,arithmetic_expression,3,negated_inverse_predicate,6,=|NOT,NOT ((INT * INT) = INT),e04f308dd7de21c907b61587,required_tokens + skeleton_family + delimiter_integrity + boolean_signal
PG_BOOL_R048_C04,PG_BOOL_R048,Y3,arithmetic_expression,4,is_true_wrapper,6,=|IS|TRUE,((INT * INT) = INT) IS TRUE,acb6905a6d31f1233bb8184e,required_tokens + skeleton_family + delimiter_integrity + boolean_signal
PG_BOOL_R048_C05,PG_BOOL_R048,Y3,arithmetic_expression,5,is_not_false_wrapper,6,=|FALSE|IS|NOT,((INT * INT) = INT) IS NOT FALSE,45c3a3925cf65ac31401e1d7,required_tokens + skeleton_family + delimiter_integrity + boolean_signal
PG_BOOL_R048_C06,PG_BOOL_R048,Y3,arithmetic_expression,6,case_boolean_wrapper,6,=|CASE|ELSE|END|FALSE|THEN|TRUE|WHEN,CASE WHEN ((INT * INT) = INT) THEN TRUE ELSE FALSE END,855d30118dc74e67dbdb0f20,required_tokens + skeleton_family + delimiter_integrity + boolean_signal
PG_BOOL_R048_C07,PG_BOOL_R048,Y3,arithmetic_expression,7,and_true_guard,6,=|AND,((INT * INT) = INT) AND (INT = INT),4848d55229f380397f96de92,required_tokens + skeleton_family + delimiter_integrity + boolean_signal
PG_BOOL_R048_C08,PG_BOOL_R048,Y3,arithmetic_expression,8,or_false_guard,6,<|<>|=|>|OR,((INT * INT) = INT) OR (INT <> INT),998ca0649a527ba17f35148f,required_tokens + skeleton_family + delimiter_integrity + boolean_signal
PG_BOOL_R048_C09,PG_BOOL_R048,Y3,arithmetic_expression,9,equals_true_wrapper,6,=|TRUE,(((INT * INT) = INT) = TRUE),b86cc9620c3b1029328f5ae3,required_tokens + skeleton_family + delimiter_integrity + boolean_signal
PG_BOOL_R048_C10,PG_BOOL_R048,Y3,arithmetic_expression,10,coalesce_false_wrapper,6,=|COALESCE|FALSE,"COALESCE(((INT * INT) = INT), FALSE)",a73fceaa64276851ea898cf4,required_tokens + skeleton_family + delimiter_integrity + boolean_signal
PG_BOOL_R049_C01,PG_BOOL_R049,Y3,arithmetic_expression,1,base_predicate,6,=,(INT % INT) = INT,038a43d59295ff4c7b2a0692,required_tokens + skeleton_family + delimiter_integrity + boolean_signal
PG_BOOL_R049_C02,PG_BOOL_R049,Y3,arithmetic_expression,2,parenthesized_predicate,6,=,((INT % INT) = INT),366eb26839d741b87feb32e8,required_tokens + skeleton_family + delimiter_integrity + boolean_signal
PG_BOOL_R049_C03,PG_BOOL_R049,Y3,arithmetic_expression,3,negated_inverse_predicate,6,=|NOT,NOT ((INT % INT) = INT),b1fa6265b960608ff14f89b5,required_tokens + skeleton_family + delimiter_integrity + boolean_signal
PG_BOOL_R049_C04,PG_BOOL_R049,Y3,arithmetic_expression,4,is_true_wrapper,6,=|IS|TRUE,((INT % INT) = INT) IS TRUE,774fb51973a6f5f014c18caf,required_tokens + skeleton_family + delimiter_integrity + boolean_signal
PG_BOOL_R049_C05,PG_BOOL_R049,Y3,arithmetic_expression,5,is_not_false_wrapper,6,=|FALSE|IS|NOT,((INT % INT) = INT) IS NOT FALSE,4ca3050646501d103aac4e39,required_tokens + skeleton_family + delimiter_integrity + boolean_signal
PG_BOOL_R049_C06,PG_BOOL_R049,Y3,arithmetic_expression,6,case_boolean_wrapper,6,=|CASE|ELSE|END|FALSE|THEN|TRUE|WHEN,CASE WHEN ((INT % INT) = INT) THEN TRUE ELSE FALSE END,1e7ad1e8ef9c567471312114,required_tokens + skeleton_family + delimiter_integrity + boolean_signal
PG_BOOL_R049_C07,PG_BOOL_R049,Y3,arithmetic_expression,7,and_true_guard,6,=|AND,((INT % INT) = INT) AND (INT = INT),287516a9d4da335fef2db302,required_tokens + skeleton_family + delimiter_integrity + boolean_signal
PG_BOOL_R049_C08,PG_BOOL_R049,Y3,arithmetic_expression,8,or_false_guard,6,<|<>|=|>|OR,((INT % INT) = INT) OR (INT <> INT),e1d0a68d0c15b034426febe7,required_tokens + skeleton_family + delimiter_integrity + boolean_signal
PG_BOOL_R049_C09,PG_BOOL_R049,Y3,arithmetic_expression,9,equals_true_wrapper,6,=|TRUE,(((INT % INT) = INT) = TRUE),edab0a9a80f16152b0ac7f38,required_tokens + skeleton_family + delimiter_integrity + boolean_signal
PG_BOOL_R049_C10,PG_BOOL_R049,Y3,arithmetic_expression,10,coalesce_false_wrapper,6,=|COALESCE|FALSE,"COALESCE(((INT % INT) = INT), FALSE)",776193139862d9b2b55c8c5c,required_tokens + skeleton_family + delimiter_integrity + boolean_signal
PG_BOOL_R050_C01,PG_BOOL_R050,Y3,arithmetic_expression,1,base_predicate,6,>,((INT + INT) > INT),da772ca0e7b649677d9119df,required_tokens + skeleton_family + delimiter_integrity + boolean_signal
PG_BOOL_R050_C02,PG_BOOL_R050,Y3,arithmetic_expression,2,parenthesized_predicate,6,>,(((INT + INT) > INT)),4b070c4020d5b13fbe441b6b,required_tokens + skeleton_family + delimiter_integrity + boolean_signal
PG_BOOL_R050_C03,PG_BOOL_R050,Y3,arithmetic_expression,3,negated_inverse_predicate,6,>|NOT,NOT (((INT + INT) > INT)),7f1f217db1ecd9ed1898dd03,required_tokens + skeleton_family + delimiter_integrity + boolean_signal
PG_BOOL_R050_C04,PG_BOOL_R050,Y3,arithmetic_expression,4,is_true_wrapper,6,>|IS|TRUE,(((INT + INT) > INT)) IS TRUE,e0fed450e3d30ec9f2f09783,required_tokens + skeleton_family + delimiter_integrity + boolean_signal
PG_BOOL_R050_C05,PG_BOOL_R050,Y3,arithmetic_expression,5,is_not_false_wrapper,6,>|FALSE|IS|NOT,(((INT + INT) > INT)) IS NOT FALSE,efc5f53cd6318b71219796df,required_tokens + skeleton_family + delimiter_integrity + boolean_signal
PG_BOOL_R050_C06,PG_BOOL_R050,Y3,arithmetic_expression,6,case_boolean_wrapper,6,>|CASE|ELSE|END|FALSE|THEN|TRUE|WHEN,CASE WHEN (((INT + INT) > INT)) THEN TRUE ELSE FALSE END,f75db94cfcd1759b6b9cb07d,required_tokens + skeleton_family + delimiter_integrity + boolean_signal
PG_BOOL_R050_C07,PG_BOOL_R050,Y3,arithmetic_expression,7,and_true_guard,6,=|>|AND,(((INT + INT) > INT)) AND (INT = INT),b8b56d9f651e680547ec6420,required_tokens + skeleton_family + delimiter_integrity + boolean_signal
PG_BOOL_R050_C08,PG_BOOL_R050,Y3,arithmetic_expression,8,or_false_guard,6,<|<>|>|OR,(((INT + INT) > INT)) OR (INT <> INT),08a3030dfe2c9d87f9016fea,required_tokens + skeleton_family + delimiter_integrity + boolean_signal
PG_BOOL_R050_C09,PG_BOOL_R050,Y3,arithmetic_expression,9,equals_true_wrapper,6,=|>|TRUE,((((INT + INT) > INT)) = TRUE),90c56fcfd1a6062dfe6b03a9,required_tokens + skeleton_family + delimiter_integrity + boolean_signal
PG_BOOL_R050_C10,PG_BOOL_R050,Y3,arithmetic_expression,10,coalesce_false_wrapper,6,>|COALESCE|FALSE,"COALESCE((((INT + INT) > INT)), FALSE)",91e79c060457e6a0b368c07b,required_tokens + skeleton_family + delimiter_integrity + boolean_signal
PG_BOOL_R051_C01,PG_BOOL_R051,Y3,array_operator,1,base_predicate,6,>|@>|ARRAY,"ARRAY[INT, INT, INT] @> ARRAY[INT]",df94224da65693f0904cdb31,required_tokens + skeleton_family + delimiter_integrity + boolean_signal
PG_BOOL_R051_C02,PG_BOOL_R051,Y3,array_operator,2,parenthesized_predicate,6,>|@>|ARRAY,"(ARRAY[INT, INT, INT] @> ARRAY[INT])",75b1c4225018611b88dbe5f7,required_tokens + skeleton_family + delimiter_integrity + boolean_signal
PG_BOOL_R051_C03,PG_BOOL_R051,Y3,array_operator,3,negated_inverse_predicate,6,>|@>|ARRAY|NOT,"NOT (ARRAY[INT, INT, INT] @> ARRAY[INT])",a2478fea7e4178b414a93a9b,required_tokens + skeleton_family + delimiter_integrity + boolean_signal
PG_BOOL_R051_C04,PG_BOOL_R051,Y3,array_operator,4,is_true_wrapper,6,>|@>|ARRAY|IS|TRUE,"(ARRAY[INT, INT, INT] @> ARRAY[INT]) IS TRUE",60229fae51cd867f46526251,required_tokens + skeleton_family + delimiter_integrity + boolean_signal
PG_BOOL_R051_C05,PG_BOOL_R051,Y3,array_operator,5,is_not_false_wrapper,6,>|@>|ARRAY|FALSE|IS|NOT,"(ARRAY[INT, INT, INT] @> ARRAY[INT]) IS NOT FALSE",e992994d2271ae636229f576,required_tokens + skeleton_family + delimiter_integrity + boolean_signal
PG_BOOL_R051_C06,PG_BOOL_R051,Y3,array_operator,6,case_boolean_wrapper,6,>|@>|ARRAY|CASE|ELSE|END|FALSE|THEN|TRUE|WHEN,"CASE WHEN (ARRAY[INT, INT, INT] @> ARRAY[INT]) THEN TRUE ELSE FALSE END",e918d98614b1d1e9b1a5433f,required_tokens + skeleton_family + delimiter_integrity + boolean_signal
PG_BOOL_R051_C07,PG_BOOL_R051,Y3,array_operator,7,and_true_guard,6,=|>|@>|AND|ARRAY,"(ARRAY[INT, INT, INT] @> ARRAY[INT]) AND (INT = INT)",28becbde7c62b6e59f9b3d7a,required_tokens + skeleton_family + delimiter_integrity + boolean_signal
PG_BOOL_R051_C08,PG_BOOL_R051,Y3,array_operator,8,or_false_guard,6,<|<>|>|@>|ARRAY|OR,"(ARRAY[INT, INT, INT] @> ARRAY[INT]) OR (INT <> INT)",11e93378b569fb8b32bc6f79,required_tokens + skeleton_family + delimiter_integrity + boolean_signal
PG_BOOL_R051_C09,PG_BOOL_R051,Y3,array_operator,9,equals_true_wrapper,6,=|>|@>|ARRAY|TRUE,"((ARRAY[INT, INT, INT] @> ARRAY[INT]) = TRUE)",b25294e950d0009ebf006287,required_tokens + skeleton_family + delimiter_integrity + boolean_signal
PG_BOOL_R051_C10,PG_BOOL_R051,Y3,array_operator,10,coalesce_false_wrapper,6,>|@>|ARRAY|COALESCE|FALSE,"COALESCE((ARRAY[INT, INT, INT] @> ARRAY[INT]), FALSE)",8304fe66e79cfd935b3cf5e8,required_tokens + skeleton_family + delimiter_integrity + boolean_signal
PG_BOOL_R052_C01,PG_BOOL_R052,Y3,array_operator,1,base_predicate,6,<|<@|ARRAY,"ARRAY[INT, INT] <@ ARRAY[INT, INT, INT]",48d1d46bb01ab19e568bc89a,required_tokens + skeleton_family + delimiter_integrity + boolean_signal
PG_BOOL_R052_C02,PG_BOOL_R052,Y3,array_operator,2,parenthesized_predicate,6,<|<@|ARRAY,"(ARRAY[INT, INT] <@ ARRAY[INT, INT, INT])",98a35a1da68b9d747643a34e,required_tokens + skeleton_family + delimiter_integrity + boolean_signal
PG_BOOL_R052_C03,PG_BOOL_R052,Y3,array_operator,3,negated_inverse_predicate,6,<|<@|ARRAY|NOT,"NOT (ARRAY[INT, INT] <@ ARRAY[INT, INT, INT])",e117fd1deedb7cc796497de6,required_tokens + skeleton_family + delimiter_integrity + boolean_signal
PG_BOOL_R052_C04,PG_BOOL_R052,Y3,array_operator,4,is_true_wrapper,6,<|<@|ARRAY|IS|TRUE,"(ARRAY[INT, INT] <@ ARRAY[INT, INT, INT]) IS TRUE",ad46cf372dc6211176f6801e,required_tokens + skeleton_family + delimiter_integrity + boolean_signal
PG_BOOL_R052_C05,PG_BOOL_R052,Y3,array_operator,5,is_not_false_wrapper,6,<|<@|ARRAY|FALSE|IS|NOT,"(ARRAY[INT, INT] <@ ARRAY[INT, INT, INT]) IS NOT FALSE",ee36ac2b34dbe1e5816b047a,required_tokens + skeleton_family + delimiter_integrity + boolean_signal
PG_BOOL_R052_C06,PG_BOOL_R052,Y3,array_operator,6,case_boolean_wrapper,6,<|<@|ARRAY|CASE|ELSE|END|FALSE|THEN|TRUE|WHEN,"CASE WHEN (ARRAY[INT, INT] <@ ARRAY[INT, INT, INT]) THEN TRUE ELSE FALSE END",de1689016b251b961954d276,required_tokens + skeleton_family + delimiter_integrity + boolean_signal
PG_BOOL_R052_C07,PG_BOOL_R052,Y3,array_operator,7,and_true_guard,6,<|<@|=|AND|ARRAY,"(ARRAY[INT, INT] <@ ARRAY[INT, INT, INT]) AND (INT = INT)",98ed6da52c256938ace15931,required_tokens + skeleton_family + delimiter_integrity + boolean_signal
PG_BOOL_R052_C08,PG_BOOL_R052,Y3,array_operator,8,or_false_guard,6,<|<>|<@|>|ARRAY|OR,"(ARRAY[INT, INT] <@ ARRAY[INT, INT, INT]) OR (INT <> INT)",c6cbe8f0550b1d1d4307b418,required_tokens + skeleton_family + delimiter_integrity + boolean_signal
PG_BOOL_R052_C09,PG_BOOL_R052,Y3,array_operator,9,equals_true_wrapper,6,<|<@|=|ARRAY|TRUE,"((ARRAY[INT, INT] <@ ARRAY[INT, INT, INT]) = TRUE)",864976ef95b926ba01cc0c10,required_tokens + skeleton_family + delimiter_integrity + boolean_signal
PG_BOOL_R052_C10,PG_BOOL_R052,Y3,array_operator,10,coalesce_false_wrapper,6,<|<@|ARRAY|COALESCE|FALSE,"COALESCE((ARRAY[INT, INT] <@ ARRAY[INT, INT, INT]), FALSE)",f0b06f89f0f179bc9cdbada3,required_tokens + skeleton_family + delimiter_integrity + boolean_signal
PG_BOOL_R053_C01,PG_BOOL_R053,Y3,array_operator,1,base_predicate,6,&&|ARRAY,"ARRAY[INT, INT] && ARRAY[INT, INT]",e703acbd90fe770fe208a22d,required_tokens + skeleton_family + delimiter_integrity + boolean_signal
PG_BOOL_R053_C02,PG_BOOL_R053,Y3,array_operator,2,parenthesized_predicate,6,&&|ARRAY,"(ARRAY[INT, INT] && ARRAY[INT, INT])",2c241114bc46fb78ca902e4d,required_tokens + skeleton_family + delimiter_integrity + boolean_signal
PG_BOOL_R053_C03,PG_BOOL_R053,Y3,array_operator,3,negated_inverse_predicate,6,&&|ARRAY|NOT,"NOT (ARRAY[INT, INT] && ARRAY[INT, INT])",a204672e4dac5851ef0082f5,required_tokens + skeleton_family + delimiter_integrity + boolean_signal
PG_BOOL_R053_C04,PG_BOOL_R053,Y3,array_operator,4,is_true_wrapper,6,&&|ARRAY|IS|TRUE,"(ARRAY[INT, INT] && ARRAY[INT, INT]) IS TRUE",e18abfa8b15e927b10c7653c,required_tokens + skeleton_family + delimiter_integrity + boolean_signal
PG_BOOL_R053_C05,PG_BOOL_R053,Y3,array_operator,5,is_not_false_wrapper,6,&&|ARRAY|FALSE|IS|NOT,"(ARRAY[INT, INT] && ARRAY[INT, INT]) IS NOT FALSE",71ccbcc789cef10b46051617,required_tokens + skeleton_family + delimiter_integrity + boolean_signal
PG_BOOL_R053_C06,PG_BOOL_R053,Y3,array_operator,6,case_boolean_wrapper,6,&&|ARRAY|CASE|ELSE|END|FALSE|THEN|TRUE|WHEN,"CASE WHEN (ARRAY[INT, INT] && ARRAY[INT, INT]) THEN TRUE ELSE FALSE END",786159385d6f44df4e4f875a,required_tokens + skeleton_family + delimiter_integrity + boolean_signal
PG_BOOL_R053_C07,PG_BOOL_R053,Y3,array_operator,7,and_true_guard,6,&&|=|AND|ARRAY,"(ARRAY[INT, INT] && ARRAY[INT, INT]) AND (INT = INT)",050b595b36940a6138f61d3b,required_tokens + skeleton_family + delimiter_integrity + boolean_signal
PG_BOOL_R053_C08,PG_BOOL_R053,Y3,array_operator,8,or_false_guard,6,&&|<|<>|>|ARRAY|OR,"(ARRAY[INT, INT] && ARRAY[INT, INT]) OR (INT <> INT)",b92aaf7592582e79e3cb367e,required_tokens + skeleton_family + delimiter_integrity + boolean_signal
PG_BOOL_R053_C09,PG_BOOL_R053,Y3,array_operator,9,equals_true_wrapper,6,&&|=|ARRAY|TRUE,"((ARRAY[INT, INT] && ARRAY[INT, INT]) = TRUE)",d1ad6eea8afa5e65a05496a7,required_tokens + skeleton_family + delimiter_integrity + boolean_signal
PG_BOOL_R053_C10,PG_BOOL_R053,Y3,array_operator,10,coalesce_false_wrapper,6,&&|ARRAY|COALESCE|FALSE,"COALESCE((ARRAY[INT, INT] && ARRAY[INT, INT]), FALSE)",ea3fcad18e84515834c27a1b,required_tokens + skeleton_family + delimiter_integrity + boolean_signal
PG_BOOL_R054_C01,PG_BOOL_R054,Y3,array_operator,1,base_predicate,6,=|ARRAY,"ARRAY_LENGTH(ARRAY[INT, INT, INT], INT) = INT",a7c71d537ad8b957b96964a0,required_tokens + skeleton_family + delimiter_integrity + boolean_signal
PG_BOOL_R054_C02,PG_BOOL_R054,Y3,array_operator,2,parenthesized_predicate,6,=|ARRAY,"(ARRAY_LENGTH(ARRAY[INT, INT, INT], INT) = INT)",955d2d8ac863db1a7d411cf7,required_tokens + skeleton_family + delimiter_integrity + boolean_signal
PG_BOOL_R054_C03,PG_BOOL_R054,Y3,array_operator,3,negated_inverse_predicate,6,=|ARRAY|NOT,"NOT (ARRAY_LENGTH(ARRAY[INT, INT, INT], INT) = INT)",5b14e1b40030f8ebf13475f2,required_tokens + skeleton_family + delimiter_integrity + boolean_signal
PG_BOOL_R054_C04,PG_BOOL_R054,Y3,array_operator,4,is_true_wrapper,6,=|ARRAY|IS|TRUE,"(ARRAY_LENGTH(ARRAY[INT, INT, INT], INT) = INT) IS TRUE",06853ab348699650266a2714,required_tokens + skeleton_family + delimiter_integrity + boolean_signal
PG_BOOL_R054_C05,PG_BOOL_R054,Y3,array_operator,5,is_not_false_wrapper,6,=|ARRAY|FALSE|IS|NOT,"(ARRAY_LENGTH(ARRAY[INT, INT, INT], INT) = INT) IS NOT FALSE",5501931ab16723fdf16c9ac1,required_tokens + skeleton_family + delimiter_integrity + boolean_signal
PG_BOOL_R054_C06,PG_BOOL_R054,Y3,array_operator,6,case_boolean_wrapper,6,=|ARRAY|CASE|ELSE|END|FALSE|THEN|TRUE|WHEN,"CASE WHEN (ARRAY_LENGTH(ARRAY[INT, INT, INT], INT) = INT) THEN TRUE ELSE FALSE END",95d8e10ce87b35be3a49c3d8,required_tokens + skeleton_family + delimiter_integrity + boolean_signal
PG_BOOL_R054_C07,PG_BOOL_R054,Y3,array_operator,7,and_true_guard,6,=|AND|ARRAY,"(ARRAY_LENGTH(ARRAY[INT, INT, INT], INT) = INT) AND (INT = INT)",2b299cbe411cb001936aff99,required_tokens + skeleton_family + delimiter_integrity + boolean_signal
PG_BOOL_R054_C08,PG_BOOL_R054,Y3,array_operator,8,or_false_guard,6,<|<>|=|>|ARRAY|OR,"(ARRAY_LENGTH(ARRAY[INT, INT, INT], INT) = INT) OR (INT <> INT)",879b5b88ff5df42b856c70cf,required_tokens + skeleton_family + delimiter_integrity + boolean_signal
PG_BOOL_R054_C09,PG_BOOL_R054,Y3,array_operator,9,equals_true_wrapper,6,=|ARRAY|TRUE,"((ARRAY_LENGTH(ARRAY[INT, INT, INT], INT) = INT) = TRUE)",bb5ff4ccd569d78722e918f8,required_tokens + skeleton_family + delimiter_integrity + boolean_signal
PG_BOOL_R054_C10,PG_BOOL_R054,Y3,array_operator,10,coalesce_false_wrapper,6,=|ARRAY|COALESCE|FALSE,"COALESCE((ARRAY_LENGTH(ARRAY[INT, INT, INT], INT) = INT), FALSE)",f81e32d2788ef48e51785520,required_tokens + skeleton_family + delimiter_integrity + boolean_signal
PG_BOOL_R055_C01,PG_BOOL_R055,Y3,array_operator,1,base_predicate,6,=|ANY|ARRAY,"INT = ANY(ARRAY[INT, INT, INT])",d95f8965eab3f00a1eefb039,required_tokens + skeleton_family + delimiter_integrity + boolean_signal
PG_BOOL_R055_C02,PG_BOOL_R055,Y3,array_operator,2,parenthesized_predicate,6,=|ANY|ARRAY,"(INT = ANY(ARRAY[INT, INT, INT]))",fa03000bd27bfa2dcb2418c5,required_tokens + skeleton_family + delimiter_integrity + boolean_signal
PG_BOOL_R055_C03,PG_BOOL_R055,Y3,array_operator,3,negated_inverse_predicate,6,=|ANY|ARRAY|NOT,"NOT (INT = ANY(ARRAY[INT, INT, INT]))",9d7bd53e66f2c51b16ba015c,required_tokens + skeleton_family + delimiter_integrity + boolean_signal
PG_BOOL_R055_C04,PG_BOOL_R055,Y3,array_operator,4,is_true_wrapper,6,=|ANY|ARRAY|IS|TRUE,"(INT = ANY(ARRAY[INT, INT, INT])) IS TRUE",95cd05cc1a285d45afb79b10,required_tokens + skeleton_family + delimiter_integrity + boolean_signal
PG_BOOL_R055_C05,PG_BOOL_R055,Y3,array_operator,5,is_not_false_wrapper,6,=|ANY|ARRAY|FALSE|IS|NOT,"(INT = ANY(ARRAY[INT, INT, INT])) IS NOT FALSE",2446f38b3ef6bee744e20988,required_tokens + skeleton_family + delimiter_integrity + boolean_signal
PG_BOOL_R055_C06,PG_BOOL_R055,Y3,array_operator,6,case_boolean_wrapper,6,=|ANY|ARRAY|CASE|ELSE|END|FALSE|THEN|TRUE|WHEN,"CASE WHEN (INT = ANY(ARRAY[INT, INT, INT])) THEN TRUE ELSE FALSE END",4d734440ace67549b8a482ed,required_tokens + skeleton_family + delimiter_integrity + boolean_signal
PG_BOOL_R055_C07,PG_BOOL_R055,Y3,array_operator,7,and_true_guard,6,=|AND|ANY|ARRAY,"(INT = ANY(ARRAY[INT, INT, INT])) AND (INT = INT)",c05daa19d0db621b78ea6b08,required_tokens + skeleton_family + delimiter_integrity + boolean_signal
PG_BOOL_R055_C08,PG_BOOL_R055,Y3,array_operator,8,or_false_guard,6,<|<>|=|>|ANY|ARRAY|OR,"(INT = ANY(ARRAY[INT, INT, INT])) OR (INT <> INT)",d96ccbe2b3db2c35255e8df0,required_tokens + skeleton_family + delimiter_integrity + boolean_signal
PG_BOOL_R055_C09,PG_BOOL_R055,Y3,array_operator,9,equals_true_wrapper,6,=|ANY|ARRAY|TRUE,"((INT = ANY(ARRAY[INT, INT, INT])) = TRUE)",837cac73267d96821542a156,required_tokens + skeleton_family + delimiter_integrity + boolean_signal
PG_BOOL_R055_C10,PG_BOOL_R055,Y3,array_operator,10,coalesce_false_wrapper,6,=|ANY|ARRAY|COALESCE|FALSE,"COALESCE((INT = ANY(ARRAY[INT, INT, INT])), FALSE)",5ee35115160f6f0a3d9a0ab4,required_tokens + skeleton_family + delimiter_integrity + boolean_signal
PG_BOOL_R056_C01,PG_BOOL_R056,Y3,row_comparison,1,base_predicate,6,=|ROW,"ROW(INT, STR) = ROW(INT, STR)",f9dfecb8d7128ea9886fe772,required_tokens + skeleton_family + delimiter_integrity + boolean_signal
PG_BOOL_R056_C02,PG_BOOL_R056,Y3,row_comparison,2,parenthesized_predicate,6,=|ROW,"(ROW(INT, STR) = ROW(INT, STR))",e012d1bdf9744a48b1eebbdf,required_tokens + skeleton_family + delimiter_integrity + boolean_signal
PG_BOOL_R056_C03,PG_BOOL_R056,Y3,row_comparison,3,negated_inverse_predicate,6,=|NOT|ROW,"NOT (ROW(INT, STR) = ROW(INT, STR))",22775a67c46a961099e5f2fb,required_tokens + skeleton_family + delimiter_integrity + boolean_signal
PG_BOOL_R056_C04,PG_BOOL_R056,Y3,row_comparison,4,is_true_wrapper,6,=|IS|ROW|TRUE,"(ROW(INT, STR) = ROW(INT, STR)) IS TRUE",1f29bcccaac8db8e1f1a9d83,required_tokens + skeleton_family + delimiter_integrity + boolean_signal
PG_BOOL_R056_C05,PG_BOOL_R056,Y3,row_comparison,5,is_not_false_wrapper,6,=|FALSE|IS|NOT|ROW,"(ROW(INT, STR) = ROW(INT, STR)) IS NOT FALSE",82aec0c7c39f985a6af813fc,required_tokens + skeleton_family + delimiter_integrity + boolean_signal
PG_BOOL_R056_C06,PG_BOOL_R056,Y3,row_comparison,6,case_boolean_wrapper,6,=|CASE|ELSE|END|FALSE|ROW|THEN|TRUE|WHEN,"CASE WHEN (ROW(INT, STR) = ROW(INT, STR)) THEN TRUE ELSE FALSE END",9f0ba5ab268f57bbf7679fd9,required_tokens + skeleton_family + delimiter_integrity + boolean_signal
PG_BOOL_R056_C07,PG_BOOL_R056,Y3,row_comparison,7,and_true_guard,6,=|AND|ROW,"(ROW(INT, STR) = ROW(INT, STR)) AND (INT = INT)",d9056f5265591506f1ae80c6,required_tokens + skeleton_family + delimiter_integrity + boolean_signal
PG_BOOL_R056_C08,PG_BOOL_R056,Y3,row_comparison,8,or_false_guard,6,<|<>|=|>|OR|ROW,"(ROW(INT, STR) = ROW(INT, STR)) OR (INT <> INT)",999fd75c2d52c0d4c40b4b94,required_tokens + skeleton_family + delimiter_integrity + boolean_signal
PG_BOOL_R056_C09,PG_BOOL_R056,Y3,row_comparison,9,equals_true_wrapper,6,=|ROW|TRUE,"((ROW(INT, STR) = ROW(INT, STR)) = TRUE)",e60b76ffb41933f897b022d8,required_tokens + skeleton_family + delimiter_integrity + boolean_signal
PG_BOOL_R056_C10,PG_BOOL_R056,Y3,row_comparison,10,coalesce_false_wrapper,6,=|COALESCE|FALSE|ROW,"COALESCE((ROW(INT, STR) = ROW(INT, STR)), FALSE)",7343551896d61e0e9e494d6b,required_tokens + skeleton_family + delimiter_integrity + boolean_signal
PG_BOOL_R057_C01,PG_BOOL_R057,Y3,row_comparison,1,base_predicate,6,<|<>|>|ROW,"ROW(INT, INT) <> ROW(INT, INT)",1b3a23fa74b8aed82df1fc81,required_tokens + skeleton_family + delimiter_integrity + boolean_signal
PG_BOOL_R057_C02,PG_BOOL_R057,Y3,row_comparison,2,parenthesized_predicate,6,<|<>|>|ROW,"(ROW(INT, INT) <> ROW(INT, INT))",ad1cf86f133bc1b8e0e6bca3,required_tokens + skeleton_family + delimiter_integrity + boolean_signal
PG_BOOL_R057_C03,PG_BOOL_R057,Y3,row_comparison,3,negated_inverse_predicate,6,<|<>|>|NOT|ROW,"NOT (ROW(INT, INT) <> ROW(INT, INT))",4b64f0a82f9051b462208b9c,required_tokens + skeleton_family + delimiter_integrity + boolean_signal
PG_BOOL_R057_C04,PG_BOOL_R057,Y3,row_comparison,4,is_true_wrapper,6,<|<>|>|IS|ROW|TRUE,"(ROW(INT, INT) <> ROW(INT, INT)) IS TRUE",a7cd613530305881e89c53ca,required_tokens + skeleton_family + delimiter_integrity + boolean_signal
PG_BOOL_R057_C05,PG_BOOL_R057,Y3,row_comparison,5,is_not_false_wrapper,6,<|<>|>|FALSE|IS|NOT|ROW,"(ROW(INT, INT) <> ROW(INT, INT)) IS NOT FALSE",42924477bce5f5e61e5d0a81,required_tokens + skeleton_family + delimiter_integrity + boolean_signal
PG_BOOL_R057_C06,PG_BOOL_R057,Y3,row_comparison,6,case_boolean_wrapper,6,<|<>|>|CASE|ELSE|END|FALSE|ROW|THEN|TRUE|WHEN,"CASE WHEN (ROW(INT, INT) <> ROW(INT, INT)) THEN TRUE ELSE FALSE END",ac355d04e09882e0a6b7274e,required_tokens + skeleton_family + delimiter_integrity + boolean_signal
PG_BOOL_R057_C07,PG_BOOL_R057,Y3,row_comparison,7,and_true_guard,6,<|<>|=|>|AND|ROW,"(ROW(INT, INT) <> ROW(INT, INT)) AND (INT = INT)",f7c899d92f466d0a4fe45c76,required_tokens + skeleton_family + delimiter_integrity + boolean_signal
PG_BOOL_R057_C08,PG_BOOL_R057,Y3,row_comparison,8,or_false_guard,6,<|<>|>|OR|ROW,"(ROW(INT, INT) <> ROW(INT, INT)) OR (INT <> INT)",de8aa4b799a106310fb0ba8d,required_tokens + skeleton_family + delimiter_integrity + boolean_signal
PG_BOOL_R057_C09,PG_BOOL_R057,Y3,row_comparison,9,equals_true_wrapper,6,<|<>|=|>|ROW|TRUE,"((ROW(INT, INT) <> ROW(INT, INT)) = TRUE)",61d2c5284726fef900089ea2,required_tokens + skeleton_family + delimiter_integrity + boolean_signal
PG_BOOL_R057_C10,PG_BOOL_R057,Y3,row_comparison,10,coalesce_false_wrapper,6,<|<>|>|COALESCE|FALSE|ROW,"COALESCE((ROW(INT, INT) <> ROW(INT, INT)), FALSE)",9e51d87e049f23a574711028,required_tokens + skeleton_family + delimiter_integrity + boolean_signal
PG_BOOL_R058_C01,PG_BOOL_R058,Y3,row_comparison,1,base_predicate,6,DISTINCT|FROM|IS|ROW,"ROW(INT, STR) IS DISTINCT FROM ROW(INT, STR)",c87e738405e384b8c288f9e8,required_tokens + skeleton_family + delimiter_integrity + boolean_signal
PG_BOOL_R058_C02,PG_BOOL_R058,Y3,row_comparison,2,parenthesized_predicate,6,DISTINCT|FROM|IS|ROW,"(ROW(INT, STR) IS DISTINCT FROM ROW(INT, STR))",a2ef8bfa2e1cd26f211c26ce,required_tokens + skeleton_family + delimiter_integrity + boolean_signal
PG_BOOL_R058_C03,PG_BOOL_R058,Y3,row_comparison,3,negated_inverse_predicate,6,DISTINCT|FROM|IS|NOT|ROW,"NOT (ROW(INT, STR) IS NOT DISTINCT FROM ROW(INT, STR))",780d7a1f5b278539c4b14a10,required_tokens + skeleton_family + delimiter_integrity + boolean_signal
PG_BOOL_R058_C04,PG_BOOL_R058,Y3,row_comparison,4,is_true_wrapper,6,DISTINCT|FROM|IS|ROW|TRUE,"(ROW(INT, STR) IS DISTINCT FROM ROW(INT, STR)) IS TRUE",ebb5f7f80733a367086c3f06,required_tokens + skeleton_family + delimiter_integrity + boolean_signal
PG_BOOL_R058_C05,PG_BOOL_R058,Y3,row_comparison,5,is_not_false_wrapper,6,DISTINCT|FALSE|FROM|IS|NOT|ROW,"(ROW(INT, STR) IS DISTINCT FROM ROW(INT, STR)) IS NOT FALSE",ac0236489744cbe760a8ce5e,required_tokens + skeleton_family + delimiter_integrity + boolean_signal
PG_BOOL_R058_C06,PG_BOOL_R058,Y3,row_comparison,6,case_boolean_wrapper,6,CASE|DISTINCT|ELSE|END|FALSE|FROM|IS|ROW|THEN|TRUE|WHEN,"CASE WHEN (ROW(INT, STR) IS DISTINCT FROM ROW(INT, STR)) THEN TRUE ELSE FALSE END",f30ed1c7bc23597b62cf97fc,required_tokens + skeleton_family + delimiter_integrity + boolean_signal
PG_BOOL_R058_C07,PG_BOOL_R058,Y3,row_comparison,7,and_true_guard,6,=|AND|DISTINCT|FROM|IS|ROW,"(ROW(INT, STR) IS DISTINCT FROM ROW(INT, STR)) AND (INT = INT)",a3c010de4b3ee5409f9e9a71,required_tokens + skeleton_family + delimiter_integrity + boolean_signal
PG_BOOL_R058_C08,PG_BOOL_R058,Y3,row_comparison,8,or_false_guard,6,<|<>|>|DISTINCT|FROM|IS|OR|ROW,"(ROW(INT, STR) IS DISTINCT FROM ROW(INT, STR)) OR (INT <> INT)",b1ff268c44726a8e31ab1903,required_tokens + skeleton_family + delimiter_integrity + boolean_signal
PG_BOOL_R058_C09,PG_BOOL_R058,Y3,row_comparison,9,equals_true_wrapper,6,=|DISTINCT|FROM|IS|ROW|TRUE,"((ROW(INT, STR) IS DISTINCT FROM ROW(INT, STR)) = TRUE)",1d8af34f06f40ec3f95b2dea,required_tokens + skeleton_family + delimiter_integrity + boolean_signal
PG_BOOL_R058_C10,PG_BOOL_R058,Y3,row_comparison,10,coalesce_false_wrapper,6,COALESCE|DISTINCT|FALSE|FROM|IS|ROW,"COALESCE((ROW(INT, STR) IS DISTINCT FROM ROW(INT, STR)), FALSE)",a02c73bac407fa826c9075d4,required_tokens + skeleton_family + delimiter_integrity + boolean_signal
PG_BOOL_R059_C01,PG_BOOL_R059,Y3,row_comparison,1,base_predicate,6,<|ROW,"ROW(INT, INT) < ROW(INT, INT)",2cfec8be794e4de5d5826d69,required_tokens + skeleton_family + delimiter_integrity + boolean_signal
PG_BOOL_R059_C02,PG_BOOL_R059,Y3,row_comparison,2,parenthesized_predicate,6,<|ROW,"(ROW(INT, INT) < ROW(INT, INT))",3bbbe6310be7796dbd867b74,required_tokens + skeleton_family + delimiter_integrity + boolean_signal
PG_BOOL_R059_C03,PG_BOOL_R059,Y3,row_comparison,3,negated_inverse_predicate,6,<|NOT|ROW,"NOT (ROW(INT, INT) < ROW(INT, INT))",ae4dadb99f3438575350a919,required_tokens + skeleton_family + delimiter_integrity + boolean_signal
PG_BOOL_R059_C04,PG_BOOL_R059,Y3,row_comparison,4,is_true_wrapper,6,<|IS|ROW|TRUE,"(ROW(INT, INT) < ROW(INT, INT)) IS TRUE",ddb899d7c9b41497ac059e98,required_tokens + skeleton_family + delimiter_integrity + boolean_signal
PG_BOOL_R059_C05,PG_BOOL_R059,Y3,row_comparison,5,is_not_false_wrapper,6,<|FALSE|IS|NOT|ROW,"(ROW(INT, INT) < ROW(INT, INT)) IS NOT FALSE",0e7f6aafc5dec2c8b6f55995,required_tokens + skeleton_family + delimiter_integrity + boolean_signal
PG_BOOL_R059_C06,PG_BOOL_R059,Y3,row_comparison,6,case_boolean_wrapper,6,<|CASE|ELSE|END|FALSE|ROW|THEN|TRUE|WHEN,"CASE WHEN (ROW(INT, INT) < ROW(INT, INT)) THEN TRUE ELSE FALSE END",a077078d782cb81fc9c28704,required_tokens + skeleton_family + delimiter_integrity + boolean_signal
PG_BOOL_R059_C07,PG_BOOL_R059,Y3,row_comparison,7,and_true_guard,6,<|=|AND|ROW,"(ROW(INT, INT) < ROW(INT, INT)) AND (INT = INT)",4688eef9ebf575a9071d8e26,required_tokens + skeleton_family + delimiter_integrity + boolean_signal
PG_BOOL_R059_C08,PG_BOOL_R059,Y3,row_comparison,8,or_false_guard,6,<|<>|>|OR|ROW,"(ROW(INT, INT) < ROW(INT, INT)) OR (INT <> INT)",96839a27d6a92c33dc6067cc,required_tokens + skeleton_family + delimiter_integrity + boolean_signal
PG_BOOL_R059_C09,PG_BOOL_R059,Y3,row_comparison,9,equals_true_wrapper,6,<|=|ROW|TRUE,"((ROW(INT, INT) < ROW(INT, INT)) = TRUE)",1278fa1195e09ff23f4b497d,required_tokens + skeleton_family + delimiter_integrity + boolean_signal
PG_BOOL_R059_C10,PG_BOOL_R059,Y3,row_comparison,10,coalesce_false_wrapper,6,<|COALESCE|FALSE|ROW,"COALESCE((ROW(INT, INT) < ROW(INT, INT)), FALSE)",71c1515d4cbdfc91a3c6fd0e,required_tokens + skeleton_family + delimiter_integrity + boolean_signal
PG_BOOL_R060_C01,PG_BOOL_R060,Y3,row_comparison,1,base_predicate,6,DISTINCT|FROM|IS|NOT|ROW,"ROW(INT, STR) IS NOT DISTINCT FROM ROW(INT, STR)",c74183d6c663da0624ac8c8b,required_tokens + skeleton_family + delimiter_integrity + boolean_signal
PG_BOOL_R060_C02,PG_BOOL_R060,Y3,row_comparison,2,parenthesized_predicate,6,DISTINCT|FROM|IS|NOT|ROW,"(ROW(INT, STR) IS NOT DISTINCT FROM ROW(INT, STR))",f5c0cbb6657ce05adafa2b2c,required_tokens + skeleton_family + delimiter_integrity + boolean_signal
PG_BOOL_R060_C03,PG_BOOL_R060,Y3,row_comparison,3,negated_inverse_predicate,6,DISTINCT|FROM|IS|NOT|ROW,"NOT (ROW(INT, STR) IS DISTINCT FROM ROW(INT, STR))",23a25684d1dcd4fe78723536,required_tokens + skeleton_family + delimiter_integrity + boolean_signal
PG_BOOL_R060_C04,PG_BOOL_R060,Y3,row_comparison,4,is_true_wrapper,6,DISTINCT|FROM|IS|NOT|ROW|TRUE,"(ROW(INT, STR) IS NOT DISTINCT FROM ROW(INT, STR)) IS TRUE",b5c6bf5a6000081636d2ce72,required_tokens + skeleton_family + delimiter_integrity + boolean_signal
PG_BOOL_R060_C05,PG_BOOL_R060,Y3,row_comparison,5,is_not_false_wrapper,6,DISTINCT|FALSE|FROM|IS|NOT|ROW,"(ROW(INT, STR) IS NOT DISTINCT FROM ROW(INT, STR)) IS NOT FALSE",060ba4ace4e9e7ae69f27bd9,required_tokens + skeleton_family + delimiter_integrity + boolean_signal
PG_BOOL_R060_C06,PG_BOOL_R060,Y3,row_comparison,6,case_boolean_wrapper,6,CASE|DISTINCT|ELSE|END|FALSE|FROM|IS|NOT|ROW|THEN|TRUE|WHEN,"CASE WHEN (ROW(INT, STR) IS NOT DISTINCT FROM ROW(INT, STR)) THEN TRUE ELSE FALSE END",c1461a69c1c6e85aaf5af5b2,required_tokens + skeleton_family + delimiter_integrity + boolean_signal
PG_BOOL_R060_C07,PG_BOOL_R060,Y3,row_comparison,7,and_true_guard,6,=|AND|DISTINCT|FROM|IS|NOT|ROW,"(ROW(INT, STR) IS NOT DISTINCT FROM ROW(INT, STR)) AND (INT = INT)",2b6406d83aee97798f3f1d48,required_tokens + skeleton_family + delimiter_integrity + boolean_signal
PG_BOOL_R060_C08,PG_BOOL_R060,Y3,row_comparison,8,or_false_guard,6,<|<>|>|DISTINCT|FROM|IS|NOT|OR|ROW,"(ROW(INT, STR) IS NOT DISTINCT FROM ROW(INT, STR)) OR (INT <> INT)",12685825af604442bc2c96ee,required_tokens + skeleton_family + delimiter_integrity + boolean_signal
PG_BOOL_R060_C09,PG_BOOL_R060,Y3,row_comparison,9,equals_true_wrapper,6,=|DISTINCT|FROM|IS|NOT|ROW|TRUE,"((ROW(INT, STR) IS NOT DISTINCT FROM ROW(INT, STR)) = TRUE)",7de741ada3b53f722ec9bc86,required_tokens + skeleton_family + delimiter_integrity + boolean_signal
PG_BOOL_R060_C10,PG_BOOL_R060,Y3,row_comparison,10,coalesce_false_wrapper,6,COALESCE|DISTINCT|FALSE|FROM|IS|NOT|ROW,"COALESCE((ROW(INT, STR) IS NOT DISTINCT FROM ROW(INT, STR)), FALSE)",d13fbb718c4db1244a51b00f,required_tokens + skeleton_family + delimiter_integrity + boolean_signal
PG_BOOL_R061_C01,PG_BOOL_R061,Y3,conditional_expression,1,base_predicate,6,=|CASE|ELSE|END|THEN|WHEN,CASE WHEN INT = INT THEN STR ELSE STR END = STR,4ca91228e28b5ffa42cef3b7,required_tokens + skeleton_family + delimiter_integrity + boolean_signal
PG_BOOL_R061_C02,PG_BOOL_R061,Y3,conditional_expression,2,parenthesized_predicate,6,=|CASE|ELSE|END|THEN|WHEN,(CASE WHEN INT = INT THEN STR ELSE STR END = STR),344219a4d5c1f4d6b0380c2a,required_tokens + skeleton_family + delimiter_integrity + boolean_signal
PG_BOOL_R061_C03,PG_BOOL_R061,Y3,conditional_expression,3,negated_inverse_predicate,6,=|CASE|ELSE|END|NOT|THEN|WHEN,NOT (CASE WHEN INT = INT THEN STR ELSE STR END = STR),75611bd748eed9bbcb77bfdc,required_tokens + skeleton_family + delimiter_integrity + boolean_signal
PG_BOOL_R061_C04,PG_BOOL_R061,Y3,conditional_expression,4,is_true_wrapper,6,=|CASE|ELSE|END|IS|THEN|TRUE|WHEN,(CASE WHEN INT = INT THEN STR ELSE STR END = STR) IS TRUE,cba07a84eb66d5817008527d,required_tokens + skeleton_family + delimiter_integrity + boolean_signal
PG_BOOL_R061_C05,PG_BOOL_R061,Y3,conditional_expression,5,is_not_false_wrapper,6,=|CASE|ELSE|END|FALSE|IS|NOT|THEN|WHEN,(CASE WHEN INT = INT THEN STR ELSE STR END = STR) IS NOT FALSE,cea531a55ac4b0fdebed837d,required_tokens + skeleton_family + delimiter_integrity + boolean_signal
PG_BOOL_R061_C06,PG_BOOL_R061,Y3,conditional_expression,6,case_boolean_wrapper,6,=|CASE|ELSE|END|FALSE|THEN|TRUE|WHEN,CASE WHEN (CASE WHEN INT = INT THEN STR ELSE STR END = STR) THEN TRUE ELSE FALSE END,32fd18523c4b1386125b7e0c,required_tokens + skeleton_family + delimiter_integrity + boolean_signal
PG_BOOL_R061_C07,PG_BOOL_R061,Y3,conditional_expression,7,and_true_guard,6,=|AND|CASE|ELSE|END|THEN|WHEN,(CASE WHEN INT = INT THEN STR ELSE STR END = STR) AND (INT = INT),21fdc03ba75acaef9a5ca56f,required_tokens + skeleton_family + delimiter_integrity + boolean_signal
PG_BOOL_R061_C08,PG_BOOL_R061,Y3,conditional_expression,8,or_false_guard,6,<|<>|=|>|CASE|ELSE|END|OR|THEN|WHEN,(CASE WHEN INT = INT THEN STR ELSE STR END = STR) OR (INT <> INT),2bcde059cec864da22635565,required_tokens + skeleton_family + delimiter_integrity + boolean_signal
PG_BOOL_R061_C09,PG_BOOL_R061,Y3,conditional_expression,9,equals_true_wrapper,6,=|CASE|ELSE|END|THEN|TRUE|WHEN,((CASE WHEN INT = INT THEN STR ELSE STR END = STR) = TRUE),3985cea27e72f7f7a4a2ecef,required_tokens + skeleton_family + delimiter_integrity + boolean_signal
PG_BOOL_R061_C10,PG_BOOL_R061,Y3,conditional_expression,10,coalesce_false_wrapper,6,=|CASE|COALESCE|ELSE|END|FALSE|THEN|WHEN,"COALESCE((CASE WHEN INT = INT THEN STR ELSE STR END = STR), FALSE)",fd83a206ee69e015eb65e209,required_tokens + skeleton_family + delimiter_integrity + boolean_signal
PG_BOOL_R062_C01,PG_BOOL_R062,Y3,conditional_expression,1,base_predicate,6,<|<>|=|>|CASE|ELSE|END|THEN|WHEN,CASE WHEN INT <> INT THEN INT ELSE INT END = INT,9d1d6d1d3c7e47e895ddd091,required_tokens + skeleton_family + delimiter_integrity + boolean_signal
PG_BOOL_R062_C02,PG_BOOL_R062,Y3,conditional_expression,2,parenthesized_predicate,6,<|<>|=|>|CASE|ELSE|END|THEN|WHEN,(CASE WHEN INT <> INT THEN INT ELSE INT END = INT),4c6897cb439abf64dc87c814,required_tokens + skeleton_family + delimiter_integrity + boolean_signal
PG_BOOL_R062_C03,PG_BOOL_R062,Y3,conditional_expression,3,negated_inverse_predicate,6,<|<>|=|>|CASE|ELSE|END|NOT|THEN|WHEN,NOT (CASE WHEN INT <> INT THEN INT ELSE INT END = INT),a01d450c87bd76d4855666b3,required_tokens + skeleton_family + delimiter_integrity + boolean_signal
PG_BOOL_R062_C04,PG_BOOL_R062,Y3,conditional_expression,4,is_true_wrapper,6,<|<>|=|>|CASE|ELSE|END|IS|THEN|TRUE|WHEN,(CASE WHEN INT <> INT THEN INT ELSE INT END = INT) IS TRUE,e9b158d0930220539ff9b5d0,required_tokens + skeleton_family + delimiter_integrity + boolean_signal
PG_BOOL_R062_C05,PG_BOOL_R062,Y3,conditional_expression,5,is_not_false_wrapper,6,<|<>|=|>|CASE|ELSE|END|FALSE|IS|NOT|THEN|WHEN,(CASE WHEN INT <> INT THEN INT ELSE INT END = INT) IS NOT FALSE,823f8bfb9a99ec5877fd20cf,required_tokens + skeleton_family + delimiter_integrity + boolean_signal
PG_BOOL_R062_C06,PG_BOOL_R062,Y3,conditional_expression,6,case_boolean_wrapper,6,<|<>|=|>|CASE|ELSE|END|FALSE|THEN|TRUE|WHEN,CASE WHEN (CASE WHEN INT <> INT THEN INT ELSE INT END = INT) THEN TRUE ELSE FALSE END,81077372f1af0c1dd38a3d17,required_tokens + skeleton_family + delimiter_integrity + boolean_signal
PG_BOOL_R062_C07,PG_BOOL_R062,Y3,conditional_expression,7,and_true_guard,6,<|<>|=|>|AND|CASE|ELSE|END|THEN|WHEN,(CASE WHEN INT <> INT THEN INT ELSE INT END = INT) AND (INT = INT),308267225720c77b2ce09859,required_tokens + skeleton_family + delimiter_integrity + boolean_signal
PG_BOOL_R062_C08,PG_BOOL_R062,Y3,conditional_expression,8,or_false_guard,6,<|<>|=|>|CASE|ELSE|END|OR|THEN|WHEN,(CASE WHEN INT <> INT THEN INT ELSE INT END = INT) OR (INT <> INT),a1eb938f84c83eb0b62c85a8,required_tokens + skeleton_family + delimiter_integrity + boolean_signal
PG_BOOL_R062_C09,PG_BOOL_R062,Y3,conditional_expression,9,equals_true_wrapper,6,<|<>|=|>|CASE|ELSE|END|THEN|TRUE|WHEN,((CASE WHEN INT <> INT THEN INT ELSE INT END = INT) = TRUE),5e042c5b4207e46064f1e599,required_tokens + skeleton_family + delimiter_integrity + boolean_signal
PG_BOOL_R062_C10,PG_BOOL_R062,Y3,conditional_expression,10,coalesce_false_wrapper,6,<|<>|=|>|CASE|COALESCE|ELSE|END|FALSE|THEN|WHEN,"COALESCE((CASE WHEN INT <> INT THEN INT ELSE INT END = INT), FALSE)",1adc5b97f781e3c3cd96656c,required_tokens + skeleton_family + delimiter_integrity + boolean_signal
PG_BOOL_R063_C01,PG_BOOL_R063,Y3,conditional_expression,1,base_predicate,6,=|COALESCE|NULL,"COALESCE(NULL, INT) = INT",ff51479590398db708ae19cf,required_tokens + skeleton_family + delimiter_integrity + boolean_signal
PG_BOOL_R063_C02,PG_BOOL_R063,Y3,conditional_expression,2,parenthesized_predicate,6,=|COALESCE|NULL,"(COALESCE(NULL, INT) = INT)",9a4088293a606200bf385488,required_tokens + skeleton_family + delimiter_integrity + boolean_signal
PG_BOOL_R063_C03,PG_BOOL_R063,Y3,conditional_expression,3,negated_inverse_predicate,6,=|COALESCE|NOT|NULL,"NOT (COALESCE(NULL, INT) = INT)",45ba4d335d5b72451b6f53a0,required_tokens + skeleton_family + delimiter_integrity + boolean_signal
PG_BOOL_R063_C04,PG_BOOL_R063,Y3,conditional_expression,4,is_true_wrapper,6,=|COALESCE|IS|NULL|TRUE,"(COALESCE(NULL, INT) = INT) IS TRUE",a35a5603690923e45ef9cb2a,required_tokens + skeleton_family + delimiter_integrity + boolean_signal
PG_BOOL_R063_C05,PG_BOOL_R063,Y3,conditional_expression,5,is_not_false_wrapper,6,=|COALESCE|FALSE|IS|NOT|NULL,"(COALESCE(NULL, INT) = INT) IS NOT FALSE",a92b46c0a64e06396ac14ff3,required_tokens + skeleton_family + delimiter_integrity + boolean_signal
PG_BOOL_R063_C06,PG_BOOL_R063,Y3,conditional_expression,6,case_boolean_wrapper,6,=|CASE|COALESCE|ELSE|END|FALSE|NULL|THEN|TRUE|WHEN,"CASE WHEN (COALESCE(NULL, INT) = INT) THEN TRUE ELSE FALSE END",af7c684af20bc914fbc62826,required_tokens + skeleton_family + delimiter_integrity + boolean_signal
PG_BOOL_R063_C07,PG_BOOL_R063,Y3,conditional_expression,7,and_true_guard,6,=|AND|COALESCE|NULL,"(COALESCE(NULL, INT) = INT) AND (INT = INT)",54011357f0c056b1da17550a,required_tokens + skeleton_family + delimiter_integrity + boolean_signal
PG_BOOL_R063_C08,PG_BOOL_R063,Y3,conditional_expression,8,or_false_guard,6,<|<>|=|>|COALESCE|NULL|OR,"(COALESCE(NULL, INT) = INT) OR (INT <> INT)",70051e61ef93de61be511fe6,required_tokens + skeleton_family + delimiter_integrity + boolean_signal
PG_BOOL_R063_C09,PG_BOOL_R063,Y3,conditional_expression,9,equals_true_wrapper,6,=|COALESCE|NULL|TRUE,"((COALESCE(NULL, INT) = INT) = TRUE)",8dd3b795160cf372b1d1de3b,required_tokens + skeleton_family + delimiter_integrity + boolean_signal
PG_BOOL_R063_C10,PG_BOOL_R063,Y3,conditional_expression,10,coalesce_false_wrapper,6,=|COALESCE|FALSE|NULL,"COALESCE((COALESCE(NULL, INT) = INT), FALSE)",f5b675ab38faa55b943a5882,required_tokens + skeleton_family + delimiter_integrity + boolean_signal
PG_BOOL_R064_C01,PG_BOOL_R064,Y3,conditional_expression,1,base_predicate,6,IS|NULL,"NULLIF(INT, INT) IS NULL",1198891df27f6e99ef9c1f2d,required_tokens + skeleton_family + delimiter_integrity + boolean_signal
PG_BOOL_R064_C02,PG_BOOL_R064,Y3,conditional_expression,2,parenthesized_predicate,6,IS|NULL,"(NULLIF(INT, INT) IS NULL)",c3b66801ea0669c2901db830,required_tokens + skeleton_family + delimiter_integrity + boolean_signal
PG_BOOL_R064_C03,PG_BOOL_R064,Y3,conditional_expression,3,negated_inverse_predicate,6,IS|NOT|NULL,"NOT (NULLIF(INT, INT) IS NOT NULL)",463016ec21a2b723fdcf8fcb,required_tokens + skeleton_family + delimiter_integrity + boolean_signal
PG_BOOL_R064_C04,PG_BOOL_R064,Y3,conditional_expression,4,is_true_wrapper,6,IS|NULL|TRUE,"(NULLIF(INT, INT) IS NULL) IS TRUE",f58fca0efd8f9ec73f50873b,required_tokens + skeleton_family + delimiter_integrity + boolean_signal
PG_BOOL_R064_C05,PG_BOOL_R064,Y3,conditional_expression,5,is_not_false_wrapper,6,FALSE|IS|NOT|NULL,"(NULLIF(INT, INT) IS NULL) IS NOT FALSE",30132cc84d3cc11febd96fd0,required_tokens + skeleton_family + delimiter_integrity + boolean_signal
PG_BOOL_R064_C06,PG_BOOL_R064,Y3,conditional_expression,6,case_boolean_wrapper,6,CASE|ELSE|END|FALSE|IS|NULL|THEN|TRUE|WHEN,"CASE WHEN (NULLIF(INT, INT) IS NULL) THEN TRUE ELSE FALSE END",e2066fff1c3db7d286393ff6,required_tokens + skeleton_family + delimiter_integrity + boolean_signal
PG_BOOL_R064_C07,PG_BOOL_R064,Y3,conditional_expression,7,and_true_guard,6,=|AND|IS|NULL,"(NULLIF(INT, INT) IS NULL) AND (INT = INT)",aa37aea1a38d9b56ac516e47,required_tokens + skeleton_family + delimiter_integrity + boolean_signal
PG_BOOL_R064_C08,PG_BOOL_R064,Y3,conditional_expression,8,or_false_guard,6,<|<>|>|IS|NULL|OR,"(NULLIF(INT, INT) IS NULL) OR (INT <> INT)",e1ead197bb8757eb04dd7ee7,required_tokens + skeleton_family + delimiter_integrity + boolean_signal
PG_BOOL_R064_C09,PG_BOOL_R064,Y3,conditional_expression,9,equals_true_wrapper,6,=|IS|NULL|TRUE,"((NULLIF(INT, INT) IS NULL) = TRUE)",27acf3988b7e5f6f3518a45c,required_tokens + skeleton_family + delimiter_integrity + boolean_signal
PG_BOOL_R064_C10,PG_BOOL_R064,Y3,conditional_expression,10,coalesce_false_wrapper,6,COALESCE|FALSE|IS|NULL,"COALESCE((NULLIF(INT, INT) IS NULL), FALSE)",c58681b761e3c066f85de69a,required_tokens + skeleton_family + delimiter_integrity + boolean_signal
PG_BOOL_R065_C01,PG_BOOL_R065,Y3,conditional_expression,1,base_predicate,6,<|CASE|ELSE|END|FALSE|IS|THEN|TRUE|WHEN,CASE WHEN INT < INT THEN TRUE ELSE FALSE END IS TRUE,e45f45c38a4d7aca8e8af232,required_tokens + skeleton_family + delimiter_integrity + boolean_signal
PG_BOOL_R065_C02,PG_BOOL_R065,Y3,conditional_expression,2,parenthesized_predicate,6,<|CASE|ELSE|END|FALSE|IS|THEN|TRUE|WHEN,(CASE WHEN INT < INT THEN TRUE ELSE FALSE END IS TRUE),b2493b4542076c73ae1303de,required_tokens + skeleton_family + delimiter_integrity + boolean_signal
PG_BOOL_R065_C03,PG_BOOL_R065,Y3,conditional_expression,3,negated_inverse_predicate,6,<|CASE|ELSE|END|FALSE|IS|NOT|THEN|TRUE|WHEN,NOT (CASE WHEN INT < INT THEN TRUE ELSE FALSE END IS FALSE),c88e7176f4d69c8f6ceb5b99,required_tokens + skeleton_family + delimiter_integrity + boolean_signal
PG_BOOL_R065_C04,PG_BOOL_R065,Y3,conditional_expression,4,is_true_wrapper,6,<|CASE|ELSE|END|FALSE|IS|THEN|TRUE|WHEN,(CASE WHEN INT < INT THEN TRUE ELSE FALSE END IS TRUE) IS TRUE,2c01c321297385c531dff55e,required_tokens + skeleton_family + delimiter_integrity + boolean_signal
PG_BOOL_R065_C05,PG_BOOL_R065,Y3,conditional_expression,5,is_not_false_wrapper,6,<|CASE|ELSE|END|FALSE|IS|NOT|THEN|TRUE|WHEN,(CASE WHEN INT < INT THEN TRUE ELSE FALSE END IS TRUE) IS NOT FALSE,0daddeaff476c0dd0e8cdc58,required_tokens + skeleton_family + delimiter_integrity + boolean_signal
PG_BOOL_R065_C06,PG_BOOL_R065,Y3,conditional_expression,6,case_boolean_wrapper,6,<|CASE|ELSE|END|FALSE|IS|THEN|TRUE|WHEN,CASE WHEN (CASE WHEN INT < INT THEN TRUE ELSE FALSE END IS TRUE) THEN TRUE ELSE FALSE END,5d143519b5f9e62d0d4149fc,required_tokens + skeleton_family + delimiter_integrity + boolean_signal
PG_BOOL_R065_C07,PG_BOOL_R065,Y3,conditional_expression,7,and_true_guard,6,<|=|AND|CASE|ELSE|END|FALSE|IS|THEN|TRUE|WHEN,(CASE WHEN INT < INT THEN TRUE ELSE FALSE END IS TRUE) AND (INT = INT),7da2172a4542adedf27db5cc,required_tokens + skeleton_family + delimiter_integrity + boolean_signal
PG_BOOL_R065_C08,PG_BOOL_R065,Y3,conditional_expression,8,or_false_guard,6,<|<>|>|CASE|ELSE|END|FALSE|IS|OR|THEN|TRUE|WHEN,(CASE WHEN INT < INT THEN TRUE ELSE FALSE END IS TRUE) OR (INT <> INT),9b9d36f9f0c49113d5d72682,required_tokens + skeleton_family + delimiter_integrity + boolean_signal
PG_BOOL_R065_C09,PG_BOOL_R065,Y3,conditional_expression,9,equals_true_wrapper,6,<|=|CASE|ELSE|END|FALSE|IS|THEN|TRUE|WHEN,((CASE WHEN INT < INT THEN TRUE ELSE FALSE END IS TRUE) = TRUE),7c6e0d86378ff802c4e26e31,required_tokens + skeleton_family + delimiter_integrity + boolean_signal
PG_BOOL_R065_C10,PG_BOOL_R065,Y3,conditional_expression,10,coalesce_false_wrapper,6,<|CASE|COALESCE|ELSE|END|FALSE|IS|THEN|TRUE|WHEN,"COALESCE((CASE WHEN INT < INT THEN TRUE ELSE FALSE END IS TRUE), FALSE)",ae5092742e0cd4b89ee58f5c,required_tokens + skeleton_family + delimiter_integrity + boolean_signal
PG_BOOL_R066_C01,PG_BOOL_R066,Y3,cast_expression,1,base_predicate,6,=,STR = INT,037c6cdcd4ff7895904ce05b,required_tokens + skeleton_family + delimiter_integrity + boolean_signal
PG_BOOL_R066_C02,PG_BOOL_R066,Y3,cast_expression,2,parenthesized_predicate,6,=,(STR = INT),1677ce8c06936c14e5d8cc81,required_tokens + skeleton_family + delimiter_integrity + boolean_signal
PG_BOOL_R066_C03,PG_BOOL_R066,Y3,cast_expression,3,negated_inverse_predicate,6,=|NOT,NOT (STR = INT),ef8e1e7f9419f2d0e6ab9e22,required_tokens + skeleton_family + delimiter_integrity + boolean_signal
PG_BOOL_R066_C04,PG_BOOL_R066,Y3,cast_expression,4,is_true_wrapper,6,=|IS|TRUE,(STR = INT) IS TRUE,63fd4d6f2937cfeebd77b8b1,required_tokens + skeleton_family + delimiter_integrity + boolean_signal
PG_BOOL_R066_C05,PG_BOOL_R066,Y3,cast_expression,5,is_not_false_wrapper,6,=|FALSE|IS|NOT,(STR = INT) IS NOT FALSE,f96960f1f562390d58af1e54,required_tokens + skeleton_family + delimiter_integrity + boolean_signal
PG_BOOL_R066_C06,PG_BOOL_R066,Y3,cast_expression,6,case_boolean_wrapper,6,=|CASE|ELSE|END|FALSE|THEN|TRUE|WHEN,CASE WHEN (STR = INT) THEN TRUE ELSE FALSE END,466d27950577aec44b23549a,required_tokens + skeleton_family + delimiter_integrity + boolean_signal
PG_BOOL_R066_C07,PG_BOOL_R066,Y3,cast_expression,7,and_true_guard,6,=|AND,(STR = INT) AND (INT = INT),6d929247f2e9ea52db7edc67,required_tokens + skeleton_family + delimiter_integrity + boolean_signal
PG_BOOL_R066_C08,PG_BOOL_R066,Y3,cast_expression,8,or_false_guard,6,<|<>|=|>|OR,(STR = INT) OR (INT <> INT),43644dfd88594226df646da2,required_tokens + skeleton_family + delimiter_integrity + boolean_signal
PG_BOOL_R066_C09,PG_BOOL_R066,Y3,cast_expression,9,equals_true_wrapper,6,=|TRUE,((STR = INT) = TRUE),86606c6a74cafc4961db91ac,required_tokens + skeleton_family + delimiter_integrity + boolean_signal
PG_BOOL_R066_C10,PG_BOOL_R066,Y3,cast_expression,10,coalesce_false_wrapper,6,=|COALESCE|FALSE,"COALESCE((STR = INT), FALSE)",c04cc58fb483ade358ae59d3,required_tokens + skeleton_family + delimiter_integrity + boolean_signal
PG_BOOL_R067_C01,PG_BOOL_R067,Y3,cast_expression,1,base_predicate,6,=|AS|CAST,CAST(STR AS INTEGER) = INT,df07d5de40dbefbc5bda4ddb,required_tokens + skeleton_family + delimiter_integrity + boolean_signal
PG_BOOL_R067_C02,PG_BOOL_R067,Y3,cast_expression,2,parenthesized_predicate,6,=|AS|CAST,(CAST(STR AS INTEGER) = INT),f0417e822f23e4c96c126899,required_tokens + skeleton_family + delimiter_integrity + boolean_signal
PG_BOOL_R067_C03,PG_BOOL_R067,Y3,cast_expression,3,negated_inverse_predicate,6,=|AS|CAST|NOT,NOT (CAST(STR AS INTEGER) = INT),545ee4d1972a67cc3acb228c,required_tokens + skeleton_family + delimiter_integrity + boolean_signal
PG_BOOL_R067_C04,PG_BOOL_R067,Y3,cast_expression,4,is_true_wrapper,6,=|AS|CAST|IS|TRUE,(CAST(STR AS INTEGER) = INT) IS TRUE,f323f47ab4707d203fd63262,required_tokens + skeleton_family + delimiter_integrity + boolean_signal
PG_BOOL_R067_C05,PG_BOOL_R067,Y3,cast_expression,5,is_not_false_wrapper,6,=|AS|CAST|FALSE|IS|NOT,(CAST(STR AS INTEGER) = INT) IS NOT FALSE,4df69d0177bec4ebdff009e4,required_tokens + skeleton_family + delimiter_integrity + boolean_signal
PG_BOOL_R067_C06,PG_BOOL_R067,Y3,cast_expression,6,case_boolean_wrapper,6,=|AS|CASE|CAST|ELSE|END|FALSE|THEN|TRUE|WHEN,CASE WHEN (CAST(STR AS INTEGER) = INT) THEN TRUE ELSE FALSE END,783eebbb1d85b72597a56862,required_tokens + skeleton_family + delimiter_integrity + boolean_signal
PG_BOOL_R067_C07,PG_BOOL_R067,Y3,cast_expression,7,and_true_guard,6,=|AND|AS|CAST,(CAST(STR AS INTEGER) = INT) AND (INT = INT),552d440786c1640dd79f12b8,required_tokens + skeleton_family + delimiter_integrity + boolean_signal
PG_BOOL_R067_C08,PG_BOOL_R067,Y3,cast_expression,8,or_false_guard,6,<|<>|=|>|AS|CAST|OR,(CAST(STR AS INTEGER) = INT) OR (INT <> INT),b3272178a6d87e5f3ba557d7,required_tokens + skeleton_family + delimiter_integrity + boolean_signal
PG_BOOL_R067_C09,PG_BOOL_R067,Y3,cast_expression,9,equals_true_wrapper,6,=|AS|CAST|TRUE,((CAST(STR AS INTEGER) = INT) = TRUE),4fd57556343a7ffeb5928430,required_tokens + skeleton_family + delimiter_integrity + boolean_signal
PG_BOOL_R067_C10,PG_BOOL_R067,Y3,cast_expression,10,coalesce_false_wrapper,6,=|AS|CAST|COALESCE|FALSE,"COALESCE((CAST(STR AS INTEGER) = INT), FALSE)",0b195886b9dce9141f351a00,required_tokens + skeleton_family + delimiter_integrity + boolean_signal
PG_BOOL_R068_C01,PG_BOOL_R068,Y3,cast_expression,1,base_predicate,6,AS|CAST|IS|TRUE,CAST(STR AS BOOLEAN) IS TRUE,78b5586affb2dde809547968,required_tokens + skeleton_family + delimiter_integrity + boolean_signal
PG_BOOL_R068_C02,PG_BOOL_R068,Y3,cast_expression,2,parenthesized_predicate,6,AS|CAST|IS|TRUE,(CAST(STR AS BOOLEAN) IS TRUE),ed853c1f13d47234ab9b551b,required_tokens + skeleton_family + delimiter_integrity + boolean_signal
PG_BOOL_R068_C03,PG_BOOL_R068,Y3,cast_expression,3,negated_inverse_predicate,6,AS|CAST|FALSE|IS|NOT|TRUE,NOT (CAST(STR AS BOOLEAN) IS TRUE),4a710e853eb80ea95bb6d8f8,required_tokens + skeleton_family + delimiter_integrity + boolean_signal
PG_BOOL_R068_C04,PG_BOOL_R068,Y3,cast_expression,4,is_true_wrapper,6,AS|CAST|IS|TRUE,(CAST(STR AS BOOLEAN) IS TRUE) IS TRUE,1d2ac985bc1bb0a47d6ce4f1,required_tokens + skeleton_family + delimiter_integrity + boolean_signal
PG_BOOL_R068_C05,PG_BOOL_R068,Y3,cast_expression,5,is_not_false_wrapper,6,AS|CAST|FALSE|IS|NOT|TRUE,(CAST(STR AS BOOLEAN) IS TRUE) IS NOT FALSE,81db0a10dcd52e2be0184873,required_tokens + skeleton_family + delimiter_integrity + boolean_signal
PG_BOOL_R068_C06,PG_BOOL_R068,Y3,cast_expression,6,case_boolean_wrapper,6,AS|CASE|CAST|ELSE|END|FALSE|IS|THEN|TRUE|WHEN,CASE WHEN (CAST(STR AS BOOLEAN) IS TRUE) THEN TRUE ELSE FALSE END,12cf88dc36c847ddda5650d3,required_tokens + skeleton_family + delimiter_integrity + boolean_signal
PG_BOOL_R068_C07,PG_BOOL_R068,Y3,cast_expression,7,and_true_guard,6,=|AND|AS|CAST|IS|TRUE,(CAST(STR AS BOOLEAN) IS TRUE) AND (INT = INT),ca380ab3e12e3ca24f36109f,required_tokens + skeleton_family + delimiter_integrity + boolean_signal
PG_BOOL_R068_C08,PG_BOOL_R068,Y3,cast_expression,8,or_false_guard,6,<|<>|>|AS|CAST|IS|OR|TRUE,(CAST(STR AS BOOLEAN) IS TRUE) OR (INT <> INT),2f239deab9a74f7015be50a5,required_tokens + skeleton_family + delimiter_integrity + boolean_signal
PG_BOOL_R068_C09,PG_BOOL_R068,Y3,cast_expression,9,equals_true_wrapper,6,=|AS|CAST|IS|TRUE,((CAST(STR AS BOOLEAN) IS TRUE) = TRUE),2ac1c86320d503deb7512ba6,required_tokens + skeleton_family + delimiter_integrity + boolean_signal
PG_BOOL_R068_C10,PG_BOOL_R068,Y3,cast_expression,10,coalesce_false_wrapper,6,AS|CAST|COALESCE|FALSE|IS|TRUE,"COALESCE((CAST(STR AS BOOLEAN) IS TRUE), FALSE)",3d11862d1ef1371a0c6da03d,required_tokens + skeleton_family + delimiter_integrity + boolean_signal
PG_BOOL_R069_C01,PG_BOOL_R069,Y3,cast_expression,1,base_predicate,6,=,(INT::TEXT) = STR,e98fa9567b9a24006c058c52,required_tokens + skeleton_family + delimiter_integrity + boolean_signal
PG_BOOL_R069_C02,PG_BOOL_R069,Y3,cast_expression,2,parenthesized_predicate,6,=,((INT::TEXT) = STR),510427a80c8c97727ce8281a,required_tokens + skeleton_family + delimiter_integrity + boolean_signal
PG_BOOL_R069_C03,PG_BOOL_R069,Y3,cast_expression,3,negated_inverse_predicate,6,=|NOT,NOT ((INT::TEXT) = STR),7eacb0ea8501e860ec0e95a6,required_tokens + skeleton_family + delimiter_integrity + boolean_signal
PG_BOOL_R069_C04,PG_BOOL_R069,Y3,cast_expression,4,is_true_wrapper,6,=|IS|TRUE,((INT::TEXT) = STR) IS TRUE,1c7f7903aecbbd2a75f34241,required_tokens + skeleton_family + delimiter_integrity + boolean_signal
PG_BOOL_R069_C05,PG_BOOL_R069,Y3,cast_expression,5,is_not_false_wrapper,6,=|FALSE|IS|NOT,((INT::TEXT) = STR) IS NOT FALSE,d05b55f6542013543cd2147a,required_tokens + skeleton_family + delimiter_integrity + boolean_signal
PG_BOOL_R069_C06,PG_BOOL_R069,Y3,cast_expression,6,case_boolean_wrapper,6,=|CASE|ELSE|END|FALSE|THEN|TRUE|WHEN,CASE WHEN ((INT::TEXT) = STR) THEN TRUE ELSE FALSE END,adc239fe4f2b356ed44a1793,required_tokens + skeleton_family + delimiter_integrity + boolean_signal
PG_BOOL_R069_C07,PG_BOOL_R069,Y3,cast_expression,7,and_true_guard,6,=|AND,((INT::TEXT) = STR) AND (INT = INT),ef13f7cea4ca6b699de14102,required_tokens + skeleton_family + delimiter_integrity + boolean_signal
PG_BOOL_R069_C08,PG_BOOL_R069,Y3,cast_expression,8,or_false_guard,6,<|<>|=|>|OR,((INT::TEXT) = STR) OR (INT <> INT),2449a985e34030172be7b109,required_tokens + skeleton_family + delimiter_integrity + boolean_signal
PG_BOOL_R069_C09,PG_BOOL_R069,Y3,cast_expression,9,equals_true_wrapper,6,=|TRUE,(((INT::TEXT) = STR) = TRUE),267a00aa4d17c6b2fb4ce44c,required_tokens + skeleton_family + delimiter_integrity + boolean_signal
PG_BOOL_R069_C10,PG_BOOL_R069,Y3,cast_expression,10,coalesce_false_wrapper,6,=|COALESCE|FALSE,"COALESCE(((INT::TEXT) = STR), FALSE)",308cc3905e3c7cfbd53b06d3,required_tokens + skeleton_family + delimiter_integrity + boolean_signal
PG_BOOL_R070_C01,PG_BOOL_R070,Y3,cast_expression,1,base_predicate,6,=|AS|CAST,CAST(STR AS TEXT) = STR,49ce22483cec63d2ba794686,required_tokens + skeleton_family + delimiter_integrity + boolean_signal
PG_BOOL_R070_C02,PG_BOOL_R070,Y3,cast_expression,2,parenthesized_predicate,6,=|AS|CAST,(CAST(STR AS TEXT) = STR),f76d60ae127020d0721cda8f,required_tokens + skeleton_family + delimiter_integrity + boolean_signal
PG_BOOL_R070_C03,PG_BOOL_R070,Y3,cast_expression,3,negated_inverse_predicate,6,=|AS|CAST|NOT,NOT (CAST(STR AS TEXT) = STR),219e0381645e591c7a4fe544,required_tokens + skeleton_family + delimiter_integrity + boolean_signal
PG_BOOL_R070_C04,PG_BOOL_R070,Y3,cast_expression,4,is_true_wrapper,6,=|AS|CAST|IS|TRUE,(CAST(STR AS TEXT) = STR) IS TRUE,6bd37ba2ecd4695db0c3fe4a,required_tokens + skeleton_family + delimiter_integrity + boolean_signal
PG_BOOL_R070_C05,PG_BOOL_R070,Y3,cast_expression,5,is_not_false_wrapper,6,=|AS|CAST|FALSE|IS|NOT,(CAST(STR AS TEXT) = STR) IS NOT FALSE,e8e437cf9e5ccb102eef8b0d,required_tokens + skeleton_family + delimiter_integrity + boolean_signal
PG_BOOL_R070_C06,PG_BOOL_R070,Y3,cast_expression,6,case_boolean_wrapper,6,=|AS|CASE|CAST|ELSE|END|FALSE|THEN|TRUE|WHEN,CASE WHEN (CAST(STR AS TEXT) = STR) THEN TRUE ELSE FALSE END,383be4f76808c1f0dc667d3b,required_tokens + skeleton_family + delimiter_integrity + boolean_signal
PG_BOOL_R070_C07,PG_BOOL_R070,Y3,cast_expression,7,and_true_guard,6,=|AND|AS|CAST,(CAST(STR AS TEXT) = STR) AND (INT = INT),ec2555f0c4fec969ff6d87c8,required_tokens + skeleton_family + delimiter_integrity + boolean_signal
PG_BOOL_R070_C08,PG_BOOL_R070,Y3,cast_expression,8,or_false_guard,6,<|<>|=|>|AS|CAST|OR,(CAST(STR AS TEXT) = STR) OR (INT <> INT),f3884aeb558bba0f0bc9e1f8,required_tokens + skeleton_family + delimiter_integrity + boolean_signal
PG_BOOL_R070_C09,PG_BOOL_R070,Y3,cast_expression,9,equals_true_wrapper,6,=|AS|CAST|TRUE,((CAST(STR AS TEXT) = STR) = TRUE),2689db09b09ad08da888cc0c,required_tokens + skeleton_family + delimiter_integrity + boolean_signal
PG_BOOL_R070_C10,PG_BOOL_R070,Y3,cast_expression,10,coalesce_false_wrapper,6,=|AS|CAST|COALESCE|FALSE,"COALESCE((CAST(STR AS TEXT) = STR), FALSE)",cc6a02c40e375cd8855f5990,required_tokens + skeleton_family + delimiter_integrity + boolean_signal
PG_BOOL_R071_C01,PG_BOOL_R071,Y3,jsonb_predicate,1,base_predicate,6,,STR ? STR,f31645ae6ddb86f31b0023bc,required_tokens + skeleton_family + delimiter_integrity + boolean_signal
PG_BOOL_R071_C02,PG_BOOL_R071,Y3,jsonb_predicate,2,parenthesized_predicate,6,,(STR ? STR),af5f1aa6d9c1e1bca5e01720,required_tokens + skeleton_family + delimiter_integrity + boolean_signal
PG_BOOL_R071_C03,PG_BOOL_R071,Y3,jsonb_predicate,3,negated_inverse_predicate,6,NOT,NOT (STR ? STR),44bb7b1f8e6156ec53cdf131,required_tokens + skeleton_family + delimiter_integrity + boolean_signal
PG_BOOL_R071_C04,PG_BOOL_R071,Y3,jsonb_predicate,4,is_true_wrapper,6,IS|TRUE,(STR ? STR) IS TRUE,6892d38c4ce7037c92b564ae,required_tokens + skeleton_family + delimiter_integrity + boolean_signal
PG_BOOL_R071_C05,PG_BOOL_R071,Y3,jsonb_predicate,5,is_not_false_wrapper,6,FALSE|IS|NOT,(STR ? STR) IS NOT FALSE,1c39a30e81bf00a090cc29f9,required_tokens + skeleton_family + delimiter_integrity + boolean_signal
PG_BOOL_R071_C06,PG_BOOL_R071,Y3,jsonb_predicate,6,case_boolean_wrapper,6,CASE|ELSE|END|FALSE|THEN|TRUE|WHEN,CASE WHEN (STR ? STR) THEN TRUE ELSE FALSE END,c97fc200a6db06fcbd40ee44,required_tokens + skeleton_family + delimiter_integrity + boolean_signal
PG_BOOL_R071_C07,PG_BOOL_R071,Y3,jsonb_predicate,7,and_true_guard,6,=|AND,(STR ? STR) AND (INT = INT),c4b53228189a534c8ceedc2e,required_tokens + skeleton_family + delimiter_integrity + boolean_signal
PG_BOOL_R071_C08,PG_BOOL_R071,Y3,jsonb_predicate,8,or_false_guard,6,<|<>|>|OR,(STR ? STR) OR (INT <> INT),27fe408acd69e599791a2f45,required_tokens + skeleton_family + delimiter_integrity + boolean_signal
PG_BOOL_R071_C09,PG_BOOL_R071,Y3,jsonb_predicate,9,equals_true_wrapper,6,=|TRUE,((STR ? STR) = TRUE),ed7fd435416261280b8533dc,required_tokens + skeleton_family + delimiter_integrity + boolean_signal
PG_BOOL_R071_C10,PG_BOOL_R071,Y3,jsonb_predicate,10,coalesce_false_wrapper,6,COALESCE|FALSE,"COALESCE((STR ? STR), FALSE)",375511422feaf099b8e5e8ab,required_tokens + skeleton_family + delimiter_integrity + boolean_signal
PG_BOOL_R072_C01,PG_BOOL_R072,Y3,jsonb_predicate,1,base_predicate,6,>|@>,STR @> STR,e76cd648850351d6c0071796,required_tokens + skeleton_family + delimiter_integrity + boolean_signal
PG_BOOL_R072_C02,PG_BOOL_R072,Y3,jsonb_predicate,2,parenthesized_predicate,6,>|@>,(STR @> STR),85edb0235aed7c588f1fca41,required_tokens + skeleton_family + delimiter_integrity + boolean_signal
PG_BOOL_R072_C03,PG_BOOL_R072,Y3,jsonb_predicate,3,negated_inverse_predicate,6,>|@>|NOT,NOT (STR @> STR),db33f7e102c5aecc1399e44c,required_tokens + skeleton_family + delimiter_integrity + boolean_signal
PG_BOOL_R072_C04,PG_BOOL_R072,Y3,jsonb_predicate,4,is_true_wrapper,6,>|@>|IS|TRUE,(STR @> STR) IS TRUE,8d951a5f4978ec05d7b0dd7c,required_tokens + skeleton_family + delimiter_integrity + boolean_signal
PG_BOOL_R072_C05,PG_BOOL_R072,Y3,jsonb_predicate,5,is_not_false_wrapper,6,>|@>|FALSE|IS|NOT,(STR @> STR) IS NOT FALSE,bcff2da42da33bc14a34d0ed,required_tokens + skeleton_family + delimiter_integrity + boolean_signal
PG_BOOL_R072_C06,PG_BOOL_R072,Y3,jsonb_predicate,6,case_boolean_wrapper,6,>|@>|CASE|ELSE|END|FALSE|THEN|TRUE|WHEN,CASE WHEN (STR @> STR) THEN TRUE ELSE FALSE END,4bd16a19828e2699b69995dc,required_tokens + skeleton_family + delimiter_integrity + boolean_signal
PG_BOOL_R072_C07,PG_BOOL_R072,Y3,jsonb_predicate,7,and_true_guard,6,=|>|@>|AND,(STR @> STR) AND (INT = INT),f871a32686d5bc233caed3ba,required_tokens + skeleton_family + delimiter_integrity + boolean_signal
PG_BOOL_R072_C08,PG_BOOL_R072,Y3,jsonb_predicate,8,or_false_guard,6,<|<>|>|@>|OR,(STR @> STR) OR (INT <> INT),9c849c856154ee5fa004ce67,required_tokens + skeleton_family + delimiter_integrity + boolean_signal
PG_BOOL_R072_C09,PG_BOOL_R072,Y3,jsonb_predicate,9,equals_true_wrapper,6,=|>|@>|TRUE,((STR @> STR) = TRUE),68e828c35edfc0e654a6fa19,required_tokens + skeleton_family + delimiter_integrity + boolean_signal
PG_BOOL_R072_C10,PG_BOOL_R072,Y3,jsonb_predicate,10,coalesce_false_wrapper,6,>|@>|COALESCE|FALSE,"COALESCE((STR @> STR), FALSE)",91eb5d741c8c9cc28e514ba3,required_tokens + skeleton_family + delimiter_integrity + boolean_signal
PG_BOOL_R073_C01,PG_BOOL_R073,Y3,jsonb_predicate,1,base_predicate,6,=,JSONB_TYPEOF(STR) = STR,4d7eea3c65af1c39915a6f83,required_tokens + skeleton_family + delimiter_integrity + boolean_signal
PG_BOOL_R073_C02,PG_BOOL_R073,Y3,jsonb_predicate,2,parenthesized_predicate,6,=,(JSONB_TYPEOF(STR) = STR),9a8b53c85ad6692b1d9a7f24,required_tokens + skeleton_family + delimiter_integrity + boolean_signal
PG_BOOL_R073_C03,PG_BOOL_R073,Y3,jsonb_predicate,3,negated_inverse_predicate,6,=|ARRAY|NOT,NOT (JSONB_TYPEOF(STR) = STR),98cd33453ee564a115a32c6f,required_tokens + skeleton_family + delimiter_integrity + boolean_signal
PG_BOOL_R073_C04,PG_BOOL_R073,Y3,jsonb_predicate,4,is_true_wrapper,6,=|IS|TRUE,(JSONB_TYPEOF(STR) = STR) IS TRUE,9849981a82a5216053065c67,required_tokens + skeleton_family + delimiter_integrity + boolean_signal
PG_BOOL_R073_C05,PG_BOOL_R073,Y3,jsonb_predicate,5,is_not_false_wrapper,6,=|FALSE|IS|NOT,(JSONB_TYPEOF(STR) = STR) IS NOT FALSE,348dd61b71e1663d72bc0034,required_tokens + skeleton_family + delimiter_integrity + boolean_signal
PG_BOOL_R073_C06,PG_BOOL_R073,Y3,jsonb_predicate,6,case_boolean_wrapper,6,=|CASE|ELSE|END|FALSE|THEN|TRUE|WHEN,CASE WHEN (JSONB_TYPEOF(STR) = STR) THEN TRUE ELSE FALSE END,9492fa9055f9e9d76f6bf5da,required_tokens + skeleton_family + delimiter_integrity + boolean_signal
PG_BOOL_R073_C07,PG_BOOL_R073,Y3,jsonb_predicate,7,and_true_guard,6,=|AND,(JSONB_TYPEOF(STR) = STR) AND (INT = INT),9be56f5bd69bb28d1f9d1169,required_tokens + skeleton_family + delimiter_integrity + boolean_signal
PG_BOOL_R073_C08,PG_BOOL_R073,Y3,jsonb_predicate,8,or_false_guard,6,<|<>|=|>|OR,(JSONB_TYPEOF(STR) = STR) OR (INT <> INT),cdcaaf2a2460c081286709a7,required_tokens + skeleton_family + delimiter_integrity + boolean_signal
PG_BOOL_R073_C09,PG_BOOL_R073,Y3,jsonb_predicate,9,equals_true_wrapper,6,=|TRUE,((JSONB_TYPEOF(STR) = STR) = TRUE),78e0688d2211797d5764b79e,required_tokens + skeleton_family + delimiter_integrity + boolean_signal
PG_BOOL_R073_C10,PG_BOOL_R073,Y3,jsonb_predicate,10,coalesce_false_wrapper,6,=|COALESCE|FALSE,"COALESCE((JSONB_TYPEOF(STR) = STR), FALSE)",85358dc280319fc671fece2a,required_tokens + skeleton_family + delimiter_integrity + boolean_signal
PG_BOOL_R074_C01,PG_BOOL_R074,Y3,jsonb_predicate,1,base_predicate,6,=|>,(STR ->> STR) = STR,c091ee52f227cfd14f3876d7,required_tokens + skeleton_family + delimiter_integrity + boolean_signal
PG_BOOL_R074_C02,PG_BOOL_R074,Y3,jsonb_predicate,2,parenthesized_predicate,6,=|>,((STR ->> STR) = STR),3cddd1ab1899a378d07932d3,required_tokens + skeleton_family + delimiter_integrity + boolean_signal
PG_BOOL_R074_C03,PG_BOOL_R074,Y3,jsonb_predicate,3,negated_inverse_predicate,6,=|>|NOT,NOT ((STR ->> STR) = STR),e3bfdebd96edc2a9ae265e33,required_tokens + skeleton_family + delimiter_integrity + boolean_signal
PG_BOOL_R074_C04,PG_BOOL_R074,Y3,jsonb_predicate,4,is_true_wrapper,6,=|>|IS|TRUE,((STR ->> STR) = STR) IS TRUE,4feadd82d071b7ad67f669d5,required_tokens + skeleton_family + delimiter_integrity + boolean_signal
PG_BOOL_R074_C05,PG_BOOL_R074,Y3,jsonb_predicate,5,is_not_false_wrapper,6,=|>|FALSE|IS|NOT,((STR ->> STR) = STR) IS NOT FALSE,f24bd3cbff6a66662d2eb18e,required_tokens + skeleton_family + delimiter_integrity + boolean_signal
PG_BOOL_R074_C06,PG_BOOL_R074,Y3,jsonb_predicate,6,case_boolean_wrapper,6,=|>|CASE|ELSE|END|FALSE|THEN|TRUE|WHEN,CASE WHEN ((STR ->> STR) = STR) THEN TRUE ELSE FALSE END,db7e8eb0f277c9024fcee833,required_tokens + skeleton_family + delimiter_integrity + boolean_signal
PG_BOOL_R074_C07,PG_BOOL_R074,Y3,jsonb_predicate,7,and_true_guard,6,=|>|AND,((STR ->> STR) = STR) AND (INT = INT),091910861bb9a34ead5d62bd,required_tokens + skeleton_family + delimiter_integrity + boolean_signal
PG_BOOL_R074_C08,PG_BOOL_R074,Y3,jsonb_predicate,8,or_false_guard,6,<|<>|=|>|OR,((STR ->> STR) = STR) OR (INT <> INT),9838caa3e84aa26d85f84e2c,required_tokens + skeleton_family + delimiter_integrity + boolean_signal
PG_BOOL_R074_C09,PG_BOOL_R074,Y3,jsonb_predicate,9,equals_true_wrapper,6,=|>|TRUE,(((STR ->> STR) = STR) = TRUE),1accf1e71ca63feeda844281,required_tokens + skeleton_family + delimiter_integrity + boolean_signal
PG_BOOL_R074_C10,PG_BOOL_R074,Y3,jsonb_predicate,10,coalesce_false_wrapper,6,=|>|COALESCE|FALSE,"COALESCE(((STR ->> STR) = STR), FALSE)",04b9e171be32e1e2a0b0efb2,required_tokens + skeleton_family + delimiter_integrity + boolean_signal
PG_BOOL_R075_C01,PG_BOOL_R075,Y3,jsonb_predicate,1,base_predicate,6,>|@>,STR @> STR,dd51e3bfd48c3930de9abc8c,required_tokens + skeleton_family + delimiter_integrity + boolean_signal
PG_BOOL_R075_C02,PG_BOOL_R075,Y3,jsonb_predicate,2,parenthesized_predicate,6,>|@>,(STR @> STR),48b60dea7ce3f316176d2e3a,required_tokens + skeleton_family + delimiter_integrity + boolean_signal
PG_BOOL_R075_C03,PG_BOOL_R075,Y3,jsonb_predicate,3,negated_inverse_predicate,6,>|@>|NOT,NOT (STR @> STR),d5c3407ddef7b480794d26af,required_tokens + skeleton_family + delimiter_integrity + boolean_signal
PG_BOOL_R075_C04,PG_BOOL_R075,Y3,jsonb_predicate,4,is_true_wrapper,6,>|@>|IS|TRUE,(STR @> STR) IS TRUE,e0059e80499c0ffbcb98172c,required_tokens + skeleton_family + delimiter_integrity + boolean_signal
PG_BOOL_R075_C05,PG_BOOL_R075,Y3,jsonb_predicate,5,is_not_false_wrapper,6,>|@>|FALSE|IS|NOT,(STR @> STR) IS NOT FALSE,83541970ab1ff35b9e4eae35,required_tokens + skeleton_family + delimiter_integrity + boolean_signal
PG_BOOL_R075_C06,PG_BOOL_R075,Y3,jsonb_predicate,6,case_boolean_wrapper,6,>|@>|CASE|ELSE|END|FALSE|THEN|TRUE|WHEN,CASE WHEN (STR @> STR) THEN TRUE ELSE FALSE END,4aeac9718b8c461cf393c259,required_tokens + skeleton_family + delimiter_integrity + boolean_signal
PG_BOOL_R075_C07,PG_BOOL_R075,Y3,jsonb_predicate,7,and_true_guard,6,=|>|@>|AND,(STR @> STR) AND (INT = INT),a3331bf5fc6dd4ab1181b5ec,required_tokens + skeleton_family + delimiter_integrity + boolean_signal
PG_BOOL_R075_C08,PG_BOOL_R075,Y3,jsonb_predicate,8,or_false_guard,6,<|<>|>|@>|OR,(STR @> STR) OR (INT <> INT),4d2cc43a2f766f0613950383,required_tokens + skeleton_family + delimiter_integrity + boolean_signal
PG_BOOL_R075_C09,PG_BOOL_R075,Y3,jsonb_predicate,9,equals_true_wrapper,6,=|>|@>|TRUE,((STR @> STR) = TRUE),59248fd74dbbd3146ec8481a,required_tokens + skeleton_family + delimiter_integrity + boolean_signal
PG_BOOL_R075_C10,PG_BOOL_R075,Y3,jsonb_predicate,10,coalesce_false_wrapper,6,>|@>|COALESCE|FALSE,"COALESCE((STR @> STR), FALSE)",0d830714049dbfe8c1aca282,required_tokens + skeleton_family + delimiter_integrity + boolean_signal
PG_BOOL_R076_C01,PG_BOOL_R076,Y3,range_type,1,base_predicate,6,>|@>,"RANGE(INT, INT, STR) @> INT",72064547af4ed330f1334552,required_tokens + skeleton_family + delimiter_integrity + boolean_signal
PG_BOOL_R076_C02,PG_BOOL_R076,Y3,range_type,2,parenthesized_predicate,6,>|@>,"(RANGE(INT, INT, STR) @> INT)",1409cbe480b288fd89d66ff5,required_tokens + skeleton_family + delimiter_integrity + boolean_signal
PG_BOOL_R076_C03,PG_BOOL_R076,Y3,range_type,3,negated_inverse_predicate,6,>|@>|NOT,"NOT (RANGE(INT, INT, STR) @> INT)",190c6dc0f3bb807abcd0eedb,required_tokens + skeleton_family + delimiter_integrity + boolean_signal
PG_BOOL_R076_C04,PG_BOOL_R076,Y3,range_type,4,is_true_wrapper,6,>|@>|IS|TRUE,"(RANGE(INT, INT, STR) @> INT) IS TRUE",281de7811ca136d9424f7e8d,required_tokens + skeleton_family + delimiter_integrity + boolean_signal
PG_BOOL_R076_C05,PG_BOOL_R076,Y3,range_type,5,is_not_false_wrapper,6,>|@>|FALSE|IS|NOT,"(RANGE(INT, INT, STR) @> INT) IS NOT FALSE",1b860ce5e184e2a1fe215ace,required_tokens + skeleton_family + delimiter_integrity + boolean_signal
PG_BOOL_R076_C06,PG_BOOL_R076,Y3,range_type,6,case_boolean_wrapper,6,>|@>|CASE|ELSE|END|FALSE|THEN|TRUE|WHEN,"CASE WHEN (RANGE(INT, INT, STR) @> INT) THEN TRUE ELSE FALSE END",262ce64d7fb33be5e6c3ac0a,required_tokens + skeleton_family + delimiter_integrity + boolean_signal
PG_BOOL_R076_C07,PG_BOOL_R076,Y3,range_type,7,and_true_guard,6,=|>|@>|AND,"(RANGE(INT, INT, STR) @> INT) AND (INT = INT)",05b0b0317f72cad17f46dd75,required_tokens + skeleton_family + delimiter_integrity + boolean_signal
PG_BOOL_R076_C08,PG_BOOL_R076,Y3,range_type,8,or_false_guard,6,<|<>|>|@>|OR,"(RANGE(INT, INT, STR) @> INT) OR (INT <> INT)",b7645eb2e12061ec44230e77,required_tokens + skeleton_family + delimiter_integrity + boolean_signal
PG_BOOL_R076_C09,PG_BOOL_R076,Y3,range_type,9,equals_true_wrapper,6,=|>|@>|TRUE,"((RANGE(INT, INT, STR) @> INT) = TRUE)",5220842467a58f960a5a9283,required_tokens + skeleton_family + delimiter_integrity + boolean_signal
PG_BOOL_R076_C10,PG_BOOL_R076,Y3,range_type,10,coalesce_false_wrapper,6,>|@>|COALESCE|FALSE,"COALESCE((RANGE(INT, INT, STR) @> INT), FALSE)",575d931052347f38dff46b1a,required_tokens + skeleton_family + delimiter_integrity + boolean_signal
PG_BOOL_R077_C01,PG_BOOL_R077,Y3,range_type,1,base_predicate,6,&&,"RANGE(INT, INT, STR) && RANGE(INT, INT, STR)",cbcd4dd005b1965a7670d147,required_tokens + skeleton_family + delimiter_integrity + boolean_signal
PG_BOOL_R077_C02,PG_BOOL_R077,Y3,range_type,2,parenthesized_predicate,6,&&,"(RANGE(INT, INT, STR) && RANGE(INT, INT, STR))",a1a361a87b725b36371ccbcb,required_tokens + skeleton_family + delimiter_integrity + boolean_signal
PG_BOOL_R077_C03,PG_BOOL_R077,Y3,range_type,3,negated_inverse_predicate,6,&&|NOT,"NOT (RANGE(INT, INT, STR) && RANGE(INT, INT, STR))",ea340b628f68e9c1428efe71,required_tokens + skeleton_family + delimiter_integrity + boolean_signal
PG_BOOL_R077_C04,PG_BOOL_R077,Y3,range_type,4,is_true_wrapper,6,&&|IS|TRUE,"(RANGE(INT, INT, STR) && RANGE(INT, INT, STR)) IS TRUE",61429811ab1a47571944658c,required_tokens + skeleton_family + delimiter_integrity + boolean_signal
PG_BOOL_R077_C05,PG_BOOL_R077,Y3,range_type,5,is_not_false_wrapper,6,&&|FALSE|IS|NOT,"(RANGE(INT, INT, STR) && RANGE(INT, INT, STR)) IS NOT FALSE",67cfec9ce9cbac71687ae96b,required_tokens + skeleton_family + delimiter_integrity + boolean_signal
PG_BOOL_R077_C06,PG_BOOL_R077,Y3,range_type,6,case_boolean_wrapper,6,&&|CASE|ELSE|END|FALSE|THEN|TRUE|WHEN,"CASE WHEN (RANGE(INT, INT, STR) && RANGE(INT, INT, STR)) THEN TRUE ELSE FALSE END",2801f2b96a6e52ba85a11375,required_tokens + skeleton_family + delimiter_integrity + boolean_signal
PG_BOOL_R077_C07,PG_BOOL_R077,Y3,range_type,7,and_true_guard,6,&&|=|AND,"(RANGE(INT, INT, STR) && RANGE(INT, INT, STR)) AND (INT = INT)",8cb976836b03f0df481b3605,required_tokens + skeleton_family + delimiter_integrity + boolean_signal
PG_BOOL_R077_C08,PG_BOOL_R077,Y3,range_type,8,or_false_guard,6,&&|<|<>|>|OR,"(RANGE(INT, INT, STR) && RANGE(INT, INT, STR)) OR (INT <> INT)",24501d54bf41af99cf3161c3,required_tokens + skeleton_family + delimiter_integrity + boolean_signal
PG_BOOL_R077_C09,PG_BOOL_R077,Y3,range_type,9,equals_true_wrapper,6,&&|=|TRUE,"((RANGE(INT, INT, STR) && RANGE(INT, INT, STR)) = TRUE)",05ea5a23f8f1b3368f945146,required_tokens + skeleton_family + delimiter_integrity + boolean_signal
PG_BOOL_R077_C10,PG_BOOL_R077,Y3,range_type,10,coalesce_false_wrapper,6,&&|COALESCE|FALSE,"COALESCE((RANGE(INT, INT, STR) && RANGE(INT, INT, STR)), FALSE)",7d1b8d674bc18bcafe6f99e1,required_tokens + skeleton_family + delimiter_integrity + boolean_signal
PG_BOOL_R078_C01,PG_BOOL_R078,Y3,range_type,1,base_predicate,6,<|<@,"RANGE(INT, INT, STR) <@ RANGE(INT, INT, STR)",c59ca21b81d98cc69abe973a,required_tokens + skeleton_family + delimiter_integrity + boolean_signal
PG_BOOL_R078_C02,PG_BOOL_R078,Y3,range_type,2,parenthesized_predicate,6,<|<@,"(RANGE(INT, INT, STR) <@ RANGE(INT, INT, STR))",1dc2c39bc7028750be1f911f,required_tokens + skeleton_family + delimiter_integrity + boolean_signal
PG_BOOL_R078_C03,PG_BOOL_R078,Y3,range_type,3,negated_inverse_predicate,6,<|<@|NOT,"NOT (RANGE(INT, INT, STR) <@ RANGE(INT, INT, STR))",9c197dc4f521725b1faaa551,required_tokens + skeleton_family + delimiter_integrity + boolean_signal
PG_BOOL_R078_C04,PG_BOOL_R078,Y3,range_type,4,is_true_wrapper,6,<|<@|IS|TRUE,"(RANGE(INT, INT, STR) <@ RANGE(INT, INT, STR)) IS TRUE",2dfd191154f8007d270b3ee5,required_tokens + skeleton_family + delimiter_integrity + boolean_signal
PG_BOOL_R078_C05,PG_BOOL_R078,Y3,range_type,5,is_not_false_wrapper,6,<|<@|FALSE|IS|NOT,"(RANGE(INT, INT, STR) <@ RANGE(INT, INT, STR)) IS NOT FALSE",4d86a248fd2b91b2f484f918,required_tokens + skeleton_family + delimiter_integrity + boolean_signal
PG_BOOL_R078_C06,PG_BOOL_R078,Y3,range_type,6,case_boolean_wrapper,6,<|<@|CASE|ELSE|END|FALSE|THEN|TRUE|WHEN,"CASE WHEN (RANGE(INT, INT, STR) <@ RANGE(INT, INT, STR)) THEN TRUE ELSE FALSE END",58556945b29b2e644ec99614,required_tokens + skeleton_family + delimiter_integrity + boolean_signal
PG_BOOL_R078_C07,PG_BOOL_R078,Y3,range_type,7,and_true_guard,6,<|<@|=|AND,"(RANGE(INT, INT, STR) <@ RANGE(INT, INT, STR)) AND (INT = INT)",68fc786f6755bde55d8c06b2,required_tokens + skeleton_family + delimiter_integrity + boolean_signal
PG_BOOL_R078_C08,PG_BOOL_R078,Y3,range_type,8,or_false_guard,6,<|<>|<@|>|OR,"(RANGE(INT, INT, STR) <@ RANGE(INT, INT, STR)) OR (INT <> INT)",066eccf0d7049cae0ccead27,required_tokens + skeleton_family + delimiter_integrity + boolean_signal
PG_BOOL_R078_C09,PG_BOOL_R078,Y3,range_type,9,equals_true_wrapper,6,<|<@|=|TRUE,"((RANGE(INT, INT, STR) <@ RANGE(INT, INT, STR)) = TRUE)",f08137a640c7d0299b48482c,required_tokens + skeleton_family + delimiter_integrity + boolean_signal
PG_BOOL_R078_C10,PG_BOOL_R078,Y3,range_type,10,coalesce_false_wrapper,6,<|<@|COALESCE|FALSE,"COALESCE((RANGE(INT, INT, STR) <@ RANGE(INT, INT, STR)), FALSE)",f53d420f51e0b7deee53be4e,required_tokens + skeleton_family + delimiter_integrity + boolean_signal
PG_BOOL_R079_C01,PG_BOOL_R079,Y3,range_type,1,base_predicate,6,=,"LOWER(RANGE(INT, INT, STR)) = INT",c844f0b81d785bc07d89faca,required_tokens + skeleton_family + delimiter_integrity + boolean_signal
PG_BOOL_R079_C02,PG_BOOL_R079,Y3,range_type,2,parenthesized_predicate,6,=,"(LOWER(RANGE(INT, INT, STR)) = INT)",07839b00377ee77108153a8f,required_tokens + skeleton_family + delimiter_integrity + boolean_signal
PG_BOOL_R079_C03,PG_BOOL_R079,Y3,range_type,3,negated_inverse_predicate,6,=|NOT,"NOT (LOWER(RANGE(INT, INT, STR)) = INT)",e6a4ff0c7bfb6d5eecefe0aa,required_tokens + skeleton_family + delimiter_integrity + boolean_signal
PG_BOOL_R079_C04,PG_BOOL_R079,Y3,range_type,4,is_true_wrapper,6,=|IS|TRUE,"(LOWER(RANGE(INT, INT, STR)) = INT) IS TRUE",0920d765eb27290fae9284ea,required_tokens + skeleton_family + delimiter_integrity + boolean_signal
PG_BOOL_R079_C05,PG_BOOL_R079,Y3,range_type,5,is_not_false_wrapper,6,=|FALSE|IS|NOT,"(LOWER(RANGE(INT, INT, STR)) = INT) IS NOT FALSE",27457d35d224efeb7009d52f,required_tokens + skeleton_family + delimiter_integrity + boolean_signal
PG_BOOL_R079_C06,PG_BOOL_R079,Y3,range_type,6,case_boolean_wrapper,6,=|CASE|ELSE|END|FALSE|THEN|TRUE|WHEN,"CASE WHEN (LOWER(RANGE(INT, INT, STR)) = INT) THEN TRUE ELSE FALSE END",038b429321a030a40f53a566,required_tokens + skeleton_family + delimiter_integrity + boolean_signal
PG_BOOL_R079_C07,PG_BOOL_R079,Y3,range_type,7,and_true_guard,6,=|AND,"(LOWER(RANGE(INT, INT, STR)) = INT) AND (INT = INT)",376e355a44307973a3619fee,required_tokens + skeleton_family + delimiter_integrity + boolean_signal
PG_BOOL_R079_C08,PG_BOOL_R079,Y3,range_type,8,or_false_guard,6,<|<>|=|>|OR,"(LOWER(RANGE(INT, INT, STR)) = INT) OR (INT <> INT)",f08529a7789110918f18ce3e,required_tokens + skeleton_family + delimiter_integrity + boolean_signal
PG_BOOL_R079_C09,PG_BOOL_R079,Y3,range_type,9,equals_true_wrapper,6,=|TRUE,"((LOWER(RANGE(INT, INT, STR)) = INT) = TRUE)",3b3e9b347568887ca1fa4e4c,required_tokens + skeleton_family + delimiter_integrity + boolean_signal
PG_BOOL_R079_C10,PG_BOOL_R079,Y3,range_type,10,coalesce_false_wrapper,6,=|COALESCE|FALSE,"COALESCE((LOWER(RANGE(INT, INT, STR)) = INT), FALSE)",cb53f3071702e4949f5ce1df,required_tokens + skeleton_family + delimiter_integrity + boolean_signal
PG_BOOL_R080_C01,PG_BOOL_R080,Y3,range_type,1,base_predicate,6,=,"UPPER(RANGE(INT, INT, STR)) = INT",6f1a6292f0a95084caeaf2bf,required_tokens + skeleton_family + delimiter_integrity + boolean_signal
PG_BOOL_R080_C02,PG_BOOL_R080,Y3,range_type,2,parenthesized_predicate,6,=,"(UPPER(RANGE(INT, INT, STR)) = INT)",7814e0a0c97a113c1ce3f481,required_tokens + skeleton_family + delimiter_integrity + boolean_signal
PG_BOOL_R080_C03,PG_BOOL_R080,Y3,range_type,3,negated_inverse_predicate,6,=|NOT,"NOT (UPPER(RANGE(INT, INT, STR)) = INT)",bf475ef5b1ff3440ca057065,required_tokens + skeleton_family + delimiter_integrity + boolean_signal
PG_BOOL_R080_C04,PG_BOOL_R080,Y3,range_type,4,is_true_wrapper,6,=|IS|TRUE,"(UPPER(RANGE(INT, INT, STR)) = INT) IS TRUE",93a675fde863568f4e77f1dd,required_tokens + skeleton_family + delimiter_integrity + boolean_signal
PG_BOOL_R080_C05,PG_BOOL_R080,Y3,range_type,5,is_not_false_wrapper,6,=|FALSE|IS|NOT,"(UPPER(RANGE(INT, INT, STR)) = INT) IS NOT FALSE",0d00fa8b870580fc82691a71,required_tokens + skeleton_family + delimiter_integrity + boolean_signal
PG_BOOL_R080_C06,PG_BOOL_R080,Y3,range_type,6,case_boolean_wrapper,6,=|CASE|ELSE|END|FALSE|THEN|TRUE|WHEN,"CASE WHEN (UPPER(RANGE(INT, INT, STR)) = INT) THEN TRUE ELSE FALSE END",d8b563bc9c4028dec949829d,required_tokens + skeleton_family + delimiter_integrity + boolean_signal
PG_BOOL_R080_C07,PG_BOOL_R080,Y3,range_type,7,and_true_guard,6,=|AND,"(UPPER(RANGE(INT, INT, STR)) = INT) AND (INT = INT)",db01a7acc1f323400812f8db,required_tokens + skeleton_family + delimiter_integrity + boolean_signal
PG_BOOL_R080_C08,PG_BOOL_R080,Y3,range_type,8,or_false_guard,6,<|<>|=|>|OR,"(UPPER(RANGE(INT, INT, STR)) = INT) OR (INT <> INT)",df8f40f6e5d27834f9eb1368,required_tokens + skeleton_family + delimiter_integrity + boolean_signal
PG_BOOL_R080_C09,PG_BOOL_R080,Y3,range_type,9,equals_true_wrapper,6,=|TRUE,"((UPPER(RANGE(INT, INT, STR)) = INT) = TRUE)",398d046a2767929a0cbc241f,required_tokens + skeleton_family + delimiter_integrity + boolean_signal
PG_BOOL_R080_C10,PG_BOOL_R080,Y3,range_type,10,coalesce_false_wrapper,6,=|COALESCE|FALSE,"COALESCE((UPPER(RANGE(INT, INT, STR)) = INT), FALSE)",a2f49df188ea7adb6895ef29,required_tokens + skeleton_family + delimiter_integrity + boolean_signal
PG_BOOL_R081_C01,PG_BOOL_R081,Y3,network_inet,1,base_predicate,6,<,INET << INET,775912399b35389c09dc0391,required_tokens + skeleton_family + delimiter_integrity + boolean_signal
PG_BOOL_R081_C02,PG_BOOL_R081,Y3,network_inet,2,parenthesized_predicate,6,<,(INET << INET),1c4be07aa28cc734c72082ec,required_tokens + skeleton_family + delimiter_integrity + boolean_signal
PG_BOOL_R081_C03,PG_BOOL_R081,Y3,network_inet,3,negated_inverse_predicate,6,<|NOT,NOT (INET << INET),46c58c57a2a58bed5a2c5262,required_tokens + skeleton_family + delimiter_integrity + boolean_signal
PG_BOOL_R081_C04,PG_BOOL_R081,Y3,network_inet,4,is_true_wrapper,6,<|IS|TRUE,(INET << INET) IS TRUE,2209b18c75d89ae466329515,required_tokens + skeleton_family + delimiter_integrity + boolean_signal
PG_BOOL_R081_C05,PG_BOOL_R081,Y3,network_inet,5,is_not_false_wrapper,6,<|FALSE|IS|NOT,(INET << INET) IS NOT FALSE,507399287ac38e1bf99488f1,required_tokens + skeleton_family + delimiter_integrity + boolean_signal
PG_BOOL_R081_C06,PG_BOOL_R081,Y3,network_inet,6,case_boolean_wrapper,6,<|CASE|ELSE|END|FALSE|THEN|TRUE|WHEN,CASE WHEN (INET << INET) THEN TRUE ELSE FALSE END,e6060f27e1e9290252a19e0d,required_tokens + skeleton_family + delimiter_integrity + boolean_signal
PG_BOOL_R081_C07,PG_BOOL_R081,Y3,network_inet,7,and_true_guard,6,<|=|AND,(INET << INET) AND (INT = INT),85b4033ae6b5f9a8e2986f35,required_tokens + skeleton_family + delimiter_integrity + boolean_signal
PG_BOOL_R081_C08,PG_BOOL_R081,Y3,network_inet,8,or_false_guard,6,<|<>|>|OR,(INET << INET) OR (INT <> INT),188ba81bcc5cf1f833e94e11,required_tokens + skeleton_family + delimiter_integrity + boolean_signal
PG_BOOL_R081_C09,PG_BOOL_R081,Y3,network_inet,9,equals_true_wrapper,6,<|=|TRUE,((INET << INET) = TRUE),990357478831cbbf29012e9b,required_tokens + skeleton_family + delimiter_integrity + boolean_signal
PG_BOOL_R081_C10,PG_BOOL_R081,Y3,network_inet,10,coalesce_false_wrapper,6,<|COALESCE|FALSE,"COALESCE((INET << INET), FALSE)",7fdd014895255d881dd1ff94,required_tokens + skeleton_family + delimiter_integrity + boolean_signal
PG_BOOL_R082_C01,PG_BOOL_R082,Y3,network_inet,1,base_predicate,6,=|>|>=,INET >>= INET,0fa979d571d778611b7fa668,required_tokens + skeleton_family + delimiter_integrity + boolean_signal
PG_BOOL_R082_C02,PG_BOOL_R082,Y3,network_inet,2,parenthesized_predicate,6,=|>|>=,(INET >>= INET),a390886c5726e38ec1e3027f,required_tokens + skeleton_family + delimiter_integrity + boolean_signal
PG_BOOL_R082_C03,PG_BOOL_R082,Y3,network_inet,3,negated_inverse_predicate,6,=|>|>=|NOT,NOT (INET >>= INET),3a4456dbf457f4844141cff7,required_tokens + skeleton_family + delimiter_integrity + boolean_signal
PG_BOOL_R082_C04,PG_BOOL_R082,Y3,network_inet,4,is_true_wrapper,6,=|>|>=|IS|TRUE,(INET >>= INET) IS TRUE,04dd742cdc22a4b8e2b441cb,required_tokens + skeleton_family + delimiter_integrity + boolean_signal
PG_BOOL_R082_C05,PG_BOOL_R082,Y3,network_inet,5,is_not_false_wrapper,6,=|>|>=|FALSE|IS|NOT,(INET >>= INET) IS NOT FALSE,4c60d11f60ad482badbf0be7,required_tokens + skeleton_family + delimiter_integrity + boolean_signal
PG_BOOL_R082_C06,PG_BOOL_R082,Y3,network_inet,6,case_boolean_wrapper,6,=|>|>=|CASE|ELSE|END|FALSE|THEN|TRUE|WHEN,CASE WHEN (INET >>= INET) THEN TRUE ELSE FALSE END,aa57f6b2bfe743a8aec8efd3,required_tokens + skeleton_family + delimiter_integrity + boolean_signal
PG_BOOL_R082_C07,PG_BOOL_R082,Y3,network_inet,7,and_true_guard,6,=|>|>=|AND,(INET >>= INET) AND (INT = INT),e0f3a89c2a52a95778a0c6d6,required_tokens + skeleton_family + delimiter_integrity + boolean_signal
PG_BOOL_R082_C08,PG_BOOL_R082,Y3,network_inet,8,or_false_guard,6,<|<>|=|>|>=|OR,(INET >>= INET) OR (INT <> INT),d509aa8928407b00efb1c6bf,required_tokens + skeleton_family + delimiter_integrity + boolean_signal
PG_BOOL_R082_C09,PG_BOOL_R082,Y3,network_inet,9,equals_true_wrapper,6,=|>|>=|TRUE,((INET >>= INET) = TRUE),cf428219c491bedcf491ba81,required_tokens + skeleton_family + delimiter_integrity + boolean_signal
PG_BOOL_R082_C10,PG_BOOL_R082,Y3,network_inet,10,coalesce_false_wrapper,6,=|>|>=|COALESCE|FALSE,"COALESCE((INET >>= INET), FALSE)",b6b5099f401c73164475a8ff,required_tokens + skeleton_family + delimiter_integrity + boolean_signal
PG_BOOL_R083_C01,PG_BOOL_R083,Y3,network_inet,1,base_predicate,6,=,HOST(INET) = STR,2d25bc5f46aea7bd8c03793a,required_tokens + skeleton_family + delimiter_integrity + boolean_signal
PG_BOOL_R083_C02,PG_BOOL_R083,Y3,network_inet,2,parenthesized_predicate,6,=,(HOST(INET) = STR),b7144aaf82cc041fa75d5fcd,required_tokens + skeleton_family + delimiter_integrity + boolean_signal
PG_BOOL_R083_C03,PG_BOOL_R083,Y3,network_inet,3,negated_inverse_predicate,6,=|NOT,NOT (HOST(INET) = STR),e45b2ac59b37bea7f60f7bd0,required_tokens + skeleton_family + delimiter_integrity + boolean_signal
PG_BOOL_R083_C04,PG_BOOL_R083,Y3,network_inet,4,is_true_wrapper,6,=|IS|TRUE,(HOST(INET) = STR) IS TRUE,650fbc2f5b21bfd948afd9b8,required_tokens + skeleton_family + delimiter_integrity + boolean_signal
PG_BOOL_R083_C05,PG_BOOL_R083,Y3,network_inet,5,is_not_false_wrapper,6,=|FALSE|IS|NOT,(HOST(INET) = STR) IS NOT FALSE,abbace991e63efac2fa9e760,required_tokens + skeleton_family + delimiter_integrity + boolean_signal
PG_BOOL_R083_C06,PG_BOOL_R083,Y3,network_inet,6,case_boolean_wrapper,6,=|CASE|ELSE|END|FALSE|THEN|TRUE|WHEN,CASE WHEN (HOST(INET) = STR) THEN TRUE ELSE FALSE END,5134df4dd5d647fa85fc4910,required_tokens + skeleton_family + delimiter_integrity + boolean_signal
PG_BOOL_R083_C07,PG_BOOL_R083,Y3,network_inet,7,and_true_guard,6,=|AND,(HOST(INET) = STR) AND (INT = INT),8f2e44d60df6952925dc50ec,required_tokens + skeleton_family + delimiter_integrity + boolean_signal
PG_BOOL_R083_C08,PG_BOOL_R083,Y3,network_inet,8,or_false_guard,6,<|<>|=|>|OR,(HOST(INET) = STR) OR (INT <> INT),f77580198cc5b1f8f7d18dd4,required_tokens + skeleton_family + delimiter_integrity + boolean_signal
PG_BOOL_R083_C09,PG_BOOL_R083,Y3,network_inet,9,equals_true_wrapper,6,=|TRUE,((HOST(INET) = STR) = TRUE),3c2f8b1d2fba93d17678d6f4,required_tokens + skeleton_family + delimiter_integrity + boolean_signal
PG_BOOL_R083_C10,PG_BOOL_R083,Y3,network_inet,10,coalesce_false_wrapper,6,=|COALESCE|FALSE,"COALESCE((HOST(INET) = STR), FALSE)",4ea312a224f0aa9521f3be60,required_tokens + skeleton_family + delimiter_integrity + boolean_signal
PG_BOOL_R084_C01,PG_BOOL_R084,Y3,network_inet,1,base_predicate,6,=,FAMILY(INET) = INT,af883111b72e9fa8f1a6a920,required_tokens + skeleton_family + delimiter_integrity + boolean_signal
PG_BOOL_R084_C02,PG_BOOL_R084,Y3,network_inet,2,parenthesized_predicate,6,=,(FAMILY(INET) = INT),4da3b53a50e3b2cdffae1e26,required_tokens + skeleton_family + delimiter_integrity + boolean_signal
PG_BOOL_R084_C03,PG_BOOL_R084,Y3,network_inet,3,negated_inverse_predicate,6,=|NOT,NOT (FAMILY(INET) = INT),d48964cb7e2922168c60a01b,required_tokens + skeleton_family + delimiter_integrity + boolean_signal
PG_BOOL_R084_C04,PG_BOOL_R084,Y3,network_inet,4,is_true_wrapper,6,=|IS|TRUE,(FAMILY(INET) = INT) IS TRUE,aaf0b4012e4ac6dea78ae093,required_tokens + skeleton_family + delimiter_integrity + boolean_signal
PG_BOOL_R084_C05,PG_BOOL_R084,Y3,network_inet,5,is_not_false_wrapper,6,=|FALSE|IS|NOT,(FAMILY(INET) = INT) IS NOT FALSE,1a3d7a580a7517e3bf265dee,required_tokens + skeleton_family + delimiter_integrity + boolean_signal
PG_BOOL_R084_C06,PG_BOOL_R084,Y3,network_inet,6,case_boolean_wrapper,6,=|CASE|ELSE|END|FALSE|THEN|TRUE|WHEN,CASE WHEN (FAMILY(INET) = INT) THEN TRUE ELSE FALSE END,ac2d923e50a99d8ed94ff668,required_tokens + skeleton_family + delimiter_integrity + boolean_signal
PG_BOOL_R084_C07,PG_BOOL_R084,Y3,network_inet,7,and_true_guard,6,=|AND,(FAMILY(INET) = INT) AND (INT = INT),c7295c65a65cef886fa7c243,required_tokens + skeleton_family + delimiter_integrity + boolean_signal
PG_BOOL_R084_C08,PG_BOOL_R084,Y3,network_inet,8,or_false_guard,6,<|<>|=|>|OR,(FAMILY(INET) = INT) OR (INT <> INT),7bfa564421dd4e9e374179d7,required_tokens + skeleton_family + delimiter_integrity + boolean_signal
PG_BOOL_R084_C09,PG_BOOL_R084,Y3,network_inet,9,equals_true_wrapper,6,=|TRUE,((FAMILY(INET) = INT) = TRUE),3e54ae3f04b12403b43d9976,required_tokens + skeleton_family + delimiter_integrity + boolean_signal
PG_BOOL_R084_C10,PG_BOOL_R084,Y3,network_inet,10,coalesce_false_wrapper,6,=|COALESCE|FALSE,"COALESCE((FAMILY(INET) = INT), FALSE)",45bb44349c0263dfd42798bd,required_tokens + skeleton_family + delimiter_integrity + boolean_signal
PG_BOOL_R085_C01,PG_BOOL_R085,Y3,network_inet,1,base_predicate,6,=,"SET_MASKLEN(INET, INT) = INET",8ef6f1d57b601b2fef2dc8da,required_tokens + skeleton_family + delimiter_integrity + boolean_signal
PG_BOOL_R085_C02,PG_BOOL_R085,Y3,network_inet,2,parenthesized_predicate,6,=,"(SET_MASKLEN(INET, INT) = INET)",4234534efc560337d6337f71,required_tokens + skeleton_family + delimiter_integrity + boolean_signal
PG_BOOL_R085_C03,PG_BOOL_R085,Y3,network_inet,3,negated_inverse_predicate,6,=|NOT,"NOT (SET_MASKLEN(INET, INT) = INET)",0beaf4bad38018cf2d9590ac,required_tokens + skeleton_family + delimiter_integrity + boolean_signal
PG_BOOL_R085_C04,PG_BOOL_R085,Y3,network_inet,4,is_true_wrapper,6,=|IS|TRUE,"(SET_MASKLEN(INET, INT) = INET) IS TRUE",0e93bcedc823f0cb0763d01d,required_tokens + skeleton_family + delimiter_integrity + boolean_signal
PG_BOOL_R085_C05,PG_BOOL_R085,Y3,network_inet,5,is_not_false_wrapper,6,=|FALSE|IS|NOT,"(SET_MASKLEN(INET, INT) = INET) IS NOT FALSE",ba960359bc92eb581a40b3e0,required_tokens + skeleton_family + delimiter_integrity + boolean_signal
PG_BOOL_R085_C06,PG_BOOL_R085,Y3,network_inet,6,case_boolean_wrapper,6,=|CASE|ELSE|END|FALSE|THEN|TRUE|WHEN,"CASE WHEN (SET_MASKLEN(INET, INT) = INET) THEN TRUE ELSE FALSE END",e3939d5c45a9497c0acdebf5,required_tokens + skeleton_family + delimiter_integrity + boolean_signal
PG_BOOL_R085_C07,PG_BOOL_R085,Y3,network_inet,7,and_true_guard,6,=|AND,"(SET_MASKLEN(INET, INT) = INET) AND (INT = INT)",43f6fb8130f359fdefd7a1c1,required_tokens + skeleton_family + delimiter_integrity + boolean_signal
PG_BOOL_R085_C08,PG_BOOL_R085,Y3,network_inet,8,or_false_guard,6,<|<>|=|>|OR,"(SET_MASKLEN(INET, INT) = INET) OR (INT <> INT)",d049bbd8a9669e69a59f94c2,required_tokens + skeleton_family + delimiter_integrity + boolean_signal
PG_BOOL_R085_C09,PG_BOOL_R085,Y3,network_inet,9,equals_true_wrapper,6,=|TRUE,"((SET_MASKLEN(INET, INT) = INET) = TRUE)",5d15cd480e8b75b2dfc9301c,required_tokens + skeleton_family + delimiter_integrity + boolean_signal
PG_BOOL_R085_C10,PG_BOOL_R085,Y3,network_inet,10,coalesce_false_wrapper,6,=|COALESCE|FALSE,"COALESCE((SET_MASKLEN(INET, INT) = INET), FALSE)",c314cce89e3a510c899e75dc,required_tokens + skeleton_family + delimiter_integrity + boolean_signal
PG_BOOL_R086_C01,PG_BOOL_R086,Y3,uuid_predicate,1,base_predicate,6,=,UUID = UUID,150ccee103917ae980019f26,required_tokens + skeleton_family + delimiter_integrity + boolean_signal
PG_BOOL_R086_C02,PG_BOOL_R086,Y3,uuid_predicate,2,parenthesized_predicate,6,=,(UUID = UUID),84ec43695dac57c070be6426,required_tokens + skeleton_family + delimiter_integrity + boolean_signal
PG_BOOL_R086_C03,PG_BOOL_R086,Y3,uuid_predicate,3,negated_inverse_predicate,6,=|NOT,NOT (UUID = UUID),a5dbf772d37ff73c09c6935c,required_tokens + skeleton_family + delimiter_integrity + boolean_signal
PG_BOOL_R086_C04,PG_BOOL_R086,Y3,uuid_predicate,4,is_true_wrapper,6,=|IS|TRUE,(UUID = UUID) IS TRUE,52e17bab6e4566f96503283d,required_tokens + skeleton_family + delimiter_integrity + boolean_signal
PG_BOOL_R086_C05,PG_BOOL_R086,Y3,uuid_predicate,5,is_not_false_wrapper,6,=|FALSE|IS|NOT,(UUID = UUID) IS NOT FALSE,d81040743a0624147ee37942,required_tokens + skeleton_family + delimiter_integrity + boolean_signal
PG_BOOL_R086_C06,PG_BOOL_R086,Y3,uuid_predicate,6,case_boolean_wrapper,6,=|CASE|ELSE|END|FALSE|THEN|TRUE|WHEN,CASE WHEN (UUID = UUID) THEN TRUE ELSE FALSE END,ad57b3413b3983f421f33d24,required_tokens + skeleton_family + delimiter_integrity + boolean_signal
PG_BOOL_R086_C07,PG_BOOL_R086,Y3,uuid_predicate,7,and_true_guard,6,=|AND,(UUID = UUID) AND (INT = INT),14b892938fc42b77690e0c2d,required_tokens + skeleton_family + delimiter_integrity + boolean_signal
PG_BOOL_R086_C08,PG_BOOL_R086,Y3,uuid_predicate,8,or_false_guard,6,<|<>|=|>|OR,(UUID = UUID) OR (INT <> INT),40767ce4f73f0b3701485988,required_tokens + skeleton_family + delimiter_integrity + boolean_signal
PG_BOOL_R086_C09,PG_BOOL_R086,Y3,uuid_predicate,9,equals_true_wrapper,6,=|TRUE,((UUID = UUID) = TRUE),eeec5f7634d19da7deaec113,required_tokens + skeleton_family + delimiter_integrity + boolean_signal
PG_BOOL_R086_C10,PG_BOOL_R086,Y3,uuid_predicate,10,coalesce_false_wrapper,6,=|COALESCE|FALSE,"COALESCE((UUID = UUID), FALSE)",3d52a1bf6f24eaf9af8b1398,required_tokens + skeleton_family + delimiter_integrity + boolean_signal
PG_BOOL_R087_C01,PG_BOOL_R087,Y3,uuid_predicate,1,base_predicate,6,<|<>|>,UUID <> UUID,dcf1d5e946b429aa35356cfd,required_tokens + skeleton_family + delimiter_integrity + boolean_signal
PG_BOOL_R087_C02,PG_BOOL_R087,Y3,uuid_predicate,2,parenthesized_predicate,6,<|<>|>,(UUID <> UUID),757a1b4e7cf4710431427be6,required_tokens + skeleton_family + delimiter_integrity + boolean_signal
PG_BOOL_R087_C03,PG_BOOL_R087,Y3,uuid_predicate,3,negated_inverse_predicate,6,<|<>|>|NOT,NOT (UUID <> UUID),b621fec0b7cff96c5987ef83,required_tokens + skeleton_family + delimiter_integrity + boolean_signal
PG_BOOL_R087_C04,PG_BOOL_R087,Y3,uuid_predicate,4,is_true_wrapper,6,<|<>|>|IS|TRUE,(UUID <> UUID) IS TRUE,5a26e26990dd527623e2cf9c,required_tokens + skeleton_family + delimiter_integrity + boolean_signal
PG_BOOL_R087_C05,PG_BOOL_R087,Y3,uuid_predicate,5,is_not_false_wrapper,6,<|<>|>|FALSE|IS|NOT,(UUID <> UUID) IS NOT FALSE,bb16e08768d5d2662e65f9a5,required_tokens + skeleton_family + delimiter_integrity + boolean_signal
PG_BOOL_R087_C06,PG_BOOL_R087,Y3,uuid_predicate,6,case_boolean_wrapper,6,<|<>|>|CASE|ELSE|END|FALSE|THEN|TRUE|WHEN,CASE WHEN (UUID <> UUID) THEN TRUE ELSE FALSE END,40ccf87af3f0fa50a2af3106,required_tokens + skeleton_family + delimiter_integrity + boolean_signal
PG_BOOL_R087_C07,PG_BOOL_R087,Y3,uuid_predicate,7,and_true_guard,6,<|<>|=|>|AND,(UUID <> UUID) AND (INT = INT),edcff0f2dc469704e8787d67,required_tokens + skeleton_family + delimiter_integrity + boolean_signal
PG_BOOL_R087_C08,PG_BOOL_R087,Y3,uuid_predicate,8,or_false_guard,6,<|<>|>|OR,(UUID <> UUID) OR (INT <> INT),d04f73a8bb025bf5a8eb1b7a,required_tokens + skeleton_family + delimiter_integrity + boolean_signal
PG_BOOL_R087_C09,PG_BOOL_R087,Y3,uuid_predicate,9,equals_true_wrapper,6,<|<>|=|>|TRUE,((UUID <> UUID) = TRUE),d522678b394fbe0dfb2f612b,required_tokens + skeleton_family + delimiter_integrity + boolean_signal
PG_BOOL_R087_C10,PG_BOOL_R087,Y3,uuid_predicate,10,coalesce_false_wrapper,6,<|<>|>|COALESCE|FALSE,"COALESCE((UUID <> UUID), FALSE)",106055e1956570f0235131bd,required_tokens + skeleton_family + delimiter_integrity + boolean_signal
PG_BOOL_R088_C01,PG_BOOL_R088,Y3,uuid_predicate,1,base_predicate,6,DISTINCT|FROM|IS|NOT,UUID IS NOT DISTINCT FROM UUID,29059bfa52882c1d1369b479,required_tokens + skeleton_family + delimiter_integrity + boolean_signal
PG_BOOL_R088_C02,PG_BOOL_R088,Y3,uuid_predicate,2,parenthesized_predicate,6,DISTINCT|FROM|IS|NOT,(UUID IS NOT DISTINCT FROM UUID),97a8976f37194b0ac7638005,required_tokens + skeleton_family + delimiter_integrity + boolean_signal
PG_BOOL_R088_C03,PG_BOOL_R088,Y3,uuid_predicate,3,negated_inverse_predicate,6,DISTINCT|FROM|IS|NOT,NOT (UUID IS DISTINCT FROM UUID),25d4742f0b4e022a4b441433,required_tokens + skeleton_family + delimiter_integrity + boolean_signal
PG_BOOL_R088_C04,PG_BOOL_R088,Y3,uuid_predicate,4,is_true_wrapper,6,DISTINCT|FROM|IS|NOT|TRUE,(UUID IS NOT DISTINCT FROM UUID) IS TRUE,c372781c1eb1237e5a53c530,required_tokens + skeleton_family + delimiter_integrity + boolean_signal
PG_BOOL_R088_C05,PG_BOOL_R088,Y3,uuid_predicate,5,is_not_false_wrapper,6,DISTINCT|FALSE|FROM|IS|NOT,(UUID IS NOT DISTINCT FROM UUID) IS NOT FALSE,0f2b5e11a081bc9ffdda0512,required_tokens + skeleton_family + delimiter_integrity + boolean_signal
PG_BOOL_R088_C06,PG_BOOL_R088,Y3,uuid_predicate,6,case_boolean_wrapper,6,CASE|DISTINCT|ELSE|END|FALSE|FROM|IS|NOT|THEN|TRUE|WHEN,CASE WHEN (UUID IS NOT DISTINCT FROM UUID) THEN TRUE ELSE FALSE END,db204f0adc3156663641c1a0,required_tokens + skeleton_family + delimiter_integrity + boolean_signal
PG_BOOL_R088_C07,PG_BOOL_R088,Y3,uuid_predicate,7,and_true_guard,6,=|AND|DISTINCT|FROM|IS|NOT,(UUID IS NOT DISTINCT FROM UUID) AND (INT = INT),4dbadc817ec3e99bb6dcb2cb,required_tokens + skeleton_family + delimiter_integrity + boolean_signal
PG_BOOL_R088_C08,PG_BOOL_R088,Y3,uuid_predicate,8,or_false_guard,6,<|<>|>|DISTINCT|FROM|IS|NOT|OR,(UUID IS NOT DISTINCT FROM UUID) OR (INT <> INT),fd515ed21b8478971fef8a01,required_tokens + skeleton_family + delimiter_integrity + boolean_signal
PG_BOOL_R088_C09,PG_BOOL_R088,Y3,uuid_predicate,9,equals_true_wrapper,6,=|DISTINCT|FROM|IS|NOT|TRUE,((UUID IS NOT DISTINCT FROM UUID) = TRUE),fd7a95fba2ec94ed37dcc02a,required_tokens + skeleton_family + delimiter_integrity + boolean_signal
PG_BOOL_R088_C10,PG_BOOL_R088,Y3,uuid_predicate,10,coalesce_false_wrapper,6,COALESCE|DISTINCT|FALSE|FROM|IS|NOT,"COALESCE((UUID IS NOT DISTINCT FROM UUID), FALSE)",518a225cd5f49dca3f96f986,required_tokens + skeleton_family + delimiter_integrity + boolean_signal
PG_BOOL_R089_C01,PG_BOOL_R089,Y3,uuid_predicate,1,base_predicate,6,LIKE,UUID LIKE STR,6c92178d8289ac437f73a1f3,required_tokens + skeleton_family + delimiter_integrity + boolean_signal
PG_BOOL_R089_C02,PG_BOOL_R089,Y3,uuid_predicate,2,parenthesized_predicate,6,LIKE,(UUID LIKE STR),b3f7361c08ecb7064937b8b1,required_tokens + skeleton_family + delimiter_integrity + boolean_signal
PG_BOOL_R089_C03,PG_BOOL_R089,Y3,uuid_predicate,3,negated_inverse_predicate,6,LIKE|NOT,NOT (UUID LIKE STR),3357281e1e9174b4758fa0ac,required_tokens + skeleton_family + delimiter_integrity + boolean_signal
PG_BOOL_R089_C04,PG_BOOL_R089,Y3,uuid_predicate,4,is_true_wrapper,6,IS|LIKE|TRUE,(UUID LIKE STR) IS TRUE,8eea5f8ccad9d9b1f6cf06df,required_tokens + skeleton_family + delimiter_integrity + boolean_signal
PG_BOOL_R089_C05,PG_BOOL_R089,Y3,uuid_predicate,5,is_not_false_wrapper,6,FALSE|IS|LIKE|NOT,(UUID LIKE STR) IS NOT FALSE,75cb36230cad38804492b006,required_tokens + skeleton_family + delimiter_integrity + boolean_signal
PG_BOOL_R089_C06,PG_BOOL_R089,Y3,uuid_predicate,6,case_boolean_wrapper,6,CASE|ELSE|END|FALSE|LIKE|THEN|TRUE|WHEN,CASE WHEN (UUID LIKE STR) THEN TRUE ELSE FALSE END,4b35423d0df8329471d7b740,required_tokens + skeleton_family + delimiter_integrity + boolean_signal
PG_BOOL_R089_C07,PG_BOOL_R089,Y3,uuid_predicate,7,and_true_guard,6,=|AND|LIKE,(UUID LIKE STR) AND (INT = INT),dee06b36979423bc4fb8a21b,required_tokens + skeleton_family + delimiter_integrity + boolean_signal
PG_BOOL_R089_C08,PG_BOOL_R089,Y3,uuid_predicate,8,or_false_guard,6,<|<>|>|LIKE|OR,(UUID LIKE STR) OR (INT <> INT),e22dc53d01425f7920799a58,required_tokens + skeleton_family + delimiter_integrity + boolean_signal
PG_BOOL_R089_C09,PG_BOOL_R089,Y3,uuid_predicate,9,equals_true_wrapper,6,=|LIKE|TRUE,((UUID LIKE STR) = TRUE),5dda46439ca069f2cdc50b84,required_tokens + skeleton_family + delimiter_integrity + boolean_signal
PG_BOOL_R089_C10,PG_BOOL_R089,Y3,uuid_predicate,10,coalesce_false_wrapper,6,COALESCE|FALSE|LIKE,"COALESCE((UUID LIKE STR), FALSE)",9eb2f83f5efcab8a9ad4f530,required_tokens + skeleton_family + delimiter_integrity + boolean_signal
PG_BOOL_R090_C01,PG_BOOL_R090,Y3,uuid_predicate,1,base_predicate,6,=,LENGTH(UUID) = INT,5b8365e1cff8e38b1160e45e,required_tokens + skeleton_family + delimiter_integrity + boolean_signal
PG_BOOL_R090_C02,PG_BOOL_R090,Y3,uuid_predicate,2,parenthesized_predicate,6,=,(LENGTH(UUID) = INT),e836885f942fa5e0eb471f09,required_tokens + skeleton_family + delimiter_integrity + boolean_signal
PG_BOOL_R090_C03,PG_BOOL_R090,Y3,uuid_predicate,3,negated_inverse_predicate,6,=|NOT,NOT (LENGTH(UUID) = INT),e28927154ba877268b925756,required_tokens + skeleton_family + delimiter_integrity + boolean_signal
PG_BOOL_R090_C04,PG_BOOL_R090,Y3,uuid_predicate,4,is_true_wrapper,6,=|IS|TRUE,(LENGTH(UUID) = INT) IS TRUE,2fdfe6a936c899fc533ba07b,required_tokens + skeleton_family + delimiter_integrity + boolean_signal
PG_BOOL_R090_C05,PG_BOOL_R090,Y3,uuid_predicate,5,is_not_false_wrapper,6,=|FALSE|IS|NOT,(LENGTH(UUID) = INT) IS NOT FALSE,629372633e742209d4b7d398,required_tokens + skeleton_family + delimiter_integrity + boolean_signal
PG_BOOL_R090_C06,PG_BOOL_R090,Y3,uuid_predicate,6,case_boolean_wrapper,6,=|CASE|ELSE|END|FALSE|THEN|TRUE|WHEN,CASE WHEN (LENGTH(UUID) = INT) THEN TRUE ELSE FALSE END,3d47d8f1abede9dc962bd0d9,required_tokens + skeleton_family + delimiter_integrity + boolean_signal
PG_BOOL_R090_C07,PG_BOOL_R090,Y3,uuid_predicate,7,and_true_guard,6,=|AND,(LENGTH(UUID) = INT) AND (INT = INT),71be43581f18633bad5b85e0,required_tokens + skeleton_family + delimiter_integrity + boolean_signal
PG_BOOL_R090_C08,PG_BOOL_R090,Y3,uuid_predicate,8,or_false_guard,6,<|<>|=|>|OR,(LENGTH(UUID) = INT) OR (INT <> INT),7d54772823c32cf695f14874,required_tokens + skeleton_family + delimiter_integrity + boolean_signal
PG_BOOL_R090_C09,PG_BOOL_R090,Y3,uuid_predicate,9,equals_true_wrapper,6,=|TRUE,((LENGTH(UUID) = INT) = TRUE),d5031ab93b3fd8f04001d2e7,required_tokens + skeleton_family + delimiter_integrity + boolean_signal
PG_BOOL_R090_C10,PG_BOOL_R090,Y3,uuid_predicate,10,coalesce_false_wrapper,6,=|COALESCE|FALSE,"COALESCE((LENGTH(UUID) = INT), FALSE)",40dc4ab9c6ee100e197eed1f,required_tokens + skeleton_family + delimiter_integrity + boolean_signal
PG_BOOL_R091_C01,PG_BOOL_R091,Y3,full_text_predicate,1,base_predicate,6,@@,"TO_TSVECTOR(STR, STR) @@ PLAINTO_TSQUERY(STR, STR)",4b81ff904cb7d6d8bb6efa84,required_tokens + skeleton_family + delimiter_integrity + boolean_signal
PG_BOOL_R091_C02,PG_BOOL_R091,Y3,full_text_predicate,2,parenthesized_predicate,6,@@,"(TO_TSVECTOR(STR, STR) @@ PLAINTO_TSQUERY(STR, STR))",07a71418cade83ba9f19dee9,required_tokens + skeleton_family + delimiter_integrity + boolean_signal
PG_BOOL_R091_C03,PG_BOOL_R091,Y3,full_text_predicate,3,negated_inverse_predicate,6,@@|NOT,"NOT (TO_TSVECTOR(STR, STR) @@ PLAINTO_TSQUERY(STR, STR))",4441e556f443d81b16af9e92,required_tokens + skeleton_family + delimiter_integrity + boolean_signal
PG_BOOL_R091_C04,PG_BOOL_R091,Y3,full_text_predicate,4,is_true_wrapper,6,@@|IS|TRUE,"(TO_TSVECTOR(STR, STR) @@ PLAINTO_TSQUERY(STR, STR)) IS TRUE",d773cffba6abb3db4437f136,required_tokens + skeleton_family + delimiter_integrity + boolean_signal
PG_BOOL_R091_C05,PG_BOOL_R091,Y3,full_text_predicate,5,is_not_false_wrapper,6,@@|FALSE|IS|NOT,"(TO_TSVECTOR(STR, STR) @@ PLAINTO_TSQUERY(STR, STR)) IS NOT FALSE",dbe6407ab7404560a152807f,required_tokens + skeleton_family + delimiter_integrity + boolean_signal
PG_BOOL_R091_C06,PG_BOOL_R091,Y3,full_text_predicate,6,case_boolean_wrapper,6,@@|CASE|ELSE|END|FALSE|THEN|TRUE|WHEN,"CASE WHEN (TO_TSVECTOR(STR, STR) @@ PLAINTO_TSQUERY(STR, STR)) THEN TRUE ELSE FALSE END",d33a1e3e4105a1603a9c2bd2,required_tokens + skeleton_family + delimiter_integrity + boolean_signal
PG_BOOL_R091_C07,PG_BOOL_R091,Y3,full_text_predicate,7,and_true_guard,6,=|@@|AND,"(TO_TSVECTOR(STR, STR) @@ PLAINTO_TSQUERY(STR, STR)) AND (INT = INT)",b07420160fef55b159a83e4f,required_tokens + skeleton_family + delimiter_integrity + boolean_signal
PG_BOOL_R091_C08,PG_BOOL_R091,Y3,full_text_predicate,8,or_false_guard,6,<|<>|>|@@|OR,"(TO_TSVECTOR(STR, STR) @@ PLAINTO_TSQUERY(STR, STR)) OR (INT <> INT)",8c380a7006841f018f848d6b,required_tokens + skeleton_family + delimiter_integrity + boolean_signal
PG_BOOL_R091_C09,PG_BOOL_R091,Y3,full_text_predicate,9,equals_true_wrapper,6,=|@@|TRUE,"((TO_TSVECTOR(STR, STR) @@ PLAINTO_TSQUERY(STR, STR)) = TRUE)",06fcd871131385498c05dad7,required_tokens + skeleton_family + delimiter_integrity + boolean_signal
PG_BOOL_R091_C10,PG_BOOL_R091,Y3,full_text_predicate,10,coalesce_false_wrapper,6,@@|COALESCE|FALSE,"COALESCE((TO_TSVECTOR(STR, STR) @@ PLAINTO_TSQUERY(STR, STR)), FALSE)",c675733675408a46be6ea0fc,required_tokens + skeleton_family + delimiter_integrity + boolean_signal
PG_BOOL_R092_C01,PG_BOOL_R092,Y3,full_text_predicate,1,base_predicate,6,@@,"TO_TSVECTOR(STR, STR) @@ TO_TSQUERY(STR, STR)",0ea467b1fd3d133f5b4d335a,required_tokens + skeleton_family + delimiter_integrity + boolean_signal
PG_BOOL_R092_C02,PG_BOOL_R092,Y3,full_text_predicate,2,parenthesized_predicate,6,@@,"(TO_TSVECTOR(STR, STR) @@ TO_TSQUERY(STR, STR))",1fd495a276f564db5481b73b,required_tokens + skeleton_family + delimiter_integrity + boolean_signal
PG_BOOL_R092_C03,PG_BOOL_R092,Y3,full_text_predicate,3,negated_inverse_predicate,6,@@|NOT,"NOT (TO_TSVECTOR(STR, STR) @@ TO_TSQUERY(STR, STR))",8f404f2ca519a8198b9bec83,required_tokens + skeleton_family + delimiter_integrity + boolean_signal
PG_BOOL_R092_C04,PG_BOOL_R092,Y3,full_text_predicate,4,is_true_wrapper,6,@@|IS|TRUE,"(TO_TSVECTOR(STR, STR) @@ TO_TSQUERY(STR, STR)) IS TRUE",ea8313ae26d1ead5e3a6939e,required_tokens + skeleton_family + delimiter_integrity + boolean_signal
PG_BOOL_R092_C05,PG_BOOL_R092,Y3,full_text_predicate,5,is_not_false_wrapper,6,@@|FALSE|IS|NOT,"(TO_TSVECTOR(STR, STR) @@ TO_TSQUERY(STR, STR)) IS NOT FALSE",cfb51c3e0cff7f65fc931364,required_tokens + skeleton_family + delimiter_integrity + boolean_signal
PG_BOOL_R092_C06,PG_BOOL_R092,Y3,full_text_predicate,6,case_boolean_wrapper,6,@@|CASE|ELSE|END|FALSE|THEN|TRUE|WHEN,"CASE WHEN (TO_TSVECTOR(STR, STR) @@ TO_TSQUERY(STR, STR)) THEN TRUE ELSE FALSE END",15903659332c94874260ac16,required_tokens + skeleton_family + delimiter_integrity + boolean_signal
PG_BOOL_R092_C07,PG_BOOL_R092,Y3,full_text_predicate,7,and_true_guard,6,=|@@|AND,"(TO_TSVECTOR(STR, STR) @@ TO_TSQUERY(STR, STR)) AND (INT = INT)",2b2aed4edc38a910369b4fec,required_tokens + skeleton_family + delimiter_integrity + boolean_signal
PG_BOOL_R092_C08,PG_BOOL_R092,Y3,full_text_predicate,8,or_false_guard,6,<|<>|>|@@|OR,"(TO_TSVECTOR(STR, STR) @@ TO_TSQUERY(STR, STR)) OR (INT <> INT)",920eca30499b21775d2e1d70,required_tokens + skeleton_family + delimiter_integrity + boolean_signal
PG_BOOL_R092_C09,PG_BOOL_R092,Y3,full_text_predicate,9,equals_true_wrapper,6,=|@@|TRUE,"((TO_TSVECTOR(STR, STR) @@ TO_TSQUERY(STR, STR)) = TRUE)",239664216b9f76452963cc13,required_tokens + skeleton_family + delimiter_integrity + boolean_signal
PG_BOOL_R092_C10,PG_BOOL_R092,Y3,full_text_predicate,10,coalesce_false_wrapper,6,@@|COALESCE|FALSE,"COALESCE((TO_TSVECTOR(STR, STR) @@ TO_TSQUERY(STR, STR)), FALSE)",01c5736d6dab9136908909ec,required_tokens + skeleton_family + delimiter_integrity + boolean_signal
PG_BOOL_R093_C01,PG_BOOL_R093,Y3,full_text_predicate,1,base_predicate,6,=,"NUMNODE(PLAINTO_TSQUERY(STR, STR)) = INT",45045bb1a34bede58ac574ed,required_tokens + skeleton_family + delimiter_integrity + boolean_signal
PG_BOOL_R093_C02,PG_BOOL_R093,Y3,full_text_predicate,2,parenthesized_predicate,6,=,"(NUMNODE(PLAINTO_TSQUERY(STR, STR)) = INT)",0a63b2dfc25f30b93915eb34,required_tokens + skeleton_family + delimiter_integrity + boolean_signal
PG_BOOL_R093_C03,PG_BOOL_R093,Y3,full_text_predicate,3,negated_inverse_predicate,6,=|NOT,"NOT (NUMNODE(PLAINTO_TSQUERY(STR, STR)) = INT)",ce071c67070802d60686a833,required_tokens + skeleton_family + delimiter_integrity + boolean_signal
PG_BOOL_R093_C04,PG_BOOL_R093,Y3,full_text_predicate,4,is_true_wrapper,6,=|IS|TRUE,"(NUMNODE(PLAINTO_TSQUERY(STR, STR)) = INT) IS TRUE",62ca20a91668841f6d99db73,required_tokens + skeleton_family + delimiter_integrity + boolean_signal
PG_BOOL_R093_C05,PG_BOOL_R093,Y3,full_text_predicate,5,is_not_false_wrapper,6,=|FALSE|IS|NOT,"(NUMNODE(PLAINTO_TSQUERY(STR, STR)) = INT) IS NOT FALSE",f1f973df0233ee7384aceef0,required_tokens + skeleton_family + delimiter_integrity + boolean_signal
PG_BOOL_R093_C06,PG_BOOL_R093,Y3,full_text_predicate,6,case_boolean_wrapper,6,=|CASE|ELSE|END|FALSE|THEN|TRUE|WHEN,"CASE WHEN (NUMNODE(PLAINTO_TSQUERY(STR, STR)) = INT) THEN TRUE ELSE FALSE END",e6468d679565f3ff387b5793,required_tokens + skeleton_family + delimiter_integrity + boolean_signal
PG_BOOL_R093_C07,PG_BOOL_R093,Y3,full_text_predicate,7,and_true_guard,6,=|AND,"(NUMNODE(PLAINTO_TSQUERY(STR, STR)) = INT) AND (INT = INT)",e64300142df8672f772b2e0c,required_tokens + skeleton_family + delimiter_integrity + boolean_signal
PG_BOOL_R093_C08,PG_BOOL_R093,Y3,full_text_predicate,8,or_false_guard,6,<|<>|=|>|OR,"(NUMNODE(PLAINTO_TSQUERY(STR, STR)) = INT) OR (INT <> INT)",e1d31031e906058dff88d1e5,required_tokens + skeleton_family + delimiter_integrity + boolean_signal
PG_BOOL_R093_C09,PG_BOOL_R093,Y3,full_text_predicate,9,equals_true_wrapper,6,=|TRUE,"((NUMNODE(PLAINTO_TSQUERY(STR, STR)) = INT) = TRUE)",74176b02b63843db63e15a02,required_tokens + skeleton_family + delimiter_integrity + boolean_signal
PG_BOOL_R093_C10,PG_BOOL_R093,Y3,full_text_predicate,10,coalesce_false_wrapper,6,=|COALESCE|FALSE,"COALESCE((NUMNODE(PLAINTO_TSQUERY(STR, STR)) = INT), FALSE)",a1975315c8745d74de9c2007,required_tokens + skeleton_family + delimiter_integrity + boolean_signal
PG_BOOL_R094_C01,PG_BOOL_R094,Y3,full_text_predicate,1,base_predicate,6,<|<>|>,"QUERYTREE(PLAINTO_TSQUERY(STR, STR)) <> STR",3b536ebeede05e8c9af8ac49,required_tokens + skeleton_family + delimiter_integrity + boolean_signal
PG_BOOL_R094_C02,PG_BOOL_R094,Y3,full_text_predicate,2,parenthesized_predicate,6,<|<>|>,"(QUERYTREE(PLAINTO_TSQUERY(STR, STR)) <> STR)",346ded380993458933a78511,required_tokens + skeleton_family + delimiter_integrity + boolean_signal
PG_BOOL_R094_C03,PG_BOOL_R094,Y3,full_text_predicate,3,negated_inverse_predicate,6,<|<>|>|NOT,"NOT (QUERYTREE(PLAINTO_TSQUERY(STR, STR)) <> STR)",8563ce358fb22ab352efeab7,required_tokens + skeleton_family + delimiter_integrity + boolean_signal
PG_BOOL_R094_C04,PG_BOOL_R094,Y3,full_text_predicate,4,is_true_wrapper,6,<|<>|>|IS|TRUE,"(QUERYTREE(PLAINTO_TSQUERY(STR, STR)) <> STR) IS TRUE",5a556e5b23137419fd0b1bf6,required_tokens + skeleton_family + delimiter_integrity + boolean_signal
PG_BOOL_R094_C05,PG_BOOL_R094,Y3,full_text_predicate,5,is_not_false_wrapper,6,<|<>|>|FALSE|IS|NOT,"(QUERYTREE(PLAINTO_TSQUERY(STR, STR)) <> STR) IS NOT FALSE",75507f024fa9323c2208c005,required_tokens + skeleton_family + delimiter_integrity + boolean_signal
PG_BOOL_R094_C06,PG_BOOL_R094,Y3,full_text_predicate,6,case_boolean_wrapper,6,<|<>|>|CASE|ELSE|END|FALSE|THEN|TRUE|WHEN,"CASE WHEN (QUERYTREE(PLAINTO_TSQUERY(STR, STR)) <> STR) THEN TRUE ELSE FALSE END",3fd678dd6d6905e0ea790422,required_tokens + skeleton_family + delimiter_integrity + boolean_signal
PG_BOOL_R094_C07,PG_BOOL_R094,Y3,full_text_predicate,7,and_true_guard,6,<|<>|=|>|AND,"(QUERYTREE(PLAINTO_TSQUERY(STR, STR)) <> STR) AND (INT = INT)",2237884ea96cd98c274db7ba,required_tokens + skeleton_family + delimiter_integrity + boolean_signal
PG_BOOL_R094_C08,PG_BOOL_R094,Y3,full_text_predicate,8,or_false_guard,6,<|<>|>|OR,"(QUERYTREE(PLAINTO_TSQUERY(STR, STR)) <> STR) OR (INT <> INT)",81c0a16250b03c59be810228,required_tokens + skeleton_family + delimiter_integrity + boolean_signal
PG_BOOL_R094_C09,PG_BOOL_R094,Y3,full_text_predicate,9,equals_true_wrapper,6,<|<>|=|>|TRUE,"((QUERYTREE(PLAINTO_TSQUERY(STR, STR)) <> STR) = TRUE)",14f0c46250d28db9d478f912,required_tokens + skeleton_family + delimiter_integrity + boolean_signal
PG_BOOL_R094_C10,PG_BOOL_R094,Y3,full_text_predicate,10,coalesce_false_wrapper,6,<|<>|>|COALESCE|FALSE,"COALESCE((QUERYTREE(PLAINTO_TSQUERY(STR, STR)) <> STR), FALSE)",d897ae88ca944e99c553762c,required_tokens + skeleton_family + delimiter_integrity + boolean_signal
PG_BOOL_R095_C01,PG_BOOL_R095,Y3,full_text_predicate,1,base_predicate,6,@@,TO_TSVECTOR(STR) @@ WEBSEARCH_TO_TSQUERY(STR),a6daf743545e31bc6ffee42b,required_tokens + skeleton_family + delimiter_integrity + boolean_signal
PG_BOOL_R095_C02,PG_BOOL_R095,Y3,full_text_predicate,2,parenthesized_predicate,6,@@,(TO_TSVECTOR(STR) @@ WEBSEARCH_TO_TSQUERY(STR)),24853d1ba90a079f33145e31,required_tokens + skeleton_family + delimiter_integrity + boolean_signal
PG_BOOL_R095_C03,PG_BOOL_R095,Y3,full_text_predicate,3,negated_inverse_predicate,6,@@|NOT,NOT (TO_TSVECTOR(STR) @@ WEBSEARCH_TO_TSQUERY(STR)),a52c686f7d21651cc99f5157,required_tokens + skeleton_family + delimiter_integrity + boolean_signal
PG_BOOL_R095_C04,PG_BOOL_R095,Y3,full_text_predicate,4,is_true_wrapper,6,@@|IS|TRUE,(TO_TSVECTOR(STR) @@ WEBSEARCH_TO_TSQUERY(STR)) IS TRUE,fb1c5e3a786f9a027c2a127b,required_tokens + skeleton_family + delimiter_integrity + boolean_signal
PG_BOOL_R095_C05,PG_BOOL_R095,Y3,full_text_predicate,5,is_not_false_wrapper,6,@@|FALSE|IS|NOT,(TO_TSVECTOR(STR) @@ WEBSEARCH_TO_TSQUERY(STR)) IS NOT FALSE,a137f29070aa5182a092196a,required_tokens + skeleton_family + delimiter_integrity + boolean_signal
PG_BOOL_R095_C06,PG_BOOL_R095,Y3,full_text_predicate,6,case_boolean_wrapper,6,@@|CASE|ELSE|END|FALSE|THEN|TRUE|WHEN,CASE WHEN (TO_TSVECTOR(STR) @@ WEBSEARCH_TO_TSQUERY(STR)) THEN TRUE ELSE FALSE END,40ee710a59d332c0699e88e4,required_tokens + skeleton_family + delimiter_integrity + boolean_signal
PG_BOOL_R095_C07,PG_BOOL_R095,Y3,full_text_predicate,7,and_true_guard,6,=|@@|AND,(TO_TSVECTOR(STR) @@ WEBSEARCH_TO_TSQUERY(STR)) AND (INT = INT),6ac3d17f6bcca3daf4ec09de,required_tokens + skeleton_family + delimiter_integrity + boolean_signal
PG_BOOL_R095_C08,PG_BOOL_R095,Y3,full_text_predicate,8,or_false_guard,6,<|<>|>|@@|OR,(TO_TSVECTOR(STR) @@ WEBSEARCH_TO_TSQUERY(STR)) OR (INT <> INT),f2e141a5d5bade1d30814e8b,required_tokens + skeleton_family + delimiter_integrity + boolean_signal
PG_BOOL_R095_C09,PG_BOOL_R095,Y3,full_text_predicate,9,equals_true_wrapper,6,=|@@|TRUE,((TO_TSVECTOR(STR) @@ WEBSEARCH_TO_TSQUERY(STR)) = TRUE),645857054a1906407a5e5e42,required_tokens + skeleton_family + delimiter_integrity + boolean_signal
PG_BOOL_R095_C10,PG_BOOL_R095,Y3,full_text_predicate,10,coalesce_false_wrapper,6,@@|COALESCE|FALSE,"COALESCE((TO_TSVECTOR(STR) @@ WEBSEARCH_TO_TSQUERY(STR)), FALSE)",4100fe8846922798a605bc63,required_tokens + skeleton_family + delimiter_integrity + boolean_signal
PG_BOOL_R096_C01,PG_BOOL_R096,Y3,logical_composition,1,base_predicate,6,=|AND,(INT = INT) AND (INT = INT),5abbf452b1dba82fb39d9449,required_tokens + skeleton_family + delimiter_integrity + boolean_signal
PG_BOOL_R096_C02,PG_BOOL_R096,Y3,logical_composition,2,parenthesized_predicate,6,=|AND,((INT = INT) AND (INT = INT)),83fc9a57c1c37a667e5ad1fc,required_tokens + skeleton_family + delimiter_integrity + boolean_signal
PG_BOOL_R096_C03,PG_BOOL_R096,Y3,logical_composition,3,negated_inverse_predicate,6,=|AND|NOT,NOT ((INT = INT) AND (INT = INT)),1418e7427d2af09d4d927c03,required_tokens + skeleton_family + delimiter_integrity + boolean_signal
PG_BOOL_R096_C04,PG_BOOL_R096,Y3,logical_composition,4,is_true_wrapper,6,=|AND|IS|TRUE,((INT = INT) AND (INT = INT)) IS TRUE,65028868ce4a3b16541d1edf,required_tokens + skeleton_family + delimiter_integrity + boolean_signal
PG_BOOL_R096_C05,PG_BOOL_R096,Y3,logical_composition,5,is_not_false_wrapper,6,=|AND|FALSE|IS|NOT,((INT = INT) AND (INT = INT)) IS NOT FALSE,b838213fd9192be921893038,required_tokens + skeleton_family + delimiter_integrity + boolean_signal
PG_BOOL_R096_C06,PG_BOOL_R096,Y3,logical_composition,6,case_boolean_wrapper,6,=|AND|CASE|ELSE|END|FALSE|THEN|TRUE|WHEN,CASE WHEN ((INT = INT) AND (INT = INT)) THEN TRUE ELSE FALSE END,214ddeaf338dd8effe62c414,required_tokens + skeleton_family + delimiter_integrity + boolean_signal
PG_BOOL_R096_C07,PG_BOOL_R096,Y3,logical_composition,7,and_true_guard,6,=|AND,((INT = INT) AND (INT = INT)) AND (INT = INT),f61538e92f47f19e3d8c0828,required_tokens + skeleton_family + delimiter_integrity + boolean_signal
PG_BOOL_R096_C08,PG_BOOL_R096,Y3,logical_composition,8,or_false_guard,6,<|<>|=|>|AND|OR,((INT = INT) AND (INT = INT)) OR (INT <> INT),968e85c639f09862a9c1a299,required_tokens + skeleton_family + delimiter_integrity + boolean_signal
PG_BOOL_R096_C09,PG_BOOL_R096,Y3,logical_composition,9,equals_true_wrapper,6,=|AND|TRUE,(((INT = INT) AND (INT = INT)) = TRUE),b43ba4967ecfab4bde039d13,required_tokens + skeleton_family + delimiter_integrity + boolean_signal
PG_BOOL_R096_C10,PG_BOOL_R096,Y3,logical_composition,10,coalesce_false_wrapper,6,=|AND|COALESCE|FALSE,"COALESCE(((INT = INT) AND (INT = INT)), FALSE)",1644d86204d80b5e56811477,required_tokens + skeleton_family + delimiter_integrity + boolean_signal
PG_BOOL_R097_C01,PG_BOOL_R097,Y3,logical_composition,1,base_predicate,6,=|OR,(INT = INT) OR (INT = INT),1544e99038f5be4d46447e5c,required_tokens + skeleton_family + delimiter_integrity + boolean_signal
PG_BOOL_R097_C02,PG_BOOL_R097,Y3,logical_composition,2,parenthesized_predicate,6,=|OR,((INT = INT) OR (INT = INT)),d4b0aeaac08c450f8ae391ad,required_tokens + skeleton_family + delimiter_integrity + boolean_signal
PG_BOOL_R097_C03,PG_BOOL_R097,Y3,logical_composition,3,negated_inverse_predicate,6,=|NOT|OR,NOT ((INT = INT) OR (INT = INT)),bbeff9879af0277e2c5060bc,required_tokens + skeleton_family + delimiter_integrity + boolean_signal
PG_BOOL_R097_C04,PG_BOOL_R097,Y3,logical_composition,4,is_true_wrapper,6,=|IS|OR|TRUE,((INT = INT) OR (INT = INT)) IS TRUE,8d105399899dbe3838177b70,required_tokens + skeleton_family + delimiter_integrity + boolean_signal
PG_BOOL_R097_C05,PG_BOOL_R097,Y3,logical_composition,5,is_not_false_wrapper,6,=|FALSE|IS|NOT|OR,((INT = INT) OR (INT = INT)) IS NOT FALSE,861f0996ddc27b05dc445af9,required_tokens + skeleton_family + delimiter_integrity + boolean_signal
PG_BOOL_R097_C06,PG_BOOL_R097,Y3,logical_composition,6,case_boolean_wrapper,6,=|CASE|ELSE|END|FALSE|OR|THEN|TRUE|WHEN,CASE WHEN ((INT = INT) OR (INT = INT)) THEN TRUE ELSE FALSE END,3eb817adc168d9f5f786c0fe,required_tokens + skeleton_family + delimiter_integrity + boolean_signal
PG_BOOL_R097_C07,PG_BOOL_R097,Y3,logical_composition,7,and_true_guard,6,=|AND|OR,((INT = INT) OR (INT = INT)) AND (INT = INT),538ac9c58619d7c2d07dab3f,required_tokens + skeleton_family + delimiter_integrity + boolean_signal
PG_BOOL_R097_C08,PG_BOOL_R097,Y3,logical_composition,8,or_false_guard,6,<|<>|=|>|OR,((INT = INT) OR (INT = INT)) OR (INT <> INT),5d49add719b017f38047011a,required_tokens + skeleton_family + delimiter_integrity + boolean_signal
PG_BOOL_R097_C09,PG_BOOL_R097,Y3,logical_composition,9,equals_true_wrapper,6,=|OR|TRUE,(((INT = INT) OR (INT = INT)) = TRUE),32fc7f5d98dbd764bd3981c7,required_tokens + skeleton_family + delimiter_integrity + boolean_signal
PG_BOOL_R097_C10,PG_BOOL_R097,Y3,logical_composition,10,coalesce_false_wrapper,6,=|COALESCE|FALSE|OR,"COALESCE(((INT = INT) OR (INT = INT)), FALSE)",12f578b2b6dc3c5689f8a3c4,required_tokens + skeleton_family + delimiter_integrity + boolean_signal
PG_BOOL_R098_C01,PG_BOOL_R098,Y3,logical_composition,1,base_predicate,6,=|NOT,NOT (INT = INT),b32587f53250e4aa1bc488e5,required_tokens + skeleton_family + delimiter_integrity + boolean_signal
PG_BOOL_R098_C02,PG_BOOL_R098,Y3,logical_composition,2,parenthesized_predicate,6,=|NOT,(NOT (INT = INT)),59612ce7ede89c9e564194a7,required_tokens + skeleton_family + delimiter_integrity + boolean_signal
PG_BOOL_R098_C03,PG_BOOL_R098,Y3,logical_composition,3,negated_inverse_predicate,6,=|NOT,NOT (NOT (INT = INT)),65cc4a261d45276b371f717f,required_tokens + skeleton_family + delimiter_integrity + boolean_signal
PG_BOOL_R098_C04,PG_BOOL_R098,Y3,logical_composition,4,is_true_wrapper,6,=|IS|NOT|TRUE,(NOT (INT = INT)) IS TRUE,7390a0797b1acb74c663c031,required_tokens + skeleton_family + delimiter_integrity + boolean_signal
PG_BOOL_R098_C05,PG_BOOL_R098,Y3,logical_composition,5,is_not_false_wrapper,6,=|FALSE|IS|NOT,(NOT (INT = INT)) IS NOT FALSE,b2aecebf931ac78e79c9e437,required_tokens + skeleton_family + delimiter_integrity + boolean_signal
PG_BOOL_R098_C06,PG_BOOL_R098,Y3,logical_composition,6,case_boolean_wrapper,6,=|CASE|ELSE|END|FALSE|NOT|THEN|TRUE|WHEN,CASE WHEN (NOT (INT = INT)) THEN TRUE ELSE FALSE END,83d0957a88ba4f069e4144ec,required_tokens + skeleton_family + delimiter_integrity + boolean_signal
PG_BOOL_R098_C07,PG_BOOL_R098,Y3,logical_composition,7,and_true_guard,6,=|AND|NOT,(NOT (INT = INT)) AND (INT = INT),6bcc509a6ce2e83c4ee37715,required_tokens + skeleton_family + delimiter_integrity + boolean_signal
PG_BOOL_R098_C08,PG_BOOL_R098,Y3,logical_composition,8,or_false_guard,6,<|<>|=|>|NOT|OR,(NOT (INT = INT)) OR (INT <> INT),5e67bc21cde6de7f26df7e3c,required_tokens + skeleton_family + delimiter_integrity + boolean_signal
PG_BOOL_R098_C09,PG_BOOL_R098,Y3,logical_composition,9,equals_true_wrapper,6,=|NOT|TRUE,((NOT (INT = INT)) = TRUE),b220a61ca796ff82ac18620c,required_tokens + skeleton_family + delimiter_integrity + boolean_signal
PG_BOOL_R098_C10,PG_BOOL_R098,Y3,logical_composition,10,coalesce_false_wrapper,6,=|COALESCE|FALSE|NOT,"COALESCE((NOT (INT = INT)), FALSE)",eae77893d848b45d914d0423,required_tokens + skeleton_family + delimiter_integrity + boolean_signal
PG_BOOL_R099_C01,PG_BOOL_R099,Y3,logical_composition,1,base_predicate,6,=|AND|IS|TRUE,((INT = INT) AND (INT = INT)) IS TRUE,c95e206af400165d0d4c3c82,required_tokens + skeleton_family + delimiter_integrity + boolean_signal
PG_BOOL_R099_C02,PG_BOOL_R099,Y3,logical_composition,2,parenthesized_predicate,6,=|AND|IS|TRUE,(((INT = INT) AND (INT = INT)) IS TRUE),72b628fdde3e45665b7d855d,required_tokens + skeleton_family + delimiter_integrity + boolean_signal
PG_BOOL_R099_C03,PG_BOOL_R099,Y3,logical_composition,3,negated_inverse_predicate,6,=|AND|FALSE|IS|NOT,NOT (((INT = INT) AND (INT = INT)) IS FALSE),c3e2a9abe48e069808eb7b95,required_tokens + skeleton_family + delimiter_integrity + boolean_signal
PG_BOOL_R099_C04,PG_BOOL_R099,Y3,logical_composition,4,is_true_wrapper,6,=|AND|IS|TRUE,(((INT = INT) AND (INT = INT)) IS TRUE) IS TRUE,51368268b672289c44fe2563,required_tokens + skeleton_family + delimiter_integrity + boolean_signal
PG_BOOL_R099_C05,PG_BOOL_R099,Y3,logical_composition,5,is_not_false_wrapper,6,=|AND|FALSE|IS|NOT|TRUE,(((INT = INT) AND (INT = INT)) IS TRUE) IS NOT FALSE,0e6121b28b36e30857f1c2fc,required_tokens + skeleton_family + delimiter_integrity + boolean_signal
PG_BOOL_R099_C06,PG_BOOL_R099,Y3,logical_composition,6,case_boolean_wrapper,6,=|AND|CASE|ELSE|END|FALSE|IS|THEN|TRUE|WHEN,CASE WHEN (((INT = INT) AND (INT = INT)) IS TRUE) THEN TRUE ELSE FALSE END,711c3eae980e515c6c5c2385,required_tokens + skeleton_family + delimiter_integrity + boolean_signal
PG_BOOL_R099_C07,PG_BOOL_R099,Y3,logical_composition,7,and_true_guard,6,=|AND|IS|TRUE,(((INT = INT) AND (INT = INT)) IS TRUE) AND (INT = INT),d1fb7e44032d353d6da34519,required_tokens + skeleton_family + delimiter_integrity + boolean_signal
PG_BOOL_R099_C08,PG_BOOL_R099,Y3,logical_composition,8,or_false_guard,6,<|<>|=|>|AND|IS|OR|TRUE,(((INT = INT) AND (INT = INT)) IS TRUE) OR (INT <> INT),4b581e0acc7de9827d2fed8d,required_tokens + skeleton_family + delimiter_integrity + boolean_signal
PG_BOOL_R099_C09,PG_BOOL_R099,Y3,logical_composition,9,equals_true_wrapper,6,=|AND|IS|TRUE,((((INT = INT) AND (INT = INT)) IS TRUE) = TRUE),bb7145e9beeff4002e7664ee,required_tokens + skeleton_family + delimiter_integrity + boolean_signal
PG_BOOL_R099_C10,PG_BOOL_R099,Y3,logical_composition,10,coalesce_false_wrapper,6,=|AND|COALESCE|FALSE|IS|TRUE,"COALESCE((((INT = INT) AND (INT = INT)) IS TRUE), FALSE)",16a86818a08b3d1613584d4c,required_tokens + skeleton_family + delimiter_integrity + boolean_signal
PG_BOOL_R100_C01,PG_BOOL_R100,Y3,logical_composition,1,base_predicate,6,=|AND|OR,((INT = INT) OR (INT = INT)) AND (INT = INT),3bc2482e662ba26efb685cc9,required_tokens + skeleton_family + delimiter_integrity + boolean_signal
PG_BOOL_R100_C02,PG_BOOL_R100,Y3,logical_composition,2,parenthesized_predicate,6,=|AND|OR,(((INT = INT) OR (INT = INT)) AND (INT = INT)),f38df91b8a8a27b5bc8af583,required_tokens + skeleton_family + delimiter_integrity + boolean_signal
PG_BOOL_R100_C03,PG_BOOL_R100,Y3,logical_composition,3,negated_inverse_predicate,6,=|AND|NOT|OR,NOT (((INT = INT) OR (INT = INT)) AND (INT = INT)),2e962563eb35e906643b2d99,required_tokens + skeleton_family + delimiter_integrity + boolean_signal
PG_BOOL_R100_C04,PG_BOOL_R100,Y3,logical_composition,4,is_true_wrapper,6,=|AND|IS|OR|TRUE,(((INT = INT) OR (INT = INT)) AND (INT = INT)) IS TRUE,ac35f0294187a4d91b917bbf,required_tokens + skeleton_family + delimiter_integrity + boolean_signal
PG_BOOL_R100_C05,PG_BOOL_R100,Y3,logical_composition,5,is_not_false_wrapper,6,=|AND|FALSE|IS|NOT|OR,(((INT = INT) OR (INT = INT)) AND (INT = INT)) IS NOT FALSE,a69eb663937d8ed74a3331bb,required_tokens + skeleton_family + delimiter_integrity + boolean_signal
PG_BOOL_R100_C06,PG_BOOL_R100,Y3,logical_composition,6,case_boolean_wrapper,6,=|AND|CASE|ELSE|END|FALSE|OR|THEN|TRUE|WHEN,CASE WHEN (((INT = INT) OR (INT = INT)) AND (INT = INT)) THEN TRUE ELSE FALSE END,ebfaabd4a8671bb47a3625c0,required_tokens + skeleton_family + delimiter_integrity + boolean_signal
PG_BOOL_R100_C07,PG_BOOL_R100,Y3,logical_composition,7,and_true_guard,6,=|AND|OR,(((INT = INT) OR (INT = INT)) AND (INT = INT)) AND (INT = INT),fff1499348bcce9000c79100,required_tokens + skeleton_family + delimiter_integrity + boolean_signal
PG_BOOL_R100_C08,PG_BOOL_R100,Y3,logical_composition,8,or_false_guard,6,<|<>|=|>|AND|OR,(((INT = INT) OR (INT = INT)) AND (INT = INT)) OR (INT <> INT),f040e0325a23c1ffb663d1aa,required_tokens + skeleton_family + delimiter_integrity + boolean_signal
PG_BOOL_R100_C09,PG_BOOL_R100,Y3,logical_composition,9,equals_true_wrapper,6,=|AND|OR|TRUE,((((INT = INT) OR (INT = INT)) AND (INT = INT)) = TRUE),ec407d62402a57db8d262e20,required_tokens + skeleton_family + delimiter_integrity + boolean_signal
PG_BOOL_R100_C10,PG_BOOL_R100,Y3,logical_composition,10,coalesce_false_wrapper,6,=|AND|COALESCE|FALSE|OR,"COALESCE((((INT = INT) OR (INT = INT)) AND (INT = INT)), FALSE)",8c22afbcd66493079d5049f8,required_tokens + skeleton_family + delimiter_integrity + boolean_signal
