grammar_slots_id,structure_cell_id,root_id,y_level,slot_schema_json,slot_sanity_policy,decode_requirement
PG_BOOL_R001_C01_SLOTS,PG_BOOL_R001_C01,PG_BOOL_R001,Y2,"{""inet"": ""private address sample"", ""integer"": ""1..150 realistic bounded literals"", ""jsonb"": ""small object/array literal"", ""text"": ""short safe ascii tokens"", ""uuid"": ""deterministic UUID literal""}",bounded small literals; no forced 60k+ uniqueness inflation,none_or_normalize_only
PG_BOOL_R001_C02_SLOTS,PG_BOOL_R001_C02,PG_BOOL_R001,Y2,"{""inet"": ""private address sample"", ""integer"": ""1..150 realistic bounded literals"", ""jsonb"": ""small object/array literal"", ""text"": ""short safe ascii tokens"", ""uuid"": ""deterministic UUID literal""}",bounded small literals; no forced 60k+ uniqueness inflation,none_or_normalize_only
PG_BOOL_R001_C03_SLOTS,PG_BOOL_R001_C03,PG_BOOL_R001,Y2,"{""inet"": ""private address sample"", ""integer"": ""1..150 realistic bounded literals"", ""jsonb"": ""small object/array literal"", ""text"": ""short safe ascii tokens"", ""uuid"": ""deterministic UUID literal""}",bounded small literals; no forced 60k+ uniqueness inflation,none_or_normalize_only
PG_BOOL_R001_C04_SLOTS,PG_BOOL_R001_C04,PG_BOOL_R001,Y2,"{""inet"": ""private address sample"", ""integer"": ""1..150 realistic bounded literals"", ""jsonb"": ""small object/array literal"", ""text"": ""short safe ascii tokens"", ""uuid"": ""deterministic UUID literal""}",bounded small literals; no forced 60k+ uniqueness inflation,none_or_normalize_only
PG_BOOL_R001_C05_SLOTS,PG_BOOL_R001_C05,PG_BOOL_R001,Y2,"{""inet"": ""private address sample"", ""integer"": ""1..150 realistic bounded literals"", ""jsonb"": ""small object/array literal"", ""text"": ""short safe ascii tokens"", ""uuid"": ""deterministic UUID literal""}",bounded small literals; no forced 60k+ uniqueness inflation,none_or_normalize_only
PG_BOOL_R001_C06_SLOTS,PG_BOOL_R001_C06,PG_BOOL_R001,Y2,"{""inet"": ""private address sample"", ""integer"": ""1..150 realistic bounded literals"", ""jsonb"": ""small object/array literal"", ""text"": ""short safe ascii tokens"", ""uuid"": ""deterministic UUID literal""}",bounded small literals; no forced 60k+ uniqueness inflation,none_or_normalize_only
PG_BOOL_R001_C07_SLOTS,PG_BOOL_R001_C07,PG_BOOL_R001,Y2,"{""inet"": ""private address sample"", ""integer"": ""1..150 realistic bounded literals"", ""jsonb"": ""small object/array literal"", ""text"": ""short safe ascii tokens"", ""uuid"": ""deterministic UUID literal""}",bounded small literals; no forced 60k+ uniqueness inflation,none_or_normalize_only
PG_BOOL_R001_C08_SLOTS,PG_BOOL_R001_C08,PG_BOOL_R001,Y2,"{""inet"": ""private address sample"", ""integer"": ""1..150 realistic bounded literals"", ""jsonb"": ""small object/array literal"", ""text"": ""short safe ascii tokens"", ""uuid"": ""deterministic UUID literal""}",bounded small literals; no forced 60k+ uniqueness inflation,none_or_normalize_only
PG_BOOL_R001_C09_SLOTS,PG_BOOL_R001_C09,PG_BOOL_R001,Y2,"{""inet"": ""private address sample"", ""integer"": ""1..150 realistic bounded literals"", ""jsonb"": ""small object/array literal"", ""text"": ""short safe ascii tokens"", ""uuid"": ""deterministic UUID literal""}",bounded small literals; no forced 60k+ uniqueness inflation,none_or_normalize_only
PG_BOOL_R001_C10_SLOTS,PG_BOOL_R001_C10,PG_BOOL_R001,Y2,"{""inet"": ""private address sample"", ""integer"": ""1..150 realistic bounded literals"", ""jsonb"": ""small object/array literal"", ""text"": ""short safe ascii tokens"", ""uuid"": ""deterministic UUID literal""}",bounded small literals; no forced 60k+ uniqueness inflation,none_or_normalize_only
PG_BOOL_R002_C01_SLOTS,PG_BOOL_R002_C01,PG_BOOL_R002,Y2,"{""inet"": ""private address sample"", ""integer"": ""1..150 realistic bounded literals"", ""jsonb"": ""small object/array literal"", ""text"": ""short safe ascii tokens"", ""uuid"": ""deterministic UUID literal""}",bounded small literals; no forced 60k+ uniqueness inflation,none_or_normalize_only
PG_BOOL_R002_C02_SLOTS,PG_BOOL_R002_C02,PG_BOOL_R002,Y2,"{""inet"": ""private address sample"", ""integer"": ""1..150 realistic bounded literals"", ""jsonb"": ""small object/array literal"", ""text"": ""short safe ascii tokens"", ""uuid"": ""deterministic UUID literal""}",bounded small literals; no forced 60k+ uniqueness inflation,none_or_normalize_only
PG_BOOL_R002_C03_SLOTS,PG_BOOL_R002_C03,PG_BOOL_R002,Y2,"{""inet"": ""private address sample"", ""integer"": ""1..150 realistic bounded literals"", ""jsonb"": ""small object/array literal"", ""text"": ""short safe ascii tokens"", ""uuid"": ""deterministic UUID literal""}",bounded small literals; no forced 60k+ uniqueness inflation,none_or_normalize_only
PG_BOOL_R002_C04_SLOTS,PG_BOOL_R002_C04,PG_BOOL_R002,Y2,"{""inet"": ""private address sample"", ""integer"": ""1..150 realistic bounded literals"", ""jsonb"": ""small object/array literal"", ""text"": ""short safe ascii tokens"", ""uuid"": ""deterministic UUID literal""}",bounded small literals; no forced 60k+ uniqueness inflation,none_or_normalize_only
PG_BOOL_R002_C05_SLOTS,PG_BOOL_R002_C05,PG_BOOL_R002,Y2,"{""inet"": ""private address sample"", ""integer"": ""1..150 realistic bounded literals"", ""jsonb"": ""small object/array literal"", ""text"": ""short safe ascii tokens"", ""uuid"": ""deterministic UUID literal""}",bounded small literals; no forced 60k+ uniqueness inflation,none_or_normalize_only
PG_BOOL_R002_C06_SLOTS,PG_BOOL_R002_C06,PG_BOOL_R002,Y2,"{""inet"": ""private address sample"", ""integer"": ""1..150 realistic bounded literals"", ""jsonb"": ""small object/array literal"", ""text"": ""short safe ascii tokens"", ""uuid"": ""deterministic UUID literal""}",bounded small literals; no forced 60k+ uniqueness inflation,none_or_normalize_only
PG_BOOL_R002_C07_SLOTS,PG_BOOL_R002_C07,PG_BOOL_R002,Y2,"{""inet"": ""private address sample"", ""integer"": ""1..150 realistic bounded literals"", ""jsonb"": ""small object/array literal"", ""text"": ""short safe ascii tokens"", ""uuid"": ""deterministic UUID literal""}",bounded small literals; no forced 60k+ uniqueness inflation,none_or_normalize_only
PG_BOOL_R002_C08_SLOTS,PG_BOOL_R002_C08,PG_BOOL_R002,Y2,"{""inet"": ""private address sample"", ""integer"": ""1..150 realistic bounded literals"", ""jsonb"": ""small object/array literal"", ""text"": ""short safe ascii tokens"", ""uuid"": ""deterministic UUID literal""}",bounded small literals; no forced 60k+ uniqueness inflation,none_or_normalize_only
PG_BOOL_R002_C09_SLOTS,PG_BOOL_R002_C09,PG_BOOL_R002,Y2,"{""inet"": ""private address sample"", ""integer"": ""1..150 realistic bounded literals"", ""jsonb"": ""small object/array literal"", ""text"": ""short safe ascii tokens"", ""uuid"": ""deterministic UUID literal""}",bounded small literals; no forced 60k+ uniqueness inflation,none_or_normalize_only
PG_BOOL_R002_C10_SLOTS,PG_BOOL_R002_C10,PG_BOOL_R002,Y2,"{""inet"": ""private address sample"", ""integer"": ""1..150 realistic bounded literals"", ""jsonb"": ""small object/array literal"", ""text"": ""short safe ascii tokens"", ""uuid"": ""deterministic UUID literal""}",bounded small literals; no forced 60k+ uniqueness inflation,none_or_normalize_only
PG_BOOL_R003_C01_SLOTS,PG_BOOL_R003_C01,PG_BOOL_R003,Y2,"{""inet"": ""private address sample"", ""integer"": ""1..150 realistic bounded literals"", ""jsonb"": ""small object/array literal"", ""text"": ""short safe ascii tokens"", ""uuid"": ""deterministic UUID literal""}",bounded small literals; no forced 60k+ uniqueness inflation,none_or_normalize_only
PG_BOOL_R003_C02_SLOTS,PG_BOOL_R003_C02,PG_BOOL_R003,Y2,"{""inet"": ""private address sample"", ""integer"": ""1..150 realistic bounded literals"", ""jsonb"": ""small object/array literal"", ""text"": ""short safe ascii tokens"", ""uuid"": ""deterministic UUID literal""}",bounded small literals; no forced 60k+ uniqueness inflation,none_or_normalize_only
PG_BOOL_R003_C03_SLOTS,PG_BOOL_R003_C03,PG_BOOL_R003,Y2,"{""inet"": ""private address sample"", ""integer"": ""1..150 realistic bounded literals"", ""jsonb"": ""small object/array literal"", ""text"": ""short safe ascii tokens"", ""uuid"": ""deterministic UUID literal""}",bounded small literals; no forced 60k+ uniqueness inflation,none_or_normalize_only
PG_BOOL_R003_C04_SLOTS,PG_BOOL_R003_C04,PG_BOOL_R003,Y2,"{""inet"": ""private address sample"", ""integer"": ""1..150 realistic bounded literals"", ""jsonb"": ""small object/array literal"", ""text"": ""short safe ascii tokens"", ""uuid"": ""deterministic UUID literal""}",bounded small literals; no forced 60k+ uniqueness inflation,none_or_normalize_only
PG_BOOL_R003_C05_SLOTS,PG_BOOL_R003_C05,PG_BOOL_R003,Y2,"{""inet"": ""private address sample"", ""integer"": ""1..150 realistic bounded literals"", ""jsonb"": ""small object/array literal"", ""text"": ""short safe ascii tokens"", ""uuid"": ""deterministic UUID literal""}",bounded small literals; no forced 60k+ uniqueness inflation,none_or_normalize_only
PG_BOOL_R003_C06_SLOTS,PG_BOOL_R003_C06,PG_BOOL_R003,Y2,"{""inet"": ""private address sample"", ""integer"": ""1..150 realistic bounded literals"", ""jsonb"": ""small object/array literal"", ""text"": ""short safe ascii tokens"", ""uuid"": ""deterministic UUID literal""}",bounded small literals; no forced 60k+ uniqueness inflation,none_or_normalize_only
PG_BOOL_R003_C07_SLOTS,PG_BOOL_R003_C07,PG_BOOL_R003,Y2,"{""inet"": ""private address sample"", ""integer"": ""1..150 realistic bounded literals"", ""jsonb"": ""small object/array literal"", ""text"": ""short safe ascii tokens"", ""uuid"": ""deterministic UUID literal""}",bounded small literals; no forced 60k+ uniqueness inflation,none_or_normalize_only
PG_BOOL_R003_C08_SLOTS,PG_BOOL_R003_C08,PG_BOOL_R003,Y2,"{""inet"": ""private address sample"", ""integer"": ""1..150 realistic bounded literals"", ""jsonb"": ""small object/array literal"", ""text"": ""short safe ascii tokens"", ""uuid"": ""deterministic UUID literal""}",bounded small literals; no forced 60k+ uniqueness inflation,none_or_normalize_only
PG_BOOL_R003_C09_SLOTS,PG_BOOL_R003_C09,PG_BOOL_R003,Y2,"{""inet"": ""private address sample"", ""integer"": ""1..150 realistic bounded literals"", ""jsonb"": ""small object/array literal"", ""text"": ""short safe ascii tokens"", ""uuid"": ""deterministic UUID literal""}",bounded small literals; no forced 60k+ uniqueness inflation,none_or_normalize_only
PG_BOOL_R003_C10_SLOTS,PG_BOOL_R003_C10,PG_BOOL_R003,Y2,"{""inet"": ""private address sample"", ""integer"": ""1..150 realistic bounded literals"", ""jsonb"": ""small object/array literal"", ""text"": ""short safe ascii tokens"", ""uuid"": ""deterministic UUID literal""}",bounded small literals; no forced 60k+ uniqueness inflation,none_or_normalize_only
PG_BOOL_R004_C01_SLOTS,PG_BOOL_R004_C01,PG_BOOL_R004,Y2,"{""inet"": ""private address sample"", ""integer"": ""1..150 realistic bounded literals"", ""jsonb"": ""small object/array literal"", ""text"": ""short safe ascii tokens"", ""uuid"": ""deterministic UUID literal""}",bounded small literals; no forced 60k+ uniqueness inflation,none_or_normalize_only
PG_BOOL_R004_C02_SLOTS,PG_BOOL_R004_C02,PG_BOOL_R004,Y2,"{""inet"": ""private address sample"", ""integer"": ""1..150 realistic bounded literals"", ""jsonb"": ""small object/array literal"", ""text"": ""short safe ascii tokens"", ""uuid"": ""deterministic UUID literal""}",bounded small literals; no forced 60k+ uniqueness inflation,none_or_normalize_only
PG_BOOL_R004_C03_SLOTS,PG_BOOL_R004_C03,PG_BOOL_R004,Y2,"{""inet"": ""private address sample"", ""integer"": ""1..150 realistic bounded literals"", ""jsonb"": ""small object/array literal"", ""text"": ""short safe ascii tokens"", ""uuid"": ""deterministic UUID literal""}",bounded small literals; no forced 60k+ uniqueness inflation,none_or_normalize_only
PG_BOOL_R004_C04_SLOTS,PG_BOOL_R004_C04,PG_BOOL_R004,Y2,"{""inet"": ""private address sample"", ""integer"": ""1..150 realistic bounded literals"", ""jsonb"": ""small object/array literal"", ""text"": ""short safe ascii tokens"", ""uuid"": ""deterministic UUID literal""}",bounded small literals; no forced 60k+ uniqueness inflation,none_or_normalize_only
PG_BOOL_R004_C05_SLOTS,PG_BOOL_R004_C05,PG_BOOL_R004,Y2,"{""inet"": ""private address sample"", ""integer"": ""1..150 realistic bounded literals"", ""jsonb"": ""small object/array literal"", ""text"": ""short safe ascii tokens"", ""uuid"": ""deterministic UUID literal""}",bounded small literals; no forced 60k+ uniqueness inflation,none_or_normalize_only
PG_BOOL_R004_C06_SLOTS,PG_BOOL_R004_C06,PG_BOOL_R004,Y2,"{""inet"": ""private address sample"", ""integer"": ""1..150 realistic bounded literals"", ""jsonb"": ""small object/array literal"", ""text"": ""short safe ascii tokens"", ""uuid"": ""deterministic UUID literal""}",bounded small literals; no forced 60k+ uniqueness inflation,none_or_normalize_only
PG_BOOL_R004_C07_SLOTS,PG_BOOL_R004_C07,PG_BOOL_R004,Y2,"{""inet"": ""private address sample"", ""integer"": ""1..150 realistic bounded literals"", ""jsonb"": ""small object/array literal"", ""text"": ""short safe ascii tokens"", ""uuid"": ""deterministic UUID literal""}",bounded small literals; no forced 60k+ uniqueness inflation,none_or_normalize_only
PG_BOOL_R004_C08_SLOTS,PG_BOOL_R004_C08,PG_BOOL_R004,Y2,"{""inet"": ""private address sample"", ""integer"": ""1..150 realistic bounded literals"", ""jsonb"": ""small object/array literal"", ""text"": ""short safe ascii tokens"", ""uuid"": ""deterministic UUID literal""}",bounded small literals; no forced 60k+ uniqueness inflation,none_or_normalize_only
PG_BOOL_R004_C09_SLOTS,PG_BOOL_R004_C09,PG_BOOL_R004,Y2,"{""inet"": ""private address sample"", ""integer"": ""1..150 realistic bounded literals"", ""jsonb"": ""small object/array literal"", ""text"": ""short safe ascii tokens"", ""uuid"": ""deterministic UUID literal""}",bounded small literals; no forced 60k+ uniqueness inflation,none_or_normalize_only
PG_BOOL_R004_C10_SLOTS,PG_BOOL_R004_C10,PG_BOOL_R004,Y2,"{""inet"": ""private address sample"", ""integer"": ""1..150 realistic bounded literals"", ""jsonb"": ""small object/array literal"", ""text"": ""short safe ascii tokens"", ""uuid"": ""deterministic UUID literal""}",bounded small literals; no forced 60k+ uniqueness inflation,none_or_normalize_only
PG_BOOL_R005_C01_SLOTS,PG_BOOL_R005_C01,PG_BOOL_R005,Y2,"{""inet"": ""private address sample"", ""integer"": ""1..150 realistic bounded literals"", ""jsonb"": ""small object/array literal"", ""text"": ""short safe ascii tokens"", ""uuid"": ""deterministic UUID literal""}",bounded small literals; no forced 60k+ uniqueness inflation,none_or_normalize_only
PG_BOOL_R005_C02_SLOTS,PG_BOOL_R005_C02,PG_BOOL_R005,Y2,"{""inet"": ""private address sample"", ""integer"": ""1..150 realistic bounded literals"", ""jsonb"": ""small object/array literal"", ""text"": ""short safe ascii tokens"", ""uuid"": ""deterministic UUID literal""}",bounded small literals; no forced 60k+ uniqueness inflation,none_or_normalize_only
PG_BOOL_R005_C03_SLOTS,PG_BOOL_R005_C03,PG_BOOL_R005,Y2,"{""inet"": ""private address sample"", ""integer"": ""1..150 realistic bounded literals"", ""jsonb"": ""small object/array literal"", ""text"": ""short safe ascii tokens"", ""uuid"": ""deterministic UUID literal""}",bounded small literals; no forced 60k+ uniqueness inflation,none_or_normalize_only
PG_BOOL_R005_C04_SLOTS,PG_BOOL_R005_C04,PG_BOOL_R005,Y2,"{""inet"": ""private address sample"", ""integer"": ""1..150 realistic bounded literals"", ""jsonb"": ""small object/array literal"", ""text"": ""short safe ascii tokens"", ""uuid"": ""deterministic UUID literal""}",bounded small literals; no forced 60k+ uniqueness inflation,none_or_normalize_only
PG_BOOL_R005_C05_SLOTS,PG_BOOL_R005_C05,PG_BOOL_R005,Y2,"{""inet"": ""private address sample"", ""integer"": ""1..150 realistic bounded literals"", ""jsonb"": ""small object/array literal"", ""text"": ""short safe ascii tokens"", ""uuid"": ""deterministic UUID literal""}",bounded small literals; no forced 60k+ uniqueness inflation,none_or_normalize_only
PG_BOOL_R005_C06_SLOTS,PG_BOOL_R005_C06,PG_BOOL_R005,Y2,"{""inet"": ""private address sample"", ""integer"": ""1..150 realistic bounded literals"", ""jsonb"": ""small object/array literal"", ""text"": ""short safe ascii tokens"", ""uuid"": ""deterministic UUID literal""}",bounded small literals; no forced 60k+ uniqueness inflation,none_or_normalize_only
PG_BOOL_R005_C07_SLOTS,PG_BOOL_R005_C07,PG_BOOL_R005,Y2,"{""inet"": ""private address sample"", ""integer"": ""1..150 realistic bounded literals"", ""jsonb"": ""small object/array literal"", ""text"": ""short safe ascii tokens"", ""uuid"": ""deterministic UUID literal""}",bounded small literals; no forced 60k+ uniqueness inflation,none_or_normalize_only
PG_BOOL_R005_C08_SLOTS,PG_BOOL_R005_C08,PG_BOOL_R005,Y2,"{""inet"": ""private address sample"", ""integer"": ""1..150 realistic bounded literals"", ""jsonb"": ""small object/array literal"", ""text"": ""short safe ascii tokens"", ""uuid"": ""deterministic UUID literal""}",bounded small literals; no forced 60k+ uniqueness inflation,none_or_normalize_only
PG_BOOL_R005_C09_SLOTS,PG_BOOL_R005_C09,PG_BOOL_R005,Y2,"{""inet"": ""private address sample"", ""integer"": ""1..150 realistic bounded literals"", ""jsonb"": ""small object/array literal"", ""text"": ""short safe ascii tokens"", ""uuid"": ""deterministic UUID literal""}",bounded small literals; no forced 60k+ uniqueness inflation,none_or_normalize_only
PG_BOOL_R005_C10_SLOTS,PG_BOOL_R005_C10,PG_BOOL_R005,Y2,"{""inet"": ""private address sample"", ""integer"": ""1..150 realistic bounded literals"", ""jsonb"": ""small object/array literal"", ""text"": ""short safe ascii tokens"", ""uuid"": ""deterministic UUID literal""}",bounded small literals; no forced 60k+ uniqueness inflation,none_or_normalize_only
PG_BOOL_R006_C01_SLOTS,PG_BOOL_R006_C01,PG_BOOL_R006,Y2,"{""inet"": ""private address sample"", ""integer"": ""1..150 realistic bounded literals"", ""jsonb"": ""small object/array literal"", ""text"": ""short safe ascii tokens"", ""uuid"": ""deterministic UUID literal""}",bounded small literals; no forced 60k+ uniqueness inflation,none_or_normalize_only
PG_BOOL_R006_C02_SLOTS,PG_BOOL_R006_C02,PG_BOOL_R006,Y2,"{""inet"": ""private address sample"", ""integer"": ""1..150 realistic bounded literals"", ""jsonb"": ""small object/array literal"", ""text"": ""short safe ascii tokens"", ""uuid"": ""deterministic UUID literal""}",bounded small literals; no forced 60k+ uniqueness inflation,none_or_normalize_only
PG_BOOL_R006_C03_SLOTS,PG_BOOL_R006_C03,PG_BOOL_R006,Y2,"{""inet"": ""private address sample"", ""integer"": ""1..150 realistic bounded literals"", ""jsonb"": ""small object/array literal"", ""text"": ""short safe ascii tokens"", ""uuid"": ""deterministic UUID literal""}",bounded small literals; no forced 60k+ uniqueness inflation,none_or_normalize_only
PG_BOOL_R006_C04_SLOTS,PG_BOOL_R006_C04,PG_BOOL_R006,Y2,"{""inet"": ""private address sample"", ""integer"": ""1..150 realistic bounded literals"", ""jsonb"": ""small object/array literal"", ""text"": ""short safe ascii tokens"", ""uuid"": ""deterministic UUID literal""}",bounded small literals; no forced 60k+ uniqueness inflation,none_or_normalize_only
PG_BOOL_R006_C05_SLOTS,PG_BOOL_R006_C05,PG_BOOL_R006,Y2,"{""inet"": ""private address sample"", ""integer"": ""1..150 realistic bounded literals"", ""jsonb"": ""small object/array literal"", ""text"": ""short safe ascii tokens"", ""uuid"": ""deterministic UUID literal""}",bounded small literals; no forced 60k+ uniqueness inflation,none_or_normalize_only
PG_BOOL_R006_C06_SLOTS,PG_BOOL_R006_C06,PG_BOOL_R006,Y2,"{""inet"": ""private address sample"", ""integer"": ""1..150 realistic bounded literals"", ""jsonb"": ""small object/array literal"", ""text"": ""short safe ascii tokens"", ""uuid"": ""deterministic UUID literal""}",bounded small literals; no forced 60k+ uniqueness inflation,none_or_normalize_only
PG_BOOL_R006_C07_SLOTS,PG_BOOL_R006_C07,PG_BOOL_R006,Y2,"{""inet"": ""private address sample"", ""integer"": ""1..150 realistic bounded literals"", ""jsonb"": ""small object/array literal"", ""text"": ""short safe ascii tokens"", ""uuid"": ""deterministic UUID literal""}",bounded small literals; no forced 60k+ uniqueness inflation,none_or_normalize_only
PG_BOOL_R006_C08_SLOTS,PG_BOOL_R006_C08,PG_BOOL_R006,Y2,"{""inet"": ""private address sample"", ""integer"": ""1..150 realistic bounded literals"", ""jsonb"": ""small object/array literal"", ""text"": ""short safe ascii tokens"", ""uuid"": ""deterministic UUID literal""}",bounded small literals; no forced 60k+ uniqueness inflation,none_or_normalize_only
PG_BOOL_R006_C09_SLOTS,PG_BOOL_R006_C09,PG_BOOL_R006,Y2,"{""inet"": ""private address sample"", ""integer"": ""1..150 realistic bounded literals"", ""jsonb"": ""small object/array literal"", ""text"": ""short safe ascii tokens"", ""uuid"": ""deterministic UUID literal""}",bounded small literals; no forced 60k+ uniqueness inflation,none_or_normalize_only
PG_BOOL_R006_C10_SLOTS,PG_BOOL_R006_C10,PG_BOOL_R006,Y2,"{""inet"": ""private address sample"", ""integer"": ""1..150 realistic bounded literals"", ""jsonb"": ""small object/array literal"", ""text"": ""short safe ascii tokens"", ""uuid"": ""deterministic UUID literal""}",bounded small literals; no forced 60k+ uniqueness inflation,none_or_normalize_only
PG_BOOL_R007_C01_SLOTS,PG_BOOL_R007_C01,PG_BOOL_R007,Y2,"{""inet"": ""private address sample"", ""integer"": ""1..150 realistic bounded literals"", ""jsonb"": ""small object/array literal"", ""text"": ""short safe ascii tokens"", ""uuid"": ""deterministic UUID literal""}",bounded small literals; no forced 60k+ uniqueness inflation,none_or_normalize_only
PG_BOOL_R007_C02_SLOTS,PG_BOOL_R007_C02,PG_BOOL_R007,Y2,"{""inet"": ""private address sample"", ""integer"": ""1..150 realistic bounded literals"", ""jsonb"": ""small object/array literal"", ""text"": ""short safe ascii tokens"", ""uuid"": ""deterministic UUID literal""}",bounded small literals; no forced 60k+ uniqueness inflation,none_or_normalize_only
PG_BOOL_R007_C03_SLOTS,PG_BOOL_R007_C03,PG_BOOL_R007,Y2,"{""inet"": ""private address sample"", ""integer"": ""1..150 realistic bounded literals"", ""jsonb"": ""small object/array literal"", ""text"": ""short safe ascii tokens"", ""uuid"": ""deterministic UUID literal""}",bounded small literals; no forced 60k+ uniqueness inflation,none_or_normalize_only
PG_BOOL_R007_C04_SLOTS,PG_BOOL_R007_C04,PG_BOOL_R007,Y2,"{""inet"": ""private address sample"", ""integer"": ""1..150 realistic bounded literals"", ""jsonb"": ""small object/array literal"", ""text"": ""short safe ascii tokens"", ""uuid"": ""deterministic UUID literal""}",bounded small literals; no forced 60k+ uniqueness inflation,none_or_normalize_only
PG_BOOL_R007_C05_SLOTS,PG_BOOL_R007_C05,PG_BOOL_R007,Y2,"{""inet"": ""private address sample"", ""integer"": ""1..150 realistic bounded literals"", ""jsonb"": ""small object/array literal"", ""text"": ""short safe ascii tokens"", ""uuid"": ""deterministic UUID literal""}",bounded small literals; no forced 60k+ uniqueness inflation,none_or_normalize_only
PG_BOOL_R007_C06_SLOTS,PG_BOOL_R007_C06,PG_BOOL_R007,Y2,"{""inet"": ""private address sample"", ""integer"": ""1..150 realistic bounded literals"", ""jsonb"": ""small object/array literal"", ""text"": ""short safe ascii tokens"", ""uuid"": ""deterministic UUID literal""}",bounded small literals; no forced 60k+ uniqueness inflation,none_or_normalize_only
PG_BOOL_R007_C07_SLOTS,PG_BOOL_R007_C07,PG_BOOL_R007,Y2,"{""inet"": ""private address sample"", ""integer"": ""1..150 realistic bounded literals"", ""jsonb"": ""small object/array literal"", ""text"": ""short safe ascii tokens"", ""uuid"": ""deterministic UUID literal""}",bounded small literals; no forced 60k+ uniqueness inflation,none_or_normalize_only
PG_BOOL_R007_C08_SLOTS,PG_BOOL_R007_C08,PG_BOOL_R007,Y2,"{""inet"": ""private address sample"", ""integer"": ""1..150 realistic bounded literals"", ""jsonb"": ""small object/array literal"", ""text"": ""short safe ascii tokens"", ""uuid"": ""deterministic UUID literal""}",bounded small literals; no forced 60k+ uniqueness inflation,none_or_normalize_only
PG_BOOL_R007_C09_SLOTS,PG_BOOL_R007_C09,PG_BOOL_R007,Y2,"{""inet"": ""private address sample"", ""integer"": ""1..150 realistic bounded literals"", ""jsonb"": ""small object/array literal"", ""text"": ""short safe ascii tokens"", ""uuid"": ""deterministic UUID literal""}",bounded small literals; no forced 60k+ uniqueness inflation,none_or_normalize_only
PG_BOOL_R007_C10_SLOTS,PG_BOOL_R007_C10,PG_BOOL_R007,Y2,"{""inet"": ""private address sample"", ""integer"": ""1..150 realistic bounded literals"", ""jsonb"": ""small object/array literal"", ""text"": ""short safe ascii tokens"", ""uuid"": ""deterministic UUID literal""}",bounded small literals; no forced 60k+ uniqueness inflation,none_or_normalize_only
PG_BOOL_R008_C01_SLOTS,PG_BOOL_R008_C01,PG_BOOL_R008,Y2,"{""inet"": ""private address sample"", ""integer"": ""1..150 realistic bounded literals"", ""jsonb"": ""small object/array literal"", ""text"": ""short safe ascii tokens"", ""uuid"": ""deterministic UUID literal""}",bounded small literals; no forced 60k+ uniqueness inflation,none_or_normalize_only
PG_BOOL_R008_C02_SLOTS,PG_BOOL_R008_C02,PG_BOOL_R008,Y2,"{""inet"": ""private address sample"", ""integer"": ""1..150 realistic bounded literals"", ""jsonb"": ""small object/array literal"", ""text"": ""short safe ascii tokens"", ""uuid"": ""deterministic UUID literal""}",bounded small literals; no forced 60k+ uniqueness inflation,none_or_normalize_only
PG_BOOL_R008_C03_SLOTS,PG_BOOL_R008_C03,PG_BOOL_R008,Y2,"{""inet"": ""private address sample"", ""integer"": ""1..150 realistic bounded literals"", ""jsonb"": ""small object/array literal"", ""text"": ""short safe ascii tokens"", ""uuid"": ""deterministic UUID literal""}",bounded small literals; no forced 60k+ uniqueness inflation,none_or_normalize_only
PG_BOOL_R008_C04_SLOTS,PG_BOOL_R008_C04,PG_BOOL_R008,Y2,"{""inet"": ""private address sample"", ""integer"": ""1..150 realistic bounded literals"", ""jsonb"": ""small object/array literal"", ""text"": ""short safe ascii tokens"", ""uuid"": ""deterministic UUID literal""}",bounded small literals; no forced 60k+ uniqueness inflation,none_or_normalize_only
PG_BOOL_R008_C05_SLOTS,PG_BOOL_R008_C05,PG_BOOL_R008,Y2,"{""inet"": ""private address sample"", ""integer"": ""1..150 realistic bounded literals"", ""jsonb"": ""small object/array literal"", ""text"": ""short safe ascii tokens"", ""uuid"": ""deterministic UUID literal""}",bounded small literals; no forced 60k+ uniqueness inflation,none_or_normalize_only
PG_BOOL_R008_C06_SLOTS,PG_BOOL_R008_C06,PG_BOOL_R008,Y2,"{""inet"": ""private address sample"", ""integer"": ""1..150 realistic bounded literals"", ""jsonb"": ""small object/array literal"", ""text"": ""short safe ascii tokens"", ""uuid"": ""deterministic UUID literal""}",bounded small literals; no forced 60k+ uniqueness inflation,none_or_normalize_only
PG_BOOL_R008_C07_SLOTS,PG_BOOL_R008_C07,PG_BOOL_R008,Y2,"{""inet"": ""private address sample"", ""integer"": ""1..150 realistic bounded literals"", ""jsonb"": ""small object/array literal"", ""text"": ""short safe ascii tokens"", ""uuid"": ""deterministic UUID literal""}",bounded small literals; no forced 60k+ uniqueness inflation,none_or_normalize_only
PG_BOOL_R008_C08_SLOTS,PG_BOOL_R008_C08,PG_BOOL_R008,Y2,"{""inet"": ""private address sample"", ""integer"": ""1..150 realistic bounded literals"", ""jsonb"": ""small object/array literal"", ""text"": ""short safe ascii tokens"", ""uuid"": ""deterministic UUID literal""}",bounded small literals; no forced 60k+ uniqueness inflation,none_or_normalize_only
PG_BOOL_R008_C09_SLOTS,PG_BOOL_R008_C09,PG_BOOL_R008,Y2,"{""inet"": ""private address sample"", ""integer"": ""1..150 realistic bounded literals"", ""jsonb"": ""small object/array literal"", ""text"": ""short safe ascii tokens"", ""uuid"": ""deterministic UUID literal""}",bounded small literals; no forced 60k+ uniqueness inflation,none_or_normalize_only
PG_BOOL_R008_C10_SLOTS,PG_BOOL_R008_C10,PG_BOOL_R008,Y2,"{""inet"": ""private address sample"", ""integer"": ""1..150 realistic bounded literals"", ""jsonb"": ""small object/array literal"", ""text"": ""short safe ascii tokens"", ""uuid"": ""deterministic UUID literal""}",bounded small literals; no forced 60k+ uniqueness inflation,none_or_normalize_only
PG_BOOL_R009_C01_SLOTS,PG_BOOL_R009_C01,PG_BOOL_R009,Y2,"{""inet"": ""private address sample"", ""integer"": ""1..150 realistic bounded literals"", ""jsonb"": ""small object/array literal"", ""text"": ""short safe ascii tokens"", ""uuid"": ""deterministic UUID literal""}",bounded small literals; no forced 60k+ uniqueness inflation,none_or_normalize_only
PG_BOOL_R009_C02_SLOTS,PG_BOOL_R009_C02,PG_BOOL_R009,Y2,"{""inet"": ""private address sample"", ""integer"": ""1..150 realistic bounded literals"", ""jsonb"": ""small object/array literal"", ""text"": ""short safe ascii tokens"", ""uuid"": ""deterministic UUID literal""}",bounded small literals; no forced 60k+ uniqueness inflation,none_or_normalize_only
PG_BOOL_R009_C03_SLOTS,PG_BOOL_R009_C03,PG_BOOL_R009,Y2,"{""inet"": ""private address sample"", ""integer"": ""1..150 realistic bounded literals"", ""jsonb"": ""small object/array literal"", ""text"": ""short safe ascii tokens"", ""uuid"": ""deterministic UUID literal""}",bounded small literals; no forced 60k+ uniqueness inflation,none_or_normalize_only
PG_BOOL_R009_C04_SLOTS,PG_BOOL_R009_C04,PG_BOOL_R009,Y2,"{""inet"": ""private address sample"", ""integer"": ""1..150 realistic bounded literals"", ""jsonb"": ""small object/array literal"", ""text"": ""short safe ascii tokens"", ""uuid"": ""deterministic UUID literal""}",bounded small literals; no forced 60k+ uniqueness inflation,none_or_normalize_only
PG_BOOL_R009_C05_SLOTS,PG_BOOL_R009_C05,PG_BOOL_R009,Y2,"{""inet"": ""private address sample"", ""integer"": ""1..150 realistic bounded literals"", ""jsonb"": ""small object/array literal"", ""text"": ""short safe ascii tokens"", ""uuid"": ""deterministic UUID literal""}",bounded small literals; no forced 60k+ uniqueness inflation,none_or_normalize_only
PG_BOOL_R009_C06_SLOTS,PG_BOOL_R009_C06,PG_BOOL_R009,Y2,"{""inet"": ""private address sample"", ""integer"": ""1..150 realistic bounded literals"", ""jsonb"": ""small object/array literal"", ""text"": ""short safe ascii tokens"", ""uuid"": ""deterministic UUID literal""}",bounded small literals; no forced 60k+ uniqueness inflation,none_or_normalize_only
PG_BOOL_R009_C07_SLOTS,PG_BOOL_R009_C07,PG_BOOL_R009,Y2,"{""inet"": ""private address sample"", ""integer"": ""1..150 realistic bounded literals"", ""jsonb"": ""small object/array literal"", ""text"": ""short safe ascii tokens"", ""uuid"": ""deterministic UUID literal""}",bounded small literals; no forced 60k+ uniqueness inflation,none_or_normalize_only
PG_BOOL_R009_C08_SLOTS,PG_BOOL_R009_C08,PG_BOOL_R009,Y2,"{""inet"": ""private address sample"", ""integer"": ""1..150 realistic bounded literals"", ""jsonb"": ""small object/array literal"", ""text"": ""short safe ascii tokens"", ""uuid"": ""deterministic UUID literal""}",bounded small literals; no forced 60k+ uniqueness inflation,none_or_normalize_only
PG_BOOL_R009_C09_SLOTS,PG_BOOL_R009_C09,PG_BOOL_R009,Y2,"{""inet"": ""private address sample"", ""integer"": ""1..150 realistic bounded literals"", ""jsonb"": ""small object/array literal"", ""text"": ""short safe ascii tokens"", ""uuid"": ""deterministic UUID literal""}",bounded small literals; no forced 60k+ uniqueness inflation,none_or_normalize_only
PG_BOOL_R009_C10_SLOTS,PG_BOOL_R009_C10,PG_BOOL_R009,Y2,"{""inet"": ""private address sample"", ""integer"": ""1..150 realistic bounded literals"", ""jsonb"": ""small object/array literal"", ""text"": ""short safe ascii tokens"", ""uuid"": ""deterministic UUID literal""}",bounded small literals; no forced 60k+ uniqueness inflation,none_or_normalize_only
PG_BOOL_R010_C01_SLOTS,PG_BOOL_R010_C01,PG_BOOL_R010,Y2,"{""inet"": ""private address sample"", ""integer"": ""1..150 realistic bounded literals"", ""jsonb"": ""small object/array literal"", ""text"": ""short safe ascii tokens"", ""uuid"": ""deterministic UUID literal""}",bounded small literals; no forced 60k+ uniqueness inflation,none_or_normalize_only
PG_BOOL_R010_C02_SLOTS,PG_BOOL_R010_C02,PG_BOOL_R010,Y2,"{""inet"": ""private address sample"", ""integer"": ""1..150 realistic bounded literals"", ""jsonb"": ""small object/array literal"", ""text"": ""short safe ascii tokens"", ""uuid"": ""deterministic UUID literal""}",bounded small literals; no forced 60k+ uniqueness inflation,none_or_normalize_only
PG_BOOL_R010_C03_SLOTS,PG_BOOL_R010_C03,PG_BOOL_R010,Y2,"{""inet"": ""private address sample"", ""integer"": ""1..150 realistic bounded literals"", ""jsonb"": ""small object/array literal"", ""text"": ""short safe ascii tokens"", ""uuid"": ""deterministic UUID literal""}",bounded small literals; no forced 60k+ uniqueness inflation,none_or_normalize_only
PG_BOOL_R010_C04_SLOTS,PG_BOOL_R010_C04,PG_BOOL_R010,Y2,"{""inet"": ""private address sample"", ""integer"": ""1..150 realistic bounded literals"", ""jsonb"": ""small object/array literal"", ""text"": ""short safe ascii tokens"", ""uuid"": ""deterministic UUID literal""}",bounded small literals; no forced 60k+ uniqueness inflation,none_or_normalize_only
PG_BOOL_R010_C05_SLOTS,PG_BOOL_R010_C05,PG_BOOL_R010,Y2,"{""inet"": ""private address sample"", ""integer"": ""1..150 realistic bounded literals"", ""jsonb"": ""small object/array literal"", ""text"": ""short safe ascii tokens"", ""uuid"": ""deterministic UUID literal""}",bounded small literals; no forced 60k+ uniqueness inflation,none_or_normalize_only
PG_BOOL_R010_C06_SLOTS,PG_BOOL_R010_C06,PG_BOOL_R010,Y2,"{""inet"": ""private address sample"", ""integer"": ""1..150 realistic bounded literals"", ""jsonb"": ""small object/array literal"", ""text"": ""short safe ascii tokens"", ""uuid"": ""deterministic UUID literal""}",bounded small literals; no forced 60k+ uniqueness inflation,none_or_normalize_only
PG_BOOL_R010_C07_SLOTS,PG_BOOL_R010_C07,PG_BOOL_R010,Y2,"{""inet"": ""private address sample"", ""integer"": ""1..150 realistic bounded literals"", ""jsonb"": ""small object/array literal"", ""text"": ""short safe ascii tokens"", ""uuid"": ""deterministic UUID literal""}",bounded small literals; no forced 60k+ uniqueness inflation,none_or_normalize_only
PG_BOOL_R010_C08_SLOTS,PG_BOOL_R010_C08,PG_BOOL_R010,Y2,"{""inet"": ""private address sample"", ""integer"": ""1..150 realistic bounded literals"", ""jsonb"": ""small object/array literal"", ""text"": ""short safe ascii tokens"", ""uuid"": ""deterministic UUID literal""}",bounded small literals; no forced 60k+ uniqueness inflation,none_or_normalize_only
PG_BOOL_R010_C09_SLOTS,PG_BOOL_R010_C09,PG_BOOL_R010,Y2,"{""inet"": ""private address sample"", ""integer"": ""1..150 realistic bounded literals"", ""jsonb"": ""small object/array literal"", ""text"": ""short safe ascii tokens"", ""uuid"": ""deterministic UUID literal""}",bounded small literals; no forced 60k+ uniqueness inflation,none_or_normalize_only
PG_BOOL_R010_C10_SLOTS,PG_BOOL_R010_C10,PG_BOOL_R010,Y2,"{""inet"": ""private address sample"", ""integer"": ""1..150 realistic bounded literals"", ""jsonb"": ""small object/array literal"", ""text"": ""short safe ascii tokens"", ""uuid"": ""deterministic UUID literal""}",bounded small literals; no forced 60k+ uniqueness inflation,none_or_normalize_only
PG_BOOL_R011_C01_SLOTS,PG_BOOL_R011_C01,PG_BOOL_R011,Y2,"{""inet"": ""private address sample"", ""integer"": ""1..150 realistic bounded literals"", ""jsonb"": ""small object/array literal"", ""text"": ""short safe ascii tokens"", ""uuid"": ""deterministic UUID literal""}",bounded small literals; no forced 60k+ uniqueness inflation,none_or_normalize_only
PG_BOOL_R011_C02_SLOTS,PG_BOOL_R011_C02,PG_BOOL_R011,Y2,"{""inet"": ""private address sample"", ""integer"": ""1..150 realistic bounded literals"", ""jsonb"": ""small object/array literal"", ""text"": ""short safe ascii tokens"", ""uuid"": ""deterministic UUID literal""}",bounded small literals; no forced 60k+ uniqueness inflation,none_or_normalize_only
PG_BOOL_R011_C03_SLOTS,PG_BOOL_R011_C03,PG_BOOL_R011,Y2,"{""inet"": ""private address sample"", ""integer"": ""1..150 realistic bounded literals"", ""jsonb"": ""small object/array literal"", ""text"": ""short safe ascii tokens"", ""uuid"": ""deterministic UUID literal""}",bounded small literals; no forced 60k+ uniqueness inflation,none_or_normalize_only
PG_BOOL_R011_C04_SLOTS,PG_BOOL_R011_C04,PG_BOOL_R011,Y2,"{""inet"": ""private address sample"", ""integer"": ""1..150 realistic bounded literals"", ""jsonb"": ""small object/array literal"", ""text"": ""short safe ascii tokens"", ""uuid"": ""deterministic UUID literal""}",bounded small literals; no forced 60k+ uniqueness inflation,none_or_normalize_only
PG_BOOL_R011_C05_SLOTS,PG_BOOL_R011_C05,PG_BOOL_R011,Y2,"{""inet"": ""private address sample"", ""integer"": ""1..150 realistic bounded literals"", ""jsonb"": ""small object/array literal"", ""text"": ""short safe ascii tokens"", ""uuid"": ""deterministic UUID literal""}",bounded small literals; no forced 60k+ uniqueness inflation,none_or_normalize_only
PG_BOOL_R011_C06_SLOTS,PG_BOOL_R011_C06,PG_BOOL_R011,Y2,"{""inet"": ""private address sample"", ""integer"": ""1..150 realistic bounded literals"", ""jsonb"": ""small object/array literal"", ""text"": ""short safe ascii tokens"", ""uuid"": ""deterministic UUID literal""}",bounded small literals; no forced 60k+ uniqueness inflation,none_or_normalize_only
PG_BOOL_R011_C07_SLOTS,PG_BOOL_R011_C07,PG_BOOL_R011,Y2,"{""inet"": ""private address sample"", ""integer"": ""1..150 realistic bounded literals"", ""jsonb"": ""small object/array literal"", ""text"": ""short safe ascii tokens"", ""uuid"": ""deterministic UUID literal""}",bounded small literals; no forced 60k+ uniqueness inflation,none_or_normalize_only
PG_BOOL_R011_C08_SLOTS,PG_BOOL_R011_C08,PG_BOOL_R011,Y2,"{""inet"": ""private address sample"", ""integer"": ""1..150 realistic bounded literals"", ""jsonb"": ""small object/array literal"", ""text"": ""short safe ascii tokens"", ""uuid"": ""deterministic UUID literal""}",bounded small literals; no forced 60k+ uniqueness inflation,none_or_normalize_only
PG_BOOL_R011_C09_SLOTS,PG_BOOL_R011_C09,PG_BOOL_R011,Y2,"{""inet"": ""private address sample"", ""integer"": ""1..150 realistic bounded literals"", ""jsonb"": ""small object/array literal"", ""text"": ""short safe ascii tokens"", ""uuid"": ""deterministic UUID literal""}",bounded small literals; no forced 60k+ uniqueness inflation,none_or_normalize_only
PG_BOOL_R011_C10_SLOTS,PG_BOOL_R011_C10,PG_BOOL_R011,Y2,"{""inet"": ""private address sample"", ""integer"": ""1..150 realistic bounded literals"", ""jsonb"": ""small object/array literal"", ""text"": ""short safe ascii tokens"", ""uuid"": ""deterministic UUID literal""}",bounded small literals; no forced 60k+ uniqueness inflation,none_or_normalize_only
PG_BOOL_R012_C01_SLOTS,PG_BOOL_R012_C01,PG_BOOL_R012,Y2,"{""inet"": ""private address sample"", ""integer"": ""1..150 realistic bounded literals"", ""jsonb"": ""small object/array literal"", ""text"": ""short safe ascii tokens"", ""uuid"": ""deterministic UUID literal""}",bounded small literals; no forced 60k+ uniqueness inflation,none_or_normalize_only
PG_BOOL_R012_C02_SLOTS,PG_BOOL_R012_C02,PG_BOOL_R012,Y2,"{""inet"": ""private address sample"", ""integer"": ""1..150 realistic bounded literals"", ""jsonb"": ""small object/array literal"", ""text"": ""short safe ascii tokens"", ""uuid"": ""deterministic UUID literal""}",bounded small literals; no forced 60k+ uniqueness inflation,none_or_normalize_only
PG_BOOL_R012_C03_SLOTS,PG_BOOL_R012_C03,PG_BOOL_R012,Y2,"{""inet"": ""private address sample"", ""integer"": ""1..150 realistic bounded literals"", ""jsonb"": ""small object/array literal"", ""text"": ""short safe ascii tokens"", ""uuid"": ""deterministic UUID literal""}",bounded small literals; no forced 60k+ uniqueness inflation,none_or_normalize_only
PG_BOOL_R012_C04_SLOTS,PG_BOOL_R012_C04,PG_BOOL_R012,Y2,"{""inet"": ""private address sample"", ""integer"": ""1..150 realistic bounded literals"", ""jsonb"": ""small object/array literal"", ""text"": ""short safe ascii tokens"", ""uuid"": ""deterministic UUID literal""}",bounded small literals; no forced 60k+ uniqueness inflation,none_or_normalize_only
PG_BOOL_R012_C05_SLOTS,PG_BOOL_R012_C05,PG_BOOL_R012,Y2,"{""inet"": ""private address sample"", ""integer"": ""1..150 realistic bounded literals"", ""jsonb"": ""small object/array literal"", ""text"": ""short safe ascii tokens"", ""uuid"": ""deterministic UUID literal""}",bounded small literals; no forced 60k+ uniqueness inflation,none_or_normalize_only
PG_BOOL_R012_C06_SLOTS,PG_BOOL_R012_C06,PG_BOOL_R012,Y2,"{""inet"": ""private address sample"", ""integer"": ""1..150 realistic bounded literals"", ""jsonb"": ""small object/array literal"", ""text"": ""short safe ascii tokens"", ""uuid"": ""deterministic UUID literal""}",bounded small literals; no forced 60k+ uniqueness inflation,none_or_normalize_only
PG_BOOL_R012_C07_SLOTS,PG_BOOL_R012_C07,PG_BOOL_R012,Y2,"{""inet"": ""private address sample"", ""integer"": ""1..150 realistic bounded literals"", ""jsonb"": ""small object/array literal"", ""text"": ""short safe ascii tokens"", ""uuid"": ""deterministic UUID literal""}",bounded small literals; no forced 60k+ uniqueness inflation,none_or_normalize_only
PG_BOOL_R012_C08_SLOTS,PG_BOOL_R012_C08,PG_BOOL_R012,Y2,"{""inet"": ""private address sample"", ""integer"": ""1..150 realistic bounded literals"", ""jsonb"": ""small object/array literal"", ""text"": ""short safe ascii tokens"", ""uuid"": ""deterministic UUID literal""}",bounded small literals; no forced 60k+ uniqueness inflation,none_or_normalize_only
PG_BOOL_R012_C09_SLOTS,PG_BOOL_R012_C09,PG_BOOL_R012,Y2,"{""inet"": ""private address sample"", ""integer"": ""1..150 realistic bounded literals"", ""jsonb"": ""small object/array literal"", ""text"": ""short safe ascii tokens"", ""uuid"": ""deterministic UUID literal""}",bounded small literals; no forced 60k+ uniqueness inflation,none_or_normalize_only
PG_BOOL_R012_C10_SLOTS,PG_BOOL_R012_C10,PG_BOOL_R012,Y2,"{""inet"": ""private address sample"", ""integer"": ""1..150 realistic bounded literals"", ""jsonb"": ""small object/array literal"", ""text"": ""short safe ascii tokens"", ""uuid"": ""deterministic UUID literal""}",bounded small literals; no forced 60k+ uniqueness inflation,none_or_normalize_only
PG_BOOL_R013_C01_SLOTS,PG_BOOL_R013_C01,PG_BOOL_R013,Y2,"{""inet"": ""private address sample"", ""integer"": ""1..150 realistic bounded literals"", ""jsonb"": ""small object/array literal"", ""text"": ""short safe ascii tokens"", ""uuid"": ""deterministic UUID literal""}",bounded small literals; no forced 60k+ uniqueness inflation,none_or_normalize_only
PG_BOOL_R013_C02_SLOTS,PG_BOOL_R013_C02,PG_BOOL_R013,Y2,"{""inet"": ""private address sample"", ""integer"": ""1..150 realistic bounded literals"", ""jsonb"": ""small object/array literal"", ""text"": ""short safe ascii tokens"", ""uuid"": ""deterministic UUID literal""}",bounded small literals; no forced 60k+ uniqueness inflation,none_or_normalize_only
PG_BOOL_R013_C03_SLOTS,PG_BOOL_R013_C03,PG_BOOL_R013,Y2,"{""inet"": ""private address sample"", ""integer"": ""1..150 realistic bounded literals"", ""jsonb"": ""small object/array literal"", ""text"": ""short safe ascii tokens"", ""uuid"": ""deterministic UUID literal""}",bounded small literals; no forced 60k+ uniqueness inflation,none_or_normalize_only
PG_BOOL_R013_C04_SLOTS,PG_BOOL_R013_C04,PG_BOOL_R013,Y2,"{""inet"": ""private address sample"", ""integer"": ""1..150 realistic bounded literals"", ""jsonb"": ""small object/array literal"", ""text"": ""short safe ascii tokens"", ""uuid"": ""deterministic UUID literal""}",bounded small literals; no forced 60k+ uniqueness inflation,none_or_normalize_only
PG_BOOL_R013_C05_SLOTS,PG_BOOL_R013_C05,PG_BOOL_R013,Y2,"{""inet"": ""private address sample"", ""integer"": ""1..150 realistic bounded literals"", ""jsonb"": ""small object/array literal"", ""text"": ""short safe ascii tokens"", ""uuid"": ""deterministic UUID literal""}",bounded small literals; no forced 60k+ uniqueness inflation,none_or_normalize_only
PG_BOOL_R013_C06_SLOTS,PG_BOOL_R013_C06,PG_BOOL_R013,Y2,"{""inet"": ""private address sample"", ""integer"": ""1..150 realistic bounded literals"", ""jsonb"": ""small object/array literal"", ""text"": ""short safe ascii tokens"", ""uuid"": ""deterministic UUID literal""}",bounded small literals; no forced 60k+ uniqueness inflation,none_or_normalize_only
PG_BOOL_R013_C07_SLOTS,PG_BOOL_R013_C07,PG_BOOL_R013,Y2,"{""inet"": ""private address sample"", ""integer"": ""1..150 realistic bounded literals"", ""jsonb"": ""small object/array literal"", ""text"": ""short safe ascii tokens"", ""uuid"": ""deterministic UUID literal""}",bounded small literals; no forced 60k+ uniqueness inflation,none_or_normalize_only
PG_BOOL_R013_C08_SLOTS,PG_BOOL_R013_C08,PG_BOOL_R013,Y2,"{""inet"": ""private address sample"", ""integer"": ""1..150 realistic bounded literals"", ""jsonb"": ""small object/array literal"", ""text"": ""short safe ascii tokens"", ""uuid"": ""deterministic UUID literal""}",bounded small literals; no forced 60k+ uniqueness inflation,none_or_normalize_only
PG_BOOL_R013_C09_SLOTS,PG_BOOL_R013_C09,PG_BOOL_R013,Y2,"{""inet"": ""private address sample"", ""integer"": ""1..150 realistic bounded literals"", ""jsonb"": ""small object/array literal"", ""text"": ""short safe ascii tokens"", ""uuid"": ""deterministic UUID literal""}",bounded small literals; no forced 60k+ uniqueness inflation,none_or_normalize_only
PG_BOOL_R013_C10_SLOTS,PG_BOOL_R013_C10,PG_BOOL_R013,Y2,"{""inet"": ""private address sample"", ""integer"": ""1..150 realistic bounded literals"", ""jsonb"": ""small object/array literal"", ""text"": ""short safe ascii tokens"", ""uuid"": ""deterministic UUID literal""}",bounded small literals; no forced 60k+ uniqueness inflation,none_or_normalize_only
PG_BOOL_R014_C01_SLOTS,PG_BOOL_R014_C01,PG_BOOL_R014,Y2,"{""inet"": ""private address sample"", ""integer"": ""1..150 realistic bounded literals"", ""jsonb"": ""small object/array literal"", ""text"": ""short safe ascii tokens"", ""uuid"": ""deterministic UUID literal""}",bounded small literals; no forced 60k+ uniqueness inflation,none_or_normalize_only
PG_BOOL_R014_C02_SLOTS,PG_BOOL_R014_C02,PG_BOOL_R014,Y2,"{""inet"": ""private address sample"", ""integer"": ""1..150 realistic bounded literals"", ""jsonb"": ""small object/array literal"", ""text"": ""short safe ascii tokens"", ""uuid"": ""deterministic UUID literal""}",bounded small literals; no forced 60k+ uniqueness inflation,none_or_normalize_only
PG_BOOL_R014_C03_SLOTS,PG_BOOL_R014_C03,PG_BOOL_R014,Y2,"{""inet"": ""private address sample"", ""integer"": ""1..150 realistic bounded literals"", ""jsonb"": ""small object/array literal"", ""text"": ""short safe ascii tokens"", ""uuid"": ""deterministic UUID literal""}",bounded small literals; no forced 60k+ uniqueness inflation,none_or_normalize_only
PG_BOOL_R014_C04_SLOTS,PG_BOOL_R014_C04,PG_BOOL_R014,Y2,"{""inet"": ""private address sample"", ""integer"": ""1..150 realistic bounded literals"", ""jsonb"": ""small object/array literal"", ""text"": ""short safe ascii tokens"", ""uuid"": ""deterministic UUID literal""}",bounded small literals; no forced 60k+ uniqueness inflation,none_or_normalize_only
PG_BOOL_R014_C05_SLOTS,PG_BOOL_R014_C05,PG_BOOL_R014,Y2,"{""inet"": ""private address sample"", ""integer"": ""1..150 realistic bounded literals"", ""jsonb"": ""small object/array literal"", ""text"": ""short safe ascii tokens"", ""uuid"": ""deterministic UUID literal""}",bounded small literals; no forced 60k+ uniqueness inflation,none_or_normalize_only
PG_BOOL_R014_C06_SLOTS,PG_BOOL_R014_C06,PG_BOOL_R014,Y2,"{""inet"": ""private address sample"", ""integer"": ""1..150 realistic bounded literals"", ""jsonb"": ""small object/array literal"", ""text"": ""short safe ascii tokens"", ""uuid"": ""deterministic UUID literal""}",bounded small literals; no forced 60k+ uniqueness inflation,none_or_normalize_only
PG_BOOL_R014_C07_SLOTS,PG_BOOL_R014_C07,PG_BOOL_R014,Y2,"{""inet"": ""private address sample"", ""integer"": ""1..150 realistic bounded literals"", ""jsonb"": ""small object/array literal"", ""text"": ""short safe ascii tokens"", ""uuid"": ""deterministic UUID literal""}",bounded small literals; no forced 60k+ uniqueness inflation,none_or_normalize_only
PG_BOOL_R014_C08_SLOTS,PG_BOOL_R014_C08,PG_BOOL_R014,Y2,"{""inet"": ""private address sample"", ""integer"": ""1..150 realistic bounded literals"", ""jsonb"": ""small object/array literal"", ""text"": ""short safe ascii tokens"", ""uuid"": ""deterministic UUID literal""}",bounded small literals; no forced 60k+ uniqueness inflation,none_or_normalize_only
PG_BOOL_R014_C09_SLOTS,PG_BOOL_R014_C09,PG_BOOL_R014,Y2,"{""inet"": ""private address sample"", ""integer"": ""1..150 realistic bounded literals"", ""jsonb"": ""small object/array literal"", ""text"": ""short safe ascii tokens"", ""uuid"": ""deterministic UUID literal""}",bounded small literals; no forced 60k+ uniqueness inflation,none_or_normalize_only
PG_BOOL_R014_C10_SLOTS,PG_BOOL_R014_C10,PG_BOOL_R014,Y2,"{""inet"": ""private address sample"", ""integer"": ""1..150 realistic bounded literals"", ""jsonb"": ""small object/array literal"", ""text"": ""short safe ascii tokens"", ""uuid"": ""deterministic UUID literal""}",bounded small literals; no forced 60k+ uniqueness inflation,none_or_normalize_only
PG_BOOL_R015_C01_SLOTS,PG_BOOL_R015_C01,PG_BOOL_R015,Y2,"{""inet"": ""private address sample"", ""integer"": ""1..150 realistic bounded literals"", ""jsonb"": ""small object/array literal"", ""text"": ""short safe ascii tokens"", ""uuid"": ""deterministic UUID literal""}",bounded small literals; no forced 60k+ uniqueness inflation,none_or_normalize_only
PG_BOOL_R015_C02_SLOTS,PG_BOOL_R015_C02,PG_BOOL_R015,Y2,"{""inet"": ""private address sample"", ""integer"": ""1..150 realistic bounded literals"", ""jsonb"": ""small object/array literal"", ""text"": ""short safe ascii tokens"", ""uuid"": ""deterministic UUID literal""}",bounded small literals; no forced 60k+ uniqueness inflation,none_or_normalize_only
PG_BOOL_R015_C03_SLOTS,PG_BOOL_R015_C03,PG_BOOL_R015,Y2,"{""inet"": ""private address sample"", ""integer"": ""1..150 realistic bounded literals"", ""jsonb"": ""small object/array literal"", ""text"": ""short safe ascii tokens"", ""uuid"": ""deterministic UUID literal""}",bounded small literals; no forced 60k+ uniqueness inflation,none_or_normalize_only
PG_BOOL_R015_C04_SLOTS,PG_BOOL_R015_C04,PG_BOOL_R015,Y2,"{""inet"": ""private address sample"", ""integer"": ""1..150 realistic bounded literals"", ""jsonb"": ""small object/array literal"", ""text"": ""short safe ascii tokens"", ""uuid"": ""deterministic UUID literal""}",bounded small literals; no forced 60k+ uniqueness inflation,none_or_normalize_only
PG_BOOL_R015_C05_SLOTS,PG_BOOL_R015_C05,PG_BOOL_R015,Y2,"{""inet"": ""private address sample"", ""integer"": ""1..150 realistic bounded literals"", ""jsonb"": ""small object/array literal"", ""text"": ""short safe ascii tokens"", ""uuid"": ""deterministic UUID literal""}",bounded small literals; no forced 60k+ uniqueness inflation,none_or_normalize_only
PG_BOOL_R015_C06_SLOTS,PG_BOOL_R015_C06,PG_BOOL_R015,Y2,"{""inet"": ""private address sample"", ""integer"": ""1..150 realistic bounded literals"", ""jsonb"": ""small object/array literal"", ""text"": ""short safe ascii tokens"", ""uuid"": ""deterministic UUID literal""}",bounded small literals; no forced 60k+ uniqueness inflation,none_or_normalize_only
PG_BOOL_R015_C07_SLOTS,PG_BOOL_R015_C07,PG_BOOL_R015,Y2,"{""inet"": ""private address sample"", ""integer"": ""1..150 realistic bounded literals"", ""jsonb"": ""small object/array literal"", ""text"": ""short safe ascii tokens"", ""uuid"": ""deterministic UUID literal""}",bounded small literals; no forced 60k+ uniqueness inflation,none_or_normalize_only
PG_BOOL_R015_C08_SLOTS,PG_BOOL_R015_C08,PG_BOOL_R015,Y2,"{""inet"": ""private address sample"", ""integer"": ""1..150 realistic bounded literals"", ""jsonb"": ""small object/array literal"", ""text"": ""short safe ascii tokens"", ""uuid"": ""deterministic UUID literal""}",bounded small literals; no forced 60k+ uniqueness inflation,none_or_normalize_only
PG_BOOL_R015_C09_SLOTS,PG_BOOL_R015_C09,PG_BOOL_R015,Y2,"{""inet"": ""private address sample"", ""integer"": ""1..150 realistic bounded literals"", ""jsonb"": ""small object/array literal"", ""text"": ""short safe ascii tokens"", ""uuid"": ""deterministic UUID literal""}",bounded small literals; no forced 60k+ uniqueness inflation,none_or_normalize_only
PG_BOOL_R015_C10_SLOTS,PG_BOOL_R015_C10,PG_BOOL_R015,Y2,"{""inet"": ""private address sample"", ""integer"": ""1..150 realistic bounded literals"", ""jsonb"": ""small object/array literal"", ""text"": ""short safe ascii tokens"", ""uuid"": ""deterministic UUID literal""}",bounded small literals; no forced 60k+ uniqueness inflation,none_or_normalize_only
PG_BOOL_R016_C01_SLOTS,PG_BOOL_R016_C01,PG_BOOL_R016,Y2,"{""inet"": ""private address sample"", ""integer"": ""1..150 realistic bounded literals"", ""jsonb"": ""small object/array literal"", ""text"": ""short safe ascii tokens"", ""uuid"": ""deterministic UUID literal""}",bounded small literals; no forced 60k+ uniqueness inflation,none_or_normalize_only
PG_BOOL_R016_C02_SLOTS,PG_BOOL_R016_C02,PG_BOOL_R016,Y2,"{""inet"": ""private address sample"", ""integer"": ""1..150 realistic bounded literals"", ""jsonb"": ""small object/array literal"", ""text"": ""short safe ascii tokens"", ""uuid"": ""deterministic UUID literal""}",bounded small literals; no forced 60k+ uniqueness inflation,none_or_normalize_only
PG_BOOL_R016_C03_SLOTS,PG_BOOL_R016_C03,PG_BOOL_R016,Y2,"{""inet"": ""private address sample"", ""integer"": ""1..150 realistic bounded literals"", ""jsonb"": ""small object/array literal"", ""text"": ""short safe ascii tokens"", ""uuid"": ""deterministic UUID literal""}",bounded small literals; no forced 60k+ uniqueness inflation,none_or_normalize_only
PG_BOOL_R016_C04_SLOTS,PG_BOOL_R016_C04,PG_BOOL_R016,Y2,"{""inet"": ""private address sample"", ""integer"": ""1..150 realistic bounded literals"", ""jsonb"": ""small object/array literal"", ""text"": ""short safe ascii tokens"", ""uuid"": ""deterministic UUID literal""}",bounded small literals; no forced 60k+ uniqueness inflation,none_or_normalize_only
PG_BOOL_R016_C05_SLOTS,PG_BOOL_R016_C05,PG_BOOL_R016,Y2,"{""inet"": ""private address sample"", ""integer"": ""1..150 realistic bounded literals"", ""jsonb"": ""small object/array literal"", ""text"": ""short safe ascii tokens"", ""uuid"": ""deterministic UUID literal""}",bounded small literals; no forced 60k+ uniqueness inflation,none_or_normalize_only
PG_BOOL_R016_C06_SLOTS,PG_BOOL_R016_C06,PG_BOOL_R016,Y2,"{""inet"": ""private address sample"", ""integer"": ""1..150 realistic bounded literals"", ""jsonb"": ""small object/array literal"", ""text"": ""short safe ascii tokens"", ""uuid"": ""deterministic UUID literal""}",bounded small literals; no forced 60k+ uniqueness inflation,none_or_normalize_only
PG_BOOL_R016_C07_SLOTS,PG_BOOL_R016_C07,PG_BOOL_R016,Y2,"{""inet"": ""private address sample"", ""integer"": ""1..150 realistic bounded literals"", ""jsonb"": ""small object/array literal"", ""text"": ""short safe ascii tokens"", ""uuid"": ""deterministic UUID literal""}",bounded small literals; no forced 60k+ uniqueness inflation,none_or_normalize_only
PG_BOOL_R016_C08_SLOTS,PG_BOOL_R016_C08,PG_BOOL_R016,Y2,"{""inet"": ""private address sample"", ""integer"": ""1..150 realistic bounded literals"", ""jsonb"": ""small object/array literal"", ""text"": ""short safe ascii tokens"", ""uuid"": ""deterministic UUID literal""}",bounded small literals; no forced 60k+ uniqueness inflation,none_or_normalize_only
PG_BOOL_R016_C09_SLOTS,PG_BOOL_R016_C09,PG_BOOL_R016,Y2,"{""inet"": ""private address sample"", ""integer"": ""1..150 realistic bounded literals"", ""jsonb"": ""small object/array literal"", ""text"": ""short safe ascii tokens"", ""uuid"": ""deterministic UUID literal""}",bounded small literals; no forced 60k+ uniqueness inflation,none_or_normalize_only
PG_BOOL_R016_C10_SLOTS,PG_BOOL_R016_C10,PG_BOOL_R016,Y2,"{""inet"": ""private address sample"", ""integer"": ""1..150 realistic bounded literals"", ""jsonb"": ""small object/array literal"", ""text"": ""short safe ascii tokens"", ""uuid"": ""deterministic UUID literal""}",bounded small literals; no forced 60k+ uniqueness inflation,none_or_normalize_only
PG_BOOL_R017_C01_SLOTS,PG_BOOL_R017_C01,PG_BOOL_R017,Y2,"{""inet"": ""private address sample"", ""integer"": ""1..150 realistic bounded literals"", ""jsonb"": ""small object/array literal"", ""text"": ""short safe ascii tokens"", ""uuid"": ""deterministic UUID literal""}",bounded small literals; no forced 60k+ uniqueness inflation,none_or_normalize_only
PG_BOOL_R017_C02_SLOTS,PG_BOOL_R017_C02,PG_BOOL_R017,Y2,"{""inet"": ""private address sample"", ""integer"": ""1..150 realistic bounded literals"", ""jsonb"": ""small object/array literal"", ""text"": ""short safe ascii tokens"", ""uuid"": ""deterministic UUID literal""}",bounded small literals; no forced 60k+ uniqueness inflation,none_or_normalize_only
PG_BOOL_R017_C03_SLOTS,PG_BOOL_R017_C03,PG_BOOL_R017,Y2,"{""inet"": ""private address sample"", ""integer"": ""1..150 realistic bounded literals"", ""jsonb"": ""small object/array literal"", ""text"": ""short safe ascii tokens"", ""uuid"": ""deterministic UUID literal""}",bounded small literals; no forced 60k+ uniqueness inflation,none_or_normalize_only
PG_BOOL_R017_C04_SLOTS,PG_BOOL_R017_C04,PG_BOOL_R017,Y2,"{""inet"": ""private address sample"", ""integer"": ""1..150 realistic bounded literals"", ""jsonb"": ""small object/array literal"", ""text"": ""short safe ascii tokens"", ""uuid"": ""deterministic UUID literal""}",bounded small literals; no forced 60k+ uniqueness inflation,none_or_normalize_only
PG_BOOL_R017_C05_SLOTS,PG_BOOL_R017_C05,PG_BOOL_R017,Y2,"{""inet"": ""private address sample"", ""integer"": ""1..150 realistic bounded literals"", ""jsonb"": ""small object/array literal"", ""text"": ""short safe ascii tokens"", ""uuid"": ""deterministic UUID literal""}",bounded small literals; no forced 60k+ uniqueness inflation,none_or_normalize_only
PG_BOOL_R017_C06_SLOTS,PG_BOOL_R017_C06,PG_BOOL_R017,Y2,"{""inet"": ""private address sample"", ""integer"": ""1..150 realistic bounded literals"", ""jsonb"": ""small object/array literal"", ""text"": ""short safe ascii tokens"", ""uuid"": ""deterministic UUID literal""}",bounded small literals; no forced 60k+ uniqueness inflation,none_or_normalize_only
PG_BOOL_R017_C07_SLOTS,PG_BOOL_R017_C07,PG_BOOL_R017,Y2,"{""inet"": ""private address sample"", ""integer"": ""1..150 realistic bounded literals"", ""jsonb"": ""small object/array literal"", ""text"": ""short safe ascii tokens"", ""uuid"": ""deterministic UUID literal""}",bounded small literals; no forced 60k+ uniqueness inflation,none_or_normalize_only
PG_BOOL_R017_C08_SLOTS,PG_BOOL_R017_C08,PG_BOOL_R017,Y2,"{""inet"": ""private address sample"", ""integer"": ""1..150 realistic bounded literals"", ""jsonb"": ""small object/array literal"", ""text"": ""short safe ascii tokens"", ""uuid"": ""deterministic UUID literal""}",bounded small literals; no forced 60k+ uniqueness inflation,none_or_normalize_only
PG_BOOL_R017_C09_SLOTS,PG_BOOL_R017_C09,PG_BOOL_R017,Y2,"{""inet"": ""private address sample"", ""integer"": ""1..150 realistic bounded literals"", ""jsonb"": ""small object/array literal"", ""text"": ""short safe ascii tokens"", ""uuid"": ""deterministic UUID literal""}",bounded small literals; no forced 60k+ uniqueness inflation,none_or_normalize_only
PG_BOOL_R017_C10_SLOTS,PG_BOOL_R017_C10,PG_BOOL_R017,Y2,"{""inet"": ""private address sample"", ""integer"": ""1..150 realistic bounded literals"", ""jsonb"": ""small object/array literal"", ""text"": ""short safe ascii tokens"", ""uuid"": ""deterministic UUID literal""}",bounded small literals; no forced 60k+ uniqueness inflation,none_or_normalize_only
PG_BOOL_R018_C01_SLOTS,PG_BOOL_R018_C01,PG_BOOL_R018,Y2,"{""inet"": ""private address sample"", ""integer"": ""1..150 realistic bounded literals"", ""jsonb"": ""small object/array literal"", ""text"": ""short safe ascii tokens"", ""uuid"": ""deterministic UUID literal""}",bounded small literals; no forced 60k+ uniqueness inflation,none_or_normalize_only
PG_BOOL_R018_C02_SLOTS,PG_BOOL_R018_C02,PG_BOOL_R018,Y2,"{""inet"": ""private address sample"", ""integer"": ""1..150 realistic bounded literals"", ""jsonb"": ""small object/array literal"", ""text"": ""short safe ascii tokens"", ""uuid"": ""deterministic UUID literal""}",bounded small literals; no forced 60k+ uniqueness inflation,none_or_normalize_only
PG_BOOL_R018_C03_SLOTS,PG_BOOL_R018_C03,PG_BOOL_R018,Y2,"{""inet"": ""private address sample"", ""integer"": ""1..150 realistic bounded literals"", ""jsonb"": ""small object/array literal"", ""text"": ""short safe ascii tokens"", ""uuid"": ""deterministic UUID literal""}",bounded small literals; no forced 60k+ uniqueness inflation,none_or_normalize_only
PG_BOOL_R018_C04_SLOTS,PG_BOOL_R018_C04,PG_BOOL_R018,Y2,"{""inet"": ""private address sample"", ""integer"": ""1..150 realistic bounded literals"", ""jsonb"": ""small object/array literal"", ""text"": ""short safe ascii tokens"", ""uuid"": ""deterministic UUID literal""}",bounded small literals; no forced 60k+ uniqueness inflation,none_or_normalize_only
PG_BOOL_R018_C05_SLOTS,PG_BOOL_R018_C05,PG_BOOL_R018,Y2,"{""inet"": ""private address sample"", ""integer"": ""1..150 realistic bounded literals"", ""jsonb"": ""small object/array literal"", ""text"": ""short safe ascii tokens"", ""uuid"": ""deterministic UUID literal""}",bounded small literals; no forced 60k+ uniqueness inflation,none_or_normalize_only
PG_BOOL_R018_C06_SLOTS,PG_BOOL_R018_C06,PG_BOOL_R018,Y2,"{""inet"": ""private address sample"", ""integer"": ""1..150 realistic bounded literals"", ""jsonb"": ""small object/array literal"", ""text"": ""short safe ascii tokens"", ""uuid"": ""deterministic UUID literal""}",bounded small literals; no forced 60k+ uniqueness inflation,none_or_normalize_only
PG_BOOL_R018_C07_SLOTS,PG_BOOL_R018_C07,PG_BOOL_R018,Y2,"{""inet"": ""private address sample"", ""integer"": ""1..150 realistic bounded literals"", ""jsonb"": ""small object/array literal"", ""text"": ""short safe ascii tokens"", ""uuid"": ""deterministic UUID literal""}",bounded small literals; no forced 60k+ uniqueness inflation,none_or_normalize_only
PG_BOOL_R018_C08_SLOTS,PG_BOOL_R018_C08,PG_BOOL_R018,Y2,"{""inet"": ""private address sample"", ""integer"": ""1..150 realistic bounded literals"", ""jsonb"": ""small object/array literal"", ""text"": ""short safe ascii tokens"", ""uuid"": ""deterministic UUID literal""}",bounded small literals; no forced 60k+ uniqueness inflation,none_or_normalize_only
PG_BOOL_R018_C09_SLOTS,PG_BOOL_R018_C09,PG_BOOL_R018,Y2,"{""inet"": ""private address sample"", ""integer"": ""1..150 realistic bounded literals"", ""jsonb"": ""small object/array literal"", ""text"": ""short safe ascii tokens"", ""uuid"": ""deterministic UUID literal""}",bounded small literals; no forced 60k+ uniqueness inflation,none_or_normalize_only
PG_BOOL_R018_C10_SLOTS,PG_BOOL_R018_C10,PG_BOOL_R018,Y2,"{""inet"": ""private address sample"", ""integer"": ""1..150 realistic bounded literals"", ""jsonb"": ""small object/array literal"", ""text"": ""short safe ascii tokens"", ""uuid"": ""deterministic UUID literal""}",bounded small literals; no forced 60k+ uniqueness inflation,none_or_normalize_only
PG_BOOL_R019_C01_SLOTS,PG_BOOL_R019_C01,PG_BOOL_R019,Y2,"{""inet"": ""private address sample"", ""integer"": ""1..150 realistic bounded literals"", ""jsonb"": ""small object/array literal"", ""text"": ""short safe ascii tokens"", ""uuid"": ""deterministic UUID literal""}",bounded small literals; no forced 60k+ uniqueness inflation,none_or_normalize_only
PG_BOOL_R019_C02_SLOTS,PG_BOOL_R019_C02,PG_BOOL_R019,Y2,"{""inet"": ""private address sample"", ""integer"": ""1..150 realistic bounded literals"", ""jsonb"": ""small object/array literal"", ""text"": ""short safe ascii tokens"", ""uuid"": ""deterministic UUID literal""}",bounded small literals; no forced 60k+ uniqueness inflation,none_or_normalize_only
PG_BOOL_R019_C03_SLOTS,PG_BOOL_R019_C03,PG_BOOL_R019,Y2,"{""inet"": ""private address sample"", ""integer"": ""1..150 realistic bounded literals"", ""jsonb"": ""small object/array literal"", ""text"": ""short safe ascii tokens"", ""uuid"": ""deterministic UUID literal""}",bounded small literals; no forced 60k+ uniqueness inflation,none_or_normalize_only
PG_BOOL_R019_C04_SLOTS,PG_BOOL_R019_C04,PG_BOOL_R019,Y2,"{""inet"": ""private address sample"", ""integer"": ""1..150 realistic bounded literals"", ""jsonb"": ""small object/array literal"", ""text"": ""short safe ascii tokens"", ""uuid"": ""deterministic UUID literal""}",bounded small literals; no forced 60k+ uniqueness inflation,none_or_normalize_only
PG_BOOL_R019_C05_SLOTS,PG_BOOL_R019_C05,PG_BOOL_R019,Y2,"{""inet"": ""private address sample"", ""integer"": ""1..150 realistic bounded literals"", ""jsonb"": ""small object/array literal"", ""text"": ""short safe ascii tokens"", ""uuid"": ""deterministic UUID literal""}",bounded small literals; no forced 60k+ uniqueness inflation,none_or_normalize_only
PG_BOOL_R019_C06_SLOTS,PG_BOOL_R019_C06,PG_BOOL_R019,Y2,"{""inet"": ""private address sample"", ""integer"": ""1..150 realistic bounded literals"", ""jsonb"": ""small object/array literal"", ""text"": ""short safe ascii tokens"", ""uuid"": ""deterministic UUID literal""}",bounded small literals; no forced 60k+ uniqueness inflation,none_or_normalize_only
PG_BOOL_R019_C07_SLOTS,PG_BOOL_R019_C07,PG_BOOL_R019,Y2,"{""inet"": ""private address sample"", ""integer"": ""1..150 realistic bounded literals"", ""jsonb"": ""small object/array literal"", ""text"": ""short safe ascii tokens"", ""uuid"": ""deterministic UUID literal""}",bounded small literals; no forced 60k+ uniqueness inflation,none_or_normalize_only
PG_BOOL_R019_C08_SLOTS,PG_BOOL_R019_C08,PG_BOOL_R019,Y2,"{""inet"": ""private address sample"", ""integer"": ""1..150 realistic bounded literals"", ""jsonb"": ""small object/array literal"", ""text"": ""short safe ascii tokens"", ""uuid"": ""deterministic UUID literal""}",bounded small literals; no forced 60k+ uniqueness inflation,none_or_normalize_only
PG_BOOL_R019_C09_SLOTS,PG_BOOL_R019_C09,PG_BOOL_R019,Y2,"{""inet"": ""private address sample"", ""integer"": ""1..150 realistic bounded literals"", ""jsonb"": ""small object/array literal"", ""text"": ""short safe ascii tokens"", ""uuid"": ""deterministic UUID literal""}",bounded small literals; no forced 60k+ uniqueness inflation,none_or_normalize_only
PG_BOOL_R019_C10_SLOTS,PG_BOOL_R019_C10,PG_BOOL_R019,Y2,"{""inet"": ""private address sample"", ""integer"": ""1..150 realistic bounded literals"", ""jsonb"": ""small object/array literal"", ""text"": ""short safe ascii tokens"", ""uuid"": ""deterministic UUID literal""}",bounded small literals; no forced 60k+ uniqueness inflation,none_or_normalize_only
PG_BOOL_R020_C01_SLOTS,PG_BOOL_R020_C01,PG_BOOL_R020,Y2,"{""inet"": ""private address sample"", ""integer"": ""1..150 realistic bounded literals"", ""jsonb"": ""small object/array literal"", ""text"": ""short safe ascii tokens"", ""uuid"": ""deterministic UUID literal""}",bounded small literals; no forced 60k+ uniqueness inflation,none_or_normalize_only
PG_BOOL_R020_C02_SLOTS,PG_BOOL_R020_C02,PG_BOOL_R020,Y2,"{""inet"": ""private address sample"", ""integer"": ""1..150 realistic bounded literals"", ""jsonb"": ""small object/array literal"", ""text"": ""short safe ascii tokens"", ""uuid"": ""deterministic UUID literal""}",bounded small literals; no forced 60k+ uniqueness inflation,none_or_normalize_only
PG_BOOL_R020_C03_SLOTS,PG_BOOL_R020_C03,PG_BOOL_R020,Y2,"{""inet"": ""private address sample"", ""integer"": ""1..150 realistic bounded literals"", ""jsonb"": ""small object/array literal"", ""text"": ""short safe ascii tokens"", ""uuid"": ""deterministic UUID literal""}",bounded small literals; no forced 60k+ uniqueness inflation,none_or_normalize_only
PG_BOOL_R020_C04_SLOTS,PG_BOOL_R020_C04,PG_BOOL_R020,Y2,"{""inet"": ""private address sample"", ""integer"": ""1..150 realistic bounded literals"", ""jsonb"": ""small object/array literal"", ""text"": ""short safe ascii tokens"", ""uuid"": ""deterministic UUID literal""}",bounded small literals; no forced 60k+ uniqueness inflation,none_or_normalize_only
PG_BOOL_R020_C05_SLOTS,PG_BOOL_R020_C05,PG_BOOL_R020,Y2,"{""inet"": ""private address sample"", ""integer"": ""1..150 realistic bounded literals"", ""jsonb"": ""small object/array literal"", ""text"": ""short safe ascii tokens"", ""uuid"": ""deterministic UUID literal""}",bounded small literals; no forced 60k+ uniqueness inflation,none_or_normalize_only
PG_BOOL_R020_C06_SLOTS,PG_BOOL_R020_C06,PG_BOOL_R020,Y2,"{""inet"": ""private address sample"", ""integer"": ""1..150 realistic bounded literals"", ""jsonb"": ""small object/array literal"", ""text"": ""short safe ascii tokens"", ""uuid"": ""deterministic UUID literal""}",bounded small literals; no forced 60k+ uniqueness inflation,none_or_normalize_only
PG_BOOL_R020_C07_SLOTS,PG_BOOL_R020_C07,PG_BOOL_R020,Y2,"{""inet"": ""private address sample"", ""integer"": ""1..150 realistic bounded literals"", ""jsonb"": ""small object/array literal"", ""text"": ""short safe ascii tokens"", ""uuid"": ""deterministic UUID literal""}",bounded small literals; no forced 60k+ uniqueness inflation,none_or_normalize_only
PG_BOOL_R020_C08_SLOTS,PG_BOOL_R020_C08,PG_BOOL_R020,Y2,"{""inet"": ""private address sample"", ""integer"": ""1..150 realistic bounded literals"", ""jsonb"": ""small object/array literal"", ""text"": ""short safe ascii tokens"", ""uuid"": ""deterministic UUID literal""}",bounded small literals; no forced 60k+ uniqueness inflation,none_or_normalize_only
PG_BOOL_R020_C09_SLOTS,PG_BOOL_R020_C09,PG_BOOL_R020,Y2,"{""inet"": ""private address sample"", ""integer"": ""1..150 realistic bounded literals"", ""jsonb"": ""small object/array literal"", ""text"": ""short safe ascii tokens"", ""uuid"": ""deterministic UUID literal""}",bounded small literals; no forced 60k+ uniqueness inflation,none_or_normalize_only
PG_BOOL_R020_C10_SLOTS,PG_BOOL_R020_C10,PG_BOOL_R020,Y2,"{""inet"": ""private address sample"", ""integer"": ""1..150 realistic bounded literals"", ""jsonb"": ""small object/array literal"", ""text"": ""short safe ascii tokens"", ""uuid"": ""deterministic UUID literal""}",bounded small literals; no forced 60k+ uniqueness inflation,none_or_normalize_only
PG_BOOL_R021_C01_SLOTS,PG_BOOL_R021_C01,PG_BOOL_R021,Y2,"{""inet"": ""private address sample"", ""integer"": ""1..150 realistic bounded literals"", ""jsonb"": ""small object/array literal"", ""text"": ""short safe ascii tokens"", ""uuid"": ""deterministic UUID literal""}",bounded small literals; no forced 60k+ uniqueness inflation,none_or_normalize_only
PG_BOOL_R021_C02_SLOTS,PG_BOOL_R021_C02,PG_BOOL_R021,Y2,"{""inet"": ""private address sample"", ""integer"": ""1..150 realistic bounded literals"", ""jsonb"": ""small object/array literal"", ""text"": ""short safe ascii tokens"", ""uuid"": ""deterministic UUID literal""}",bounded small literals; no forced 60k+ uniqueness inflation,none_or_normalize_only
PG_BOOL_R021_C03_SLOTS,PG_BOOL_R021_C03,PG_BOOL_R021,Y2,"{""inet"": ""private address sample"", ""integer"": ""1..150 realistic bounded literals"", ""jsonb"": ""small object/array literal"", ""text"": ""short safe ascii tokens"", ""uuid"": ""deterministic UUID literal""}",bounded small literals; no forced 60k+ uniqueness inflation,none_or_normalize_only
PG_BOOL_R021_C04_SLOTS,PG_BOOL_R021_C04,PG_BOOL_R021,Y2,"{""inet"": ""private address sample"", ""integer"": ""1..150 realistic bounded literals"", ""jsonb"": ""small object/array literal"", ""text"": ""short safe ascii tokens"", ""uuid"": ""deterministic UUID literal""}",bounded small literals; no forced 60k+ uniqueness inflation,none_or_normalize_only
PG_BOOL_R021_C05_SLOTS,PG_BOOL_R021_C05,PG_BOOL_R021,Y2,"{""inet"": ""private address sample"", ""integer"": ""1..150 realistic bounded literals"", ""jsonb"": ""small object/array literal"", ""text"": ""short safe ascii tokens"", ""uuid"": ""deterministic UUID literal""}",bounded small literals; no forced 60k+ uniqueness inflation,none_or_normalize_only
PG_BOOL_R021_C06_SLOTS,PG_BOOL_R021_C06,PG_BOOL_R021,Y2,"{""inet"": ""private address sample"", ""integer"": ""1..150 realistic bounded literals"", ""jsonb"": ""small object/array literal"", ""text"": ""short safe ascii tokens"", ""uuid"": ""deterministic UUID literal""}",bounded small literals; no forced 60k+ uniqueness inflation,none_or_normalize_only
PG_BOOL_R021_C07_SLOTS,PG_BOOL_R021_C07,PG_BOOL_R021,Y2,"{""inet"": ""private address sample"", ""integer"": ""1..150 realistic bounded literals"", ""jsonb"": ""small object/array literal"", ""text"": ""short safe ascii tokens"", ""uuid"": ""deterministic UUID literal""}",bounded small literals; no forced 60k+ uniqueness inflation,none_or_normalize_only
PG_BOOL_R021_C08_SLOTS,PG_BOOL_R021_C08,PG_BOOL_R021,Y2,"{""inet"": ""private address sample"", ""integer"": ""1..150 realistic bounded literals"", ""jsonb"": ""small object/array literal"", ""text"": ""short safe ascii tokens"", ""uuid"": ""deterministic UUID literal""}",bounded small literals; no forced 60k+ uniqueness inflation,none_or_normalize_only
PG_BOOL_R021_C09_SLOTS,PG_BOOL_R021_C09,PG_BOOL_R021,Y2,"{""inet"": ""private address sample"", ""integer"": ""1..150 realistic bounded literals"", ""jsonb"": ""small object/array literal"", ""text"": ""short safe ascii tokens"", ""uuid"": ""deterministic UUID literal""}",bounded small literals; no forced 60k+ uniqueness inflation,none_or_normalize_only
PG_BOOL_R021_C10_SLOTS,PG_BOOL_R021_C10,PG_BOOL_R021,Y2,"{""inet"": ""private address sample"", ""integer"": ""1..150 realistic bounded literals"", ""jsonb"": ""small object/array literal"", ""text"": ""short safe ascii tokens"", ""uuid"": ""deterministic UUID literal""}",bounded small literals; no forced 60k+ uniqueness inflation,none_or_normalize_only
PG_BOOL_R022_C01_SLOTS,PG_BOOL_R022_C01,PG_BOOL_R022,Y2,"{""inet"": ""private address sample"", ""integer"": ""1..150 realistic bounded literals"", ""jsonb"": ""small object/array literal"", ""text"": ""short safe ascii tokens"", ""uuid"": ""deterministic UUID literal""}",bounded small literals; no forced 60k+ uniqueness inflation,none_or_normalize_only
PG_BOOL_R022_C02_SLOTS,PG_BOOL_R022_C02,PG_BOOL_R022,Y2,"{""inet"": ""private address sample"", ""integer"": ""1..150 realistic bounded literals"", ""jsonb"": ""small object/array literal"", ""text"": ""short safe ascii tokens"", ""uuid"": ""deterministic UUID literal""}",bounded small literals; no forced 60k+ uniqueness inflation,none_or_normalize_only
PG_BOOL_R022_C03_SLOTS,PG_BOOL_R022_C03,PG_BOOL_R022,Y2,"{""inet"": ""private address sample"", ""integer"": ""1..150 realistic bounded literals"", ""jsonb"": ""small object/array literal"", ""text"": ""short safe ascii tokens"", ""uuid"": ""deterministic UUID literal""}",bounded small literals; no forced 60k+ uniqueness inflation,none_or_normalize_only
PG_BOOL_R022_C04_SLOTS,PG_BOOL_R022_C04,PG_BOOL_R022,Y2,"{""inet"": ""private address sample"", ""integer"": ""1..150 realistic bounded literals"", ""jsonb"": ""small object/array literal"", ""text"": ""short safe ascii tokens"", ""uuid"": ""deterministic UUID literal""}",bounded small literals; no forced 60k+ uniqueness inflation,none_or_normalize_only
PG_BOOL_R022_C05_SLOTS,PG_BOOL_R022_C05,PG_BOOL_R022,Y2,"{""inet"": ""private address sample"", ""integer"": ""1..150 realistic bounded literals"", ""jsonb"": ""small object/array literal"", ""text"": ""short safe ascii tokens"", ""uuid"": ""deterministic UUID literal""}",bounded small literals; no forced 60k+ uniqueness inflation,none_or_normalize_only
PG_BOOL_R022_C06_SLOTS,PG_BOOL_R022_C06,PG_BOOL_R022,Y2,"{""inet"": ""private address sample"", ""integer"": ""1..150 realistic bounded literals"", ""jsonb"": ""small object/array literal"", ""text"": ""short safe ascii tokens"", ""uuid"": ""deterministic UUID literal""}",bounded small literals; no forced 60k+ uniqueness inflation,none_or_normalize_only
PG_BOOL_R022_C07_SLOTS,PG_BOOL_R022_C07,PG_BOOL_R022,Y2,"{""inet"": ""private address sample"", ""integer"": ""1..150 realistic bounded literals"", ""jsonb"": ""small object/array literal"", ""text"": ""short safe ascii tokens"", ""uuid"": ""deterministic UUID literal""}",bounded small literals; no forced 60k+ uniqueness inflation,none_or_normalize_only
PG_BOOL_R022_C08_SLOTS,PG_BOOL_R022_C08,PG_BOOL_R022,Y2,"{""inet"": ""private address sample"", ""integer"": ""1..150 realistic bounded literals"", ""jsonb"": ""small object/array literal"", ""text"": ""short safe ascii tokens"", ""uuid"": ""deterministic UUID literal""}",bounded small literals; no forced 60k+ uniqueness inflation,none_or_normalize_only
PG_BOOL_R022_C09_SLOTS,PG_BOOL_R022_C09,PG_BOOL_R022,Y2,"{""inet"": ""private address sample"", ""integer"": ""1..150 realistic bounded literals"", ""jsonb"": ""small object/array literal"", ""text"": ""short safe ascii tokens"", ""uuid"": ""deterministic UUID literal""}",bounded small literals; no forced 60k+ uniqueness inflation,none_or_normalize_only
PG_BOOL_R022_C10_SLOTS,PG_BOOL_R022_C10,PG_BOOL_R022,Y2,"{""inet"": ""private address sample"", ""integer"": ""1..150 realistic bounded literals"", ""jsonb"": ""small object/array literal"", ""text"": ""short safe ascii tokens"", ""uuid"": ""deterministic UUID literal""}",bounded small literals; no forced 60k+ uniqueness inflation,none_or_normalize_only
PG_BOOL_R023_C01_SLOTS,PG_BOOL_R023_C01,PG_BOOL_R023,Y2,"{""inet"": ""private address sample"", ""integer"": ""1..150 realistic bounded literals"", ""jsonb"": ""small object/array literal"", ""text"": ""short safe ascii tokens"", ""uuid"": ""deterministic UUID literal""}",bounded small literals; no forced 60k+ uniqueness inflation,none_or_normalize_only
PG_BOOL_R023_C02_SLOTS,PG_BOOL_R023_C02,PG_BOOL_R023,Y2,"{""inet"": ""private address sample"", ""integer"": ""1..150 realistic bounded literals"", ""jsonb"": ""small object/array literal"", ""text"": ""short safe ascii tokens"", ""uuid"": ""deterministic UUID literal""}",bounded small literals; no forced 60k+ uniqueness inflation,none_or_normalize_only
PG_BOOL_R023_C03_SLOTS,PG_BOOL_R023_C03,PG_BOOL_R023,Y2,"{""inet"": ""private address sample"", ""integer"": ""1..150 realistic bounded literals"", ""jsonb"": ""small object/array literal"", ""text"": ""short safe ascii tokens"", ""uuid"": ""deterministic UUID literal""}",bounded small literals; no forced 60k+ uniqueness inflation,none_or_normalize_only
PG_BOOL_R023_C04_SLOTS,PG_BOOL_R023_C04,PG_BOOL_R023,Y2,"{""inet"": ""private address sample"", ""integer"": ""1..150 realistic bounded literals"", ""jsonb"": ""small object/array literal"", ""text"": ""short safe ascii tokens"", ""uuid"": ""deterministic UUID literal""}",bounded small literals; no forced 60k+ uniqueness inflation,none_or_normalize_only
PG_BOOL_R023_C05_SLOTS,PG_BOOL_R023_C05,PG_BOOL_R023,Y2,"{""inet"": ""private address sample"", ""integer"": ""1..150 realistic bounded literals"", ""jsonb"": ""small object/array literal"", ""text"": ""short safe ascii tokens"", ""uuid"": ""deterministic UUID literal""}",bounded small literals; no forced 60k+ uniqueness inflation,none_or_normalize_only
PG_BOOL_R023_C06_SLOTS,PG_BOOL_R023_C06,PG_BOOL_R023,Y2,"{""inet"": ""private address sample"", ""integer"": ""1..150 realistic bounded literals"", ""jsonb"": ""small object/array literal"", ""text"": ""short safe ascii tokens"", ""uuid"": ""deterministic UUID literal""}",bounded small literals; no forced 60k+ uniqueness inflation,none_or_normalize_only
PG_BOOL_R023_C07_SLOTS,PG_BOOL_R023_C07,PG_BOOL_R023,Y2,"{""inet"": ""private address sample"", ""integer"": ""1..150 realistic bounded literals"", ""jsonb"": ""small object/array literal"", ""text"": ""short safe ascii tokens"", ""uuid"": ""deterministic UUID literal""}",bounded small literals; no forced 60k+ uniqueness inflation,none_or_normalize_only
PG_BOOL_R023_C08_SLOTS,PG_BOOL_R023_C08,PG_BOOL_R023,Y2,"{""inet"": ""private address sample"", ""integer"": ""1..150 realistic bounded literals"", ""jsonb"": ""small object/array literal"", ""text"": ""short safe ascii tokens"", ""uuid"": ""deterministic UUID literal""}",bounded small literals; no forced 60k+ uniqueness inflation,none_or_normalize_only
PG_BOOL_R023_C09_SLOTS,PG_BOOL_R023_C09,PG_BOOL_R023,Y2,"{""inet"": ""private address sample"", ""integer"": ""1..150 realistic bounded literals"", ""jsonb"": ""small object/array literal"", ""text"": ""short safe ascii tokens"", ""uuid"": ""deterministic UUID literal""}",bounded small literals; no forced 60k+ uniqueness inflation,none_or_normalize_only
PG_BOOL_R023_C10_SLOTS,PG_BOOL_R023_C10,PG_BOOL_R023,Y2,"{""inet"": ""private address sample"", ""integer"": ""1..150 realistic bounded literals"", ""jsonb"": ""small object/array literal"", ""text"": ""short safe ascii tokens"", ""uuid"": ""deterministic UUID literal""}",bounded small literals; no forced 60k+ uniqueness inflation,none_or_normalize_only
PG_BOOL_R024_C01_SLOTS,PG_BOOL_R024_C01,PG_BOOL_R024,Y2,"{""inet"": ""private address sample"", ""integer"": ""1..150 realistic bounded literals"", ""jsonb"": ""small object/array literal"", ""text"": ""short safe ascii tokens"", ""uuid"": ""deterministic UUID literal""}",bounded small literals; no forced 60k+ uniqueness inflation,none_or_normalize_only
PG_BOOL_R024_C02_SLOTS,PG_BOOL_R024_C02,PG_BOOL_R024,Y2,"{""inet"": ""private address sample"", ""integer"": ""1..150 realistic bounded literals"", ""jsonb"": ""small object/array literal"", ""text"": ""short safe ascii tokens"", ""uuid"": ""deterministic UUID literal""}",bounded small literals; no forced 60k+ uniqueness inflation,none_or_normalize_only
PG_BOOL_R024_C03_SLOTS,PG_BOOL_R024_C03,PG_BOOL_R024,Y2,"{""inet"": ""private address sample"", ""integer"": ""1..150 realistic bounded literals"", ""jsonb"": ""small object/array literal"", ""text"": ""short safe ascii tokens"", ""uuid"": ""deterministic UUID literal""}",bounded small literals; no forced 60k+ uniqueness inflation,none_or_normalize_only
PG_BOOL_R024_C04_SLOTS,PG_BOOL_R024_C04,PG_BOOL_R024,Y2,"{""inet"": ""private address sample"", ""integer"": ""1..150 realistic bounded literals"", ""jsonb"": ""small object/array literal"", ""text"": ""short safe ascii tokens"", ""uuid"": ""deterministic UUID literal""}",bounded small literals; no forced 60k+ uniqueness inflation,none_or_normalize_only
PG_BOOL_R024_C05_SLOTS,PG_BOOL_R024_C05,PG_BOOL_R024,Y2,"{""inet"": ""private address sample"", ""integer"": ""1..150 realistic bounded literals"", ""jsonb"": ""small object/array literal"", ""text"": ""short safe ascii tokens"", ""uuid"": ""deterministic UUID literal""}",bounded small literals; no forced 60k+ uniqueness inflation,none_or_normalize_only
PG_BOOL_R024_C06_SLOTS,PG_BOOL_R024_C06,PG_BOOL_R024,Y2,"{""inet"": ""private address sample"", ""integer"": ""1..150 realistic bounded literals"", ""jsonb"": ""small object/array literal"", ""text"": ""short safe ascii tokens"", ""uuid"": ""deterministic UUID literal""}",bounded small literals; no forced 60k+ uniqueness inflation,none_or_normalize_only
PG_BOOL_R024_C07_SLOTS,PG_BOOL_R024_C07,PG_BOOL_R024,Y2,"{""inet"": ""private address sample"", ""integer"": ""1..150 realistic bounded literals"", ""jsonb"": ""small object/array literal"", ""text"": ""short safe ascii tokens"", ""uuid"": ""deterministic UUID literal""}",bounded small literals; no forced 60k+ uniqueness inflation,none_or_normalize_only
PG_BOOL_R024_C08_SLOTS,PG_BOOL_R024_C08,PG_BOOL_R024,Y2,"{""inet"": ""private address sample"", ""integer"": ""1..150 realistic bounded literals"", ""jsonb"": ""small object/array literal"", ""text"": ""short safe ascii tokens"", ""uuid"": ""deterministic UUID literal""}",bounded small literals; no forced 60k+ uniqueness inflation,none_or_normalize_only
PG_BOOL_R024_C09_SLOTS,PG_BOOL_R024_C09,PG_BOOL_R024,Y2,"{""inet"": ""private address sample"", ""integer"": ""1..150 realistic bounded literals"", ""jsonb"": ""small object/array literal"", ""text"": ""short safe ascii tokens"", ""uuid"": ""deterministic UUID literal""}",bounded small literals; no forced 60k+ uniqueness inflation,none_or_normalize_only
PG_BOOL_R024_C10_SLOTS,PG_BOOL_R024_C10,PG_BOOL_R024,Y2,"{""inet"": ""private address sample"", ""integer"": ""1..150 realistic bounded literals"", ""jsonb"": ""small object/array literal"", ""text"": ""short safe ascii tokens"", ""uuid"": ""deterministic UUID literal""}",bounded small literals; no forced 60k+ uniqueness inflation,none_or_normalize_only
PG_BOOL_R025_C01_SLOTS,PG_BOOL_R025_C01,PG_BOOL_R025,Y2,"{""inet"": ""private address sample"", ""integer"": ""1..150 realistic bounded literals"", ""jsonb"": ""small object/array literal"", ""text"": ""short safe ascii tokens"", ""uuid"": ""deterministic UUID literal""}",bounded small literals; no forced 60k+ uniqueness inflation,none_or_normalize_only
PG_BOOL_R025_C02_SLOTS,PG_BOOL_R025_C02,PG_BOOL_R025,Y2,"{""inet"": ""private address sample"", ""integer"": ""1..150 realistic bounded literals"", ""jsonb"": ""small object/array literal"", ""text"": ""short safe ascii tokens"", ""uuid"": ""deterministic UUID literal""}",bounded small literals; no forced 60k+ uniqueness inflation,none_or_normalize_only
PG_BOOL_R025_C03_SLOTS,PG_BOOL_R025_C03,PG_BOOL_R025,Y2,"{""inet"": ""private address sample"", ""integer"": ""1..150 realistic bounded literals"", ""jsonb"": ""small object/array literal"", ""text"": ""short safe ascii tokens"", ""uuid"": ""deterministic UUID literal""}",bounded small literals; no forced 60k+ uniqueness inflation,none_or_normalize_only
PG_BOOL_R025_C04_SLOTS,PG_BOOL_R025_C04,PG_BOOL_R025,Y2,"{""inet"": ""private address sample"", ""integer"": ""1..150 realistic bounded literals"", ""jsonb"": ""small object/array literal"", ""text"": ""short safe ascii tokens"", ""uuid"": ""deterministic UUID literal""}",bounded small literals; no forced 60k+ uniqueness inflation,none_or_normalize_only
PG_BOOL_R025_C05_SLOTS,PG_BOOL_R025_C05,PG_BOOL_R025,Y2,"{""inet"": ""private address sample"", ""integer"": ""1..150 realistic bounded literals"", ""jsonb"": ""small object/array literal"", ""text"": ""short safe ascii tokens"", ""uuid"": ""deterministic UUID literal""}",bounded small literals; no forced 60k+ uniqueness inflation,none_or_normalize_only
PG_BOOL_R025_C06_SLOTS,PG_BOOL_R025_C06,PG_BOOL_R025,Y2,"{""inet"": ""private address sample"", ""integer"": ""1..150 realistic bounded literals"", ""jsonb"": ""small object/array literal"", ""text"": ""short safe ascii tokens"", ""uuid"": ""deterministic UUID literal""}",bounded small literals; no forced 60k+ uniqueness inflation,none_or_normalize_only
PG_BOOL_R025_C07_SLOTS,PG_BOOL_R025_C07,PG_BOOL_R025,Y2,"{""inet"": ""private address sample"", ""integer"": ""1..150 realistic bounded literals"", ""jsonb"": ""small object/array literal"", ""text"": ""short safe ascii tokens"", ""uuid"": ""deterministic UUID literal""}",bounded small literals; no forced 60k+ uniqueness inflation,none_or_normalize_only
PG_BOOL_R025_C08_SLOTS,PG_BOOL_R025_C08,PG_BOOL_R025,Y2,"{""inet"": ""private address sample"", ""integer"": ""1..150 realistic bounded literals"", ""jsonb"": ""small object/array literal"", ""text"": ""short safe ascii tokens"", ""uuid"": ""deterministic UUID literal""}",bounded small literals; no forced 60k+ uniqueness inflation,none_or_normalize_only
PG_BOOL_R025_C09_SLOTS,PG_BOOL_R025_C09,PG_BOOL_R025,Y2,"{""inet"": ""private address sample"", ""integer"": ""1..150 realistic bounded literals"", ""jsonb"": ""small object/array literal"", ""text"": ""short safe ascii tokens"", ""uuid"": ""deterministic UUID literal""}",bounded small literals; no forced 60k+ uniqueness inflation,none_or_normalize_only
PG_BOOL_R025_C10_SLOTS,PG_BOOL_R025_C10,PG_BOOL_R025,Y2,"{""inet"": ""private address sample"", ""integer"": ""1..150 realistic bounded literals"", ""jsonb"": ""small object/array literal"", ""text"": ""short safe ascii tokens"", ""uuid"": ""deterministic UUID literal""}",bounded small literals; no forced 60k+ uniqueness inflation,none_or_normalize_only
PG_BOOL_R026_C01_SLOTS,PG_BOOL_R026_C01,PG_BOOL_R026,Y2,"{""inet"": ""private address sample"", ""integer"": ""1..150 realistic bounded literals"", ""jsonb"": ""small object/array literal"", ""text"": ""short safe ascii tokens"", ""uuid"": ""deterministic UUID literal""}",bounded small literals; no forced 60k+ uniqueness inflation,none_or_normalize_only
PG_BOOL_R026_C02_SLOTS,PG_BOOL_R026_C02,PG_BOOL_R026,Y2,"{""inet"": ""private address sample"", ""integer"": ""1..150 realistic bounded literals"", ""jsonb"": ""small object/array literal"", ""text"": ""short safe ascii tokens"", ""uuid"": ""deterministic UUID literal""}",bounded small literals; no forced 60k+ uniqueness inflation,none_or_normalize_only
PG_BOOL_R026_C03_SLOTS,PG_BOOL_R026_C03,PG_BOOL_R026,Y2,"{""inet"": ""private address sample"", ""integer"": ""1..150 realistic bounded literals"", ""jsonb"": ""small object/array literal"", ""text"": ""short safe ascii tokens"", ""uuid"": ""deterministic UUID literal""}",bounded small literals; no forced 60k+ uniqueness inflation,none_or_normalize_only
PG_BOOL_R026_C04_SLOTS,PG_BOOL_R026_C04,PG_BOOL_R026,Y2,"{""inet"": ""private address sample"", ""integer"": ""1..150 realistic bounded literals"", ""jsonb"": ""small object/array literal"", ""text"": ""short safe ascii tokens"", ""uuid"": ""deterministic UUID literal""}",bounded small literals; no forced 60k+ uniqueness inflation,none_or_normalize_only
PG_BOOL_R026_C05_SLOTS,PG_BOOL_R026_C05,PG_BOOL_R026,Y2,"{""inet"": ""private address sample"", ""integer"": ""1..150 realistic bounded literals"", ""jsonb"": ""small object/array literal"", ""text"": ""short safe ascii tokens"", ""uuid"": ""deterministic UUID literal""}",bounded small literals; no forced 60k+ uniqueness inflation,none_or_normalize_only
PG_BOOL_R026_C06_SLOTS,PG_BOOL_R026_C06,PG_BOOL_R026,Y2,"{""inet"": ""private address sample"", ""integer"": ""1..150 realistic bounded literals"", ""jsonb"": ""small object/array literal"", ""text"": ""short safe ascii tokens"", ""uuid"": ""deterministic UUID literal""}",bounded small literals; no forced 60k+ uniqueness inflation,none_or_normalize_only
PG_BOOL_R026_C07_SLOTS,PG_BOOL_R026_C07,PG_BOOL_R026,Y2,"{""inet"": ""private address sample"", ""integer"": ""1..150 realistic bounded literals"", ""jsonb"": ""small object/array literal"", ""text"": ""short safe ascii tokens"", ""uuid"": ""deterministic UUID literal""}",bounded small literals; no forced 60k+ uniqueness inflation,none_or_normalize_only
PG_BOOL_R026_C08_SLOTS,PG_BOOL_R026_C08,PG_BOOL_R026,Y2,"{""inet"": ""private address sample"", ""integer"": ""1..150 realistic bounded literals"", ""jsonb"": ""small object/array literal"", ""text"": ""short safe ascii tokens"", ""uuid"": ""deterministic UUID literal""}",bounded small literals; no forced 60k+ uniqueness inflation,none_or_normalize_only
PG_BOOL_R026_C09_SLOTS,PG_BOOL_R026_C09,PG_BOOL_R026,Y2,"{""inet"": ""private address sample"", ""integer"": ""1..150 realistic bounded literals"", ""jsonb"": ""small object/array literal"", ""text"": ""short safe ascii tokens"", ""uuid"": ""deterministic UUID literal""}",bounded small literals; no forced 60k+ uniqueness inflation,none_or_normalize_only
PG_BOOL_R026_C10_SLOTS,PG_BOOL_R026_C10,PG_BOOL_R026,Y2,"{""inet"": ""private address sample"", ""integer"": ""1..150 realistic bounded literals"", ""jsonb"": ""small object/array literal"", ""text"": ""short safe ascii tokens"", ""uuid"": ""deterministic UUID literal""}",bounded small literals; no forced 60k+ uniqueness inflation,none_or_normalize_only
PG_BOOL_R027_C01_SLOTS,PG_BOOL_R027_C01,PG_BOOL_R027,Y2,"{""inet"": ""private address sample"", ""integer"": ""1..150 realistic bounded literals"", ""jsonb"": ""small object/array literal"", ""text"": ""short safe ascii tokens"", ""uuid"": ""deterministic UUID literal""}",bounded small literals; no forced 60k+ uniqueness inflation,none_or_normalize_only
PG_BOOL_R027_C02_SLOTS,PG_BOOL_R027_C02,PG_BOOL_R027,Y2,"{""inet"": ""private address sample"", ""integer"": ""1..150 realistic bounded literals"", ""jsonb"": ""small object/array literal"", ""text"": ""short safe ascii tokens"", ""uuid"": ""deterministic UUID literal""}",bounded small literals; no forced 60k+ uniqueness inflation,none_or_normalize_only
PG_BOOL_R027_C03_SLOTS,PG_BOOL_R027_C03,PG_BOOL_R027,Y2,"{""inet"": ""private address sample"", ""integer"": ""1..150 realistic bounded literals"", ""jsonb"": ""small object/array literal"", ""text"": ""short safe ascii tokens"", ""uuid"": ""deterministic UUID literal""}",bounded small literals; no forced 60k+ uniqueness inflation,none_or_normalize_only
PG_BOOL_R027_C04_SLOTS,PG_BOOL_R027_C04,PG_BOOL_R027,Y2,"{""inet"": ""private address sample"", ""integer"": ""1..150 realistic bounded literals"", ""jsonb"": ""small object/array literal"", ""text"": ""short safe ascii tokens"", ""uuid"": ""deterministic UUID literal""}",bounded small literals; no forced 60k+ uniqueness inflation,none_or_normalize_only
PG_BOOL_R027_C05_SLOTS,PG_BOOL_R027_C05,PG_BOOL_R027,Y2,"{""inet"": ""private address sample"", ""integer"": ""1..150 realistic bounded literals"", ""jsonb"": ""small object/array literal"", ""text"": ""short safe ascii tokens"", ""uuid"": ""deterministic UUID literal""}",bounded small literals; no forced 60k+ uniqueness inflation,none_or_normalize_only
PG_BOOL_R027_C06_SLOTS,PG_BOOL_R027_C06,PG_BOOL_R027,Y2,"{""inet"": ""private address sample"", ""integer"": ""1..150 realistic bounded literals"", ""jsonb"": ""small object/array literal"", ""text"": ""short safe ascii tokens"", ""uuid"": ""deterministic UUID literal""}",bounded small literals; no forced 60k+ uniqueness inflation,none_or_normalize_only
PG_BOOL_R027_C07_SLOTS,PG_BOOL_R027_C07,PG_BOOL_R027,Y2,"{""inet"": ""private address sample"", ""integer"": ""1..150 realistic bounded literals"", ""jsonb"": ""small object/array literal"", ""text"": ""short safe ascii tokens"", ""uuid"": ""deterministic UUID literal""}",bounded small literals; no forced 60k+ uniqueness inflation,none_or_normalize_only
PG_BOOL_R027_C08_SLOTS,PG_BOOL_R027_C08,PG_BOOL_R027,Y2,"{""inet"": ""private address sample"", ""integer"": ""1..150 realistic bounded literals"", ""jsonb"": ""small object/array literal"", ""text"": ""short safe ascii tokens"", ""uuid"": ""deterministic UUID literal""}",bounded small literals; no forced 60k+ uniqueness inflation,none_or_normalize_only
PG_BOOL_R027_C09_SLOTS,PG_BOOL_R027_C09,PG_BOOL_R027,Y2,"{""inet"": ""private address sample"", ""integer"": ""1..150 realistic bounded literals"", ""jsonb"": ""small object/array literal"", ""text"": ""short safe ascii tokens"", ""uuid"": ""deterministic UUID literal""}",bounded small literals; no forced 60k+ uniqueness inflation,none_or_normalize_only
PG_BOOL_R027_C10_SLOTS,PG_BOOL_R027_C10,PG_BOOL_R027,Y2,"{""inet"": ""private address sample"", ""integer"": ""1..150 realistic bounded literals"", ""jsonb"": ""small object/array literal"", ""text"": ""short safe ascii tokens"", ""uuid"": ""deterministic UUID literal""}",bounded small literals; no forced 60k+ uniqueness inflation,none_or_normalize_only
PG_BOOL_R028_C01_SLOTS,PG_BOOL_R028_C01,PG_BOOL_R028,Y2,"{""inet"": ""private address sample"", ""integer"": ""1..150 realistic bounded literals"", ""jsonb"": ""small object/array literal"", ""text"": ""short safe ascii tokens"", ""uuid"": ""deterministic UUID literal""}",bounded small literals; no forced 60k+ uniqueness inflation,none_or_normalize_only
PG_BOOL_R028_C02_SLOTS,PG_BOOL_R028_C02,PG_BOOL_R028,Y2,"{""inet"": ""private address sample"", ""integer"": ""1..150 realistic bounded literals"", ""jsonb"": ""small object/array literal"", ""text"": ""short safe ascii tokens"", ""uuid"": ""deterministic UUID literal""}",bounded small literals; no forced 60k+ uniqueness inflation,none_or_normalize_only
PG_BOOL_R028_C03_SLOTS,PG_BOOL_R028_C03,PG_BOOL_R028,Y2,"{""inet"": ""private address sample"", ""integer"": ""1..150 realistic bounded literals"", ""jsonb"": ""small object/array literal"", ""text"": ""short safe ascii tokens"", ""uuid"": ""deterministic UUID literal""}",bounded small literals; no forced 60k+ uniqueness inflation,none_or_normalize_only
PG_BOOL_R028_C04_SLOTS,PG_BOOL_R028_C04,PG_BOOL_R028,Y2,"{""inet"": ""private address sample"", ""integer"": ""1..150 realistic bounded literals"", ""jsonb"": ""small object/array literal"", ""text"": ""short safe ascii tokens"", ""uuid"": ""deterministic UUID literal""}",bounded small literals; no forced 60k+ uniqueness inflation,none_or_normalize_only
PG_BOOL_R028_C05_SLOTS,PG_BOOL_R028_C05,PG_BOOL_R028,Y2,"{""inet"": ""private address sample"", ""integer"": ""1..150 realistic bounded literals"", ""jsonb"": ""small object/array literal"", ""text"": ""short safe ascii tokens"", ""uuid"": ""deterministic UUID literal""}",bounded small literals; no forced 60k+ uniqueness inflation,none_or_normalize_only
PG_BOOL_R028_C06_SLOTS,PG_BOOL_R028_C06,PG_BOOL_R028,Y2,"{""inet"": ""private address sample"", ""integer"": ""1..150 realistic bounded literals"", ""jsonb"": ""small object/array literal"", ""text"": ""short safe ascii tokens"", ""uuid"": ""deterministic UUID literal""}",bounded small literals; no forced 60k+ uniqueness inflation,none_or_normalize_only
PG_BOOL_R028_C07_SLOTS,PG_BOOL_R028_C07,PG_BOOL_R028,Y2,"{""inet"": ""private address sample"", ""integer"": ""1..150 realistic bounded literals"", ""jsonb"": ""small object/array literal"", ""text"": ""short safe ascii tokens"", ""uuid"": ""deterministic UUID literal""}",bounded small literals; no forced 60k+ uniqueness inflation,none_or_normalize_only
PG_BOOL_R028_C08_SLOTS,PG_BOOL_R028_C08,PG_BOOL_R028,Y2,"{""inet"": ""private address sample"", ""integer"": ""1..150 realistic bounded literals"", ""jsonb"": ""small object/array literal"", ""text"": ""short safe ascii tokens"", ""uuid"": ""deterministic UUID literal""}",bounded small literals; no forced 60k+ uniqueness inflation,none_or_normalize_only
PG_BOOL_R028_C09_SLOTS,PG_BOOL_R028_C09,PG_BOOL_R028,Y2,"{""inet"": ""private address sample"", ""integer"": ""1..150 realistic bounded literals"", ""jsonb"": ""small object/array literal"", ""text"": ""short safe ascii tokens"", ""uuid"": ""deterministic UUID literal""}",bounded small literals; no forced 60k+ uniqueness inflation,none_or_normalize_only
PG_BOOL_R028_C10_SLOTS,PG_BOOL_R028_C10,PG_BOOL_R028,Y2,"{""inet"": ""private address sample"", ""integer"": ""1..150 realistic bounded literals"", ""jsonb"": ""small object/array literal"", ""text"": ""short safe ascii tokens"", ""uuid"": ""deterministic UUID literal""}",bounded small literals; no forced 60k+ uniqueness inflation,none_or_normalize_only
PG_BOOL_R029_C01_SLOTS,PG_BOOL_R029_C01,PG_BOOL_R029,Y2,"{""inet"": ""private address sample"", ""integer"": ""1..150 realistic bounded literals"", ""jsonb"": ""small object/array literal"", ""text"": ""short safe ascii tokens"", ""uuid"": ""deterministic UUID literal""}",bounded small literals; no forced 60k+ uniqueness inflation,none_or_normalize_only
PG_BOOL_R029_C02_SLOTS,PG_BOOL_R029_C02,PG_BOOL_R029,Y2,"{""inet"": ""private address sample"", ""integer"": ""1..150 realistic bounded literals"", ""jsonb"": ""small object/array literal"", ""text"": ""short safe ascii tokens"", ""uuid"": ""deterministic UUID literal""}",bounded small literals; no forced 60k+ uniqueness inflation,none_or_normalize_only
PG_BOOL_R029_C03_SLOTS,PG_BOOL_R029_C03,PG_BOOL_R029,Y2,"{""inet"": ""private address sample"", ""integer"": ""1..150 realistic bounded literals"", ""jsonb"": ""small object/array literal"", ""text"": ""short safe ascii tokens"", ""uuid"": ""deterministic UUID literal""}",bounded small literals; no forced 60k+ uniqueness inflation,none_or_normalize_only
PG_BOOL_R029_C04_SLOTS,PG_BOOL_R029_C04,PG_BOOL_R029,Y2,"{""inet"": ""private address sample"", ""integer"": ""1..150 realistic bounded literals"", ""jsonb"": ""small object/array literal"", ""text"": ""short safe ascii tokens"", ""uuid"": ""deterministic UUID literal""}",bounded small literals; no forced 60k+ uniqueness inflation,none_or_normalize_only
PG_BOOL_R029_C05_SLOTS,PG_BOOL_R029_C05,PG_BOOL_R029,Y2,"{""inet"": ""private address sample"", ""integer"": ""1..150 realistic bounded literals"", ""jsonb"": ""small object/array literal"", ""text"": ""short safe ascii tokens"", ""uuid"": ""deterministic UUID literal""}",bounded small literals; no forced 60k+ uniqueness inflation,none_or_normalize_only
PG_BOOL_R029_C06_SLOTS,PG_BOOL_R029_C06,PG_BOOL_R029,Y2,"{""inet"": ""private address sample"", ""integer"": ""1..150 realistic bounded literals"", ""jsonb"": ""small object/array literal"", ""text"": ""short safe ascii tokens"", ""uuid"": ""deterministic UUID literal""}",bounded small literals; no forced 60k+ uniqueness inflation,none_or_normalize_only
PG_BOOL_R029_C07_SLOTS,PG_BOOL_R029_C07,PG_BOOL_R029,Y2,"{""inet"": ""private address sample"", ""integer"": ""1..150 realistic bounded literals"", ""jsonb"": ""small object/array literal"", ""text"": ""short safe ascii tokens"", ""uuid"": ""deterministic UUID literal""}",bounded small literals; no forced 60k+ uniqueness inflation,none_or_normalize_only
PG_BOOL_R029_C08_SLOTS,PG_BOOL_R029_C08,PG_BOOL_R029,Y2,"{""inet"": ""private address sample"", ""integer"": ""1..150 realistic bounded literals"", ""jsonb"": ""small object/array literal"", ""text"": ""short safe ascii tokens"", ""uuid"": ""deterministic UUID literal""}",bounded small literals; no forced 60k+ uniqueness inflation,none_or_normalize_only
PG_BOOL_R029_C09_SLOTS,PG_BOOL_R029_C09,PG_BOOL_R029,Y2,"{""inet"": ""private address sample"", ""integer"": ""1..150 realistic bounded literals"", ""jsonb"": ""small object/array literal"", ""text"": ""short safe ascii tokens"", ""uuid"": ""deterministic UUID literal""}",bounded small literals; no forced 60k+ uniqueness inflation,none_or_normalize_only
PG_BOOL_R029_C10_SLOTS,PG_BOOL_R029_C10,PG_BOOL_R029,Y2,"{""inet"": ""private address sample"", ""integer"": ""1..150 realistic bounded literals"", ""jsonb"": ""small object/array literal"", ""text"": ""short safe ascii tokens"", ""uuid"": ""deterministic UUID literal""}",bounded small literals; no forced 60k+ uniqueness inflation,none_or_normalize_only
PG_BOOL_R030_C01_SLOTS,PG_BOOL_R030_C01,PG_BOOL_R030,Y2,"{""inet"": ""private address sample"", ""integer"": ""1..150 realistic bounded literals"", ""jsonb"": ""small object/array literal"", ""text"": ""short safe ascii tokens"", ""uuid"": ""deterministic UUID literal""}",bounded small literals; no forced 60k+ uniqueness inflation,none_or_normalize_only
PG_BOOL_R030_C02_SLOTS,PG_BOOL_R030_C02,PG_BOOL_R030,Y2,"{""inet"": ""private address sample"", ""integer"": ""1..150 realistic bounded literals"", ""jsonb"": ""small object/array literal"", ""text"": ""short safe ascii tokens"", ""uuid"": ""deterministic UUID literal""}",bounded small literals; no forced 60k+ uniqueness inflation,none_or_normalize_only
PG_BOOL_R030_C03_SLOTS,PG_BOOL_R030_C03,PG_BOOL_R030,Y2,"{""inet"": ""private address sample"", ""integer"": ""1..150 realistic bounded literals"", ""jsonb"": ""small object/array literal"", ""text"": ""short safe ascii tokens"", ""uuid"": ""deterministic UUID literal""}",bounded small literals; no forced 60k+ uniqueness inflation,none_or_normalize_only
PG_BOOL_R030_C04_SLOTS,PG_BOOL_R030_C04,PG_BOOL_R030,Y2,"{""inet"": ""private address sample"", ""integer"": ""1..150 realistic bounded literals"", ""jsonb"": ""small object/array literal"", ""text"": ""short safe ascii tokens"", ""uuid"": ""deterministic UUID literal""}",bounded small literals; no forced 60k+ uniqueness inflation,none_or_normalize_only
PG_BOOL_R030_C05_SLOTS,PG_BOOL_R030_C05,PG_BOOL_R030,Y2,"{""inet"": ""private address sample"", ""integer"": ""1..150 realistic bounded literals"", ""jsonb"": ""small object/array literal"", ""text"": ""short safe ascii tokens"", ""uuid"": ""deterministic UUID literal""}",bounded small literals; no forced 60k+ uniqueness inflation,none_or_normalize_only
PG_BOOL_R030_C06_SLOTS,PG_BOOL_R030_C06,PG_BOOL_R030,Y2,"{""inet"": ""private address sample"", ""integer"": ""1..150 realistic bounded literals"", ""jsonb"": ""small object/array literal"", ""text"": ""short safe ascii tokens"", ""uuid"": ""deterministic UUID literal""}",bounded small literals; no forced 60k+ uniqueness inflation,none_or_normalize_only
PG_BOOL_R030_C07_SLOTS,PG_BOOL_R030_C07,PG_BOOL_R030,Y2,"{""inet"": ""private address sample"", ""integer"": ""1..150 realistic bounded literals"", ""jsonb"": ""small object/array literal"", ""text"": ""short safe ascii tokens"", ""uuid"": ""deterministic UUID literal""}",bounded small literals; no forced 60k+ uniqueness inflation,none_or_normalize_only
PG_BOOL_R030_C08_SLOTS,PG_BOOL_R030_C08,PG_BOOL_R030,Y2,"{""inet"": ""private address sample"", ""integer"": ""1..150 realistic bounded literals"", ""jsonb"": ""small object/array literal"", ""text"": ""short safe ascii tokens"", ""uuid"": ""deterministic UUID literal""}",bounded small literals; no forced 60k+ uniqueness inflation,none_or_normalize_only
PG_BOOL_R030_C09_SLOTS,PG_BOOL_R030_C09,PG_BOOL_R030,Y2,"{""inet"": ""private address sample"", ""integer"": ""1..150 realistic bounded literals"", ""jsonb"": ""small object/array literal"", ""text"": ""short safe ascii tokens"", ""uuid"": ""deterministic UUID literal""}",bounded small literals; no forced 60k+ uniqueness inflation,none_or_normalize_only
PG_BOOL_R030_C10_SLOTS,PG_BOOL_R030_C10,PG_BOOL_R030,Y2,"{""inet"": ""private address sample"", ""integer"": ""1..150 realistic bounded literals"", ""jsonb"": ""small object/array literal"", ""text"": ""short safe ascii tokens"", ""uuid"": ""deterministic UUID literal""}",bounded small literals; no forced 60k+ uniqueness inflation,none_or_normalize_only
PG_BOOL_R031_C01_SLOTS,PG_BOOL_R031_C01,PG_BOOL_R031,Y2,"{""inet"": ""private address sample"", ""integer"": ""1..150 realistic bounded literals"", ""jsonb"": ""small object/array literal"", ""text"": ""short safe ascii tokens"", ""uuid"": ""deterministic UUID literal""}",bounded small literals; no forced 60k+ uniqueness inflation,none_or_normalize_only
PG_BOOL_R031_C02_SLOTS,PG_BOOL_R031_C02,PG_BOOL_R031,Y2,"{""inet"": ""private address sample"", ""integer"": ""1..150 realistic bounded literals"", ""jsonb"": ""small object/array literal"", ""text"": ""short safe ascii tokens"", ""uuid"": ""deterministic UUID literal""}",bounded small literals; no forced 60k+ uniqueness inflation,none_or_normalize_only
PG_BOOL_R031_C03_SLOTS,PG_BOOL_R031_C03,PG_BOOL_R031,Y2,"{""inet"": ""private address sample"", ""integer"": ""1..150 realistic bounded literals"", ""jsonb"": ""small object/array literal"", ""text"": ""short safe ascii tokens"", ""uuid"": ""deterministic UUID literal""}",bounded small literals; no forced 60k+ uniqueness inflation,none_or_normalize_only
PG_BOOL_R031_C04_SLOTS,PG_BOOL_R031_C04,PG_BOOL_R031,Y2,"{""inet"": ""private address sample"", ""integer"": ""1..150 realistic bounded literals"", ""jsonb"": ""small object/array literal"", ""text"": ""short safe ascii tokens"", ""uuid"": ""deterministic UUID literal""}",bounded small literals; no forced 60k+ uniqueness inflation,none_or_normalize_only
PG_BOOL_R031_C05_SLOTS,PG_BOOL_R031_C05,PG_BOOL_R031,Y2,"{""inet"": ""private address sample"", ""integer"": ""1..150 realistic bounded literals"", ""jsonb"": ""small object/array literal"", ""text"": ""short safe ascii tokens"", ""uuid"": ""deterministic UUID literal""}",bounded small literals; no forced 60k+ uniqueness inflation,none_or_normalize_only
PG_BOOL_R031_C06_SLOTS,PG_BOOL_R031_C06,PG_BOOL_R031,Y2,"{""inet"": ""private address sample"", ""integer"": ""1..150 realistic bounded literals"", ""jsonb"": ""small object/array literal"", ""text"": ""short safe ascii tokens"", ""uuid"": ""deterministic UUID literal""}",bounded small literals; no forced 60k+ uniqueness inflation,none_or_normalize_only
PG_BOOL_R031_C07_SLOTS,PG_BOOL_R031_C07,PG_BOOL_R031,Y2,"{""inet"": ""private address sample"", ""integer"": ""1..150 realistic bounded literals"", ""jsonb"": ""small object/array literal"", ""text"": ""short safe ascii tokens"", ""uuid"": ""deterministic UUID literal""}",bounded small literals; no forced 60k+ uniqueness inflation,none_or_normalize_only
PG_BOOL_R031_C08_SLOTS,PG_BOOL_R031_C08,PG_BOOL_R031,Y2,"{""inet"": ""private address sample"", ""integer"": ""1..150 realistic bounded literals"", ""jsonb"": ""small object/array literal"", ""text"": ""short safe ascii tokens"", ""uuid"": ""deterministic UUID literal""}",bounded small literals; no forced 60k+ uniqueness inflation,none_or_normalize_only
PG_BOOL_R031_C09_SLOTS,PG_BOOL_R031_C09,PG_BOOL_R031,Y2,"{""inet"": ""private address sample"", ""integer"": ""1..150 realistic bounded literals"", ""jsonb"": ""small object/array literal"", ""text"": ""short safe ascii tokens"", ""uuid"": ""deterministic UUID literal""}",bounded small literals; no forced 60k+ uniqueness inflation,none_or_normalize_only
PG_BOOL_R031_C10_SLOTS,PG_BOOL_R031_C10,PG_BOOL_R031,Y2,"{""inet"": ""private address sample"", ""integer"": ""1..150 realistic bounded literals"", ""jsonb"": ""small object/array literal"", ""text"": ""short safe ascii tokens"", ""uuid"": ""deterministic UUID literal""}",bounded small literals; no forced 60k+ uniqueness inflation,none_or_normalize_only
PG_BOOL_R032_C01_SLOTS,PG_BOOL_R032_C01,PG_BOOL_R032,Y2,"{""inet"": ""private address sample"", ""integer"": ""1..150 realistic bounded literals"", ""jsonb"": ""small object/array literal"", ""text"": ""short safe ascii tokens"", ""uuid"": ""deterministic UUID literal""}",bounded small literals; no forced 60k+ uniqueness inflation,none_or_normalize_only
PG_BOOL_R032_C02_SLOTS,PG_BOOL_R032_C02,PG_BOOL_R032,Y2,"{""inet"": ""private address sample"", ""integer"": ""1..150 realistic bounded literals"", ""jsonb"": ""small object/array literal"", ""text"": ""short safe ascii tokens"", ""uuid"": ""deterministic UUID literal""}",bounded small literals; no forced 60k+ uniqueness inflation,none_or_normalize_only
PG_BOOL_R032_C03_SLOTS,PG_BOOL_R032_C03,PG_BOOL_R032,Y2,"{""inet"": ""private address sample"", ""integer"": ""1..150 realistic bounded literals"", ""jsonb"": ""small object/array literal"", ""text"": ""short safe ascii tokens"", ""uuid"": ""deterministic UUID literal""}",bounded small literals; no forced 60k+ uniqueness inflation,none_or_normalize_only
PG_BOOL_R032_C04_SLOTS,PG_BOOL_R032_C04,PG_BOOL_R032,Y2,"{""inet"": ""private address sample"", ""integer"": ""1..150 realistic bounded literals"", ""jsonb"": ""small object/array literal"", ""text"": ""short safe ascii tokens"", ""uuid"": ""deterministic UUID literal""}",bounded small literals; no forced 60k+ uniqueness inflation,none_or_normalize_only
PG_BOOL_R032_C05_SLOTS,PG_BOOL_R032_C05,PG_BOOL_R032,Y2,"{""inet"": ""private address sample"", ""integer"": ""1..150 realistic bounded literals"", ""jsonb"": ""small object/array literal"", ""text"": ""short safe ascii tokens"", ""uuid"": ""deterministic UUID literal""}",bounded small literals; no forced 60k+ uniqueness inflation,none_or_normalize_only
PG_BOOL_R032_C06_SLOTS,PG_BOOL_R032_C06,PG_BOOL_R032,Y2,"{""inet"": ""private address sample"", ""integer"": ""1..150 realistic bounded literals"", ""jsonb"": ""small object/array literal"", ""text"": ""short safe ascii tokens"", ""uuid"": ""deterministic UUID literal""}",bounded small literals; no forced 60k+ uniqueness inflation,none_or_normalize_only
PG_BOOL_R032_C07_SLOTS,PG_BOOL_R032_C07,PG_BOOL_R032,Y2,"{""inet"": ""private address sample"", ""integer"": ""1..150 realistic bounded literals"", ""jsonb"": ""small object/array literal"", ""text"": ""short safe ascii tokens"", ""uuid"": ""deterministic UUID literal""}",bounded small literals; no forced 60k+ uniqueness inflation,none_or_normalize_only
PG_BOOL_R032_C08_SLOTS,PG_BOOL_R032_C08,PG_BOOL_R032,Y2,"{""inet"": ""private address sample"", ""integer"": ""1..150 realistic bounded literals"", ""jsonb"": ""small object/array literal"", ""text"": ""short safe ascii tokens"", ""uuid"": ""deterministic UUID literal""}",bounded small literals; no forced 60k+ uniqueness inflation,none_or_normalize_only
PG_BOOL_R032_C09_SLOTS,PG_BOOL_R032_C09,PG_BOOL_R032,Y2,"{""inet"": ""private address sample"", ""integer"": ""1..150 realistic bounded literals"", ""jsonb"": ""small object/array literal"", ""text"": ""short safe ascii tokens"", ""uuid"": ""deterministic UUID literal""}",bounded small literals; no forced 60k+ uniqueness inflation,none_or_normalize_only
PG_BOOL_R032_C10_SLOTS,PG_BOOL_R032_C10,PG_BOOL_R032,Y2,"{""inet"": ""private address sample"", ""integer"": ""1..150 realistic bounded literals"", ""jsonb"": ""small object/array literal"", ""text"": ""short safe ascii tokens"", ""uuid"": ""deterministic UUID literal""}",bounded small literals; no forced 60k+ uniqueness inflation,none_or_normalize_only
PG_BOOL_R033_C01_SLOTS,PG_BOOL_R033_C01,PG_BOOL_R033,Y2,"{""inet"": ""private address sample"", ""integer"": ""1..150 realistic bounded literals"", ""jsonb"": ""small object/array literal"", ""text"": ""short safe ascii tokens"", ""uuid"": ""deterministic UUID literal""}",bounded small literals; no forced 60k+ uniqueness inflation,none_or_normalize_only
PG_BOOL_R033_C02_SLOTS,PG_BOOL_R033_C02,PG_BOOL_R033,Y2,"{""inet"": ""private address sample"", ""integer"": ""1..150 realistic bounded literals"", ""jsonb"": ""small object/array literal"", ""text"": ""short safe ascii tokens"", ""uuid"": ""deterministic UUID literal""}",bounded small literals; no forced 60k+ uniqueness inflation,none_or_normalize_only
PG_BOOL_R033_C03_SLOTS,PG_BOOL_R033_C03,PG_BOOL_R033,Y2,"{""inet"": ""private address sample"", ""integer"": ""1..150 realistic bounded literals"", ""jsonb"": ""small object/array literal"", ""text"": ""short safe ascii tokens"", ""uuid"": ""deterministic UUID literal""}",bounded small literals; no forced 60k+ uniqueness inflation,none_or_normalize_only
PG_BOOL_R033_C04_SLOTS,PG_BOOL_R033_C04,PG_BOOL_R033,Y2,"{""inet"": ""private address sample"", ""integer"": ""1..150 realistic bounded literals"", ""jsonb"": ""small object/array literal"", ""text"": ""short safe ascii tokens"", ""uuid"": ""deterministic UUID literal""}",bounded small literals; no forced 60k+ uniqueness inflation,none_or_normalize_only
PG_BOOL_R033_C05_SLOTS,PG_BOOL_R033_C05,PG_BOOL_R033,Y2,"{""inet"": ""private address sample"", ""integer"": ""1..150 realistic bounded literals"", ""jsonb"": ""small object/array literal"", ""text"": ""short safe ascii tokens"", ""uuid"": ""deterministic UUID literal""}",bounded small literals; no forced 60k+ uniqueness inflation,none_or_normalize_only
PG_BOOL_R033_C06_SLOTS,PG_BOOL_R033_C06,PG_BOOL_R033,Y2,"{""inet"": ""private address sample"", ""integer"": ""1..150 realistic bounded literals"", ""jsonb"": ""small object/array literal"", ""text"": ""short safe ascii tokens"", ""uuid"": ""deterministic UUID literal""}",bounded small literals; no forced 60k+ uniqueness inflation,none_or_normalize_only
PG_BOOL_R033_C07_SLOTS,PG_BOOL_R033_C07,PG_BOOL_R033,Y2,"{""inet"": ""private address sample"", ""integer"": ""1..150 realistic bounded literals"", ""jsonb"": ""small object/array literal"", ""text"": ""short safe ascii tokens"", ""uuid"": ""deterministic UUID literal""}",bounded small literals; no forced 60k+ uniqueness inflation,none_or_normalize_only
PG_BOOL_R033_C08_SLOTS,PG_BOOL_R033_C08,PG_BOOL_R033,Y2,"{""inet"": ""private address sample"", ""integer"": ""1..150 realistic bounded literals"", ""jsonb"": ""small object/array literal"", ""text"": ""short safe ascii tokens"", ""uuid"": ""deterministic UUID literal""}",bounded small literals; no forced 60k+ uniqueness inflation,none_or_normalize_only
PG_BOOL_R033_C09_SLOTS,PG_BOOL_R033_C09,PG_BOOL_R033,Y2,"{""inet"": ""private address sample"", ""integer"": ""1..150 realistic bounded literals"", ""jsonb"": ""small object/array literal"", ""text"": ""short safe ascii tokens"", ""uuid"": ""deterministic UUID literal""}",bounded small literals; no forced 60k+ uniqueness inflation,none_or_normalize_only
PG_BOOL_R033_C10_SLOTS,PG_BOOL_R033_C10,PG_BOOL_R033,Y2,"{""inet"": ""private address sample"", ""integer"": ""1..150 realistic bounded literals"", ""jsonb"": ""small object/array literal"", ""text"": ""short safe ascii tokens"", ""uuid"": ""deterministic UUID literal""}",bounded small literals; no forced 60k+ uniqueness inflation,none_or_normalize_only
PG_BOOL_R034_C01_SLOTS,PG_BOOL_R034_C01,PG_BOOL_R034,Y2,"{""inet"": ""private address sample"", ""integer"": ""1..150 realistic bounded literals"", ""jsonb"": ""small object/array literal"", ""text"": ""short safe ascii tokens"", ""uuid"": ""deterministic UUID literal""}",bounded small literals; no forced 60k+ uniqueness inflation,none_or_normalize_only
PG_BOOL_R034_C02_SLOTS,PG_BOOL_R034_C02,PG_BOOL_R034,Y2,"{""inet"": ""private address sample"", ""integer"": ""1..150 realistic bounded literals"", ""jsonb"": ""small object/array literal"", ""text"": ""short safe ascii tokens"", ""uuid"": ""deterministic UUID literal""}",bounded small literals; no forced 60k+ uniqueness inflation,none_or_normalize_only
PG_BOOL_R034_C03_SLOTS,PG_BOOL_R034_C03,PG_BOOL_R034,Y2,"{""inet"": ""private address sample"", ""integer"": ""1..150 realistic bounded literals"", ""jsonb"": ""small object/array literal"", ""text"": ""short safe ascii tokens"", ""uuid"": ""deterministic UUID literal""}",bounded small literals; no forced 60k+ uniqueness inflation,none_or_normalize_only
PG_BOOL_R034_C04_SLOTS,PG_BOOL_R034_C04,PG_BOOL_R034,Y2,"{""inet"": ""private address sample"", ""integer"": ""1..150 realistic bounded literals"", ""jsonb"": ""small object/array literal"", ""text"": ""short safe ascii tokens"", ""uuid"": ""deterministic UUID literal""}",bounded small literals; no forced 60k+ uniqueness inflation,none_or_normalize_only
PG_BOOL_R034_C05_SLOTS,PG_BOOL_R034_C05,PG_BOOL_R034,Y2,"{""inet"": ""private address sample"", ""integer"": ""1..150 realistic bounded literals"", ""jsonb"": ""small object/array literal"", ""text"": ""short safe ascii tokens"", ""uuid"": ""deterministic UUID literal""}",bounded small literals; no forced 60k+ uniqueness inflation,none_or_normalize_only
PG_BOOL_R034_C06_SLOTS,PG_BOOL_R034_C06,PG_BOOL_R034,Y2,"{""inet"": ""private address sample"", ""integer"": ""1..150 realistic bounded literals"", ""jsonb"": ""small object/array literal"", ""text"": ""short safe ascii tokens"", ""uuid"": ""deterministic UUID literal""}",bounded small literals; no forced 60k+ uniqueness inflation,none_or_normalize_only
PG_BOOL_R034_C07_SLOTS,PG_BOOL_R034_C07,PG_BOOL_R034,Y2,"{""inet"": ""private address sample"", ""integer"": ""1..150 realistic bounded literals"", ""jsonb"": ""small object/array literal"", ""text"": ""short safe ascii tokens"", ""uuid"": ""deterministic UUID literal""}",bounded small literals; no forced 60k+ uniqueness inflation,none_or_normalize_only
PG_BOOL_R034_C08_SLOTS,PG_BOOL_R034_C08,PG_BOOL_R034,Y2,"{""inet"": ""private address sample"", ""integer"": ""1..150 realistic bounded literals"", ""jsonb"": ""small object/array literal"", ""text"": ""short safe ascii tokens"", ""uuid"": ""deterministic UUID literal""}",bounded small literals; no forced 60k+ uniqueness inflation,none_or_normalize_only
PG_BOOL_R034_C09_SLOTS,PG_BOOL_R034_C09,PG_BOOL_R034,Y2,"{""inet"": ""private address sample"", ""integer"": ""1..150 realistic bounded literals"", ""jsonb"": ""small object/array literal"", ""text"": ""short safe ascii tokens"", ""uuid"": ""deterministic UUID literal""}",bounded small literals; no forced 60k+ uniqueness inflation,none_or_normalize_only
PG_BOOL_R034_C10_SLOTS,PG_BOOL_R034_C10,PG_BOOL_R034,Y2,"{""inet"": ""private address sample"", ""integer"": ""1..150 realistic bounded literals"", ""jsonb"": ""small object/array literal"", ""text"": ""short safe ascii tokens"", ""uuid"": ""deterministic UUID literal""}",bounded small literals; no forced 60k+ uniqueness inflation,none_or_normalize_only
PG_BOOL_R035_C01_SLOTS,PG_BOOL_R035_C01,PG_BOOL_R035,Y2,"{""inet"": ""private address sample"", ""integer"": ""1..150 realistic bounded literals"", ""jsonb"": ""small object/array literal"", ""text"": ""short safe ascii tokens"", ""uuid"": ""deterministic UUID literal""}",bounded small literals; no forced 60k+ uniqueness inflation,none_or_normalize_only
PG_BOOL_R035_C02_SLOTS,PG_BOOL_R035_C02,PG_BOOL_R035,Y2,"{""inet"": ""private address sample"", ""integer"": ""1..150 realistic bounded literals"", ""jsonb"": ""small object/array literal"", ""text"": ""short safe ascii tokens"", ""uuid"": ""deterministic UUID literal""}",bounded small literals; no forced 60k+ uniqueness inflation,none_or_normalize_only
PG_BOOL_R035_C03_SLOTS,PG_BOOL_R035_C03,PG_BOOL_R035,Y2,"{""inet"": ""private address sample"", ""integer"": ""1..150 realistic bounded literals"", ""jsonb"": ""small object/array literal"", ""text"": ""short safe ascii tokens"", ""uuid"": ""deterministic UUID literal""}",bounded small literals; no forced 60k+ uniqueness inflation,none_or_normalize_only
PG_BOOL_R035_C04_SLOTS,PG_BOOL_R035_C04,PG_BOOL_R035,Y2,"{""inet"": ""private address sample"", ""integer"": ""1..150 realistic bounded literals"", ""jsonb"": ""small object/array literal"", ""text"": ""short safe ascii tokens"", ""uuid"": ""deterministic UUID literal""}",bounded small literals; no forced 60k+ uniqueness inflation,none_or_normalize_only
PG_BOOL_R035_C05_SLOTS,PG_BOOL_R035_C05,PG_BOOL_R035,Y2,"{""inet"": ""private address sample"", ""integer"": ""1..150 realistic bounded literals"", ""jsonb"": ""small object/array literal"", ""text"": ""short safe ascii tokens"", ""uuid"": ""deterministic UUID literal""}",bounded small literals; no forced 60k+ uniqueness inflation,none_or_normalize_only
PG_BOOL_R035_C06_SLOTS,PG_BOOL_R035_C06,PG_BOOL_R035,Y2,"{""inet"": ""private address sample"", ""integer"": ""1..150 realistic bounded literals"", ""jsonb"": ""small object/array literal"", ""text"": ""short safe ascii tokens"", ""uuid"": ""deterministic UUID literal""}",bounded small literals; no forced 60k+ uniqueness inflation,none_or_normalize_only
PG_BOOL_R035_C07_SLOTS,PG_BOOL_R035_C07,PG_BOOL_R035,Y2,"{""inet"": ""private address sample"", ""integer"": ""1..150 realistic bounded literals"", ""jsonb"": ""small object/array literal"", ""text"": ""short safe ascii tokens"", ""uuid"": ""deterministic UUID literal""}",bounded small literals; no forced 60k+ uniqueness inflation,none_or_normalize_only
PG_BOOL_R035_C08_SLOTS,PG_BOOL_R035_C08,PG_BOOL_R035,Y2,"{""inet"": ""private address sample"", ""integer"": ""1..150 realistic bounded literals"", ""jsonb"": ""small object/array literal"", ""text"": ""short safe ascii tokens"", ""uuid"": ""deterministic UUID literal""}",bounded small literals; no forced 60k+ uniqueness inflation,none_or_normalize_only
PG_BOOL_R035_C09_SLOTS,PG_BOOL_R035_C09,PG_BOOL_R035,Y2,"{""inet"": ""private address sample"", ""integer"": ""1..150 realistic bounded literals"", ""jsonb"": ""small object/array literal"", ""text"": ""short safe ascii tokens"", ""uuid"": ""deterministic UUID literal""}",bounded small literals; no forced 60k+ uniqueness inflation,none_or_normalize_only
PG_BOOL_R035_C10_SLOTS,PG_BOOL_R035_C10,PG_BOOL_R035,Y2,"{""inet"": ""private address sample"", ""integer"": ""1..150 realistic bounded literals"", ""jsonb"": ""small object/array literal"", ""text"": ""short safe ascii tokens"", ""uuid"": ""deterministic UUID literal""}",bounded small literals; no forced 60k+ uniqueness inflation,none_or_normalize_only
PG_BOOL_R036_C01_SLOTS,PG_BOOL_R036_C01,PG_BOOL_R036,Y2,"{""inet"": ""private address sample"", ""integer"": ""1..150 realistic bounded literals"", ""jsonb"": ""small object/array literal"", ""text"": ""short safe ascii tokens"", ""uuid"": ""deterministic UUID literal""}",bounded small literals; no forced 60k+ uniqueness inflation,none_or_normalize_only
PG_BOOL_R036_C02_SLOTS,PG_BOOL_R036_C02,PG_BOOL_R036,Y2,"{""inet"": ""private address sample"", ""integer"": ""1..150 realistic bounded literals"", ""jsonb"": ""small object/array literal"", ""text"": ""short safe ascii tokens"", ""uuid"": ""deterministic UUID literal""}",bounded small literals; no forced 60k+ uniqueness inflation,none_or_normalize_only
PG_BOOL_R036_C03_SLOTS,PG_BOOL_R036_C03,PG_BOOL_R036,Y2,"{""inet"": ""private address sample"", ""integer"": ""1..150 realistic bounded literals"", ""jsonb"": ""small object/array literal"", ""text"": ""short safe ascii tokens"", ""uuid"": ""deterministic UUID literal""}",bounded small literals; no forced 60k+ uniqueness inflation,none_or_normalize_only
PG_BOOL_R036_C04_SLOTS,PG_BOOL_R036_C04,PG_BOOL_R036,Y2,"{""inet"": ""private address sample"", ""integer"": ""1..150 realistic bounded literals"", ""jsonb"": ""small object/array literal"", ""text"": ""short safe ascii tokens"", ""uuid"": ""deterministic UUID literal""}",bounded small literals; no forced 60k+ uniqueness inflation,none_or_normalize_only
PG_BOOL_R036_C05_SLOTS,PG_BOOL_R036_C05,PG_BOOL_R036,Y2,"{""inet"": ""private address sample"", ""integer"": ""1..150 realistic bounded literals"", ""jsonb"": ""small object/array literal"", ""text"": ""short safe ascii tokens"", ""uuid"": ""deterministic UUID literal""}",bounded small literals; no forced 60k+ uniqueness inflation,none_or_normalize_only
PG_BOOL_R036_C06_SLOTS,PG_BOOL_R036_C06,PG_BOOL_R036,Y2,"{""inet"": ""private address sample"", ""integer"": ""1..150 realistic bounded literals"", ""jsonb"": ""small object/array literal"", ""text"": ""short safe ascii tokens"", ""uuid"": ""deterministic UUID literal""}",bounded small literals; no forced 60k+ uniqueness inflation,none_or_normalize_only
PG_BOOL_R036_C07_SLOTS,PG_BOOL_R036_C07,PG_BOOL_R036,Y2,"{""inet"": ""private address sample"", ""integer"": ""1..150 realistic bounded literals"", ""jsonb"": ""small object/array literal"", ""text"": ""short safe ascii tokens"", ""uuid"": ""deterministic UUID literal""}",bounded small literals; no forced 60k+ uniqueness inflation,none_or_normalize_only
PG_BOOL_R036_C08_SLOTS,PG_BOOL_R036_C08,PG_BOOL_R036,Y2,"{""inet"": ""private address sample"", ""integer"": ""1..150 realistic bounded literals"", ""jsonb"": ""small object/array literal"", ""text"": ""short safe ascii tokens"", ""uuid"": ""deterministic UUID literal""}",bounded small literals; no forced 60k+ uniqueness inflation,none_or_normalize_only
PG_BOOL_R036_C09_SLOTS,PG_BOOL_R036_C09,PG_BOOL_R036,Y2,"{""inet"": ""private address sample"", ""integer"": ""1..150 realistic bounded literals"", ""jsonb"": ""small object/array literal"", ""text"": ""short safe ascii tokens"", ""uuid"": ""deterministic UUID literal""}",bounded small literals; no forced 60k+ uniqueness inflation,none_or_normalize_only
PG_BOOL_R036_C10_SLOTS,PG_BOOL_R036_C10,PG_BOOL_R036,Y2,"{""inet"": ""private address sample"", ""integer"": ""1..150 realistic bounded literals"", ""jsonb"": ""small object/array literal"", ""text"": ""short safe ascii tokens"", ""uuid"": ""deterministic UUID literal""}",bounded small literals; no forced 60k+ uniqueness inflation,none_or_normalize_only
PG_BOOL_R037_C01_SLOTS,PG_BOOL_R037_C01,PG_BOOL_R037,Y2,"{""inet"": ""private address sample"", ""integer"": ""1..150 realistic bounded literals"", ""jsonb"": ""small object/array literal"", ""text"": ""short safe ascii tokens"", ""uuid"": ""deterministic UUID literal""}",bounded small literals; no forced 60k+ uniqueness inflation,none_or_normalize_only
PG_BOOL_R037_C02_SLOTS,PG_BOOL_R037_C02,PG_BOOL_R037,Y2,"{""inet"": ""private address sample"", ""integer"": ""1..150 realistic bounded literals"", ""jsonb"": ""small object/array literal"", ""text"": ""short safe ascii tokens"", ""uuid"": ""deterministic UUID literal""}",bounded small literals; no forced 60k+ uniqueness inflation,none_or_normalize_only
PG_BOOL_R037_C03_SLOTS,PG_BOOL_R037_C03,PG_BOOL_R037,Y2,"{""inet"": ""private address sample"", ""integer"": ""1..150 realistic bounded literals"", ""jsonb"": ""small object/array literal"", ""text"": ""short safe ascii tokens"", ""uuid"": ""deterministic UUID literal""}",bounded small literals; no forced 60k+ uniqueness inflation,none_or_normalize_only
PG_BOOL_R037_C04_SLOTS,PG_BOOL_R037_C04,PG_BOOL_R037,Y2,"{""inet"": ""private address sample"", ""integer"": ""1..150 realistic bounded literals"", ""jsonb"": ""small object/array literal"", ""text"": ""short safe ascii tokens"", ""uuid"": ""deterministic UUID literal""}",bounded small literals; no forced 60k+ uniqueness inflation,none_or_normalize_only
PG_BOOL_R037_C05_SLOTS,PG_BOOL_R037_C05,PG_BOOL_R037,Y2,"{""inet"": ""private address sample"", ""integer"": ""1..150 realistic bounded literals"", ""jsonb"": ""small object/array literal"", ""text"": ""short safe ascii tokens"", ""uuid"": ""deterministic UUID literal""}",bounded small literals; no forced 60k+ uniqueness inflation,none_or_normalize_only
PG_BOOL_R037_C06_SLOTS,PG_BOOL_R037_C06,PG_BOOL_R037,Y2,"{""inet"": ""private address sample"", ""integer"": ""1..150 realistic bounded literals"", ""jsonb"": ""small object/array literal"", ""text"": ""short safe ascii tokens"", ""uuid"": ""deterministic UUID literal""}",bounded small literals; no forced 60k+ uniqueness inflation,none_or_normalize_only
PG_BOOL_R037_C07_SLOTS,PG_BOOL_R037_C07,PG_BOOL_R037,Y2,"{""inet"": ""private address sample"", ""integer"": ""1..150 realistic bounded literals"", ""jsonb"": ""small object/array literal"", ""text"": ""short safe ascii tokens"", ""uuid"": ""deterministic UUID literal""}",bounded small literals; no forced 60k+ uniqueness inflation,none_or_normalize_only
PG_BOOL_R037_C08_SLOTS,PG_BOOL_R037_C08,PG_BOOL_R037,Y2,"{""inet"": ""private address sample"", ""integer"": ""1..150 realistic bounded literals"", ""jsonb"": ""small object/array literal"", ""text"": ""short safe ascii tokens"", ""uuid"": ""deterministic UUID literal""}",bounded small literals; no forced 60k+ uniqueness inflation,none_or_normalize_only
PG_BOOL_R037_C09_SLOTS,PG_BOOL_R037_C09,PG_BOOL_R037,Y2,"{""inet"": ""private address sample"", ""integer"": ""1..150 realistic bounded literals"", ""jsonb"": ""small object/array literal"", ""text"": ""short safe ascii tokens"", ""uuid"": ""deterministic UUID literal""}",bounded small literals; no forced 60k+ uniqueness inflation,none_or_normalize_only
PG_BOOL_R037_C10_SLOTS,PG_BOOL_R037_C10,PG_BOOL_R037,Y2,"{""inet"": ""private address sample"", ""integer"": ""1..150 realistic bounded literals"", ""jsonb"": ""small object/array literal"", ""text"": ""short safe ascii tokens"", ""uuid"": ""deterministic UUID literal""}",bounded small literals; no forced 60k+ uniqueness inflation,none_or_normalize_only
PG_BOOL_R038_C01_SLOTS,PG_BOOL_R038_C01,PG_BOOL_R038,Y2,"{""inet"": ""private address sample"", ""integer"": ""1..150 realistic bounded literals"", ""jsonb"": ""small object/array literal"", ""text"": ""short safe ascii tokens"", ""uuid"": ""deterministic UUID literal""}",bounded small literals; no forced 60k+ uniqueness inflation,none_or_normalize_only
PG_BOOL_R038_C02_SLOTS,PG_BOOL_R038_C02,PG_BOOL_R038,Y2,"{""inet"": ""private address sample"", ""integer"": ""1..150 realistic bounded literals"", ""jsonb"": ""small object/array literal"", ""text"": ""short safe ascii tokens"", ""uuid"": ""deterministic UUID literal""}",bounded small literals; no forced 60k+ uniqueness inflation,none_or_normalize_only
PG_BOOL_R038_C03_SLOTS,PG_BOOL_R038_C03,PG_BOOL_R038,Y2,"{""inet"": ""private address sample"", ""integer"": ""1..150 realistic bounded literals"", ""jsonb"": ""small object/array literal"", ""text"": ""short safe ascii tokens"", ""uuid"": ""deterministic UUID literal""}",bounded small literals; no forced 60k+ uniqueness inflation,none_or_normalize_only
PG_BOOL_R038_C04_SLOTS,PG_BOOL_R038_C04,PG_BOOL_R038,Y2,"{""inet"": ""private address sample"", ""integer"": ""1..150 realistic bounded literals"", ""jsonb"": ""small object/array literal"", ""text"": ""short safe ascii tokens"", ""uuid"": ""deterministic UUID literal""}",bounded small literals; no forced 60k+ uniqueness inflation,none_or_normalize_only
PG_BOOL_R038_C05_SLOTS,PG_BOOL_R038_C05,PG_BOOL_R038,Y2,"{""inet"": ""private address sample"", ""integer"": ""1..150 realistic bounded literals"", ""jsonb"": ""small object/array literal"", ""text"": ""short safe ascii tokens"", ""uuid"": ""deterministic UUID literal""}",bounded small literals; no forced 60k+ uniqueness inflation,none_or_normalize_only
PG_BOOL_R038_C06_SLOTS,PG_BOOL_R038_C06,PG_BOOL_R038,Y2,"{""inet"": ""private address sample"", ""integer"": ""1..150 realistic bounded literals"", ""jsonb"": ""small object/array literal"", ""text"": ""short safe ascii tokens"", ""uuid"": ""deterministic UUID literal""}",bounded small literals; no forced 60k+ uniqueness inflation,none_or_normalize_only
PG_BOOL_R038_C07_SLOTS,PG_BOOL_R038_C07,PG_BOOL_R038,Y2,"{""inet"": ""private address sample"", ""integer"": ""1..150 realistic bounded literals"", ""jsonb"": ""small object/array literal"", ""text"": ""short safe ascii tokens"", ""uuid"": ""deterministic UUID literal""}",bounded small literals; no forced 60k+ uniqueness inflation,none_or_normalize_only
PG_BOOL_R038_C08_SLOTS,PG_BOOL_R038_C08,PG_BOOL_R038,Y2,"{""inet"": ""private address sample"", ""integer"": ""1..150 realistic bounded literals"", ""jsonb"": ""small object/array literal"", ""text"": ""short safe ascii tokens"", ""uuid"": ""deterministic UUID literal""}",bounded small literals; no forced 60k+ uniqueness inflation,none_or_normalize_only
PG_BOOL_R038_C09_SLOTS,PG_BOOL_R038_C09,PG_BOOL_R038,Y2,"{""inet"": ""private address sample"", ""integer"": ""1..150 realistic bounded literals"", ""jsonb"": ""small object/array literal"", ""text"": ""short safe ascii tokens"", ""uuid"": ""deterministic UUID literal""}",bounded small literals; no forced 60k+ uniqueness inflation,none_or_normalize_only
PG_BOOL_R038_C10_SLOTS,PG_BOOL_R038_C10,PG_BOOL_R038,Y2,"{""inet"": ""private address sample"", ""integer"": ""1..150 realistic bounded literals"", ""jsonb"": ""small object/array literal"", ""text"": ""short safe ascii tokens"", ""uuid"": ""deterministic UUID literal""}",bounded small literals; no forced 60k+ uniqueness inflation,none_or_normalize_only
PG_BOOL_R039_C01_SLOTS,PG_BOOL_R039_C01,PG_BOOL_R039,Y2,"{""inet"": ""private address sample"", ""integer"": ""1..150 realistic bounded literals"", ""jsonb"": ""small object/array literal"", ""text"": ""short safe ascii tokens"", ""uuid"": ""deterministic UUID literal""}",bounded small literals; no forced 60k+ uniqueness inflation,none_or_normalize_only
PG_BOOL_R039_C02_SLOTS,PG_BOOL_R039_C02,PG_BOOL_R039,Y2,"{""inet"": ""private address sample"", ""integer"": ""1..150 realistic bounded literals"", ""jsonb"": ""small object/array literal"", ""text"": ""short safe ascii tokens"", ""uuid"": ""deterministic UUID literal""}",bounded small literals; no forced 60k+ uniqueness inflation,none_or_normalize_only
PG_BOOL_R039_C03_SLOTS,PG_BOOL_R039_C03,PG_BOOL_R039,Y2,"{""inet"": ""private address sample"", ""integer"": ""1..150 realistic bounded literals"", ""jsonb"": ""small object/array literal"", ""text"": ""short safe ascii tokens"", ""uuid"": ""deterministic UUID literal""}",bounded small literals; no forced 60k+ uniqueness inflation,none_or_normalize_only
PG_BOOL_R039_C04_SLOTS,PG_BOOL_R039_C04,PG_BOOL_R039,Y2,"{""inet"": ""private address sample"", ""integer"": ""1..150 realistic bounded literals"", ""jsonb"": ""small object/array literal"", ""text"": ""short safe ascii tokens"", ""uuid"": ""deterministic UUID literal""}",bounded small literals; no forced 60k+ uniqueness inflation,none_or_normalize_only
PG_BOOL_R039_C05_SLOTS,PG_BOOL_R039_C05,PG_BOOL_R039,Y2,"{""inet"": ""private address sample"", ""integer"": ""1..150 realistic bounded literals"", ""jsonb"": ""small object/array literal"", ""text"": ""short safe ascii tokens"", ""uuid"": ""deterministic UUID literal""}",bounded small literals; no forced 60k+ uniqueness inflation,none_or_normalize_only
PG_BOOL_R039_C06_SLOTS,PG_BOOL_R039_C06,PG_BOOL_R039,Y2,"{""inet"": ""private address sample"", ""integer"": ""1..150 realistic bounded literals"", ""jsonb"": ""small object/array literal"", ""text"": ""short safe ascii tokens"", ""uuid"": ""deterministic UUID literal""}",bounded small literals; no forced 60k+ uniqueness inflation,none_or_normalize_only
PG_BOOL_R039_C07_SLOTS,PG_BOOL_R039_C07,PG_BOOL_R039,Y2,"{""inet"": ""private address sample"", ""integer"": ""1..150 realistic bounded literals"", ""jsonb"": ""small object/array literal"", ""text"": ""short safe ascii tokens"", ""uuid"": ""deterministic UUID literal""}",bounded small literals; no forced 60k+ uniqueness inflation,none_or_normalize_only
PG_BOOL_R039_C08_SLOTS,PG_BOOL_R039_C08,PG_BOOL_R039,Y2,"{""inet"": ""private address sample"", ""integer"": ""1..150 realistic bounded literals"", ""jsonb"": ""small object/array literal"", ""text"": ""short safe ascii tokens"", ""uuid"": ""deterministic UUID literal""}",bounded small literals; no forced 60k+ uniqueness inflation,none_or_normalize_only
PG_BOOL_R039_C09_SLOTS,PG_BOOL_R039_C09,PG_BOOL_R039,Y2,"{""inet"": ""private address sample"", ""integer"": ""1..150 realistic bounded literals"", ""jsonb"": ""small object/array literal"", ""text"": ""short safe ascii tokens"", ""uuid"": ""deterministic UUID literal""}",bounded small literals; no forced 60k+ uniqueness inflation,none_or_normalize_only
PG_BOOL_R039_C10_SLOTS,PG_BOOL_R039_C10,PG_BOOL_R039,Y2,"{""inet"": ""private address sample"", ""integer"": ""1..150 realistic bounded literals"", ""jsonb"": ""small object/array literal"", ""text"": ""short safe ascii tokens"", ""uuid"": ""deterministic UUID literal""}",bounded small literals; no forced 60k+ uniqueness inflation,none_or_normalize_only
PG_BOOL_R040_C01_SLOTS,PG_BOOL_R040_C01,PG_BOOL_R040,Y2,"{""inet"": ""private address sample"", ""integer"": ""1..150 realistic bounded literals"", ""jsonb"": ""small object/array literal"", ""text"": ""short safe ascii tokens"", ""uuid"": ""deterministic UUID literal""}",bounded small literals; no forced 60k+ uniqueness inflation,none_or_normalize_only
PG_BOOL_R040_C02_SLOTS,PG_BOOL_R040_C02,PG_BOOL_R040,Y2,"{""inet"": ""private address sample"", ""integer"": ""1..150 realistic bounded literals"", ""jsonb"": ""small object/array literal"", ""text"": ""short safe ascii tokens"", ""uuid"": ""deterministic UUID literal""}",bounded small literals; no forced 60k+ uniqueness inflation,none_or_normalize_only
PG_BOOL_R040_C03_SLOTS,PG_BOOL_R040_C03,PG_BOOL_R040,Y2,"{""inet"": ""private address sample"", ""integer"": ""1..150 realistic bounded literals"", ""jsonb"": ""small object/array literal"", ""text"": ""short safe ascii tokens"", ""uuid"": ""deterministic UUID literal""}",bounded small literals; no forced 60k+ uniqueness inflation,none_or_normalize_only
PG_BOOL_R040_C04_SLOTS,PG_BOOL_R040_C04,PG_BOOL_R040,Y2,"{""inet"": ""private address sample"", ""integer"": ""1..150 realistic bounded literals"", ""jsonb"": ""small object/array literal"", ""text"": ""short safe ascii tokens"", ""uuid"": ""deterministic UUID literal""}",bounded small literals; no forced 60k+ uniqueness inflation,none_or_normalize_only
PG_BOOL_R040_C05_SLOTS,PG_BOOL_R040_C05,PG_BOOL_R040,Y2,"{""inet"": ""private address sample"", ""integer"": ""1..150 realistic bounded literals"", ""jsonb"": ""small object/array literal"", ""text"": ""short safe ascii tokens"", ""uuid"": ""deterministic UUID literal""}",bounded small literals; no forced 60k+ uniqueness inflation,none_or_normalize_only
PG_BOOL_R040_C06_SLOTS,PG_BOOL_R040_C06,PG_BOOL_R040,Y2,"{""inet"": ""private address sample"", ""integer"": ""1..150 realistic bounded literals"", ""jsonb"": ""small object/array literal"", ""text"": ""short safe ascii tokens"", ""uuid"": ""deterministic UUID literal""}",bounded small literals; no forced 60k+ uniqueness inflation,none_or_normalize_only
PG_BOOL_R040_C07_SLOTS,PG_BOOL_R040_C07,PG_BOOL_R040,Y2,"{""inet"": ""private address sample"", ""integer"": ""1..150 realistic bounded literals"", ""jsonb"": ""small object/array literal"", ""text"": ""short safe ascii tokens"", ""uuid"": ""deterministic UUID literal""}",bounded small literals; no forced 60k+ uniqueness inflation,none_or_normalize_only
PG_BOOL_R040_C08_SLOTS,PG_BOOL_R040_C08,PG_BOOL_R040,Y2,"{""inet"": ""private address sample"", ""integer"": ""1..150 realistic bounded literals"", ""jsonb"": ""small object/array literal"", ""text"": ""short safe ascii tokens"", ""uuid"": ""deterministic UUID literal""}",bounded small literals; no forced 60k+ uniqueness inflation,none_or_normalize_only
PG_BOOL_R040_C09_SLOTS,PG_BOOL_R040_C09,PG_BOOL_R040,Y2,"{""inet"": ""private address sample"", ""integer"": ""1..150 realistic bounded literals"", ""jsonb"": ""small object/array literal"", ""text"": ""short safe ascii tokens"", ""uuid"": ""deterministic UUID literal""}",bounded small literals; no forced 60k+ uniqueness inflation,none_or_normalize_only
PG_BOOL_R040_C10_SLOTS,PG_BOOL_R040_C10,PG_BOOL_R040,Y2,"{""inet"": ""private address sample"", ""integer"": ""1..150 realistic bounded literals"", ""jsonb"": ""small object/array literal"", ""text"": ""short safe ascii tokens"", ""uuid"": ""deterministic UUID literal""}",bounded small literals; no forced 60k+ uniqueness inflation,none_or_normalize_only
PG_BOOL_R041_C01_SLOTS,PG_BOOL_R041_C01,PG_BOOL_R041,Y2,"{""inet"": ""private address sample"", ""integer"": ""1..150 realistic bounded literals"", ""jsonb"": ""small object/array literal"", ""text"": ""short safe ascii tokens"", ""uuid"": ""deterministic UUID literal""}",bounded small literals; no forced 60k+ uniqueness inflation,none_or_normalize_only
PG_BOOL_R041_C02_SLOTS,PG_BOOL_R041_C02,PG_BOOL_R041,Y2,"{""inet"": ""private address sample"", ""integer"": ""1..150 realistic bounded literals"", ""jsonb"": ""small object/array literal"", ""text"": ""short safe ascii tokens"", ""uuid"": ""deterministic UUID literal""}",bounded small literals; no forced 60k+ uniqueness inflation,none_or_normalize_only
PG_BOOL_R041_C03_SLOTS,PG_BOOL_R041_C03,PG_BOOL_R041,Y2,"{""inet"": ""private address sample"", ""integer"": ""1..150 realistic bounded literals"", ""jsonb"": ""small object/array literal"", ""text"": ""short safe ascii tokens"", ""uuid"": ""deterministic UUID literal""}",bounded small literals; no forced 60k+ uniqueness inflation,none_or_normalize_only
PG_BOOL_R041_C04_SLOTS,PG_BOOL_R041_C04,PG_BOOL_R041,Y2,"{""inet"": ""private address sample"", ""integer"": ""1..150 realistic bounded literals"", ""jsonb"": ""small object/array literal"", ""text"": ""short safe ascii tokens"", ""uuid"": ""deterministic UUID literal""}",bounded small literals; no forced 60k+ uniqueness inflation,none_or_normalize_only
PG_BOOL_R041_C05_SLOTS,PG_BOOL_R041_C05,PG_BOOL_R041,Y2,"{""inet"": ""private address sample"", ""integer"": ""1..150 realistic bounded literals"", ""jsonb"": ""small object/array literal"", ""text"": ""short safe ascii tokens"", ""uuid"": ""deterministic UUID literal""}",bounded small literals; no forced 60k+ uniqueness inflation,none_or_normalize_only
PG_BOOL_R041_C06_SLOTS,PG_BOOL_R041_C06,PG_BOOL_R041,Y2,"{""inet"": ""private address sample"", ""integer"": ""1..150 realistic bounded literals"", ""jsonb"": ""small object/array literal"", ""text"": ""short safe ascii tokens"", ""uuid"": ""deterministic UUID literal""}",bounded small literals; no forced 60k+ uniqueness inflation,none_or_normalize_only
PG_BOOL_R041_C07_SLOTS,PG_BOOL_R041_C07,PG_BOOL_R041,Y2,"{""inet"": ""private address sample"", ""integer"": ""1..150 realistic bounded literals"", ""jsonb"": ""small object/array literal"", ""text"": ""short safe ascii tokens"", ""uuid"": ""deterministic UUID literal""}",bounded small literals; no forced 60k+ uniqueness inflation,none_or_normalize_only
PG_BOOL_R041_C08_SLOTS,PG_BOOL_R041_C08,PG_BOOL_R041,Y2,"{""inet"": ""private address sample"", ""integer"": ""1..150 realistic bounded literals"", ""jsonb"": ""small object/array literal"", ""text"": ""short safe ascii tokens"", ""uuid"": ""deterministic UUID literal""}",bounded small literals; no forced 60k+ uniqueness inflation,none_or_normalize_only
PG_BOOL_R041_C09_SLOTS,PG_BOOL_R041_C09,PG_BOOL_R041,Y2,"{""inet"": ""private address sample"", ""integer"": ""1..150 realistic bounded literals"", ""jsonb"": ""small object/array literal"", ""text"": ""short safe ascii tokens"", ""uuid"": ""deterministic UUID literal""}",bounded small literals; no forced 60k+ uniqueness inflation,none_or_normalize_only
PG_BOOL_R041_C10_SLOTS,PG_BOOL_R041_C10,PG_BOOL_R041,Y2,"{""inet"": ""private address sample"", ""integer"": ""1..150 realistic bounded literals"", ""jsonb"": ""small object/array literal"", ""text"": ""short safe ascii tokens"", ""uuid"": ""deterministic UUID literal""}",bounded small literals; no forced 60k+ uniqueness inflation,none_or_normalize_only
PG_BOOL_R042_C01_SLOTS,PG_BOOL_R042_C01,PG_BOOL_R042,Y2,"{""inet"": ""private address sample"", ""integer"": ""1..150 realistic bounded literals"", ""jsonb"": ""small object/array literal"", ""text"": ""short safe ascii tokens"", ""uuid"": ""deterministic UUID literal""}",bounded small literals; no forced 60k+ uniqueness inflation,none_or_normalize_only
PG_BOOL_R042_C02_SLOTS,PG_BOOL_R042_C02,PG_BOOL_R042,Y2,"{""inet"": ""private address sample"", ""integer"": ""1..150 realistic bounded literals"", ""jsonb"": ""small object/array literal"", ""text"": ""short safe ascii tokens"", ""uuid"": ""deterministic UUID literal""}",bounded small literals; no forced 60k+ uniqueness inflation,none_or_normalize_only
PG_BOOL_R042_C03_SLOTS,PG_BOOL_R042_C03,PG_BOOL_R042,Y2,"{""inet"": ""private address sample"", ""integer"": ""1..150 realistic bounded literals"", ""jsonb"": ""small object/array literal"", ""text"": ""short safe ascii tokens"", ""uuid"": ""deterministic UUID literal""}",bounded small literals; no forced 60k+ uniqueness inflation,none_or_normalize_only
PG_BOOL_R042_C04_SLOTS,PG_BOOL_R042_C04,PG_BOOL_R042,Y2,"{""inet"": ""private address sample"", ""integer"": ""1..150 realistic bounded literals"", ""jsonb"": ""small object/array literal"", ""text"": ""short safe ascii tokens"", ""uuid"": ""deterministic UUID literal""}",bounded small literals; no forced 60k+ uniqueness inflation,none_or_normalize_only
PG_BOOL_R042_C05_SLOTS,PG_BOOL_R042_C05,PG_BOOL_R042,Y2,"{""inet"": ""private address sample"", ""integer"": ""1..150 realistic bounded literals"", ""jsonb"": ""small object/array literal"", ""text"": ""short safe ascii tokens"", ""uuid"": ""deterministic UUID literal""}",bounded small literals; no forced 60k+ uniqueness inflation,none_or_normalize_only
PG_BOOL_R042_C06_SLOTS,PG_BOOL_R042_C06,PG_BOOL_R042,Y2,"{""inet"": ""private address sample"", ""integer"": ""1..150 realistic bounded literals"", ""jsonb"": ""small object/array literal"", ""text"": ""short safe ascii tokens"", ""uuid"": ""deterministic UUID literal""}",bounded small literals; no forced 60k+ uniqueness inflation,none_or_normalize_only
PG_BOOL_R042_C07_SLOTS,PG_BOOL_R042_C07,PG_BOOL_R042,Y2,"{""inet"": ""private address sample"", ""integer"": ""1..150 realistic bounded literals"", ""jsonb"": ""small object/array literal"", ""text"": ""short safe ascii tokens"", ""uuid"": ""deterministic UUID literal""}",bounded small literals; no forced 60k+ uniqueness inflation,none_or_normalize_only
PG_BOOL_R042_C08_SLOTS,PG_BOOL_R042_C08,PG_BOOL_R042,Y2,"{""inet"": ""private address sample"", ""integer"": ""1..150 realistic bounded literals"", ""jsonb"": ""small object/array literal"", ""text"": ""short safe ascii tokens"", ""uuid"": ""deterministic UUID literal""}",bounded small literals; no forced 60k+ uniqueness inflation,none_or_normalize_only
PG_BOOL_R042_C09_SLOTS,PG_BOOL_R042_C09,PG_BOOL_R042,Y2,"{""inet"": ""private address sample"", ""integer"": ""1..150 realistic bounded literals"", ""jsonb"": ""small object/array literal"", ""text"": ""short safe ascii tokens"", ""uuid"": ""deterministic UUID literal""}",bounded small literals; no forced 60k+ uniqueness inflation,none_or_normalize_only
PG_BOOL_R042_C10_SLOTS,PG_BOOL_R042_C10,PG_BOOL_R042,Y2,"{""inet"": ""private address sample"", ""integer"": ""1..150 realistic bounded literals"", ""jsonb"": ""small object/array literal"", ""text"": ""short safe ascii tokens"", ""uuid"": ""deterministic UUID literal""}",bounded small literals; no forced 60k+ uniqueness inflation,none_or_normalize_only
PG_BOOL_R043_C01_SLOTS,PG_BOOL_R043_C01,PG_BOOL_R043,Y2,"{""inet"": ""private address sample"", ""integer"": ""1..150 realistic bounded literals"", ""jsonb"": ""small object/array literal"", ""text"": ""short safe ascii tokens"", ""uuid"": ""deterministic UUID literal""}",bounded small literals; no forced 60k+ uniqueness inflation,none_or_normalize_only
PG_BOOL_R043_C02_SLOTS,PG_BOOL_R043_C02,PG_BOOL_R043,Y2,"{""inet"": ""private address sample"", ""integer"": ""1..150 realistic bounded literals"", ""jsonb"": ""small object/array literal"", ""text"": ""short safe ascii tokens"", ""uuid"": ""deterministic UUID literal""}",bounded small literals; no forced 60k+ uniqueness inflation,none_or_normalize_only
PG_BOOL_R043_C03_SLOTS,PG_BOOL_R043_C03,PG_BOOL_R043,Y2,"{""inet"": ""private address sample"", ""integer"": ""1..150 realistic bounded literals"", ""jsonb"": ""small object/array literal"", ""text"": ""short safe ascii tokens"", ""uuid"": ""deterministic UUID literal""}",bounded small literals; no forced 60k+ uniqueness inflation,none_or_normalize_only
PG_BOOL_R043_C04_SLOTS,PG_BOOL_R043_C04,PG_BOOL_R043,Y2,"{""inet"": ""private address sample"", ""integer"": ""1..150 realistic bounded literals"", ""jsonb"": ""small object/array literal"", ""text"": ""short safe ascii tokens"", ""uuid"": ""deterministic UUID literal""}",bounded small literals; no forced 60k+ uniqueness inflation,none_or_normalize_only
PG_BOOL_R043_C05_SLOTS,PG_BOOL_R043_C05,PG_BOOL_R043,Y2,"{""inet"": ""private address sample"", ""integer"": ""1..150 realistic bounded literals"", ""jsonb"": ""small object/array literal"", ""text"": ""short safe ascii tokens"", ""uuid"": ""deterministic UUID literal""}",bounded small literals; no forced 60k+ uniqueness inflation,none_or_normalize_only
PG_BOOL_R043_C06_SLOTS,PG_BOOL_R043_C06,PG_BOOL_R043,Y2,"{""inet"": ""private address sample"", ""integer"": ""1..150 realistic bounded literals"", ""jsonb"": ""small object/array literal"", ""text"": ""short safe ascii tokens"", ""uuid"": ""deterministic UUID literal""}",bounded small literals; no forced 60k+ uniqueness inflation,none_or_normalize_only
PG_BOOL_R043_C07_SLOTS,PG_BOOL_R043_C07,PG_BOOL_R043,Y2,"{""inet"": ""private address sample"", ""integer"": ""1..150 realistic bounded literals"", ""jsonb"": ""small object/array literal"", ""text"": ""short safe ascii tokens"", ""uuid"": ""deterministic UUID literal""}",bounded small literals; no forced 60k+ uniqueness inflation,none_or_normalize_only
PG_BOOL_R043_C08_SLOTS,PG_BOOL_R043_C08,PG_BOOL_R043,Y2,"{""inet"": ""private address sample"", ""integer"": ""1..150 realistic bounded literals"", ""jsonb"": ""small object/array literal"", ""text"": ""short safe ascii tokens"", ""uuid"": ""deterministic UUID literal""}",bounded small literals; no forced 60k+ uniqueness inflation,none_or_normalize_only
PG_BOOL_R043_C09_SLOTS,PG_BOOL_R043_C09,PG_BOOL_R043,Y2,"{""inet"": ""private address sample"", ""integer"": ""1..150 realistic bounded literals"", ""jsonb"": ""small object/array literal"", ""text"": ""short safe ascii tokens"", ""uuid"": ""deterministic UUID literal""}",bounded small literals; no forced 60k+ uniqueness inflation,none_or_normalize_only
PG_BOOL_R043_C10_SLOTS,PG_BOOL_R043_C10,PG_BOOL_R043,Y2,"{""inet"": ""private address sample"", ""integer"": ""1..150 realistic bounded literals"", ""jsonb"": ""small object/array literal"", ""text"": ""short safe ascii tokens"", ""uuid"": ""deterministic UUID literal""}",bounded small literals; no forced 60k+ uniqueness inflation,none_or_normalize_only
PG_BOOL_R044_C01_SLOTS,PG_BOOL_R044_C01,PG_BOOL_R044,Y2,"{""inet"": ""private address sample"", ""integer"": ""1..150 realistic bounded literals"", ""jsonb"": ""small object/array literal"", ""text"": ""short safe ascii tokens"", ""uuid"": ""deterministic UUID literal""}",bounded small literals; no forced 60k+ uniqueness inflation,none_or_normalize_only
PG_BOOL_R044_C02_SLOTS,PG_BOOL_R044_C02,PG_BOOL_R044,Y2,"{""inet"": ""private address sample"", ""integer"": ""1..150 realistic bounded literals"", ""jsonb"": ""small object/array literal"", ""text"": ""short safe ascii tokens"", ""uuid"": ""deterministic UUID literal""}",bounded small literals; no forced 60k+ uniqueness inflation,none_or_normalize_only
PG_BOOL_R044_C03_SLOTS,PG_BOOL_R044_C03,PG_BOOL_R044,Y2,"{""inet"": ""private address sample"", ""integer"": ""1..150 realistic bounded literals"", ""jsonb"": ""small object/array literal"", ""text"": ""short safe ascii tokens"", ""uuid"": ""deterministic UUID literal""}",bounded small literals; no forced 60k+ uniqueness inflation,none_or_normalize_only
PG_BOOL_R044_C04_SLOTS,PG_BOOL_R044_C04,PG_BOOL_R044,Y2,"{""inet"": ""private address sample"", ""integer"": ""1..150 realistic bounded literals"", ""jsonb"": ""small object/array literal"", ""text"": ""short safe ascii tokens"", ""uuid"": ""deterministic UUID literal""}",bounded small literals; no forced 60k+ uniqueness inflation,none_or_normalize_only
PG_BOOL_R044_C05_SLOTS,PG_BOOL_R044_C05,PG_BOOL_R044,Y2,"{""inet"": ""private address sample"", ""integer"": ""1..150 realistic bounded literals"", ""jsonb"": ""small object/array literal"", ""text"": ""short safe ascii tokens"", ""uuid"": ""deterministic UUID literal""}",bounded small literals; no forced 60k+ uniqueness inflation,none_or_normalize_only
PG_BOOL_R044_C06_SLOTS,PG_BOOL_R044_C06,PG_BOOL_R044,Y2,"{""inet"": ""private address sample"", ""integer"": ""1..150 realistic bounded literals"", ""jsonb"": ""small object/array literal"", ""text"": ""short safe ascii tokens"", ""uuid"": ""deterministic UUID literal""}",bounded small literals; no forced 60k+ uniqueness inflation,none_or_normalize_only
PG_BOOL_R044_C07_SLOTS,PG_BOOL_R044_C07,PG_BOOL_R044,Y2,"{""inet"": ""private address sample"", ""integer"": ""1..150 realistic bounded literals"", ""jsonb"": ""small object/array literal"", ""text"": ""short safe ascii tokens"", ""uuid"": ""deterministic UUID literal""}",bounded small literals; no forced 60k+ uniqueness inflation,none_or_normalize_only
PG_BOOL_R044_C08_SLOTS,PG_BOOL_R044_C08,PG_BOOL_R044,Y2,"{""inet"": ""private address sample"", ""integer"": ""1..150 realistic bounded literals"", ""jsonb"": ""small object/array literal"", ""text"": ""short safe ascii tokens"", ""uuid"": ""deterministic UUID literal""}",bounded small literals; no forced 60k+ uniqueness inflation,none_or_normalize_only
PG_BOOL_R044_C09_SLOTS,PG_BOOL_R044_C09,PG_BOOL_R044,Y2,"{""inet"": ""private address sample"", ""integer"": ""1..150 realistic bounded literals"", ""jsonb"": ""small object/array literal"", ""text"": ""short safe ascii tokens"", ""uuid"": ""deterministic UUID literal""}",bounded small literals; no forced 60k+ uniqueness inflation,none_or_normalize_only
PG_BOOL_R044_C10_SLOTS,PG_BOOL_R044_C10,PG_BOOL_R044,Y2,"{""inet"": ""private address sample"", ""integer"": ""1..150 realistic bounded literals"", ""jsonb"": ""small object/array literal"", ""text"": ""short safe ascii tokens"", ""uuid"": ""deterministic UUID literal""}",bounded small literals; no forced 60k+ uniqueness inflation,none_or_normalize_only
PG_BOOL_R045_C01_SLOTS,PG_BOOL_R045_C01,PG_BOOL_R045,Y2,"{""inet"": ""private address sample"", ""integer"": ""1..150 realistic bounded literals"", ""jsonb"": ""small object/array literal"", ""text"": ""short safe ascii tokens"", ""uuid"": ""deterministic UUID literal""}",bounded small literals; no forced 60k+ uniqueness inflation,none_or_normalize_only
PG_BOOL_R045_C02_SLOTS,PG_BOOL_R045_C02,PG_BOOL_R045,Y2,"{""inet"": ""private address sample"", ""integer"": ""1..150 realistic bounded literals"", ""jsonb"": ""small object/array literal"", ""text"": ""short safe ascii tokens"", ""uuid"": ""deterministic UUID literal""}",bounded small literals; no forced 60k+ uniqueness inflation,none_or_normalize_only
PG_BOOL_R045_C03_SLOTS,PG_BOOL_R045_C03,PG_BOOL_R045,Y2,"{""inet"": ""private address sample"", ""integer"": ""1..150 realistic bounded literals"", ""jsonb"": ""small object/array literal"", ""text"": ""short safe ascii tokens"", ""uuid"": ""deterministic UUID literal""}",bounded small literals; no forced 60k+ uniqueness inflation,none_or_normalize_only
PG_BOOL_R045_C04_SLOTS,PG_BOOL_R045_C04,PG_BOOL_R045,Y2,"{""inet"": ""private address sample"", ""integer"": ""1..150 realistic bounded literals"", ""jsonb"": ""small object/array literal"", ""text"": ""short safe ascii tokens"", ""uuid"": ""deterministic UUID literal""}",bounded small literals; no forced 60k+ uniqueness inflation,none_or_normalize_only
PG_BOOL_R045_C05_SLOTS,PG_BOOL_R045_C05,PG_BOOL_R045,Y2,"{""inet"": ""private address sample"", ""integer"": ""1..150 realistic bounded literals"", ""jsonb"": ""small object/array literal"", ""text"": ""short safe ascii tokens"", ""uuid"": ""deterministic UUID literal""}",bounded small literals; no forced 60k+ uniqueness inflation,none_or_normalize_only
PG_BOOL_R045_C06_SLOTS,PG_BOOL_R045_C06,PG_BOOL_R045,Y2,"{""inet"": ""private address sample"", ""integer"": ""1..150 realistic bounded literals"", ""jsonb"": ""small object/array literal"", ""text"": ""short safe ascii tokens"", ""uuid"": ""deterministic UUID literal""}",bounded small literals; no forced 60k+ uniqueness inflation,none_or_normalize_only
PG_BOOL_R045_C07_SLOTS,PG_BOOL_R045_C07,PG_BOOL_R045,Y2,"{""inet"": ""private address sample"", ""integer"": ""1..150 realistic bounded literals"", ""jsonb"": ""small object/array literal"", ""text"": ""short safe ascii tokens"", ""uuid"": ""deterministic UUID literal""}",bounded small literals; no forced 60k+ uniqueness inflation,none_or_normalize_only
PG_BOOL_R045_C08_SLOTS,PG_BOOL_R045_C08,PG_BOOL_R045,Y2,"{""inet"": ""private address sample"", ""integer"": ""1..150 realistic bounded literals"", ""jsonb"": ""small object/array literal"", ""text"": ""short safe ascii tokens"", ""uuid"": ""deterministic UUID literal""}",bounded small literals; no forced 60k+ uniqueness inflation,none_or_normalize_only
PG_BOOL_R045_C09_SLOTS,PG_BOOL_R045_C09,PG_BOOL_R045,Y2,"{""inet"": ""private address sample"", ""integer"": ""1..150 realistic bounded literals"", ""jsonb"": ""small object/array literal"", ""text"": ""short safe ascii tokens"", ""uuid"": ""deterministic UUID literal""}",bounded small literals; no forced 60k+ uniqueness inflation,none_or_normalize_only
PG_BOOL_R045_C10_SLOTS,PG_BOOL_R045_C10,PG_BOOL_R045,Y2,"{""inet"": ""private address sample"", ""integer"": ""1..150 realistic bounded literals"", ""jsonb"": ""small object/array literal"", ""text"": ""short safe ascii tokens"", ""uuid"": ""deterministic UUID literal""}",bounded small literals; no forced 60k+ uniqueness inflation,none_or_normalize_only
PG_BOOL_R046_C01_SLOTS,PG_BOOL_R046_C01,PG_BOOL_R046,Y2,"{""inet"": ""private address sample"", ""integer"": ""1..150 realistic bounded literals"", ""jsonb"": ""small object/array literal"", ""text"": ""short safe ascii tokens"", ""uuid"": ""deterministic UUID literal""}",bounded small literals; no forced 60k+ uniqueness inflation,none_or_normalize_only
PG_BOOL_R046_C02_SLOTS,PG_BOOL_R046_C02,PG_BOOL_R046,Y2,"{""inet"": ""private address sample"", ""integer"": ""1..150 realistic bounded literals"", ""jsonb"": ""small object/array literal"", ""text"": ""short safe ascii tokens"", ""uuid"": ""deterministic UUID literal""}",bounded small literals; no forced 60k+ uniqueness inflation,none_or_normalize_only
PG_BOOL_R046_C03_SLOTS,PG_BOOL_R046_C03,PG_BOOL_R046,Y2,"{""inet"": ""private address sample"", ""integer"": ""1..150 realistic bounded literals"", ""jsonb"": ""small object/array literal"", ""text"": ""short safe ascii tokens"", ""uuid"": ""deterministic UUID literal""}",bounded small literals; no forced 60k+ uniqueness inflation,none_or_normalize_only
PG_BOOL_R046_C04_SLOTS,PG_BOOL_R046_C04,PG_BOOL_R046,Y2,"{""inet"": ""private address sample"", ""integer"": ""1..150 realistic bounded literals"", ""jsonb"": ""small object/array literal"", ""text"": ""short safe ascii tokens"", ""uuid"": ""deterministic UUID literal""}",bounded small literals; no forced 60k+ uniqueness inflation,none_or_normalize_only
PG_BOOL_R046_C05_SLOTS,PG_BOOL_R046_C05,PG_BOOL_R046,Y2,"{""inet"": ""private address sample"", ""integer"": ""1..150 realistic bounded literals"", ""jsonb"": ""small object/array literal"", ""text"": ""short safe ascii tokens"", ""uuid"": ""deterministic UUID literal""}",bounded small literals; no forced 60k+ uniqueness inflation,none_or_normalize_only
PG_BOOL_R046_C06_SLOTS,PG_BOOL_R046_C06,PG_BOOL_R046,Y2,"{""inet"": ""private address sample"", ""integer"": ""1..150 realistic bounded literals"", ""jsonb"": ""small object/array literal"", ""text"": ""short safe ascii tokens"", ""uuid"": ""deterministic UUID literal""}",bounded small literals; no forced 60k+ uniqueness inflation,none_or_normalize_only
PG_BOOL_R046_C07_SLOTS,PG_BOOL_R046_C07,PG_BOOL_R046,Y2,"{""inet"": ""private address sample"", ""integer"": ""1..150 realistic bounded literals"", ""jsonb"": ""small object/array literal"", ""text"": ""short safe ascii tokens"", ""uuid"": ""deterministic UUID literal""}",bounded small literals; no forced 60k+ uniqueness inflation,none_or_normalize_only
PG_BOOL_R046_C08_SLOTS,PG_BOOL_R046_C08,PG_BOOL_R046,Y2,"{""inet"": ""private address sample"", ""integer"": ""1..150 realistic bounded literals"", ""jsonb"": ""small object/array literal"", ""text"": ""short safe ascii tokens"", ""uuid"": ""deterministic UUID literal""}",bounded small literals; no forced 60k+ uniqueness inflation,none_or_normalize_only
PG_BOOL_R046_C09_SLOTS,PG_BOOL_R046_C09,PG_BOOL_R046,Y2,"{""inet"": ""private address sample"", ""integer"": ""1..150 realistic bounded literals"", ""jsonb"": ""small object/array literal"", ""text"": ""short safe ascii tokens"", ""uuid"": ""deterministic UUID literal""}",bounded small literals; no forced 60k+ uniqueness inflation,none_or_normalize_only
PG_BOOL_R046_C10_SLOTS,PG_BOOL_R046_C10,PG_BOOL_R046,Y2,"{""inet"": ""private address sample"", ""integer"": ""1..150 realistic bounded literals"", ""jsonb"": ""small object/array literal"", ""text"": ""short safe ascii tokens"", ""uuid"": ""deterministic UUID literal""}",bounded small literals; no forced 60k+ uniqueness inflation,none_or_normalize_only
PG_BOOL_R047_C01_SLOTS,PG_BOOL_R047_C01,PG_BOOL_R047,Y2,"{""inet"": ""private address sample"", ""integer"": ""1..150 realistic bounded literals"", ""jsonb"": ""small object/array literal"", ""text"": ""short safe ascii tokens"", ""uuid"": ""deterministic UUID literal""}",bounded small literals; no forced 60k+ uniqueness inflation,none_or_normalize_only
PG_BOOL_R047_C02_SLOTS,PG_BOOL_R047_C02,PG_BOOL_R047,Y2,"{""inet"": ""private address sample"", ""integer"": ""1..150 realistic bounded literals"", ""jsonb"": ""small object/array literal"", ""text"": ""short safe ascii tokens"", ""uuid"": ""deterministic UUID literal""}",bounded small literals; no forced 60k+ uniqueness inflation,none_or_normalize_only
PG_BOOL_R047_C03_SLOTS,PG_BOOL_R047_C03,PG_BOOL_R047,Y2,"{""inet"": ""private address sample"", ""integer"": ""1..150 realistic bounded literals"", ""jsonb"": ""small object/array literal"", ""text"": ""short safe ascii tokens"", ""uuid"": ""deterministic UUID literal""}",bounded small literals; no forced 60k+ uniqueness inflation,none_or_normalize_only
PG_BOOL_R047_C04_SLOTS,PG_BOOL_R047_C04,PG_BOOL_R047,Y2,"{""inet"": ""private address sample"", ""integer"": ""1..150 realistic bounded literals"", ""jsonb"": ""small object/array literal"", ""text"": ""short safe ascii tokens"", ""uuid"": ""deterministic UUID literal""}",bounded small literals; no forced 60k+ uniqueness inflation,none_or_normalize_only
PG_BOOL_R047_C05_SLOTS,PG_BOOL_R047_C05,PG_BOOL_R047,Y2,"{""inet"": ""private address sample"", ""integer"": ""1..150 realistic bounded literals"", ""jsonb"": ""small object/array literal"", ""text"": ""short safe ascii tokens"", ""uuid"": ""deterministic UUID literal""}",bounded small literals; no forced 60k+ uniqueness inflation,none_or_normalize_only
PG_BOOL_R047_C06_SLOTS,PG_BOOL_R047_C06,PG_BOOL_R047,Y2,"{""inet"": ""private address sample"", ""integer"": ""1..150 realistic bounded literals"", ""jsonb"": ""small object/array literal"", ""text"": ""short safe ascii tokens"", ""uuid"": ""deterministic UUID literal""}",bounded small literals; no forced 60k+ uniqueness inflation,none_or_normalize_only
PG_BOOL_R047_C07_SLOTS,PG_BOOL_R047_C07,PG_BOOL_R047,Y2,"{""inet"": ""private address sample"", ""integer"": ""1..150 realistic bounded literals"", ""jsonb"": ""small object/array literal"", ""text"": ""short safe ascii tokens"", ""uuid"": ""deterministic UUID literal""}",bounded small literals; no forced 60k+ uniqueness inflation,none_or_normalize_only
PG_BOOL_R047_C08_SLOTS,PG_BOOL_R047_C08,PG_BOOL_R047,Y2,"{""inet"": ""private address sample"", ""integer"": ""1..150 realistic bounded literals"", ""jsonb"": ""small object/array literal"", ""text"": ""short safe ascii tokens"", ""uuid"": ""deterministic UUID literal""}",bounded small literals; no forced 60k+ uniqueness inflation,none_or_normalize_only
PG_BOOL_R047_C09_SLOTS,PG_BOOL_R047_C09,PG_BOOL_R047,Y2,"{""inet"": ""private address sample"", ""integer"": ""1..150 realistic bounded literals"", ""jsonb"": ""small object/array literal"", ""text"": ""short safe ascii tokens"", ""uuid"": ""deterministic UUID literal""}",bounded small literals; no forced 60k+ uniqueness inflation,none_or_normalize_only
PG_BOOL_R047_C10_SLOTS,PG_BOOL_R047_C10,PG_BOOL_R047,Y2,"{""inet"": ""private address sample"", ""integer"": ""1..150 realistic bounded literals"", ""jsonb"": ""small object/array literal"", ""text"": ""short safe ascii tokens"", ""uuid"": ""deterministic UUID literal""}",bounded small literals; no forced 60k+ uniqueness inflation,none_or_normalize_only
PG_BOOL_R048_C01_SLOTS,PG_BOOL_R048_C01,PG_BOOL_R048,Y2,"{""inet"": ""private address sample"", ""integer"": ""1..150 realistic bounded literals"", ""jsonb"": ""small object/array literal"", ""text"": ""short safe ascii tokens"", ""uuid"": ""deterministic UUID literal""}",bounded small literals; no forced 60k+ uniqueness inflation,none_or_normalize_only
PG_BOOL_R048_C02_SLOTS,PG_BOOL_R048_C02,PG_BOOL_R048,Y2,"{""inet"": ""private address sample"", ""integer"": ""1..150 realistic bounded literals"", ""jsonb"": ""small object/array literal"", ""text"": ""short safe ascii tokens"", ""uuid"": ""deterministic UUID literal""}",bounded small literals; no forced 60k+ uniqueness inflation,none_or_normalize_only
PG_BOOL_R048_C03_SLOTS,PG_BOOL_R048_C03,PG_BOOL_R048,Y2,"{""inet"": ""private address sample"", ""integer"": ""1..150 realistic bounded literals"", ""jsonb"": ""small object/array literal"", ""text"": ""short safe ascii tokens"", ""uuid"": ""deterministic UUID literal""}",bounded small literals; no forced 60k+ uniqueness inflation,none_or_normalize_only
PG_BOOL_R048_C04_SLOTS,PG_BOOL_R048_C04,PG_BOOL_R048,Y2,"{""inet"": ""private address sample"", ""integer"": ""1..150 realistic bounded literals"", ""jsonb"": ""small object/array literal"", ""text"": ""short safe ascii tokens"", ""uuid"": ""deterministic UUID literal""}",bounded small literals; no forced 60k+ uniqueness inflation,none_or_normalize_only
PG_BOOL_R048_C05_SLOTS,PG_BOOL_R048_C05,PG_BOOL_R048,Y2,"{""inet"": ""private address sample"", ""integer"": ""1..150 realistic bounded literals"", ""jsonb"": ""small object/array literal"", ""text"": ""short safe ascii tokens"", ""uuid"": ""deterministic UUID literal""}",bounded small literals; no forced 60k+ uniqueness inflation,none_or_normalize_only
PG_BOOL_R048_C06_SLOTS,PG_BOOL_R048_C06,PG_BOOL_R048,Y2,"{""inet"": ""private address sample"", ""integer"": ""1..150 realistic bounded literals"", ""jsonb"": ""small object/array literal"", ""text"": ""short safe ascii tokens"", ""uuid"": ""deterministic UUID literal""}",bounded small literals; no forced 60k+ uniqueness inflation,none_or_normalize_only
PG_BOOL_R048_C07_SLOTS,PG_BOOL_R048_C07,PG_BOOL_R048,Y2,"{""inet"": ""private address sample"", ""integer"": ""1..150 realistic bounded literals"", ""jsonb"": ""small object/array literal"", ""text"": ""short safe ascii tokens"", ""uuid"": ""deterministic UUID literal""}",bounded small literals; no forced 60k+ uniqueness inflation,none_or_normalize_only
PG_BOOL_R048_C08_SLOTS,PG_BOOL_R048_C08,PG_BOOL_R048,Y2,"{""inet"": ""private address sample"", ""integer"": ""1..150 realistic bounded literals"", ""jsonb"": ""small object/array literal"", ""text"": ""short safe ascii tokens"", ""uuid"": ""deterministic UUID literal""}",bounded small literals; no forced 60k+ uniqueness inflation,none_or_normalize_only
PG_BOOL_R048_C09_SLOTS,PG_BOOL_R048_C09,PG_BOOL_R048,Y2,"{""inet"": ""private address sample"", ""integer"": ""1..150 realistic bounded literals"", ""jsonb"": ""small object/array literal"", ""text"": ""short safe ascii tokens"", ""uuid"": ""deterministic UUID literal""}",bounded small literals; no forced 60k+ uniqueness inflation,none_or_normalize_only
PG_BOOL_R048_C10_SLOTS,PG_BOOL_R048_C10,PG_BOOL_R048,Y2,"{""inet"": ""private address sample"", ""integer"": ""1..150 realistic bounded literals"", ""jsonb"": ""small object/array literal"", ""text"": ""short safe ascii tokens"", ""uuid"": ""deterministic UUID literal""}",bounded small literals; no forced 60k+ uniqueness inflation,none_or_normalize_only
PG_BOOL_R049_C01_SLOTS,PG_BOOL_R049_C01,PG_BOOL_R049,Y2,"{""inet"": ""private address sample"", ""integer"": ""1..150 realistic bounded literals"", ""jsonb"": ""small object/array literal"", ""text"": ""short safe ascii tokens"", ""uuid"": ""deterministic UUID literal""}",bounded small literals; no forced 60k+ uniqueness inflation,none_or_normalize_only
PG_BOOL_R049_C02_SLOTS,PG_BOOL_R049_C02,PG_BOOL_R049,Y2,"{""inet"": ""private address sample"", ""integer"": ""1..150 realistic bounded literals"", ""jsonb"": ""small object/array literal"", ""text"": ""short safe ascii tokens"", ""uuid"": ""deterministic UUID literal""}",bounded small literals; no forced 60k+ uniqueness inflation,none_or_normalize_only
PG_BOOL_R049_C03_SLOTS,PG_BOOL_R049_C03,PG_BOOL_R049,Y2,"{""inet"": ""private address sample"", ""integer"": ""1..150 realistic bounded literals"", ""jsonb"": ""small object/array literal"", ""text"": ""short safe ascii tokens"", ""uuid"": ""deterministic UUID literal""}",bounded small literals; no forced 60k+ uniqueness inflation,none_or_normalize_only
PG_BOOL_R049_C04_SLOTS,PG_BOOL_R049_C04,PG_BOOL_R049,Y2,"{""inet"": ""private address sample"", ""integer"": ""1..150 realistic bounded literals"", ""jsonb"": ""small object/array literal"", ""text"": ""short safe ascii tokens"", ""uuid"": ""deterministic UUID literal""}",bounded small literals; no forced 60k+ uniqueness inflation,none_or_normalize_only
PG_BOOL_R049_C05_SLOTS,PG_BOOL_R049_C05,PG_BOOL_R049,Y2,"{""inet"": ""private address sample"", ""integer"": ""1..150 realistic bounded literals"", ""jsonb"": ""small object/array literal"", ""text"": ""short safe ascii tokens"", ""uuid"": ""deterministic UUID literal""}",bounded small literals; no forced 60k+ uniqueness inflation,none_or_normalize_only
PG_BOOL_R049_C06_SLOTS,PG_BOOL_R049_C06,PG_BOOL_R049,Y2,"{""inet"": ""private address sample"", ""integer"": ""1..150 realistic bounded literals"", ""jsonb"": ""small object/array literal"", ""text"": ""short safe ascii tokens"", ""uuid"": ""deterministic UUID literal""}",bounded small literals; no forced 60k+ uniqueness inflation,none_or_normalize_only
PG_BOOL_R049_C07_SLOTS,PG_BOOL_R049_C07,PG_BOOL_R049,Y2,"{""inet"": ""private address sample"", ""integer"": ""1..150 realistic bounded literals"", ""jsonb"": ""small object/array literal"", ""text"": ""short safe ascii tokens"", ""uuid"": ""deterministic UUID literal""}",bounded small literals; no forced 60k+ uniqueness inflation,none_or_normalize_only
PG_BOOL_R049_C08_SLOTS,PG_BOOL_R049_C08,PG_BOOL_R049,Y2,"{""inet"": ""private address sample"", ""integer"": ""1..150 realistic bounded literals"", ""jsonb"": ""small object/array literal"", ""text"": ""short safe ascii tokens"", ""uuid"": ""deterministic UUID literal""}",bounded small literals; no forced 60k+ uniqueness inflation,none_or_normalize_only
PG_BOOL_R049_C09_SLOTS,PG_BOOL_R049_C09,PG_BOOL_R049,Y2,"{""inet"": ""private address sample"", ""integer"": ""1..150 realistic bounded literals"", ""jsonb"": ""small object/array literal"", ""text"": ""short safe ascii tokens"", ""uuid"": ""deterministic UUID literal""}",bounded small literals; no forced 60k+ uniqueness inflation,none_or_normalize_only
PG_BOOL_R049_C10_SLOTS,PG_BOOL_R049_C10,PG_BOOL_R049,Y2,"{""inet"": ""private address sample"", ""integer"": ""1..150 realistic bounded literals"", ""jsonb"": ""small object/array literal"", ""text"": ""short safe ascii tokens"", ""uuid"": ""deterministic UUID literal""}",bounded small literals; no forced 60k+ uniqueness inflation,none_or_normalize_only
PG_BOOL_R050_C01_SLOTS,PG_BOOL_R050_C01,PG_BOOL_R050,Y2,"{""inet"": ""private address sample"", ""integer"": ""1..150 realistic bounded literals"", ""jsonb"": ""small object/array literal"", ""text"": ""short safe ascii tokens"", ""uuid"": ""deterministic UUID literal""}",bounded small literals; no forced 60k+ uniqueness inflation,none_or_normalize_only
PG_BOOL_R050_C02_SLOTS,PG_BOOL_R050_C02,PG_BOOL_R050,Y2,"{""inet"": ""private address sample"", ""integer"": ""1..150 realistic bounded literals"", ""jsonb"": ""small object/array literal"", ""text"": ""short safe ascii tokens"", ""uuid"": ""deterministic UUID literal""}",bounded small literals; no forced 60k+ uniqueness inflation,none_or_normalize_only
PG_BOOL_R050_C03_SLOTS,PG_BOOL_R050_C03,PG_BOOL_R050,Y2,"{""inet"": ""private address sample"", ""integer"": ""1..150 realistic bounded literals"", ""jsonb"": ""small object/array literal"", ""text"": ""short safe ascii tokens"", ""uuid"": ""deterministic UUID literal""}",bounded small literals; no forced 60k+ uniqueness inflation,none_or_normalize_only
PG_BOOL_R050_C04_SLOTS,PG_BOOL_R050_C04,PG_BOOL_R050,Y2,"{""inet"": ""private address sample"", ""integer"": ""1..150 realistic bounded literals"", ""jsonb"": ""small object/array literal"", ""text"": ""short safe ascii tokens"", ""uuid"": ""deterministic UUID literal""}",bounded small literals; no forced 60k+ uniqueness inflation,none_or_normalize_only
PG_BOOL_R050_C05_SLOTS,PG_BOOL_R050_C05,PG_BOOL_R050,Y2,"{""inet"": ""private address sample"", ""integer"": ""1..150 realistic bounded literals"", ""jsonb"": ""small object/array literal"", ""text"": ""short safe ascii tokens"", ""uuid"": ""deterministic UUID literal""}",bounded small literals; no forced 60k+ uniqueness inflation,none_or_normalize_only
PG_BOOL_R050_C06_SLOTS,PG_BOOL_R050_C06,PG_BOOL_R050,Y2,"{""inet"": ""private address sample"", ""integer"": ""1..150 realistic bounded literals"", ""jsonb"": ""small object/array literal"", ""text"": ""short safe ascii tokens"", ""uuid"": ""deterministic UUID literal""}",bounded small literals; no forced 60k+ uniqueness inflation,none_or_normalize_only
PG_BOOL_R050_C07_SLOTS,PG_BOOL_R050_C07,PG_BOOL_R050,Y2,"{""inet"": ""private address sample"", ""integer"": ""1..150 realistic bounded literals"", ""jsonb"": ""small object/array literal"", ""text"": ""short safe ascii tokens"", ""uuid"": ""deterministic UUID literal""}",bounded small literals; no forced 60k+ uniqueness inflation,none_or_normalize_only
PG_BOOL_R050_C08_SLOTS,PG_BOOL_R050_C08,PG_BOOL_R050,Y2,"{""inet"": ""private address sample"", ""integer"": ""1..150 realistic bounded literals"", ""jsonb"": ""small object/array literal"", ""text"": ""short safe ascii tokens"", ""uuid"": ""deterministic UUID literal""}",bounded small literals; no forced 60k+ uniqueness inflation,none_or_normalize_only
PG_BOOL_R050_C09_SLOTS,PG_BOOL_R050_C09,PG_BOOL_R050,Y2,"{""inet"": ""private address sample"", ""integer"": ""1..150 realistic bounded literals"", ""jsonb"": ""small object/array literal"", ""text"": ""short safe ascii tokens"", ""uuid"": ""deterministic UUID literal""}",bounded small literals; no forced 60k+ uniqueness inflation,none_or_normalize_only
PG_BOOL_R050_C10_SLOTS,PG_BOOL_R050_C10,PG_BOOL_R050,Y2,"{""inet"": ""private address sample"", ""integer"": ""1..150 realistic bounded literals"", ""jsonb"": ""small object/array literal"", ""text"": ""short safe ascii tokens"", ""uuid"": ""deterministic UUID literal""}",bounded small literals; no forced 60k+ uniqueness inflation,none_or_normalize_only
PG_BOOL_R051_C01_SLOTS,PG_BOOL_R051_C01,PG_BOOL_R051,Y2,"{""inet"": ""private address sample"", ""integer"": ""1..150 realistic bounded literals"", ""jsonb"": ""small object/array literal"", ""text"": ""short safe ascii tokens"", ""uuid"": ""deterministic UUID literal""}",bounded small literals; no forced 60k+ uniqueness inflation,none_or_normalize_only
PG_BOOL_R051_C02_SLOTS,PG_BOOL_R051_C02,PG_BOOL_R051,Y2,"{""inet"": ""private address sample"", ""integer"": ""1..150 realistic bounded literals"", ""jsonb"": ""small object/array literal"", ""text"": ""short safe ascii tokens"", ""uuid"": ""deterministic UUID literal""}",bounded small literals; no forced 60k+ uniqueness inflation,none_or_normalize_only
PG_BOOL_R051_C03_SLOTS,PG_BOOL_R051_C03,PG_BOOL_R051,Y2,"{""inet"": ""private address sample"", ""integer"": ""1..150 realistic bounded literals"", ""jsonb"": ""small object/array literal"", ""text"": ""short safe ascii tokens"", ""uuid"": ""deterministic UUID literal""}",bounded small literals; no forced 60k+ uniqueness inflation,none_or_normalize_only
PG_BOOL_R051_C04_SLOTS,PG_BOOL_R051_C04,PG_BOOL_R051,Y2,"{""inet"": ""private address sample"", ""integer"": ""1..150 realistic bounded literals"", ""jsonb"": ""small object/array literal"", ""text"": ""short safe ascii tokens"", ""uuid"": ""deterministic UUID literal""}",bounded small literals; no forced 60k+ uniqueness inflation,none_or_normalize_only
PG_BOOL_R051_C05_SLOTS,PG_BOOL_R051_C05,PG_BOOL_R051,Y2,"{""inet"": ""private address sample"", ""integer"": ""1..150 realistic bounded literals"", ""jsonb"": ""small object/array literal"", ""text"": ""short safe ascii tokens"", ""uuid"": ""deterministic UUID literal""}",bounded small literals; no forced 60k+ uniqueness inflation,none_or_normalize_only
PG_BOOL_R051_C06_SLOTS,PG_BOOL_R051_C06,PG_BOOL_R051,Y2,"{""inet"": ""private address sample"", ""integer"": ""1..150 realistic bounded literals"", ""jsonb"": ""small object/array literal"", ""text"": ""short safe ascii tokens"", ""uuid"": ""deterministic UUID literal""}",bounded small literals; no forced 60k+ uniqueness inflation,none_or_normalize_only
PG_BOOL_R051_C07_SLOTS,PG_BOOL_R051_C07,PG_BOOL_R051,Y2,"{""inet"": ""private address sample"", ""integer"": ""1..150 realistic bounded literals"", ""jsonb"": ""small object/array literal"", ""text"": ""short safe ascii tokens"", ""uuid"": ""deterministic UUID literal""}",bounded small literals; no forced 60k+ uniqueness inflation,none_or_normalize_only
PG_BOOL_R051_C08_SLOTS,PG_BOOL_R051_C08,PG_BOOL_R051,Y2,"{""inet"": ""private address sample"", ""integer"": ""1..150 realistic bounded literals"", ""jsonb"": ""small object/array literal"", ""text"": ""short safe ascii tokens"", ""uuid"": ""deterministic UUID literal""}",bounded small literals; no forced 60k+ uniqueness inflation,none_or_normalize_only
PG_BOOL_R051_C09_SLOTS,PG_BOOL_R051_C09,PG_BOOL_R051,Y2,"{""inet"": ""private address sample"", ""integer"": ""1..150 realistic bounded literals"", ""jsonb"": ""small object/array literal"", ""text"": ""short safe ascii tokens"", ""uuid"": ""deterministic UUID literal""}",bounded small literals; no forced 60k+ uniqueness inflation,none_or_normalize_only
PG_BOOL_R051_C10_SLOTS,PG_BOOL_R051_C10,PG_BOOL_R051,Y2,"{""inet"": ""private address sample"", ""integer"": ""1..150 realistic bounded literals"", ""jsonb"": ""small object/array literal"", ""text"": ""short safe ascii tokens"", ""uuid"": ""deterministic UUID literal""}",bounded small literals; no forced 60k+ uniqueness inflation,none_or_normalize_only
PG_BOOL_R052_C01_SLOTS,PG_BOOL_R052_C01,PG_BOOL_R052,Y2,"{""inet"": ""private address sample"", ""integer"": ""1..150 realistic bounded literals"", ""jsonb"": ""small object/array literal"", ""text"": ""short safe ascii tokens"", ""uuid"": ""deterministic UUID literal""}",bounded small literals; no forced 60k+ uniqueness inflation,none_or_normalize_only
PG_BOOL_R052_C02_SLOTS,PG_BOOL_R052_C02,PG_BOOL_R052,Y2,"{""inet"": ""private address sample"", ""integer"": ""1..150 realistic bounded literals"", ""jsonb"": ""small object/array literal"", ""text"": ""short safe ascii tokens"", ""uuid"": ""deterministic UUID literal""}",bounded small literals; no forced 60k+ uniqueness inflation,none_or_normalize_only
PG_BOOL_R052_C03_SLOTS,PG_BOOL_R052_C03,PG_BOOL_R052,Y2,"{""inet"": ""private address sample"", ""integer"": ""1..150 realistic bounded literals"", ""jsonb"": ""small object/array literal"", ""text"": ""short safe ascii tokens"", ""uuid"": ""deterministic UUID literal""}",bounded small literals; no forced 60k+ uniqueness inflation,none_or_normalize_only
PG_BOOL_R052_C04_SLOTS,PG_BOOL_R052_C04,PG_BOOL_R052,Y2,"{""inet"": ""private address sample"", ""integer"": ""1..150 realistic bounded literals"", ""jsonb"": ""small object/array literal"", ""text"": ""short safe ascii tokens"", ""uuid"": ""deterministic UUID literal""}",bounded small literals; no forced 60k+ uniqueness inflation,none_or_normalize_only
PG_BOOL_R052_C05_SLOTS,PG_BOOL_R052_C05,PG_BOOL_R052,Y2,"{""inet"": ""private address sample"", ""integer"": ""1..150 realistic bounded literals"", ""jsonb"": ""small object/array literal"", ""text"": ""short safe ascii tokens"", ""uuid"": ""deterministic UUID literal""}",bounded small literals; no forced 60k+ uniqueness inflation,none_or_normalize_only
PG_BOOL_R052_C06_SLOTS,PG_BOOL_R052_C06,PG_BOOL_R052,Y2,"{""inet"": ""private address sample"", ""integer"": ""1..150 realistic bounded literals"", ""jsonb"": ""small object/array literal"", ""text"": ""short safe ascii tokens"", ""uuid"": ""deterministic UUID literal""}",bounded small literals; no forced 60k+ uniqueness inflation,none_or_normalize_only
PG_BOOL_R052_C07_SLOTS,PG_BOOL_R052_C07,PG_BOOL_R052,Y2,"{""inet"": ""private address sample"", ""integer"": ""1..150 realistic bounded literals"", ""jsonb"": ""small object/array literal"", ""text"": ""short safe ascii tokens"", ""uuid"": ""deterministic UUID literal""}",bounded small literals; no forced 60k+ uniqueness inflation,none_or_normalize_only
PG_BOOL_R052_C08_SLOTS,PG_BOOL_R052_C08,PG_BOOL_R052,Y2,"{""inet"": ""private address sample"", ""integer"": ""1..150 realistic bounded literals"", ""jsonb"": ""small object/array literal"", ""text"": ""short safe ascii tokens"", ""uuid"": ""deterministic UUID literal""}",bounded small literals; no forced 60k+ uniqueness inflation,none_or_normalize_only
PG_BOOL_R052_C09_SLOTS,PG_BOOL_R052_C09,PG_BOOL_R052,Y2,"{""inet"": ""private address sample"", ""integer"": ""1..150 realistic bounded literals"", ""jsonb"": ""small object/array literal"", ""text"": ""short safe ascii tokens"", ""uuid"": ""deterministic UUID literal""}",bounded small literals; no forced 60k+ uniqueness inflation,none_or_normalize_only
PG_BOOL_R052_C10_SLOTS,PG_BOOL_R052_C10,PG_BOOL_R052,Y2,"{""inet"": ""private address sample"", ""integer"": ""1..150 realistic bounded literals"", ""jsonb"": ""small object/array literal"", ""text"": ""short safe ascii tokens"", ""uuid"": ""deterministic UUID literal""}",bounded small literals; no forced 60k+ uniqueness inflation,none_or_normalize_only
PG_BOOL_R053_C01_SLOTS,PG_BOOL_R053_C01,PG_BOOL_R053,Y2,"{""inet"": ""private address sample"", ""integer"": ""1..150 realistic bounded literals"", ""jsonb"": ""small object/array literal"", ""text"": ""short safe ascii tokens"", ""uuid"": ""deterministic UUID literal""}",bounded small literals; no forced 60k+ uniqueness inflation,none_or_normalize_only
PG_BOOL_R053_C02_SLOTS,PG_BOOL_R053_C02,PG_BOOL_R053,Y2,"{""inet"": ""private address sample"", ""integer"": ""1..150 realistic bounded literals"", ""jsonb"": ""small object/array literal"", ""text"": ""short safe ascii tokens"", ""uuid"": ""deterministic UUID literal""}",bounded small literals; no forced 60k+ uniqueness inflation,none_or_normalize_only
PG_BOOL_R053_C03_SLOTS,PG_BOOL_R053_C03,PG_BOOL_R053,Y2,"{""inet"": ""private address sample"", ""integer"": ""1..150 realistic bounded literals"", ""jsonb"": ""small object/array literal"", ""text"": ""short safe ascii tokens"", ""uuid"": ""deterministic UUID literal""}",bounded small literals; no forced 60k+ uniqueness inflation,none_or_normalize_only
PG_BOOL_R053_C04_SLOTS,PG_BOOL_R053_C04,PG_BOOL_R053,Y2,"{""inet"": ""private address sample"", ""integer"": ""1..150 realistic bounded literals"", ""jsonb"": ""small object/array literal"", ""text"": ""short safe ascii tokens"", ""uuid"": ""deterministic UUID literal""}",bounded small literals; no forced 60k+ uniqueness inflation,none_or_normalize_only
PG_BOOL_R053_C05_SLOTS,PG_BOOL_R053_C05,PG_BOOL_R053,Y2,"{""inet"": ""private address sample"", ""integer"": ""1..150 realistic bounded literals"", ""jsonb"": ""small object/array literal"", ""text"": ""short safe ascii tokens"", ""uuid"": ""deterministic UUID literal""}",bounded small literals; no forced 60k+ uniqueness inflation,none_or_normalize_only
PG_BOOL_R053_C06_SLOTS,PG_BOOL_R053_C06,PG_BOOL_R053,Y2,"{""inet"": ""private address sample"", ""integer"": ""1..150 realistic bounded literals"", ""jsonb"": ""small object/array literal"", ""text"": ""short safe ascii tokens"", ""uuid"": ""deterministic UUID literal""}",bounded small literals; no forced 60k+ uniqueness inflation,none_or_normalize_only
PG_BOOL_R053_C07_SLOTS,PG_BOOL_R053_C07,PG_BOOL_R053,Y2,"{""inet"": ""private address sample"", ""integer"": ""1..150 realistic bounded literals"", ""jsonb"": ""small object/array literal"", ""text"": ""short safe ascii tokens"", ""uuid"": ""deterministic UUID literal""}",bounded small literals; no forced 60k+ uniqueness inflation,none_or_normalize_only
PG_BOOL_R053_C08_SLOTS,PG_BOOL_R053_C08,PG_BOOL_R053,Y2,"{""inet"": ""private address sample"", ""integer"": ""1..150 realistic bounded literals"", ""jsonb"": ""small object/array literal"", ""text"": ""short safe ascii tokens"", ""uuid"": ""deterministic UUID literal""}",bounded small literals; no forced 60k+ uniqueness inflation,none_or_normalize_only
PG_BOOL_R053_C09_SLOTS,PG_BOOL_R053_C09,PG_BOOL_R053,Y2,"{""inet"": ""private address sample"", ""integer"": ""1..150 realistic bounded literals"", ""jsonb"": ""small object/array literal"", ""text"": ""short safe ascii tokens"", ""uuid"": ""deterministic UUID literal""}",bounded small literals; no forced 60k+ uniqueness inflation,none_or_normalize_only
PG_BOOL_R053_C10_SLOTS,PG_BOOL_R053_C10,PG_BOOL_R053,Y2,"{""inet"": ""private address sample"", ""integer"": ""1..150 realistic bounded literals"", ""jsonb"": ""small object/array literal"", ""text"": ""short safe ascii tokens"", ""uuid"": ""deterministic UUID literal""}",bounded small literals; no forced 60k+ uniqueness inflation,none_or_normalize_only
PG_BOOL_R054_C01_SLOTS,PG_BOOL_R054_C01,PG_BOOL_R054,Y2,"{""inet"": ""private address sample"", ""integer"": ""1..150 realistic bounded literals"", ""jsonb"": ""small object/array literal"", ""text"": ""short safe ascii tokens"", ""uuid"": ""deterministic UUID literal""}",bounded small literals; no forced 60k+ uniqueness inflation,none_or_normalize_only
PG_BOOL_R054_C02_SLOTS,PG_BOOL_R054_C02,PG_BOOL_R054,Y2,"{""inet"": ""private address sample"", ""integer"": ""1..150 realistic bounded literals"", ""jsonb"": ""small object/array literal"", ""text"": ""short safe ascii tokens"", ""uuid"": ""deterministic UUID literal""}",bounded small literals; no forced 60k+ uniqueness inflation,none_or_normalize_only
PG_BOOL_R054_C03_SLOTS,PG_BOOL_R054_C03,PG_BOOL_R054,Y2,"{""inet"": ""private address sample"", ""integer"": ""1..150 realistic bounded literals"", ""jsonb"": ""small object/array literal"", ""text"": ""short safe ascii tokens"", ""uuid"": ""deterministic UUID literal""}",bounded small literals; no forced 60k+ uniqueness inflation,none_or_normalize_only
PG_BOOL_R054_C04_SLOTS,PG_BOOL_R054_C04,PG_BOOL_R054,Y2,"{""inet"": ""private address sample"", ""integer"": ""1..150 realistic bounded literals"", ""jsonb"": ""small object/array literal"", ""text"": ""short safe ascii tokens"", ""uuid"": ""deterministic UUID literal""}",bounded small literals; no forced 60k+ uniqueness inflation,none_or_normalize_only
PG_BOOL_R054_C05_SLOTS,PG_BOOL_R054_C05,PG_BOOL_R054,Y2,"{""inet"": ""private address sample"", ""integer"": ""1..150 realistic bounded literals"", ""jsonb"": ""small object/array literal"", ""text"": ""short safe ascii tokens"", ""uuid"": ""deterministic UUID literal""}",bounded small literals; no forced 60k+ uniqueness inflation,none_or_normalize_only
PG_BOOL_R054_C06_SLOTS,PG_BOOL_R054_C06,PG_BOOL_R054,Y2,"{""inet"": ""private address sample"", ""integer"": ""1..150 realistic bounded literals"", ""jsonb"": ""small object/array literal"", ""text"": ""short safe ascii tokens"", ""uuid"": ""deterministic UUID literal""}",bounded small literals; no forced 60k+ uniqueness inflation,none_or_normalize_only
PG_BOOL_R054_C07_SLOTS,PG_BOOL_R054_C07,PG_BOOL_R054,Y2,"{""inet"": ""private address sample"", ""integer"": ""1..150 realistic bounded literals"", ""jsonb"": ""small object/array literal"", ""text"": ""short safe ascii tokens"", ""uuid"": ""deterministic UUID literal""}",bounded small literals; no forced 60k+ uniqueness inflation,none_or_normalize_only
PG_BOOL_R054_C08_SLOTS,PG_BOOL_R054_C08,PG_BOOL_R054,Y2,"{""inet"": ""private address sample"", ""integer"": ""1..150 realistic bounded literals"", ""jsonb"": ""small object/array literal"", ""text"": ""short safe ascii tokens"", ""uuid"": ""deterministic UUID literal""}",bounded small literals; no forced 60k+ uniqueness inflation,none_or_normalize_only
PG_BOOL_R054_C09_SLOTS,PG_BOOL_R054_C09,PG_BOOL_R054,Y2,"{""inet"": ""private address sample"", ""integer"": ""1..150 realistic bounded literals"", ""jsonb"": ""small object/array literal"", ""text"": ""short safe ascii tokens"", ""uuid"": ""deterministic UUID literal""}",bounded small literals; no forced 60k+ uniqueness inflation,none_or_normalize_only
PG_BOOL_R054_C10_SLOTS,PG_BOOL_R054_C10,PG_BOOL_R054,Y2,"{""inet"": ""private address sample"", ""integer"": ""1..150 realistic bounded literals"", ""jsonb"": ""small object/array literal"", ""text"": ""short safe ascii tokens"", ""uuid"": ""deterministic UUID literal""}",bounded small literals; no forced 60k+ uniqueness inflation,none_or_normalize_only
PG_BOOL_R055_C01_SLOTS,PG_BOOL_R055_C01,PG_BOOL_R055,Y2,"{""inet"": ""private address sample"", ""integer"": ""1..150 realistic bounded literals"", ""jsonb"": ""small object/array literal"", ""text"": ""short safe ascii tokens"", ""uuid"": ""deterministic UUID literal""}",bounded small literals; no forced 60k+ uniqueness inflation,none_or_normalize_only
PG_BOOL_R055_C02_SLOTS,PG_BOOL_R055_C02,PG_BOOL_R055,Y2,"{""inet"": ""private address sample"", ""integer"": ""1..150 realistic bounded literals"", ""jsonb"": ""small object/array literal"", ""text"": ""short safe ascii tokens"", ""uuid"": ""deterministic UUID literal""}",bounded small literals; no forced 60k+ uniqueness inflation,none_or_normalize_only
PG_BOOL_R055_C03_SLOTS,PG_BOOL_R055_C03,PG_BOOL_R055,Y2,"{""inet"": ""private address sample"", ""integer"": ""1..150 realistic bounded literals"", ""jsonb"": ""small object/array literal"", ""text"": ""short safe ascii tokens"", ""uuid"": ""deterministic UUID literal""}",bounded small literals; no forced 60k+ uniqueness inflation,none_or_normalize_only
PG_BOOL_R055_C04_SLOTS,PG_BOOL_R055_C04,PG_BOOL_R055,Y2,"{""inet"": ""private address sample"", ""integer"": ""1..150 realistic bounded literals"", ""jsonb"": ""small object/array literal"", ""text"": ""short safe ascii tokens"", ""uuid"": ""deterministic UUID literal""}",bounded small literals; no forced 60k+ uniqueness inflation,none_or_normalize_only
PG_BOOL_R055_C05_SLOTS,PG_BOOL_R055_C05,PG_BOOL_R055,Y2,"{""inet"": ""private address sample"", ""integer"": ""1..150 realistic bounded literals"", ""jsonb"": ""small object/array literal"", ""text"": ""short safe ascii tokens"", ""uuid"": ""deterministic UUID literal""}",bounded small literals; no forced 60k+ uniqueness inflation,none_or_normalize_only
PG_BOOL_R055_C06_SLOTS,PG_BOOL_R055_C06,PG_BOOL_R055,Y2,"{""inet"": ""private address sample"", ""integer"": ""1..150 realistic bounded literals"", ""jsonb"": ""small object/array literal"", ""text"": ""short safe ascii tokens"", ""uuid"": ""deterministic UUID literal""}",bounded small literals; no forced 60k+ uniqueness inflation,none_or_normalize_only
PG_BOOL_R055_C07_SLOTS,PG_BOOL_R055_C07,PG_BOOL_R055,Y2,"{""inet"": ""private address sample"", ""integer"": ""1..150 realistic bounded literals"", ""jsonb"": ""small object/array literal"", ""text"": ""short safe ascii tokens"", ""uuid"": ""deterministic UUID literal""}",bounded small literals; no forced 60k+ uniqueness inflation,none_or_normalize_only
PG_BOOL_R055_C08_SLOTS,PG_BOOL_R055_C08,PG_BOOL_R055,Y2,"{""inet"": ""private address sample"", ""integer"": ""1..150 realistic bounded literals"", ""jsonb"": ""small object/array literal"", ""text"": ""short safe ascii tokens"", ""uuid"": ""deterministic UUID literal""}",bounded small literals; no forced 60k+ uniqueness inflation,none_or_normalize_only
PG_BOOL_R055_C09_SLOTS,PG_BOOL_R055_C09,PG_BOOL_R055,Y2,"{""inet"": ""private address sample"", ""integer"": ""1..150 realistic bounded literals"", ""jsonb"": ""small object/array literal"", ""text"": ""short safe ascii tokens"", ""uuid"": ""deterministic UUID literal""}",bounded small literals; no forced 60k+ uniqueness inflation,none_or_normalize_only
PG_BOOL_R055_C10_SLOTS,PG_BOOL_R055_C10,PG_BOOL_R055,Y2,"{""inet"": ""private address sample"", ""integer"": ""1..150 realistic bounded literals"", ""jsonb"": ""small object/array literal"", ""text"": ""short safe ascii tokens"", ""uuid"": ""deterministic UUID literal""}",bounded small literals; no forced 60k+ uniqueness inflation,none_or_normalize_only
PG_BOOL_R056_C01_SLOTS,PG_BOOL_R056_C01,PG_BOOL_R056,Y2,"{""inet"": ""private address sample"", ""integer"": ""1..150 realistic bounded literals"", ""jsonb"": ""small object/array literal"", ""text"": ""short safe ascii tokens"", ""uuid"": ""deterministic UUID literal""}",bounded small literals; no forced 60k+ uniqueness inflation,none_or_normalize_only
PG_BOOL_R056_C02_SLOTS,PG_BOOL_R056_C02,PG_BOOL_R056,Y2,"{""inet"": ""private address sample"", ""integer"": ""1..150 realistic bounded literals"", ""jsonb"": ""small object/array literal"", ""text"": ""short safe ascii tokens"", ""uuid"": ""deterministic UUID literal""}",bounded small literals; no forced 60k+ uniqueness inflation,none_or_normalize_only
PG_BOOL_R056_C03_SLOTS,PG_BOOL_R056_C03,PG_BOOL_R056,Y2,"{""inet"": ""private address sample"", ""integer"": ""1..150 realistic bounded literals"", ""jsonb"": ""small object/array literal"", ""text"": ""short safe ascii tokens"", ""uuid"": ""deterministic UUID literal""}",bounded small literals; no forced 60k+ uniqueness inflation,none_or_normalize_only
PG_BOOL_R056_C04_SLOTS,PG_BOOL_R056_C04,PG_BOOL_R056,Y2,"{""inet"": ""private address sample"", ""integer"": ""1..150 realistic bounded literals"", ""jsonb"": ""small object/array literal"", ""text"": ""short safe ascii tokens"", ""uuid"": ""deterministic UUID literal""}",bounded small literals; no forced 60k+ uniqueness inflation,none_or_normalize_only
PG_BOOL_R056_C05_SLOTS,PG_BOOL_R056_C05,PG_BOOL_R056,Y2,"{""inet"": ""private address sample"", ""integer"": ""1..150 realistic bounded literals"", ""jsonb"": ""small object/array literal"", ""text"": ""short safe ascii tokens"", ""uuid"": ""deterministic UUID literal""}",bounded small literals; no forced 60k+ uniqueness inflation,none_or_normalize_only
PG_BOOL_R056_C06_SLOTS,PG_BOOL_R056_C06,PG_BOOL_R056,Y2,"{""inet"": ""private address sample"", ""integer"": ""1..150 realistic bounded literals"", ""jsonb"": ""small object/array literal"", ""text"": ""short safe ascii tokens"", ""uuid"": ""deterministic UUID literal""}",bounded small literals; no forced 60k+ uniqueness inflation,none_or_normalize_only
PG_BOOL_R056_C07_SLOTS,PG_BOOL_R056_C07,PG_BOOL_R056,Y2,"{""inet"": ""private address sample"", ""integer"": ""1..150 realistic bounded literals"", ""jsonb"": ""small object/array literal"", ""text"": ""short safe ascii tokens"", ""uuid"": ""deterministic UUID literal""}",bounded small literals; no forced 60k+ uniqueness inflation,none_or_normalize_only
PG_BOOL_R056_C08_SLOTS,PG_BOOL_R056_C08,PG_BOOL_R056,Y2,"{""inet"": ""private address sample"", ""integer"": ""1..150 realistic bounded literals"", ""jsonb"": ""small object/array literal"", ""text"": ""short safe ascii tokens"", ""uuid"": ""deterministic UUID literal""}",bounded small literals; no forced 60k+ uniqueness inflation,none_or_normalize_only
PG_BOOL_R056_C09_SLOTS,PG_BOOL_R056_C09,PG_BOOL_R056,Y2,"{""inet"": ""private address sample"", ""integer"": ""1..150 realistic bounded literals"", ""jsonb"": ""small object/array literal"", ""text"": ""short safe ascii tokens"", ""uuid"": ""deterministic UUID literal""}",bounded small literals; no forced 60k+ uniqueness inflation,none_or_normalize_only
PG_BOOL_R056_C10_SLOTS,PG_BOOL_R056_C10,PG_BOOL_R056,Y2,"{""inet"": ""private address sample"", ""integer"": ""1..150 realistic bounded literals"", ""jsonb"": ""small object/array literal"", ""text"": ""short safe ascii tokens"", ""uuid"": ""deterministic UUID literal""}",bounded small literals; no forced 60k+ uniqueness inflation,none_or_normalize_only
PG_BOOL_R057_C01_SLOTS,PG_BOOL_R057_C01,PG_BOOL_R057,Y2,"{""inet"": ""private address sample"", ""integer"": ""1..150 realistic bounded literals"", ""jsonb"": ""small object/array literal"", ""text"": ""short safe ascii tokens"", ""uuid"": ""deterministic UUID literal""}",bounded small literals; no forced 60k+ uniqueness inflation,none_or_normalize_only
PG_BOOL_R057_C02_SLOTS,PG_BOOL_R057_C02,PG_BOOL_R057,Y2,"{""inet"": ""private address sample"", ""integer"": ""1..150 realistic bounded literals"", ""jsonb"": ""small object/array literal"", ""text"": ""short safe ascii tokens"", ""uuid"": ""deterministic UUID literal""}",bounded small literals; no forced 60k+ uniqueness inflation,none_or_normalize_only
PG_BOOL_R057_C03_SLOTS,PG_BOOL_R057_C03,PG_BOOL_R057,Y2,"{""inet"": ""private address sample"", ""integer"": ""1..150 realistic bounded literals"", ""jsonb"": ""small object/array literal"", ""text"": ""short safe ascii tokens"", ""uuid"": ""deterministic UUID literal""}",bounded small literals; no forced 60k+ uniqueness inflation,none_or_normalize_only
PG_BOOL_R057_C04_SLOTS,PG_BOOL_R057_C04,PG_BOOL_R057,Y2,"{""inet"": ""private address sample"", ""integer"": ""1..150 realistic bounded literals"", ""jsonb"": ""small object/array literal"", ""text"": ""short safe ascii tokens"", ""uuid"": ""deterministic UUID literal""}",bounded small literals; no forced 60k+ uniqueness inflation,none_or_normalize_only
PG_BOOL_R057_C05_SLOTS,PG_BOOL_R057_C05,PG_BOOL_R057,Y2,"{""inet"": ""private address sample"", ""integer"": ""1..150 realistic bounded literals"", ""jsonb"": ""small object/array literal"", ""text"": ""short safe ascii tokens"", ""uuid"": ""deterministic UUID literal""}",bounded small literals; no forced 60k+ uniqueness inflation,none_or_normalize_only
PG_BOOL_R057_C06_SLOTS,PG_BOOL_R057_C06,PG_BOOL_R057,Y2,"{""inet"": ""private address sample"", ""integer"": ""1..150 realistic bounded literals"", ""jsonb"": ""small object/array literal"", ""text"": ""short safe ascii tokens"", ""uuid"": ""deterministic UUID literal""}",bounded small literals; no forced 60k+ uniqueness inflation,none_or_normalize_only
PG_BOOL_R057_C07_SLOTS,PG_BOOL_R057_C07,PG_BOOL_R057,Y2,"{""inet"": ""private address sample"", ""integer"": ""1..150 realistic bounded literals"", ""jsonb"": ""small object/array literal"", ""text"": ""short safe ascii tokens"", ""uuid"": ""deterministic UUID literal""}",bounded small literals; no forced 60k+ uniqueness inflation,none_or_normalize_only
PG_BOOL_R057_C08_SLOTS,PG_BOOL_R057_C08,PG_BOOL_R057,Y2,"{""inet"": ""private address sample"", ""integer"": ""1..150 realistic bounded literals"", ""jsonb"": ""small object/array literal"", ""text"": ""short safe ascii tokens"", ""uuid"": ""deterministic UUID literal""}",bounded small literals; no forced 60k+ uniqueness inflation,none_or_normalize_only
PG_BOOL_R057_C09_SLOTS,PG_BOOL_R057_C09,PG_BOOL_R057,Y2,"{""inet"": ""private address sample"", ""integer"": ""1..150 realistic bounded literals"", ""jsonb"": ""small object/array literal"", ""text"": ""short safe ascii tokens"", ""uuid"": ""deterministic UUID literal""}",bounded small literals; no forced 60k+ uniqueness inflation,none_or_normalize_only
PG_BOOL_R057_C10_SLOTS,PG_BOOL_R057_C10,PG_BOOL_R057,Y2,"{""inet"": ""private address sample"", ""integer"": ""1..150 realistic bounded literals"", ""jsonb"": ""small object/array literal"", ""text"": ""short safe ascii tokens"", ""uuid"": ""deterministic UUID literal""}",bounded small literals; no forced 60k+ uniqueness inflation,none_or_normalize_only
PG_BOOL_R058_C01_SLOTS,PG_BOOL_R058_C01,PG_BOOL_R058,Y2,"{""inet"": ""private address sample"", ""integer"": ""1..150 realistic bounded literals"", ""jsonb"": ""small object/array literal"", ""text"": ""short safe ascii tokens"", ""uuid"": ""deterministic UUID literal""}",bounded small literals; no forced 60k+ uniqueness inflation,none_or_normalize_only
PG_BOOL_R058_C02_SLOTS,PG_BOOL_R058_C02,PG_BOOL_R058,Y2,"{""inet"": ""private address sample"", ""integer"": ""1..150 realistic bounded literals"", ""jsonb"": ""small object/array literal"", ""text"": ""short safe ascii tokens"", ""uuid"": ""deterministic UUID literal""}",bounded small literals; no forced 60k+ uniqueness inflation,none_or_normalize_only
PG_BOOL_R058_C03_SLOTS,PG_BOOL_R058_C03,PG_BOOL_R058,Y2,"{""inet"": ""private address sample"", ""integer"": ""1..150 realistic bounded literals"", ""jsonb"": ""small object/array literal"", ""text"": ""short safe ascii tokens"", ""uuid"": ""deterministic UUID literal""}",bounded small literals; no forced 60k+ uniqueness inflation,none_or_normalize_only
PG_BOOL_R058_C04_SLOTS,PG_BOOL_R058_C04,PG_BOOL_R058,Y2,"{""inet"": ""private address sample"", ""integer"": ""1..150 realistic bounded literals"", ""jsonb"": ""small object/array literal"", ""text"": ""short safe ascii tokens"", ""uuid"": ""deterministic UUID literal""}",bounded small literals; no forced 60k+ uniqueness inflation,none_or_normalize_only
PG_BOOL_R058_C05_SLOTS,PG_BOOL_R058_C05,PG_BOOL_R058,Y2,"{""inet"": ""private address sample"", ""integer"": ""1..150 realistic bounded literals"", ""jsonb"": ""small object/array literal"", ""text"": ""short safe ascii tokens"", ""uuid"": ""deterministic UUID literal""}",bounded small literals; no forced 60k+ uniqueness inflation,none_or_normalize_only
PG_BOOL_R058_C06_SLOTS,PG_BOOL_R058_C06,PG_BOOL_R058,Y2,"{""inet"": ""private address sample"", ""integer"": ""1..150 realistic bounded literals"", ""jsonb"": ""small object/array literal"", ""text"": ""short safe ascii tokens"", ""uuid"": ""deterministic UUID literal""}",bounded small literals; no forced 60k+ uniqueness inflation,none_or_normalize_only
PG_BOOL_R058_C07_SLOTS,PG_BOOL_R058_C07,PG_BOOL_R058,Y2,"{""inet"": ""private address sample"", ""integer"": ""1..150 realistic bounded literals"", ""jsonb"": ""small object/array literal"", ""text"": ""short safe ascii tokens"", ""uuid"": ""deterministic UUID literal""}",bounded small literals; no forced 60k+ uniqueness inflation,none_or_normalize_only
PG_BOOL_R058_C08_SLOTS,PG_BOOL_R058_C08,PG_BOOL_R058,Y2,"{""inet"": ""private address sample"", ""integer"": ""1..150 realistic bounded literals"", ""jsonb"": ""small object/array literal"", ""text"": ""short safe ascii tokens"", ""uuid"": ""deterministic UUID literal""}",bounded small literals; no forced 60k+ uniqueness inflation,none_or_normalize_only
PG_BOOL_R058_C09_SLOTS,PG_BOOL_R058_C09,PG_BOOL_R058,Y2,"{""inet"": ""private address sample"", ""integer"": ""1..150 realistic bounded literals"", ""jsonb"": ""small object/array literal"", ""text"": ""short safe ascii tokens"", ""uuid"": ""deterministic UUID literal""}",bounded small literals; no forced 60k+ uniqueness inflation,none_or_normalize_only
PG_BOOL_R058_C10_SLOTS,PG_BOOL_R058_C10,PG_BOOL_R058,Y2,"{""inet"": ""private address sample"", ""integer"": ""1..150 realistic bounded literals"", ""jsonb"": ""small object/array literal"", ""text"": ""short safe ascii tokens"", ""uuid"": ""deterministic UUID literal""}",bounded small literals; no forced 60k+ uniqueness inflation,none_or_normalize_only
PG_BOOL_R059_C01_SLOTS,PG_BOOL_R059_C01,PG_BOOL_R059,Y2,"{""inet"": ""private address sample"", ""integer"": ""1..150 realistic bounded literals"", ""jsonb"": ""small object/array literal"", ""text"": ""short safe ascii tokens"", ""uuid"": ""deterministic UUID literal""}",bounded small literals; no forced 60k+ uniqueness inflation,none_or_normalize_only
PG_BOOL_R059_C02_SLOTS,PG_BOOL_R059_C02,PG_BOOL_R059,Y2,"{""inet"": ""private address sample"", ""integer"": ""1..150 realistic bounded literals"", ""jsonb"": ""small object/array literal"", ""text"": ""short safe ascii tokens"", ""uuid"": ""deterministic UUID literal""}",bounded small literals; no forced 60k+ uniqueness inflation,none_or_normalize_only
PG_BOOL_R059_C03_SLOTS,PG_BOOL_R059_C03,PG_BOOL_R059,Y2,"{""inet"": ""private address sample"", ""integer"": ""1..150 realistic bounded literals"", ""jsonb"": ""small object/array literal"", ""text"": ""short safe ascii tokens"", ""uuid"": ""deterministic UUID literal""}",bounded small literals; no forced 60k+ uniqueness inflation,none_or_normalize_only
PG_BOOL_R059_C04_SLOTS,PG_BOOL_R059_C04,PG_BOOL_R059,Y2,"{""inet"": ""private address sample"", ""integer"": ""1..150 realistic bounded literals"", ""jsonb"": ""small object/array literal"", ""text"": ""short safe ascii tokens"", ""uuid"": ""deterministic UUID literal""}",bounded small literals; no forced 60k+ uniqueness inflation,none_or_normalize_only
PG_BOOL_R059_C05_SLOTS,PG_BOOL_R059_C05,PG_BOOL_R059,Y2,"{""inet"": ""private address sample"", ""integer"": ""1..150 realistic bounded literals"", ""jsonb"": ""small object/array literal"", ""text"": ""short safe ascii tokens"", ""uuid"": ""deterministic UUID literal""}",bounded small literals; no forced 60k+ uniqueness inflation,none_or_normalize_only
PG_BOOL_R059_C06_SLOTS,PG_BOOL_R059_C06,PG_BOOL_R059,Y2,"{""inet"": ""private address sample"", ""integer"": ""1..150 realistic bounded literals"", ""jsonb"": ""small object/array literal"", ""text"": ""short safe ascii tokens"", ""uuid"": ""deterministic UUID literal""}",bounded small literals; no forced 60k+ uniqueness inflation,none_or_normalize_only
PG_BOOL_R059_C07_SLOTS,PG_BOOL_R059_C07,PG_BOOL_R059,Y2,"{""inet"": ""private address sample"", ""integer"": ""1..150 realistic bounded literals"", ""jsonb"": ""small object/array literal"", ""text"": ""short safe ascii tokens"", ""uuid"": ""deterministic UUID literal""}",bounded small literals; no forced 60k+ uniqueness inflation,none_or_normalize_only
PG_BOOL_R059_C08_SLOTS,PG_BOOL_R059_C08,PG_BOOL_R059,Y2,"{""inet"": ""private address sample"", ""integer"": ""1..150 realistic bounded literals"", ""jsonb"": ""small object/array literal"", ""text"": ""short safe ascii tokens"", ""uuid"": ""deterministic UUID literal""}",bounded small literals; no forced 60k+ uniqueness inflation,none_or_normalize_only
PG_BOOL_R059_C09_SLOTS,PG_BOOL_R059_C09,PG_BOOL_R059,Y2,"{""inet"": ""private address sample"", ""integer"": ""1..150 realistic bounded literals"", ""jsonb"": ""small object/array literal"", ""text"": ""short safe ascii tokens"", ""uuid"": ""deterministic UUID literal""}",bounded small literals; no forced 60k+ uniqueness inflation,none_or_normalize_only
PG_BOOL_R059_C10_SLOTS,PG_BOOL_R059_C10,PG_BOOL_R059,Y2,"{""inet"": ""private address sample"", ""integer"": ""1..150 realistic bounded literals"", ""jsonb"": ""small object/array literal"", ""text"": ""short safe ascii tokens"", ""uuid"": ""deterministic UUID literal""}",bounded small literals; no forced 60k+ uniqueness inflation,none_or_normalize_only
PG_BOOL_R060_C01_SLOTS,PG_BOOL_R060_C01,PG_BOOL_R060,Y2,"{""inet"": ""private address sample"", ""integer"": ""1..150 realistic bounded literals"", ""jsonb"": ""small object/array literal"", ""text"": ""short safe ascii tokens"", ""uuid"": ""deterministic UUID literal""}",bounded small literals; no forced 60k+ uniqueness inflation,none_or_normalize_only
PG_BOOL_R060_C02_SLOTS,PG_BOOL_R060_C02,PG_BOOL_R060,Y2,"{""inet"": ""private address sample"", ""integer"": ""1..150 realistic bounded literals"", ""jsonb"": ""small object/array literal"", ""text"": ""short safe ascii tokens"", ""uuid"": ""deterministic UUID literal""}",bounded small literals; no forced 60k+ uniqueness inflation,none_or_normalize_only
PG_BOOL_R060_C03_SLOTS,PG_BOOL_R060_C03,PG_BOOL_R060,Y2,"{""inet"": ""private address sample"", ""integer"": ""1..150 realistic bounded literals"", ""jsonb"": ""small object/array literal"", ""text"": ""short safe ascii tokens"", ""uuid"": ""deterministic UUID literal""}",bounded small literals; no forced 60k+ uniqueness inflation,none_or_normalize_only
PG_BOOL_R060_C04_SLOTS,PG_BOOL_R060_C04,PG_BOOL_R060,Y2,"{""inet"": ""private address sample"", ""integer"": ""1..150 realistic bounded literals"", ""jsonb"": ""small object/array literal"", ""text"": ""short safe ascii tokens"", ""uuid"": ""deterministic UUID literal""}",bounded small literals; no forced 60k+ uniqueness inflation,none_or_normalize_only
PG_BOOL_R060_C05_SLOTS,PG_BOOL_R060_C05,PG_BOOL_R060,Y2,"{""inet"": ""private address sample"", ""integer"": ""1..150 realistic bounded literals"", ""jsonb"": ""small object/array literal"", ""text"": ""short safe ascii tokens"", ""uuid"": ""deterministic UUID literal""}",bounded small literals; no forced 60k+ uniqueness inflation,none_or_normalize_only
PG_BOOL_R060_C06_SLOTS,PG_BOOL_R060_C06,PG_BOOL_R060,Y2,"{""inet"": ""private address sample"", ""integer"": ""1..150 realistic bounded literals"", ""jsonb"": ""small object/array literal"", ""text"": ""short safe ascii tokens"", ""uuid"": ""deterministic UUID literal""}",bounded small literals; no forced 60k+ uniqueness inflation,none_or_normalize_only
PG_BOOL_R060_C07_SLOTS,PG_BOOL_R060_C07,PG_BOOL_R060,Y2,"{""inet"": ""private address sample"", ""integer"": ""1..150 realistic bounded literals"", ""jsonb"": ""small object/array literal"", ""text"": ""short safe ascii tokens"", ""uuid"": ""deterministic UUID literal""}",bounded small literals; no forced 60k+ uniqueness inflation,none_or_normalize_only
PG_BOOL_R060_C08_SLOTS,PG_BOOL_R060_C08,PG_BOOL_R060,Y2,"{""inet"": ""private address sample"", ""integer"": ""1..150 realistic bounded literals"", ""jsonb"": ""small object/array literal"", ""text"": ""short safe ascii tokens"", ""uuid"": ""deterministic UUID literal""}",bounded small literals; no forced 60k+ uniqueness inflation,none_or_normalize_only
PG_BOOL_R060_C09_SLOTS,PG_BOOL_R060_C09,PG_BOOL_R060,Y2,"{""inet"": ""private address sample"", ""integer"": ""1..150 realistic bounded literals"", ""jsonb"": ""small object/array literal"", ""text"": ""short safe ascii tokens"", ""uuid"": ""deterministic UUID literal""}",bounded small literals; no forced 60k+ uniqueness inflation,none_or_normalize_only
PG_BOOL_R060_C10_SLOTS,PG_BOOL_R060_C10,PG_BOOL_R060,Y2,"{""inet"": ""private address sample"", ""integer"": ""1..150 realistic bounded literals"", ""jsonb"": ""small object/array literal"", ""text"": ""short safe ascii tokens"", ""uuid"": ""deterministic UUID literal""}",bounded small literals; no forced 60k+ uniqueness inflation,none_or_normalize_only
PG_BOOL_R061_C01_SLOTS,PG_BOOL_R061_C01,PG_BOOL_R061,Y2,"{""inet"": ""private address sample"", ""integer"": ""1..150 realistic bounded literals"", ""jsonb"": ""small object/array literal"", ""text"": ""short safe ascii tokens"", ""uuid"": ""deterministic UUID literal""}",bounded small literals; no forced 60k+ uniqueness inflation,none_or_normalize_only
PG_BOOL_R061_C02_SLOTS,PG_BOOL_R061_C02,PG_BOOL_R061,Y2,"{""inet"": ""private address sample"", ""integer"": ""1..150 realistic bounded literals"", ""jsonb"": ""small object/array literal"", ""text"": ""short safe ascii tokens"", ""uuid"": ""deterministic UUID literal""}",bounded small literals; no forced 60k+ uniqueness inflation,none_or_normalize_only
PG_BOOL_R061_C03_SLOTS,PG_BOOL_R061_C03,PG_BOOL_R061,Y2,"{""inet"": ""private address sample"", ""integer"": ""1..150 realistic bounded literals"", ""jsonb"": ""small object/array literal"", ""text"": ""short safe ascii tokens"", ""uuid"": ""deterministic UUID literal""}",bounded small literals; no forced 60k+ uniqueness inflation,none_or_normalize_only
PG_BOOL_R061_C04_SLOTS,PG_BOOL_R061_C04,PG_BOOL_R061,Y2,"{""inet"": ""private address sample"", ""integer"": ""1..150 realistic bounded literals"", ""jsonb"": ""small object/array literal"", ""text"": ""short safe ascii tokens"", ""uuid"": ""deterministic UUID literal""}",bounded small literals; no forced 60k+ uniqueness inflation,none_or_normalize_only
PG_BOOL_R061_C05_SLOTS,PG_BOOL_R061_C05,PG_BOOL_R061,Y2,"{""inet"": ""private address sample"", ""integer"": ""1..150 realistic bounded literals"", ""jsonb"": ""small object/array literal"", ""text"": ""short safe ascii tokens"", ""uuid"": ""deterministic UUID literal""}",bounded small literals; no forced 60k+ uniqueness inflation,none_or_normalize_only
PG_BOOL_R061_C06_SLOTS,PG_BOOL_R061_C06,PG_BOOL_R061,Y2,"{""inet"": ""private address sample"", ""integer"": ""1..150 realistic bounded literals"", ""jsonb"": ""small object/array literal"", ""text"": ""short safe ascii tokens"", ""uuid"": ""deterministic UUID literal""}",bounded small literals; no forced 60k+ uniqueness inflation,none_or_normalize_only
PG_BOOL_R061_C07_SLOTS,PG_BOOL_R061_C07,PG_BOOL_R061,Y2,"{""inet"": ""private address sample"", ""integer"": ""1..150 realistic bounded literals"", ""jsonb"": ""small object/array literal"", ""text"": ""short safe ascii tokens"", ""uuid"": ""deterministic UUID literal""}",bounded small literals; no forced 60k+ uniqueness inflation,none_or_normalize_only
PG_BOOL_R061_C08_SLOTS,PG_BOOL_R061_C08,PG_BOOL_R061,Y2,"{""inet"": ""private address sample"", ""integer"": ""1..150 realistic bounded literals"", ""jsonb"": ""small object/array literal"", ""text"": ""short safe ascii tokens"", ""uuid"": ""deterministic UUID literal""}",bounded small literals; no forced 60k+ uniqueness inflation,none_or_normalize_only
PG_BOOL_R061_C09_SLOTS,PG_BOOL_R061_C09,PG_BOOL_R061,Y2,"{""inet"": ""private address sample"", ""integer"": ""1..150 realistic bounded literals"", ""jsonb"": ""small object/array literal"", ""text"": ""short safe ascii tokens"", ""uuid"": ""deterministic UUID literal""}",bounded small literals; no forced 60k+ uniqueness inflation,none_or_normalize_only
PG_BOOL_R061_C10_SLOTS,PG_BOOL_R061_C10,PG_BOOL_R061,Y2,"{""inet"": ""private address sample"", ""integer"": ""1..150 realistic bounded literals"", ""jsonb"": ""small object/array literal"", ""text"": ""short safe ascii tokens"", ""uuid"": ""deterministic UUID literal""}",bounded small literals; no forced 60k+ uniqueness inflation,none_or_normalize_only
PG_BOOL_R062_C01_SLOTS,PG_BOOL_R062_C01,PG_BOOL_R062,Y2,"{""inet"": ""private address sample"", ""integer"": ""1..150 realistic bounded literals"", ""jsonb"": ""small object/array literal"", ""text"": ""short safe ascii tokens"", ""uuid"": ""deterministic UUID literal""}",bounded small literals; no forced 60k+ uniqueness inflation,none_or_normalize_only
PG_BOOL_R062_C02_SLOTS,PG_BOOL_R062_C02,PG_BOOL_R062,Y2,"{""inet"": ""private address sample"", ""integer"": ""1..150 realistic bounded literals"", ""jsonb"": ""small object/array literal"", ""text"": ""short safe ascii tokens"", ""uuid"": ""deterministic UUID literal""}",bounded small literals; no forced 60k+ uniqueness inflation,none_or_normalize_only
PG_BOOL_R062_C03_SLOTS,PG_BOOL_R062_C03,PG_BOOL_R062,Y2,"{""inet"": ""private address sample"", ""integer"": ""1..150 realistic bounded literals"", ""jsonb"": ""small object/array literal"", ""text"": ""short safe ascii tokens"", ""uuid"": ""deterministic UUID literal""}",bounded small literals; no forced 60k+ uniqueness inflation,none_or_normalize_only
PG_BOOL_R062_C04_SLOTS,PG_BOOL_R062_C04,PG_BOOL_R062,Y2,"{""inet"": ""private address sample"", ""integer"": ""1..150 realistic bounded literals"", ""jsonb"": ""small object/array literal"", ""text"": ""short safe ascii tokens"", ""uuid"": ""deterministic UUID literal""}",bounded small literals; no forced 60k+ uniqueness inflation,none_or_normalize_only
PG_BOOL_R062_C05_SLOTS,PG_BOOL_R062_C05,PG_BOOL_R062,Y2,"{""inet"": ""private address sample"", ""integer"": ""1..150 realistic bounded literals"", ""jsonb"": ""small object/array literal"", ""text"": ""short safe ascii tokens"", ""uuid"": ""deterministic UUID literal""}",bounded small literals; no forced 60k+ uniqueness inflation,none_or_normalize_only
PG_BOOL_R062_C06_SLOTS,PG_BOOL_R062_C06,PG_BOOL_R062,Y2,"{""inet"": ""private address sample"", ""integer"": ""1..150 realistic bounded literals"", ""jsonb"": ""small object/array literal"", ""text"": ""short safe ascii tokens"", ""uuid"": ""deterministic UUID literal""}",bounded small literals; no forced 60k+ uniqueness inflation,none_or_normalize_only
PG_BOOL_R062_C07_SLOTS,PG_BOOL_R062_C07,PG_BOOL_R062,Y2,"{""inet"": ""private address sample"", ""integer"": ""1..150 realistic bounded literals"", ""jsonb"": ""small object/array literal"", ""text"": ""short safe ascii tokens"", ""uuid"": ""deterministic UUID literal""}",bounded small literals; no forced 60k+ uniqueness inflation,none_or_normalize_only
PG_BOOL_R062_C08_SLOTS,PG_BOOL_R062_C08,PG_BOOL_R062,Y2,"{""inet"": ""private address sample"", ""integer"": ""1..150 realistic bounded literals"", ""jsonb"": ""small object/array literal"", ""text"": ""short safe ascii tokens"", ""uuid"": ""deterministic UUID literal""}",bounded small literals; no forced 60k+ uniqueness inflation,none_or_normalize_only
PG_BOOL_R062_C09_SLOTS,PG_BOOL_R062_C09,PG_BOOL_R062,Y2,"{""inet"": ""private address sample"", ""integer"": ""1..150 realistic bounded literals"", ""jsonb"": ""small object/array literal"", ""text"": ""short safe ascii tokens"", ""uuid"": ""deterministic UUID literal""}",bounded small literals; no forced 60k+ uniqueness inflation,none_or_normalize_only
PG_BOOL_R062_C10_SLOTS,PG_BOOL_R062_C10,PG_BOOL_R062,Y2,"{""inet"": ""private address sample"", ""integer"": ""1..150 realistic bounded literals"", ""jsonb"": ""small object/array literal"", ""text"": ""short safe ascii tokens"", ""uuid"": ""deterministic UUID literal""}",bounded small literals; no forced 60k+ uniqueness inflation,none_or_normalize_only
PG_BOOL_R063_C01_SLOTS,PG_BOOL_R063_C01,PG_BOOL_R063,Y2,"{""inet"": ""private address sample"", ""integer"": ""1..150 realistic bounded literals"", ""jsonb"": ""small object/array literal"", ""text"": ""short safe ascii tokens"", ""uuid"": ""deterministic UUID literal""}",bounded small literals; no forced 60k+ uniqueness inflation,none_or_normalize_only
PG_BOOL_R063_C02_SLOTS,PG_BOOL_R063_C02,PG_BOOL_R063,Y2,"{""inet"": ""private address sample"", ""integer"": ""1..150 realistic bounded literals"", ""jsonb"": ""small object/array literal"", ""text"": ""short safe ascii tokens"", ""uuid"": ""deterministic UUID literal""}",bounded small literals; no forced 60k+ uniqueness inflation,none_or_normalize_only
PG_BOOL_R063_C03_SLOTS,PG_BOOL_R063_C03,PG_BOOL_R063,Y2,"{""inet"": ""private address sample"", ""integer"": ""1..150 realistic bounded literals"", ""jsonb"": ""small object/array literal"", ""text"": ""short safe ascii tokens"", ""uuid"": ""deterministic UUID literal""}",bounded small literals; no forced 60k+ uniqueness inflation,none_or_normalize_only
PG_BOOL_R063_C04_SLOTS,PG_BOOL_R063_C04,PG_BOOL_R063,Y2,"{""inet"": ""private address sample"", ""integer"": ""1..150 realistic bounded literals"", ""jsonb"": ""small object/array literal"", ""text"": ""short safe ascii tokens"", ""uuid"": ""deterministic UUID literal""}",bounded small literals; no forced 60k+ uniqueness inflation,none_or_normalize_only
PG_BOOL_R063_C05_SLOTS,PG_BOOL_R063_C05,PG_BOOL_R063,Y2,"{""inet"": ""private address sample"", ""integer"": ""1..150 realistic bounded literals"", ""jsonb"": ""small object/array literal"", ""text"": ""short safe ascii tokens"", ""uuid"": ""deterministic UUID literal""}",bounded small literals; no forced 60k+ uniqueness inflation,none_or_normalize_only
PG_BOOL_R063_C06_SLOTS,PG_BOOL_R063_C06,PG_BOOL_R063,Y2,"{""inet"": ""private address sample"", ""integer"": ""1..150 realistic bounded literals"", ""jsonb"": ""small object/array literal"", ""text"": ""short safe ascii tokens"", ""uuid"": ""deterministic UUID literal""}",bounded small literals; no forced 60k+ uniqueness inflation,none_or_normalize_only
PG_BOOL_R063_C07_SLOTS,PG_BOOL_R063_C07,PG_BOOL_R063,Y2,"{""inet"": ""private address sample"", ""integer"": ""1..150 realistic bounded literals"", ""jsonb"": ""small object/array literal"", ""text"": ""short safe ascii tokens"", ""uuid"": ""deterministic UUID literal""}",bounded small literals; no forced 60k+ uniqueness inflation,none_or_normalize_only
PG_BOOL_R063_C08_SLOTS,PG_BOOL_R063_C08,PG_BOOL_R063,Y2,"{""inet"": ""private address sample"", ""integer"": ""1..150 realistic bounded literals"", ""jsonb"": ""small object/array literal"", ""text"": ""short safe ascii tokens"", ""uuid"": ""deterministic UUID literal""}",bounded small literals; no forced 60k+ uniqueness inflation,none_or_normalize_only
PG_BOOL_R063_C09_SLOTS,PG_BOOL_R063_C09,PG_BOOL_R063,Y2,"{""inet"": ""private address sample"", ""integer"": ""1..150 realistic bounded literals"", ""jsonb"": ""small object/array literal"", ""text"": ""short safe ascii tokens"", ""uuid"": ""deterministic UUID literal""}",bounded small literals; no forced 60k+ uniqueness inflation,none_or_normalize_only
PG_BOOL_R063_C10_SLOTS,PG_BOOL_R063_C10,PG_BOOL_R063,Y2,"{""inet"": ""private address sample"", ""integer"": ""1..150 realistic bounded literals"", ""jsonb"": ""small object/array literal"", ""text"": ""short safe ascii tokens"", ""uuid"": ""deterministic UUID literal""}",bounded small literals; no forced 60k+ uniqueness inflation,none_or_normalize_only
PG_BOOL_R064_C01_SLOTS,PG_BOOL_R064_C01,PG_BOOL_R064,Y2,"{""inet"": ""private address sample"", ""integer"": ""1..150 realistic bounded literals"", ""jsonb"": ""small object/array literal"", ""text"": ""short safe ascii tokens"", ""uuid"": ""deterministic UUID literal""}",bounded small literals; no forced 60k+ uniqueness inflation,none_or_normalize_only
PG_BOOL_R064_C02_SLOTS,PG_BOOL_R064_C02,PG_BOOL_R064,Y2,"{""inet"": ""private address sample"", ""integer"": ""1..150 realistic bounded literals"", ""jsonb"": ""small object/array literal"", ""text"": ""short safe ascii tokens"", ""uuid"": ""deterministic UUID literal""}",bounded small literals; no forced 60k+ uniqueness inflation,none_or_normalize_only
PG_BOOL_R064_C03_SLOTS,PG_BOOL_R064_C03,PG_BOOL_R064,Y2,"{""inet"": ""private address sample"", ""integer"": ""1..150 realistic bounded literals"", ""jsonb"": ""small object/array literal"", ""text"": ""short safe ascii tokens"", ""uuid"": ""deterministic UUID literal""}",bounded small literals; no forced 60k+ uniqueness inflation,none_or_normalize_only
PG_BOOL_R064_C04_SLOTS,PG_BOOL_R064_C04,PG_BOOL_R064,Y2,"{""inet"": ""private address sample"", ""integer"": ""1..150 realistic bounded literals"", ""jsonb"": ""small object/array literal"", ""text"": ""short safe ascii tokens"", ""uuid"": ""deterministic UUID literal""}",bounded small literals; no forced 60k+ uniqueness inflation,none_or_normalize_only
PG_BOOL_R064_C05_SLOTS,PG_BOOL_R064_C05,PG_BOOL_R064,Y2,"{""inet"": ""private address sample"", ""integer"": ""1..150 realistic bounded literals"", ""jsonb"": ""small object/array literal"", ""text"": ""short safe ascii tokens"", ""uuid"": ""deterministic UUID literal""}",bounded small literals; no forced 60k+ uniqueness inflation,none_or_normalize_only
PG_BOOL_R064_C06_SLOTS,PG_BOOL_R064_C06,PG_BOOL_R064,Y2,"{""inet"": ""private address sample"", ""integer"": ""1..150 realistic bounded literals"", ""jsonb"": ""small object/array literal"", ""text"": ""short safe ascii tokens"", ""uuid"": ""deterministic UUID literal""}",bounded small literals; no forced 60k+ uniqueness inflation,none_or_normalize_only
PG_BOOL_R064_C07_SLOTS,PG_BOOL_R064_C07,PG_BOOL_R064,Y2,"{""inet"": ""private address sample"", ""integer"": ""1..150 realistic bounded literals"", ""jsonb"": ""small object/array literal"", ""text"": ""short safe ascii tokens"", ""uuid"": ""deterministic UUID literal""}",bounded small literals; no forced 60k+ uniqueness inflation,none_or_normalize_only
PG_BOOL_R064_C08_SLOTS,PG_BOOL_R064_C08,PG_BOOL_R064,Y2,"{""inet"": ""private address sample"", ""integer"": ""1..150 realistic bounded literals"", ""jsonb"": ""small object/array literal"", ""text"": ""short safe ascii tokens"", ""uuid"": ""deterministic UUID literal""}",bounded small literals; no forced 60k+ uniqueness inflation,none_or_normalize_only
PG_BOOL_R064_C09_SLOTS,PG_BOOL_R064_C09,PG_BOOL_R064,Y2,"{""inet"": ""private address sample"", ""integer"": ""1..150 realistic bounded literals"", ""jsonb"": ""small object/array literal"", ""text"": ""short safe ascii tokens"", ""uuid"": ""deterministic UUID literal""}",bounded small literals; no forced 60k+ uniqueness inflation,none_or_normalize_only
PG_BOOL_R064_C10_SLOTS,PG_BOOL_R064_C10,PG_BOOL_R064,Y2,"{""inet"": ""private address sample"", ""integer"": ""1..150 realistic bounded literals"", ""jsonb"": ""small object/array literal"", ""text"": ""short safe ascii tokens"", ""uuid"": ""deterministic UUID literal""}",bounded small literals; no forced 60k+ uniqueness inflation,none_or_normalize_only
PG_BOOL_R065_C01_SLOTS,PG_BOOL_R065_C01,PG_BOOL_R065,Y2,"{""inet"": ""private address sample"", ""integer"": ""1..150 realistic bounded literals"", ""jsonb"": ""small object/array literal"", ""text"": ""short safe ascii tokens"", ""uuid"": ""deterministic UUID literal""}",bounded small literals; no forced 60k+ uniqueness inflation,none_or_normalize_only
PG_BOOL_R065_C02_SLOTS,PG_BOOL_R065_C02,PG_BOOL_R065,Y2,"{""inet"": ""private address sample"", ""integer"": ""1..150 realistic bounded literals"", ""jsonb"": ""small object/array literal"", ""text"": ""short safe ascii tokens"", ""uuid"": ""deterministic UUID literal""}",bounded small literals; no forced 60k+ uniqueness inflation,none_or_normalize_only
PG_BOOL_R065_C03_SLOTS,PG_BOOL_R065_C03,PG_BOOL_R065,Y2,"{""inet"": ""private address sample"", ""integer"": ""1..150 realistic bounded literals"", ""jsonb"": ""small object/array literal"", ""text"": ""short safe ascii tokens"", ""uuid"": ""deterministic UUID literal""}",bounded small literals; no forced 60k+ uniqueness inflation,none_or_normalize_only
PG_BOOL_R065_C04_SLOTS,PG_BOOL_R065_C04,PG_BOOL_R065,Y2,"{""inet"": ""private address sample"", ""integer"": ""1..150 realistic bounded literals"", ""jsonb"": ""small object/array literal"", ""text"": ""short safe ascii tokens"", ""uuid"": ""deterministic UUID literal""}",bounded small literals; no forced 60k+ uniqueness inflation,none_or_normalize_only
PG_BOOL_R065_C05_SLOTS,PG_BOOL_R065_C05,PG_BOOL_R065,Y2,"{""inet"": ""private address sample"", ""integer"": ""1..150 realistic bounded literals"", ""jsonb"": ""small object/array literal"", ""text"": ""short safe ascii tokens"", ""uuid"": ""deterministic UUID literal""}",bounded small literals; no forced 60k+ uniqueness inflation,none_or_normalize_only
PG_BOOL_R065_C06_SLOTS,PG_BOOL_R065_C06,PG_BOOL_R065,Y2,"{""inet"": ""private address sample"", ""integer"": ""1..150 realistic bounded literals"", ""jsonb"": ""small object/array literal"", ""text"": ""short safe ascii tokens"", ""uuid"": ""deterministic UUID literal""}",bounded small literals; no forced 60k+ uniqueness inflation,none_or_normalize_only
PG_BOOL_R065_C07_SLOTS,PG_BOOL_R065_C07,PG_BOOL_R065,Y2,"{""inet"": ""private address sample"", ""integer"": ""1..150 realistic bounded literals"", ""jsonb"": ""small object/array literal"", ""text"": ""short safe ascii tokens"", ""uuid"": ""deterministic UUID literal""}",bounded small literals; no forced 60k+ uniqueness inflation,none_or_normalize_only
PG_BOOL_R065_C08_SLOTS,PG_BOOL_R065_C08,PG_BOOL_R065,Y2,"{""inet"": ""private address sample"", ""integer"": ""1..150 realistic bounded literals"", ""jsonb"": ""small object/array literal"", ""text"": ""short safe ascii tokens"", ""uuid"": ""deterministic UUID literal""}",bounded small literals; no forced 60k+ uniqueness inflation,none_or_normalize_only
PG_BOOL_R065_C09_SLOTS,PG_BOOL_R065_C09,PG_BOOL_R065,Y2,"{""inet"": ""private address sample"", ""integer"": ""1..150 realistic bounded literals"", ""jsonb"": ""small object/array literal"", ""text"": ""short safe ascii tokens"", ""uuid"": ""deterministic UUID literal""}",bounded small literals; no forced 60k+ uniqueness inflation,none_or_normalize_only
PG_BOOL_R065_C10_SLOTS,PG_BOOL_R065_C10,PG_BOOL_R065,Y2,"{""inet"": ""private address sample"", ""integer"": ""1..150 realistic bounded literals"", ""jsonb"": ""small object/array literal"", ""text"": ""short safe ascii tokens"", ""uuid"": ""deterministic UUID literal""}",bounded small literals; no forced 60k+ uniqueness inflation,none_or_normalize_only
PG_BOOL_R066_C01_SLOTS,PG_BOOL_R066_C01,PG_BOOL_R066,Y2,"{""inet"": ""private address sample"", ""integer"": ""1..150 realistic bounded literals"", ""jsonb"": ""small object/array literal"", ""text"": ""short safe ascii tokens"", ""uuid"": ""deterministic UUID literal""}",bounded small literals; no forced 60k+ uniqueness inflation,none_or_normalize_only
PG_BOOL_R066_C02_SLOTS,PG_BOOL_R066_C02,PG_BOOL_R066,Y2,"{""inet"": ""private address sample"", ""integer"": ""1..150 realistic bounded literals"", ""jsonb"": ""small object/array literal"", ""text"": ""short safe ascii tokens"", ""uuid"": ""deterministic UUID literal""}",bounded small literals; no forced 60k+ uniqueness inflation,none_or_normalize_only
PG_BOOL_R066_C03_SLOTS,PG_BOOL_R066_C03,PG_BOOL_R066,Y2,"{""inet"": ""private address sample"", ""integer"": ""1..150 realistic bounded literals"", ""jsonb"": ""small object/array literal"", ""text"": ""short safe ascii tokens"", ""uuid"": ""deterministic UUID literal""}",bounded small literals; no forced 60k+ uniqueness inflation,none_or_normalize_only
PG_BOOL_R066_C04_SLOTS,PG_BOOL_R066_C04,PG_BOOL_R066,Y2,"{""inet"": ""private address sample"", ""integer"": ""1..150 realistic bounded literals"", ""jsonb"": ""small object/array literal"", ""text"": ""short safe ascii tokens"", ""uuid"": ""deterministic UUID literal""}",bounded small literals; no forced 60k+ uniqueness inflation,none_or_normalize_only
PG_BOOL_R066_C05_SLOTS,PG_BOOL_R066_C05,PG_BOOL_R066,Y2,"{""inet"": ""private address sample"", ""integer"": ""1..150 realistic bounded literals"", ""jsonb"": ""small object/array literal"", ""text"": ""short safe ascii tokens"", ""uuid"": ""deterministic UUID literal""}",bounded small literals; no forced 60k+ uniqueness inflation,none_or_normalize_only
PG_BOOL_R066_C06_SLOTS,PG_BOOL_R066_C06,PG_BOOL_R066,Y2,"{""inet"": ""private address sample"", ""integer"": ""1..150 realistic bounded literals"", ""jsonb"": ""small object/array literal"", ""text"": ""short safe ascii tokens"", ""uuid"": ""deterministic UUID literal""}",bounded small literals; no forced 60k+ uniqueness inflation,none_or_normalize_only
PG_BOOL_R066_C07_SLOTS,PG_BOOL_R066_C07,PG_BOOL_R066,Y2,"{""inet"": ""private address sample"", ""integer"": ""1..150 realistic bounded literals"", ""jsonb"": ""small object/array literal"", ""text"": ""short safe ascii tokens"", ""uuid"": ""deterministic UUID literal""}",bounded small literals; no forced 60k+ uniqueness inflation,none_or_normalize_only
PG_BOOL_R066_C08_SLOTS,PG_BOOL_R066_C08,PG_BOOL_R066,Y2,"{""inet"": ""private address sample"", ""integer"": ""1..150 realistic bounded literals"", ""jsonb"": ""small object/array literal"", ""text"": ""short safe ascii tokens"", ""uuid"": ""deterministic UUID literal""}",bounded small literals; no forced 60k+ uniqueness inflation,none_or_normalize_only
PG_BOOL_R066_C09_SLOTS,PG_BOOL_R066_C09,PG_BOOL_R066,Y2,"{""inet"": ""private address sample"", ""integer"": ""1..150 realistic bounded literals"", ""jsonb"": ""small object/array literal"", ""text"": ""short safe ascii tokens"", ""uuid"": ""deterministic UUID literal""}",bounded small literals; no forced 60k+ uniqueness inflation,none_or_normalize_only
PG_BOOL_R066_C10_SLOTS,PG_BOOL_R066_C10,PG_BOOL_R066,Y2,"{""inet"": ""private address sample"", ""integer"": ""1..150 realistic bounded literals"", ""jsonb"": ""small object/array literal"", ""text"": ""short safe ascii tokens"", ""uuid"": ""deterministic UUID literal""}",bounded small literals; no forced 60k+ uniqueness inflation,none_or_normalize_only
PG_BOOL_R067_C01_SLOTS,PG_BOOL_R067_C01,PG_BOOL_R067,Y2,"{""inet"": ""private address sample"", ""integer"": ""1..150 realistic bounded literals"", ""jsonb"": ""small object/array literal"", ""text"": ""short safe ascii tokens"", ""uuid"": ""deterministic UUID literal""}",bounded small literals; no forced 60k+ uniqueness inflation,none_or_normalize_only
PG_BOOL_R067_C02_SLOTS,PG_BOOL_R067_C02,PG_BOOL_R067,Y2,"{""inet"": ""private address sample"", ""integer"": ""1..150 realistic bounded literals"", ""jsonb"": ""small object/array literal"", ""text"": ""short safe ascii tokens"", ""uuid"": ""deterministic UUID literal""}",bounded small literals; no forced 60k+ uniqueness inflation,none_or_normalize_only
PG_BOOL_R067_C03_SLOTS,PG_BOOL_R067_C03,PG_BOOL_R067,Y2,"{""inet"": ""private address sample"", ""integer"": ""1..150 realistic bounded literals"", ""jsonb"": ""small object/array literal"", ""text"": ""short safe ascii tokens"", ""uuid"": ""deterministic UUID literal""}",bounded small literals; no forced 60k+ uniqueness inflation,none_or_normalize_only
PG_BOOL_R067_C04_SLOTS,PG_BOOL_R067_C04,PG_BOOL_R067,Y2,"{""inet"": ""private address sample"", ""integer"": ""1..150 realistic bounded literals"", ""jsonb"": ""small object/array literal"", ""text"": ""short safe ascii tokens"", ""uuid"": ""deterministic UUID literal""}",bounded small literals; no forced 60k+ uniqueness inflation,none_or_normalize_only
PG_BOOL_R067_C05_SLOTS,PG_BOOL_R067_C05,PG_BOOL_R067,Y2,"{""inet"": ""private address sample"", ""integer"": ""1..150 realistic bounded literals"", ""jsonb"": ""small object/array literal"", ""text"": ""short safe ascii tokens"", ""uuid"": ""deterministic UUID literal""}",bounded small literals; no forced 60k+ uniqueness inflation,none_or_normalize_only
PG_BOOL_R067_C06_SLOTS,PG_BOOL_R067_C06,PG_BOOL_R067,Y2,"{""inet"": ""private address sample"", ""integer"": ""1..150 realistic bounded literals"", ""jsonb"": ""small object/array literal"", ""text"": ""short safe ascii tokens"", ""uuid"": ""deterministic UUID literal""}",bounded small literals; no forced 60k+ uniqueness inflation,none_or_normalize_only
PG_BOOL_R067_C07_SLOTS,PG_BOOL_R067_C07,PG_BOOL_R067,Y2,"{""inet"": ""private address sample"", ""integer"": ""1..150 realistic bounded literals"", ""jsonb"": ""small object/array literal"", ""text"": ""short safe ascii tokens"", ""uuid"": ""deterministic UUID literal""}",bounded small literals; no forced 60k+ uniqueness inflation,none_or_normalize_only
PG_BOOL_R067_C08_SLOTS,PG_BOOL_R067_C08,PG_BOOL_R067,Y2,"{""inet"": ""private address sample"", ""integer"": ""1..150 realistic bounded literals"", ""jsonb"": ""small object/array literal"", ""text"": ""short safe ascii tokens"", ""uuid"": ""deterministic UUID literal""}",bounded small literals; no forced 60k+ uniqueness inflation,none_or_normalize_only
PG_BOOL_R067_C09_SLOTS,PG_BOOL_R067_C09,PG_BOOL_R067,Y2,"{""inet"": ""private address sample"", ""integer"": ""1..150 realistic bounded literals"", ""jsonb"": ""small object/array literal"", ""text"": ""short safe ascii tokens"", ""uuid"": ""deterministic UUID literal""}",bounded small literals; no forced 60k+ uniqueness inflation,none_or_normalize_only
PG_BOOL_R067_C10_SLOTS,PG_BOOL_R067_C10,PG_BOOL_R067,Y2,"{""inet"": ""private address sample"", ""integer"": ""1..150 realistic bounded literals"", ""jsonb"": ""small object/array literal"", ""text"": ""short safe ascii tokens"", ""uuid"": ""deterministic UUID literal""}",bounded small literals; no forced 60k+ uniqueness inflation,none_or_normalize_only
PG_BOOL_R068_C01_SLOTS,PG_BOOL_R068_C01,PG_BOOL_R068,Y2,"{""inet"": ""private address sample"", ""integer"": ""1..150 realistic bounded literals"", ""jsonb"": ""small object/array literal"", ""text"": ""short safe ascii tokens"", ""uuid"": ""deterministic UUID literal""}",bounded small literals; no forced 60k+ uniqueness inflation,none_or_normalize_only
PG_BOOL_R068_C02_SLOTS,PG_BOOL_R068_C02,PG_BOOL_R068,Y2,"{""inet"": ""private address sample"", ""integer"": ""1..150 realistic bounded literals"", ""jsonb"": ""small object/array literal"", ""text"": ""short safe ascii tokens"", ""uuid"": ""deterministic UUID literal""}",bounded small literals; no forced 60k+ uniqueness inflation,none_or_normalize_only
PG_BOOL_R068_C03_SLOTS,PG_BOOL_R068_C03,PG_BOOL_R068,Y2,"{""inet"": ""private address sample"", ""integer"": ""1..150 realistic bounded literals"", ""jsonb"": ""small object/array literal"", ""text"": ""short safe ascii tokens"", ""uuid"": ""deterministic UUID literal""}",bounded small literals; no forced 60k+ uniqueness inflation,none_or_normalize_only
PG_BOOL_R068_C04_SLOTS,PG_BOOL_R068_C04,PG_BOOL_R068,Y2,"{""inet"": ""private address sample"", ""integer"": ""1..150 realistic bounded literals"", ""jsonb"": ""small object/array literal"", ""text"": ""short safe ascii tokens"", ""uuid"": ""deterministic UUID literal""}",bounded small literals; no forced 60k+ uniqueness inflation,none_or_normalize_only
PG_BOOL_R068_C05_SLOTS,PG_BOOL_R068_C05,PG_BOOL_R068,Y2,"{""inet"": ""private address sample"", ""integer"": ""1..150 realistic bounded literals"", ""jsonb"": ""small object/array literal"", ""text"": ""short safe ascii tokens"", ""uuid"": ""deterministic UUID literal""}",bounded small literals; no forced 60k+ uniqueness inflation,none_or_normalize_only
PG_BOOL_R068_C06_SLOTS,PG_BOOL_R068_C06,PG_BOOL_R068,Y2,"{""inet"": ""private address sample"", ""integer"": ""1..150 realistic bounded literals"", ""jsonb"": ""small object/array literal"", ""text"": ""short safe ascii tokens"", ""uuid"": ""deterministic UUID literal""}",bounded small literals; no forced 60k+ uniqueness inflation,none_or_normalize_only
PG_BOOL_R068_C07_SLOTS,PG_BOOL_R068_C07,PG_BOOL_R068,Y2,"{""inet"": ""private address sample"", ""integer"": ""1..150 realistic bounded literals"", ""jsonb"": ""small object/array literal"", ""text"": ""short safe ascii tokens"", ""uuid"": ""deterministic UUID literal""}",bounded small literals; no forced 60k+ uniqueness inflation,none_or_normalize_only
PG_BOOL_R068_C08_SLOTS,PG_BOOL_R068_C08,PG_BOOL_R068,Y2,"{""inet"": ""private address sample"", ""integer"": ""1..150 realistic bounded literals"", ""jsonb"": ""small object/array literal"", ""text"": ""short safe ascii tokens"", ""uuid"": ""deterministic UUID literal""}",bounded small literals; no forced 60k+ uniqueness inflation,none_or_normalize_only
PG_BOOL_R068_C09_SLOTS,PG_BOOL_R068_C09,PG_BOOL_R068,Y2,"{""inet"": ""private address sample"", ""integer"": ""1..150 realistic bounded literals"", ""jsonb"": ""small object/array literal"", ""text"": ""short safe ascii tokens"", ""uuid"": ""deterministic UUID literal""}",bounded small literals; no forced 60k+ uniqueness inflation,none_or_normalize_only
PG_BOOL_R068_C10_SLOTS,PG_BOOL_R068_C10,PG_BOOL_R068,Y2,"{""inet"": ""private address sample"", ""integer"": ""1..150 realistic bounded literals"", ""jsonb"": ""small object/array literal"", ""text"": ""short safe ascii tokens"", ""uuid"": ""deterministic UUID literal""}",bounded small literals; no forced 60k+ uniqueness inflation,none_or_normalize_only
PG_BOOL_R069_C01_SLOTS,PG_BOOL_R069_C01,PG_BOOL_R069,Y2,"{""inet"": ""private address sample"", ""integer"": ""1..150 realistic bounded literals"", ""jsonb"": ""small object/array literal"", ""text"": ""short safe ascii tokens"", ""uuid"": ""deterministic UUID literal""}",bounded small literals; no forced 60k+ uniqueness inflation,none_or_normalize_only
PG_BOOL_R069_C02_SLOTS,PG_BOOL_R069_C02,PG_BOOL_R069,Y2,"{""inet"": ""private address sample"", ""integer"": ""1..150 realistic bounded literals"", ""jsonb"": ""small object/array literal"", ""text"": ""short safe ascii tokens"", ""uuid"": ""deterministic UUID literal""}",bounded small literals; no forced 60k+ uniqueness inflation,none_or_normalize_only
PG_BOOL_R069_C03_SLOTS,PG_BOOL_R069_C03,PG_BOOL_R069,Y2,"{""inet"": ""private address sample"", ""integer"": ""1..150 realistic bounded literals"", ""jsonb"": ""small object/array literal"", ""text"": ""short safe ascii tokens"", ""uuid"": ""deterministic UUID literal""}",bounded small literals; no forced 60k+ uniqueness inflation,none_or_normalize_only
PG_BOOL_R069_C04_SLOTS,PG_BOOL_R069_C04,PG_BOOL_R069,Y2,"{""inet"": ""private address sample"", ""integer"": ""1..150 realistic bounded literals"", ""jsonb"": ""small object/array literal"", ""text"": ""short safe ascii tokens"", ""uuid"": ""deterministic UUID literal""}",bounded small literals; no forced 60k+ uniqueness inflation,none_or_normalize_only
PG_BOOL_R069_C05_SLOTS,PG_BOOL_R069_C05,PG_BOOL_R069,Y2,"{""inet"": ""private address sample"", ""integer"": ""1..150 realistic bounded literals"", ""jsonb"": ""small object/array literal"", ""text"": ""short safe ascii tokens"", ""uuid"": ""deterministic UUID literal""}",bounded small literals; no forced 60k+ uniqueness inflation,none_or_normalize_only
PG_BOOL_R069_C06_SLOTS,PG_BOOL_R069_C06,PG_BOOL_R069,Y2,"{""inet"": ""private address sample"", ""integer"": ""1..150 realistic bounded literals"", ""jsonb"": ""small object/array literal"", ""text"": ""short safe ascii tokens"", ""uuid"": ""deterministic UUID literal""}",bounded small literals; no forced 60k+ uniqueness inflation,none_or_normalize_only
PG_BOOL_R069_C07_SLOTS,PG_BOOL_R069_C07,PG_BOOL_R069,Y2,"{""inet"": ""private address sample"", ""integer"": ""1..150 realistic bounded literals"", ""jsonb"": ""small object/array literal"", ""text"": ""short safe ascii tokens"", ""uuid"": ""deterministic UUID literal""}",bounded small literals; no forced 60k+ uniqueness inflation,none_or_normalize_only
PG_BOOL_R069_C08_SLOTS,PG_BOOL_R069_C08,PG_BOOL_R069,Y2,"{""inet"": ""private address sample"", ""integer"": ""1..150 realistic bounded literals"", ""jsonb"": ""small object/array literal"", ""text"": ""short safe ascii tokens"", ""uuid"": ""deterministic UUID literal""}",bounded small literals; no forced 60k+ uniqueness inflation,none_or_normalize_only
PG_BOOL_R069_C09_SLOTS,PG_BOOL_R069_C09,PG_BOOL_R069,Y2,"{""inet"": ""private address sample"", ""integer"": ""1..150 realistic bounded literals"", ""jsonb"": ""small object/array literal"", ""text"": ""short safe ascii tokens"", ""uuid"": ""deterministic UUID literal""}",bounded small literals; no forced 60k+ uniqueness inflation,none_or_normalize_only
PG_BOOL_R069_C10_SLOTS,PG_BOOL_R069_C10,PG_BOOL_R069,Y2,"{""inet"": ""private address sample"", ""integer"": ""1..150 realistic bounded literals"", ""jsonb"": ""small object/array literal"", ""text"": ""short safe ascii tokens"", ""uuid"": ""deterministic UUID literal""}",bounded small literals; no forced 60k+ uniqueness inflation,none_or_normalize_only
PG_BOOL_R070_C01_SLOTS,PG_BOOL_R070_C01,PG_BOOL_R070,Y2,"{""inet"": ""private address sample"", ""integer"": ""1..150 realistic bounded literals"", ""jsonb"": ""small object/array literal"", ""text"": ""short safe ascii tokens"", ""uuid"": ""deterministic UUID literal""}",bounded small literals; no forced 60k+ uniqueness inflation,none_or_normalize_only
PG_BOOL_R070_C02_SLOTS,PG_BOOL_R070_C02,PG_BOOL_R070,Y2,"{""inet"": ""private address sample"", ""integer"": ""1..150 realistic bounded literals"", ""jsonb"": ""small object/array literal"", ""text"": ""short safe ascii tokens"", ""uuid"": ""deterministic UUID literal""}",bounded small literals; no forced 60k+ uniqueness inflation,none_or_normalize_only
PG_BOOL_R070_C03_SLOTS,PG_BOOL_R070_C03,PG_BOOL_R070,Y2,"{""inet"": ""private address sample"", ""integer"": ""1..150 realistic bounded literals"", ""jsonb"": ""small object/array literal"", ""text"": ""short safe ascii tokens"", ""uuid"": ""deterministic UUID literal""}",bounded small literals; no forced 60k+ uniqueness inflation,none_or_normalize_only
PG_BOOL_R070_C04_SLOTS,PG_BOOL_R070_C04,PG_BOOL_R070,Y2,"{""inet"": ""private address sample"", ""integer"": ""1..150 realistic bounded literals"", ""jsonb"": ""small object/array literal"", ""text"": ""short safe ascii tokens"", ""uuid"": ""deterministic UUID literal""}",bounded small literals; no forced 60k+ uniqueness inflation,none_or_normalize_only
PG_BOOL_R070_C05_SLOTS,PG_BOOL_R070_C05,PG_BOOL_R070,Y2,"{""inet"": ""private address sample"", ""integer"": ""1..150 realistic bounded literals"", ""jsonb"": ""small object/array literal"", ""text"": ""short safe ascii tokens"", ""uuid"": ""deterministic UUID literal""}",bounded small literals; no forced 60k+ uniqueness inflation,none_or_normalize_only
PG_BOOL_R070_C06_SLOTS,PG_BOOL_R070_C06,PG_BOOL_R070,Y2,"{""inet"": ""private address sample"", ""integer"": ""1..150 realistic bounded literals"", ""jsonb"": ""small object/array literal"", ""text"": ""short safe ascii tokens"", ""uuid"": ""deterministic UUID literal""}",bounded small literals; no forced 60k+ uniqueness inflation,none_or_normalize_only
PG_BOOL_R070_C07_SLOTS,PG_BOOL_R070_C07,PG_BOOL_R070,Y2,"{""inet"": ""private address sample"", ""integer"": ""1..150 realistic bounded literals"", ""jsonb"": ""small object/array literal"", ""text"": ""short safe ascii tokens"", ""uuid"": ""deterministic UUID literal""}",bounded small literals; no forced 60k+ uniqueness inflation,none_or_normalize_only
PG_BOOL_R070_C08_SLOTS,PG_BOOL_R070_C08,PG_BOOL_R070,Y2,"{""inet"": ""private address sample"", ""integer"": ""1..150 realistic bounded literals"", ""jsonb"": ""small object/array literal"", ""text"": ""short safe ascii tokens"", ""uuid"": ""deterministic UUID literal""}",bounded small literals; no forced 60k+ uniqueness inflation,none_or_normalize_only
PG_BOOL_R070_C09_SLOTS,PG_BOOL_R070_C09,PG_BOOL_R070,Y2,"{""inet"": ""private address sample"", ""integer"": ""1..150 realistic bounded literals"", ""jsonb"": ""small object/array literal"", ""text"": ""short safe ascii tokens"", ""uuid"": ""deterministic UUID literal""}",bounded small literals; no forced 60k+ uniqueness inflation,none_or_normalize_only
PG_BOOL_R070_C10_SLOTS,PG_BOOL_R070_C10,PG_BOOL_R070,Y2,"{""inet"": ""private address sample"", ""integer"": ""1..150 realistic bounded literals"", ""jsonb"": ""small object/array literal"", ""text"": ""short safe ascii tokens"", ""uuid"": ""deterministic UUID literal""}",bounded small literals; no forced 60k+ uniqueness inflation,none_or_normalize_only
PG_BOOL_R071_C01_SLOTS,PG_BOOL_R071_C01,PG_BOOL_R071,Y2,"{""inet"": ""private address sample"", ""integer"": ""1..150 realistic bounded literals"", ""jsonb"": ""small object/array literal"", ""text"": ""short safe ascii tokens"", ""uuid"": ""deterministic UUID literal""}",bounded small literals; no forced 60k+ uniqueness inflation,none_or_normalize_only
PG_BOOL_R071_C02_SLOTS,PG_BOOL_R071_C02,PG_BOOL_R071,Y2,"{""inet"": ""private address sample"", ""integer"": ""1..150 realistic bounded literals"", ""jsonb"": ""small object/array literal"", ""text"": ""short safe ascii tokens"", ""uuid"": ""deterministic UUID literal""}",bounded small literals; no forced 60k+ uniqueness inflation,none_or_normalize_only
PG_BOOL_R071_C03_SLOTS,PG_BOOL_R071_C03,PG_BOOL_R071,Y2,"{""inet"": ""private address sample"", ""integer"": ""1..150 realistic bounded literals"", ""jsonb"": ""small object/array literal"", ""text"": ""short safe ascii tokens"", ""uuid"": ""deterministic UUID literal""}",bounded small literals; no forced 60k+ uniqueness inflation,none_or_normalize_only
PG_BOOL_R071_C04_SLOTS,PG_BOOL_R071_C04,PG_BOOL_R071,Y2,"{""inet"": ""private address sample"", ""integer"": ""1..150 realistic bounded literals"", ""jsonb"": ""small object/array literal"", ""text"": ""short safe ascii tokens"", ""uuid"": ""deterministic UUID literal""}",bounded small literals; no forced 60k+ uniqueness inflation,none_or_normalize_only
PG_BOOL_R071_C05_SLOTS,PG_BOOL_R071_C05,PG_BOOL_R071,Y2,"{""inet"": ""private address sample"", ""integer"": ""1..150 realistic bounded literals"", ""jsonb"": ""small object/array literal"", ""text"": ""short safe ascii tokens"", ""uuid"": ""deterministic UUID literal""}",bounded small literals; no forced 60k+ uniqueness inflation,none_or_normalize_only
PG_BOOL_R071_C06_SLOTS,PG_BOOL_R071_C06,PG_BOOL_R071,Y2,"{""inet"": ""private address sample"", ""integer"": ""1..150 realistic bounded literals"", ""jsonb"": ""small object/array literal"", ""text"": ""short safe ascii tokens"", ""uuid"": ""deterministic UUID literal""}",bounded small literals; no forced 60k+ uniqueness inflation,none_or_normalize_only
PG_BOOL_R071_C07_SLOTS,PG_BOOL_R071_C07,PG_BOOL_R071,Y2,"{""inet"": ""private address sample"", ""integer"": ""1..150 realistic bounded literals"", ""jsonb"": ""small object/array literal"", ""text"": ""short safe ascii tokens"", ""uuid"": ""deterministic UUID literal""}",bounded small literals; no forced 60k+ uniqueness inflation,none_or_normalize_only
PG_BOOL_R071_C08_SLOTS,PG_BOOL_R071_C08,PG_BOOL_R071,Y2,"{""inet"": ""private address sample"", ""integer"": ""1..150 realistic bounded literals"", ""jsonb"": ""small object/array literal"", ""text"": ""short safe ascii tokens"", ""uuid"": ""deterministic UUID literal""}",bounded small literals; no forced 60k+ uniqueness inflation,none_or_normalize_only
PG_BOOL_R071_C09_SLOTS,PG_BOOL_R071_C09,PG_BOOL_R071,Y2,"{""inet"": ""private address sample"", ""integer"": ""1..150 realistic bounded literals"", ""jsonb"": ""small object/array literal"", ""text"": ""short safe ascii tokens"", ""uuid"": ""deterministic UUID literal""}",bounded small literals; no forced 60k+ uniqueness inflation,none_or_normalize_only
PG_BOOL_R071_C10_SLOTS,PG_BOOL_R071_C10,PG_BOOL_R071,Y2,"{""inet"": ""private address sample"", ""integer"": ""1..150 realistic bounded literals"", ""jsonb"": ""small object/array literal"", ""text"": ""short safe ascii tokens"", ""uuid"": ""deterministic UUID literal""}",bounded small literals; no forced 60k+ uniqueness inflation,none_or_normalize_only
PG_BOOL_R072_C01_SLOTS,PG_BOOL_R072_C01,PG_BOOL_R072,Y2,"{""inet"": ""private address sample"", ""integer"": ""1..150 realistic bounded literals"", ""jsonb"": ""small object/array literal"", ""text"": ""short safe ascii tokens"", ""uuid"": ""deterministic UUID literal""}",bounded small literals; no forced 60k+ uniqueness inflation,none_or_normalize_only
PG_BOOL_R072_C02_SLOTS,PG_BOOL_R072_C02,PG_BOOL_R072,Y2,"{""inet"": ""private address sample"", ""integer"": ""1..150 realistic bounded literals"", ""jsonb"": ""small object/array literal"", ""text"": ""short safe ascii tokens"", ""uuid"": ""deterministic UUID literal""}",bounded small literals; no forced 60k+ uniqueness inflation,none_or_normalize_only
PG_BOOL_R072_C03_SLOTS,PG_BOOL_R072_C03,PG_BOOL_R072,Y2,"{""inet"": ""private address sample"", ""integer"": ""1..150 realistic bounded literals"", ""jsonb"": ""small object/array literal"", ""text"": ""short safe ascii tokens"", ""uuid"": ""deterministic UUID literal""}",bounded small literals; no forced 60k+ uniqueness inflation,none_or_normalize_only
PG_BOOL_R072_C04_SLOTS,PG_BOOL_R072_C04,PG_BOOL_R072,Y2,"{""inet"": ""private address sample"", ""integer"": ""1..150 realistic bounded literals"", ""jsonb"": ""small object/array literal"", ""text"": ""short safe ascii tokens"", ""uuid"": ""deterministic UUID literal""}",bounded small literals; no forced 60k+ uniqueness inflation,none_or_normalize_only
PG_BOOL_R072_C05_SLOTS,PG_BOOL_R072_C05,PG_BOOL_R072,Y2,"{""inet"": ""private address sample"", ""integer"": ""1..150 realistic bounded literals"", ""jsonb"": ""small object/array literal"", ""text"": ""short safe ascii tokens"", ""uuid"": ""deterministic UUID literal""}",bounded small literals; no forced 60k+ uniqueness inflation,none_or_normalize_only
PG_BOOL_R072_C06_SLOTS,PG_BOOL_R072_C06,PG_BOOL_R072,Y2,"{""inet"": ""private address sample"", ""integer"": ""1..150 realistic bounded literals"", ""jsonb"": ""small object/array literal"", ""text"": ""short safe ascii tokens"", ""uuid"": ""deterministic UUID literal""}",bounded small literals; no forced 60k+ uniqueness inflation,none_or_normalize_only
PG_BOOL_R072_C07_SLOTS,PG_BOOL_R072_C07,PG_BOOL_R072,Y2,"{""inet"": ""private address sample"", ""integer"": ""1..150 realistic bounded literals"", ""jsonb"": ""small object/array literal"", ""text"": ""short safe ascii tokens"", ""uuid"": ""deterministic UUID literal""}",bounded small literals; no forced 60k+ uniqueness inflation,none_or_normalize_only
PG_BOOL_R072_C08_SLOTS,PG_BOOL_R072_C08,PG_BOOL_R072,Y2,"{""inet"": ""private address sample"", ""integer"": ""1..150 realistic bounded literals"", ""jsonb"": ""small object/array literal"", ""text"": ""short safe ascii tokens"", ""uuid"": ""deterministic UUID literal""}",bounded small literals; no forced 60k+ uniqueness inflation,none_or_normalize_only
PG_BOOL_R072_C09_SLOTS,PG_BOOL_R072_C09,PG_BOOL_R072,Y2,"{""inet"": ""private address sample"", ""integer"": ""1..150 realistic bounded literals"", ""jsonb"": ""small object/array literal"", ""text"": ""short safe ascii tokens"", ""uuid"": ""deterministic UUID literal""}",bounded small literals; no forced 60k+ uniqueness inflation,none_or_normalize_only
PG_BOOL_R072_C10_SLOTS,PG_BOOL_R072_C10,PG_BOOL_R072,Y2,"{""inet"": ""private address sample"", ""integer"": ""1..150 realistic bounded literals"", ""jsonb"": ""small object/array literal"", ""text"": ""short safe ascii tokens"", ""uuid"": ""deterministic UUID literal""}",bounded small literals; no forced 60k+ uniqueness inflation,none_or_normalize_only
PG_BOOL_R073_C01_SLOTS,PG_BOOL_R073_C01,PG_BOOL_R073,Y2,"{""inet"": ""private address sample"", ""integer"": ""1..150 realistic bounded literals"", ""jsonb"": ""small object/array literal"", ""text"": ""short safe ascii tokens"", ""uuid"": ""deterministic UUID literal""}",bounded small literals; no forced 60k+ uniqueness inflation,none_or_normalize_only
PG_BOOL_R073_C02_SLOTS,PG_BOOL_R073_C02,PG_BOOL_R073,Y2,"{""inet"": ""private address sample"", ""integer"": ""1..150 realistic bounded literals"", ""jsonb"": ""small object/array literal"", ""text"": ""short safe ascii tokens"", ""uuid"": ""deterministic UUID literal""}",bounded small literals; no forced 60k+ uniqueness inflation,none_or_normalize_only
PG_BOOL_R073_C03_SLOTS,PG_BOOL_R073_C03,PG_BOOL_R073,Y2,"{""inet"": ""private address sample"", ""integer"": ""1..150 realistic bounded literals"", ""jsonb"": ""small object/array literal"", ""text"": ""short safe ascii tokens"", ""uuid"": ""deterministic UUID literal""}",bounded small literals; no forced 60k+ uniqueness inflation,none_or_normalize_only
PG_BOOL_R073_C04_SLOTS,PG_BOOL_R073_C04,PG_BOOL_R073,Y2,"{""inet"": ""private address sample"", ""integer"": ""1..150 realistic bounded literals"", ""jsonb"": ""small object/array literal"", ""text"": ""short safe ascii tokens"", ""uuid"": ""deterministic UUID literal""}",bounded small literals; no forced 60k+ uniqueness inflation,none_or_normalize_only
PG_BOOL_R073_C05_SLOTS,PG_BOOL_R073_C05,PG_BOOL_R073,Y2,"{""inet"": ""private address sample"", ""integer"": ""1..150 realistic bounded literals"", ""jsonb"": ""small object/array literal"", ""text"": ""short safe ascii tokens"", ""uuid"": ""deterministic UUID literal""}",bounded small literals; no forced 60k+ uniqueness inflation,none_or_normalize_only
PG_BOOL_R073_C06_SLOTS,PG_BOOL_R073_C06,PG_BOOL_R073,Y2,"{""inet"": ""private address sample"", ""integer"": ""1..150 realistic bounded literals"", ""jsonb"": ""small object/array literal"", ""text"": ""short safe ascii tokens"", ""uuid"": ""deterministic UUID literal""}",bounded small literals; no forced 60k+ uniqueness inflation,none_or_normalize_only
PG_BOOL_R073_C07_SLOTS,PG_BOOL_R073_C07,PG_BOOL_R073,Y2,"{""inet"": ""private address sample"", ""integer"": ""1..150 realistic bounded literals"", ""jsonb"": ""small object/array literal"", ""text"": ""short safe ascii tokens"", ""uuid"": ""deterministic UUID literal""}",bounded small literals; no forced 60k+ uniqueness inflation,none_or_normalize_only
PG_BOOL_R073_C08_SLOTS,PG_BOOL_R073_C08,PG_BOOL_R073,Y2,"{""inet"": ""private address sample"", ""integer"": ""1..150 realistic bounded literals"", ""jsonb"": ""small object/array literal"", ""text"": ""short safe ascii tokens"", ""uuid"": ""deterministic UUID literal""}",bounded small literals; no forced 60k+ uniqueness inflation,none_or_normalize_only
PG_BOOL_R073_C09_SLOTS,PG_BOOL_R073_C09,PG_BOOL_R073,Y2,"{""inet"": ""private address sample"", ""integer"": ""1..150 realistic bounded literals"", ""jsonb"": ""small object/array literal"", ""text"": ""short safe ascii tokens"", ""uuid"": ""deterministic UUID literal""}",bounded small literals; no forced 60k+ uniqueness inflation,none_or_normalize_only
PG_BOOL_R073_C10_SLOTS,PG_BOOL_R073_C10,PG_BOOL_R073,Y2,"{""inet"": ""private address sample"", ""integer"": ""1..150 realistic bounded literals"", ""jsonb"": ""small object/array literal"", ""text"": ""short safe ascii tokens"", ""uuid"": ""deterministic UUID literal""}",bounded small literals; no forced 60k+ uniqueness inflation,none_or_normalize_only
PG_BOOL_R074_C01_SLOTS,PG_BOOL_R074_C01,PG_BOOL_R074,Y2,"{""inet"": ""private address sample"", ""integer"": ""1..150 realistic bounded literals"", ""jsonb"": ""small object/array literal"", ""text"": ""short safe ascii tokens"", ""uuid"": ""deterministic UUID literal""}",bounded small literals; no forced 60k+ uniqueness inflation,none_or_normalize_only
PG_BOOL_R074_C02_SLOTS,PG_BOOL_R074_C02,PG_BOOL_R074,Y2,"{""inet"": ""private address sample"", ""integer"": ""1..150 realistic bounded literals"", ""jsonb"": ""small object/array literal"", ""text"": ""short safe ascii tokens"", ""uuid"": ""deterministic UUID literal""}",bounded small literals; no forced 60k+ uniqueness inflation,none_or_normalize_only
PG_BOOL_R074_C03_SLOTS,PG_BOOL_R074_C03,PG_BOOL_R074,Y2,"{""inet"": ""private address sample"", ""integer"": ""1..150 realistic bounded literals"", ""jsonb"": ""small object/array literal"", ""text"": ""short safe ascii tokens"", ""uuid"": ""deterministic UUID literal""}",bounded small literals; no forced 60k+ uniqueness inflation,none_or_normalize_only
PG_BOOL_R074_C04_SLOTS,PG_BOOL_R074_C04,PG_BOOL_R074,Y2,"{""inet"": ""private address sample"", ""integer"": ""1..150 realistic bounded literals"", ""jsonb"": ""small object/array literal"", ""text"": ""short safe ascii tokens"", ""uuid"": ""deterministic UUID literal""}",bounded small literals; no forced 60k+ uniqueness inflation,none_or_normalize_only
PG_BOOL_R074_C05_SLOTS,PG_BOOL_R074_C05,PG_BOOL_R074,Y2,"{""inet"": ""private address sample"", ""integer"": ""1..150 realistic bounded literals"", ""jsonb"": ""small object/array literal"", ""text"": ""short safe ascii tokens"", ""uuid"": ""deterministic UUID literal""}",bounded small literals; no forced 60k+ uniqueness inflation,none_or_normalize_only
PG_BOOL_R074_C06_SLOTS,PG_BOOL_R074_C06,PG_BOOL_R074,Y2,"{""inet"": ""private address sample"", ""integer"": ""1..150 realistic bounded literals"", ""jsonb"": ""small object/array literal"", ""text"": ""short safe ascii tokens"", ""uuid"": ""deterministic UUID literal""}",bounded small literals; no forced 60k+ uniqueness inflation,none_or_normalize_only
PG_BOOL_R074_C07_SLOTS,PG_BOOL_R074_C07,PG_BOOL_R074,Y2,"{""inet"": ""private address sample"", ""integer"": ""1..150 realistic bounded literals"", ""jsonb"": ""small object/array literal"", ""text"": ""short safe ascii tokens"", ""uuid"": ""deterministic UUID literal""}",bounded small literals; no forced 60k+ uniqueness inflation,none_or_normalize_only
PG_BOOL_R074_C08_SLOTS,PG_BOOL_R074_C08,PG_BOOL_R074,Y2,"{""inet"": ""private address sample"", ""integer"": ""1..150 realistic bounded literals"", ""jsonb"": ""small object/array literal"", ""text"": ""short safe ascii tokens"", ""uuid"": ""deterministic UUID literal""}",bounded small literals; no forced 60k+ uniqueness inflation,none_or_normalize_only
PG_BOOL_R074_C09_SLOTS,PG_BOOL_R074_C09,PG_BOOL_R074,Y2,"{""inet"": ""private address sample"", ""integer"": ""1..150 realistic bounded literals"", ""jsonb"": ""small object/array literal"", ""text"": ""short safe ascii tokens"", ""uuid"": ""deterministic UUID literal""}",bounded small literals; no forced 60k+ uniqueness inflation,none_or_normalize_only
PG_BOOL_R074_C10_SLOTS,PG_BOOL_R074_C10,PG_BOOL_R074,Y2,"{""inet"": ""private address sample"", ""integer"": ""1..150 realistic bounded literals"", ""jsonb"": ""small object/array literal"", ""text"": ""short safe ascii tokens"", ""uuid"": ""deterministic UUID literal""}",bounded small literals; no forced 60k+ uniqueness inflation,none_or_normalize_only
PG_BOOL_R075_C01_SLOTS,PG_BOOL_R075_C01,PG_BOOL_R075,Y2,"{""inet"": ""private address sample"", ""integer"": ""1..150 realistic bounded literals"", ""jsonb"": ""small object/array literal"", ""text"": ""short safe ascii tokens"", ""uuid"": ""deterministic UUID literal""}",bounded small literals; no forced 60k+ uniqueness inflation,none_or_normalize_only
PG_BOOL_R075_C02_SLOTS,PG_BOOL_R075_C02,PG_BOOL_R075,Y2,"{""inet"": ""private address sample"", ""integer"": ""1..150 realistic bounded literals"", ""jsonb"": ""small object/array literal"", ""text"": ""short safe ascii tokens"", ""uuid"": ""deterministic UUID literal""}",bounded small literals; no forced 60k+ uniqueness inflation,none_or_normalize_only
PG_BOOL_R075_C03_SLOTS,PG_BOOL_R075_C03,PG_BOOL_R075,Y2,"{""inet"": ""private address sample"", ""integer"": ""1..150 realistic bounded literals"", ""jsonb"": ""small object/array literal"", ""text"": ""short safe ascii tokens"", ""uuid"": ""deterministic UUID literal""}",bounded small literals; no forced 60k+ uniqueness inflation,none_or_normalize_only
PG_BOOL_R075_C04_SLOTS,PG_BOOL_R075_C04,PG_BOOL_R075,Y2,"{""inet"": ""private address sample"", ""integer"": ""1..150 realistic bounded literals"", ""jsonb"": ""small object/array literal"", ""text"": ""short safe ascii tokens"", ""uuid"": ""deterministic UUID literal""}",bounded small literals; no forced 60k+ uniqueness inflation,none_or_normalize_only
PG_BOOL_R075_C05_SLOTS,PG_BOOL_R075_C05,PG_BOOL_R075,Y2,"{""inet"": ""private address sample"", ""integer"": ""1..150 realistic bounded literals"", ""jsonb"": ""small object/array literal"", ""text"": ""short safe ascii tokens"", ""uuid"": ""deterministic UUID literal""}",bounded small literals; no forced 60k+ uniqueness inflation,none_or_normalize_only
PG_BOOL_R075_C06_SLOTS,PG_BOOL_R075_C06,PG_BOOL_R075,Y2,"{""inet"": ""private address sample"", ""integer"": ""1..150 realistic bounded literals"", ""jsonb"": ""small object/array literal"", ""text"": ""short safe ascii tokens"", ""uuid"": ""deterministic UUID literal""}",bounded small literals; no forced 60k+ uniqueness inflation,none_or_normalize_only
PG_BOOL_R075_C07_SLOTS,PG_BOOL_R075_C07,PG_BOOL_R075,Y2,"{""inet"": ""private address sample"", ""integer"": ""1..150 realistic bounded literals"", ""jsonb"": ""small object/array literal"", ""text"": ""short safe ascii tokens"", ""uuid"": ""deterministic UUID literal""}",bounded small literals; no forced 60k+ uniqueness inflation,none_or_normalize_only
PG_BOOL_R075_C08_SLOTS,PG_BOOL_R075_C08,PG_BOOL_R075,Y2,"{""inet"": ""private address sample"", ""integer"": ""1..150 realistic bounded literals"", ""jsonb"": ""small object/array literal"", ""text"": ""short safe ascii tokens"", ""uuid"": ""deterministic UUID literal""}",bounded small literals; no forced 60k+ uniqueness inflation,none_or_normalize_only
PG_BOOL_R075_C09_SLOTS,PG_BOOL_R075_C09,PG_BOOL_R075,Y2,"{""inet"": ""private address sample"", ""integer"": ""1..150 realistic bounded literals"", ""jsonb"": ""small object/array literal"", ""text"": ""short safe ascii tokens"", ""uuid"": ""deterministic UUID literal""}",bounded small literals; no forced 60k+ uniqueness inflation,none_or_normalize_only
PG_BOOL_R075_C10_SLOTS,PG_BOOL_R075_C10,PG_BOOL_R075,Y2,"{""inet"": ""private address sample"", ""integer"": ""1..150 realistic bounded literals"", ""jsonb"": ""small object/array literal"", ""text"": ""short safe ascii tokens"", ""uuid"": ""deterministic UUID literal""}",bounded small literals; no forced 60k+ uniqueness inflation,none_or_normalize_only
PG_BOOL_R076_C01_SLOTS,PG_BOOL_R076_C01,PG_BOOL_R076,Y2,"{""inet"": ""private address sample"", ""integer"": ""1..150 realistic bounded literals"", ""jsonb"": ""small object/array literal"", ""text"": ""short safe ascii tokens"", ""uuid"": ""deterministic UUID literal""}",bounded small literals; no forced 60k+ uniqueness inflation,none_or_normalize_only
PG_BOOL_R076_C02_SLOTS,PG_BOOL_R076_C02,PG_BOOL_R076,Y2,"{""inet"": ""private address sample"", ""integer"": ""1..150 realistic bounded literals"", ""jsonb"": ""small object/array literal"", ""text"": ""short safe ascii tokens"", ""uuid"": ""deterministic UUID literal""}",bounded small literals; no forced 60k+ uniqueness inflation,none_or_normalize_only
PG_BOOL_R076_C03_SLOTS,PG_BOOL_R076_C03,PG_BOOL_R076,Y2,"{""inet"": ""private address sample"", ""integer"": ""1..150 realistic bounded literals"", ""jsonb"": ""small object/array literal"", ""text"": ""short safe ascii tokens"", ""uuid"": ""deterministic UUID literal""}",bounded small literals; no forced 60k+ uniqueness inflation,none_or_normalize_only
PG_BOOL_R076_C04_SLOTS,PG_BOOL_R076_C04,PG_BOOL_R076,Y2,"{""inet"": ""private address sample"", ""integer"": ""1..150 realistic bounded literals"", ""jsonb"": ""small object/array literal"", ""text"": ""short safe ascii tokens"", ""uuid"": ""deterministic UUID literal""}",bounded small literals; no forced 60k+ uniqueness inflation,none_or_normalize_only
PG_BOOL_R076_C05_SLOTS,PG_BOOL_R076_C05,PG_BOOL_R076,Y2,"{""inet"": ""private address sample"", ""integer"": ""1..150 realistic bounded literals"", ""jsonb"": ""small object/array literal"", ""text"": ""short safe ascii tokens"", ""uuid"": ""deterministic UUID literal""}",bounded small literals; no forced 60k+ uniqueness inflation,none_or_normalize_only
PG_BOOL_R076_C06_SLOTS,PG_BOOL_R076_C06,PG_BOOL_R076,Y2,"{""inet"": ""private address sample"", ""integer"": ""1..150 realistic bounded literals"", ""jsonb"": ""small object/array literal"", ""text"": ""short safe ascii tokens"", ""uuid"": ""deterministic UUID literal""}",bounded small literals; no forced 60k+ uniqueness inflation,none_or_normalize_only
PG_BOOL_R076_C07_SLOTS,PG_BOOL_R076_C07,PG_BOOL_R076,Y2,"{""inet"": ""private address sample"", ""integer"": ""1..150 realistic bounded literals"", ""jsonb"": ""small object/array literal"", ""text"": ""short safe ascii tokens"", ""uuid"": ""deterministic UUID literal""}",bounded small literals; no forced 60k+ uniqueness inflation,none_or_normalize_only
PG_BOOL_R076_C08_SLOTS,PG_BOOL_R076_C08,PG_BOOL_R076,Y2,"{""inet"": ""private address sample"", ""integer"": ""1..150 realistic bounded literals"", ""jsonb"": ""small object/array literal"", ""text"": ""short safe ascii tokens"", ""uuid"": ""deterministic UUID literal""}",bounded small literals; no forced 60k+ uniqueness inflation,none_or_normalize_only
PG_BOOL_R076_C09_SLOTS,PG_BOOL_R076_C09,PG_BOOL_R076,Y2,"{""inet"": ""private address sample"", ""integer"": ""1..150 realistic bounded literals"", ""jsonb"": ""small object/array literal"", ""text"": ""short safe ascii tokens"", ""uuid"": ""deterministic UUID literal""}",bounded small literals; no forced 60k+ uniqueness inflation,none_or_normalize_only
PG_BOOL_R076_C10_SLOTS,PG_BOOL_R076_C10,PG_BOOL_R076,Y2,"{""inet"": ""private address sample"", ""integer"": ""1..150 realistic bounded literals"", ""jsonb"": ""small object/array literal"", ""text"": ""short safe ascii tokens"", ""uuid"": ""deterministic UUID literal""}",bounded small literals; no forced 60k+ uniqueness inflation,none_or_normalize_only
PG_BOOL_R077_C01_SLOTS,PG_BOOL_R077_C01,PG_BOOL_R077,Y2,"{""inet"": ""private address sample"", ""integer"": ""1..150 realistic bounded literals"", ""jsonb"": ""small object/array literal"", ""text"": ""short safe ascii tokens"", ""uuid"": ""deterministic UUID literal""}",bounded small literals; no forced 60k+ uniqueness inflation,none_or_normalize_only
PG_BOOL_R077_C02_SLOTS,PG_BOOL_R077_C02,PG_BOOL_R077,Y2,"{""inet"": ""private address sample"", ""integer"": ""1..150 realistic bounded literals"", ""jsonb"": ""small object/array literal"", ""text"": ""short safe ascii tokens"", ""uuid"": ""deterministic UUID literal""}",bounded small literals; no forced 60k+ uniqueness inflation,none_or_normalize_only
PG_BOOL_R077_C03_SLOTS,PG_BOOL_R077_C03,PG_BOOL_R077,Y2,"{""inet"": ""private address sample"", ""integer"": ""1..150 realistic bounded literals"", ""jsonb"": ""small object/array literal"", ""text"": ""short safe ascii tokens"", ""uuid"": ""deterministic UUID literal""}",bounded small literals; no forced 60k+ uniqueness inflation,none_or_normalize_only
PG_BOOL_R077_C04_SLOTS,PG_BOOL_R077_C04,PG_BOOL_R077,Y2,"{""inet"": ""private address sample"", ""integer"": ""1..150 realistic bounded literals"", ""jsonb"": ""small object/array literal"", ""text"": ""short safe ascii tokens"", ""uuid"": ""deterministic UUID literal""}",bounded small literals; no forced 60k+ uniqueness inflation,none_or_normalize_only
PG_BOOL_R077_C05_SLOTS,PG_BOOL_R077_C05,PG_BOOL_R077,Y2,"{""inet"": ""private address sample"", ""integer"": ""1..150 realistic bounded literals"", ""jsonb"": ""small object/array literal"", ""text"": ""short safe ascii tokens"", ""uuid"": ""deterministic UUID literal""}",bounded small literals; no forced 60k+ uniqueness inflation,none_or_normalize_only
PG_BOOL_R077_C06_SLOTS,PG_BOOL_R077_C06,PG_BOOL_R077,Y2,"{""inet"": ""private address sample"", ""integer"": ""1..150 realistic bounded literals"", ""jsonb"": ""small object/array literal"", ""text"": ""short safe ascii tokens"", ""uuid"": ""deterministic UUID literal""}",bounded small literals; no forced 60k+ uniqueness inflation,none_or_normalize_only
PG_BOOL_R077_C07_SLOTS,PG_BOOL_R077_C07,PG_BOOL_R077,Y2,"{""inet"": ""private address sample"", ""integer"": ""1..150 realistic bounded literals"", ""jsonb"": ""small object/array literal"", ""text"": ""short safe ascii tokens"", ""uuid"": ""deterministic UUID literal""}",bounded small literals; no forced 60k+ uniqueness inflation,none_or_normalize_only
PG_BOOL_R077_C08_SLOTS,PG_BOOL_R077_C08,PG_BOOL_R077,Y2,"{""inet"": ""private address sample"", ""integer"": ""1..150 realistic bounded literals"", ""jsonb"": ""small object/array literal"", ""text"": ""short safe ascii tokens"", ""uuid"": ""deterministic UUID literal""}",bounded small literals; no forced 60k+ uniqueness inflation,none_or_normalize_only
PG_BOOL_R077_C09_SLOTS,PG_BOOL_R077_C09,PG_BOOL_R077,Y2,"{""inet"": ""private address sample"", ""integer"": ""1..150 realistic bounded literals"", ""jsonb"": ""small object/array literal"", ""text"": ""short safe ascii tokens"", ""uuid"": ""deterministic UUID literal""}",bounded small literals; no forced 60k+ uniqueness inflation,none_or_normalize_only
PG_BOOL_R077_C10_SLOTS,PG_BOOL_R077_C10,PG_BOOL_R077,Y2,"{""inet"": ""private address sample"", ""integer"": ""1..150 realistic bounded literals"", ""jsonb"": ""small object/array literal"", ""text"": ""short safe ascii tokens"", ""uuid"": ""deterministic UUID literal""}",bounded small literals; no forced 60k+ uniqueness inflation,none_or_normalize_only
PG_BOOL_R078_C01_SLOTS,PG_BOOL_R078_C01,PG_BOOL_R078,Y2,"{""inet"": ""private address sample"", ""integer"": ""1..150 realistic bounded literals"", ""jsonb"": ""small object/array literal"", ""text"": ""short safe ascii tokens"", ""uuid"": ""deterministic UUID literal""}",bounded small literals; no forced 60k+ uniqueness inflation,none_or_normalize_only
PG_BOOL_R078_C02_SLOTS,PG_BOOL_R078_C02,PG_BOOL_R078,Y2,"{""inet"": ""private address sample"", ""integer"": ""1..150 realistic bounded literals"", ""jsonb"": ""small object/array literal"", ""text"": ""short safe ascii tokens"", ""uuid"": ""deterministic UUID literal""}",bounded small literals; no forced 60k+ uniqueness inflation,none_or_normalize_only
PG_BOOL_R078_C03_SLOTS,PG_BOOL_R078_C03,PG_BOOL_R078,Y2,"{""inet"": ""private address sample"", ""integer"": ""1..150 realistic bounded literals"", ""jsonb"": ""small object/array literal"", ""text"": ""short safe ascii tokens"", ""uuid"": ""deterministic UUID literal""}",bounded small literals; no forced 60k+ uniqueness inflation,none_or_normalize_only
PG_BOOL_R078_C04_SLOTS,PG_BOOL_R078_C04,PG_BOOL_R078,Y2,"{""inet"": ""private address sample"", ""integer"": ""1..150 realistic bounded literals"", ""jsonb"": ""small object/array literal"", ""text"": ""short safe ascii tokens"", ""uuid"": ""deterministic UUID literal""}",bounded small literals; no forced 60k+ uniqueness inflation,none_or_normalize_only
PG_BOOL_R078_C05_SLOTS,PG_BOOL_R078_C05,PG_BOOL_R078,Y2,"{""inet"": ""private address sample"", ""integer"": ""1..150 realistic bounded literals"", ""jsonb"": ""small object/array literal"", ""text"": ""short safe ascii tokens"", ""uuid"": ""deterministic UUID literal""}",bounded small literals; no forced 60k+ uniqueness inflation,none_or_normalize_only
PG_BOOL_R078_C06_SLOTS,PG_BOOL_R078_C06,PG_BOOL_R078,Y2,"{""inet"": ""private address sample"", ""integer"": ""1..150 realistic bounded literals"", ""jsonb"": ""small object/array literal"", ""text"": ""short safe ascii tokens"", ""uuid"": ""deterministic UUID literal""}",bounded small literals; no forced 60k+ uniqueness inflation,none_or_normalize_only
PG_BOOL_R078_C07_SLOTS,PG_BOOL_R078_C07,PG_BOOL_R078,Y2,"{""inet"": ""private address sample"", ""integer"": ""1..150 realistic bounded literals"", ""jsonb"": ""small object/array literal"", ""text"": ""short safe ascii tokens"", ""uuid"": ""deterministic UUID literal""}",bounded small literals; no forced 60k+ uniqueness inflation,none_or_normalize_only
PG_BOOL_R078_C08_SLOTS,PG_BOOL_R078_C08,PG_BOOL_R078,Y2,"{""inet"": ""private address sample"", ""integer"": ""1..150 realistic bounded literals"", ""jsonb"": ""small object/array literal"", ""text"": ""short safe ascii tokens"", ""uuid"": ""deterministic UUID literal""}",bounded small literals; no forced 60k+ uniqueness inflation,none_or_normalize_only
PG_BOOL_R078_C09_SLOTS,PG_BOOL_R078_C09,PG_BOOL_R078,Y2,"{""inet"": ""private address sample"", ""integer"": ""1..150 realistic bounded literals"", ""jsonb"": ""small object/array literal"", ""text"": ""short safe ascii tokens"", ""uuid"": ""deterministic UUID literal""}",bounded small literals; no forced 60k+ uniqueness inflation,none_or_normalize_only
PG_BOOL_R078_C10_SLOTS,PG_BOOL_R078_C10,PG_BOOL_R078,Y2,"{""inet"": ""private address sample"", ""integer"": ""1..150 realistic bounded literals"", ""jsonb"": ""small object/array literal"", ""text"": ""short safe ascii tokens"", ""uuid"": ""deterministic UUID literal""}",bounded small literals; no forced 60k+ uniqueness inflation,none_or_normalize_only
PG_BOOL_R079_C01_SLOTS,PG_BOOL_R079_C01,PG_BOOL_R079,Y2,"{""inet"": ""private address sample"", ""integer"": ""1..150 realistic bounded literals"", ""jsonb"": ""small object/array literal"", ""text"": ""short safe ascii tokens"", ""uuid"": ""deterministic UUID literal""}",bounded small literals; no forced 60k+ uniqueness inflation,none_or_normalize_only
PG_BOOL_R079_C02_SLOTS,PG_BOOL_R079_C02,PG_BOOL_R079,Y2,"{""inet"": ""private address sample"", ""integer"": ""1..150 realistic bounded literals"", ""jsonb"": ""small object/array literal"", ""text"": ""short safe ascii tokens"", ""uuid"": ""deterministic UUID literal""}",bounded small literals; no forced 60k+ uniqueness inflation,none_or_normalize_only
PG_BOOL_R079_C03_SLOTS,PG_BOOL_R079_C03,PG_BOOL_R079,Y2,"{""inet"": ""private address sample"", ""integer"": ""1..150 realistic bounded literals"", ""jsonb"": ""small object/array literal"", ""text"": ""short safe ascii tokens"", ""uuid"": ""deterministic UUID literal""}",bounded small literals; no forced 60k+ uniqueness inflation,none_or_normalize_only
PG_BOOL_R079_C04_SLOTS,PG_BOOL_R079_C04,PG_BOOL_R079,Y2,"{""inet"": ""private address sample"", ""integer"": ""1..150 realistic bounded literals"", ""jsonb"": ""small object/array literal"", ""text"": ""short safe ascii tokens"", ""uuid"": ""deterministic UUID literal""}",bounded small literals; no forced 60k+ uniqueness inflation,none_or_normalize_only
PG_BOOL_R079_C05_SLOTS,PG_BOOL_R079_C05,PG_BOOL_R079,Y2,"{""inet"": ""private address sample"", ""integer"": ""1..150 realistic bounded literals"", ""jsonb"": ""small object/array literal"", ""text"": ""short safe ascii tokens"", ""uuid"": ""deterministic UUID literal""}",bounded small literals; no forced 60k+ uniqueness inflation,none_or_normalize_only
PG_BOOL_R079_C06_SLOTS,PG_BOOL_R079_C06,PG_BOOL_R079,Y2,"{""inet"": ""private address sample"", ""integer"": ""1..150 realistic bounded literals"", ""jsonb"": ""small object/array literal"", ""text"": ""short safe ascii tokens"", ""uuid"": ""deterministic UUID literal""}",bounded small literals; no forced 60k+ uniqueness inflation,none_or_normalize_only
PG_BOOL_R079_C07_SLOTS,PG_BOOL_R079_C07,PG_BOOL_R079,Y2,"{""inet"": ""private address sample"", ""integer"": ""1..150 realistic bounded literals"", ""jsonb"": ""small object/array literal"", ""text"": ""short safe ascii tokens"", ""uuid"": ""deterministic UUID literal""}",bounded small literals; no forced 60k+ uniqueness inflation,none_or_normalize_only
PG_BOOL_R079_C08_SLOTS,PG_BOOL_R079_C08,PG_BOOL_R079,Y2,"{""inet"": ""private address sample"", ""integer"": ""1..150 realistic bounded literals"", ""jsonb"": ""small object/array literal"", ""text"": ""short safe ascii tokens"", ""uuid"": ""deterministic UUID literal""}",bounded small literals; no forced 60k+ uniqueness inflation,none_or_normalize_only
PG_BOOL_R079_C09_SLOTS,PG_BOOL_R079_C09,PG_BOOL_R079,Y2,"{""inet"": ""private address sample"", ""integer"": ""1..150 realistic bounded literals"", ""jsonb"": ""small object/array literal"", ""text"": ""short safe ascii tokens"", ""uuid"": ""deterministic UUID literal""}",bounded small literals; no forced 60k+ uniqueness inflation,none_or_normalize_only
PG_BOOL_R079_C10_SLOTS,PG_BOOL_R079_C10,PG_BOOL_R079,Y2,"{""inet"": ""private address sample"", ""integer"": ""1..150 realistic bounded literals"", ""jsonb"": ""small object/array literal"", ""text"": ""short safe ascii tokens"", ""uuid"": ""deterministic UUID literal""}",bounded small literals; no forced 60k+ uniqueness inflation,none_or_normalize_only
PG_BOOL_R080_C01_SLOTS,PG_BOOL_R080_C01,PG_BOOL_R080,Y2,"{""inet"": ""private address sample"", ""integer"": ""1..150 realistic bounded literals"", ""jsonb"": ""small object/array literal"", ""text"": ""short safe ascii tokens"", ""uuid"": ""deterministic UUID literal""}",bounded small literals; no forced 60k+ uniqueness inflation,none_or_normalize_only
PG_BOOL_R080_C02_SLOTS,PG_BOOL_R080_C02,PG_BOOL_R080,Y2,"{""inet"": ""private address sample"", ""integer"": ""1..150 realistic bounded literals"", ""jsonb"": ""small object/array literal"", ""text"": ""short safe ascii tokens"", ""uuid"": ""deterministic UUID literal""}",bounded small literals; no forced 60k+ uniqueness inflation,none_or_normalize_only
PG_BOOL_R080_C03_SLOTS,PG_BOOL_R080_C03,PG_BOOL_R080,Y2,"{""inet"": ""private address sample"", ""integer"": ""1..150 realistic bounded literals"", ""jsonb"": ""small object/array literal"", ""text"": ""short safe ascii tokens"", ""uuid"": ""deterministic UUID literal""}",bounded small literals; no forced 60k+ uniqueness inflation,none_or_normalize_only
PG_BOOL_R080_C04_SLOTS,PG_BOOL_R080_C04,PG_BOOL_R080,Y2,"{""inet"": ""private address sample"", ""integer"": ""1..150 realistic bounded literals"", ""jsonb"": ""small object/array literal"", ""text"": ""short safe ascii tokens"", ""uuid"": ""deterministic UUID literal""}",bounded small literals; no forced 60k+ uniqueness inflation,none_or_normalize_only
PG_BOOL_R080_C05_SLOTS,PG_BOOL_R080_C05,PG_BOOL_R080,Y2,"{""inet"": ""private address sample"", ""integer"": ""1..150 realistic bounded literals"", ""jsonb"": ""small object/array literal"", ""text"": ""short safe ascii tokens"", ""uuid"": ""deterministic UUID literal""}",bounded small literals; no forced 60k+ uniqueness inflation,none_or_normalize_only
PG_BOOL_R080_C06_SLOTS,PG_BOOL_R080_C06,PG_BOOL_R080,Y2,"{""inet"": ""private address sample"", ""integer"": ""1..150 realistic bounded literals"", ""jsonb"": ""small object/array literal"", ""text"": ""short safe ascii tokens"", ""uuid"": ""deterministic UUID literal""}",bounded small literals; no forced 60k+ uniqueness inflation,none_or_normalize_only
PG_BOOL_R080_C07_SLOTS,PG_BOOL_R080_C07,PG_BOOL_R080,Y2,"{""inet"": ""private address sample"", ""integer"": ""1..150 realistic bounded literals"", ""jsonb"": ""small object/array literal"", ""text"": ""short safe ascii tokens"", ""uuid"": ""deterministic UUID literal""}",bounded small literals; no forced 60k+ uniqueness inflation,none_or_normalize_only
PG_BOOL_R080_C08_SLOTS,PG_BOOL_R080_C08,PG_BOOL_R080,Y2,"{""inet"": ""private address sample"", ""integer"": ""1..150 realistic bounded literals"", ""jsonb"": ""small object/array literal"", ""text"": ""short safe ascii tokens"", ""uuid"": ""deterministic UUID literal""}",bounded small literals; no forced 60k+ uniqueness inflation,none_or_normalize_only
PG_BOOL_R080_C09_SLOTS,PG_BOOL_R080_C09,PG_BOOL_R080,Y2,"{""inet"": ""private address sample"", ""integer"": ""1..150 realistic bounded literals"", ""jsonb"": ""small object/array literal"", ""text"": ""short safe ascii tokens"", ""uuid"": ""deterministic UUID literal""}",bounded small literals; no forced 60k+ uniqueness inflation,none_or_normalize_only
PG_BOOL_R080_C10_SLOTS,PG_BOOL_R080_C10,PG_BOOL_R080,Y2,"{""inet"": ""private address sample"", ""integer"": ""1..150 realistic bounded literals"", ""jsonb"": ""small object/array literal"", ""text"": ""short safe ascii tokens"", ""uuid"": ""deterministic UUID literal""}",bounded small literals; no forced 60k+ uniqueness inflation,none_or_normalize_only
PG_BOOL_R081_C01_SLOTS,PG_BOOL_R081_C01,PG_BOOL_R081,Y2,"{""inet"": ""private address sample"", ""integer"": ""1..150 realistic bounded literals"", ""jsonb"": ""small object/array literal"", ""text"": ""short safe ascii tokens"", ""uuid"": ""deterministic UUID literal""}",bounded small literals; no forced 60k+ uniqueness inflation,none_or_normalize_only
PG_BOOL_R081_C02_SLOTS,PG_BOOL_R081_C02,PG_BOOL_R081,Y2,"{""inet"": ""private address sample"", ""integer"": ""1..150 realistic bounded literals"", ""jsonb"": ""small object/array literal"", ""text"": ""short safe ascii tokens"", ""uuid"": ""deterministic UUID literal""}",bounded small literals; no forced 60k+ uniqueness inflation,none_or_normalize_only
PG_BOOL_R081_C03_SLOTS,PG_BOOL_R081_C03,PG_BOOL_R081,Y2,"{""inet"": ""private address sample"", ""integer"": ""1..150 realistic bounded literals"", ""jsonb"": ""small object/array literal"", ""text"": ""short safe ascii tokens"", ""uuid"": ""deterministic UUID literal""}",bounded small literals; no forced 60k+ uniqueness inflation,none_or_normalize_only
PG_BOOL_R081_C04_SLOTS,PG_BOOL_R081_C04,PG_BOOL_R081,Y2,"{""inet"": ""private address sample"", ""integer"": ""1..150 realistic bounded literals"", ""jsonb"": ""small object/array literal"", ""text"": ""short safe ascii tokens"", ""uuid"": ""deterministic UUID literal""}",bounded small literals; no forced 60k+ uniqueness inflation,none_or_normalize_only
PG_BOOL_R081_C05_SLOTS,PG_BOOL_R081_C05,PG_BOOL_R081,Y2,"{""inet"": ""private address sample"", ""integer"": ""1..150 realistic bounded literals"", ""jsonb"": ""small object/array literal"", ""text"": ""short safe ascii tokens"", ""uuid"": ""deterministic UUID literal""}",bounded small literals; no forced 60k+ uniqueness inflation,none_or_normalize_only
PG_BOOL_R081_C06_SLOTS,PG_BOOL_R081_C06,PG_BOOL_R081,Y2,"{""inet"": ""private address sample"", ""integer"": ""1..150 realistic bounded literals"", ""jsonb"": ""small object/array literal"", ""text"": ""short safe ascii tokens"", ""uuid"": ""deterministic UUID literal""}",bounded small literals; no forced 60k+ uniqueness inflation,none_or_normalize_only
PG_BOOL_R081_C07_SLOTS,PG_BOOL_R081_C07,PG_BOOL_R081,Y2,"{""inet"": ""private address sample"", ""integer"": ""1..150 realistic bounded literals"", ""jsonb"": ""small object/array literal"", ""text"": ""short safe ascii tokens"", ""uuid"": ""deterministic UUID literal""}",bounded small literals; no forced 60k+ uniqueness inflation,none_or_normalize_only
PG_BOOL_R081_C08_SLOTS,PG_BOOL_R081_C08,PG_BOOL_R081,Y2,"{""inet"": ""private address sample"", ""integer"": ""1..150 realistic bounded literals"", ""jsonb"": ""small object/array literal"", ""text"": ""short safe ascii tokens"", ""uuid"": ""deterministic UUID literal""}",bounded small literals; no forced 60k+ uniqueness inflation,none_or_normalize_only
PG_BOOL_R081_C09_SLOTS,PG_BOOL_R081_C09,PG_BOOL_R081,Y2,"{""inet"": ""private address sample"", ""integer"": ""1..150 realistic bounded literals"", ""jsonb"": ""small object/array literal"", ""text"": ""short safe ascii tokens"", ""uuid"": ""deterministic UUID literal""}",bounded small literals; no forced 60k+ uniqueness inflation,none_or_normalize_only
PG_BOOL_R081_C10_SLOTS,PG_BOOL_R081_C10,PG_BOOL_R081,Y2,"{""inet"": ""private address sample"", ""integer"": ""1..150 realistic bounded literals"", ""jsonb"": ""small object/array literal"", ""text"": ""short safe ascii tokens"", ""uuid"": ""deterministic UUID literal""}",bounded small literals; no forced 60k+ uniqueness inflation,none_or_normalize_only
PG_BOOL_R082_C01_SLOTS,PG_BOOL_R082_C01,PG_BOOL_R082,Y2,"{""inet"": ""private address sample"", ""integer"": ""1..150 realistic bounded literals"", ""jsonb"": ""small object/array literal"", ""text"": ""short safe ascii tokens"", ""uuid"": ""deterministic UUID literal""}",bounded small literals; no forced 60k+ uniqueness inflation,none_or_normalize_only
PG_BOOL_R082_C02_SLOTS,PG_BOOL_R082_C02,PG_BOOL_R082,Y2,"{""inet"": ""private address sample"", ""integer"": ""1..150 realistic bounded literals"", ""jsonb"": ""small object/array literal"", ""text"": ""short safe ascii tokens"", ""uuid"": ""deterministic UUID literal""}",bounded small literals; no forced 60k+ uniqueness inflation,none_or_normalize_only
PG_BOOL_R082_C03_SLOTS,PG_BOOL_R082_C03,PG_BOOL_R082,Y2,"{""inet"": ""private address sample"", ""integer"": ""1..150 realistic bounded literals"", ""jsonb"": ""small object/array literal"", ""text"": ""short safe ascii tokens"", ""uuid"": ""deterministic UUID literal""}",bounded small literals; no forced 60k+ uniqueness inflation,none_or_normalize_only
PG_BOOL_R082_C04_SLOTS,PG_BOOL_R082_C04,PG_BOOL_R082,Y2,"{""inet"": ""private address sample"", ""integer"": ""1..150 realistic bounded literals"", ""jsonb"": ""small object/array literal"", ""text"": ""short safe ascii tokens"", ""uuid"": ""deterministic UUID literal""}",bounded small literals; no forced 60k+ uniqueness inflation,none_or_normalize_only
PG_BOOL_R082_C05_SLOTS,PG_BOOL_R082_C05,PG_BOOL_R082,Y2,"{""inet"": ""private address sample"", ""integer"": ""1..150 realistic bounded literals"", ""jsonb"": ""small object/array literal"", ""text"": ""short safe ascii tokens"", ""uuid"": ""deterministic UUID literal""}",bounded small literals; no forced 60k+ uniqueness inflation,none_or_normalize_only
PG_BOOL_R082_C06_SLOTS,PG_BOOL_R082_C06,PG_BOOL_R082,Y2,"{""inet"": ""private address sample"", ""integer"": ""1..150 realistic bounded literals"", ""jsonb"": ""small object/array literal"", ""text"": ""short safe ascii tokens"", ""uuid"": ""deterministic UUID literal""}",bounded small literals; no forced 60k+ uniqueness inflation,none_or_normalize_only
PG_BOOL_R082_C07_SLOTS,PG_BOOL_R082_C07,PG_BOOL_R082,Y2,"{""inet"": ""private address sample"", ""integer"": ""1..150 realistic bounded literals"", ""jsonb"": ""small object/array literal"", ""text"": ""short safe ascii tokens"", ""uuid"": ""deterministic UUID literal""}",bounded small literals; no forced 60k+ uniqueness inflation,none_or_normalize_only
PG_BOOL_R082_C08_SLOTS,PG_BOOL_R082_C08,PG_BOOL_R082,Y2,"{""inet"": ""private address sample"", ""integer"": ""1..150 realistic bounded literals"", ""jsonb"": ""small object/array literal"", ""text"": ""short safe ascii tokens"", ""uuid"": ""deterministic UUID literal""}",bounded small literals; no forced 60k+ uniqueness inflation,none_or_normalize_only
PG_BOOL_R082_C09_SLOTS,PG_BOOL_R082_C09,PG_BOOL_R082,Y2,"{""inet"": ""private address sample"", ""integer"": ""1..150 realistic bounded literals"", ""jsonb"": ""small object/array literal"", ""text"": ""short safe ascii tokens"", ""uuid"": ""deterministic UUID literal""}",bounded small literals; no forced 60k+ uniqueness inflation,none_or_normalize_only
PG_BOOL_R082_C10_SLOTS,PG_BOOL_R082_C10,PG_BOOL_R082,Y2,"{""inet"": ""private address sample"", ""integer"": ""1..150 realistic bounded literals"", ""jsonb"": ""small object/array literal"", ""text"": ""short safe ascii tokens"", ""uuid"": ""deterministic UUID literal""}",bounded small literals; no forced 60k+ uniqueness inflation,none_or_normalize_only
PG_BOOL_R083_C01_SLOTS,PG_BOOL_R083_C01,PG_BOOL_R083,Y2,"{""inet"": ""private address sample"", ""integer"": ""1..150 realistic bounded literals"", ""jsonb"": ""small object/array literal"", ""text"": ""short safe ascii tokens"", ""uuid"": ""deterministic UUID literal""}",bounded small literals; no forced 60k+ uniqueness inflation,none_or_normalize_only
PG_BOOL_R083_C02_SLOTS,PG_BOOL_R083_C02,PG_BOOL_R083,Y2,"{""inet"": ""private address sample"", ""integer"": ""1..150 realistic bounded literals"", ""jsonb"": ""small object/array literal"", ""text"": ""short safe ascii tokens"", ""uuid"": ""deterministic UUID literal""}",bounded small literals; no forced 60k+ uniqueness inflation,none_or_normalize_only
PG_BOOL_R083_C03_SLOTS,PG_BOOL_R083_C03,PG_BOOL_R083,Y2,"{""inet"": ""private address sample"", ""integer"": ""1..150 realistic bounded literals"", ""jsonb"": ""small object/array literal"", ""text"": ""short safe ascii tokens"", ""uuid"": ""deterministic UUID literal""}",bounded small literals; no forced 60k+ uniqueness inflation,none_or_normalize_only
PG_BOOL_R083_C04_SLOTS,PG_BOOL_R083_C04,PG_BOOL_R083,Y2,"{""inet"": ""private address sample"", ""integer"": ""1..150 realistic bounded literals"", ""jsonb"": ""small object/array literal"", ""text"": ""short safe ascii tokens"", ""uuid"": ""deterministic UUID literal""}",bounded small literals; no forced 60k+ uniqueness inflation,none_or_normalize_only
PG_BOOL_R083_C05_SLOTS,PG_BOOL_R083_C05,PG_BOOL_R083,Y2,"{""inet"": ""private address sample"", ""integer"": ""1..150 realistic bounded literals"", ""jsonb"": ""small object/array literal"", ""text"": ""short safe ascii tokens"", ""uuid"": ""deterministic UUID literal""}",bounded small literals; no forced 60k+ uniqueness inflation,none_or_normalize_only
PG_BOOL_R083_C06_SLOTS,PG_BOOL_R083_C06,PG_BOOL_R083,Y2,"{""inet"": ""private address sample"", ""integer"": ""1..150 realistic bounded literals"", ""jsonb"": ""small object/array literal"", ""text"": ""short safe ascii tokens"", ""uuid"": ""deterministic UUID literal""}",bounded small literals; no forced 60k+ uniqueness inflation,none_or_normalize_only
PG_BOOL_R083_C07_SLOTS,PG_BOOL_R083_C07,PG_BOOL_R083,Y2,"{""inet"": ""private address sample"", ""integer"": ""1..150 realistic bounded literals"", ""jsonb"": ""small object/array literal"", ""text"": ""short safe ascii tokens"", ""uuid"": ""deterministic UUID literal""}",bounded small literals; no forced 60k+ uniqueness inflation,none_or_normalize_only
PG_BOOL_R083_C08_SLOTS,PG_BOOL_R083_C08,PG_BOOL_R083,Y2,"{""inet"": ""private address sample"", ""integer"": ""1..150 realistic bounded literals"", ""jsonb"": ""small object/array literal"", ""text"": ""short safe ascii tokens"", ""uuid"": ""deterministic UUID literal""}",bounded small literals; no forced 60k+ uniqueness inflation,none_or_normalize_only
PG_BOOL_R083_C09_SLOTS,PG_BOOL_R083_C09,PG_BOOL_R083,Y2,"{""inet"": ""private address sample"", ""integer"": ""1..150 realistic bounded literals"", ""jsonb"": ""small object/array literal"", ""text"": ""short safe ascii tokens"", ""uuid"": ""deterministic UUID literal""}",bounded small literals; no forced 60k+ uniqueness inflation,none_or_normalize_only
PG_BOOL_R083_C10_SLOTS,PG_BOOL_R083_C10,PG_BOOL_R083,Y2,"{""inet"": ""private address sample"", ""integer"": ""1..150 realistic bounded literals"", ""jsonb"": ""small object/array literal"", ""text"": ""short safe ascii tokens"", ""uuid"": ""deterministic UUID literal""}",bounded small literals; no forced 60k+ uniqueness inflation,none_or_normalize_only
PG_BOOL_R084_C01_SLOTS,PG_BOOL_R084_C01,PG_BOOL_R084,Y2,"{""inet"": ""private address sample"", ""integer"": ""1..150 realistic bounded literals"", ""jsonb"": ""small object/array literal"", ""text"": ""short safe ascii tokens"", ""uuid"": ""deterministic UUID literal""}",bounded small literals; no forced 60k+ uniqueness inflation,none_or_normalize_only
PG_BOOL_R084_C02_SLOTS,PG_BOOL_R084_C02,PG_BOOL_R084,Y2,"{""inet"": ""private address sample"", ""integer"": ""1..150 realistic bounded literals"", ""jsonb"": ""small object/array literal"", ""text"": ""short safe ascii tokens"", ""uuid"": ""deterministic UUID literal""}",bounded small literals; no forced 60k+ uniqueness inflation,none_or_normalize_only
PG_BOOL_R084_C03_SLOTS,PG_BOOL_R084_C03,PG_BOOL_R084,Y2,"{""inet"": ""private address sample"", ""integer"": ""1..150 realistic bounded literals"", ""jsonb"": ""small object/array literal"", ""text"": ""short safe ascii tokens"", ""uuid"": ""deterministic UUID literal""}",bounded small literals; no forced 60k+ uniqueness inflation,none_or_normalize_only
PG_BOOL_R084_C04_SLOTS,PG_BOOL_R084_C04,PG_BOOL_R084,Y2,"{""inet"": ""private address sample"", ""integer"": ""1..150 realistic bounded literals"", ""jsonb"": ""small object/array literal"", ""text"": ""short safe ascii tokens"", ""uuid"": ""deterministic UUID literal""}",bounded small literals; no forced 60k+ uniqueness inflation,none_or_normalize_only
PG_BOOL_R084_C05_SLOTS,PG_BOOL_R084_C05,PG_BOOL_R084,Y2,"{""inet"": ""private address sample"", ""integer"": ""1..150 realistic bounded literals"", ""jsonb"": ""small object/array literal"", ""text"": ""short safe ascii tokens"", ""uuid"": ""deterministic UUID literal""}",bounded small literals; no forced 60k+ uniqueness inflation,none_or_normalize_only
PG_BOOL_R084_C06_SLOTS,PG_BOOL_R084_C06,PG_BOOL_R084,Y2,"{""inet"": ""private address sample"", ""integer"": ""1..150 realistic bounded literals"", ""jsonb"": ""small object/array literal"", ""text"": ""short safe ascii tokens"", ""uuid"": ""deterministic UUID literal""}",bounded small literals; no forced 60k+ uniqueness inflation,none_or_normalize_only
PG_BOOL_R084_C07_SLOTS,PG_BOOL_R084_C07,PG_BOOL_R084,Y2,"{""inet"": ""private address sample"", ""integer"": ""1..150 realistic bounded literals"", ""jsonb"": ""small object/array literal"", ""text"": ""short safe ascii tokens"", ""uuid"": ""deterministic UUID literal""}",bounded small literals; no forced 60k+ uniqueness inflation,none_or_normalize_only
PG_BOOL_R084_C08_SLOTS,PG_BOOL_R084_C08,PG_BOOL_R084,Y2,"{""inet"": ""private address sample"", ""integer"": ""1..150 realistic bounded literals"", ""jsonb"": ""small object/array literal"", ""text"": ""short safe ascii tokens"", ""uuid"": ""deterministic UUID literal""}",bounded small literals; no forced 60k+ uniqueness inflation,none_or_normalize_only
PG_BOOL_R084_C09_SLOTS,PG_BOOL_R084_C09,PG_BOOL_R084,Y2,"{""inet"": ""private address sample"", ""integer"": ""1..150 realistic bounded literals"", ""jsonb"": ""small object/array literal"", ""text"": ""short safe ascii tokens"", ""uuid"": ""deterministic UUID literal""}",bounded small literals; no forced 60k+ uniqueness inflation,none_or_normalize_only
PG_BOOL_R084_C10_SLOTS,PG_BOOL_R084_C10,PG_BOOL_R084,Y2,"{""inet"": ""private address sample"", ""integer"": ""1..150 realistic bounded literals"", ""jsonb"": ""small object/array literal"", ""text"": ""short safe ascii tokens"", ""uuid"": ""deterministic UUID literal""}",bounded small literals; no forced 60k+ uniqueness inflation,none_or_normalize_only
PG_BOOL_R085_C01_SLOTS,PG_BOOL_R085_C01,PG_BOOL_R085,Y2,"{""inet"": ""private address sample"", ""integer"": ""1..150 realistic bounded literals"", ""jsonb"": ""small object/array literal"", ""text"": ""short safe ascii tokens"", ""uuid"": ""deterministic UUID literal""}",bounded small literals; no forced 60k+ uniqueness inflation,none_or_normalize_only
PG_BOOL_R085_C02_SLOTS,PG_BOOL_R085_C02,PG_BOOL_R085,Y2,"{""inet"": ""private address sample"", ""integer"": ""1..150 realistic bounded literals"", ""jsonb"": ""small object/array literal"", ""text"": ""short safe ascii tokens"", ""uuid"": ""deterministic UUID literal""}",bounded small literals; no forced 60k+ uniqueness inflation,none_or_normalize_only
PG_BOOL_R085_C03_SLOTS,PG_BOOL_R085_C03,PG_BOOL_R085,Y2,"{""inet"": ""private address sample"", ""integer"": ""1..150 realistic bounded literals"", ""jsonb"": ""small object/array literal"", ""text"": ""short safe ascii tokens"", ""uuid"": ""deterministic UUID literal""}",bounded small literals; no forced 60k+ uniqueness inflation,none_or_normalize_only
PG_BOOL_R085_C04_SLOTS,PG_BOOL_R085_C04,PG_BOOL_R085,Y2,"{""inet"": ""private address sample"", ""integer"": ""1..150 realistic bounded literals"", ""jsonb"": ""small object/array literal"", ""text"": ""short safe ascii tokens"", ""uuid"": ""deterministic UUID literal""}",bounded small literals; no forced 60k+ uniqueness inflation,none_or_normalize_only
PG_BOOL_R085_C05_SLOTS,PG_BOOL_R085_C05,PG_BOOL_R085,Y2,"{""inet"": ""private address sample"", ""integer"": ""1..150 realistic bounded literals"", ""jsonb"": ""small object/array literal"", ""text"": ""short safe ascii tokens"", ""uuid"": ""deterministic UUID literal""}",bounded small literals; no forced 60k+ uniqueness inflation,none_or_normalize_only
PG_BOOL_R085_C06_SLOTS,PG_BOOL_R085_C06,PG_BOOL_R085,Y2,"{""inet"": ""private address sample"", ""integer"": ""1..150 realistic bounded literals"", ""jsonb"": ""small object/array literal"", ""text"": ""short safe ascii tokens"", ""uuid"": ""deterministic UUID literal""}",bounded small literals; no forced 60k+ uniqueness inflation,none_or_normalize_only
PG_BOOL_R085_C07_SLOTS,PG_BOOL_R085_C07,PG_BOOL_R085,Y2,"{""inet"": ""private address sample"", ""integer"": ""1..150 realistic bounded literals"", ""jsonb"": ""small object/array literal"", ""text"": ""short safe ascii tokens"", ""uuid"": ""deterministic UUID literal""}",bounded small literals; no forced 60k+ uniqueness inflation,none_or_normalize_only
PG_BOOL_R085_C08_SLOTS,PG_BOOL_R085_C08,PG_BOOL_R085,Y2,"{""inet"": ""private address sample"", ""integer"": ""1..150 realistic bounded literals"", ""jsonb"": ""small object/array literal"", ""text"": ""short safe ascii tokens"", ""uuid"": ""deterministic UUID literal""}",bounded small literals; no forced 60k+ uniqueness inflation,none_or_normalize_only
PG_BOOL_R085_C09_SLOTS,PG_BOOL_R085_C09,PG_BOOL_R085,Y2,"{""inet"": ""private address sample"", ""integer"": ""1..150 realistic bounded literals"", ""jsonb"": ""small object/array literal"", ""text"": ""short safe ascii tokens"", ""uuid"": ""deterministic UUID literal""}",bounded small literals; no forced 60k+ uniqueness inflation,none_or_normalize_only
PG_BOOL_R085_C10_SLOTS,PG_BOOL_R085_C10,PG_BOOL_R085,Y2,"{""inet"": ""private address sample"", ""integer"": ""1..150 realistic bounded literals"", ""jsonb"": ""small object/array literal"", ""text"": ""short safe ascii tokens"", ""uuid"": ""deterministic UUID literal""}",bounded small literals; no forced 60k+ uniqueness inflation,none_or_normalize_only
PG_BOOL_R086_C01_SLOTS,PG_BOOL_R086_C01,PG_BOOL_R086,Y2,"{""inet"": ""private address sample"", ""integer"": ""1..150 realistic bounded literals"", ""jsonb"": ""small object/array literal"", ""text"": ""short safe ascii tokens"", ""uuid"": ""deterministic UUID literal""}",bounded small literals; no forced 60k+ uniqueness inflation,none_or_normalize_only
PG_BOOL_R086_C02_SLOTS,PG_BOOL_R086_C02,PG_BOOL_R086,Y2,"{""inet"": ""private address sample"", ""integer"": ""1..150 realistic bounded literals"", ""jsonb"": ""small object/array literal"", ""text"": ""short safe ascii tokens"", ""uuid"": ""deterministic UUID literal""}",bounded small literals; no forced 60k+ uniqueness inflation,none_or_normalize_only
PG_BOOL_R086_C03_SLOTS,PG_BOOL_R086_C03,PG_BOOL_R086,Y2,"{""inet"": ""private address sample"", ""integer"": ""1..150 realistic bounded literals"", ""jsonb"": ""small object/array literal"", ""text"": ""short safe ascii tokens"", ""uuid"": ""deterministic UUID literal""}",bounded small literals; no forced 60k+ uniqueness inflation,none_or_normalize_only
PG_BOOL_R086_C04_SLOTS,PG_BOOL_R086_C04,PG_BOOL_R086,Y2,"{""inet"": ""private address sample"", ""integer"": ""1..150 realistic bounded literals"", ""jsonb"": ""small object/array literal"", ""text"": ""short safe ascii tokens"", ""uuid"": ""deterministic UUID literal""}",bounded small literals; no forced 60k+ uniqueness inflation,none_or_normalize_only
PG_BOOL_R086_C05_SLOTS,PG_BOOL_R086_C05,PG_BOOL_R086,Y2,"{""inet"": ""private address sample"", ""integer"": ""1..150 realistic bounded literals"", ""jsonb"": ""small object/array literal"", ""text"": ""short safe ascii tokens"", ""uuid"": ""deterministic UUID literal""}",bounded small literals; no forced 60k+ uniqueness inflation,none_or_normalize_only
PG_BOOL_R086_C06_SLOTS,PG_BOOL_R086_C06,PG_BOOL_R086,Y2,"{""inet"": ""private address sample"", ""integer"": ""1..150 realistic bounded literals"", ""jsonb"": ""small object/array literal"", ""text"": ""short safe ascii tokens"", ""uuid"": ""deterministic UUID literal""}",bounded small literals; no forced 60k+ uniqueness inflation,none_or_normalize_only
PG_BOOL_R086_C07_SLOTS,PG_BOOL_R086_C07,PG_BOOL_R086,Y2,"{""inet"": ""private address sample"", ""integer"": ""1..150 realistic bounded literals"", ""jsonb"": ""small object/array literal"", ""text"": ""short safe ascii tokens"", ""uuid"": ""deterministic UUID literal""}",bounded small literals; no forced 60k+ uniqueness inflation,none_or_normalize_only
PG_BOOL_R086_C08_SLOTS,PG_BOOL_R086_C08,PG_BOOL_R086,Y2,"{""inet"": ""private address sample"", ""integer"": ""1..150 realistic bounded literals"", ""jsonb"": ""small object/array literal"", ""text"": ""short safe ascii tokens"", ""uuid"": ""deterministic UUID literal""}",bounded small literals; no forced 60k+ uniqueness inflation,none_or_normalize_only
PG_BOOL_R086_C09_SLOTS,PG_BOOL_R086_C09,PG_BOOL_R086,Y2,"{""inet"": ""private address sample"", ""integer"": ""1..150 realistic bounded literals"", ""jsonb"": ""small object/array literal"", ""text"": ""short safe ascii tokens"", ""uuid"": ""deterministic UUID literal""}",bounded small literals; no forced 60k+ uniqueness inflation,none_or_normalize_only
PG_BOOL_R086_C10_SLOTS,PG_BOOL_R086_C10,PG_BOOL_R086,Y2,"{""inet"": ""private address sample"", ""integer"": ""1..150 realistic bounded literals"", ""jsonb"": ""small object/array literal"", ""text"": ""short safe ascii tokens"", ""uuid"": ""deterministic UUID literal""}",bounded small literals; no forced 60k+ uniqueness inflation,none_or_normalize_only
PG_BOOL_R087_C01_SLOTS,PG_BOOL_R087_C01,PG_BOOL_R087,Y2,"{""inet"": ""private address sample"", ""integer"": ""1..150 realistic bounded literals"", ""jsonb"": ""small object/array literal"", ""text"": ""short safe ascii tokens"", ""uuid"": ""deterministic UUID literal""}",bounded small literals; no forced 60k+ uniqueness inflation,none_or_normalize_only
PG_BOOL_R087_C02_SLOTS,PG_BOOL_R087_C02,PG_BOOL_R087,Y2,"{""inet"": ""private address sample"", ""integer"": ""1..150 realistic bounded literals"", ""jsonb"": ""small object/array literal"", ""text"": ""short safe ascii tokens"", ""uuid"": ""deterministic UUID literal""}",bounded small literals; no forced 60k+ uniqueness inflation,none_or_normalize_only
PG_BOOL_R087_C03_SLOTS,PG_BOOL_R087_C03,PG_BOOL_R087,Y2,"{""inet"": ""private address sample"", ""integer"": ""1..150 realistic bounded literals"", ""jsonb"": ""small object/array literal"", ""text"": ""short safe ascii tokens"", ""uuid"": ""deterministic UUID literal""}",bounded small literals; no forced 60k+ uniqueness inflation,none_or_normalize_only
PG_BOOL_R087_C04_SLOTS,PG_BOOL_R087_C04,PG_BOOL_R087,Y2,"{""inet"": ""private address sample"", ""integer"": ""1..150 realistic bounded literals"", ""jsonb"": ""small object/array literal"", ""text"": ""short safe ascii tokens"", ""uuid"": ""deterministic UUID literal""}",bounded small literals; no forced 60k+ uniqueness inflation,none_or_normalize_only
PG_BOOL_R087_C05_SLOTS,PG_BOOL_R087_C05,PG_BOOL_R087,Y2,"{""inet"": ""private address sample"", ""integer"": ""1..150 realistic bounded literals"", ""jsonb"": ""small object/array literal"", ""text"": ""short safe ascii tokens"", ""uuid"": ""deterministic UUID literal""}",bounded small literals; no forced 60k+ uniqueness inflation,none_or_normalize_only
PG_BOOL_R087_C06_SLOTS,PG_BOOL_R087_C06,PG_BOOL_R087,Y2,"{""inet"": ""private address sample"", ""integer"": ""1..150 realistic bounded literals"", ""jsonb"": ""small object/array literal"", ""text"": ""short safe ascii tokens"", ""uuid"": ""deterministic UUID literal""}",bounded small literals; no forced 60k+ uniqueness inflation,none_or_normalize_only
PG_BOOL_R087_C07_SLOTS,PG_BOOL_R087_C07,PG_BOOL_R087,Y2,"{""inet"": ""private address sample"", ""integer"": ""1..150 realistic bounded literals"", ""jsonb"": ""small object/array literal"", ""text"": ""short safe ascii tokens"", ""uuid"": ""deterministic UUID literal""}",bounded small literals; no forced 60k+ uniqueness inflation,none_or_normalize_only
PG_BOOL_R087_C08_SLOTS,PG_BOOL_R087_C08,PG_BOOL_R087,Y2,"{""inet"": ""private address sample"", ""integer"": ""1..150 realistic bounded literals"", ""jsonb"": ""small object/array literal"", ""text"": ""short safe ascii tokens"", ""uuid"": ""deterministic UUID literal""}",bounded small literals; no forced 60k+ uniqueness inflation,none_or_normalize_only
PG_BOOL_R087_C09_SLOTS,PG_BOOL_R087_C09,PG_BOOL_R087,Y2,"{""inet"": ""private address sample"", ""integer"": ""1..150 realistic bounded literals"", ""jsonb"": ""small object/array literal"", ""text"": ""short safe ascii tokens"", ""uuid"": ""deterministic UUID literal""}",bounded small literals; no forced 60k+ uniqueness inflation,none_or_normalize_only
PG_BOOL_R087_C10_SLOTS,PG_BOOL_R087_C10,PG_BOOL_R087,Y2,"{""inet"": ""private address sample"", ""integer"": ""1..150 realistic bounded literals"", ""jsonb"": ""small object/array literal"", ""text"": ""short safe ascii tokens"", ""uuid"": ""deterministic UUID literal""}",bounded small literals; no forced 60k+ uniqueness inflation,none_or_normalize_only
PG_BOOL_R088_C01_SLOTS,PG_BOOL_R088_C01,PG_BOOL_R088,Y2,"{""inet"": ""private address sample"", ""integer"": ""1..150 realistic bounded literals"", ""jsonb"": ""small object/array literal"", ""text"": ""short safe ascii tokens"", ""uuid"": ""deterministic UUID literal""}",bounded small literals; no forced 60k+ uniqueness inflation,none_or_normalize_only
PG_BOOL_R088_C02_SLOTS,PG_BOOL_R088_C02,PG_BOOL_R088,Y2,"{""inet"": ""private address sample"", ""integer"": ""1..150 realistic bounded literals"", ""jsonb"": ""small object/array literal"", ""text"": ""short safe ascii tokens"", ""uuid"": ""deterministic UUID literal""}",bounded small literals; no forced 60k+ uniqueness inflation,none_or_normalize_only
PG_BOOL_R088_C03_SLOTS,PG_BOOL_R088_C03,PG_BOOL_R088,Y2,"{""inet"": ""private address sample"", ""integer"": ""1..150 realistic bounded literals"", ""jsonb"": ""small object/array literal"", ""text"": ""short safe ascii tokens"", ""uuid"": ""deterministic UUID literal""}",bounded small literals; no forced 60k+ uniqueness inflation,none_or_normalize_only
PG_BOOL_R088_C04_SLOTS,PG_BOOL_R088_C04,PG_BOOL_R088,Y2,"{""inet"": ""private address sample"", ""integer"": ""1..150 realistic bounded literals"", ""jsonb"": ""small object/array literal"", ""text"": ""short safe ascii tokens"", ""uuid"": ""deterministic UUID literal""}",bounded small literals; no forced 60k+ uniqueness inflation,none_or_normalize_only
PG_BOOL_R088_C05_SLOTS,PG_BOOL_R088_C05,PG_BOOL_R088,Y2,"{""inet"": ""private address sample"", ""integer"": ""1..150 realistic bounded literals"", ""jsonb"": ""small object/array literal"", ""text"": ""short safe ascii tokens"", ""uuid"": ""deterministic UUID literal""}",bounded small literals; no forced 60k+ uniqueness inflation,none_or_normalize_only
PG_BOOL_R088_C06_SLOTS,PG_BOOL_R088_C06,PG_BOOL_R088,Y2,"{""inet"": ""private address sample"", ""integer"": ""1..150 realistic bounded literals"", ""jsonb"": ""small object/array literal"", ""text"": ""short safe ascii tokens"", ""uuid"": ""deterministic UUID literal""}",bounded small literals; no forced 60k+ uniqueness inflation,none_or_normalize_only
PG_BOOL_R088_C07_SLOTS,PG_BOOL_R088_C07,PG_BOOL_R088,Y2,"{""inet"": ""private address sample"", ""integer"": ""1..150 realistic bounded literals"", ""jsonb"": ""small object/array literal"", ""text"": ""short safe ascii tokens"", ""uuid"": ""deterministic UUID literal""}",bounded small literals; no forced 60k+ uniqueness inflation,none_or_normalize_only
PG_BOOL_R088_C08_SLOTS,PG_BOOL_R088_C08,PG_BOOL_R088,Y2,"{""inet"": ""private address sample"", ""integer"": ""1..150 realistic bounded literals"", ""jsonb"": ""small object/array literal"", ""text"": ""short safe ascii tokens"", ""uuid"": ""deterministic UUID literal""}",bounded small literals; no forced 60k+ uniqueness inflation,none_or_normalize_only
PG_BOOL_R088_C09_SLOTS,PG_BOOL_R088_C09,PG_BOOL_R088,Y2,"{""inet"": ""private address sample"", ""integer"": ""1..150 realistic bounded literals"", ""jsonb"": ""small object/array literal"", ""text"": ""short safe ascii tokens"", ""uuid"": ""deterministic UUID literal""}",bounded small literals; no forced 60k+ uniqueness inflation,none_or_normalize_only
PG_BOOL_R088_C10_SLOTS,PG_BOOL_R088_C10,PG_BOOL_R088,Y2,"{""inet"": ""private address sample"", ""integer"": ""1..150 realistic bounded literals"", ""jsonb"": ""small object/array literal"", ""text"": ""short safe ascii tokens"", ""uuid"": ""deterministic UUID literal""}",bounded small literals; no forced 60k+ uniqueness inflation,none_or_normalize_only
PG_BOOL_R089_C01_SLOTS,PG_BOOL_R089_C01,PG_BOOL_R089,Y2,"{""inet"": ""private address sample"", ""integer"": ""1..150 realistic bounded literals"", ""jsonb"": ""small object/array literal"", ""text"": ""short safe ascii tokens"", ""uuid"": ""deterministic UUID literal""}",bounded small literals; no forced 60k+ uniqueness inflation,none_or_normalize_only
PG_BOOL_R089_C02_SLOTS,PG_BOOL_R089_C02,PG_BOOL_R089,Y2,"{""inet"": ""private address sample"", ""integer"": ""1..150 realistic bounded literals"", ""jsonb"": ""small object/array literal"", ""text"": ""short safe ascii tokens"", ""uuid"": ""deterministic UUID literal""}",bounded small literals; no forced 60k+ uniqueness inflation,none_or_normalize_only
PG_BOOL_R089_C03_SLOTS,PG_BOOL_R089_C03,PG_BOOL_R089,Y2,"{""inet"": ""private address sample"", ""integer"": ""1..150 realistic bounded literals"", ""jsonb"": ""small object/array literal"", ""text"": ""short safe ascii tokens"", ""uuid"": ""deterministic UUID literal""}",bounded small literals; no forced 60k+ uniqueness inflation,none_or_normalize_only
PG_BOOL_R089_C04_SLOTS,PG_BOOL_R089_C04,PG_BOOL_R089,Y2,"{""inet"": ""private address sample"", ""integer"": ""1..150 realistic bounded literals"", ""jsonb"": ""small object/array literal"", ""text"": ""short safe ascii tokens"", ""uuid"": ""deterministic UUID literal""}",bounded small literals; no forced 60k+ uniqueness inflation,none_or_normalize_only
PG_BOOL_R089_C05_SLOTS,PG_BOOL_R089_C05,PG_BOOL_R089,Y2,"{""inet"": ""private address sample"", ""integer"": ""1..150 realistic bounded literals"", ""jsonb"": ""small object/array literal"", ""text"": ""short safe ascii tokens"", ""uuid"": ""deterministic UUID literal""}",bounded small literals; no forced 60k+ uniqueness inflation,none_or_normalize_only
PG_BOOL_R089_C06_SLOTS,PG_BOOL_R089_C06,PG_BOOL_R089,Y2,"{""inet"": ""private address sample"", ""integer"": ""1..150 realistic bounded literals"", ""jsonb"": ""small object/array literal"", ""text"": ""short safe ascii tokens"", ""uuid"": ""deterministic UUID literal""}",bounded small literals; no forced 60k+ uniqueness inflation,none_or_normalize_only
PG_BOOL_R089_C07_SLOTS,PG_BOOL_R089_C07,PG_BOOL_R089,Y2,"{""inet"": ""private address sample"", ""integer"": ""1..150 realistic bounded literals"", ""jsonb"": ""small object/array literal"", ""text"": ""short safe ascii tokens"", ""uuid"": ""deterministic UUID literal""}",bounded small literals; no forced 60k+ uniqueness inflation,none_or_normalize_only
PG_BOOL_R089_C08_SLOTS,PG_BOOL_R089_C08,PG_BOOL_R089,Y2,"{""inet"": ""private address sample"", ""integer"": ""1..150 realistic bounded literals"", ""jsonb"": ""small object/array literal"", ""text"": ""short safe ascii tokens"", ""uuid"": ""deterministic UUID literal""}",bounded small literals; no forced 60k+ uniqueness inflation,none_or_normalize_only
PG_BOOL_R089_C09_SLOTS,PG_BOOL_R089_C09,PG_BOOL_R089,Y2,"{""inet"": ""private address sample"", ""integer"": ""1..150 realistic bounded literals"", ""jsonb"": ""small object/array literal"", ""text"": ""short safe ascii tokens"", ""uuid"": ""deterministic UUID literal""}",bounded small literals; no forced 60k+ uniqueness inflation,none_or_normalize_only
PG_BOOL_R089_C10_SLOTS,PG_BOOL_R089_C10,PG_BOOL_R089,Y2,"{""inet"": ""private address sample"", ""integer"": ""1..150 realistic bounded literals"", ""jsonb"": ""small object/array literal"", ""text"": ""short safe ascii tokens"", ""uuid"": ""deterministic UUID literal""}",bounded small literals; no forced 60k+ uniqueness inflation,none_or_normalize_only
PG_BOOL_R090_C01_SLOTS,PG_BOOL_R090_C01,PG_BOOL_R090,Y2,"{""inet"": ""private address sample"", ""integer"": ""1..150 realistic bounded literals"", ""jsonb"": ""small object/array literal"", ""text"": ""short safe ascii tokens"", ""uuid"": ""deterministic UUID literal""}",bounded small literals; no forced 60k+ uniqueness inflation,none_or_normalize_only
PG_BOOL_R090_C02_SLOTS,PG_BOOL_R090_C02,PG_BOOL_R090,Y2,"{""inet"": ""private address sample"", ""integer"": ""1..150 realistic bounded literals"", ""jsonb"": ""small object/array literal"", ""text"": ""short safe ascii tokens"", ""uuid"": ""deterministic UUID literal""}",bounded small literals; no forced 60k+ uniqueness inflation,none_or_normalize_only
PG_BOOL_R090_C03_SLOTS,PG_BOOL_R090_C03,PG_BOOL_R090,Y2,"{""inet"": ""private address sample"", ""integer"": ""1..150 realistic bounded literals"", ""jsonb"": ""small object/array literal"", ""text"": ""short safe ascii tokens"", ""uuid"": ""deterministic UUID literal""}",bounded small literals; no forced 60k+ uniqueness inflation,none_or_normalize_only
PG_BOOL_R090_C04_SLOTS,PG_BOOL_R090_C04,PG_BOOL_R090,Y2,"{""inet"": ""private address sample"", ""integer"": ""1..150 realistic bounded literals"", ""jsonb"": ""small object/array literal"", ""text"": ""short safe ascii tokens"", ""uuid"": ""deterministic UUID literal""}",bounded small literals; no forced 60k+ uniqueness inflation,none_or_normalize_only
PG_BOOL_R090_C05_SLOTS,PG_BOOL_R090_C05,PG_BOOL_R090,Y2,"{""inet"": ""private address sample"", ""integer"": ""1..150 realistic bounded literals"", ""jsonb"": ""small object/array literal"", ""text"": ""short safe ascii tokens"", ""uuid"": ""deterministic UUID literal""}",bounded small literals; no forced 60k+ uniqueness inflation,none_or_normalize_only
PG_BOOL_R090_C06_SLOTS,PG_BOOL_R090_C06,PG_BOOL_R090,Y2,"{""inet"": ""private address sample"", ""integer"": ""1..150 realistic bounded literals"", ""jsonb"": ""small object/array literal"", ""text"": ""short safe ascii tokens"", ""uuid"": ""deterministic UUID literal""}",bounded small literals; no forced 60k+ uniqueness inflation,none_or_normalize_only
PG_BOOL_R090_C07_SLOTS,PG_BOOL_R090_C07,PG_BOOL_R090,Y2,"{""inet"": ""private address sample"", ""integer"": ""1..150 realistic bounded literals"", ""jsonb"": ""small object/array literal"", ""text"": ""short safe ascii tokens"", ""uuid"": ""deterministic UUID literal""}",bounded small literals; no forced 60k+ uniqueness inflation,none_or_normalize_only
PG_BOOL_R090_C08_SLOTS,PG_BOOL_R090_C08,PG_BOOL_R090,Y2,"{""inet"": ""private address sample"", ""integer"": ""1..150 realistic bounded literals"", ""jsonb"": ""small object/array literal"", ""text"": ""short safe ascii tokens"", ""uuid"": ""deterministic UUID literal""}",bounded small literals; no forced 60k+ uniqueness inflation,none_or_normalize_only
PG_BOOL_R090_C09_SLOTS,PG_BOOL_R090_C09,PG_BOOL_R090,Y2,"{""inet"": ""private address sample"", ""integer"": ""1..150 realistic bounded literals"", ""jsonb"": ""small object/array literal"", ""text"": ""short safe ascii tokens"", ""uuid"": ""deterministic UUID literal""}",bounded small literals; no forced 60k+ uniqueness inflation,none_or_normalize_only
PG_BOOL_R090_C10_SLOTS,PG_BOOL_R090_C10,PG_BOOL_R090,Y2,"{""inet"": ""private address sample"", ""integer"": ""1..150 realistic bounded literals"", ""jsonb"": ""small object/array literal"", ""text"": ""short safe ascii tokens"", ""uuid"": ""deterministic UUID literal""}",bounded small literals; no forced 60k+ uniqueness inflation,none_or_normalize_only
PG_BOOL_R091_C01_SLOTS,PG_BOOL_R091_C01,PG_BOOL_R091,Y2,"{""inet"": ""private address sample"", ""integer"": ""1..150 realistic bounded literals"", ""jsonb"": ""small object/array literal"", ""text"": ""short safe ascii tokens"", ""uuid"": ""deterministic UUID literal""}",bounded small literals; no forced 60k+ uniqueness inflation,none_or_normalize_only
PG_BOOL_R091_C02_SLOTS,PG_BOOL_R091_C02,PG_BOOL_R091,Y2,"{""inet"": ""private address sample"", ""integer"": ""1..150 realistic bounded literals"", ""jsonb"": ""small object/array literal"", ""text"": ""short safe ascii tokens"", ""uuid"": ""deterministic UUID literal""}",bounded small literals; no forced 60k+ uniqueness inflation,none_or_normalize_only
PG_BOOL_R091_C03_SLOTS,PG_BOOL_R091_C03,PG_BOOL_R091,Y2,"{""inet"": ""private address sample"", ""integer"": ""1..150 realistic bounded literals"", ""jsonb"": ""small object/array literal"", ""text"": ""short safe ascii tokens"", ""uuid"": ""deterministic UUID literal""}",bounded small literals; no forced 60k+ uniqueness inflation,none_or_normalize_only
PG_BOOL_R091_C04_SLOTS,PG_BOOL_R091_C04,PG_BOOL_R091,Y2,"{""inet"": ""private address sample"", ""integer"": ""1..150 realistic bounded literals"", ""jsonb"": ""small object/array literal"", ""text"": ""short safe ascii tokens"", ""uuid"": ""deterministic UUID literal""}",bounded small literals; no forced 60k+ uniqueness inflation,none_or_normalize_only
PG_BOOL_R091_C05_SLOTS,PG_BOOL_R091_C05,PG_BOOL_R091,Y2,"{""inet"": ""private address sample"", ""integer"": ""1..150 realistic bounded literals"", ""jsonb"": ""small object/array literal"", ""text"": ""short safe ascii tokens"", ""uuid"": ""deterministic UUID literal""}",bounded small literals; no forced 60k+ uniqueness inflation,none_or_normalize_only
PG_BOOL_R091_C06_SLOTS,PG_BOOL_R091_C06,PG_BOOL_R091,Y2,"{""inet"": ""private address sample"", ""integer"": ""1..150 realistic bounded literals"", ""jsonb"": ""small object/array literal"", ""text"": ""short safe ascii tokens"", ""uuid"": ""deterministic UUID literal""}",bounded small literals; no forced 60k+ uniqueness inflation,none_or_normalize_only
PG_BOOL_R091_C07_SLOTS,PG_BOOL_R091_C07,PG_BOOL_R091,Y2,"{""inet"": ""private address sample"", ""integer"": ""1..150 realistic bounded literals"", ""jsonb"": ""small object/array literal"", ""text"": ""short safe ascii tokens"", ""uuid"": ""deterministic UUID literal""}",bounded small literals; no forced 60k+ uniqueness inflation,none_or_normalize_only
PG_BOOL_R091_C08_SLOTS,PG_BOOL_R091_C08,PG_BOOL_R091,Y2,"{""inet"": ""private address sample"", ""integer"": ""1..150 realistic bounded literals"", ""jsonb"": ""small object/array literal"", ""text"": ""short safe ascii tokens"", ""uuid"": ""deterministic UUID literal""}",bounded small literals; no forced 60k+ uniqueness inflation,none_or_normalize_only
PG_BOOL_R091_C09_SLOTS,PG_BOOL_R091_C09,PG_BOOL_R091,Y2,"{""inet"": ""private address sample"", ""integer"": ""1..150 realistic bounded literals"", ""jsonb"": ""small object/array literal"", ""text"": ""short safe ascii tokens"", ""uuid"": ""deterministic UUID literal""}",bounded small literals; no forced 60k+ uniqueness inflation,none_or_normalize_only
PG_BOOL_R091_C10_SLOTS,PG_BOOL_R091_C10,PG_BOOL_R091,Y2,"{""inet"": ""private address sample"", ""integer"": ""1..150 realistic bounded literals"", ""jsonb"": ""small object/array literal"", ""text"": ""short safe ascii tokens"", ""uuid"": ""deterministic UUID literal""}",bounded small literals; no forced 60k+ uniqueness inflation,none_or_normalize_only
PG_BOOL_R092_C01_SLOTS,PG_BOOL_R092_C01,PG_BOOL_R092,Y2,"{""inet"": ""private address sample"", ""integer"": ""1..150 realistic bounded literals"", ""jsonb"": ""small object/array literal"", ""text"": ""short safe ascii tokens"", ""uuid"": ""deterministic UUID literal""}",bounded small literals; no forced 60k+ uniqueness inflation,none_or_normalize_only
PG_BOOL_R092_C02_SLOTS,PG_BOOL_R092_C02,PG_BOOL_R092,Y2,"{""inet"": ""private address sample"", ""integer"": ""1..150 realistic bounded literals"", ""jsonb"": ""small object/array literal"", ""text"": ""short safe ascii tokens"", ""uuid"": ""deterministic UUID literal""}",bounded small literals; no forced 60k+ uniqueness inflation,none_or_normalize_only
PG_BOOL_R092_C03_SLOTS,PG_BOOL_R092_C03,PG_BOOL_R092,Y2,"{""inet"": ""private address sample"", ""integer"": ""1..150 realistic bounded literals"", ""jsonb"": ""small object/array literal"", ""text"": ""short safe ascii tokens"", ""uuid"": ""deterministic UUID literal""}",bounded small literals; no forced 60k+ uniqueness inflation,none_or_normalize_only
PG_BOOL_R092_C04_SLOTS,PG_BOOL_R092_C04,PG_BOOL_R092,Y2,"{""inet"": ""private address sample"", ""integer"": ""1..150 realistic bounded literals"", ""jsonb"": ""small object/array literal"", ""text"": ""short safe ascii tokens"", ""uuid"": ""deterministic UUID literal""}",bounded small literals; no forced 60k+ uniqueness inflation,none_or_normalize_only
PG_BOOL_R092_C05_SLOTS,PG_BOOL_R092_C05,PG_BOOL_R092,Y2,"{""inet"": ""private address sample"", ""integer"": ""1..150 realistic bounded literals"", ""jsonb"": ""small object/array literal"", ""text"": ""short safe ascii tokens"", ""uuid"": ""deterministic UUID literal""}",bounded small literals; no forced 60k+ uniqueness inflation,none_or_normalize_only
PG_BOOL_R092_C06_SLOTS,PG_BOOL_R092_C06,PG_BOOL_R092,Y2,"{""inet"": ""private address sample"", ""integer"": ""1..150 realistic bounded literals"", ""jsonb"": ""small object/array literal"", ""text"": ""short safe ascii tokens"", ""uuid"": ""deterministic UUID literal""}",bounded small literals; no forced 60k+ uniqueness inflation,none_or_normalize_only
PG_BOOL_R092_C07_SLOTS,PG_BOOL_R092_C07,PG_BOOL_R092,Y2,"{""inet"": ""private address sample"", ""integer"": ""1..150 realistic bounded literals"", ""jsonb"": ""small object/array literal"", ""text"": ""short safe ascii tokens"", ""uuid"": ""deterministic UUID literal""}",bounded small literals; no forced 60k+ uniqueness inflation,none_or_normalize_only
PG_BOOL_R092_C08_SLOTS,PG_BOOL_R092_C08,PG_BOOL_R092,Y2,"{""inet"": ""private address sample"", ""integer"": ""1..150 realistic bounded literals"", ""jsonb"": ""small object/array literal"", ""text"": ""short safe ascii tokens"", ""uuid"": ""deterministic UUID literal""}",bounded small literals; no forced 60k+ uniqueness inflation,none_or_normalize_only
PG_BOOL_R092_C09_SLOTS,PG_BOOL_R092_C09,PG_BOOL_R092,Y2,"{""inet"": ""private address sample"", ""integer"": ""1..150 realistic bounded literals"", ""jsonb"": ""small object/array literal"", ""text"": ""short safe ascii tokens"", ""uuid"": ""deterministic UUID literal""}",bounded small literals; no forced 60k+ uniqueness inflation,none_or_normalize_only
PG_BOOL_R092_C10_SLOTS,PG_BOOL_R092_C10,PG_BOOL_R092,Y2,"{""inet"": ""private address sample"", ""integer"": ""1..150 realistic bounded literals"", ""jsonb"": ""small object/array literal"", ""text"": ""short safe ascii tokens"", ""uuid"": ""deterministic UUID literal""}",bounded small literals; no forced 60k+ uniqueness inflation,none_or_normalize_only
PG_BOOL_R093_C01_SLOTS,PG_BOOL_R093_C01,PG_BOOL_R093,Y2,"{""inet"": ""private address sample"", ""integer"": ""1..150 realistic bounded literals"", ""jsonb"": ""small object/array literal"", ""text"": ""short safe ascii tokens"", ""uuid"": ""deterministic UUID literal""}",bounded small literals; no forced 60k+ uniqueness inflation,none_or_normalize_only
PG_BOOL_R093_C02_SLOTS,PG_BOOL_R093_C02,PG_BOOL_R093,Y2,"{""inet"": ""private address sample"", ""integer"": ""1..150 realistic bounded literals"", ""jsonb"": ""small object/array literal"", ""text"": ""short safe ascii tokens"", ""uuid"": ""deterministic UUID literal""}",bounded small literals; no forced 60k+ uniqueness inflation,none_or_normalize_only
PG_BOOL_R093_C03_SLOTS,PG_BOOL_R093_C03,PG_BOOL_R093,Y2,"{""inet"": ""private address sample"", ""integer"": ""1..150 realistic bounded literals"", ""jsonb"": ""small object/array literal"", ""text"": ""short safe ascii tokens"", ""uuid"": ""deterministic UUID literal""}",bounded small literals; no forced 60k+ uniqueness inflation,none_or_normalize_only
PG_BOOL_R093_C04_SLOTS,PG_BOOL_R093_C04,PG_BOOL_R093,Y2,"{""inet"": ""private address sample"", ""integer"": ""1..150 realistic bounded literals"", ""jsonb"": ""small object/array literal"", ""text"": ""short safe ascii tokens"", ""uuid"": ""deterministic UUID literal""}",bounded small literals; no forced 60k+ uniqueness inflation,none_or_normalize_only
PG_BOOL_R093_C05_SLOTS,PG_BOOL_R093_C05,PG_BOOL_R093,Y2,"{""inet"": ""private address sample"", ""integer"": ""1..150 realistic bounded literals"", ""jsonb"": ""small object/array literal"", ""text"": ""short safe ascii tokens"", ""uuid"": ""deterministic UUID literal""}",bounded small literals; no forced 60k+ uniqueness inflation,none_or_normalize_only
PG_BOOL_R093_C06_SLOTS,PG_BOOL_R093_C06,PG_BOOL_R093,Y2,"{""inet"": ""private address sample"", ""integer"": ""1..150 realistic bounded literals"", ""jsonb"": ""small object/array literal"", ""text"": ""short safe ascii tokens"", ""uuid"": ""deterministic UUID literal""}",bounded small literals; no forced 60k+ uniqueness inflation,none_or_normalize_only
PG_BOOL_R093_C07_SLOTS,PG_BOOL_R093_C07,PG_BOOL_R093,Y2,"{""inet"": ""private address sample"", ""integer"": ""1..150 realistic bounded literals"", ""jsonb"": ""small object/array literal"", ""text"": ""short safe ascii tokens"", ""uuid"": ""deterministic UUID literal""}",bounded small literals; no forced 60k+ uniqueness inflation,none_or_normalize_only
PG_BOOL_R093_C08_SLOTS,PG_BOOL_R093_C08,PG_BOOL_R093,Y2,"{""inet"": ""private address sample"", ""integer"": ""1..150 realistic bounded literals"", ""jsonb"": ""small object/array literal"", ""text"": ""short safe ascii tokens"", ""uuid"": ""deterministic UUID literal""}",bounded small literals; no forced 60k+ uniqueness inflation,none_or_normalize_only
PG_BOOL_R093_C09_SLOTS,PG_BOOL_R093_C09,PG_BOOL_R093,Y2,"{""inet"": ""private address sample"", ""integer"": ""1..150 realistic bounded literals"", ""jsonb"": ""small object/array literal"", ""text"": ""short safe ascii tokens"", ""uuid"": ""deterministic UUID literal""}",bounded small literals; no forced 60k+ uniqueness inflation,none_or_normalize_only
PG_BOOL_R093_C10_SLOTS,PG_BOOL_R093_C10,PG_BOOL_R093,Y2,"{""inet"": ""private address sample"", ""integer"": ""1..150 realistic bounded literals"", ""jsonb"": ""small object/array literal"", ""text"": ""short safe ascii tokens"", ""uuid"": ""deterministic UUID literal""}",bounded small literals; no forced 60k+ uniqueness inflation,none_or_normalize_only
PG_BOOL_R094_C01_SLOTS,PG_BOOL_R094_C01,PG_BOOL_R094,Y2,"{""inet"": ""private address sample"", ""integer"": ""1..150 realistic bounded literals"", ""jsonb"": ""small object/array literal"", ""text"": ""short safe ascii tokens"", ""uuid"": ""deterministic UUID literal""}",bounded small literals; no forced 60k+ uniqueness inflation,none_or_normalize_only
PG_BOOL_R094_C02_SLOTS,PG_BOOL_R094_C02,PG_BOOL_R094,Y2,"{""inet"": ""private address sample"", ""integer"": ""1..150 realistic bounded literals"", ""jsonb"": ""small object/array literal"", ""text"": ""short safe ascii tokens"", ""uuid"": ""deterministic UUID literal""}",bounded small literals; no forced 60k+ uniqueness inflation,none_or_normalize_only
PG_BOOL_R094_C03_SLOTS,PG_BOOL_R094_C03,PG_BOOL_R094,Y2,"{""inet"": ""private address sample"", ""integer"": ""1..150 realistic bounded literals"", ""jsonb"": ""small object/array literal"", ""text"": ""short safe ascii tokens"", ""uuid"": ""deterministic UUID literal""}",bounded small literals; no forced 60k+ uniqueness inflation,none_or_normalize_only
PG_BOOL_R094_C04_SLOTS,PG_BOOL_R094_C04,PG_BOOL_R094,Y2,"{""inet"": ""private address sample"", ""integer"": ""1..150 realistic bounded literals"", ""jsonb"": ""small object/array literal"", ""text"": ""short safe ascii tokens"", ""uuid"": ""deterministic UUID literal""}",bounded small literals; no forced 60k+ uniqueness inflation,none_or_normalize_only
PG_BOOL_R094_C05_SLOTS,PG_BOOL_R094_C05,PG_BOOL_R094,Y2,"{""inet"": ""private address sample"", ""integer"": ""1..150 realistic bounded literals"", ""jsonb"": ""small object/array literal"", ""text"": ""short safe ascii tokens"", ""uuid"": ""deterministic UUID literal""}",bounded small literals; no forced 60k+ uniqueness inflation,none_or_normalize_only
PG_BOOL_R094_C06_SLOTS,PG_BOOL_R094_C06,PG_BOOL_R094,Y2,"{""inet"": ""private address sample"", ""integer"": ""1..150 realistic bounded literals"", ""jsonb"": ""small object/array literal"", ""text"": ""short safe ascii tokens"", ""uuid"": ""deterministic UUID literal""}",bounded small literals; no forced 60k+ uniqueness inflation,none_or_normalize_only
PG_BOOL_R094_C07_SLOTS,PG_BOOL_R094_C07,PG_BOOL_R094,Y2,"{""inet"": ""private address sample"", ""integer"": ""1..150 realistic bounded literals"", ""jsonb"": ""small object/array literal"", ""text"": ""short safe ascii tokens"", ""uuid"": ""deterministic UUID literal""}",bounded small literals; no forced 60k+ uniqueness inflation,none_or_normalize_only
PG_BOOL_R094_C08_SLOTS,PG_BOOL_R094_C08,PG_BOOL_R094,Y2,"{""inet"": ""private address sample"", ""integer"": ""1..150 realistic bounded literals"", ""jsonb"": ""small object/array literal"", ""text"": ""short safe ascii tokens"", ""uuid"": ""deterministic UUID literal""}",bounded small literals; no forced 60k+ uniqueness inflation,none_or_normalize_only
PG_BOOL_R094_C09_SLOTS,PG_BOOL_R094_C09,PG_BOOL_R094,Y2,"{""inet"": ""private address sample"", ""integer"": ""1..150 realistic bounded literals"", ""jsonb"": ""small object/array literal"", ""text"": ""short safe ascii tokens"", ""uuid"": ""deterministic UUID literal""}",bounded small literals; no forced 60k+ uniqueness inflation,none_or_normalize_only
PG_BOOL_R094_C10_SLOTS,PG_BOOL_R094_C10,PG_BOOL_R094,Y2,"{""inet"": ""private address sample"", ""integer"": ""1..150 realistic bounded literals"", ""jsonb"": ""small object/array literal"", ""text"": ""short safe ascii tokens"", ""uuid"": ""deterministic UUID literal""}",bounded small literals; no forced 60k+ uniqueness inflation,none_or_normalize_only
PG_BOOL_R095_C01_SLOTS,PG_BOOL_R095_C01,PG_BOOL_R095,Y2,"{""inet"": ""private address sample"", ""integer"": ""1..150 realistic bounded literals"", ""jsonb"": ""small object/array literal"", ""text"": ""short safe ascii tokens"", ""uuid"": ""deterministic UUID literal""}",bounded small literals; no forced 60k+ uniqueness inflation,none_or_normalize_only
PG_BOOL_R095_C02_SLOTS,PG_BOOL_R095_C02,PG_BOOL_R095,Y2,"{""inet"": ""private address sample"", ""integer"": ""1..150 realistic bounded literals"", ""jsonb"": ""small object/array literal"", ""text"": ""short safe ascii tokens"", ""uuid"": ""deterministic UUID literal""}",bounded small literals; no forced 60k+ uniqueness inflation,none_or_normalize_only
PG_BOOL_R095_C03_SLOTS,PG_BOOL_R095_C03,PG_BOOL_R095,Y2,"{""inet"": ""private address sample"", ""integer"": ""1..150 realistic bounded literals"", ""jsonb"": ""small object/array literal"", ""text"": ""short safe ascii tokens"", ""uuid"": ""deterministic UUID literal""}",bounded small literals; no forced 60k+ uniqueness inflation,none_or_normalize_only
PG_BOOL_R095_C04_SLOTS,PG_BOOL_R095_C04,PG_BOOL_R095,Y2,"{""inet"": ""private address sample"", ""integer"": ""1..150 realistic bounded literals"", ""jsonb"": ""small object/array literal"", ""text"": ""short safe ascii tokens"", ""uuid"": ""deterministic UUID literal""}",bounded small literals; no forced 60k+ uniqueness inflation,none_or_normalize_only
PG_BOOL_R095_C05_SLOTS,PG_BOOL_R095_C05,PG_BOOL_R095,Y2,"{""inet"": ""private address sample"", ""integer"": ""1..150 realistic bounded literals"", ""jsonb"": ""small object/array literal"", ""text"": ""short safe ascii tokens"", ""uuid"": ""deterministic UUID literal""}",bounded small literals; no forced 60k+ uniqueness inflation,none_or_normalize_only
PG_BOOL_R095_C06_SLOTS,PG_BOOL_R095_C06,PG_BOOL_R095,Y2,"{""inet"": ""private address sample"", ""integer"": ""1..150 realistic bounded literals"", ""jsonb"": ""small object/array literal"", ""text"": ""short safe ascii tokens"", ""uuid"": ""deterministic UUID literal""}",bounded small literals; no forced 60k+ uniqueness inflation,none_or_normalize_only
PG_BOOL_R095_C07_SLOTS,PG_BOOL_R095_C07,PG_BOOL_R095,Y2,"{""inet"": ""private address sample"", ""integer"": ""1..150 realistic bounded literals"", ""jsonb"": ""small object/array literal"", ""text"": ""short safe ascii tokens"", ""uuid"": ""deterministic UUID literal""}",bounded small literals; no forced 60k+ uniqueness inflation,none_or_normalize_only
PG_BOOL_R095_C08_SLOTS,PG_BOOL_R095_C08,PG_BOOL_R095,Y2,"{""inet"": ""private address sample"", ""integer"": ""1..150 realistic bounded literals"", ""jsonb"": ""small object/array literal"", ""text"": ""short safe ascii tokens"", ""uuid"": ""deterministic UUID literal""}",bounded small literals; no forced 60k+ uniqueness inflation,none_or_normalize_only
PG_BOOL_R095_C09_SLOTS,PG_BOOL_R095_C09,PG_BOOL_R095,Y2,"{""inet"": ""private address sample"", ""integer"": ""1..150 realistic bounded literals"", ""jsonb"": ""small object/array literal"", ""text"": ""short safe ascii tokens"", ""uuid"": ""deterministic UUID literal""}",bounded small literals; no forced 60k+ uniqueness inflation,none_or_normalize_only
PG_BOOL_R095_C10_SLOTS,PG_BOOL_R095_C10,PG_BOOL_R095,Y2,"{""inet"": ""private address sample"", ""integer"": ""1..150 realistic bounded literals"", ""jsonb"": ""small object/array literal"", ""text"": ""short safe ascii tokens"", ""uuid"": ""deterministic UUID literal""}",bounded small literals; no forced 60k+ uniqueness inflation,none_or_normalize_only
PG_BOOL_R096_C01_SLOTS,PG_BOOL_R096_C01,PG_BOOL_R096,Y2,"{""inet"": ""private address sample"", ""integer"": ""1..150 realistic bounded literals"", ""jsonb"": ""small object/array literal"", ""text"": ""short safe ascii tokens"", ""uuid"": ""deterministic UUID literal""}",bounded small literals; no forced 60k+ uniqueness inflation,none_or_normalize_only
PG_BOOL_R096_C02_SLOTS,PG_BOOL_R096_C02,PG_BOOL_R096,Y2,"{""inet"": ""private address sample"", ""integer"": ""1..150 realistic bounded literals"", ""jsonb"": ""small object/array literal"", ""text"": ""short safe ascii tokens"", ""uuid"": ""deterministic UUID literal""}",bounded small literals; no forced 60k+ uniqueness inflation,none_or_normalize_only
PG_BOOL_R096_C03_SLOTS,PG_BOOL_R096_C03,PG_BOOL_R096,Y2,"{""inet"": ""private address sample"", ""integer"": ""1..150 realistic bounded literals"", ""jsonb"": ""small object/array literal"", ""text"": ""short safe ascii tokens"", ""uuid"": ""deterministic UUID literal""}",bounded small literals; no forced 60k+ uniqueness inflation,none_or_normalize_only
PG_BOOL_R096_C04_SLOTS,PG_BOOL_R096_C04,PG_BOOL_R096,Y2,"{""inet"": ""private address sample"", ""integer"": ""1..150 realistic bounded literals"", ""jsonb"": ""small object/array literal"", ""text"": ""short safe ascii tokens"", ""uuid"": ""deterministic UUID literal""}",bounded small literals; no forced 60k+ uniqueness inflation,none_or_normalize_only
PG_BOOL_R096_C05_SLOTS,PG_BOOL_R096_C05,PG_BOOL_R096,Y2,"{""inet"": ""private address sample"", ""integer"": ""1..150 realistic bounded literals"", ""jsonb"": ""small object/array literal"", ""text"": ""short safe ascii tokens"", ""uuid"": ""deterministic UUID literal""}",bounded small literals; no forced 60k+ uniqueness inflation,none_or_normalize_only
PG_BOOL_R096_C06_SLOTS,PG_BOOL_R096_C06,PG_BOOL_R096,Y2,"{""inet"": ""private address sample"", ""integer"": ""1..150 realistic bounded literals"", ""jsonb"": ""small object/array literal"", ""text"": ""short safe ascii tokens"", ""uuid"": ""deterministic UUID literal""}",bounded small literals; no forced 60k+ uniqueness inflation,none_or_normalize_only
PG_BOOL_R096_C07_SLOTS,PG_BOOL_R096_C07,PG_BOOL_R096,Y2,"{""inet"": ""private address sample"", ""integer"": ""1..150 realistic bounded literals"", ""jsonb"": ""small object/array literal"", ""text"": ""short safe ascii tokens"", ""uuid"": ""deterministic UUID literal""}",bounded small literals; no forced 60k+ uniqueness inflation,none_or_normalize_only
PG_BOOL_R096_C08_SLOTS,PG_BOOL_R096_C08,PG_BOOL_R096,Y2,"{""inet"": ""private address sample"", ""integer"": ""1..150 realistic bounded literals"", ""jsonb"": ""small object/array literal"", ""text"": ""short safe ascii tokens"", ""uuid"": ""deterministic UUID literal""}",bounded small literals; no forced 60k+ uniqueness inflation,none_or_normalize_only
PG_BOOL_R096_C09_SLOTS,PG_BOOL_R096_C09,PG_BOOL_R096,Y2,"{""inet"": ""private address sample"", ""integer"": ""1..150 realistic bounded literals"", ""jsonb"": ""small object/array literal"", ""text"": ""short safe ascii tokens"", ""uuid"": ""deterministic UUID literal""}",bounded small literals; no forced 60k+ uniqueness inflation,none_or_normalize_only
PG_BOOL_R096_C10_SLOTS,PG_BOOL_R096_C10,PG_BOOL_R096,Y2,"{""inet"": ""private address sample"", ""integer"": ""1..150 realistic bounded literals"", ""jsonb"": ""small object/array literal"", ""text"": ""short safe ascii tokens"", ""uuid"": ""deterministic UUID literal""}",bounded small literals; no forced 60k+ uniqueness inflation,none_or_normalize_only
PG_BOOL_R097_C01_SLOTS,PG_BOOL_R097_C01,PG_BOOL_R097,Y2,"{""inet"": ""private address sample"", ""integer"": ""1..150 realistic bounded literals"", ""jsonb"": ""small object/array literal"", ""text"": ""short safe ascii tokens"", ""uuid"": ""deterministic UUID literal""}",bounded small literals; no forced 60k+ uniqueness inflation,none_or_normalize_only
PG_BOOL_R097_C02_SLOTS,PG_BOOL_R097_C02,PG_BOOL_R097,Y2,"{""inet"": ""private address sample"", ""integer"": ""1..150 realistic bounded literals"", ""jsonb"": ""small object/array literal"", ""text"": ""short safe ascii tokens"", ""uuid"": ""deterministic UUID literal""}",bounded small literals; no forced 60k+ uniqueness inflation,none_or_normalize_only
PG_BOOL_R097_C03_SLOTS,PG_BOOL_R097_C03,PG_BOOL_R097,Y2,"{""inet"": ""private address sample"", ""integer"": ""1..150 realistic bounded literals"", ""jsonb"": ""small object/array literal"", ""text"": ""short safe ascii tokens"", ""uuid"": ""deterministic UUID literal""}",bounded small literals; no forced 60k+ uniqueness inflation,none_or_normalize_only
PG_BOOL_R097_C04_SLOTS,PG_BOOL_R097_C04,PG_BOOL_R097,Y2,"{""inet"": ""private address sample"", ""integer"": ""1..150 realistic bounded literals"", ""jsonb"": ""small object/array literal"", ""text"": ""short safe ascii tokens"", ""uuid"": ""deterministic UUID literal""}",bounded small literals; no forced 60k+ uniqueness inflation,none_or_normalize_only
PG_BOOL_R097_C05_SLOTS,PG_BOOL_R097_C05,PG_BOOL_R097,Y2,"{""inet"": ""private address sample"", ""integer"": ""1..150 realistic bounded literals"", ""jsonb"": ""small object/array literal"", ""text"": ""short safe ascii tokens"", ""uuid"": ""deterministic UUID literal""}",bounded small literals; no forced 60k+ uniqueness inflation,none_or_normalize_only
PG_BOOL_R097_C06_SLOTS,PG_BOOL_R097_C06,PG_BOOL_R097,Y2,"{""inet"": ""private address sample"", ""integer"": ""1..150 realistic bounded literals"", ""jsonb"": ""small object/array literal"", ""text"": ""short safe ascii tokens"", ""uuid"": ""deterministic UUID literal""}",bounded small literals; no forced 60k+ uniqueness inflation,none_or_normalize_only
PG_BOOL_R097_C07_SLOTS,PG_BOOL_R097_C07,PG_BOOL_R097,Y2,"{""inet"": ""private address sample"", ""integer"": ""1..150 realistic bounded literals"", ""jsonb"": ""small object/array literal"", ""text"": ""short safe ascii tokens"", ""uuid"": ""deterministic UUID literal""}",bounded small literals; no forced 60k+ uniqueness inflation,none_or_normalize_only
PG_BOOL_R097_C08_SLOTS,PG_BOOL_R097_C08,PG_BOOL_R097,Y2,"{""inet"": ""private address sample"", ""integer"": ""1..150 realistic bounded literals"", ""jsonb"": ""small object/array literal"", ""text"": ""short safe ascii tokens"", ""uuid"": ""deterministic UUID literal""}",bounded small literals; no forced 60k+ uniqueness inflation,none_or_normalize_only
PG_BOOL_R097_C09_SLOTS,PG_BOOL_R097_C09,PG_BOOL_R097,Y2,"{""inet"": ""private address sample"", ""integer"": ""1..150 realistic bounded literals"", ""jsonb"": ""small object/array literal"", ""text"": ""short safe ascii tokens"", ""uuid"": ""deterministic UUID literal""}",bounded small literals; no forced 60k+ uniqueness inflation,none_or_normalize_only
PG_BOOL_R097_C10_SLOTS,PG_BOOL_R097_C10,PG_BOOL_R097,Y2,"{""inet"": ""private address sample"", ""integer"": ""1..150 realistic bounded literals"", ""jsonb"": ""small object/array literal"", ""text"": ""short safe ascii tokens"", ""uuid"": ""deterministic UUID literal""}",bounded small literals; no forced 60k+ uniqueness inflation,none_or_normalize_only
PG_BOOL_R098_C01_SLOTS,PG_BOOL_R098_C01,PG_BOOL_R098,Y2,"{""inet"": ""private address sample"", ""integer"": ""1..150 realistic bounded literals"", ""jsonb"": ""small object/array literal"", ""text"": ""short safe ascii tokens"", ""uuid"": ""deterministic UUID literal""}",bounded small literals; no forced 60k+ uniqueness inflation,none_or_normalize_only
PG_BOOL_R098_C02_SLOTS,PG_BOOL_R098_C02,PG_BOOL_R098,Y2,"{""inet"": ""private address sample"", ""integer"": ""1..150 realistic bounded literals"", ""jsonb"": ""small object/array literal"", ""text"": ""short safe ascii tokens"", ""uuid"": ""deterministic UUID literal""}",bounded small literals; no forced 60k+ uniqueness inflation,none_or_normalize_only
PG_BOOL_R098_C03_SLOTS,PG_BOOL_R098_C03,PG_BOOL_R098,Y2,"{""inet"": ""private address sample"", ""integer"": ""1..150 realistic bounded literals"", ""jsonb"": ""small object/array literal"", ""text"": ""short safe ascii tokens"", ""uuid"": ""deterministic UUID literal""}",bounded small literals; no forced 60k+ uniqueness inflation,none_or_normalize_only
PG_BOOL_R098_C04_SLOTS,PG_BOOL_R098_C04,PG_BOOL_R098,Y2,"{""inet"": ""private address sample"", ""integer"": ""1..150 realistic bounded literals"", ""jsonb"": ""small object/array literal"", ""text"": ""short safe ascii tokens"", ""uuid"": ""deterministic UUID literal""}",bounded small literals; no forced 60k+ uniqueness inflation,none_or_normalize_only
PG_BOOL_R098_C05_SLOTS,PG_BOOL_R098_C05,PG_BOOL_R098,Y2,"{""inet"": ""private address sample"", ""integer"": ""1..150 realistic bounded literals"", ""jsonb"": ""small object/array literal"", ""text"": ""short safe ascii tokens"", ""uuid"": ""deterministic UUID literal""}",bounded small literals; no forced 60k+ uniqueness inflation,none_or_normalize_only
PG_BOOL_R098_C06_SLOTS,PG_BOOL_R098_C06,PG_BOOL_R098,Y2,"{""inet"": ""private address sample"", ""integer"": ""1..150 realistic bounded literals"", ""jsonb"": ""small object/array literal"", ""text"": ""short safe ascii tokens"", ""uuid"": ""deterministic UUID literal""}",bounded small literals; no forced 60k+ uniqueness inflation,none_or_normalize_only
PG_BOOL_R098_C07_SLOTS,PG_BOOL_R098_C07,PG_BOOL_R098,Y2,"{""inet"": ""private address sample"", ""integer"": ""1..150 realistic bounded literals"", ""jsonb"": ""small object/array literal"", ""text"": ""short safe ascii tokens"", ""uuid"": ""deterministic UUID literal""}",bounded small literals; no forced 60k+ uniqueness inflation,none_or_normalize_only
PG_BOOL_R098_C08_SLOTS,PG_BOOL_R098_C08,PG_BOOL_R098,Y2,"{""inet"": ""private address sample"", ""integer"": ""1..150 realistic bounded literals"", ""jsonb"": ""small object/array literal"", ""text"": ""short safe ascii tokens"", ""uuid"": ""deterministic UUID literal""}",bounded small literals; no forced 60k+ uniqueness inflation,none_or_normalize_only
PG_BOOL_R098_C09_SLOTS,PG_BOOL_R098_C09,PG_BOOL_R098,Y2,"{""inet"": ""private address sample"", ""integer"": ""1..150 realistic bounded literals"", ""jsonb"": ""small object/array literal"", ""text"": ""short safe ascii tokens"", ""uuid"": ""deterministic UUID literal""}",bounded small literals; no forced 60k+ uniqueness inflation,none_or_normalize_only
PG_BOOL_R098_C10_SLOTS,PG_BOOL_R098_C10,PG_BOOL_R098,Y2,"{""inet"": ""private address sample"", ""integer"": ""1..150 realistic bounded literals"", ""jsonb"": ""small object/array literal"", ""text"": ""short safe ascii tokens"", ""uuid"": ""deterministic UUID literal""}",bounded small literals; no forced 60k+ uniqueness inflation,none_or_normalize_only
PG_BOOL_R099_C01_SLOTS,PG_BOOL_R099_C01,PG_BOOL_R099,Y2,"{""inet"": ""private address sample"", ""integer"": ""1..150 realistic bounded literals"", ""jsonb"": ""small object/array literal"", ""text"": ""short safe ascii tokens"", ""uuid"": ""deterministic UUID literal""}",bounded small literals; no forced 60k+ uniqueness inflation,none_or_normalize_only
PG_BOOL_R099_C02_SLOTS,PG_BOOL_R099_C02,PG_BOOL_R099,Y2,"{""inet"": ""private address sample"", ""integer"": ""1..150 realistic bounded literals"", ""jsonb"": ""small object/array literal"", ""text"": ""short safe ascii tokens"", ""uuid"": ""deterministic UUID literal""}",bounded small literals; no forced 60k+ uniqueness inflation,none_or_normalize_only
PG_BOOL_R099_C03_SLOTS,PG_BOOL_R099_C03,PG_BOOL_R099,Y2,"{""inet"": ""private address sample"", ""integer"": ""1..150 realistic bounded literals"", ""jsonb"": ""small object/array literal"", ""text"": ""short safe ascii tokens"", ""uuid"": ""deterministic UUID literal""}",bounded small literals; no forced 60k+ uniqueness inflation,none_or_normalize_only
PG_BOOL_R099_C04_SLOTS,PG_BOOL_R099_C04,PG_BOOL_R099,Y2,"{""inet"": ""private address sample"", ""integer"": ""1..150 realistic bounded literals"", ""jsonb"": ""small object/array literal"", ""text"": ""short safe ascii tokens"", ""uuid"": ""deterministic UUID literal""}",bounded small literals; no forced 60k+ uniqueness inflation,none_or_normalize_only
PG_BOOL_R099_C05_SLOTS,PG_BOOL_R099_C05,PG_BOOL_R099,Y2,"{""inet"": ""private address sample"", ""integer"": ""1..150 realistic bounded literals"", ""jsonb"": ""small object/array literal"", ""text"": ""short safe ascii tokens"", ""uuid"": ""deterministic UUID literal""}",bounded small literals; no forced 60k+ uniqueness inflation,none_or_normalize_only
PG_BOOL_R099_C06_SLOTS,PG_BOOL_R099_C06,PG_BOOL_R099,Y2,"{""inet"": ""private address sample"", ""integer"": ""1..150 realistic bounded literals"", ""jsonb"": ""small object/array literal"", ""text"": ""short safe ascii tokens"", ""uuid"": ""deterministic UUID literal""}",bounded small literals; no forced 60k+ uniqueness inflation,none_or_normalize_only
PG_BOOL_R099_C07_SLOTS,PG_BOOL_R099_C07,PG_BOOL_R099,Y2,"{""inet"": ""private address sample"", ""integer"": ""1..150 realistic bounded literals"", ""jsonb"": ""small object/array literal"", ""text"": ""short safe ascii tokens"", ""uuid"": ""deterministic UUID literal""}",bounded small literals; no forced 60k+ uniqueness inflation,none_or_normalize_only
PG_BOOL_R099_C08_SLOTS,PG_BOOL_R099_C08,PG_BOOL_R099,Y2,"{""inet"": ""private address sample"", ""integer"": ""1..150 realistic bounded literals"", ""jsonb"": ""small object/array literal"", ""text"": ""short safe ascii tokens"", ""uuid"": ""deterministic UUID literal""}",bounded small literals; no forced 60k+ uniqueness inflation,none_or_normalize_only
PG_BOOL_R099_C09_SLOTS,PG_BOOL_R099_C09,PG_BOOL_R099,Y2,"{""inet"": ""private address sample"", ""integer"": ""1..150 realistic bounded literals"", ""jsonb"": ""small object/array literal"", ""text"": ""short safe ascii tokens"", ""uuid"": ""deterministic UUID literal""}",bounded small literals; no forced 60k+ uniqueness inflation,none_or_normalize_only
PG_BOOL_R099_C10_SLOTS,PG_BOOL_R099_C10,PG_BOOL_R099,Y2,"{""inet"": ""private address sample"", ""integer"": ""1..150 realistic bounded literals"", ""jsonb"": ""small object/array literal"", ""text"": ""short safe ascii tokens"", ""uuid"": ""deterministic UUID literal""}",bounded small literals; no forced 60k+ uniqueness inflation,none_or_normalize_only
PG_BOOL_R100_C01_SLOTS,PG_BOOL_R100_C01,PG_BOOL_R100,Y2,"{""inet"": ""private address sample"", ""integer"": ""1..150 realistic bounded literals"", ""jsonb"": ""small object/array literal"", ""text"": ""short safe ascii tokens"", ""uuid"": ""deterministic UUID literal""}",bounded small literals; no forced 60k+ uniqueness inflation,none_or_normalize_only
PG_BOOL_R100_C02_SLOTS,PG_BOOL_R100_C02,PG_BOOL_R100,Y2,"{""inet"": ""private address sample"", ""integer"": ""1..150 realistic bounded literals"", ""jsonb"": ""small object/array literal"", ""text"": ""short safe ascii tokens"", ""uuid"": ""deterministic UUID literal""}",bounded small literals; no forced 60k+ uniqueness inflation,none_or_normalize_only
PG_BOOL_R100_C03_SLOTS,PG_BOOL_R100_C03,PG_BOOL_R100,Y2,"{""inet"": ""private address sample"", ""integer"": ""1..150 realistic bounded literals"", ""jsonb"": ""small object/array literal"", ""text"": ""short safe ascii tokens"", ""uuid"": ""deterministic UUID literal""}",bounded small literals; no forced 60k+ uniqueness inflation,none_or_normalize_only
PG_BOOL_R100_C04_SLOTS,PG_BOOL_R100_C04,PG_BOOL_R100,Y2,"{""inet"": ""private address sample"", ""integer"": ""1..150 realistic bounded literals"", ""jsonb"": ""small object/array literal"", ""text"": ""short safe ascii tokens"", ""uuid"": ""deterministic UUID literal""}",bounded small literals; no forced 60k+ uniqueness inflation,none_or_normalize_only
PG_BOOL_R100_C05_SLOTS,PG_BOOL_R100_C05,PG_BOOL_R100,Y2,"{""inet"": ""private address sample"", ""integer"": ""1..150 realistic bounded literals"", ""jsonb"": ""small object/array literal"", ""text"": ""short safe ascii tokens"", ""uuid"": ""deterministic UUID literal""}",bounded small literals; no forced 60k+ uniqueness inflation,none_or_normalize_only
PG_BOOL_R100_C06_SLOTS,PG_BOOL_R100_C06,PG_BOOL_R100,Y2,"{""inet"": ""private address sample"", ""integer"": ""1..150 realistic bounded literals"", ""jsonb"": ""small object/array literal"", ""text"": ""short safe ascii tokens"", ""uuid"": ""deterministic UUID literal""}",bounded small literals; no forced 60k+ uniqueness inflation,none_or_normalize_only
PG_BOOL_R100_C07_SLOTS,PG_BOOL_R100_C07,PG_BOOL_R100,Y2,"{""inet"": ""private address sample"", ""integer"": ""1..150 realistic bounded literals"", ""jsonb"": ""small object/array literal"", ""text"": ""short safe ascii tokens"", ""uuid"": ""deterministic UUID literal""}",bounded small literals; no forced 60k+ uniqueness inflation,none_or_normalize_only
PG_BOOL_R100_C08_SLOTS,PG_BOOL_R100_C08,PG_BOOL_R100,Y2,"{""inet"": ""private address sample"", ""integer"": ""1..150 realistic bounded literals"", ""jsonb"": ""small object/array literal"", ""text"": ""short safe ascii tokens"", ""uuid"": ""deterministic UUID literal""}",bounded small literals; no forced 60k+ uniqueness inflation,none_or_normalize_only
PG_BOOL_R100_C09_SLOTS,PG_BOOL_R100_C09,PG_BOOL_R100,Y2,"{""inet"": ""private address sample"", ""integer"": ""1..150 realistic bounded literals"", ""jsonb"": ""small object/array literal"", ""text"": ""short safe ascii tokens"", ""uuid"": ""deterministic UUID literal""}",bounded small literals; no forced 60k+ uniqueness inflation,none_or_normalize_only
PG_BOOL_R100_C10_SLOTS,PG_BOOL_R100_C10,PG_BOOL_R100,Y2,"{""inet"": ""private address sample"", ""integer"": ""1..150 realistic bounded literals"", ""jsonb"": ""small object/array literal"", ""text"": ""short safe ascii tokens"", ""uuid"": ""deterministic UUID literal""}",bounded small literals; no forced 60k+ uniqueness inflation,none_or_normalize_only
