structure_cell_id,root_id,y_level,semantic_family,cell_index,cell_recipe,expected_samples,required_tokens,skeleton_reference,structure_signature,cell_contract
PG_BOOL_R001_C01,PG_BOOL_R001,Y2,comparison_numeric,1,base_predicate,6,=,INT = INT,6755654b2fba539b07353c1a,required_tokens + skeleton_family + delimiter_integrity + boolean_signal
PG_BOOL_R001_C02,PG_BOOL_R001,Y2,comparison_numeric,2,parenthesized_predicate,6,=,(INT = INT),0714f315616c14dc63e30f5e,required_tokens + skeleton_family + delimiter_integrity + boolean_signal
PG_BOOL_R001_C03,PG_BOOL_R001,Y2,comparison_numeric,3,negated_inverse_predicate,6,=|NOT,NOT (INT = INT),fbadceab1ea85ed3720142c2,required_tokens + skeleton_family + delimiter_integrity + boolean_signal
PG_BOOL_R001_C04,PG_BOOL_R001,Y2,comparison_numeric,4,is_true_wrapper,6,=|IS|TRUE,(INT = INT) IS TRUE,7d16609043eb636e022fe58c,required_tokens + skeleton_family + delimiter_integrity + boolean_signal
PG_BOOL_R001_C05,PG_BOOL_R001,Y2,comparison_numeric,5,is_not_false_wrapper,6,=|FALSE|IS|NOT,(INT = INT) IS NOT FALSE,23c28b3877d9eec20fbb01a8,required_tokens + skeleton_family + delimiter_integrity + boolean_signal
PG_BOOL_R001_C06,PG_BOOL_R001,Y2,comparison_numeric,6,case_boolean_wrapper,6,=|CASE|ELSE|END|FALSE|THEN|TRUE|WHEN,CASE WHEN (INT = INT) THEN TRUE ELSE FALSE END,249979b5837e78c3a479cb3f,required_tokens + skeleton_family + delimiter_integrity + boolean_signal
PG_BOOL_R001_C07,PG_BOOL_R001,Y2,comparison_numeric,7,and_true_guard,6,=|AND,(INT = INT) AND (INT = INT),9b4904058ad628ae6622fa62,required_tokens + skeleton_family + delimiter_integrity + boolean_signal
PG_BOOL_R001_C08,PG_BOOL_R001,Y2,comparison_numeric,8,or_false_guard,6,<|<>|=|>|OR,(INT = INT) OR (INT <> INT),6ed6034cc0077855bd4b7dd6,required_tokens + skeleton_family + delimiter_integrity + boolean_signal
PG_BOOL_R001_C09,PG_BOOL_R001,Y2,comparison_numeric,9,equals_true_wrapper,6,=|TRUE,((INT = INT) = TRUE),39ea4a31046babbf291041d6,required_tokens + skeleton_family + delimiter_integrity + boolean_signal
PG_BOOL_R001_C10,PG_BOOL_R001,Y2,comparison_numeric,10,coalesce_false_wrapper,6,=|COALESCE|FALSE,"COALESCE((INT = INT), FALSE)",8a1a6d1e2be3e2585e9c8ae8,required_tokens + skeleton_family + delimiter_integrity + boolean_signal
PG_BOOL_R002_C01,PG_BOOL_R002,Y2,comparison_numeric,1,base_predicate,6,<|<>|>,INT <> INT,805cc0cc64949cf77f091ae0,required_tokens + skeleton_family + delimiter_integrity + boolean_signal
PG_BOOL_R002_C02,PG_BOOL_R002,Y2,comparison_numeric,2,parenthesized_predicate,6,<|<>|>,(INT <> INT),9c4cd6972322d2ac2ad97722,required_tokens + skeleton_family + delimiter_integrity + boolean_signal
PG_BOOL_R002_C03,PG_BOOL_R002,Y2,comparison_numeric,3,negated_inverse_predicate,6,<|<>|>|NOT,NOT (INT <> INT),624f1699cd69648f4195eb4e,required_tokens + skeleton_family + delimiter_integrity + boolean_signal
PG_BOOL_R002_C04,PG_BOOL_R002,Y2,comparison_numeric,4,is_true_wrapper,6,<|<>|>|IS|TRUE,(INT <> INT) IS TRUE,f4d3683cb29dc3b49c6f91c7,required_tokens + skeleton_family + delimiter_integrity + boolean_signal
PG_BOOL_R002_C05,PG_BOOL_R002,Y2,comparison_numeric,5,is_not_false_wrapper,6,<|<>|>|FALSE|IS|NOT,(INT <> INT) IS NOT FALSE,8f37a914db1f21f4f9f1a0fd,required_tokens + skeleton_family + delimiter_integrity + boolean_signal
PG_BOOL_R002_C06,PG_BOOL_R002,Y2,comparison_numeric,6,case_boolean_wrapper,6,<|<>|>|CASE|ELSE|END|FALSE|THEN|TRUE|WHEN,CASE WHEN (INT <> INT) THEN TRUE ELSE FALSE END,553cd3c00b3bd2106ff7aaaa,required_tokens + skeleton_family + delimiter_integrity + boolean_signal
PG_BOOL_R002_C07,PG_BOOL_R002,Y2,comparison_numeric,7,and_true_guard,6,<|<>|=|>|AND,(INT <> INT) AND (INT = INT),00e444d0f28e13baf1a39127,required_tokens + skeleton_family + delimiter_integrity + boolean_signal
PG_BOOL_R002_C08,PG_BOOL_R002,Y2,comparison_numeric,8,or_false_guard,6,<|<>|>|OR,(INT <> INT) OR (INT <> INT),c73de67594fb9331a586b977,required_tokens + skeleton_family + delimiter_integrity + boolean_signal
PG_BOOL_R002_C09,PG_BOOL_R002,Y2,comparison_numeric,9,equals_true_wrapper,6,<|<>|=|>|TRUE,((INT <> INT) = TRUE),2c5981d4add454f484f1bd06,required_tokens + skeleton_family + delimiter_integrity + boolean_signal
PG_BOOL_R002_C10,PG_BOOL_R002,Y2,comparison_numeric,10,coalesce_false_wrapper,6,<|<>|>|COALESCE|FALSE,"COALESCE((INT <> INT), FALSE)",40866d3b11113c53e84a8724,required_tokens + skeleton_family + delimiter_integrity + boolean_signal
PG_BOOL_R003_C01,PG_BOOL_R003,Y2,comparison_numeric,1,base_predicate,6,>,INT > INT,c93ab66a52abbb6a88313038,required_tokens + skeleton_family + delimiter_integrity + boolean_signal
PG_BOOL_R003_C02,PG_BOOL_R003,Y2,comparison_numeric,2,parenthesized_predicate,6,>,(INT > INT),8a0a1fc9acce7d27ad554e37,required_tokens + skeleton_family + delimiter_integrity + boolean_signal
PG_BOOL_R003_C03,PG_BOOL_R003,Y2,comparison_numeric,3,negated_inverse_predicate,6,>|NOT,NOT (INT > INT),74e969e24bfc20601f071dda,required_tokens + skeleton_family + delimiter_integrity + boolean_signal
PG_BOOL_R003_C04,PG_BOOL_R003,Y2,comparison_numeric,4,is_true_wrapper,6,>|IS|TRUE,(INT > INT) IS TRUE,b24120a3078f9700bd0c1d1c,required_tokens + skeleton_family + delimiter_integrity + boolean_signal
PG_BOOL_R003_C05,PG_BOOL_R003,Y2,comparison_numeric,5,is_not_false_wrapper,6,>|FALSE|IS|NOT,(INT > INT) IS NOT FALSE,c5dcf4713ef7867737bea519,required_tokens + skeleton_family + delimiter_integrity + boolean_signal
PG_BOOL_R003_C06,PG_BOOL_R003,Y2,comparison_numeric,6,case_boolean_wrapper,6,>|CASE|ELSE|END|FALSE|THEN|TRUE|WHEN,CASE WHEN (INT > INT) THEN TRUE ELSE FALSE END,1de30ad53090bf2f9357f5cf,required_tokens + skeleton_family + delimiter_integrity + boolean_signal
PG_BOOL_R003_C07,PG_BOOL_R003,Y2,comparison_numeric,7,and_true_guard,6,=|>|AND,(INT > INT) AND (INT = INT),ba00d1e11cf972f123c29885,required_tokens + skeleton_family + delimiter_integrity + boolean_signal
PG_BOOL_R003_C08,PG_BOOL_R003,Y2,comparison_numeric,8,or_false_guard,6,<|<>|>|OR,(INT > INT) OR (INT <> INT),1ffc611af0d98ff117004725,required_tokens + skeleton_family + delimiter_integrity + boolean_signal
PG_BOOL_R003_C09,PG_BOOL_R003,Y2,comparison_numeric,9,equals_true_wrapper,6,=|>|TRUE,((INT > INT) = TRUE),e0beb876538593b516edeaa4,required_tokens + skeleton_family + delimiter_integrity + boolean_signal
PG_BOOL_R003_C10,PG_BOOL_R003,Y2,comparison_numeric,10,coalesce_false_wrapper,6,>|COALESCE|FALSE,"COALESCE((INT > INT), FALSE)",377b8c58ca5b08de1951ca13,required_tokens + skeleton_family + delimiter_integrity + boolean_signal
PG_BOOL_R004_C01,PG_BOOL_R004,Y2,comparison_numeric,1,base_predicate,6,<|<=|=,INT <= INT,2e51fc7d425ebdd54091fc68,required_tokens + skeleton_family + delimiter_integrity + boolean_signal
PG_BOOL_R004_C02,PG_BOOL_R004,Y2,comparison_numeric,2,parenthesized_predicate,6,<|<=|=,(INT <= INT),030c2b49f4cb791676c6645a,required_tokens + skeleton_family + delimiter_integrity + boolean_signal
PG_BOOL_R004_C03,PG_BOOL_R004,Y2,comparison_numeric,3,negated_inverse_predicate,6,<|<=|=|NOT,NOT (INT <= INT),16d3d60d88a7a8b745ee6a33,required_tokens + skeleton_family + delimiter_integrity + boolean_signal
PG_BOOL_R004_C04,PG_BOOL_R004,Y2,comparison_numeric,4,is_true_wrapper,6,<|<=|=|IS|TRUE,(INT <= INT) IS TRUE,8bec26df9400368f7aadad83,required_tokens + skeleton_family + delimiter_integrity + boolean_signal
PG_BOOL_R004_C05,PG_BOOL_R004,Y2,comparison_numeric,5,is_not_false_wrapper,6,<|<=|=|FALSE|IS|NOT,(INT <= INT) IS NOT FALSE,26b8d894e24e43ca04f3bf9b,required_tokens + skeleton_family + delimiter_integrity + boolean_signal
PG_BOOL_R004_C06,PG_BOOL_R004,Y2,comparison_numeric,6,case_boolean_wrapper,6,<|<=|=|CASE|ELSE|END|FALSE|THEN|TRUE|WHEN,CASE WHEN (INT <= INT) THEN TRUE ELSE FALSE END,75de4677f4f4088c7440233b,required_tokens + skeleton_family + delimiter_integrity + boolean_signal
PG_BOOL_R004_C07,PG_BOOL_R004,Y2,comparison_numeric,7,and_true_guard,6,<|<=|=|AND,(INT <= INT) AND (INT = INT),252f1fdf39c80a363be42f07,required_tokens + skeleton_family + delimiter_integrity + boolean_signal
PG_BOOL_R004_C08,PG_BOOL_R004,Y2,comparison_numeric,8,or_false_guard,6,<|<=|<>|=|>|OR,(INT <= INT) OR (INT <> INT),1d35e78d8e4bd35a2868a5dd,required_tokens + skeleton_family + delimiter_integrity + boolean_signal
PG_BOOL_R004_C09,PG_BOOL_R004,Y2,comparison_numeric,9,equals_true_wrapper,6,<|<=|=|TRUE,((INT <= INT) = TRUE),9ac8b77a8ff79182b54e4230,required_tokens + skeleton_family + delimiter_integrity + boolean_signal
PG_BOOL_R004_C10,PG_BOOL_R004,Y2,comparison_numeric,10,coalesce_false_wrapper,6,<|<=|=|COALESCE|FALSE,"COALESCE((INT <= INT), FALSE)",fa4875c0ec78e25f20854a7b,required_tokens + skeleton_family + delimiter_integrity + boolean_signal
PG_BOOL_R005_C01,PG_BOOL_R005,Y2,comparison_numeric,1,base_predicate,6,=,(INT + INT) = INT,a7f4f750118400b1353a75d6,required_tokens + skeleton_family + delimiter_integrity + boolean_signal
PG_BOOL_R005_C02,PG_BOOL_R005,Y2,comparison_numeric,2,parenthesized_predicate,6,=,((INT + INT) = INT),017af7cdf98ffe1e034d40b1,required_tokens + skeleton_family + delimiter_integrity + boolean_signal
PG_BOOL_R005_C03,PG_BOOL_R005,Y2,comparison_numeric,3,negated_inverse_predicate,6,=|NOT,NOT ((INT + INT) = INT),2ab31711f76f8bb3df7590a2,required_tokens + skeleton_family + delimiter_integrity + boolean_signal
PG_BOOL_R005_C04,PG_BOOL_R005,Y2,comparison_numeric,4,is_true_wrapper,6,=|IS|TRUE,((INT + INT) = INT) IS TRUE,6703649be46970ed9df6bcd2,required_tokens + skeleton_family + delimiter_integrity + boolean_signal
PG_BOOL_R005_C05,PG_BOOL_R005,Y2,comparison_numeric,5,is_not_false_wrapper,6,=|FALSE|IS|NOT,((INT + INT) = INT) IS NOT FALSE,1bf95c8928fe1a89d2595129,required_tokens + skeleton_family + delimiter_integrity + boolean_signal
PG_BOOL_R005_C06,PG_BOOL_R005,Y2,comparison_numeric,6,case_boolean_wrapper,6,=|CASE|ELSE|END|FALSE|THEN|TRUE|WHEN,CASE WHEN ((INT + INT) = INT) THEN TRUE ELSE FALSE END,de54578e9ab79b59c4e63b68,required_tokens + skeleton_family + delimiter_integrity + boolean_signal
PG_BOOL_R005_C07,PG_BOOL_R005,Y2,comparison_numeric,7,and_true_guard,6,=|AND,((INT + INT) = INT) AND (INT = INT),f3579a2195c44412374b1444,required_tokens + skeleton_family + delimiter_integrity + boolean_signal
PG_BOOL_R005_C08,PG_BOOL_R005,Y2,comparison_numeric,8,or_false_guard,6,<|<>|=|>|OR,((INT + INT) = INT) OR (INT <> INT),4bd75437619811434f998259,required_tokens + skeleton_family + delimiter_integrity + boolean_signal
PG_BOOL_R005_C09,PG_BOOL_R005,Y2,comparison_numeric,9,equals_true_wrapper,6,=|TRUE,(((INT + INT) = INT) = TRUE),a6be2df7cd21db4275c6dc48,required_tokens + skeleton_family + delimiter_integrity + boolean_signal
PG_BOOL_R005_C10,PG_BOOL_R005,Y2,comparison_numeric,10,coalesce_false_wrapper,6,=|COALESCE|FALSE,"COALESCE(((INT + INT) = INT), FALSE)",2bb86918e1180282ad720864,required_tokens + skeleton_family + delimiter_integrity + boolean_signal
PG_BOOL_R006_C01,PG_BOOL_R006,Y2,comparison_text,1,base_predicate,6,=,STR = STR,d9a864d3d9046f421aa08372,required_tokens + skeleton_family + delimiter_integrity + boolean_signal
PG_BOOL_R006_C02,PG_BOOL_R006,Y2,comparison_text,2,parenthesized_predicate,6,=,(STR = STR),9a9d650dcdb2afcd4d09f5ed,required_tokens + skeleton_family + delimiter_integrity + boolean_signal
PG_BOOL_R006_C03,PG_BOOL_R006,Y2,comparison_text,3,negated_inverse_predicate,6,=|NOT,NOT (STR = STR),abb6a62a88c76f6f385764a0,required_tokens + skeleton_family + delimiter_integrity + boolean_signal
PG_BOOL_R006_C04,PG_BOOL_R006,Y2,comparison_text,4,is_true_wrapper,6,=|IS|TRUE,(STR = STR) IS TRUE,ea9c8444bda72936222c2688,required_tokens + skeleton_family + delimiter_integrity + boolean_signal
PG_BOOL_R006_C05,PG_BOOL_R006,Y2,comparison_text,5,is_not_false_wrapper,6,=|FALSE|IS|NOT,(STR = STR) IS NOT FALSE,2bf11cd507b3b7dd91c161bb,required_tokens + skeleton_family + delimiter_integrity + boolean_signal
PG_BOOL_R006_C06,PG_BOOL_R006,Y2,comparison_text,6,case_boolean_wrapper,6,=|CASE|ELSE|END|FALSE|THEN|TRUE|WHEN,CASE WHEN (STR = STR) THEN TRUE ELSE FALSE END,6dd9fa549da92cb4830528a6,required_tokens + skeleton_family + delimiter_integrity + boolean_signal
PG_BOOL_R006_C07,PG_BOOL_R006,Y2,comparison_text,7,and_true_guard,6,=|AND,(STR = STR) AND (INT = INT),74d9d35f7e8f5a5b1021f5e7,required_tokens + skeleton_family + delimiter_integrity + boolean_signal
PG_BOOL_R006_C08,PG_BOOL_R006,Y2,comparison_text,8,or_false_guard,6,<|<>|=|>|OR,(STR = STR) OR (INT <> INT),d809746c0e1982a611449c52,required_tokens + skeleton_family + delimiter_integrity + boolean_signal
PG_BOOL_R006_C09,PG_BOOL_R006,Y2,comparison_text,9,equals_true_wrapper,6,=|TRUE,((STR = STR) = TRUE),7787787518329bb4da166aa2,required_tokens + skeleton_family + delimiter_integrity + boolean_signal
PG_BOOL_R006_C10,PG_BOOL_R006,Y2,comparison_text,10,coalesce_false_wrapper,6,=|COALESCE|FALSE,"COALESCE((STR = STR), FALSE)",bf5b75718745aa983a570d91,required_tokens + skeleton_family + delimiter_integrity + boolean_signal
PG_BOOL_R007_C01,PG_BOOL_R007,Y2,comparison_text,1,base_predicate,6,<|<>|>,STR <> STR,e962edb178333627ce3839f8,required_tokens + skeleton_family + delimiter_integrity + boolean_signal
PG_BOOL_R007_C02,PG_BOOL_R007,Y2,comparison_text,2,parenthesized_predicate,6,<|<>|>,(STR <> STR),fc1c1aa84211a4ef5c487ca0,required_tokens + skeleton_family + delimiter_integrity + boolean_signal
PG_BOOL_R007_C03,PG_BOOL_R007,Y2,comparison_text,3,negated_inverse_predicate,6,<|<>|>|NOT,NOT (STR <> STR),4707623a6fff0340e675b6b7,required_tokens + skeleton_family + delimiter_integrity + boolean_signal
PG_BOOL_R007_C04,PG_BOOL_R007,Y2,comparison_text,4,is_true_wrapper,6,<|<>|>|IS|TRUE,(STR <> STR) IS TRUE,4430d5571f693204f170fec5,required_tokens + skeleton_family + delimiter_integrity + boolean_signal
PG_BOOL_R007_C05,PG_BOOL_R007,Y2,comparison_text,5,is_not_false_wrapper,6,<|<>|>|FALSE|IS|NOT,(STR <> STR) IS NOT FALSE,9a371611a842fda36dd76889,required_tokens + skeleton_family + delimiter_integrity + boolean_signal
PG_BOOL_R007_C06,PG_BOOL_R007,Y2,comparison_text,6,case_boolean_wrapper,6,<|<>|>|CASE|ELSE|END|FALSE|THEN|TRUE|WHEN,CASE WHEN (STR <> STR) THEN TRUE ELSE FALSE END,0c25cfd5d004feaacfd471b2,required_tokens + skeleton_family + delimiter_integrity + boolean_signal
PG_BOOL_R007_C07,PG_BOOL_R007,Y2,comparison_text,7,and_true_guard,6,<|<>|=|>|AND,(STR <> STR) AND (INT = INT),ca24fb6238b3298bc737eb33,required_tokens + skeleton_family + delimiter_integrity + boolean_signal
PG_BOOL_R007_C08,PG_BOOL_R007,Y2,comparison_text,8,or_false_guard,6,<|<>|>|OR,(STR <> STR) OR (INT <> INT),8f0d9ee15128a0c8f44ca4cf,required_tokens + skeleton_family + delimiter_integrity + boolean_signal
PG_BOOL_R007_C09,PG_BOOL_R007,Y2,comparison_text,9,equals_true_wrapper,6,<|<>|=|>|TRUE,((STR <> STR) = TRUE),2ae976146bca9335243ed711,required_tokens + skeleton_family + delimiter_integrity + boolean_signal
PG_BOOL_R007_C10,PG_BOOL_R007,Y2,comparison_text,10,coalesce_false_wrapper,6,<|<>|>|COALESCE|FALSE,"COALESCE((STR <> STR), FALSE)",9252d7bb0bb72ed7aa241618,required_tokens + skeleton_family + delimiter_integrity + boolean_signal
PG_BOOL_R008_C01,PG_BOOL_R008,Y2,comparison_text,1,base_predicate,6,=,LOWER(STR) = STR,34b9b8defa203424ab3acaa6,required_tokens + skeleton_family + delimiter_integrity + boolean_signal
PG_BOOL_R008_C02,PG_BOOL_R008,Y2,comparison_text,2,parenthesized_predicate,6,=,(LOWER(STR) = STR),042eaa9ada23d4be7625b21f,required_tokens + skeleton_family + delimiter_integrity + boolean_signal
PG_BOOL_R008_C03,PG_BOOL_R008,Y2,comparison_text,3,negated_inverse_predicate,6,=|NOT,NOT (LOWER(STR) = STR),4e64aa218ef5b8678af139b8,required_tokens + skeleton_family + delimiter_integrity + boolean_signal
PG_BOOL_R008_C04,PG_BOOL_R008,Y2,comparison_text,4,is_true_wrapper,6,=|IS|TRUE,(LOWER(STR) = STR) IS TRUE,3a9342c4bbc9c254e6c47989,required_tokens + skeleton_family + delimiter_integrity + boolean_signal
PG_BOOL_R008_C05,PG_BOOL_R008,Y2,comparison_text,5,is_not_false_wrapper,6,=|FALSE|IS|NOT,(LOWER(STR) = STR) IS NOT FALSE,008481e62ae1397e814b77b2,required_tokens + skeleton_family + delimiter_integrity + boolean_signal
PG_BOOL_R008_C06,PG_BOOL_R008,Y2,comparison_text,6,case_boolean_wrapper,6,=|CASE|ELSE|END|FALSE|THEN|TRUE|WHEN,CASE WHEN (LOWER(STR) = STR) THEN TRUE ELSE FALSE END,dbc56f3008d84cfb9b821c90,required_tokens + skeleton_family + delimiter_integrity + boolean_signal
PG_BOOL_R008_C07,PG_BOOL_R008,Y2,comparison_text,7,and_true_guard,6,=|AND,(LOWER(STR) = STR) AND (INT = INT),358bce4b3b0a277f4f5bc41a,required_tokens + skeleton_family + delimiter_integrity + boolean_signal
PG_BOOL_R008_C08,PG_BOOL_R008,Y2,comparison_text,8,or_false_guard,6,<|<>|=|>|OR,(LOWER(STR) = STR) OR (INT <> INT),e7d261b466d50318a1372604,required_tokens + skeleton_family + delimiter_integrity + boolean_signal
PG_BOOL_R008_C09,PG_BOOL_R008,Y2,comparison_text,9,equals_true_wrapper,6,=|TRUE,((LOWER(STR) = STR) = TRUE),2c640bb1d7357a1f8d59f735,required_tokens + skeleton_family + delimiter_integrity + boolean_signal
PG_BOOL_R008_C10,PG_BOOL_R008,Y2,comparison_text,10,coalesce_false_wrapper,6,=|COALESCE|FALSE,"COALESCE((LOWER(STR) = STR), FALSE)",3d8d85e58ca78802e7e17fb8,required_tokens + skeleton_family + delimiter_integrity + boolean_signal
PG_BOOL_R009_C01,PG_BOOL_R009,Y2,comparison_text,1,base_predicate,6,=,CHAR_LENGTH(STR) = INT,1e7ea32ca87a4bc72e15510e,required_tokens + skeleton_family + delimiter_integrity + boolean_signal
PG_BOOL_R009_C02,PG_BOOL_R009,Y2,comparison_text,2,parenthesized_predicate,6,=,(CHAR_LENGTH(STR) = INT),7f06eba063241d45957e14f3,required_tokens + skeleton_family + delimiter_integrity + boolean_signal
PG_BOOL_R009_C03,PG_BOOL_R009,Y2,comparison_text,3,negated_inverse_predicate,6,=|NOT,NOT (CHAR_LENGTH(STR) = INT),8eae85aaae3af9dd8d5995e4,required_tokens + skeleton_family + delimiter_integrity + boolean_signal
PG_BOOL_R009_C04,PG_BOOL_R009,Y2,comparison_text,4,is_true_wrapper,6,=|IS|TRUE,(CHAR_LENGTH(STR) = INT) IS TRUE,7e85bc433bc5e97e24b9dff4,required_tokens + skeleton_family + delimiter_integrity + boolean_signal
PG_BOOL_R009_C05,PG_BOOL_R009,Y2,comparison_text,5,is_not_false_wrapper,6,=|FALSE|IS|NOT,(CHAR_LENGTH(STR) = INT) IS NOT FALSE,cf841e4894ea2829b721dd1f,required_tokens + skeleton_family + delimiter_integrity + boolean_signal
PG_BOOL_R009_C06,PG_BOOL_R009,Y2,comparison_text,6,case_boolean_wrapper,6,=|CASE|ELSE|END|FALSE|THEN|TRUE|WHEN,CASE WHEN (CHAR_LENGTH(STR) = INT) THEN TRUE ELSE FALSE END,49bf17936cc192894eb9b240,required_tokens + skeleton_family + delimiter_integrity + boolean_signal
PG_BOOL_R009_C07,PG_BOOL_R009,Y2,comparison_text,7,and_true_guard,6,=|AND,(CHAR_LENGTH(STR) = INT) AND (INT = INT),e1b2a2ba01d50ac574e3fb05,required_tokens + skeleton_family + delimiter_integrity + boolean_signal
PG_BOOL_R009_C08,PG_BOOL_R009,Y2,comparison_text,8,or_false_guard,6,<|<>|=|>|OR,(CHAR_LENGTH(STR) = INT) OR (INT <> INT),2c8d86b655c2f92c1decc7c4,required_tokens + skeleton_family + delimiter_integrity + boolean_signal
PG_BOOL_R009_C09,PG_BOOL_R009,Y2,comparison_text,9,equals_true_wrapper,6,=|TRUE,((CHAR_LENGTH(STR) = INT) = TRUE),f36521b2ca9d6dbe947c3e1d,required_tokens + skeleton_family + delimiter_integrity + boolean_signal
PG_BOOL_R009_C10,PG_BOOL_R009,Y2,comparison_text,10,coalesce_false_wrapper,6,=|COALESCE|FALSE,"COALESCE((CHAR_LENGTH(STR) = INT), FALSE)",c0718c21f4a3949c9bdaae0c,required_tokens + skeleton_family + delimiter_integrity + boolean_signal
PG_BOOL_R010_C01,PG_BOOL_R010,Y2,comparison_text,1,base_predicate,6,>|IN,POSITION(STR IN STR) > INT,5021d84f16768392d3f70f7f,required_tokens + skeleton_family + delimiter_integrity + boolean_signal
PG_BOOL_R010_C02,PG_BOOL_R010,Y2,comparison_text,2,parenthesized_predicate,6,>|IN,(POSITION(STR IN STR) > INT),a57ff92170ff64d3c64127c4,required_tokens + skeleton_family + delimiter_integrity + boolean_signal
PG_BOOL_R010_C03,PG_BOOL_R010,Y2,comparison_text,3,negated_inverse_predicate,6,>|IN|NOT,NOT (POSITION(STR IN STR) > INT),69001f7830bea16a7ef30481,required_tokens + skeleton_family + delimiter_integrity + boolean_signal
PG_BOOL_R010_C04,PG_BOOL_R010,Y2,comparison_text,4,is_true_wrapper,6,>|IN|IS|TRUE,(POSITION(STR IN STR) > INT) IS TRUE,800158a763d6168349261d9d,required_tokens + skeleton_family + delimiter_integrity + boolean_signal
PG_BOOL_R010_C05,PG_BOOL_R010,Y2,comparison_text,5,is_not_false_wrapper,6,>|FALSE|IN|IS|NOT,(POSITION(STR IN STR) > INT) IS NOT FALSE,a18f0dec783b695ea3bbedd2,required_tokens + skeleton_family + delimiter_integrity + boolean_signal
PG_BOOL_R010_C06,PG_BOOL_R010,Y2,comparison_text,6,case_boolean_wrapper,6,>|CASE|ELSE|END|FALSE|IN|THEN|TRUE|WHEN,CASE WHEN (POSITION(STR IN STR) > INT) THEN TRUE ELSE FALSE END,5b9d6579f02f131813455b47,required_tokens + skeleton_family + delimiter_integrity + boolean_signal
PG_BOOL_R010_C07,PG_BOOL_R010,Y2,comparison_text,7,and_true_guard,6,=|>|AND|IN,(POSITION(STR IN STR) > INT) AND (INT = INT),0c2aa7a7f7b58c044f55ae0a,required_tokens + skeleton_family + delimiter_integrity + boolean_signal
PG_BOOL_R010_C08,PG_BOOL_R010,Y2,comparison_text,8,or_false_guard,6,<|<>|>|IN|OR,(POSITION(STR IN STR) > INT) OR (INT <> INT),a2fdffbbc8d1e59467affb09,required_tokens + skeleton_family + delimiter_integrity + boolean_signal
PG_BOOL_R010_C09,PG_BOOL_R010,Y2,comparison_text,9,equals_true_wrapper,6,=|>|IN|TRUE,((POSITION(STR IN STR) > INT) = TRUE),2c23112620ef4a71abc2b3ff,required_tokens + skeleton_family + delimiter_integrity + boolean_signal
PG_BOOL_R010_C10,PG_BOOL_R010,Y2,comparison_text,10,coalesce_false_wrapper,6,>|COALESCE|FALSE|IN,"COALESCE((POSITION(STR IN STR) > INT), FALSE)",0b84393a4e182c64929f7927,required_tokens + skeleton_family + delimiter_integrity + boolean_signal
PG_BOOL_R011_C01,PG_BOOL_R011,Y2,null_boolean,1,base_predicate,6,IS|NULL,NULL IS NULL,feee9e90753626b68e307963,required_tokens + skeleton_family + delimiter_integrity + boolean_signal
PG_BOOL_R011_C02,PG_BOOL_R011,Y2,null_boolean,2,parenthesized_predicate,6,IS|NULL,(NULL IS NULL),f00405682227d969488522e2,required_tokens + skeleton_family + delimiter_integrity + boolean_signal
PG_BOOL_R011_C03,PG_BOOL_R011,Y2,null_boolean,3,negated_inverse_predicate,6,IS|NOT|NULL,NOT (NULL IS NOT NULL),37e0d3c6b6285bdd741d65f7,required_tokens + skeleton_family + delimiter_integrity + boolean_signal
PG_BOOL_R011_C04,PG_BOOL_R011,Y2,null_boolean,4,is_true_wrapper,6,IS|NULL|TRUE,(NULL IS NULL) IS TRUE,73575506ffab7a9489d7d11b,required_tokens + skeleton_family + delimiter_integrity + boolean_signal
PG_BOOL_R011_C05,PG_BOOL_R011,Y2,null_boolean,5,is_not_false_wrapper,6,FALSE|IS|NOT|NULL,(NULL IS NULL) IS NOT FALSE,15e5f9a59bb061e1b5e0f85e,required_tokens + skeleton_family + delimiter_integrity + boolean_signal
PG_BOOL_R011_C06,PG_BOOL_R011,Y2,null_boolean,6,case_boolean_wrapper,6,CASE|ELSE|END|FALSE|IS|NULL|THEN|TRUE|WHEN,CASE WHEN (NULL IS NULL) THEN TRUE ELSE FALSE END,2601a75ee38524be2233f7f3,required_tokens + skeleton_family + delimiter_integrity + boolean_signal
PG_BOOL_R011_C07,PG_BOOL_R011,Y2,null_boolean,7,and_true_guard,6,=|AND|IS|NULL,(NULL IS NULL) AND (INT = INT),5ecee0889e86d351ea20c104,required_tokens + skeleton_family + delimiter_integrity + boolean_signal
PG_BOOL_R011_C08,PG_BOOL_R011,Y2,null_boolean,8,or_false_guard,6,<|<>|>|IS|NULL|OR,(NULL IS NULL) OR (INT <> INT),78a09c16076318c64740dbd7,required_tokens + skeleton_family + delimiter_integrity + boolean_signal
PG_BOOL_R011_C09,PG_BOOL_R011,Y2,null_boolean,9,equals_true_wrapper,6,=|IS|NULL|TRUE,((NULL IS NULL) = TRUE),f90ccbfe54fe8797e42ab153,required_tokens + skeleton_family + delimiter_integrity + boolean_signal
PG_BOOL_R011_C10,PG_BOOL_R011,Y2,null_boolean,10,coalesce_false_wrapper,6,COALESCE|FALSE|IS|NULL,"COALESCE((NULL IS NULL), FALSE)",f7881d69869e3c977a97414c,required_tokens + skeleton_family + delimiter_integrity + boolean_signal
PG_BOOL_R012_C01,PG_BOOL_R012,Y2,null_boolean,1,base_predicate,6,IS|TRUE,TRUE IS TRUE,b49f4ecd38172e680c2de99e,required_tokens + skeleton_family + delimiter_integrity + boolean_signal
PG_BOOL_R012_C02,PG_BOOL_R012,Y2,null_boolean,2,parenthesized_predicate,6,IS|TRUE,(TRUE IS TRUE),843b6b5689a7992dc604cf01,required_tokens + skeleton_family + delimiter_integrity + boolean_signal
PG_BOOL_R012_C03,PG_BOOL_R012,Y2,null_boolean,3,negated_inverse_predicate,6,FALSE|IS|NOT|TRUE,NOT (TRUE IS FALSE),0389f2879b0e1f3a2f7e2c29,required_tokens + skeleton_family + delimiter_integrity + boolean_signal
PG_BOOL_R012_C04,PG_BOOL_R012,Y2,null_boolean,4,is_true_wrapper,6,IS|TRUE,(TRUE IS TRUE) IS TRUE,4947cb86d8e0b69af8f61140,required_tokens + skeleton_family + delimiter_integrity + boolean_signal
PG_BOOL_R012_C05,PG_BOOL_R012,Y2,null_boolean,5,is_not_false_wrapper,6,FALSE|IS|NOT|TRUE,(TRUE IS TRUE) IS NOT FALSE,e975b7c4ee4d8d5e7bcbfb95,required_tokens + skeleton_family + delimiter_integrity + boolean_signal
PG_BOOL_R012_C06,PG_BOOL_R012,Y2,null_boolean,6,case_boolean_wrapper,6,CASE|ELSE|END|FALSE|IS|THEN|TRUE|WHEN,CASE WHEN (TRUE IS TRUE) THEN TRUE ELSE FALSE END,58cadd077849a02a678d87c7,required_tokens + skeleton_family + delimiter_integrity + boolean_signal
PG_BOOL_R012_C07,PG_BOOL_R012,Y2,null_boolean,7,and_true_guard,6,=|AND|IS|TRUE,(TRUE IS TRUE) AND (INT = INT),07c035d4ef7e00b29da1f8c0,required_tokens + skeleton_family + delimiter_integrity + boolean_signal
PG_BOOL_R012_C08,PG_BOOL_R012,Y2,null_boolean,8,or_false_guard,6,<|<>|>|IS|OR|TRUE,(TRUE IS TRUE) OR (INT <> INT),31a166a0ffa5a956f554c49c,required_tokens + skeleton_family + delimiter_integrity + boolean_signal
PG_BOOL_R012_C09,PG_BOOL_R012,Y2,null_boolean,9,equals_true_wrapper,6,=|IS|TRUE,((TRUE IS TRUE) = TRUE),d5f1cc94085f03b041998018,required_tokens + skeleton_family + delimiter_integrity + boolean_signal
PG_BOOL_R012_C10,PG_BOOL_R012,Y2,null_boolean,10,coalesce_false_wrapper,6,COALESCE|FALSE|IS|TRUE,"COALESCE((TRUE IS TRUE), FALSE)",36b85d7f0feb906a5f5bb9bf,required_tokens + skeleton_family + delimiter_integrity + boolean_signal
PG_BOOL_R013_C01,PG_BOOL_R013,Y2,null_boolean,1,base_predicate,6,FALSE|IS,FALSE IS FALSE,d4383b559be582847ecc3559,required_tokens + skeleton_family + delimiter_integrity + boolean_signal
PG_BOOL_R013_C02,PG_BOOL_R013,Y2,null_boolean,2,parenthesized_predicate,6,FALSE|IS,(FALSE IS FALSE),d2ed6887ad8a5e2a1af0b0dc,required_tokens + skeleton_family + delimiter_integrity + boolean_signal
PG_BOOL_R013_C03,PG_BOOL_R013,Y2,null_boolean,3,negated_inverse_predicate,6,FALSE|IS|NOT|TRUE,NOT (FALSE IS TRUE),3179c3d8089ef8b6c8c68418,required_tokens + skeleton_family + delimiter_integrity + boolean_signal
PG_BOOL_R013_C04,PG_BOOL_R013,Y2,null_boolean,4,is_true_wrapper,6,FALSE|IS|TRUE,(FALSE IS FALSE) IS TRUE,bc08a5c2853cb0f746f175cc,required_tokens + skeleton_family + delimiter_integrity + boolean_signal
PG_BOOL_R013_C05,PG_BOOL_R013,Y2,null_boolean,5,is_not_false_wrapper,6,FALSE|IS|NOT,(FALSE IS FALSE) IS NOT FALSE,c377ed1939cac5aa30ab8889,required_tokens + skeleton_family + delimiter_integrity + boolean_signal
PG_BOOL_R013_C06,PG_BOOL_R013,Y2,null_boolean,6,case_boolean_wrapper,6,CASE|ELSE|END|FALSE|IS|THEN|TRUE|WHEN,CASE WHEN (FALSE IS FALSE) THEN TRUE ELSE FALSE END,606d7c9630bc35c2bcb2f5d1,required_tokens + skeleton_family + delimiter_integrity + boolean_signal
PG_BOOL_R013_C07,PG_BOOL_R013,Y2,null_boolean,7,and_true_guard,6,=|AND|FALSE|IS,(FALSE IS FALSE) AND (INT = INT),d6339831381b4750e690f196,required_tokens + skeleton_family + delimiter_integrity + boolean_signal
PG_BOOL_R013_C08,PG_BOOL_R013,Y2,null_boolean,8,or_false_guard,6,<|<>|>|FALSE|IS|OR,(FALSE IS FALSE) OR (INT <> INT),ef23a6cdd042dc06bfef72c6,required_tokens + skeleton_family + delimiter_integrity + boolean_signal
PG_BOOL_R013_C09,PG_BOOL_R013,Y2,null_boolean,9,equals_true_wrapper,6,=|FALSE|IS|TRUE,((FALSE IS FALSE) = TRUE),9db314253160e2114cd25434,required_tokens + skeleton_family + delimiter_integrity + boolean_signal
PG_BOOL_R013_C10,PG_BOOL_R013,Y2,null_boolean,10,coalesce_false_wrapper,6,COALESCE|FALSE|IS,"COALESCE((FALSE IS FALSE), FALSE)",3641223360d6d8cc560f6e5f,required_tokens + skeleton_family + delimiter_integrity + boolean_signal
PG_BOOL_R014_C01,PG_BOOL_R014,Y2,null_boolean,1,base_predicate,6,=|COALESCE|NULL,"COALESCE(NULL, INT) = INT",1daa97e10a0c07a3e318accb,required_tokens + skeleton_family + delimiter_integrity + boolean_signal
PG_BOOL_R014_C02,PG_BOOL_R014,Y2,null_boolean,2,parenthesized_predicate,6,=|COALESCE|NULL,"(COALESCE(NULL, INT) = INT)",dd2e1d20bb8c2a0e0b62da1a,required_tokens + skeleton_family + delimiter_integrity + boolean_signal
PG_BOOL_R014_C03,PG_BOOL_R014,Y2,null_boolean,3,negated_inverse_predicate,6,=|COALESCE|NOT|NULL,"NOT (COALESCE(NULL, INT) = INT)",b8dcaaf30a5eeefee0273497,required_tokens + skeleton_family + delimiter_integrity + boolean_signal
PG_BOOL_R014_C04,PG_BOOL_R014,Y2,null_boolean,4,is_true_wrapper,6,=|COALESCE|IS|NULL|TRUE,"(COALESCE(NULL, INT) = INT) IS TRUE",17b3ab4eb20c5366ee2ac23e,required_tokens + skeleton_family + delimiter_integrity + boolean_signal
PG_BOOL_R014_C05,PG_BOOL_R014,Y2,null_boolean,5,is_not_false_wrapper,6,=|COALESCE|FALSE|IS|NOT|NULL,"(COALESCE(NULL, INT) = INT) IS NOT FALSE",6012be40bfb903bb1580812d,required_tokens + skeleton_family + delimiter_integrity + boolean_signal
PG_BOOL_R014_C06,PG_BOOL_R014,Y2,null_boolean,6,case_boolean_wrapper,6,=|CASE|COALESCE|ELSE|END|FALSE|NULL|THEN|TRUE|WHEN,"CASE WHEN (COALESCE(NULL, INT) = INT) THEN TRUE ELSE FALSE END",a9cb97588fbb9e5838fc1b31,required_tokens + skeleton_family + delimiter_integrity + boolean_signal
PG_BOOL_R014_C07,PG_BOOL_R014,Y2,null_boolean,7,and_true_guard,6,=|AND|COALESCE|NULL,"(COALESCE(NULL, INT) = INT) AND (INT = INT)",d0a4043101353566e820602f,required_tokens + skeleton_family + delimiter_integrity + boolean_signal
PG_BOOL_R014_C08,PG_BOOL_R014,Y2,null_boolean,8,or_false_guard,6,<|<>|=|>|COALESCE|NULL|OR,"(COALESCE(NULL, INT) = INT) OR (INT <> INT)",7072c04fa84f069b8be708f3,required_tokens + skeleton_family + delimiter_integrity + boolean_signal
PG_BOOL_R014_C09,PG_BOOL_R014,Y2,null_boolean,9,equals_true_wrapper,6,=|COALESCE|NULL|TRUE,"((COALESCE(NULL, INT) = INT) = TRUE)",1bdba169d7af07c7c9613a03,required_tokens + skeleton_family + delimiter_integrity + boolean_signal
PG_BOOL_R014_C10,PG_BOOL_R014,Y2,null_boolean,10,coalesce_false_wrapper,6,=|COALESCE|FALSE|NULL,"COALESCE((COALESCE(NULL, INT) = INT), FALSE)",7ef0afde94029b4d6f8ba4a2,required_tokens + skeleton_family + delimiter_integrity + boolean_signal
PG_BOOL_R015_C01,PG_BOOL_R015,Y2,null_boolean,1,base_predicate,6,=|IS|TRUE,(INT = INT) IS TRUE,0d5e5a800029229073e3267b,required_tokens + skeleton_family + delimiter_integrity + boolean_signal
PG_BOOL_R015_C02,PG_BOOL_R015,Y2,null_boolean,2,parenthesized_predicate,6,=|IS|TRUE,((INT = INT) IS TRUE),cc0bf2a15c136aa2ae8b82a5,required_tokens + skeleton_family + delimiter_integrity + boolean_signal
PG_BOOL_R015_C03,PG_BOOL_R015,Y2,null_boolean,3,negated_inverse_predicate,6,=|FALSE|IS|NOT,NOT ((INT = INT) IS FALSE),7edae591c205251298e9f79f,required_tokens + skeleton_family + delimiter_integrity + boolean_signal
PG_BOOL_R015_C04,PG_BOOL_R015,Y2,null_boolean,4,is_true_wrapper,6,=|IS|TRUE,((INT = INT) IS TRUE) IS TRUE,c2834bc65c4aff6318a5be3d,required_tokens + skeleton_family + delimiter_integrity + boolean_signal
PG_BOOL_R015_C05,PG_BOOL_R015,Y2,null_boolean,5,is_not_false_wrapper,6,=|FALSE|IS|NOT|TRUE,((INT = INT) IS TRUE) IS NOT FALSE,e8474a36fcedf23d4ed85fb4,required_tokens + skeleton_family + delimiter_integrity + boolean_signal
PG_BOOL_R015_C06,PG_BOOL_R015,Y2,null_boolean,6,case_boolean_wrapper,6,=|CASE|ELSE|END|FALSE|IS|THEN|TRUE|WHEN,CASE WHEN ((INT = INT) IS TRUE) THEN TRUE ELSE FALSE END,24e22b1c94edd8c5eeebf8d5,required_tokens + skeleton_family + delimiter_integrity + boolean_signal
PG_BOOL_R015_C07,PG_BOOL_R015,Y2,null_boolean,7,and_true_guard,6,=|AND|IS|TRUE,((INT = INT) IS TRUE) AND (INT = INT),bf27646712e769b877f82f03,required_tokens + skeleton_family + delimiter_integrity + boolean_signal
PG_BOOL_R015_C08,PG_BOOL_R015,Y2,null_boolean,8,or_false_guard,6,<|<>|=|>|IS|OR|TRUE,((INT = INT) IS TRUE) OR (INT <> INT),390b24af8b677ce786087c06,required_tokens + skeleton_family + delimiter_integrity + boolean_signal
PG_BOOL_R015_C09,PG_BOOL_R015,Y2,null_boolean,9,equals_true_wrapper,6,=|IS|TRUE,(((INT = INT) IS TRUE) = TRUE),6c0cbd074aa7fb4ec761f517,required_tokens + skeleton_family + delimiter_integrity + boolean_signal
PG_BOOL_R015_C10,PG_BOOL_R015,Y2,null_boolean,10,coalesce_false_wrapper,6,=|COALESCE|FALSE|IS|TRUE,"COALESCE(((INT = INT) IS TRUE), FALSE)",8c757bbae0131d83474dfd52,required_tokens + skeleton_family + delimiter_integrity + boolean_signal
PG_BOOL_R016_C01,PG_BOOL_R016,Y2,between_range,1,base_predicate,6,AND|BETWEEN,INT BETWEEN INT AND INT,b7f6e83788ee517da8e88a76,required_tokens + skeleton_family + delimiter_integrity + boolean_signal
PG_BOOL_R016_C02,PG_BOOL_R016,Y2,between_range,2,parenthesized_predicate,6,AND|BETWEEN,(INT BETWEEN INT AND INT),94243687c8ac04a37a5c0c96,required_tokens + skeleton_family + delimiter_integrity + boolean_signal
PG_BOOL_R016_C03,PG_BOOL_R016,Y2,between_range,3,negated_inverse_predicate,6,AND|BETWEEN|NOT,NOT (INT BETWEEN INT AND INT),3cece356a49038c66e500245,required_tokens + skeleton_family + delimiter_integrity + boolean_signal
PG_BOOL_R016_C04,PG_BOOL_R016,Y2,between_range,4,is_true_wrapper,6,AND|BETWEEN|IS|TRUE,(INT BETWEEN INT AND INT) IS TRUE,cbde46ccc9219e4ea1901402,required_tokens + skeleton_family + delimiter_integrity + boolean_signal
PG_BOOL_R016_C05,PG_BOOL_R016,Y2,between_range,5,is_not_false_wrapper,6,AND|BETWEEN|FALSE|IS|NOT,(INT BETWEEN INT AND INT) IS NOT FALSE,d1b7f96e8e8538976c53ff8d,required_tokens + skeleton_family + delimiter_integrity + boolean_signal
PG_BOOL_R016_C06,PG_BOOL_R016,Y2,between_range,6,case_boolean_wrapper,6,AND|BETWEEN|CASE|ELSE|END|FALSE|THEN|TRUE|WHEN,CASE WHEN (INT BETWEEN INT AND INT) THEN TRUE ELSE FALSE END,4503fbe1d1a6eadfc4db76b5,required_tokens + skeleton_family + delimiter_integrity + boolean_signal
PG_BOOL_R016_C07,PG_BOOL_R016,Y2,between_range,7,and_true_guard,6,=|AND|BETWEEN,(INT BETWEEN INT AND INT) AND (INT = INT),582cf02f67e359cf2baea344,required_tokens + skeleton_family + delimiter_integrity + boolean_signal
PG_BOOL_R016_C08,PG_BOOL_R016,Y2,between_range,8,or_false_guard,6,<|<>|>|AND|BETWEEN|OR,(INT BETWEEN INT AND INT) OR (INT <> INT),98ef5b747797afbd04cb3c5d,required_tokens + skeleton_family + delimiter_integrity + boolean_signal
PG_BOOL_R016_C09,PG_BOOL_R016,Y2,between_range,9,equals_true_wrapper,6,=|AND|BETWEEN|TRUE,((INT BETWEEN INT AND INT) = TRUE),3534f7af3a6ecb658b292de7,required_tokens + skeleton_family + delimiter_integrity + boolean_signal
PG_BOOL_R016_C10,PG_BOOL_R016,Y2,between_range,10,coalesce_false_wrapper,6,AND|BETWEEN|COALESCE|FALSE,"COALESCE((INT BETWEEN INT AND INT), FALSE)",0757f27c61024955022c4e24,required_tokens + skeleton_family + delimiter_integrity + boolean_signal
PG_BOOL_R017_C01,PG_BOOL_R017,Y2,between_range,1,base_predicate,6,AND|BETWEEN,INT BETWEEN INT AND INT,2ec526f511e3be3c0c2d25ff,required_tokens + skeleton_family + delimiter_integrity + boolean_signal
PG_BOOL_R017_C02,PG_BOOL_R017,Y2,between_range,2,parenthesized_predicate,6,AND|BETWEEN,(INT BETWEEN INT AND INT),174c2883e8e11e6411098289,required_tokens + skeleton_family + delimiter_integrity + boolean_signal
PG_BOOL_R017_C03,PG_BOOL_R017,Y2,between_range,3,negated_inverse_predicate,6,AND|BETWEEN|NOT,NOT (INT BETWEEN INT AND INT),4c227460e0381a92a8a8021c,required_tokens + skeleton_family + delimiter_integrity + boolean_signal
PG_BOOL_R017_C04,PG_BOOL_R017,Y2,between_range,4,is_true_wrapper,6,AND|BETWEEN|IS|TRUE,(INT BETWEEN INT AND INT) IS TRUE,52758e214b6ac22f7cdd6f2f,required_tokens + skeleton_family + delimiter_integrity + boolean_signal
PG_BOOL_R017_C05,PG_BOOL_R017,Y2,between_range,5,is_not_false_wrapper,6,AND|BETWEEN|FALSE|IS|NOT,(INT BETWEEN INT AND INT) IS NOT FALSE,e7c43871752b4241765d4ab4,required_tokens + skeleton_family + delimiter_integrity + boolean_signal
PG_BOOL_R017_C06,PG_BOOL_R017,Y2,between_range,6,case_boolean_wrapper,6,AND|BETWEEN|CASE|ELSE|END|FALSE|THEN|TRUE|WHEN,CASE WHEN (INT BETWEEN INT AND INT) THEN TRUE ELSE FALSE END,b2457c8267f4245c31e39edf,required_tokens + skeleton_family + delimiter_integrity + boolean_signal
PG_BOOL_R017_C07,PG_BOOL_R017,Y2,between_range,7,and_true_guard,6,=|AND|BETWEEN,(INT BETWEEN INT AND INT) AND (INT = INT),c803702125be9a21ff7cfeaf,required_tokens + skeleton_family + delimiter_integrity + boolean_signal
PG_BOOL_R017_C08,PG_BOOL_R017,Y2,between_range,8,or_false_guard,6,<|<>|>|AND|BETWEEN|OR,(INT BETWEEN INT AND INT) OR (INT <> INT),68108f23da4baf962735b285,required_tokens + skeleton_family + delimiter_integrity + boolean_signal
PG_BOOL_R017_C09,PG_BOOL_R017,Y2,between_range,9,equals_true_wrapper,6,=|AND|BETWEEN|TRUE,((INT BETWEEN INT AND INT) = TRUE),fffe7a062647b54f92a84ef4,required_tokens + skeleton_family + delimiter_integrity + boolean_signal
PG_BOOL_R017_C10,PG_BOOL_R017,Y2,between_range,10,coalesce_false_wrapper,6,AND|BETWEEN|COALESCE|FALSE,"COALESCE((INT BETWEEN INT AND INT), FALSE)",13f3eb99f19a625460f60279,required_tokens + skeleton_family + delimiter_integrity + boolean_signal
PG_BOOL_R018_C01,PG_BOOL_R018,Y2,between_range,1,base_predicate,6,AND|BETWEEN,INT BETWEEN INT AND INT,ac9e72147afb46c21750f945,required_tokens + skeleton_family + delimiter_integrity + boolean_signal
PG_BOOL_R018_C02,PG_BOOL_R018,Y2,between_range,2,parenthesized_predicate,6,AND|BETWEEN,(INT BETWEEN INT AND INT),26cf9bd890c379a7a383a726,required_tokens + skeleton_family + delimiter_integrity + boolean_signal
PG_BOOL_R018_C03,PG_BOOL_R018,Y2,between_range,3,negated_inverse_predicate,6,AND|BETWEEN|NOT,NOT (INT BETWEEN INT AND INT),2c3b6105152200b762c2b098,required_tokens + skeleton_family + delimiter_integrity + boolean_signal
PG_BOOL_R018_C04,PG_BOOL_R018,Y2,between_range,4,is_true_wrapper,6,AND|BETWEEN|IS|TRUE,(INT BETWEEN INT AND INT) IS TRUE,0fc21034e4a9b1693db3fd81,required_tokens + skeleton_family + delimiter_integrity + boolean_signal
PG_BOOL_R018_C05,PG_BOOL_R018,Y2,between_range,5,is_not_false_wrapper,6,AND|BETWEEN|FALSE|IS|NOT,(INT BETWEEN INT AND INT) IS NOT FALSE,44ed624f6d33e6910f41f868,required_tokens + skeleton_family + delimiter_integrity + boolean_signal
PG_BOOL_R018_C06,PG_BOOL_R018,Y2,between_range,6,case_boolean_wrapper,6,AND|BETWEEN|CASE|ELSE|END|FALSE|THEN|TRUE|WHEN,CASE WHEN (INT BETWEEN INT AND INT) THEN TRUE ELSE FALSE END,43370eed2e8d585860c5ad92,required_tokens + skeleton_family + delimiter_integrity + boolean_signal
PG_BOOL_R018_C07,PG_BOOL_R018,Y2,between_range,7,and_true_guard,6,=|AND|BETWEEN,(INT BETWEEN INT AND INT) AND (INT = INT),711df6adc81ae6daabb9c9e1,required_tokens + skeleton_family + delimiter_integrity + boolean_signal
PG_BOOL_R018_C08,PG_BOOL_R018,Y2,between_range,8,or_false_guard,6,<|<>|>|AND|BETWEEN|OR,(INT BETWEEN INT AND INT) OR (INT <> INT),0a07f651e86f669c9f9eed01,required_tokens + skeleton_family + delimiter_integrity + boolean_signal
PG_BOOL_R018_C09,PG_BOOL_R018,Y2,between_range,9,equals_true_wrapper,6,=|AND|BETWEEN|TRUE,((INT BETWEEN INT AND INT) = TRUE),36ecfbead91eec5368c72620,required_tokens + skeleton_family + delimiter_integrity + boolean_signal
PG_BOOL_R018_C10,PG_BOOL_R018,Y2,between_range,10,coalesce_false_wrapper,6,AND|BETWEEN|COALESCE|FALSE,"COALESCE((INT BETWEEN INT AND INT), FALSE)",923f6e0d059556a1ff4aa4bb,required_tokens + skeleton_family + delimiter_integrity + boolean_signal
PG_BOOL_R019_C01,PG_BOOL_R019,Y2,between_range,1,base_predicate,6,AND|BETWEEN|NOT,INT NOT BETWEEN INT AND INT,87cfbebdc22ab677b6404a8a,required_tokens + skeleton_family + delimiter_integrity + boolean_signal
PG_BOOL_R019_C02,PG_BOOL_R019,Y2,between_range,2,parenthesized_predicate,6,AND|BETWEEN|NOT,(INT NOT BETWEEN INT AND INT),ab67090a2aa8da05ae90bbb6,required_tokens + skeleton_family + delimiter_integrity + boolean_signal
PG_BOOL_R019_C03,PG_BOOL_R019,Y2,between_range,3,negated_inverse_predicate,6,AND|BETWEEN|NOT,NOT (INT NOT BETWEEN INT AND INT),9cfa69a69e6a8455fdb6d4dd,required_tokens + skeleton_family + delimiter_integrity + boolean_signal
PG_BOOL_R019_C04,PG_BOOL_R019,Y2,between_range,4,is_true_wrapper,6,AND|BETWEEN|IS|NOT|TRUE,(INT NOT BETWEEN INT AND INT) IS TRUE,76542d90f87dd3de3b22d887,required_tokens + skeleton_family + delimiter_integrity + boolean_signal
PG_BOOL_R019_C05,PG_BOOL_R019,Y2,between_range,5,is_not_false_wrapper,6,AND|BETWEEN|FALSE|IS|NOT,(INT NOT BETWEEN INT AND INT) IS NOT FALSE,11c058501fdda9591e470607,required_tokens + skeleton_family + delimiter_integrity + boolean_signal
PG_BOOL_R019_C06,PG_BOOL_R019,Y2,between_range,6,case_boolean_wrapper,6,AND|BETWEEN|CASE|ELSE|END|FALSE|NOT|THEN|TRUE|WHEN,CASE WHEN (INT NOT BETWEEN INT AND INT) THEN TRUE ELSE FALSE END,b03fbdeaee85432f8d6f66a0,required_tokens + skeleton_family + delimiter_integrity + boolean_signal
PG_BOOL_R019_C07,PG_BOOL_R019,Y2,between_range,7,and_true_guard,6,=|AND|BETWEEN|NOT,(INT NOT BETWEEN INT AND INT) AND (INT = INT),e4e7d99a8a3c1d272aca6ce4,required_tokens + skeleton_family + delimiter_integrity + boolean_signal
PG_BOOL_R019_C08,PG_BOOL_R019,Y2,between_range,8,or_false_guard,6,<|<>|>|AND|BETWEEN|NOT|OR,(INT NOT BETWEEN INT AND INT) OR (INT <> INT),425bc6b70436f2875e0b4d89,required_tokens + skeleton_family + delimiter_integrity + boolean_signal
PG_BOOL_R019_C09,PG_BOOL_R019,Y2,between_range,9,equals_true_wrapper,6,=|AND|BETWEEN|NOT|TRUE,((INT NOT BETWEEN INT AND INT) = TRUE),f10b9981c9b54c505c97c6b8,required_tokens + skeleton_family + delimiter_integrity + boolean_signal
PG_BOOL_R019_C10,PG_BOOL_R019,Y2,between_range,10,coalesce_false_wrapper,6,AND|BETWEEN|COALESCE|FALSE|NOT,"COALESCE((INT NOT BETWEEN INT AND INT), FALSE)",d17ab471d76c419a64804d72,required_tokens + skeleton_family + delimiter_integrity + boolean_signal
PG_BOOL_R020_C01,PG_BOOL_R020,Y2,between_range,1,base_predicate,6,AND|BETWEEN,(INT) BETWEEN (INT) AND (INT),d04c356c0a58bf30644fe2a0,required_tokens + skeleton_family + delimiter_integrity + boolean_signal
PG_BOOL_R020_C02,PG_BOOL_R020,Y2,between_range,2,parenthesized_predicate,6,AND|BETWEEN,((INT) BETWEEN (INT) AND (INT)),754d984093e0a7ac4299e823,required_tokens + skeleton_family + delimiter_integrity + boolean_signal
PG_BOOL_R020_C03,PG_BOOL_R020,Y2,between_range,3,negated_inverse_predicate,6,AND|BETWEEN|NOT,NOT ((INT) BETWEEN (INT) AND (INT)),6edf309d8f82ba37283b9dcf,required_tokens + skeleton_family + delimiter_integrity + boolean_signal
PG_BOOL_R020_C04,PG_BOOL_R020,Y2,between_range,4,is_true_wrapper,6,AND|BETWEEN|IS|TRUE,((INT) BETWEEN (INT) AND (INT)) IS TRUE,0c1fb44480dd5364bd01ab75,required_tokens + skeleton_family + delimiter_integrity + boolean_signal
PG_BOOL_R020_C05,PG_BOOL_R020,Y2,between_range,5,is_not_false_wrapper,6,AND|BETWEEN|FALSE|IS|NOT,((INT) BETWEEN (INT) AND (INT)) IS NOT FALSE,acdb4f380773051140e1efc6,required_tokens + skeleton_family + delimiter_integrity + boolean_signal
PG_BOOL_R020_C06,PG_BOOL_R020,Y2,between_range,6,case_boolean_wrapper,6,AND|BETWEEN|CASE|ELSE|END|FALSE|THEN|TRUE|WHEN,CASE WHEN ((INT) BETWEEN (INT) AND (INT)) THEN TRUE ELSE FALSE END,5741623ba0d9c7d47b21434d,required_tokens + skeleton_family + delimiter_integrity + boolean_signal
PG_BOOL_R020_C07,PG_BOOL_R020,Y2,between_range,7,and_true_guard,6,=|AND|BETWEEN,((INT) BETWEEN (INT) AND (INT)) AND (INT = INT),3b31d15085387d49e6c54f75,required_tokens + skeleton_family + delimiter_integrity + boolean_signal
PG_BOOL_R020_C08,PG_BOOL_R020,Y2,between_range,8,or_false_guard,6,<|<>|>|AND|BETWEEN|OR,((INT) BETWEEN (INT) AND (INT)) OR (INT <> INT),05a16bfc6f0fd951c48d0a89,required_tokens + skeleton_family + delimiter_integrity + boolean_signal
PG_BOOL_R020_C09,PG_BOOL_R020,Y2,between_range,9,equals_true_wrapper,6,=|AND|BETWEEN|TRUE,(((INT) BETWEEN (INT) AND (INT)) = TRUE),8da61ed45feb85cf15ce08c1,required_tokens + skeleton_family + delimiter_integrity + boolean_signal
PG_BOOL_R020_C10,PG_BOOL_R020,Y2,between_range,10,coalesce_false_wrapper,6,AND|BETWEEN|COALESCE|FALSE,"COALESCE(((INT) BETWEEN (INT) AND (INT)), FALSE)",d5e154aadb2899f3ae052f91,required_tokens + skeleton_family + delimiter_integrity + boolean_signal
PG_BOOL_R021_C01,PG_BOOL_R021,Y2,membership_list,1,base_predicate,6,IN,"INT IN (INT, INT, INT)",95f0610422940bb893df4071,required_tokens + skeleton_family + delimiter_integrity + boolean_signal
PG_BOOL_R021_C02,PG_BOOL_R021,Y2,membership_list,2,parenthesized_predicate,6,IN,"(INT IN (INT, INT, INT))",714275471274bfa898b36d85,required_tokens + skeleton_family + delimiter_integrity + boolean_signal
PG_BOOL_R021_C03,PG_BOOL_R021,Y2,membership_list,3,negated_inverse_predicate,6,IN|NOT,"NOT (INT IN (INT, INT, INT))",1eb579a49271186ef071a800,required_tokens + skeleton_family + delimiter_integrity + boolean_signal
PG_BOOL_R021_C04,PG_BOOL_R021,Y2,membership_list,4,is_true_wrapper,6,IN|IS|TRUE,"(INT IN (INT, INT, INT)) IS TRUE",016e904a6e779a529758f789,required_tokens + skeleton_family + delimiter_integrity + boolean_signal
PG_BOOL_R021_C05,PG_BOOL_R021,Y2,membership_list,5,is_not_false_wrapper,6,FALSE|IN|IS|NOT,"(INT IN (INT, INT, INT)) IS NOT FALSE",2eddcd400cfb11ee7df40186,required_tokens + skeleton_family + delimiter_integrity + boolean_signal
PG_BOOL_R021_C06,PG_BOOL_R021,Y2,membership_list,6,case_boolean_wrapper,6,CASE|ELSE|END|FALSE|IN|THEN|TRUE|WHEN,"CASE WHEN (INT IN (INT, INT, INT)) THEN TRUE ELSE FALSE END",aed9e297b9fe92be7ece5d48,required_tokens + skeleton_family + delimiter_integrity + boolean_signal
PG_BOOL_R021_C07,PG_BOOL_R021,Y2,membership_list,7,and_true_guard,6,=|AND|IN,"(INT IN (INT, INT, INT)) AND (INT = INT)",97b639df6c7429c24be66459,required_tokens + skeleton_family + delimiter_integrity + boolean_signal
PG_BOOL_R021_C08,PG_BOOL_R021,Y2,membership_list,8,or_false_guard,6,<|<>|>|IN|OR,"(INT IN (INT, INT, INT)) OR (INT <> INT)",5490f5e89f1b9fde0e29f0f2,required_tokens + skeleton_family + delimiter_integrity + boolean_signal
PG_BOOL_R021_C09,PG_BOOL_R021,Y2,membership_list,9,equals_true_wrapper,6,=|IN|TRUE,"((INT IN (INT, INT, INT)) = TRUE)",350092b6fa0ac3a66ca27485,required_tokens + skeleton_family + delimiter_integrity + boolean_signal
PG_BOOL_R021_C10,PG_BOOL_R021,Y2,membership_list,10,coalesce_false_wrapper,6,COALESCE|FALSE|IN,"COALESCE((INT IN (INT, INT, INT)), FALSE)",c7405b3bd3752d193fe60744,required_tokens + skeleton_family + delimiter_integrity + boolean_signal
PG_BOOL_R022_C01,PG_BOOL_R022,Y2,membership_list,1,base_predicate,6,IN,"INT IN (INT, INT, INT)",37e4bedbfab052fcdbf6d268,required_tokens + skeleton_family + delimiter_integrity + boolean_signal
PG_BOOL_R022_C02,PG_BOOL_R022,Y2,membership_list,2,parenthesized_predicate,6,IN,"(INT IN (INT, INT, INT))",62bc95b5e4806ef78a67780d,required_tokens + skeleton_family + delimiter_integrity + boolean_signal
PG_BOOL_R022_C03,PG_BOOL_R022,Y2,membership_list,3,negated_inverse_predicate,6,IN|NOT,"NOT (INT IN (INT, INT, INT))",176d956a1bb34a4534251b48,required_tokens + skeleton_family + delimiter_integrity + boolean_signal
PG_BOOL_R022_C04,PG_BOOL_R022,Y2,membership_list,4,is_true_wrapper,6,IN|IS|TRUE,"(INT IN (INT, INT, INT)) IS TRUE",493edfc094966ea8bbc66df9,required_tokens + skeleton_family + delimiter_integrity + boolean_signal
PG_BOOL_R022_C05,PG_BOOL_R022,Y2,membership_list,5,is_not_false_wrapper,6,FALSE|IN|IS|NOT,"(INT IN (INT, INT, INT)) IS NOT FALSE",4f496047288b1e738ad9141a,required_tokens + skeleton_family + delimiter_integrity + boolean_signal
PG_BOOL_R022_C06,PG_BOOL_R022,Y2,membership_list,6,case_boolean_wrapper,6,CASE|ELSE|END|FALSE|IN|THEN|TRUE|WHEN,"CASE WHEN (INT IN (INT, INT, INT)) THEN TRUE ELSE FALSE END",b33083c400de901f4d68da3e,required_tokens + skeleton_family + delimiter_integrity + boolean_signal
PG_BOOL_R022_C07,PG_BOOL_R022,Y2,membership_list,7,and_true_guard,6,=|AND|IN,"(INT IN (INT, INT, INT)) AND (INT = INT)",f73c1d04c9c0141c6223288c,required_tokens + skeleton_family + delimiter_integrity + boolean_signal
PG_BOOL_R022_C08,PG_BOOL_R022,Y2,membership_list,8,or_false_guard,6,<|<>|>|IN|OR,"(INT IN (INT, INT, INT)) OR (INT <> INT)",91ca3e6b37b4b79064a29d84,required_tokens + skeleton_family + delimiter_integrity + boolean_signal
PG_BOOL_R022_C09,PG_BOOL_R022,Y2,membership_list,9,equals_true_wrapper,6,=|IN|TRUE,"((INT IN (INT, INT, INT)) = TRUE)",507646ac85414f20addb6212,required_tokens + skeleton_family + delimiter_integrity + boolean_signal
PG_BOOL_R022_C10,PG_BOOL_R022,Y2,membership_list,10,coalesce_false_wrapper,6,COALESCE|FALSE|IN,"COALESCE((INT IN (INT, INT, INT)), FALSE)",4704d78bbc1f26c8f0de19b3,required_tokens + skeleton_family + delimiter_integrity + boolean_signal
PG_BOOL_R023_C01,PG_BOOL_R023,Y2,membership_list,1,base_predicate,6,IN|NOT,"INT NOT IN (INT, INT, INT)",31e9ced89da72134ec7cfc52,required_tokens + skeleton_family + delimiter_integrity + boolean_signal
PG_BOOL_R023_C02,PG_BOOL_R023,Y2,membership_list,2,parenthesized_predicate,6,IN|NOT,"(INT NOT IN (INT, INT, INT))",07fb28ef8fac0c9f74e48eff,required_tokens + skeleton_family + delimiter_integrity + boolean_signal
PG_BOOL_R023_C03,PG_BOOL_R023,Y2,membership_list,3,negated_inverse_predicate,6,IN|NOT,"NOT (INT NOT IN (INT, INT, INT))",2948cda16d29dc4642d4671b,required_tokens + skeleton_family + delimiter_integrity + boolean_signal
PG_BOOL_R023_C04,PG_BOOL_R023,Y2,membership_list,4,is_true_wrapper,6,IN|IS|NOT|TRUE,"(INT NOT IN (INT, INT, INT)) IS TRUE",b670b2208ed2b2a476649666,required_tokens + skeleton_family + delimiter_integrity + boolean_signal
PG_BOOL_R023_C05,PG_BOOL_R023,Y2,membership_list,5,is_not_false_wrapper,6,FALSE|IN|IS|NOT,"(INT NOT IN (INT, INT, INT)) IS NOT FALSE",7accf6da8a4f3fb6d41f28b3,required_tokens + skeleton_family + delimiter_integrity + boolean_signal
PG_BOOL_R023_C06,PG_BOOL_R023,Y2,membership_list,6,case_boolean_wrapper,6,CASE|ELSE|END|FALSE|IN|NOT|THEN|TRUE|WHEN,"CASE WHEN (INT NOT IN (INT, INT, INT)) THEN TRUE ELSE FALSE END",f636eac2485a86b0d0c921f8,required_tokens + skeleton_family + delimiter_integrity + boolean_signal
PG_BOOL_R023_C07,PG_BOOL_R023,Y2,membership_list,7,and_true_guard,6,=|AND|IN|NOT,"(INT NOT IN (INT, INT, INT)) AND (INT = INT)",04bc1a6a05d3bfd56838615b,required_tokens + skeleton_family + delimiter_integrity + boolean_signal
PG_BOOL_R023_C08,PG_BOOL_R023,Y2,membership_list,8,or_false_guard,6,<|<>|>|IN|NOT|OR,"(INT NOT IN (INT, INT, INT)) OR (INT <> INT)",1f20fa7b14e5ef84374ed32f,required_tokens + skeleton_family + delimiter_integrity + boolean_signal
PG_BOOL_R023_C09,PG_BOOL_R023,Y2,membership_list,9,equals_true_wrapper,6,=|IN|NOT|TRUE,"((INT NOT IN (INT, INT, INT)) = TRUE)",51ff770033285710c7da1e65,required_tokens + skeleton_family + delimiter_integrity + boolean_signal
PG_BOOL_R023_C10,PG_BOOL_R023,Y2,membership_list,10,coalesce_false_wrapper,6,COALESCE|FALSE|IN|NOT,"COALESCE((INT NOT IN (INT, INT, INT)), FALSE)",675f310c4ad917a783a8e098,required_tokens + skeleton_family + delimiter_integrity + boolean_signal
PG_BOOL_R024_C01,PG_BOOL_R024,Y2,membership_list,1,base_predicate,6,IN,"STR IN (STR, STR)",fc01b119be97a938a9fcb4e5,required_tokens + skeleton_family + delimiter_integrity + boolean_signal
PG_BOOL_R024_C02,PG_BOOL_R024,Y2,membership_list,2,parenthesized_predicate,6,IN,"(STR IN (STR, STR))",40e8c96bf91a1795123b20fc,required_tokens + skeleton_family + delimiter_integrity + boolean_signal
PG_BOOL_R024_C03,PG_BOOL_R024,Y2,membership_list,3,negated_inverse_predicate,6,IN|NOT,"NOT (STR IN (STR, STR))",92d6e8c5377d88df4d2bb284,required_tokens + skeleton_family + delimiter_integrity + boolean_signal
PG_BOOL_R024_C04,PG_BOOL_R024,Y2,membership_list,4,is_true_wrapper,6,IN|IS|TRUE,"(STR IN (STR, STR)) IS TRUE",69f8d35a8bab642cb4ca4ac4,required_tokens + skeleton_family + delimiter_integrity + boolean_signal
PG_BOOL_R024_C05,PG_BOOL_R024,Y2,membership_list,5,is_not_false_wrapper,6,FALSE|IN|IS|NOT,"(STR IN (STR, STR)) IS NOT FALSE",c2cce75d5a0ff9a377ad4fdf,required_tokens + skeleton_family + delimiter_integrity + boolean_signal
PG_BOOL_R024_C06,PG_BOOL_R024,Y2,membership_list,6,case_boolean_wrapper,6,CASE|ELSE|END|FALSE|IN|THEN|TRUE|WHEN,"CASE WHEN (STR IN (STR, STR)) THEN TRUE ELSE FALSE END",1258b3df5be0a6d5430da5e0,required_tokens + skeleton_family + delimiter_integrity + boolean_signal
PG_BOOL_R024_C07,PG_BOOL_R024,Y2,membership_list,7,and_true_guard,6,=|AND|IN,"(STR IN (STR, STR)) AND (INT = INT)",dd21fdcd22ce5df3bc546ada,required_tokens + skeleton_family + delimiter_integrity + boolean_signal
PG_BOOL_R024_C08,PG_BOOL_R024,Y2,membership_list,8,or_false_guard,6,<|<>|>|IN|OR,"(STR IN (STR, STR)) OR (INT <> INT)",8b6506c96e5db5190cffef25,required_tokens + skeleton_family + delimiter_integrity + boolean_signal
PG_BOOL_R024_C09,PG_BOOL_R024,Y2,membership_list,9,equals_true_wrapper,6,=|IN|TRUE,"((STR IN (STR, STR)) = TRUE)",558ae37ce4082525962fddf9,required_tokens + skeleton_family + delimiter_integrity + boolean_signal
PG_BOOL_R024_C10,PG_BOOL_R024,Y2,membership_list,10,coalesce_false_wrapper,6,COALESCE|FALSE|IN,"COALESCE((STR IN (STR, STR)), FALSE)",5af01dc83ac8de4db90e5183,required_tokens + skeleton_family + delimiter_integrity + boolean_signal
PG_BOOL_R025_C01,PG_BOOL_R025,Y2,membership_list,1,base_predicate,6,IN|NOT,"STR NOT IN (STR, STR)",1f87d0f00dd171c882394287,required_tokens + skeleton_family + delimiter_integrity + boolean_signal
PG_BOOL_R025_C02,PG_BOOL_R025,Y2,membership_list,2,parenthesized_predicate,6,IN|NOT,"(STR NOT IN (STR, STR))",01cdd9b156e19c4fdfd07a59,required_tokens + skeleton_family + delimiter_integrity + boolean_signal
PG_BOOL_R025_C03,PG_BOOL_R025,Y2,membership_list,3,negated_inverse_predicate,6,IN|NOT,"NOT (STR NOT IN (STR, STR))",42fd504aeaf0c37909ba01aa,required_tokens + skeleton_family + delimiter_integrity + boolean_signal
PG_BOOL_R025_C04,PG_BOOL_R025,Y2,membership_list,4,is_true_wrapper,6,IN|IS|NOT|TRUE,"(STR NOT IN (STR, STR)) IS TRUE",650fead9e941bb5f85e647ea,required_tokens + skeleton_family + delimiter_integrity + boolean_signal
PG_BOOL_R025_C05,PG_BOOL_R025,Y2,membership_list,5,is_not_false_wrapper,6,FALSE|IN|IS|NOT,"(STR NOT IN (STR, STR)) IS NOT FALSE",76c7f2949f16ade7c42bfcaf,required_tokens + skeleton_family + delimiter_integrity + boolean_signal
PG_BOOL_R025_C06,PG_BOOL_R025,Y2,membership_list,6,case_boolean_wrapper,6,CASE|ELSE|END|FALSE|IN|NOT|THEN|TRUE|WHEN,"CASE WHEN (STR NOT IN (STR, STR)) THEN TRUE ELSE FALSE END",11c22eba37ffa70f58d52ce6,required_tokens + skeleton_family + delimiter_integrity + boolean_signal
PG_BOOL_R025_C07,PG_BOOL_R025,Y2,membership_list,7,and_true_guard,6,=|AND|IN|NOT,"(STR NOT IN (STR, STR)) AND (INT = INT)",049ac280005aee30197a9fa0,required_tokens + skeleton_family + delimiter_integrity + boolean_signal
PG_BOOL_R025_C08,PG_BOOL_R025,Y2,membership_list,8,or_false_guard,6,<|<>|>|IN|NOT|OR,"(STR NOT IN (STR, STR)) OR (INT <> INT)",742aeb6c474ca4771c23a5e2,required_tokens + skeleton_family + delimiter_integrity + boolean_signal
PG_BOOL_R025_C09,PG_BOOL_R025,Y2,membership_list,9,equals_true_wrapper,6,=|IN|NOT|TRUE,"((STR NOT IN (STR, STR)) = TRUE)",7c0c6cdfb11c839f356c4a28,required_tokens + skeleton_family + delimiter_integrity + boolean_signal
PG_BOOL_R025_C10,PG_BOOL_R025,Y2,membership_list,10,coalesce_false_wrapper,6,COALESCE|FALSE|IN|NOT,"COALESCE((STR NOT IN (STR, STR)), FALSE)",2f3d31817deefc248b4f77d6,required_tokens + skeleton_family + delimiter_integrity + boolean_signal
PG_BOOL_R026_C01,PG_BOOL_R026,Y2,any_all_array,1,base_predicate,6,=|ANY|ARRAY,"INT = ANY(ARRAY[INT, INT, INT])",5f3363b5980641eaf9ae45b1,required_tokens + skeleton_family + delimiter_integrity + boolean_signal
PG_BOOL_R026_C02,PG_BOOL_R026,Y2,any_all_array,2,parenthesized_predicate,6,=|ANY|ARRAY,"(INT = ANY(ARRAY[INT, INT, INT]))",56641254708b22559d6e0c35,required_tokens + skeleton_family + delimiter_integrity + boolean_signal
PG_BOOL_R026_C03,PG_BOOL_R026,Y2,any_all_array,3,negated_inverse_predicate,6,=|ANY|ARRAY|NOT,"NOT (INT = ANY(ARRAY[INT, INT, INT]))",8734e54a513f5cff4859896e,required_tokens + skeleton_family + delimiter_integrity + boolean_signal
PG_BOOL_R026_C04,PG_BOOL_R026,Y2,any_all_array,4,is_true_wrapper,6,=|ANY|ARRAY|IS|TRUE,"(INT = ANY(ARRAY[INT, INT, INT])) IS TRUE",3eb7de6b12495b7246358bc5,required_tokens + skeleton_family + delimiter_integrity + boolean_signal
PG_BOOL_R026_C05,PG_BOOL_R026,Y2,any_all_array,5,is_not_false_wrapper,6,=|ANY|ARRAY|FALSE|IS|NOT,"(INT = ANY(ARRAY[INT, INT, INT])) IS NOT FALSE",ddee20d3b729b9266863bfb9,required_tokens + skeleton_family + delimiter_integrity + boolean_signal
PG_BOOL_R026_C06,PG_BOOL_R026,Y2,any_all_array,6,case_boolean_wrapper,6,=|ANY|ARRAY|CASE|ELSE|END|FALSE|THEN|TRUE|WHEN,"CASE WHEN (INT = ANY(ARRAY[INT, INT, INT])) THEN TRUE ELSE FALSE END",9dbb492cb621e2794eaaed72,required_tokens + skeleton_family + delimiter_integrity + boolean_signal
PG_BOOL_R026_C07,PG_BOOL_R026,Y2,any_all_array,7,and_true_guard,6,=|AND|ANY|ARRAY,"(INT = ANY(ARRAY[INT, INT, INT])) AND (INT = INT)",4582ec4b7b349c876b11bf8b,required_tokens + skeleton_family + delimiter_integrity + boolean_signal
PG_BOOL_R026_C08,PG_BOOL_R026,Y2,any_all_array,8,or_false_guard,6,<|<>|=|>|ANY|ARRAY|OR,"(INT = ANY(ARRAY[INT, INT, INT])) OR (INT <> INT)",81c02b3ad78a9890646a56b8,required_tokens + skeleton_family + delimiter_integrity + boolean_signal
PG_BOOL_R026_C09,PG_BOOL_R026,Y2,any_all_array,9,equals_true_wrapper,6,=|ANY|ARRAY|TRUE,"((INT = ANY(ARRAY[INT, INT, INT])) = TRUE)",99b0cf967981e17e8e777b10,required_tokens + skeleton_family + delimiter_integrity + boolean_signal
PG_BOOL_R026_C10,PG_BOOL_R026,Y2,any_all_array,10,coalesce_false_wrapper,6,=|ANY|ARRAY|COALESCE|FALSE,"COALESCE((INT = ANY(ARRAY[INT, INT, INT])), FALSE)",202e894dc957e1238449b972,required_tokens + skeleton_family + delimiter_integrity + boolean_signal
PG_BOOL_R027_C01,PG_BOOL_R027,Y2,any_all_array,1,base_predicate,6,<|<>|>|ALL|ARRAY,"INT <> ALL(ARRAY[INT, INT, INT])",28caf6e19e64a2d6bb3a95d0,required_tokens + skeleton_family + delimiter_integrity + boolean_signal
PG_BOOL_R027_C02,PG_BOOL_R027,Y2,any_all_array,2,parenthesized_predicate,6,<|<>|>|ALL|ARRAY,"(INT <> ALL(ARRAY[INT, INT, INT]))",184188019b809cde37c53f99,required_tokens + skeleton_family + delimiter_integrity + boolean_signal
PG_BOOL_R027_C03,PG_BOOL_R027,Y2,any_all_array,3,negated_inverse_predicate,6,<|<>|>|ALL|ARRAY|NOT,"NOT (INT <> ALL(ARRAY[INT, INT, INT]))",41e33ddb4febac5d2e816359,required_tokens + skeleton_family + delimiter_integrity + boolean_signal
PG_BOOL_R027_C04,PG_BOOL_R027,Y2,any_all_array,4,is_true_wrapper,6,<|<>|>|ALL|ARRAY|IS|TRUE,"(INT <> ALL(ARRAY[INT, INT, INT])) IS TRUE",4ccf500cfc3e81104974c450,required_tokens + skeleton_family + delimiter_integrity + boolean_signal
PG_BOOL_R027_C05,PG_BOOL_R027,Y2,any_all_array,5,is_not_false_wrapper,6,<|<>|>|ALL|ARRAY|FALSE|IS|NOT,"(INT <> ALL(ARRAY[INT, INT, INT])) IS NOT FALSE",2be6afe90a98c94628d44367,required_tokens + skeleton_family + delimiter_integrity + boolean_signal
PG_BOOL_R027_C06,PG_BOOL_R027,Y2,any_all_array,6,case_boolean_wrapper,6,<|<>|>|ALL|ARRAY|CASE|ELSE|END|FALSE|THEN|TRUE|WHEN,"CASE WHEN (INT <> ALL(ARRAY[INT, INT, INT])) THEN TRUE ELSE FALSE END",b55318f30ac72536e51ca20c,required_tokens + skeleton_family + delimiter_integrity + boolean_signal
PG_BOOL_R027_C07,PG_BOOL_R027,Y2,any_all_array,7,and_true_guard,6,<|<>|=|>|ALL|AND|ARRAY,"(INT <> ALL(ARRAY[INT, INT, INT])) AND (INT = INT)",1e4381019a4637cd8d39514b,required_tokens + skeleton_family + delimiter_integrity + boolean_signal
PG_BOOL_R027_C08,PG_BOOL_R027,Y2,any_all_array,8,or_false_guard,6,<|<>|>|ALL|ARRAY|OR,"(INT <> ALL(ARRAY[INT, INT, INT])) OR (INT <> INT)",62f0da38b52fddbeec835763,required_tokens + skeleton_family + delimiter_integrity + boolean_signal
PG_BOOL_R027_C09,PG_BOOL_R027,Y2,any_all_array,9,equals_true_wrapper,6,<|<>|=|>|ALL|ARRAY|TRUE,"((INT <> ALL(ARRAY[INT, INT, INT])) = TRUE)",4536b082b346be2676535248,required_tokens + skeleton_family + delimiter_integrity + boolean_signal
PG_BOOL_R027_C10,PG_BOOL_R027,Y2,any_all_array,10,coalesce_false_wrapper,6,<|<>|>|ALL|ARRAY|COALESCE|FALSE,"COALESCE((INT <> ALL(ARRAY[INT, INT, INT])), FALSE)",fd0987153976b56ec0ff36ce,required_tokens + skeleton_family + delimiter_integrity + boolean_signal
PG_BOOL_R028_C01,PG_BOOL_R028,Y2,any_all_array,1,base_predicate,6,>|ALL|ARRAY,"INT > ALL(ARRAY[INT, INT, INT])",ae4c0a314d00485b2c3d62fd,required_tokens + skeleton_family + delimiter_integrity + boolean_signal
PG_BOOL_R028_C02,PG_BOOL_R028,Y2,any_all_array,2,parenthesized_predicate,6,>|ALL|ARRAY,"(INT > ALL(ARRAY[INT, INT, INT]))",ee3717c6d9f3520e58b38f96,required_tokens + skeleton_family + delimiter_integrity + boolean_signal
PG_BOOL_R028_C03,PG_BOOL_R028,Y2,any_all_array,3,negated_inverse_predicate,6,>|ALL|ARRAY|NOT,"NOT (INT > ALL(ARRAY[INT, INT, INT]))",d432d7154a7a4a4f64a4338f,required_tokens + skeleton_family + delimiter_integrity + boolean_signal
PG_BOOL_R028_C04,PG_BOOL_R028,Y2,any_all_array,4,is_true_wrapper,6,>|ALL|ARRAY|IS|TRUE,"(INT > ALL(ARRAY[INT, INT, INT])) IS TRUE",601a23bb6d93b9e8feb95bd7,required_tokens + skeleton_family + delimiter_integrity + boolean_signal
PG_BOOL_R028_C05,PG_BOOL_R028,Y2,any_all_array,5,is_not_false_wrapper,6,>|ALL|ARRAY|FALSE|IS|NOT,"(INT > ALL(ARRAY[INT, INT, INT])) IS NOT FALSE",83db038ca1ea20c63a5af830,required_tokens + skeleton_family + delimiter_integrity + boolean_signal
PG_BOOL_R028_C06,PG_BOOL_R028,Y2,any_all_array,6,case_boolean_wrapper,6,>|ALL|ARRAY|CASE|ELSE|END|FALSE|THEN|TRUE|WHEN,"CASE WHEN (INT > ALL(ARRAY[INT, INT, INT])) THEN TRUE ELSE FALSE END",eadd8dbf0dcfc727bdc91865,required_tokens + skeleton_family + delimiter_integrity + boolean_signal
PG_BOOL_R028_C07,PG_BOOL_R028,Y2,any_all_array,7,and_true_guard,6,=|>|ALL|AND|ARRAY,"(INT > ALL(ARRAY[INT, INT, INT])) AND (INT = INT)",8bb201e52818fbf531881c28,required_tokens + skeleton_family + delimiter_integrity + boolean_signal
PG_BOOL_R028_C08,PG_BOOL_R028,Y2,any_all_array,8,or_false_guard,6,<|<>|>|ALL|ARRAY|OR,"(INT > ALL(ARRAY[INT, INT, INT])) OR (INT <> INT)",3e1f367b46d9935f1c777026,required_tokens + skeleton_family + delimiter_integrity + boolean_signal
PG_BOOL_R028_C09,PG_BOOL_R028,Y2,any_all_array,9,equals_true_wrapper,6,=|>|ALL|ARRAY|TRUE,"((INT > ALL(ARRAY[INT, INT, INT])) = TRUE)",1f19255c05c500c2dd080941,required_tokens + skeleton_family + delimiter_integrity + boolean_signal
PG_BOOL_R028_C10,PG_BOOL_R028,Y2,any_all_array,10,coalesce_false_wrapper,6,>|ALL|ARRAY|COALESCE|FALSE,"COALESCE((INT > ALL(ARRAY[INT, INT, INT])), FALSE)",311f60bddff87965b754fafe,required_tokens + skeleton_family + delimiter_integrity + boolean_signal
PG_BOOL_R029_C01,PG_BOOL_R029,Y2,any_all_array,1,base_predicate,6,<|ALL|ARRAY,"INT < ALL(ARRAY[INT, INT, INT])",334e56deaad537ea5981971f,required_tokens + skeleton_family + delimiter_integrity + boolean_signal
PG_BOOL_R029_C02,PG_BOOL_R029,Y2,any_all_array,2,parenthesized_predicate,6,<|ALL|ARRAY,"(INT < ALL(ARRAY[INT, INT, INT]))",43d5cb2bc813cb0cc5e6d5e5,required_tokens + skeleton_family + delimiter_integrity + boolean_signal
PG_BOOL_R029_C03,PG_BOOL_R029,Y2,any_all_array,3,negated_inverse_predicate,6,<|ALL|ARRAY|NOT,"NOT (INT < ALL(ARRAY[INT, INT, INT]))",00afd54ae2c12ba993e6ff63,required_tokens + skeleton_family + delimiter_integrity + boolean_signal
PG_BOOL_R029_C04,PG_BOOL_R029,Y2,any_all_array,4,is_true_wrapper,6,<|ALL|ARRAY|IS|TRUE,"(INT < ALL(ARRAY[INT, INT, INT])) IS TRUE",a0e66d2eae28f1ac43a777ae,required_tokens + skeleton_family + delimiter_integrity + boolean_signal
PG_BOOL_R029_C05,PG_BOOL_R029,Y2,any_all_array,5,is_not_false_wrapper,6,<|ALL|ARRAY|FALSE|IS|NOT,"(INT < ALL(ARRAY[INT, INT, INT])) IS NOT FALSE",5097f6a86ac7f46a79a30684,required_tokens + skeleton_family + delimiter_integrity + boolean_signal
PG_BOOL_R029_C06,PG_BOOL_R029,Y2,any_all_array,6,case_boolean_wrapper,6,<|ALL|ARRAY|CASE|ELSE|END|FALSE|THEN|TRUE|WHEN,"CASE WHEN (INT < ALL(ARRAY[INT, INT, INT])) THEN TRUE ELSE FALSE END",2e90004815146be669bbab5b,required_tokens + skeleton_family + delimiter_integrity + boolean_signal
PG_BOOL_R029_C07,PG_BOOL_R029,Y2,any_all_array,7,and_true_guard,6,<|=|ALL|AND|ARRAY,"(INT < ALL(ARRAY[INT, INT, INT])) AND (INT = INT)",c2f5b248bdc9a693d0e40eba,required_tokens + skeleton_family + delimiter_integrity + boolean_signal
PG_BOOL_R029_C08,PG_BOOL_R029,Y2,any_all_array,8,or_false_guard,6,<|<>|>|ALL|ARRAY|OR,"(INT < ALL(ARRAY[INT, INT, INT])) OR (INT <> INT)",5c9446e0af7c8d866d5dca13,required_tokens + skeleton_family + delimiter_integrity + boolean_signal
PG_BOOL_R029_C09,PG_BOOL_R029,Y2,any_all_array,9,equals_true_wrapper,6,<|=|ALL|ARRAY|TRUE,"((INT < ALL(ARRAY[INT, INT, INT])) = TRUE)",564bc791034d02fbe76c24b6,required_tokens + skeleton_family + delimiter_integrity + boolean_signal
PG_BOOL_R029_C10,PG_BOOL_R029,Y2,any_all_array,10,coalesce_false_wrapper,6,<|ALL|ARRAY|COALESCE|FALSE,"COALESCE((INT < ALL(ARRAY[INT, INT, INT])), FALSE)",9de761bc899dd27aa780f2a2,required_tokens + skeleton_family + delimiter_integrity + boolean_signal
PG_BOOL_R030_C01,PG_BOOL_R030,Y2,any_all_array,1,base_predicate,6,<|<=|=|ANY|ARRAY,"INT <= ANY(ARRAY[INT, INT, INT])",8543bbe18296ab4f6cf73da6,required_tokens + skeleton_family + delimiter_integrity + boolean_signal
PG_BOOL_R030_C02,PG_BOOL_R030,Y2,any_all_array,2,parenthesized_predicate,6,<|<=|=|ANY|ARRAY,"(INT <= ANY(ARRAY[INT, INT, INT]))",f9116c8360846a1606d439d7,required_tokens + skeleton_family + delimiter_integrity + boolean_signal
PG_BOOL_R030_C03,PG_BOOL_R030,Y2,any_all_array,3,negated_inverse_predicate,6,<|<=|=|ANY|ARRAY|NOT,"NOT (INT <= ANY(ARRAY[INT, INT, INT]))",9cb4d51a268d605c2bc5ae52,required_tokens + skeleton_family + delimiter_integrity + boolean_signal
PG_BOOL_R030_C04,PG_BOOL_R030,Y2,any_all_array,4,is_true_wrapper,6,<|<=|=|ANY|ARRAY|IS|TRUE,"(INT <= ANY(ARRAY[INT, INT, INT])) IS TRUE",ea7d1b5b291a4d7684e5d079,required_tokens + skeleton_family + delimiter_integrity + boolean_signal
PG_BOOL_R030_C05,PG_BOOL_R030,Y2,any_all_array,5,is_not_false_wrapper,6,<|<=|=|ANY|ARRAY|FALSE|IS|NOT,"(INT <= ANY(ARRAY[INT, INT, INT])) IS NOT FALSE",e0f83283155e1e4111463266,required_tokens + skeleton_family + delimiter_integrity + boolean_signal
PG_BOOL_R030_C06,PG_BOOL_R030,Y2,any_all_array,6,case_boolean_wrapper,6,<|<=|=|ANY|ARRAY|CASE|ELSE|END|FALSE|THEN|TRUE|WHEN,"CASE WHEN (INT <= ANY(ARRAY[INT, INT, INT])) THEN TRUE ELSE FALSE END",a22d170199bfcf59bcf87fb0,required_tokens + skeleton_family + delimiter_integrity + boolean_signal
PG_BOOL_R030_C07,PG_BOOL_R030,Y2,any_all_array,7,and_true_guard,6,<|<=|=|AND|ANY|ARRAY,"(INT <= ANY(ARRAY[INT, INT, INT])) AND (INT = INT)",539335eac52a50ade1aad501,required_tokens + skeleton_family + delimiter_integrity + boolean_signal
PG_BOOL_R030_C08,PG_BOOL_R030,Y2,any_all_array,8,or_false_guard,6,<|<=|<>|=|>|ANY|ARRAY|OR,"(INT <= ANY(ARRAY[INT, INT, INT])) OR (INT <> INT)",8847184d1fbe60a8bc488c7e,required_tokens + skeleton_family + delimiter_integrity + boolean_signal
PG_BOOL_R030_C09,PG_BOOL_R030,Y2,any_all_array,9,equals_true_wrapper,6,<|<=|=|ANY|ARRAY|TRUE,"((INT <= ANY(ARRAY[INT, INT, INT])) = TRUE)",1635019a03a99dde57db0f56,required_tokens + skeleton_family + delimiter_integrity + boolean_signal
PG_BOOL_R030_C10,PG_BOOL_R030,Y2,any_all_array,10,coalesce_false_wrapper,6,<|<=|=|ANY|ARRAY|COALESCE|FALSE,"COALESCE((INT <= ANY(ARRAY[INT, INT, INT])), FALSE)",c0ce0c9f8e96745c5ff1d1bd,required_tokens + skeleton_family + delimiter_integrity + boolean_signal
PG_BOOL_R031_C01,PG_BOOL_R031,Y2,like_ilike,1,base_predicate,6,LIKE,STR LIKE STR,283900b18e5a6275d8e4bede,required_tokens + skeleton_family + delimiter_integrity + boolean_signal
PG_BOOL_R031_C02,PG_BOOL_R031,Y2,like_ilike,2,parenthesized_predicate,6,LIKE,(STR LIKE STR),28aace4493946cde06f111de,required_tokens + skeleton_family + delimiter_integrity + boolean_signal
PG_BOOL_R031_C03,PG_BOOL_R031,Y2,like_ilike,3,negated_inverse_predicate,6,LIKE|NOT,NOT (STR LIKE STR),b5e059ab9f0b74659d428ff1,required_tokens + skeleton_family + delimiter_integrity + boolean_signal
PG_BOOL_R031_C04,PG_BOOL_R031,Y2,like_ilike,4,is_true_wrapper,6,IS|LIKE|TRUE,(STR LIKE STR) IS TRUE,05bb0cd85e784d5eba2d04be,required_tokens + skeleton_family + delimiter_integrity + boolean_signal
PG_BOOL_R031_C05,PG_BOOL_R031,Y2,like_ilike,5,is_not_false_wrapper,6,FALSE|IS|LIKE|NOT,(STR LIKE STR) IS NOT FALSE,d3de9b664c35d34d52697395,required_tokens + skeleton_family + delimiter_integrity + boolean_signal
PG_BOOL_R031_C06,PG_BOOL_R031,Y2,like_ilike,6,case_boolean_wrapper,6,CASE|ELSE|END|FALSE|LIKE|THEN|TRUE|WHEN,CASE WHEN (STR LIKE STR) THEN TRUE ELSE FALSE END,0fb3dbe040f89f83919cb429,required_tokens + skeleton_family + delimiter_integrity + boolean_signal
PG_BOOL_R031_C07,PG_BOOL_R031,Y2,like_ilike,7,and_true_guard,6,=|AND|LIKE,(STR LIKE STR) AND (INT = INT),3d13aa81b0f7e8ea9c063cb6,required_tokens + skeleton_family + delimiter_integrity + boolean_signal
PG_BOOL_R031_C08,PG_BOOL_R031,Y2,like_ilike,8,or_false_guard,6,<|<>|>|LIKE|OR,(STR LIKE STR) OR (INT <> INT),dcf441f4e4dcccb1a01806fe,required_tokens + skeleton_family + delimiter_integrity + boolean_signal
PG_BOOL_R031_C09,PG_BOOL_R031,Y2,like_ilike,9,equals_true_wrapper,6,=|LIKE|TRUE,((STR LIKE STR) = TRUE),d47bc0fcaa64fee2e8eb490e,required_tokens + skeleton_family + delimiter_integrity + boolean_signal
PG_BOOL_R031_C10,PG_BOOL_R031,Y2,like_ilike,10,coalesce_false_wrapper,6,COALESCE|FALSE|LIKE,"COALESCE((STR LIKE STR), FALSE)",f8b5dd2b03be709f94c1f4ef,required_tokens + skeleton_family + delimiter_integrity + boolean_signal
PG_BOOL_R032_C01,PG_BOOL_R032,Y2,like_ilike,1,base_predicate,6,ILIKE,STR ILIKE STR,afd1905f9d475bfdf5aa9636,required_tokens + skeleton_family + delimiter_integrity + boolean_signal
PG_BOOL_R032_C02,PG_BOOL_R032,Y2,like_ilike,2,parenthesized_predicate,6,ILIKE,(STR ILIKE STR),a78f99b85d9ebda745814472,required_tokens + skeleton_family + delimiter_integrity + boolean_signal
PG_BOOL_R032_C03,PG_BOOL_R032,Y2,like_ilike,3,negated_inverse_predicate,6,ILIKE|NOT,NOT (STR ILIKE STR),62ca2de902d80a3046fddb6b,required_tokens + skeleton_family + delimiter_integrity + boolean_signal
PG_BOOL_R032_C04,PG_BOOL_R032,Y2,like_ilike,4,is_true_wrapper,6,ILIKE|IS|TRUE,(STR ILIKE STR) IS TRUE,26c9a9f1b4acb975450a5e71,required_tokens + skeleton_family + delimiter_integrity + boolean_signal
PG_BOOL_R032_C05,PG_BOOL_R032,Y2,like_ilike,5,is_not_false_wrapper,6,FALSE|ILIKE|IS|NOT,(STR ILIKE STR) IS NOT FALSE,569483d1c58a00af96ba8411,required_tokens + skeleton_family + delimiter_integrity + boolean_signal
PG_BOOL_R032_C06,PG_BOOL_R032,Y2,like_ilike,6,case_boolean_wrapper,6,CASE|ELSE|END|FALSE|ILIKE|THEN|TRUE|WHEN,CASE WHEN (STR ILIKE STR) THEN TRUE ELSE FALSE END,90ae5eb8ec2b132933775c96,required_tokens + skeleton_family + delimiter_integrity + boolean_signal
PG_BOOL_R032_C07,PG_BOOL_R032,Y2,like_ilike,7,and_true_guard,6,=|AND|ILIKE,(STR ILIKE STR) AND (INT = INT),81931cc32db4967b9dd720d8,required_tokens + skeleton_family + delimiter_integrity + boolean_signal
PG_BOOL_R032_C08,PG_BOOL_R032,Y2,like_ilike,8,or_false_guard,6,<|<>|>|ILIKE|OR,(STR ILIKE STR) OR (INT <> INT),066358a72aad5589e466ee4e,required_tokens + skeleton_family + delimiter_integrity + boolean_signal
PG_BOOL_R032_C09,PG_BOOL_R032,Y2,like_ilike,9,equals_true_wrapper,6,=|ILIKE|TRUE,((STR ILIKE STR) = TRUE),aefa591b7d780079195d7f2f,required_tokens + skeleton_family + delimiter_integrity + boolean_signal
PG_BOOL_R032_C10,PG_BOOL_R032,Y2,like_ilike,10,coalesce_false_wrapper,6,COALESCE|FALSE|ILIKE,"COALESCE((STR ILIKE STR), FALSE)",325d8a9c936e1f0ca29aa918,required_tokens + skeleton_family + delimiter_integrity + boolean_signal
PG_BOOL_R033_C01,PG_BOOL_R033,Y2,like_ilike,1,base_predicate,6,LIKE|NOT,STR NOT LIKE STR,6b2170e1e72ba3f6d4913c78,required_tokens + skeleton_family + delimiter_integrity + boolean_signal
PG_BOOL_R033_C02,PG_BOOL_R033,Y2,like_ilike,2,parenthesized_predicate,6,LIKE|NOT,(STR NOT LIKE STR),9f8f45973327ae271a03cb4e,required_tokens + skeleton_family + delimiter_integrity + boolean_signal
PG_BOOL_R033_C03,PG_BOOL_R033,Y2,like_ilike,3,negated_inverse_predicate,6,LIKE|NOT,NOT (STR NOT LIKE STR),aa10e845f0b7f19206033b95,required_tokens + skeleton_family + delimiter_integrity + boolean_signal
PG_BOOL_R033_C04,PG_BOOL_R033,Y2,like_ilike,4,is_true_wrapper,6,IS|LIKE|NOT|TRUE,(STR NOT LIKE STR) IS TRUE,48ab63bfb240756b8f9ce148,required_tokens + skeleton_family + delimiter_integrity + boolean_signal
PG_BOOL_R033_C05,PG_BOOL_R033,Y2,like_ilike,5,is_not_false_wrapper,6,FALSE|IS|LIKE|NOT,(STR NOT LIKE STR) IS NOT FALSE,6a04d0e75812b03488019b39,required_tokens + skeleton_family + delimiter_integrity + boolean_signal
PG_BOOL_R033_C06,PG_BOOL_R033,Y2,like_ilike,6,case_boolean_wrapper,6,CASE|ELSE|END|FALSE|LIKE|NOT|THEN|TRUE|WHEN,CASE WHEN (STR NOT LIKE STR) THEN TRUE ELSE FALSE END,af60fb4cd75085351c7e9f98,required_tokens + skeleton_family + delimiter_integrity + boolean_signal
PG_BOOL_R033_C07,PG_BOOL_R033,Y2,like_ilike,7,and_true_guard,6,=|AND|LIKE|NOT,(STR NOT LIKE STR) AND (INT = INT),b1a17287a8ac6faed720c795,required_tokens + skeleton_family + delimiter_integrity + boolean_signal
PG_BOOL_R033_C08,PG_BOOL_R033,Y2,like_ilike,8,or_false_guard,6,<|<>|>|LIKE|NOT|OR,(STR NOT LIKE STR) OR (INT <> INT),8ff517389be8b9a32ba3b3c3,required_tokens + skeleton_family + delimiter_integrity + boolean_signal
PG_BOOL_R033_C09,PG_BOOL_R033,Y2,like_ilike,9,equals_true_wrapper,6,=|LIKE|NOT|TRUE,((STR NOT LIKE STR) = TRUE),729006effa4e4b6ffde549b1,required_tokens + skeleton_family + delimiter_integrity + boolean_signal
PG_BOOL_R033_C10,PG_BOOL_R033,Y2,like_ilike,10,coalesce_false_wrapper,6,COALESCE|FALSE|LIKE|NOT,"COALESCE((STR NOT LIKE STR), FALSE)",19d6868e284006c16cf6b3f2,required_tokens + skeleton_family + delimiter_integrity + boolean_signal
PG_BOOL_R034_C01,PG_BOOL_R034,Y2,like_ilike,1,base_predicate,6,LIKE,STR LIKE STR,c0a124c5d759f2f6447f7842,required_tokens + skeleton_family + delimiter_integrity + boolean_signal
PG_BOOL_R034_C02,PG_BOOL_R034,Y2,like_ilike,2,parenthesized_predicate,6,LIKE,(STR LIKE STR),18ee59358e91279588008f03,required_tokens + skeleton_family + delimiter_integrity + boolean_signal
PG_BOOL_R034_C03,PG_BOOL_R034,Y2,like_ilike,3,negated_inverse_predicate,6,LIKE|NOT,NOT (STR LIKE STR),6af752446f48ff5bcd133601,required_tokens + skeleton_family + delimiter_integrity + boolean_signal
PG_BOOL_R034_C04,PG_BOOL_R034,Y2,like_ilike,4,is_true_wrapper,6,IS|LIKE|TRUE,(STR LIKE STR) IS TRUE,a6b3c384d69f1f5beceefe5b,required_tokens + skeleton_family + delimiter_integrity + boolean_signal
PG_BOOL_R034_C05,PG_BOOL_R034,Y2,like_ilike,5,is_not_false_wrapper,6,FALSE|IS|LIKE|NOT,(STR LIKE STR) IS NOT FALSE,67ac85c9ce785652dcd9ceb9,required_tokens + skeleton_family + delimiter_integrity + boolean_signal
PG_BOOL_R034_C06,PG_BOOL_R034,Y2,like_ilike,6,case_boolean_wrapper,6,CASE|ELSE|END|FALSE|LIKE|THEN|TRUE|WHEN,CASE WHEN (STR LIKE STR) THEN TRUE ELSE FALSE END,bf28384d3f6acbbd98c53fb7,required_tokens + skeleton_family + delimiter_integrity + boolean_signal
PG_BOOL_R034_C07,PG_BOOL_R034,Y2,like_ilike,7,and_true_guard,6,=|AND|LIKE,(STR LIKE STR) AND (INT = INT),93b73ad8b2ed7b29093493e4,required_tokens + skeleton_family + delimiter_integrity + boolean_signal
PG_BOOL_R034_C08,PG_BOOL_R034,Y2,like_ilike,8,or_false_guard,6,<|<>|>|LIKE|OR,(STR LIKE STR) OR (INT <> INT),57438acb9f1ee25993d649b0,required_tokens + skeleton_family + delimiter_integrity + boolean_signal
PG_BOOL_R034_C09,PG_BOOL_R034,Y2,like_ilike,9,equals_true_wrapper,6,=|LIKE|TRUE,((STR LIKE STR) = TRUE),e192ceb4178a00f37efe6a44,required_tokens + skeleton_family + delimiter_integrity + boolean_signal
PG_BOOL_R034_C10,PG_BOOL_R034,Y2,like_ilike,10,coalesce_false_wrapper,6,COALESCE|FALSE|LIKE,"COALESCE((STR LIKE STR), FALSE)",9a66095b3f479d19e0c55cc2,required_tokens + skeleton_family + delimiter_integrity + boolean_signal
PG_BOOL_R035_C01,PG_BOOL_R035,Y2,like_ilike,1,base_predicate,6,ILIKE,STR ILIKE STR,2c3108816f5cf3394e8afde4,required_tokens + skeleton_family + delimiter_integrity + boolean_signal
PG_BOOL_R035_C02,PG_BOOL_R035,Y2,like_ilike,2,parenthesized_predicate,6,ILIKE,(STR ILIKE STR),48ebfba2d2ec7471ca85cbf7,required_tokens + skeleton_family + delimiter_integrity + boolean_signal
PG_BOOL_R035_C03,PG_BOOL_R035,Y2,like_ilike,3,negated_inverse_predicate,6,ILIKE|NOT,NOT (STR ILIKE STR),32c7b29480b9b4edade9cdbd,required_tokens + skeleton_family + delimiter_integrity + boolean_signal
PG_BOOL_R035_C04,PG_BOOL_R035,Y2,like_ilike,4,is_true_wrapper,6,ILIKE|IS|TRUE,(STR ILIKE STR) IS TRUE,e1f8ce55f0c8d6222c590b11,required_tokens + skeleton_family + delimiter_integrity + boolean_signal
PG_BOOL_R035_C05,PG_BOOL_R035,Y2,like_ilike,5,is_not_false_wrapper,6,FALSE|ILIKE|IS|NOT,(STR ILIKE STR) IS NOT FALSE,322ce1946efaf1bab02cbab9,required_tokens + skeleton_family + delimiter_integrity + boolean_signal
PG_BOOL_R035_C06,PG_BOOL_R035,Y2,like_ilike,6,case_boolean_wrapper,6,CASE|ELSE|END|FALSE|ILIKE|THEN|TRUE|WHEN,CASE WHEN (STR ILIKE STR) THEN TRUE ELSE FALSE END,dc83f55edcae131f02248a37,required_tokens + skeleton_family + delimiter_integrity + boolean_signal
PG_BOOL_R035_C07,PG_BOOL_R035,Y2,like_ilike,7,and_true_guard,6,=|AND|ILIKE,(STR ILIKE STR) AND (INT = INT),2b5df2b7d62fbfdef2877535,required_tokens + skeleton_family + delimiter_integrity + boolean_signal
PG_BOOL_R035_C08,PG_BOOL_R035,Y2,like_ilike,8,or_false_guard,6,<|<>|>|ILIKE|OR,(STR ILIKE STR) OR (INT <> INT),7c038f7163d8d848181e681b,required_tokens + skeleton_family + delimiter_integrity + boolean_signal
PG_BOOL_R035_C09,PG_BOOL_R035,Y2,like_ilike,9,equals_true_wrapper,6,=|ILIKE|TRUE,((STR ILIKE STR) = TRUE),36bc869a8d8f17cbf0604c6f,required_tokens + skeleton_family + delimiter_integrity + boolean_signal
PG_BOOL_R035_C10,PG_BOOL_R035,Y2,like_ilike,10,coalesce_false_wrapper,6,COALESCE|FALSE|ILIKE,"COALESCE((STR ILIKE STR), FALSE)",c9c5c0f619bb38d8e210780b,required_tokens + skeleton_family + delimiter_integrity + boolean_signal
PG_BOOL_R036_C01,PG_BOOL_R036,Y2,regex_match,1,base_predicate,6,~,STR ~ STR,7b2746b6fcb126978658acd5,required_tokens + skeleton_family + delimiter_integrity + boolean_signal
PG_BOOL_R036_C02,PG_BOOL_R036,Y2,regex_match,2,parenthesized_predicate,6,~,(STR ~ STR),714e2eefafb385a389f9e2af,required_tokens + skeleton_family + delimiter_integrity + boolean_signal
PG_BOOL_R036_C03,PG_BOOL_R036,Y2,regex_match,3,negated_inverse_predicate,6,NOT|~,NOT (STR ~ STR),96ec8a2bcd278076fbf194b9,required_tokens + skeleton_family + delimiter_integrity + boolean_signal
PG_BOOL_R036_C04,PG_BOOL_R036,Y2,regex_match,4,is_true_wrapper,6,IS|TRUE|~,(STR ~ STR) IS TRUE,6e0d555b4bf7a6ec6547c242,required_tokens + skeleton_family + delimiter_integrity + boolean_signal
PG_BOOL_R036_C05,PG_BOOL_R036,Y2,regex_match,5,is_not_false_wrapper,6,FALSE|IS|NOT|~,(STR ~ STR) IS NOT FALSE,3b6b684a12f09ccdb858ac85,required_tokens + skeleton_family + delimiter_integrity + boolean_signal
PG_BOOL_R036_C06,PG_BOOL_R036,Y2,regex_match,6,case_boolean_wrapper,6,CASE|ELSE|END|FALSE|THEN|TRUE|WHEN|~,CASE WHEN (STR ~ STR) THEN TRUE ELSE FALSE END,803a39879deef2be93d4a80a,required_tokens + skeleton_family + delimiter_integrity + boolean_signal
PG_BOOL_R036_C07,PG_BOOL_R036,Y2,regex_match,7,and_true_guard,6,=|AND|~,(STR ~ STR) AND (INT = INT),1f23d8ab3c8d4d98b734c01b,required_tokens + skeleton_family + delimiter_integrity + boolean_signal
PG_BOOL_R036_C08,PG_BOOL_R036,Y2,regex_match,8,or_false_guard,6,<|<>|>|OR|~,(STR ~ STR) OR (INT <> INT),899158a5fa1fd149db415af5,required_tokens + skeleton_family + delimiter_integrity + boolean_signal
PG_BOOL_R036_C09,PG_BOOL_R036,Y2,regex_match,9,equals_true_wrapper,6,=|TRUE|~,((STR ~ STR) = TRUE),8ac176e4e06b4db009a07c4f,required_tokens + skeleton_family + delimiter_integrity + boolean_signal
PG_BOOL_R036_C10,PG_BOOL_R036,Y2,regex_match,10,coalesce_false_wrapper,6,COALESCE|FALSE|~,"COALESCE((STR ~ STR), FALSE)",6680ec96064f0a64f95303c9,required_tokens + skeleton_family + delimiter_integrity + boolean_signal
PG_BOOL_R037_C01,PG_BOOL_R037,Y2,regex_match,1,base_predicate,6,!~|~,STR !~ STR,a048c1d2bd98bcc7e87d2d26,required_tokens + skeleton_family + delimiter_integrity + boolean_signal
PG_BOOL_R037_C02,PG_BOOL_R037,Y2,regex_match,2,parenthesized_predicate,6,!~|~,(STR !~ STR),3914c766e5a2c124cadc6045,required_tokens + skeleton_family + delimiter_integrity + boolean_signal
PG_BOOL_R037_C03,PG_BOOL_R037,Y2,regex_match,3,negated_inverse_predicate,6,!~|NOT|~,NOT (STR !~ STR),90f6174506409c771dac4684,required_tokens + skeleton_family + delimiter_integrity + boolean_signal
PG_BOOL_R037_C04,PG_BOOL_R037,Y2,regex_match,4,is_true_wrapper,6,!~|IS|TRUE|~,(STR !~ STR) IS TRUE,2964696b4ec9f25c009ea1e2,required_tokens + skeleton_family + delimiter_integrity + boolean_signal
PG_BOOL_R037_C05,PG_BOOL_R037,Y2,regex_match,5,is_not_false_wrapper,6,!~|FALSE|IS|NOT|~,(STR !~ STR) IS NOT FALSE,f3f626f20ff81b2d07c0c81d,required_tokens + skeleton_family + delimiter_integrity + boolean_signal
PG_BOOL_R037_C06,PG_BOOL_R037,Y2,regex_match,6,case_boolean_wrapper,6,!~|CASE|ELSE|END|FALSE|THEN|TRUE|WHEN|~,CASE WHEN (STR !~ STR) THEN TRUE ELSE FALSE END,55c14b8d0d07d5b83eeb28c1,required_tokens + skeleton_family + delimiter_integrity + boolean_signal
PG_BOOL_R037_C07,PG_BOOL_R037,Y2,regex_match,7,and_true_guard,6,!~|=|AND|~,(STR !~ STR) AND (INT = INT),21037d4e85b4f116e0c24bd7,required_tokens + skeleton_family + delimiter_integrity + boolean_signal
PG_BOOL_R037_C08,PG_BOOL_R037,Y2,regex_match,8,or_false_guard,6,!~|<|<>|>|OR|~,(STR !~ STR) OR (INT <> INT),a6f66ef90d7665554485eec7,required_tokens + skeleton_family + delimiter_integrity + boolean_signal
PG_BOOL_R037_C09,PG_BOOL_R037,Y2,regex_match,9,equals_true_wrapper,6,!~|=|TRUE|~,((STR !~ STR) = TRUE),03b5aada7d1b258a74b30886,required_tokens + skeleton_family + delimiter_integrity + boolean_signal
PG_BOOL_R037_C10,PG_BOOL_R037,Y2,regex_match,10,coalesce_false_wrapper,6,!~|COALESCE|FALSE|~,"COALESCE((STR !~ STR), FALSE)",6cc85cb478e5d54709c5fb81,required_tokens + skeleton_family + delimiter_integrity + boolean_signal
PG_BOOL_R038_C01,PG_BOOL_R038,Y2,regex_match,1,base_predicate,6,~,STR ~* STR,337e148bf431a3d0e82baedc,required_tokens + skeleton_family + delimiter_integrity + boolean_signal
PG_BOOL_R038_C02,PG_BOOL_R038,Y2,regex_match,2,parenthesized_predicate,6,~,(STR ~* STR),56048cf1686c2b181137dfa8,required_tokens + skeleton_family + delimiter_integrity + boolean_signal
PG_BOOL_R038_C03,PG_BOOL_R038,Y2,regex_match,3,negated_inverse_predicate,6,NOT|~,NOT (STR ~* STR),8e62a5c11a8b74bec55adafe,required_tokens + skeleton_family + delimiter_integrity + boolean_signal
PG_BOOL_R038_C04,PG_BOOL_R038,Y2,regex_match,4,is_true_wrapper,6,IS|TRUE|~,(STR ~* STR) IS TRUE,b1031e9856888a0da7d5fdce,required_tokens + skeleton_family + delimiter_integrity + boolean_signal
PG_BOOL_R038_C05,PG_BOOL_R038,Y2,regex_match,5,is_not_false_wrapper,6,FALSE|IS|NOT|~,(STR ~* STR) IS NOT FALSE,06a3234e1e4bdc0660721c54,required_tokens + skeleton_family + delimiter_integrity + boolean_signal
PG_BOOL_R038_C06,PG_BOOL_R038,Y2,regex_match,6,case_boolean_wrapper,6,CASE|ELSE|END|FALSE|THEN|TRUE|WHEN|~,CASE WHEN (STR ~* STR) THEN TRUE ELSE FALSE END,235ef59b404f9822af0e788a,required_tokens + skeleton_family + delimiter_integrity + boolean_signal
PG_BOOL_R038_C07,PG_BOOL_R038,Y2,regex_match,7,and_true_guard,6,=|AND|~,(STR ~* STR) AND (INT = INT),6af5cef396520974f2a98e4f,required_tokens + skeleton_family + delimiter_integrity + boolean_signal
PG_BOOL_R038_C08,PG_BOOL_R038,Y2,regex_match,8,or_false_guard,6,<|<>|>|OR|~,(STR ~* STR) OR (INT <> INT),4986d5e2a941bd985680403e,required_tokens + skeleton_family + delimiter_integrity + boolean_signal
PG_BOOL_R038_C09,PG_BOOL_R038,Y2,regex_match,9,equals_true_wrapper,6,=|TRUE|~,((STR ~* STR) = TRUE),4acf2c2f47ab0d9218ba571f,required_tokens + skeleton_family + delimiter_integrity + boolean_signal
PG_BOOL_R038_C10,PG_BOOL_R038,Y2,regex_match,10,coalesce_false_wrapper,6,COALESCE|FALSE|~,"COALESCE((STR ~* STR), FALSE)",6ee72ca5e63abbd4f98dc7a0,required_tokens + skeleton_family + delimiter_integrity + boolean_signal
PG_BOOL_R039_C01,PG_BOOL_R039,Y2,regex_match,1,base_predicate,6,,STR SIMILAR TO STR,47196d7106f9fb1483e2da76,required_tokens + skeleton_family + delimiter_integrity + boolean_signal
PG_BOOL_R039_C02,PG_BOOL_R039,Y2,regex_match,2,parenthesized_predicate,6,,(STR SIMILAR TO STR),54672c1f62010ea5a7841efc,required_tokens + skeleton_family + delimiter_integrity + boolean_signal
PG_BOOL_R039_C03,PG_BOOL_R039,Y2,regex_match,3,negated_inverse_predicate,6,NOT,NOT (STR SIMILAR TO STR),b1ddcbe10400de70587d3ec8,required_tokens + skeleton_family + delimiter_integrity + boolean_signal
PG_BOOL_R039_C04,PG_BOOL_R039,Y2,regex_match,4,is_true_wrapper,6,IS|TRUE,(STR SIMILAR TO STR) IS TRUE,c56109d9dd4acd3973e517f7,required_tokens + skeleton_family + delimiter_integrity + boolean_signal
PG_BOOL_R039_C05,PG_BOOL_R039,Y2,regex_match,5,is_not_false_wrapper,6,FALSE|IS|NOT,(STR SIMILAR TO STR) IS NOT FALSE,aec1e5a9d03e3e975d5fc30f,required_tokens + skeleton_family + delimiter_integrity + boolean_signal
PG_BOOL_R039_C06,PG_BOOL_R039,Y2,regex_match,6,case_boolean_wrapper,6,CASE|ELSE|END|FALSE|THEN|TRUE|WHEN,CASE WHEN (STR SIMILAR TO STR) THEN TRUE ELSE FALSE END,569b5feaf2f5910af19b29b4,required_tokens + skeleton_family + delimiter_integrity + boolean_signal
PG_BOOL_R039_C07,PG_BOOL_R039,Y2,regex_match,7,and_true_guard,6,=|AND,(STR SIMILAR TO STR) AND (INT = INT),e0d7f6b4152188e7be11c73e,required_tokens + skeleton_family + delimiter_integrity + boolean_signal
PG_BOOL_R039_C08,PG_BOOL_R039,Y2,regex_match,8,or_false_guard,6,<|<>|>|OR,(STR SIMILAR TO STR) OR (INT <> INT),a64b42d29add1fc2d7b2e13a,required_tokens + skeleton_family + delimiter_integrity + boolean_signal
PG_BOOL_R039_C09,PG_BOOL_R039,Y2,regex_match,9,equals_true_wrapper,6,=|TRUE,((STR SIMILAR TO STR) = TRUE),559e60439116667b1efb2c81,required_tokens + skeleton_family + delimiter_integrity + boolean_signal
PG_BOOL_R039_C10,PG_BOOL_R039,Y2,regex_match,10,coalesce_false_wrapper,6,COALESCE|FALSE,"COALESCE((STR SIMILAR TO STR), FALSE)",5f52a39c67dee16964a95ad4,required_tokens + skeleton_family + delimiter_integrity + boolean_signal
PG_BOOL_R040_C01,PG_BOOL_R040,Y2,regex_match,1,base_predicate,6,NOT,STR NOT SIMILAR TO STR,542b8b418be708b224bf778c,required_tokens + skeleton_family + delimiter_integrity + boolean_signal
PG_BOOL_R040_C02,PG_BOOL_R040,Y2,regex_match,2,parenthesized_predicate,6,NOT,(STR NOT SIMILAR TO STR),e381d49a6d4e5ab790564c02,required_tokens + skeleton_family + delimiter_integrity + boolean_signal
PG_BOOL_R040_C03,PG_BOOL_R040,Y2,regex_match,3,negated_inverse_predicate,6,NOT,NOT (STR NOT SIMILAR TO STR),514378274ac774da6e7646b6,required_tokens + skeleton_family + delimiter_integrity + boolean_signal
PG_BOOL_R040_C04,PG_BOOL_R040,Y2,regex_match,4,is_true_wrapper,6,IS|NOT|TRUE,(STR NOT SIMILAR TO STR) IS TRUE,02a14f0ec7bc336304404744,required_tokens + skeleton_family + delimiter_integrity + boolean_signal
PG_BOOL_R040_C05,PG_BOOL_R040,Y2,regex_match,5,is_not_false_wrapper,6,FALSE|IS|NOT,(STR NOT SIMILAR TO STR) IS NOT FALSE,a4c29b16ce1490192a273d9d,required_tokens + skeleton_family + delimiter_integrity + boolean_signal
PG_BOOL_R040_C06,PG_BOOL_R040,Y2,regex_match,6,case_boolean_wrapper,6,CASE|ELSE|END|FALSE|NOT|THEN|TRUE|WHEN,CASE WHEN (STR NOT SIMILAR TO STR) THEN TRUE ELSE FALSE END,392d1e5103e5033c1756d523,required_tokens + skeleton_family + delimiter_integrity + boolean_signal
PG_BOOL_R040_C07,PG_BOOL_R040,Y2,regex_match,7,and_true_guard,6,=|AND|NOT,(STR NOT SIMILAR TO STR) AND (INT = INT),e23cf4c01afe62180b2e09f5,required_tokens + skeleton_family + delimiter_integrity + boolean_signal
PG_BOOL_R040_C08,PG_BOOL_R040,Y2,regex_match,8,or_false_guard,6,<|<>|>|NOT|OR,(STR NOT SIMILAR TO STR) OR (INT <> INT),3c898a215b2da908f4347a6d,required_tokens + skeleton_family + delimiter_integrity + boolean_signal
PG_BOOL_R040_C09,PG_BOOL_R040,Y2,regex_match,9,equals_true_wrapper,6,=|NOT|TRUE,((STR NOT SIMILAR TO STR) = TRUE),972a417aaead360eb3bbf32b,required_tokens + skeleton_family + delimiter_integrity + boolean_signal
PG_BOOL_R040_C10,PG_BOOL_R040,Y2,regex_match,10,coalesce_false_wrapper,6,COALESCE|FALSE|NOT,"COALESCE((STR NOT SIMILAR TO STR), FALSE)",3edc5ff2d8b1e282fdcdb1f1,required_tokens + skeleton_family + delimiter_integrity + boolean_signal
PG_BOOL_R041_C01,PG_BOOL_R041,Y2,string_function,1,base_predicate,6,=,LENGTH(STR) = INT,36e723bb4b00543c47d866fa,required_tokens + skeleton_family + delimiter_integrity + boolean_signal
PG_BOOL_R041_C02,PG_BOOL_R041,Y2,string_function,2,parenthesized_predicate,6,=,(LENGTH(STR) = INT),7f160f71973b422bf2ac2a16,required_tokens + skeleton_family + delimiter_integrity + boolean_signal
PG_BOOL_R041_C03,PG_BOOL_R041,Y2,string_function,3,negated_inverse_predicate,6,=|NOT,NOT (LENGTH(STR) = INT),a01927aa8fe2602ea091e22b,required_tokens + skeleton_family + delimiter_integrity + boolean_signal
PG_BOOL_R041_C04,PG_BOOL_R041,Y2,string_function,4,is_true_wrapper,6,=|IS|TRUE,(LENGTH(STR) = INT) IS TRUE,9d48ade6d838e12c0a632bdf,required_tokens + skeleton_family + delimiter_integrity + boolean_signal
PG_BOOL_R041_C05,PG_BOOL_R041,Y2,string_function,5,is_not_false_wrapper,6,=|FALSE|IS|NOT,(LENGTH(STR) = INT) IS NOT FALSE,0c2669eb03aa7a1cb295307c,required_tokens + skeleton_family + delimiter_integrity + boolean_signal
PG_BOOL_R041_C06,PG_BOOL_R041,Y2,string_function,6,case_boolean_wrapper,6,=|CASE|ELSE|END|FALSE|THEN|TRUE|WHEN,CASE WHEN (LENGTH(STR) = INT) THEN TRUE ELSE FALSE END,6aab1dc129be6e2ccf690d3d,required_tokens + skeleton_family + delimiter_integrity + boolean_signal
PG_BOOL_R041_C07,PG_BOOL_R041,Y2,string_function,7,and_true_guard,6,=|AND,(LENGTH(STR) = INT) AND (INT = INT),56e2462f29c87fb4da7723a8,required_tokens + skeleton_family + delimiter_integrity + boolean_signal
PG_BOOL_R041_C08,PG_BOOL_R041,Y2,string_function,8,or_false_guard,6,<|<>|=|>|OR,(LENGTH(STR) = INT) OR (INT <> INT),b3f32b76db20a43d8e463a24,required_tokens + skeleton_family + delimiter_integrity + boolean_signal
PG_BOOL_R041_C09,PG_BOOL_R041,Y2,string_function,9,equals_true_wrapper,6,=|TRUE,((LENGTH(STR) = INT) = TRUE),b205cd2da29ba6c675dfa765,required_tokens + skeleton_family + delimiter_integrity + boolean_signal
PG_BOOL_R041_C10,PG_BOOL_R041,Y2,string_function,10,coalesce_false_wrapper,6,=|COALESCE|FALSE,"COALESCE((LENGTH(STR) = INT), FALSE)",6de7aad9b22d71f0ede607fb,required_tokens + skeleton_family + delimiter_integrity + boolean_signal
PG_BOOL_R042_C01,PG_BOOL_R042,Y2,string_function,1,base_predicate,6,=|FROM,SUBSTRING(STR FROM INT FOR INT) = STR,b66c3ac628d149f78348a991,required_tokens + skeleton_family + delimiter_integrity + boolean_signal
PG_BOOL_R042_C02,PG_BOOL_R042,Y2,string_function,2,parenthesized_predicate,6,=|FROM,(SUBSTRING(STR FROM INT FOR INT) = STR),c10995376ad6c3446b53006f,required_tokens + skeleton_family + delimiter_integrity + boolean_signal
PG_BOOL_R042_C03,PG_BOOL_R042,Y2,string_function,3,negated_inverse_predicate,6,=|FROM|NOT,NOT (SUBSTRING(STR FROM INT FOR INT) = STR),1c89fed3e91c38233df81301,required_tokens + skeleton_family + delimiter_integrity + boolean_signal
PG_BOOL_R042_C04,PG_BOOL_R042,Y2,string_function,4,is_true_wrapper,6,=|FROM|IS|TRUE,(SUBSTRING(STR FROM INT FOR INT) = STR) IS TRUE,411c41cfb807fa8e05e90ef5,required_tokens + skeleton_family + delimiter_integrity + boolean_signal
PG_BOOL_R042_C05,PG_BOOL_R042,Y2,string_function,5,is_not_false_wrapper,6,=|FALSE|FROM|IS|NOT,(SUBSTRING(STR FROM INT FOR INT) = STR) IS NOT FALSE,a320f7a8b51b24191f919b72,required_tokens + skeleton_family + delimiter_integrity + boolean_signal
PG_BOOL_R042_C06,PG_BOOL_R042,Y2,string_function,6,case_boolean_wrapper,6,=|CASE|ELSE|END|FALSE|FROM|THEN|TRUE|WHEN,CASE WHEN (SUBSTRING(STR FROM INT FOR INT) = STR) THEN TRUE ELSE FALSE END,9aa0a97af03b2d9817cc4e43,required_tokens + skeleton_family + delimiter_integrity + boolean_signal
PG_BOOL_R042_C07,PG_BOOL_R042,Y2,string_function,7,and_true_guard,6,=|AND|FROM,(SUBSTRING(STR FROM INT FOR INT) = STR) AND (INT = INT),985b13f90fde9e04046bf47c,required_tokens + skeleton_family + delimiter_integrity + boolean_signal
PG_BOOL_R042_C08,PG_BOOL_R042,Y2,string_function,8,or_false_guard,6,<|<>|=|>|FROM|OR,(SUBSTRING(STR FROM INT FOR INT) = STR) OR (INT <> INT),ebdcdd08658b59364406cc79,required_tokens + skeleton_family + delimiter_integrity + boolean_signal
PG_BOOL_R042_C09,PG_BOOL_R042,Y2,string_function,9,equals_true_wrapper,6,=|FROM|TRUE,((SUBSTRING(STR FROM INT FOR INT) = STR) = TRUE),7c70a1ffae737abf6f897fe6,required_tokens + skeleton_family + delimiter_integrity + boolean_signal
PG_BOOL_R042_C10,PG_BOOL_R042,Y2,string_function,10,coalesce_false_wrapper,6,=|COALESCE|FALSE|FROM,"COALESCE((SUBSTRING(STR FROM INT FOR INT) = STR), FALSE)",54e955de3b6b7c1f26060be4,required_tokens + skeleton_family + delimiter_integrity + boolean_signal
PG_BOOL_R043_C01,PG_BOOL_R043,Y2,string_function,1,base_predicate,6,=,UPPER(STR) = STR,1f9d36a69d3023cfd8baac91,required_tokens + skeleton_family + delimiter_integrity + boolean_signal
PG_BOOL_R043_C02,PG_BOOL_R043,Y2,string_function,2,parenthesized_predicate,6,=,(UPPER(STR) = STR),b262246c937ce6519afbb73e,required_tokens + skeleton_family + delimiter_integrity + boolean_signal
PG_BOOL_R043_C03,PG_BOOL_R043,Y2,string_function,3,negated_inverse_predicate,6,=|NOT,NOT (UPPER(STR) = STR),7e6fcdf89d1537da062dddab,required_tokens + skeleton_family + delimiter_integrity + boolean_signal
PG_BOOL_R043_C04,PG_BOOL_R043,Y2,string_function,4,is_true_wrapper,6,=|IS|TRUE,(UPPER(STR) = STR) IS TRUE,1bcdf00327662dbe1e7da29f,required_tokens + skeleton_family + delimiter_integrity + boolean_signal
PG_BOOL_R043_C05,PG_BOOL_R043,Y2,string_function,5,is_not_false_wrapper,6,=|FALSE|IS|NOT,(UPPER(STR) = STR) IS NOT FALSE,57734f9e0f116fef9641f6b4,required_tokens + skeleton_family + delimiter_integrity + boolean_signal
PG_BOOL_R043_C06,PG_BOOL_R043,Y2,string_function,6,case_boolean_wrapper,6,=|CASE|ELSE|END|FALSE|THEN|TRUE|WHEN,CASE WHEN (UPPER(STR) = STR) THEN TRUE ELSE FALSE END,0ac657f61a9921ba4ce3fe99,required_tokens + skeleton_family + delimiter_integrity + boolean_signal
PG_BOOL_R043_C07,PG_BOOL_R043,Y2,string_function,7,and_true_guard,6,=|AND,(UPPER(STR) = STR) AND (INT = INT),d82ca2482699b4f6910db740,required_tokens + skeleton_family + delimiter_integrity + boolean_signal
PG_BOOL_R043_C08,PG_BOOL_R043,Y2,string_function,8,or_false_guard,6,<|<>|=|>|OR,(UPPER(STR) = STR) OR (INT <> INT),2378797d3baf9ded28e4e5d5,required_tokens + skeleton_family + delimiter_integrity + boolean_signal
PG_BOOL_R043_C09,PG_BOOL_R043,Y2,string_function,9,equals_true_wrapper,6,=|TRUE,((UPPER(STR) = STR) = TRUE),cd2d9b3f2f9281df276746dd,required_tokens + skeleton_family + delimiter_integrity + boolean_signal
PG_BOOL_R043_C10,PG_BOOL_R043,Y2,string_function,10,coalesce_false_wrapper,6,=|COALESCE|FALSE,"COALESCE((UPPER(STR) = STR), FALSE)",8c835bda9fa9b26431e8f147,required_tokens + skeleton_family + delimiter_integrity + boolean_signal
PG_BOOL_R044_C01,PG_BOOL_R044,Y2,string_function,1,base_predicate,6,=,"REPLACE(STR, STR, STR) = STR",1dc77055849a4a9daeac89cf,required_tokens + skeleton_family + delimiter_integrity + boolean_signal
PG_BOOL_R044_C02,PG_BOOL_R044,Y2,string_function,2,parenthesized_predicate,6,=,"(REPLACE(STR, STR, STR) = STR)",0ad2093451a2af4cb4235b0e,required_tokens + skeleton_family + delimiter_integrity + boolean_signal
PG_BOOL_R044_C03,PG_BOOL_R044,Y2,string_function,3,negated_inverse_predicate,6,=|NOT,"NOT (REPLACE(STR, STR, STR) = STR)",9923f0969ce07e7391bc6708,required_tokens + skeleton_family + delimiter_integrity + boolean_signal
PG_BOOL_R044_C04,PG_BOOL_R044,Y2,string_function,4,is_true_wrapper,6,=|IS|TRUE,"(REPLACE(STR, STR, STR) = STR) IS TRUE",7eab05d1618f73346020f3f1,required_tokens + skeleton_family + delimiter_integrity + boolean_signal
PG_BOOL_R044_C05,PG_BOOL_R044,Y2,string_function,5,is_not_false_wrapper,6,=|FALSE|IS|NOT,"(REPLACE(STR, STR, STR) = STR) IS NOT FALSE",1608538525cfbf2aa7d77b4c,required_tokens + skeleton_family + delimiter_integrity + boolean_signal
PG_BOOL_R044_C06,PG_BOOL_R044,Y2,string_function,6,case_boolean_wrapper,6,=|CASE|ELSE|END|FALSE|THEN|TRUE|WHEN,"CASE WHEN (REPLACE(STR, STR, STR) = STR) THEN TRUE ELSE FALSE END",0f09a187aab4d92924913da8,required_tokens + skeleton_family + delimiter_integrity + boolean_signal
PG_BOOL_R044_C07,PG_BOOL_R044,Y2,string_function,7,and_true_guard,6,=|AND,"(REPLACE(STR, STR, STR) = STR) AND (INT = INT)",cec5c9950c4833e38b165d09,required_tokens + skeleton_family + delimiter_integrity + boolean_signal
PG_BOOL_R044_C08,PG_BOOL_R044,Y2,string_function,8,or_false_guard,6,<|<>|=|>|OR,"(REPLACE(STR, STR, STR) = STR) OR (INT <> INT)",1dbd5ee59f24d0b7ed168cc3,required_tokens + skeleton_family + delimiter_integrity + boolean_signal
PG_BOOL_R044_C09,PG_BOOL_R044,Y2,string_function,9,equals_true_wrapper,6,=|TRUE,"((REPLACE(STR, STR, STR) = STR) = TRUE)",80881092285c48ca211d8c75,required_tokens + skeleton_family + delimiter_integrity + boolean_signal
PG_BOOL_R044_C10,PG_BOOL_R044,Y2,string_function,10,coalesce_false_wrapper,6,=|COALESCE|FALSE,"COALESCE((REPLACE(STR, STR, STR) = STR), FALSE)",06f24bd29635a7e7cb8eeb7d,required_tokens + skeleton_family + delimiter_integrity + boolean_signal
PG_BOOL_R045_C01,PG_BOOL_R045,Y2,string_function,1,base_predicate,6,=,"LEFT(STR, INT) = STR",1cc527d8efdcac067dfbecb9,required_tokens + skeleton_family + delimiter_integrity + boolean_signal
PG_BOOL_R045_C02,PG_BOOL_R045,Y2,string_function,2,parenthesized_predicate,6,=,"(LEFT(STR, INT) = STR)",9c20159302aa8880e6fdd237,required_tokens + skeleton_family + delimiter_integrity + boolean_signal
PG_BOOL_R045_C03,PG_BOOL_R045,Y2,string_function,3,negated_inverse_predicate,6,=|NOT,"NOT (LEFT(STR, INT) = STR)",0b3bc0b09c403b74ac4265cc,required_tokens + skeleton_family + delimiter_integrity + boolean_signal
PG_BOOL_R045_C04,PG_BOOL_R045,Y2,string_function,4,is_true_wrapper,6,=|IS|TRUE,"(LEFT(STR, INT) = STR) IS TRUE",a4c875420f7ab5f7a243cfee,required_tokens + skeleton_family + delimiter_integrity + boolean_signal
PG_BOOL_R045_C05,PG_BOOL_R045,Y2,string_function,5,is_not_false_wrapper,6,=|FALSE|IS|NOT,"(LEFT(STR, INT) = STR) IS NOT FALSE",245d63715fbfc898fcf38fac,required_tokens + skeleton_family + delimiter_integrity + boolean_signal
PG_BOOL_R045_C06,PG_BOOL_R045,Y2,string_function,6,case_boolean_wrapper,6,=|CASE|ELSE|END|FALSE|THEN|TRUE|WHEN,"CASE WHEN (LEFT(STR, INT) = STR) THEN TRUE ELSE FALSE END",41e5c4903e4063e31aaf2439,required_tokens + skeleton_family + delimiter_integrity + boolean_signal
PG_BOOL_R045_C07,PG_BOOL_R045,Y2,string_function,7,and_true_guard,6,=|AND,"(LEFT(STR, INT) = STR) AND (INT = INT)",485774009b0d5e02feb3db2c,required_tokens + skeleton_family + delimiter_integrity + boolean_signal
PG_BOOL_R045_C08,PG_BOOL_R045,Y2,string_function,8,or_false_guard,6,<|<>|=|>|OR,"(LEFT(STR, INT) = STR) OR (INT <> INT)",d45ac5f4663a2f0aa5579711,required_tokens + skeleton_family + delimiter_integrity + boolean_signal
PG_BOOL_R045_C09,PG_BOOL_R045,Y2,string_function,9,equals_true_wrapper,6,=|TRUE,"((LEFT(STR, INT) = STR) = TRUE)",b4a03faa45217ad4870adf4f,required_tokens + skeleton_family + delimiter_integrity + boolean_signal
PG_BOOL_R045_C10,PG_BOOL_R045,Y2,string_function,10,coalesce_false_wrapper,6,=|COALESCE|FALSE,"COALESCE((LEFT(STR, INT) = STR), FALSE)",cf538051e9dc52f55129ddac,required_tokens + skeleton_family + delimiter_integrity + boolean_signal
PG_BOOL_R046_C01,PG_BOOL_R046,Y2,arithmetic_expression,1,base_predicate,6,=,(INT + INT) = INT,c5ec2fa450b05e1b0b7a3bab,required_tokens + skeleton_family + delimiter_integrity + boolean_signal
PG_BOOL_R046_C02,PG_BOOL_R046,Y2,arithmetic_expression,2,parenthesized_predicate,6,=,((INT + INT) = INT),1262ed924fcb36eb0e6fc9e4,required_tokens + skeleton_family + delimiter_integrity + boolean_signal
PG_BOOL_R046_C03,PG_BOOL_R046,Y2,arithmetic_expression,3,negated_inverse_predicate,6,=|NOT,NOT ((INT + INT) = INT),90b62a9e4fdf1f061757933b,required_tokens + skeleton_family + delimiter_integrity + boolean_signal
PG_BOOL_R046_C04,PG_BOOL_R046,Y2,arithmetic_expression,4,is_true_wrapper,6,=|IS|TRUE,((INT + INT) = INT) IS TRUE,05685a3440d8d7ef2e3e4dc0,required_tokens + skeleton_family + delimiter_integrity + boolean_signal
PG_BOOL_R046_C05,PG_BOOL_R046,Y2,arithmetic_expression,5,is_not_false_wrapper,6,=|FALSE|IS|NOT,((INT + INT) = INT) IS NOT FALSE,df1ffbb71a64b43517298abc,required_tokens + skeleton_family + delimiter_integrity + boolean_signal
PG_BOOL_R046_C06,PG_BOOL_R046,Y2,arithmetic_expression,6,case_boolean_wrapper,6,=|CASE|ELSE|END|FALSE|THEN|TRUE|WHEN,CASE WHEN ((INT + INT) = INT) THEN TRUE ELSE FALSE END,acdc68ddf0e9539c668ab562,required_tokens + skeleton_family + delimiter_integrity + boolean_signal
PG_BOOL_R046_C07,PG_BOOL_R046,Y2,arithmetic_expression,7,and_true_guard,6,=|AND,((INT + INT) = INT) AND (INT = INT),0815df172b710841d8838100,required_tokens + skeleton_family + delimiter_integrity + boolean_signal
PG_BOOL_R046_C08,PG_BOOL_R046,Y2,arithmetic_expression,8,or_false_guard,6,<|<>|=|>|OR,((INT + INT) = INT) OR (INT <> INT),c28a16f38fb9074b92b4796f,required_tokens + skeleton_family + delimiter_integrity + boolean_signal
PG_BOOL_R046_C09,PG_BOOL_R046,Y2,arithmetic_expression,9,equals_true_wrapper,6,=|TRUE,(((INT + INT) = INT) = TRUE),f7a6d2cc34e58bc2a91063bc,required_tokens + skeleton_family + delimiter_integrity + boolean_signal
PG_BOOL_R046_C10,PG_BOOL_R046,Y2,arithmetic_expression,10,coalesce_false_wrapper,6,=|COALESCE|FALSE,"COALESCE(((INT + INT) = INT), FALSE)",39f09d7c250c85caba7c8a28,required_tokens + skeleton_family + delimiter_integrity + boolean_signal
PG_BOOL_R047_C01,PG_BOOL_R047,Y2,arithmetic_expression,1,base_predicate,6,=,(INT - INT) = INT,3af781c0534cdd3ce9d97d0f,required_tokens + skeleton_family + delimiter_integrity + boolean_signal
PG_BOOL_R047_C02,PG_BOOL_R047,Y2,arithmetic_expression,2,parenthesized_predicate,6,=,((INT - INT) = INT),def637e52194801da209c271,required_tokens + skeleton_family + delimiter_integrity + boolean_signal
PG_BOOL_R047_C03,PG_BOOL_R047,Y2,arithmetic_expression,3,negated_inverse_predicate,6,=|NOT,NOT ((INT - INT) = -INT),8fce42601d4ae0e6a3d01f0d,required_tokens + skeleton_family + delimiter_integrity + boolean_signal
PG_BOOL_R047_C04,PG_BOOL_R047,Y2,arithmetic_expression,4,is_true_wrapper,6,=|IS|TRUE,((INT - INT) = -INT) IS TRUE,8ade31e159b56a8e54964928,required_tokens + skeleton_family + delimiter_integrity + boolean_signal
PG_BOOL_R047_C05,PG_BOOL_R047,Y2,arithmetic_expression,5,is_not_false_wrapper,6,=|FALSE|IS|NOT,((INT - INT) = INT) IS NOT FALSE,fba25d5d20e60d369e9d4048,required_tokens + skeleton_family + delimiter_integrity + boolean_signal
PG_BOOL_R047_C06,PG_BOOL_R047,Y2,arithmetic_expression,6,case_boolean_wrapper,6,=|CASE|ELSE|END|FALSE|THEN|TRUE|WHEN,CASE WHEN ((INT - INT) = INT) THEN TRUE ELSE FALSE END,27c5ea55ce4d6b26c02220ba,required_tokens + skeleton_family + delimiter_integrity + boolean_signal
PG_BOOL_R047_C07,PG_BOOL_R047,Y2,arithmetic_expression,7,and_true_guard,6,=|AND,((INT - INT) = INT) AND (INT = INT),752cce8e338e3d04cad39d57,required_tokens + skeleton_family + delimiter_integrity + boolean_signal
PG_BOOL_R047_C08,PG_BOOL_R047,Y2,arithmetic_expression,8,or_false_guard,6,<|<>|=|>|OR,((INT - INT) = INT) OR (INT <> INT),9df7c0f02aacf38295637dfc,required_tokens + skeleton_family + delimiter_integrity + boolean_signal
PG_BOOL_R047_C09,PG_BOOL_R047,Y2,arithmetic_expression,9,equals_true_wrapper,6,=|TRUE,(((INT - INT) = INT) = TRUE),eb28eef5553f342566fba783,required_tokens + skeleton_family + delimiter_integrity + boolean_signal
PG_BOOL_R047_C10,PG_BOOL_R047,Y2,arithmetic_expression,10,coalesce_false_wrapper,6,=|COALESCE|FALSE,"COALESCE(((INT - INT) = INT), FALSE)",293f8265c998ef4921b6df6a,required_tokens + skeleton_family + delimiter_integrity + boolean_signal
PG_BOOL_R048_C01,PG_BOOL_R048,Y2,arithmetic_expression,1,base_predicate,6,=,(INT * INT) = INT,897b44d7d1d2bdb821d1aca3,required_tokens + skeleton_family + delimiter_integrity + boolean_signal
PG_BOOL_R048_C02,PG_BOOL_R048,Y2,arithmetic_expression,2,parenthesized_predicate,6,=,((INT * INT) = INT),cdb01a727528d13d0c6a73cb,required_tokens + skeleton_family + delimiter_integrity + boolean_signal
PG_BOOL_R048_C03,PG_BOOL_R048,Y2,arithmetic_expression,3,negated_inverse_predicate,6,=|NOT,NOT ((INT * INT) = INT),ab2fa460c9450a35ccb883bc,required_tokens + skeleton_family + delimiter_integrity + boolean_signal
PG_BOOL_R048_C04,PG_BOOL_R048,Y2,arithmetic_expression,4,is_true_wrapper,6,=|IS|TRUE,((INT * INT) = INT) IS TRUE,06bca64bab7e84112dd70ade,required_tokens + skeleton_family + delimiter_integrity + boolean_signal
PG_BOOL_R048_C05,PG_BOOL_R048,Y2,arithmetic_expression,5,is_not_false_wrapper,6,=|FALSE|IS|NOT,((INT * INT) = INT) IS NOT FALSE,4c93b4bc1d32dc5f42e8063a,required_tokens + skeleton_family + delimiter_integrity + boolean_signal
PG_BOOL_R048_C06,PG_BOOL_R048,Y2,arithmetic_expression,6,case_boolean_wrapper,6,=|CASE|ELSE|END|FALSE|THEN|TRUE|WHEN,CASE WHEN ((INT * INT) = INT) THEN TRUE ELSE FALSE END,11005f2a17f4850706e697c8,required_tokens + skeleton_family + delimiter_integrity + boolean_signal
PG_BOOL_R048_C07,PG_BOOL_R048,Y2,arithmetic_expression,7,and_true_guard,6,=|AND,((INT * INT) = INT) AND (INT = INT),e0135cecfdd1ac5372e73775,required_tokens + skeleton_family + delimiter_integrity + boolean_signal
PG_BOOL_R048_C08,PG_BOOL_R048,Y2,arithmetic_expression,8,or_false_guard,6,<|<>|=|>|OR,((INT * INT) = INT) OR (INT <> INT),e03ae2222208e71eb92e465b,required_tokens + skeleton_family + delimiter_integrity + boolean_signal
PG_BOOL_R048_C09,PG_BOOL_R048,Y2,arithmetic_expression,9,equals_true_wrapper,6,=|TRUE,(((INT * INT) = INT) = TRUE),bb97d0aee0197565d30892ff,required_tokens + skeleton_family + delimiter_integrity + boolean_signal
PG_BOOL_R048_C10,PG_BOOL_R048,Y2,arithmetic_expression,10,coalesce_false_wrapper,6,=|COALESCE|FALSE,"COALESCE(((INT * INT) = INT), FALSE)",95c3837f899bb1b4a1346141,required_tokens + skeleton_family + delimiter_integrity + boolean_signal
PG_BOOL_R049_C01,PG_BOOL_R049,Y2,arithmetic_expression,1,base_predicate,6,=,(INT % INT) = INT,68e684d66ab3ee125562b8ad,required_tokens + skeleton_family + delimiter_integrity + boolean_signal
PG_BOOL_R049_C02,PG_BOOL_R049,Y2,arithmetic_expression,2,parenthesized_predicate,6,=,((INT % INT) = INT),c0810f8502c0aa2b2f9ad2e7,required_tokens + skeleton_family + delimiter_integrity + boolean_signal
PG_BOOL_R049_C03,PG_BOOL_R049,Y2,arithmetic_expression,3,negated_inverse_predicate,6,=|NOT,NOT ((INT % INT) = INT),c33056012014b0b6a6a5ac1c,required_tokens + skeleton_family + delimiter_integrity + boolean_signal
PG_BOOL_R049_C04,PG_BOOL_R049,Y2,arithmetic_expression,4,is_true_wrapper,6,=|IS|TRUE,((INT % INT) = INT) IS TRUE,e7e042ca1734475ef6bfa019,required_tokens + skeleton_family + delimiter_integrity + boolean_signal
PG_BOOL_R049_C05,PG_BOOL_R049,Y2,arithmetic_expression,5,is_not_false_wrapper,6,=|FALSE|IS|NOT,((INT % INT) = INT) IS NOT FALSE,b85877e168d9b33f06b7d7fc,required_tokens + skeleton_family + delimiter_integrity + boolean_signal
PG_BOOL_R049_C06,PG_BOOL_R049,Y2,arithmetic_expression,6,case_boolean_wrapper,6,=|CASE|ELSE|END|FALSE|THEN|TRUE|WHEN,CASE WHEN ((INT % INT) = INT) THEN TRUE ELSE FALSE END,99404349647d55f33a0b891f,required_tokens + skeleton_family + delimiter_integrity + boolean_signal
PG_BOOL_R049_C07,PG_BOOL_R049,Y2,arithmetic_expression,7,and_true_guard,6,=|AND,((INT % INT) = INT) AND (INT = INT),873532d33fa4ea519a86d5c6,required_tokens + skeleton_family + delimiter_integrity + boolean_signal
PG_BOOL_R049_C08,PG_BOOL_R049,Y2,arithmetic_expression,8,or_false_guard,6,<|<>|=|>|OR,((INT % INT) = INT) OR (INT <> INT),aa9db85fc5791dae375f9763,required_tokens + skeleton_family + delimiter_integrity + boolean_signal
PG_BOOL_R049_C09,PG_BOOL_R049,Y2,arithmetic_expression,9,equals_true_wrapper,6,=|TRUE,(((INT % INT) = INT) = TRUE),f168505743ba796910cef5a6,required_tokens + skeleton_family + delimiter_integrity + boolean_signal
PG_BOOL_R049_C10,PG_BOOL_R049,Y2,arithmetic_expression,10,coalesce_false_wrapper,6,=|COALESCE|FALSE,"COALESCE(((INT % INT) = INT), FALSE)",a3c393f008878ff74351f794,required_tokens + skeleton_family + delimiter_integrity + boolean_signal
PG_BOOL_R050_C01,PG_BOOL_R050,Y2,arithmetic_expression,1,base_predicate,6,>,((INT + INT) > INT),097355e0ed8f09eb1b909d76,required_tokens + skeleton_family + delimiter_integrity + boolean_signal
PG_BOOL_R050_C02,PG_BOOL_R050,Y2,arithmetic_expression,2,parenthesized_predicate,6,>,(((INT + INT) > INT)),9a779ab00fb2b3470d4b6976,required_tokens + skeleton_family + delimiter_integrity + boolean_signal
PG_BOOL_R050_C03,PG_BOOL_R050,Y2,arithmetic_expression,3,negated_inverse_predicate,6,>|NOT,NOT (((INT + INT) > INT)),a7d1a4543126bd81462e2db8,required_tokens + skeleton_family + delimiter_integrity + boolean_signal
PG_BOOL_R050_C04,PG_BOOL_R050,Y2,arithmetic_expression,4,is_true_wrapper,6,>|IS|TRUE,(((INT + INT) > INT)) IS TRUE,5a992f06f4fed6bd6564b09a,required_tokens + skeleton_family + delimiter_integrity + boolean_signal
PG_BOOL_R050_C05,PG_BOOL_R050,Y2,arithmetic_expression,5,is_not_false_wrapper,6,>|FALSE|IS|NOT,(((INT + INT) > INT)) IS NOT FALSE,182f3836b919d152e8e226b1,required_tokens + skeleton_family + delimiter_integrity + boolean_signal
PG_BOOL_R050_C06,PG_BOOL_R050,Y2,arithmetic_expression,6,case_boolean_wrapper,6,>|CASE|ELSE|END|FALSE|THEN|TRUE|WHEN,CASE WHEN (((INT + INT) > INT)) THEN TRUE ELSE FALSE END,812e41e09bc19de08e4cdef8,required_tokens + skeleton_family + delimiter_integrity + boolean_signal
PG_BOOL_R050_C07,PG_BOOL_R050,Y2,arithmetic_expression,7,and_true_guard,6,=|>|AND,(((INT + INT) > INT)) AND (INT = INT),eb84f26c99d9ef3ef670c2e2,required_tokens + skeleton_family + delimiter_integrity + boolean_signal
PG_BOOL_R050_C08,PG_BOOL_R050,Y2,arithmetic_expression,8,or_false_guard,6,<|<>|>|OR,(((INT + INT) > INT)) OR (INT <> INT),c6fe60bc590f8457ba80d562,required_tokens + skeleton_family + delimiter_integrity + boolean_signal
PG_BOOL_R050_C09,PG_BOOL_R050,Y2,arithmetic_expression,9,equals_true_wrapper,6,=|>|TRUE,((((INT + INT) > INT)) = TRUE),ead95ce9cd4fdb1ec6605f67,required_tokens + skeleton_family + delimiter_integrity + boolean_signal
PG_BOOL_R050_C10,PG_BOOL_R050,Y2,arithmetic_expression,10,coalesce_false_wrapper,6,>|COALESCE|FALSE,"COALESCE((((INT + INT) > INT)), FALSE)",0ff9d278603b2dddf59909e8,required_tokens + skeleton_family + delimiter_integrity + boolean_signal
PG_BOOL_R051_C01,PG_BOOL_R051,Y2,array_operator,1,base_predicate,6,>|@>|ARRAY,"ARRAY[INT, INT, INT] @> ARRAY[INT]",7189860fd2845eb34fdaece7,required_tokens + skeleton_family + delimiter_integrity + boolean_signal
PG_BOOL_R051_C02,PG_BOOL_R051,Y2,array_operator,2,parenthesized_predicate,6,>|@>|ARRAY,"(ARRAY[INT, INT, INT] @> ARRAY[INT])",d475755467f2ba59011f013c,required_tokens + skeleton_family + delimiter_integrity + boolean_signal
PG_BOOL_R051_C03,PG_BOOL_R051,Y2,array_operator,3,negated_inverse_predicate,6,>|@>|ARRAY|NOT,"NOT (ARRAY[INT, INT, INT] @> ARRAY[INT])",528d26ed21db1fa9b883a9b7,required_tokens + skeleton_family + delimiter_integrity + boolean_signal
PG_BOOL_R051_C04,PG_BOOL_R051,Y2,array_operator,4,is_true_wrapper,6,>|@>|ARRAY|IS|TRUE,"(ARRAY[INT, INT, INT] @> ARRAY[INT]) IS TRUE",d481cec981fe4333e595e578,required_tokens + skeleton_family + delimiter_integrity + boolean_signal
PG_BOOL_R051_C05,PG_BOOL_R051,Y2,array_operator,5,is_not_false_wrapper,6,>|@>|ARRAY|FALSE|IS|NOT,"(ARRAY[INT, INT, INT] @> ARRAY[INT]) IS NOT FALSE",4a1ff3e20ae19c3e22a53fc1,required_tokens + skeleton_family + delimiter_integrity + boolean_signal
PG_BOOL_R051_C06,PG_BOOL_R051,Y2,array_operator,6,case_boolean_wrapper,6,>|@>|ARRAY|CASE|ELSE|END|FALSE|THEN|TRUE|WHEN,"CASE WHEN (ARRAY[INT, INT, INT] @> ARRAY[INT]) THEN TRUE ELSE FALSE END",8349c5afb2fc5ad6a2666cfc,required_tokens + skeleton_family + delimiter_integrity + boolean_signal
PG_BOOL_R051_C07,PG_BOOL_R051,Y2,array_operator,7,and_true_guard,6,=|>|@>|AND|ARRAY,"(ARRAY[INT, INT, INT] @> ARRAY[INT]) AND (INT = INT)",920f08562c24af6a7e197c01,required_tokens + skeleton_family + delimiter_integrity + boolean_signal
PG_BOOL_R051_C08,PG_BOOL_R051,Y2,array_operator,8,or_false_guard,6,<|<>|>|@>|ARRAY|OR,"(ARRAY[INT, INT, INT] @> ARRAY[INT]) OR (INT <> INT)",4f170c52007481211a458285,required_tokens + skeleton_family + delimiter_integrity + boolean_signal
PG_BOOL_R051_C09,PG_BOOL_R051,Y2,array_operator,9,equals_true_wrapper,6,=|>|@>|ARRAY|TRUE,"((ARRAY[INT, INT, INT] @> ARRAY[INT]) = TRUE)",eebcc68d6c320075e59a49f6,required_tokens + skeleton_family + delimiter_integrity + boolean_signal
PG_BOOL_R051_C10,PG_BOOL_R051,Y2,array_operator,10,coalesce_false_wrapper,6,>|@>|ARRAY|COALESCE|FALSE,"COALESCE((ARRAY[INT, INT, INT] @> ARRAY[INT]), FALSE)",dbfc35915cbdc611a56cb7cf,required_tokens + skeleton_family + delimiter_integrity + boolean_signal
PG_BOOL_R052_C01,PG_BOOL_R052,Y2,array_operator,1,base_predicate,6,<|<@|ARRAY,"ARRAY[INT, INT] <@ ARRAY[INT, INT, INT]",631d7a7d6f7edad7d6965426,required_tokens + skeleton_family + delimiter_integrity + boolean_signal
PG_BOOL_R052_C02,PG_BOOL_R052,Y2,array_operator,2,parenthesized_predicate,6,<|<@|ARRAY,"(ARRAY[INT, INT] <@ ARRAY[INT, INT, INT])",b538d92ccda3988c156d868a,required_tokens + skeleton_family + delimiter_integrity + boolean_signal
PG_BOOL_R052_C03,PG_BOOL_R052,Y2,array_operator,3,negated_inverse_predicate,6,<|<@|ARRAY|NOT,"NOT (ARRAY[INT, INT] <@ ARRAY[INT, INT, INT])",4e0d4be95e82a3e1405a11f9,required_tokens + skeleton_family + delimiter_integrity + boolean_signal
PG_BOOL_R052_C04,PG_BOOL_R052,Y2,array_operator,4,is_true_wrapper,6,<|<@|ARRAY|IS|TRUE,"(ARRAY[INT, INT] <@ ARRAY[INT, INT, INT]) IS TRUE",2601fa677666b7cbab3bf175,required_tokens + skeleton_family + delimiter_integrity + boolean_signal
PG_BOOL_R052_C05,PG_BOOL_R052,Y2,array_operator,5,is_not_false_wrapper,6,<|<@|ARRAY|FALSE|IS|NOT,"(ARRAY[INT, INT] <@ ARRAY[INT, INT, INT]) IS NOT FALSE",aab3e4ee4ef1663221a09649,required_tokens + skeleton_family + delimiter_integrity + boolean_signal
PG_BOOL_R052_C06,PG_BOOL_R052,Y2,array_operator,6,case_boolean_wrapper,6,<|<@|ARRAY|CASE|ELSE|END|FALSE|THEN|TRUE|WHEN,"CASE WHEN (ARRAY[INT, INT] <@ ARRAY[INT, INT, INT]) THEN TRUE ELSE FALSE END",fc8a009647840b2f90806543,required_tokens + skeleton_family + delimiter_integrity + boolean_signal
PG_BOOL_R052_C07,PG_BOOL_R052,Y2,array_operator,7,and_true_guard,6,<|<@|=|AND|ARRAY,"(ARRAY[INT, INT] <@ ARRAY[INT, INT, INT]) AND (INT = INT)",452ba4b4095a994d92ecac72,required_tokens + skeleton_family + delimiter_integrity + boolean_signal
PG_BOOL_R052_C08,PG_BOOL_R052,Y2,array_operator,8,or_false_guard,6,<|<>|<@|>|ARRAY|OR,"(ARRAY[INT, INT] <@ ARRAY[INT, INT, INT]) OR (INT <> INT)",aed9521b01129fcc2f2c232b,required_tokens + skeleton_family + delimiter_integrity + boolean_signal
PG_BOOL_R052_C09,PG_BOOL_R052,Y2,array_operator,9,equals_true_wrapper,6,<|<@|=|ARRAY|TRUE,"((ARRAY[INT, INT] <@ ARRAY[INT, INT, INT]) = TRUE)",7c8a946c3dc56389d282f6b5,required_tokens + skeleton_family + delimiter_integrity + boolean_signal
PG_BOOL_R052_C10,PG_BOOL_R052,Y2,array_operator,10,coalesce_false_wrapper,6,<|<@|ARRAY|COALESCE|FALSE,"COALESCE((ARRAY[INT, INT] <@ ARRAY[INT, INT, INT]), FALSE)",132f81de7ca22291edfaaa82,required_tokens + skeleton_family + delimiter_integrity + boolean_signal
PG_BOOL_R053_C01,PG_BOOL_R053,Y2,array_operator,1,base_predicate,6,&&|ARRAY,"ARRAY[INT, INT] && ARRAY[INT, INT]",831147ece25b5e9364f806f2,required_tokens + skeleton_family + delimiter_integrity + boolean_signal
PG_BOOL_R053_C02,PG_BOOL_R053,Y2,array_operator,2,parenthesized_predicate,6,&&|ARRAY,"(ARRAY[INT, INT] && ARRAY[INT, INT])",ca9a684770886d02860b6259,required_tokens + skeleton_family + delimiter_integrity + boolean_signal
PG_BOOL_R053_C03,PG_BOOL_R053,Y2,array_operator,3,negated_inverse_predicate,6,&&|ARRAY|NOT,"NOT (ARRAY[INT, INT] && ARRAY[INT, INT])",f7e828f16e2621326d503361,required_tokens + skeleton_family + delimiter_integrity + boolean_signal
PG_BOOL_R053_C04,PG_BOOL_R053,Y2,array_operator,4,is_true_wrapper,6,&&|ARRAY|IS|TRUE,"(ARRAY[INT, INT] && ARRAY[INT, INT]) IS TRUE",333bb3208b8918d9433ae83f,required_tokens + skeleton_family + delimiter_integrity + boolean_signal
PG_BOOL_R053_C05,PG_BOOL_R053,Y2,array_operator,5,is_not_false_wrapper,6,&&|ARRAY|FALSE|IS|NOT,"(ARRAY[INT, INT] && ARRAY[INT, INT]) IS NOT FALSE",1e5c192bdc98de6191af6bdd,required_tokens + skeleton_family + delimiter_integrity + boolean_signal
PG_BOOL_R053_C06,PG_BOOL_R053,Y2,array_operator,6,case_boolean_wrapper,6,&&|ARRAY|CASE|ELSE|END|FALSE|THEN|TRUE|WHEN,"CASE WHEN (ARRAY[INT, INT] && ARRAY[INT, INT]) THEN TRUE ELSE FALSE END",e6e8777b83ea21034ad759f7,required_tokens + skeleton_family + delimiter_integrity + boolean_signal
PG_BOOL_R053_C07,PG_BOOL_R053,Y2,array_operator,7,and_true_guard,6,&&|=|AND|ARRAY,"(ARRAY[INT, INT] && ARRAY[INT, INT]) AND (INT = INT)",6b3ec20a83fe8aaea804db27,required_tokens + skeleton_family + delimiter_integrity + boolean_signal
PG_BOOL_R053_C08,PG_BOOL_R053,Y2,array_operator,8,or_false_guard,6,&&|<|<>|>|ARRAY|OR,"(ARRAY[INT, INT] && ARRAY[INT, INT]) OR (INT <> INT)",62bc9eab06f9bc1860c7bef6,required_tokens + skeleton_family + delimiter_integrity + boolean_signal
PG_BOOL_R053_C09,PG_BOOL_R053,Y2,array_operator,9,equals_true_wrapper,6,&&|=|ARRAY|TRUE,"((ARRAY[INT, INT] && ARRAY[INT, INT]) = TRUE)",b77601781d1ae2a1bf69ac6c,required_tokens + skeleton_family + delimiter_integrity + boolean_signal
PG_BOOL_R053_C10,PG_BOOL_R053,Y2,array_operator,10,coalesce_false_wrapper,6,&&|ARRAY|COALESCE|FALSE,"COALESCE((ARRAY[INT, INT] && ARRAY[INT, INT]), FALSE)",a9eb4bba6c23fb1eb6948b1f,required_tokens + skeleton_family + delimiter_integrity + boolean_signal
PG_BOOL_R054_C01,PG_BOOL_R054,Y2,array_operator,1,base_predicate,6,=|ARRAY,"ARRAY_LENGTH(ARRAY[INT, INT, INT], INT) = INT",1e3129346a162b6f2eb8c155,required_tokens + skeleton_family + delimiter_integrity + boolean_signal
PG_BOOL_R054_C02,PG_BOOL_R054,Y2,array_operator,2,parenthesized_predicate,6,=|ARRAY,"(ARRAY_LENGTH(ARRAY[INT, INT, INT], INT) = INT)",d0d059eb604b8ef62b4cb21f,required_tokens + skeleton_family + delimiter_integrity + boolean_signal
PG_BOOL_R054_C03,PG_BOOL_R054,Y2,array_operator,3,negated_inverse_predicate,6,=|ARRAY|NOT,"NOT (ARRAY_LENGTH(ARRAY[INT, INT, INT], INT) = INT)",49776eef814548de03717fcb,required_tokens + skeleton_family + delimiter_integrity + boolean_signal
PG_BOOL_R054_C04,PG_BOOL_R054,Y2,array_operator,4,is_true_wrapper,6,=|ARRAY|IS|TRUE,"(ARRAY_LENGTH(ARRAY[INT, INT, INT], INT) = INT) IS TRUE",614cdacee55a84e584b7bb42,required_tokens + skeleton_family + delimiter_integrity + boolean_signal
PG_BOOL_R054_C05,PG_BOOL_R054,Y2,array_operator,5,is_not_false_wrapper,6,=|ARRAY|FALSE|IS|NOT,"(ARRAY_LENGTH(ARRAY[INT, INT, INT], INT) = INT) IS NOT FALSE",3bbbd821eae67612810638fc,required_tokens + skeleton_family + delimiter_integrity + boolean_signal
PG_BOOL_R054_C06,PG_BOOL_R054,Y2,array_operator,6,case_boolean_wrapper,6,=|ARRAY|CASE|ELSE|END|FALSE|THEN|TRUE|WHEN,"CASE WHEN (ARRAY_LENGTH(ARRAY[INT, INT, INT], INT) = INT) THEN TRUE ELSE FALSE END",5eccdbe74bd9c3dcc061519e,required_tokens + skeleton_family + delimiter_integrity + boolean_signal
PG_BOOL_R054_C07,PG_BOOL_R054,Y2,array_operator,7,and_true_guard,6,=|AND|ARRAY,"(ARRAY_LENGTH(ARRAY[INT, INT, INT], INT) = INT) AND (INT = INT)",ee8d548707fcea4c004ac40b,required_tokens + skeleton_family + delimiter_integrity + boolean_signal
PG_BOOL_R054_C08,PG_BOOL_R054,Y2,array_operator,8,or_false_guard,6,<|<>|=|>|ARRAY|OR,"(ARRAY_LENGTH(ARRAY[INT, INT, INT], INT) = INT) OR (INT <> INT)",877d2425f03147a322a1b6f7,required_tokens + skeleton_family + delimiter_integrity + boolean_signal
PG_BOOL_R054_C09,PG_BOOL_R054,Y2,array_operator,9,equals_true_wrapper,6,=|ARRAY|TRUE,"((ARRAY_LENGTH(ARRAY[INT, INT, INT], INT) = INT) = TRUE)",4d5ca4cf5fb17dfead930a6f,required_tokens + skeleton_family + delimiter_integrity + boolean_signal
PG_BOOL_R054_C10,PG_BOOL_R054,Y2,array_operator,10,coalesce_false_wrapper,6,=|ARRAY|COALESCE|FALSE,"COALESCE((ARRAY_LENGTH(ARRAY[INT, INT, INT], INT) = INT), FALSE)",6bf1cd87eb26e80ae997ede2,required_tokens + skeleton_family + delimiter_integrity + boolean_signal
PG_BOOL_R055_C01,PG_BOOL_R055,Y2,array_operator,1,base_predicate,6,=|ANY|ARRAY,"INT = ANY(ARRAY[INT, INT, INT])",b0715bbb975c9a15efe6683e,required_tokens + skeleton_family + delimiter_integrity + boolean_signal
PG_BOOL_R055_C02,PG_BOOL_R055,Y2,array_operator,2,parenthesized_predicate,6,=|ANY|ARRAY,"(INT = ANY(ARRAY[INT, INT, INT]))",fc0fcb213d2e955dddd1e511,required_tokens + skeleton_family + delimiter_integrity + boolean_signal
PG_BOOL_R055_C03,PG_BOOL_R055,Y2,array_operator,3,negated_inverse_predicate,6,=|ANY|ARRAY|NOT,"NOT (INT = ANY(ARRAY[INT, INT, INT]))",3d903a398e119ae9236f23b5,required_tokens + skeleton_family + delimiter_integrity + boolean_signal
PG_BOOL_R055_C04,PG_BOOL_R055,Y2,array_operator,4,is_true_wrapper,6,=|ANY|ARRAY|IS|TRUE,"(INT = ANY(ARRAY[INT, INT, INT])) IS TRUE",af4d3e0d4c1706cf59be2a0e,required_tokens + skeleton_family + delimiter_integrity + boolean_signal
PG_BOOL_R055_C05,PG_BOOL_R055,Y2,array_operator,5,is_not_false_wrapper,6,=|ANY|ARRAY|FALSE|IS|NOT,"(INT = ANY(ARRAY[INT, INT, INT])) IS NOT FALSE",387c721cfe053d454e5a41bd,required_tokens + skeleton_family + delimiter_integrity + boolean_signal
PG_BOOL_R055_C06,PG_BOOL_R055,Y2,array_operator,6,case_boolean_wrapper,6,=|ANY|ARRAY|CASE|ELSE|END|FALSE|THEN|TRUE|WHEN,"CASE WHEN (INT = ANY(ARRAY[INT, INT, INT])) THEN TRUE ELSE FALSE END",1bd5a741326a9be7b645ba8a,required_tokens + skeleton_family + delimiter_integrity + boolean_signal
PG_BOOL_R055_C07,PG_BOOL_R055,Y2,array_operator,7,and_true_guard,6,=|AND|ANY|ARRAY,"(INT = ANY(ARRAY[INT, INT, INT])) AND (INT = INT)",a0b2c6d82aa07d4aa00f215f,required_tokens + skeleton_family + delimiter_integrity + boolean_signal
PG_BOOL_R055_C08,PG_BOOL_R055,Y2,array_operator,8,or_false_guard,6,<|<>|=|>|ANY|ARRAY|OR,"(INT = ANY(ARRAY[INT, INT, INT])) OR (INT <> INT)",8123515de49ffb50df71a003,required_tokens + skeleton_family + delimiter_integrity + boolean_signal
PG_BOOL_R055_C09,PG_BOOL_R055,Y2,array_operator,9,equals_true_wrapper,6,=|ANY|ARRAY|TRUE,"((INT = ANY(ARRAY[INT, INT, INT])) = TRUE)",415ba4fbba97ceb499eb57f9,required_tokens + skeleton_family + delimiter_integrity + boolean_signal
PG_BOOL_R055_C10,PG_BOOL_R055,Y2,array_operator,10,coalesce_false_wrapper,6,=|ANY|ARRAY|COALESCE|FALSE,"COALESCE((INT = ANY(ARRAY[INT, INT, INT])), FALSE)",3ffcc923aa69b55a91c02ffc,required_tokens + skeleton_family + delimiter_integrity + boolean_signal
PG_BOOL_R056_C01,PG_BOOL_R056,Y2,row_comparison,1,base_predicate,6,=|ROW,"ROW(INT, STR) = ROW(INT, STR)",5a8716b4dc286291f50cfb02,required_tokens + skeleton_family + delimiter_integrity + boolean_signal
PG_BOOL_R056_C02,PG_BOOL_R056,Y2,row_comparison,2,parenthesized_predicate,6,=|ROW,"(ROW(INT, STR) = ROW(INT, STR))",6cc4ea4fd7a59e6088839eec,required_tokens + skeleton_family + delimiter_integrity + boolean_signal
PG_BOOL_R056_C03,PG_BOOL_R056,Y2,row_comparison,3,negated_inverse_predicate,6,=|NOT|ROW,"NOT (ROW(INT, STR) = ROW(INT, STR))",8aab71d0a2ee2358ee65dd4f,required_tokens + skeleton_family + delimiter_integrity + boolean_signal
PG_BOOL_R056_C04,PG_BOOL_R056,Y2,row_comparison,4,is_true_wrapper,6,=|IS|ROW|TRUE,"(ROW(INT, STR) = ROW(INT, STR)) IS TRUE",dfb30e21dc4ff8d4a710be5d,required_tokens + skeleton_family + delimiter_integrity + boolean_signal
PG_BOOL_R056_C05,PG_BOOL_R056,Y2,row_comparison,5,is_not_false_wrapper,6,=|FALSE|IS|NOT|ROW,"(ROW(INT, STR) = ROW(INT, STR)) IS NOT FALSE",b2f6a09e4599219272530481,required_tokens + skeleton_family + delimiter_integrity + boolean_signal
PG_BOOL_R056_C06,PG_BOOL_R056,Y2,row_comparison,6,case_boolean_wrapper,6,=|CASE|ELSE|END|FALSE|ROW|THEN|TRUE|WHEN,"CASE WHEN (ROW(INT, STR) = ROW(INT, STR)) THEN TRUE ELSE FALSE END",ab880fd0047777af6b5aff41,required_tokens + skeleton_family + delimiter_integrity + boolean_signal
PG_BOOL_R056_C07,PG_BOOL_R056,Y2,row_comparison,7,and_true_guard,6,=|AND|ROW,"(ROW(INT, STR) = ROW(INT, STR)) AND (INT = INT)",8a5005d3f576edc0bd14b81f,required_tokens + skeleton_family + delimiter_integrity + boolean_signal
PG_BOOL_R056_C08,PG_BOOL_R056,Y2,row_comparison,8,or_false_guard,6,<|<>|=|>|OR|ROW,"(ROW(INT, STR) = ROW(INT, STR)) OR (INT <> INT)",22ced4e19fd699a845a02d96,required_tokens + skeleton_family + delimiter_integrity + boolean_signal
PG_BOOL_R056_C09,PG_BOOL_R056,Y2,row_comparison,9,equals_true_wrapper,6,=|ROW|TRUE,"((ROW(INT, STR) = ROW(INT, STR)) = TRUE)",1f83f2447662847ae00e25c4,required_tokens + skeleton_family + delimiter_integrity + boolean_signal
PG_BOOL_R056_C10,PG_BOOL_R056,Y2,row_comparison,10,coalesce_false_wrapper,6,=|COALESCE|FALSE|ROW,"COALESCE((ROW(INT, STR) = ROW(INT, STR)), FALSE)",2c0f8d90fc72d8efa597c607,required_tokens + skeleton_family + delimiter_integrity + boolean_signal
PG_BOOL_R057_C01,PG_BOOL_R057,Y2,row_comparison,1,base_predicate,6,<|<>|>|ROW,"ROW(INT, INT) <> ROW(INT, INT)",8684a1250b0c0d6f4d80c261,required_tokens + skeleton_family + delimiter_integrity + boolean_signal
PG_BOOL_R057_C02,PG_BOOL_R057,Y2,row_comparison,2,parenthesized_predicate,6,<|<>|>|ROW,"(ROW(INT, INT) <> ROW(INT, INT))",f23da14b9f8a9f462d824fed,required_tokens + skeleton_family + delimiter_integrity + boolean_signal
PG_BOOL_R057_C03,PG_BOOL_R057,Y2,row_comparison,3,negated_inverse_predicate,6,<|<>|>|NOT|ROW,"NOT (ROW(INT, INT) <> ROW(INT, INT))",17314ed893d1c6f19f462bc2,required_tokens + skeleton_family + delimiter_integrity + boolean_signal
PG_BOOL_R057_C04,PG_BOOL_R057,Y2,row_comparison,4,is_true_wrapper,6,<|<>|>|IS|ROW|TRUE,"(ROW(INT, INT) <> ROW(INT, INT)) IS TRUE",3b7b046c7aade0613d07745d,required_tokens + skeleton_family + delimiter_integrity + boolean_signal
PG_BOOL_R057_C05,PG_BOOL_R057,Y2,row_comparison,5,is_not_false_wrapper,6,<|<>|>|FALSE|IS|NOT|ROW,"(ROW(INT, INT) <> ROW(INT, INT)) IS NOT FALSE",6f27162324e7072de15ac5f2,required_tokens + skeleton_family + delimiter_integrity + boolean_signal
PG_BOOL_R057_C06,PG_BOOL_R057,Y2,row_comparison,6,case_boolean_wrapper,6,<|<>|>|CASE|ELSE|END|FALSE|ROW|THEN|TRUE|WHEN,"CASE WHEN (ROW(INT, INT) <> ROW(INT, INT)) THEN TRUE ELSE FALSE END",e69442419129a1f23cf395fb,required_tokens + skeleton_family + delimiter_integrity + boolean_signal
PG_BOOL_R057_C07,PG_BOOL_R057,Y2,row_comparison,7,and_true_guard,6,<|<>|=|>|AND|ROW,"(ROW(INT, INT) <> ROW(INT, INT)) AND (INT = INT)",1a895d8d4e5f8a86f6b6c936,required_tokens + skeleton_family + delimiter_integrity + boolean_signal
PG_BOOL_R057_C08,PG_BOOL_R057,Y2,row_comparison,8,or_false_guard,6,<|<>|>|OR|ROW,"(ROW(INT, INT) <> ROW(INT, INT)) OR (INT <> INT)",1cd2d6cf427b1b6c4215c267,required_tokens + skeleton_family + delimiter_integrity + boolean_signal
PG_BOOL_R057_C09,PG_BOOL_R057,Y2,row_comparison,9,equals_true_wrapper,6,<|<>|=|>|ROW|TRUE,"((ROW(INT, INT) <> ROW(INT, INT)) = TRUE)",d19bb2441fbc04d3ccee6554,required_tokens + skeleton_family + delimiter_integrity + boolean_signal
PG_BOOL_R057_C10,PG_BOOL_R057,Y2,row_comparison,10,coalesce_false_wrapper,6,<|<>|>|COALESCE|FALSE|ROW,"COALESCE((ROW(INT, INT) <> ROW(INT, INT)), FALSE)",8b2fb238d45f622d474d6997,required_tokens + skeleton_family + delimiter_integrity + boolean_signal
PG_BOOL_R058_C01,PG_BOOL_R058,Y2,row_comparison,1,base_predicate,6,DISTINCT|FROM|IS|ROW,"ROW(INT, STR) IS DISTINCT FROM ROW(INT, STR)",2c91ee4f007d8b146ec8fe80,required_tokens + skeleton_family + delimiter_integrity + boolean_signal
PG_BOOL_R058_C02,PG_BOOL_R058,Y2,row_comparison,2,parenthesized_predicate,6,DISTINCT|FROM|IS|ROW,"(ROW(INT, STR) IS DISTINCT FROM ROW(INT, STR))",854e9da5778680cda5b549fb,required_tokens + skeleton_family + delimiter_integrity + boolean_signal
PG_BOOL_R058_C03,PG_BOOL_R058,Y2,row_comparison,3,negated_inverse_predicate,6,DISTINCT|FROM|IS|NOT|ROW,"NOT (ROW(INT, STR) IS NOT DISTINCT FROM ROW(INT, STR))",e06506df8efe615058e7b7f9,required_tokens + skeleton_family + delimiter_integrity + boolean_signal
PG_BOOL_R058_C04,PG_BOOL_R058,Y2,row_comparison,4,is_true_wrapper,6,DISTINCT|FROM|IS|ROW|TRUE,"(ROW(INT, STR) IS DISTINCT FROM ROW(INT, STR)) IS TRUE",e649248ebfa588bfe6ae4fc2,required_tokens + skeleton_family + delimiter_integrity + boolean_signal
PG_BOOL_R058_C05,PG_BOOL_R058,Y2,row_comparison,5,is_not_false_wrapper,6,DISTINCT|FALSE|FROM|IS|NOT|ROW,"(ROW(INT, STR) IS DISTINCT FROM ROW(INT, STR)) IS NOT FALSE",5f3c12b8fc7743207e9d914e,required_tokens + skeleton_family + delimiter_integrity + boolean_signal
PG_BOOL_R058_C06,PG_BOOL_R058,Y2,row_comparison,6,case_boolean_wrapper,6,CASE|DISTINCT|ELSE|END|FALSE|FROM|IS|ROW|THEN|TRUE|WHEN,"CASE WHEN (ROW(INT, STR) IS DISTINCT FROM ROW(INT, STR)) THEN TRUE ELSE FALSE END",f25b8775bfea46f3f5028707,required_tokens + skeleton_family + delimiter_integrity + boolean_signal
PG_BOOL_R058_C07,PG_BOOL_R058,Y2,row_comparison,7,and_true_guard,6,=|AND|DISTINCT|FROM|IS|ROW,"(ROW(INT, STR) IS DISTINCT FROM ROW(INT, STR)) AND (INT = INT)",4c39f0f17517521a9642ad7e,required_tokens + skeleton_family + delimiter_integrity + boolean_signal
PG_BOOL_R058_C08,PG_BOOL_R058,Y2,row_comparison,8,or_false_guard,6,<|<>|>|DISTINCT|FROM|IS|OR|ROW,"(ROW(INT, STR) IS DISTINCT FROM ROW(INT, STR)) OR (INT <> INT)",6b234eff004a2149a0427131,required_tokens + skeleton_family + delimiter_integrity + boolean_signal
PG_BOOL_R058_C09,PG_BOOL_R058,Y2,row_comparison,9,equals_true_wrapper,6,=|DISTINCT|FROM|IS|ROW|TRUE,"((ROW(INT, STR) IS DISTINCT FROM ROW(INT, STR)) = TRUE)",2f008447f0cb47257054fff2,required_tokens + skeleton_family + delimiter_integrity + boolean_signal
PG_BOOL_R058_C10,PG_BOOL_R058,Y2,row_comparison,10,coalesce_false_wrapper,6,COALESCE|DISTINCT|FALSE|FROM|IS|ROW,"COALESCE((ROW(INT, STR) IS DISTINCT FROM ROW(INT, STR)), FALSE)",8a3a38882e7c67830d47b515,required_tokens + skeleton_family + delimiter_integrity + boolean_signal
PG_BOOL_R059_C01,PG_BOOL_R059,Y2,row_comparison,1,base_predicate,6,<|ROW,"ROW(INT, INT) < ROW(INT, INT)",1a2644f2a838e040877e829f,required_tokens + skeleton_family + delimiter_integrity + boolean_signal
PG_BOOL_R059_C02,PG_BOOL_R059,Y2,row_comparison,2,parenthesized_predicate,6,<|ROW,"(ROW(INT, INT) < ROW(INT, INT))",75b958258dbceede4962a5cd,required_tokens + skeleton_family + delimiter_integrity + boolean_signal
PG_BOOL_R059_C03,PG_BOOL_R059,Y2,row_comparison,3,negated_inverse_predicate,6,<|NOT|ROW,"NOT (ROW(INT, INT) < ROW(INT, INT))",62048578fa43ee568dab0765,required_tokens + skeleton_family + delimiter_integrity + boolean_signal
PG_BOOL_R059_C04,PG_BOOL_R059,Y2,row_comparison,4,is_true_wrapper,6,<|IS|ROW|TRUE,"(ROW(INT, INT) < ROW(INT, INT)) IS TRUE",55f5aa4f89038126889c1c9d,required_tokens + skeleton_family + delimiter_integrity + boolean_signal
PG_BOOL_R059_C05,PG_BOOL_R059,Y2,row_comparison,5,is_not_false_wrapper,6,<|FALSE|IS|NOT|ROW,"(ROW(INT, INT) < ROW(INT, INT)) IS NOT FALSE",f01bc14e096d10aef9116495,required_tokens + skeleton_family + delimiter_integrity + boolean_signal
PG_BOOL_R059_C06,PG_BOOL_R059,Y2,row_comparison,6,case_boolean_wrapper,6,<|CASE|ELSE|END|FALSE|ROW|THEN|TRUE|WHEN,"CASE WHEN (ROW(INT, INT) < ROW(INT, INT)) THEN TRUE ELSE FALSE END",f6a89b8815ba20706c8358f9,required_tokens + skeleton_family + delimiter_integrity + boolean_signal
PG_BOOL_R059_C07,PG_BOOL_R059,Y2,row_comparison,7,and_true_guard,6,<|=|AND|ROW,"(ROW(INT, INT) < ROW(INT, INT)) AND (INT = INT)",2baa3be40f5c5ddc8ffe6edc,required_tokens + skeleton_family + delimiter_integrity + boolean_signal
PG_BOOL_R059_C08,PG_BOOL_R059,Y2,row_comparison,8,or_false_guard,6,<|<>|>|OR|ROW,"(ROW(INT, INT) < ROW(INT, INT)) OR (INT <> INT)",17ebc92c5ccb2492c39aba82,required_tokens + skeleton_family + delimiter_integrity + boolean_signal
PG_BOOL_R059_C09,PG_BOOL_R059,Y2,row_comparison,9,equals_true_wrapper,6,<|=|ROW|TRUE,"((ROW(INT, INT) < ROW(INT, INT)) = TRUE)",3e2350175a4c5612ea09b805,required_tokens + skeleton_family + delimiter_integrity + boolean_signal
PG_BOOL_R059_C10,PG_BOOL_R059,Y2,row_comparison,10,coalesce_false_wrapper,6,<|COALESCE|FALSE|ROW,"COALESCE((ROW(INT, INT) < ROW(INT, INT)), FALSE)",41606282ae8b25cbb92359fc,required_tokens + skeleton_family + delimiter_integrity + boolean_signal
PG_BOOL_R060_C01,PG_BOOL_R060,Y2,row_comparison,1,base_predicate,6,DISTINCT|FROM|IS|NOT|ROW,"ROW(INT, STR) IS NOT DISTINCT FROM ROW(INT, STR)",77a30a00053a5a7b6baac19f,required_tokens + skeleton_family + delimiter_integrity + boolean_signal
PG_BOOL_R060_C02,PG_BOOL_R060,Y2,row_comparison,2,parenthesized_predicate,6,DISTINCT|FROM|IS|NOT|ROW,"(ROW(INT, STR) IS NOT DISTINCT FROM ROW(INT, STR))",31fa82af1b1b078240da4a12,required_tokens + skeleton_family + delimiter_integrity + boolean_signal
PG_BOOL_R060_C03,PG_BOOL_R060,Y2,row_comparison,3,negated_inverse_predicate,6,DISTINCT|FROM|IS|NOT|ROW,"NOT (ROW(INT, STR) IS DISTINCT FROM ROW(INT, STR))",81434c7dcf95df44277aa1b2,required_tokens + skeleton_family + delimiter_integrity + boolean_signal
PG_BOOL_R060_C04,PG_BOOL_R060,Y2,row_comparison,4,is_true_wrapper,6,DISTINCT|FROM|IS|NOT|ROW|TRUE,"(ROW(INT, STR) IS NOT DISTINCT FROM ROW(INT, STR)) IS TRUE",39620ebb8ed2e3f762245f63,required_tokens + skeleton_family + delimiter_integrity + boolean_signal
PG_BOOL_R060_C05,PG_BOOL_R060,Y2,row_comparison,5,is_not_false_wrapper,6,DISTINCT|FALSE|FROM|IS|NOT|ROW,"(ROW(INT, STR) IS NOT DISTINCT FROM ROW(INT, STR)) IS NOT FALSE",a0f24a1deff41e50a022bb3f,required_tokens + skeleton_family + delimiter_integrity + boolean_signal
PG_BOOL_R060_C06,PG_BOOL_R060,Y2,row_comparison,6,case_boolean_wrapper,6,CASE|DISTINCT|ELSE|END|FALSE|FROM|IS|NOT|ROW|THEN|TRUE|WHEN,"CASE WHEN (ROW(INT, STR) IS NOT DISTINCT FROM ROW(INT, STR)) THEN TRUE ELSE FALSE END",5156cc6a47ba8a57f4536501,required_tokens + skeleton_family + delimiter_integrity + boolean_signal
PG_BOOL_R060_C07,PG_BOOL_R060,Y2,row_comparison,7,and_true_guard,6,=|AND|DISTINCT|FROM|IS|NOT|ROW,"(ROW(INT, STR) IS NOT DISTINCT FROM ROW(INT, STR)) AND (INT = INT)",70ed5a9dcd8e1cd1cefe3cb6,required_tokens + skeleton_family + delimiter_integrity + boolean_signal
PG_BOOL_R060_C08,PG_BOOL_R060,Y2,row_comparison,8,or_false_guard,6,<|<>|>|DISTINCT|FROM|IS|NOT|OR|ROW,"(ROW(INT, STR) IS NOT DISTINCT FROM ROW(INT, STR)) OR (INT <> INT)",79db8c5d9052c5278a72ab87,required_tokens + skeleton_family + delimiter_integrity + boolean_signal
PG_BOOL_R060_C09,PG_BOOL_R060,Y2,row_comparison,9,equals_true_wrapper,6,=|DISTINCT|FROM|IS|NOT|ROW|TRUE,"((ROW(INT, STR) IS NOT DISTINCT FROM ROW(INT, STR)) = TRUE)",d56f08b1e27c3c29c00aa49d,required_tokens + skeleton_family + delimiter_integrity + boolean_signal
PG_BOOL_R060_C10,PG_BOOL_R060,Y2,row_comparison,10,coalesce_false_wrapper,6,COALESCE|DISTINCT|FALSE|FROM|IS|NOT|ROW,"COALESCE((ROW(INT, STR) IS NOT DISTINCT FROM ROW(INT, STR)), FALSE)",33db421356946807c557fb2f,required_tokens + skeleton_family + delimiter_integrity + boolean_signal
PG_BOOL_R061_C01,PG_BOOL_R061,Y2,conditional_expression,1,base_predicate,6,=|CASE|ELSE|END|THEN|WHEN,CASE WHEN INT = INT THEN STR ELSE STR END = STR,9bb34d6044c92884230e99fd,required_tokens + skeleton_family + delimiter_integrity + boolean_signal
PG_BOOL_R061_C02,PG_BOOL_R061,Y2,conditional_expression,2,parenthesized_predicate,6,=|CASE|ELSE|END|THEN|WHEN,(CASE WHEN INT = INT THEN STR ELSE STR END = STR),1c0ef336e0c87155f9d86314,required_tokens + skeleton_family + delimiter_integrity + boolean_signal
PG_BOOL_R061_C03,PG_BOOL_R061,Y2,conditional_expression,3,negated_inverse_predicate,6,=|CASE|ELSE|END|NOT|THEN|WHEN,NOT (CASE WHEN INT = INT THEN STR ELSE STR END = STR),0070b035f45e7f362b679918,required_tokens + skeleton_family + delimiter_integrity + boolean_signal
PG_BOOL_R061_C04,PG_BOOL_R061,Y2,conditional_expression,4,is_true_wrapper,6,=|CASE|ELSE|END|IS|THEN|TRUE|WHEN,(CASE WHEN INT = INT THEN STR ELSE STR END = STR) IS TRUE,e6bc82206801936039e6ce75,required_tokens + skeleton_family + delimiter_integrity + boolean_signal
PG_BOOL_R061_C05,PG_BOOL_R061,Y2,conditional_expression,5,is_not_false_wrapper,6,=|CASE|ELSE|END|FALSE|IS|NOT|THEN|WHEN,(CASE WHEN INT = INT THEN STR ELSE STR END = STR) IS NOT FALSE,2a03e2f94d5dd53118599c8f,required_tokens + skeleton_family + delimiter_integrity + boolean_signal
PG_BOOL_R061_C06,PG_BOOL_R061,Y2,conditional_expression,6,case_boolean_wrapper,6,=|CASE|ELSE|END|FALSE|THEN|TRUE|WHEN,CASE WHEN (CASE WHEN INT = INT THEN STR ELSE STR END = STR) THEN TRUE ELSE FALSE END,b98d93adc783202dca0b9180,required_tokens + skeleton_family + delimiter_integrity + boolean_signal
PG_BOOL_R061_C07,PG_BOOL_R061,Y2,conditional_expression,7,and_true_guard,6,=|AND|CASE|ELSE|END|THEN|WHEN,(CASE WHEN INT = INT THEN STR ELSE STR END = STR) AND (INT = INT),99f7c9eb4355eec7a3502c28,required_tokens + skeleton_family + delimiter_integrity + boolean_signal
PG_BOOL_R061_C08,PG_BOOL_R061,Y2,conditional_expression,8,or_false_guard,6,<|<>|=|>|CASE|ELSE|END|OR|THEN|WHEN,(CASE WHEN INT = INT THEN STR ELSE STR END = STR) OR (INT <> INT),7a60c2ea671e4a431c066fd1,required_tokens + skeleton_family + delimiter_integrity + boolean_signal
PG_BOOL_R061_C09,PG_BOOL_R061,Y2,conditional_expression,9,equals_true_wrapper,6,=|CASE|ELSE|END|THEN|TRUE|WHEN,((CASE WHEN INT = INT THEN STR ELSE STR END = STR) = TRUE),e98667c5819e2676ff45b8f1,required_tokens + skeleton_family + delimiter_integrity + boolean_signal
PG_BOOL_R061_C10,PG_BOOL_R061,Y2,conditional_expression,10,coalesce_false_wrapper,6,=|CASE|COALESCE|ELSE|END|FALSE|THEN|WHEN,"COALESCE((CASE WHEN INT = INT THEN STR ELSE STR END = STR), FALSE)",10a56afa297af385c6856247,required_tokens + skeleton_family + delimiter_integrity + boolean_signal
PG_BOOL_R062_C01,PG_BOOL_R062,Y2,conditional_expression,1,base_predicate,6,<|<>|=|>|CASE|ELSE|END|THEN|WHEN,CASE WHEN INT <> INT THEN INT ELSE INT END = INT,76b90295c69005598c1130f6,required_tokens + skeleton_family + delimiter_integrity + boolean_signal
PG_BOOL_R062_C02,PG_BOOL_R062,Y2,conditional_expression,2,parenthesized_predicate,6,<|<>|=|>|CASE|ELSE|END|THEN|WHEN,(CASE WHEN INT <> INT THEN INT ELSE INT END = INT),cacdb51e777ef42c67cdf124,required_tokens + skeleton_family + delimiter_integrity + boolean_signal
PG_BOOL_R062_C03,PG_BOOL_R062,Y2,conditional_expression,3,negated_inverse_predicate,6,<|<>|=|>|CASE|ELSE|END|NOT|THEN|WHEN,NOT (CASE WHEN INT <> INT THEN INT ELSE INT END = INT),393bf68bd59a551e82bf4055,required_tokens + skeleton_family + delimiter_integrity + boolean_signal
PG_BOOL_R062_C04,PG_BOOL_R062,Y2,conditional_expression,4,is_true_wrapper,6,<|<>|=|>|CASE|ELSE|END|IS|THEN|TRUE|WHEN,(CASE WHEN INT <> INT THEN INT ELSE INT END = INT) IS TRUE,38a817a860ede4ec81c7a029,required_tokens + skeleton_family + delimiter_integrity + boolean_signal
PG_BOOL_R062_C05,PG_BOOL_R062,Y2,conditional_expression,5,is_not_false_wrapper,6,<|<>|=|>|CASE|ELSE|END|FALSE|IS|NOT|THEN|WHEN,(CASE WHEN INT <> INT THEN INT ELSE INT END = INT) IS NOT FALSE,0418925566cec0ebfbe96214,required_tokens + skeleton_family + delimiter_integrity + boolean_signal
PG_BOOL_R062_C06,PG_BOOL_R062,Y2,conditional_expression,6,case_boolean_wrapper,6,<|<>|=|>|CASE|ELSE|END|FALSE|THEN|TRUE|WHEN,CASE WHEN (CASE WHEN INT <> INT THEN INT ELSE INT END = INT) THEN TRUE ELSE FALSE END,2bb1623d9aa5cd6348fb4055,required_tokens + skeleton_family + delimiter_integrity + boolean_signal
PG_BOOL_R062_C07,PG_BOOL_R062,Y2,conditional_expression,7,and_true_guard,6,<|<>|=|>|AND|CASE|ELSE|END|THEN|WHEN,(CASE WHEN INT <> INT THEN INT ELSE INT END = INT) AND (INT = INT),c7006b59b5a64808e9c8d9f8,required_tokens + skeleton_family + delimiter_integrity + boolean_signal
PG_BOOL_R062_C08,PG_BOOL_R062,Y2,conditional_expression,8,or_false_guard,6,<|<>|=|>|CASE|ELSE|END|OR|THEN|WHEN,(CASE WHEN INT <> INT THEN INT ELSE INT END = INT) OR (INT <> INT),f3b1bd3373fe1468ca180be7,required_tokens + skeleton_family + delimiter_integrity + boolean_signal
PG_BOOL_R062_C09,PG_BOOL_R062,Y2,conditional_expression,9,equals_true_wrapper,6,<|<>|=|>|CASE|ELSE|END|THEN|TRUE|WHEN,((CASE WHEN INT <> INT THEN INT ELSE INT END = INT) = TRUE),104005d445bb81861af27077,required_tokens + skeleton_family + delimiter_integrity + boolean_signal
PG_BOOL_R062_C10,PG_BOOL_R062,Y2,conditional_expression,10,coalesce_false_wrapper,6,<|<>|=|>|CASE|COALESCE|ELSE|END|FALSE|THEN|WHEN,"COALESCE((CASE WHEN INT <> INT THEN INT ELSE INT END = INT), FALSE)",a354d0e7c6e409eafe116e6c,required_tokens + skeleton_family + delimiter_integrity + boolean_signal
PG_BOOL_R063_C01,PG_BOOL_R063,Y2,conditional_expression,1,base_predicate,6,=|COALESCE|NULL,"COALESCE(NULL, INT) = INT",a9cf8cdf18bc1bedef94aa11,required_tokens + skeleton_family + delimiter_integrity + boolean_signal
PG_BOOL_R063_C02,PG_BOOL_R063,Y2,conditional_expression,2,parenthesized_predicate,6,=|COALESCE|NULL,"(COALESCE(NULL, INT) = INT)",25eca6f170b12e057877820d,required_tokens + skeleton_family + delimiter_integrity + boolean_signal
PG_BOOL_R063_C03,PG_BOOL_R063,Y2,conditional_expression,3,negated_inverse_predicate,6,=|COALESCE|NOT|NULL,"NOT (COALESCE(NULL, INT) = INT)",8659d8b94f320c76b827ddbd,required_tokens + skeleton_family + delimiter_integrity + boolean_signal
PG_BOOL_R063_C04,PG_BOOL_R063,Y2,conditional_expression,4,is_true_wrapper,6,=|COALESCE|IS|NULL|TRUE,"(COALESCE(NULL, INT) = INT) IS TRUE",40965b507f709391caaa3d41,required_tokens + skeleton_family + delimiter_integrity + boolean_signal
PG_BOOL_R063_C05,PG_BOOL_R063,Y2,conditional_expression,5,is_not_false_wrapper,6,=|COALESCE|FALSE|IS|NOT|NULL,"(COALESCE(NULL, INT) = INT) IS NOT FALSE",105fb038ed93b37f5f42a6a4,required_tokens + skeleton_family + delimiter_integrity + boolean_signal
PG_BOOL_R063_C06,PG_BOOL_R063,Y2,conditional_expression,6,case_boolean_wrapper,6,=|CASE|COALESCE|ELSE|END|FALSE|NULL|THEN|TRUE|WHEN,"CASE WHEN (COALESCE(NULL, INT) = INT) THEN TRUE ELSE FALSE END",03893861e511893370bd13e8,required_tokens + skeleton_family + delimiter_integrity + boolean_signal
PG_BOOL_R063_C07,PG_BOOL_R063,Y2,conditional_expression,7,and_true_guard,6,=|AND|COALESCE|NULL,"(COALESCE(NULL, INT) = INT) AND (INT = INT)",728483c45f368f0041078d38,required_tokens + skeleton_family + delimiter_integrity + boolean_signal
PG_BOOL_R063_C08,PG_BOOL_R063,Y2,conditional_expression,8,or_false_guard,6,<|<>|=|>|COALESCE|NULL|OR,"(COALESCE(NULL, INT) = INT) OR (INT <> INT)",38a38668e6cb322176647f70,required_tokens + skeleton_family + delimiter_integrity + boolean_signal
PG_BOOL_R063_C09,PG_BOOL_R063,Y2,conditional_expression,9,equals_true_wrapper,6,=|COALESCE|NULL|TRUE,"((COALESCE(NULL, INT) = INT) = TRUE)",783b6fcac4492f2fcbd9bc52,required_tokens + skeleton_family + delimiter_integrity + boolean_signal
PG_BOOL_R063_C10,PG_BOOL_R063,Y2,conditional_expression,10,coalesce_false_wrapper,6,=|COALESCE|FALSE|NULL,"COALESCE((COALESCE(NULL, INT) = INT), FALSE)",2dfbe340ad6ad1f3b32fb30c,required_tokens + skeleton_family + delimiter_integrity + boolean_signal
PG_BOOL_R064_C01,PG_BOOL_R064,Y2,conditional_expression,1,base_predicate,6,IS|NULL,"NULLIF(INT, INT) IS NULL",7d0775f7f3b86feb17859ccd,required_tokens + skeleton_family + delimiter_integrity + boolean_signal
PG_BOOL_R064_C02,PG_BOOL_R064,Y2,conditional_expression,2,parenthesized_predicate,6,IS|NULL,"(NULLIF(INT, INT) IS NULL)",2742a9aace1506ed1ba8eb06,required_tokens + skeleton_family + delimiter_integrity + boolean_signal
PG_BOOL_R064_C03,PG_BOOL_R064,Y2,conditional_expression,3,negated_inverse_predicate,6,IS|NOT|NULL,"NOT (NULLIF(INT, INT) IS NOT NULL)",79ea1d5ad5b3b82cabac059c,required_tokens + skeleton_family + delimiter_integrity + boolean_signal
PG_BOOL_R064_C04,PG_BOOL_R064,Y2,conditional_expression,4,is_true_wrapper,6,IS|NULL|TRUE,"(NULLIF(INT, INT) IS NULL) IS TRUE",441a837ed485ef6effbf3210,required_tokens + skeleton_family + delimiter_integrity + boolean_signal
PG_BOOL_R064_C05,PG_BOOL_R064,Y2,conditional_expression,5,is_not_false_wrapper,6,FALSE|IS|NOT|NULL,"(NULLIF(INT, INT) IS NULL) IS NOT FALSE",2fbe3e4ab9d610182b37a290,required_tokens + skeleton_family + delimiter_integrity + boolean_signal
PG_BOOL_R064_C06,PG_BOOL_R064,Y2,conditional_expression,6,case_boolean_wrapper,6,CASE|ELSE|END|FALSE|IS|NULL|THEN|TRUE|WHEN,"CASE WHEN (NULLIF(INT, INT) IS NULL) THEN TRUE ELSE FALSE END",ec99e81e9fe2ae737d8182a0,required_tokens + skeleton_family + delimiter_integrity + boolean_signal
PG_BOOL_R064_C07,PG_BOOL_R064,Y2,conditional_expression,7,and_true_guard,6,=|AND|IS|NULL,"(NULLIF(INT, INT) IS NULL) AND (INT = INT)",6c08884b4eb9bc6e0ae891c8,required_tokens + skeleton_family + delimiter_integrity + boolean_signal
PG_BOOL_R064_C08,PG_BOOL_R064,Y2,conditional_expression,8,or_false_guard,6,<|<>|>|IS|NULL|OR,"(NULLIF(INT, INT) IS NULL) OR (INT <> INT)",0e4032ed75579f349d8c1ee2,required_tokens + skeleton_family + delimiter_integrity + boolean_signal
PG_BOOL_R064_C09,PG_BOOL_R064,Y2,conditional_expression,9,equals_true_wrapper,6,=|IS|NULL|TRUE,"((NULLIF(INT, INT) IS NULL) = TRUE)",ceb29f058b9032913e9b3918,required_tokens + skeleton_family + delimiter_integrity + boolean_signal
PG_BOOL_R064_C10,PG_BOOL_R064,Y2,conditional_expression,10,coalesce_false_wrapper,6,COALESCE|FALSE|IS|NULL,"COALESCE((NULLIF(INT, INT) IS NULL), FALSE)",cce9f06fa09c2b6665623dae,required_tokens + skeleton_family + delimiter_integrity + boolean_signal
PG_BOOL_R065_C01,PG_BOOL_R065,Y2,conditional_expression,1,base_predicate,6,<|CASE|ELSE|END|FALSE|IS|THEN|TRUE|WHEN,CASE WHEN INT < INT THEN TRUE ELSE FALSE END IS TRUE,0c71fe3aadb3d46d5e77c5b7,required_tokens + skeleton_family + delimiter_integrity + boolean_signal
PG_BOOL_R065_C02,PG_BOOL_R065,Y2,conditional_expression,2,parenthesized_predicate,6,<|CASE|ELSE|END|FALSE|IS|THEN|TRUE|WHEN,(CASE WHEN INT < INT THEN TRUE ELSE FALSE END IS TRUE),5e9bda9076617b85cbd7f6ab,required_tokens + skeleton_family + delimiter_integrity + boolean_signal
PG_BOOL_R065_C03,PG_BOOL_R065,Y2,conditional_expression,3,negated_inverse_predicate,6,<|CASE|ELSE|END|FALSE|IS|NOT|THEN|TRUE|WHEN,NOT (CASE WHEN INT < INT THEN TRUE ELSE FALSE END IS FALSE),6a7d01c87ce82b68eca5dfb0,required_tokens + skeleton_family + delimiter_integrity + boolean_signal
PG_BOOL_R065_C04,PG_BOOL_R065,Y2,conditional_expression,4,is_true_wrapper,6,<|CASE|ELSE|END|FALSE|IS|THEN|TRUE|WHEN,(CASE WHEN INT < INT THEN TRUE ELSE FALSE END IS TRUE) IS TRUE,6d58199531a3b30a40584629,required_tokens + skeleton_family + delimiter_integrity + boolean_signal
PG_BOOL_R065_C05,PG_BOOL_R065,Y2,conditional_expression,5,is_not_false_wrapper,6,<|CASE|ELSE|END|FALSE|IS|NOT|THEN|TRUE|WHEN,(CASE WHEN INT < INT THEN TRUE ELSE FALSE END IS TRUE) IS NOT FALSE,413ba15c7232740f73d21dc9,required_tokens + skeleton_family + delimiter_integrity + boolean_signal
PG_BOOL_R065_C06,PG_BOOL_R065,Y2,conditional_expression,6,case_boolean_wrapper,6,<|CASE|ELSE|END|FALSE|IS|THEN|TRUE|WHEN,CASE WHEN (CASE WHEN INT < INT THEN TRUE ELSE FALSE END IS TRUE) THEN TRUE ELSE FALSE END,bdab81afb5b6af031a5dede6,required_tokens + skeleton_family + delimiter_integrity + boolean_signal
PG_BOOL_R065_C07,PG_BOOL_R065,Y2,conditional_expression,7,and_true_guard,6,<|=|AND|CASE|ELSE|END|FALSE|IS|THEN|TRUE|WHEN,(CASE WHEN INT < INT THEN TRUE ELSE FALSE END IS TRUE) AND (INT = INT),aed60e57102c337d60032843,required_tokens + skeleton_family + delimiter_integrity + boolean_signal
PG_BOOL_R065_C08,PG_BOOL_R065,Y2,conditional_expression,8,or_false_guard,6,<|<>|>|CASE|ELSE|END|FALSE|IS|OR|THEN|TRUE|WHEN,(CASE WHEN INT < INT THEN TRUE ELSE FALSE END IS TRUE) OR (INT <> INT),46cc64793e570e210e18d6f0,required_tokens + skeleton_family + delimiter_integrity + boolean_signal
PG_BOOL_R065_C09,PG_BOOL_R065,Y2,conditional_expression,9,equals_true_wrapper,6,<|=|CASE|ELSE|END|FALSE|IS|THEN|TRUE|WHEN,((CASE WHEN INT < INT THEN TRUE ELSE FALSE END IS TRUE) = TRUE),5505265243f8b9dd1a124089,required_tokens + skeleton_family + delimiter_integrity + boolean_signal
PG_BOOL_R065_C10,PG_BOOL_R065,Y2,conditional_expression,10,coalesce_false_wrapper,6,<|CASE|COALESCE|ELSE|END|FALSE|IS|THEN|TRUE|WHEN,"COALESCE((CASE WHEN INT < INT THEN TRUE ELSE FALSE END IS TRUE), FALSE)",c11a7c0d3f69bfec5a7a2dd4,required_tokens + skeleton_family + delimiter_integrity + boolean_signal
PG_BOOL_R066_C01,PG_BOOL_R066,Y2,cast_expression,1,base_predicate,6,=,STR = INT,6fdf754b193bca84d26e33db,required_tokens + skeleton_family + delimiter_integrity + boolean_signal
PG_BOOL_R066_C02,PG_BOOL_R066,Y2,cast_expression,2,parenthesized_predicate,6,=,(STR = INT),1c31a26c41cc5d5d1374b377,required_tokens + skeleton_family + delimiter_integrity + boolean_signal
PG_BOOL_R066_C03,PG_BOOL_R066,Y2,cast_expression,3,negated_inverse_predicate,6,=|NOT,NOT (STR = INT),2ae1d2c679bebf292408f613,required_tokens + skeleton_family + delimiter_integrity + boolean_signal
PG_BOOL_R066_C04,PG_BOOL_R066,Y2,cast_expression,4,is_true_wrapper,6,=|IS|TRUE,(STR = INT) IS TRUE,09a2aca6d4faa18adc89e377,required_tokens + skeleton_family + delimiter_integrity + boolean_signal
PG_BOOL_R066_C05,PG_BOOL_R066,Y2,cast_expression,5,is_not_false_wrapper,6,=|FALSE|IS|NOT,(STR = INT) IS NOT FALSE,38823abd59b4e0e149e0694f,required_tokens + skeleton_family + delimiter_integrity + boolean_signal
PG_BOOL_R066_C06,PG_BOOL_R066,Y2,cast_expression,6,case_boolean_wrapper,6,=|CASE|ELSE|END|FALSE|THEN|TRUE|WHEN,CASE WHEN (STR = INT) THEN TRUE ELSE FALSE END,40bc1023c54d618add3aa5d1,required_tokens + skeleton_family + delimiter_integrity + boolean_signal
PG_BOOL_R066_C07,PG_BOOL_R066,Y2,cast_expression,7,and_true_guard,6,=|AND,(STR = INT) AND (INT = INT),b74cd0e4ee3d673a28a89169,required_tokens + skeleton_family + delimiter_integrity + boolean_signal
PG_BOOL_R066_C08,PG_BOOL_R066,Y2,cast_expression,8,or_false_guard,6,<|<>|=|>|OR,(STR = INT) OR (INT <> INT),26ef2278a8fbd7a4773189bf,required_tokens + skeleton_family + delimiter_integrity + boolean_signal
PG_BOOL_R066_C09,PG_BOOL_R066,Y2,cast_expression,9,equals_true_wrapper,6,=|TRUE,((STR = INT) = TRUE),bc7ad580a50a3b672929ccbc,required_tokens + skeleton_family + delimiter_integrity + boolean_signal
PG_BOOL_R066_C10,PG_BOOL_R066,Y2,cast_expression,10,coalesce_false_wrapper,6,=|COALESCE|FALSE,"COALESCE((STR = INT), FALSE)",459684c323b51e710843a376,required_tokens + skeleton_family + delimiter_integrity + boolean_signal
PG_BOOL_R067_C01,PG_BOOL_R067,Y2,cast_expression,1,base_predicate,6,=|AS|CAST,CAST(STR AS INTEGER) = INT,c18236ac9214663648148227,required_tokens + skeleton_family + delimiter_integrity + boolean_signal
PG_BOOL_R067_C02,PG_BOOL_R067,Y2,cast_expression,2,parenthesized_predicate,6,=|AS|CAST,(CAST(STR AS INTEGER) = INT),46c8d24a782ddf0a90cfc220,required_tokens + skeleton_family + delimiter_integrity + boolean_signal
PG_BOOL_R067_C03,PG_BOOL_R067,Y2,cast_expression,3,negated_inverse_predicate,6,=|AS|CAST|NOT,NOT (CAST(STR AS INTEGER) = INT),50db39eeaba15ee3f8285060,required_tokens + skeleton_family + delimiter_integrity + boolean_signal
PG_BOOL_R067_C04,PG_BOOL_R067,Y2,cast_expression,4,is_true_wrapper,6,=|AS|CAST|IS|TRUE,(CAST(STR AS INTEGER) = INT) IS TRUE,60273a7c1cb4176c82887f93,required_tokens + skeleton_family + delimiter_integrity + boolean_signal
PG_BOOL_R067_C05,PG_BOOL_R067,Y2,cast_expression,5,is_not_false_wrapper,6,=|AS|CAST|FALSE|IS|NOT,(CAST(STR AS INTEGER) = INT) IS NOT FALSE,2311f797c60baaed0d25e193,required_tokens + skeleton_family + delimiter_integrity + boolean_signal
PG_BOOL_R067_C06,PG_BOOL_R067,Y2,cast_expression,6,case_boolean_wrapper,6,=|AS|CASE|CAST|ELSE|END|FALSE|THEN|TRUE|WHEN,CASE WHEN (CAST(STR AS INTEGER) = INT) THEN TRUE ELSE FALSE END,120e13d382627185c61d6042,required_tokens + skeleton_family + delimiter_integrity + boolean_signal
PG_BOOL_R067_C07,PG_BOOL_R067,Y2,cast_expression,7,and_true_guard,6,=|AND|AS|CAST,(CAST(STR AS INTEGER) = INT) AND (INT = INT),e7b7cd08a3c93a11396a5c05,required_tokens + skeleton_family + delimiter_integrity + boolean_signal
PG_BOOL_R067_C08,PG_BOOL_R067,Y2,cast_expression,8,or_false_guard,6,<|<>|=|>|AS|CAST|OR,(CAST(STR AS INTEGER) = INT) OR (INT <> INT),3c7aa789c4ba1f2627ad21ac,required_tokens + skeleton_family + delimiter_integrity + boolean_signal
PG_BOOL_R067_C09,PG_BOOL_R067,Y2,cast_expression,9,equals_true_wrapper,6,=|AS|CAST|TRUE,((CAST(STR AS INTEGER) = INT) = TRUE),0e68f82f2fddca5379a288d8,required_tokens + skeleton_family + delimiter_integrity + boolean_signal
PG_BOOL_R067_C10,PG_BOOL_R067,Y2,cast_expression,10,coalesce_false_wrapper,6,=|AS|CAST|COALESCE|FALSE,"COALESCE((CAST(STR AS INTEGER) = INT), FALSE)",01a6509c8ce5edbbf4f39712,required_tokens + skeleton_family + delimiter_integrity + boolean_signal
PG_BOOL_R068_C01,PG_BOOL_R068,Y2,cast_expression,1,base_predicate,6,AS|CAST|IS|TRUE,CAST(STR AS BOOLEAN) IS TRUE,a6bc8da9e22c07591d394893,required_tokens + skeleton_family + delimiter_integrity + boolean_signal
PG_BOOL_R068_C02,PG_BOOL_R068,Y2,cast_expression,2,parenthesized_predicate,6,AS|CAST|IS|TRUE,(CAST(STR AS BOOLEAN) IS TRUE),60f9bced063bb8733b051b63,required_tokens + skeleton_family + delimiter_integrity + boolean_signal
PG_BOOL_R068_C03,PG_BOOL_R068,Y2,cast_expression,3,negated_inverse_predicate,6,AS|CAST|FALSE|IS|NOT|TRUE,NOT (CAST(STR AS BOOLEAN) IS TRUE),2847d0ef7ab993888460c32b,required_tokens + skeleton_family + delimiter_integrity + boolean_signal
PG_BOOL_R068_C04,PG_BOOL_R068,Y2,cast_expression,4,is_true_wrapper,6,AS|CAST|IS|TRUE,(CAST(STR AS BOOLEAN) IS TRUE) IS TRUE,701fbd244e73accaf8f58f20,required_tokens + skeleton_family + delimiter_integrity + boolean_signal
PG_BOOL_R068_C05,PG_BOOL_R068,Y2,cast_expression,5,is_not_false_wrapper,6,AS|CAST|FALSE|IS|NOT|TRUE,(CAST(STR AS BOOLEAN) IS TRUE) IS NOT FALSE,31d698fd63e344e76451754e,required_tokens + skeleton_family + delimiter_integrity + boolean_signal
PG_BOOL_R068_C06,PG_BOOL_R068,Y2,cast_expression,6,case_boolean_wrapper,6,AS|CASE|CAST|ELSE|END|FALSE|IS|THEN|TRUE|WHEN,CASE WHEN (CAST(STR AS BOOLEAN) IS TRUE) THEN TRUE ELSE FALSE END,5cb4447cb16035911a8df6c2,required_tokens + skeleton_family + delimiter_integrity + boolean_signal
PG_BOOL_R068_C07,PG_BOOL_R068,Y2,cast_expression,7,and_true_guard,6,=|AND|AS|CAST|IS|TRUE,(CAST(STR AS BOOLEAN) IS TRUE) AND (INT = INT),1622fbe5efc7958effef8d87,required_tokens + skeleton_family + delimiter_integrity + boolean_signal
PG_BOOL_R068_C08,PG_BOOL_R068,Y2,cast_expression,8,or_false_guard,6,<|<>|>|AS|CAST|IS|OR|TRUE,(CAST(STR AS BOOLEAN) IS TRUE) OR (INT <> INT),75a3657e5e5e1043096cac56,required_tokens + skeleton_family + delimiter_integrity + boolean_signal
PG_BOOL_R068_C09,PG_BOOL_R068,Y2,cast_expression,9,equals_true_wrapper,6,=|AS|CAST|IS|TRUE,((CAST(STR AS BOOLEAN) IS TRUE) = TRUE),306a5e538b4a5caf9cf8efad,required_tokens + skeleton_family + delimiter_integrity + boolean_signal
PG_BOOL_R068_C10,PG_BOOL_R068,Y2,cast_expression,10,coalesce_false_wrapper,6,AS|CAST|COALESCE|FALSE|IS|TRUE,"COALESCE((CAST(STR AS BOOLEAN) IS TRUE), FALSE)",e4addc0cc624f6db251f9a5b,required_tokens + skeleton_family + delimiter_integrity + boolean_signal
PG_BOOL_R069_C01,PG_BOOL_R069,Y2,cast_expression,1,base_predicate,6,=,(INT::TEXT) = STR,4750def15677fa883d6bd5d8,required_tokens + skeleton_family + delimiter_integrity + boolean_signal
PG_BOOL_R069_C02,PG_BOOL_R069,Y2,cast_expression,2,parenthesized_predicate,6,=,((INT::TEXT) = STR),ca22208949a868a681c4753f,required_tokens + skeleton_family + delimiter_integrity + boolean_signal
PG_BOOL_R069_C03,PG_BOOL_R069,Y2,cast_expression,3,negated_inverse_predicate,6,=|NOT,NOT ((INT::TEXT) = STR),1f588c921a3bf9b96ccabedc,required_tokens + skeleton_family + delimiter_integrity + boolean_signal
PG_BOOL_R069_C04,PG_BOOL_R069,Y2,cast_expression,4,is_true_wrapper,6,=|IS|TRUE,((INT::TEXT) = STR) IS TRUE,4b8035804a3a937f0f995d82,required_tokens + skeleton_family + delimiter_integrity + boolean_signal
PG_BOOL_R069_C05,PG_BOOL_R069,Y2,cast_expression,5,is_not_false_wrapper,6,=|FALSE|IS|NOT,((INT::TEXT) = STR) IS NOT FALSE,e03b5cdac97d52f8e1ba8dbf,required_tokens + skeleton_family + delimiter_integrity + boolean_signal
PG_BOOL_R069_C06,PG_BOOL_R069,Y2,cast_expression,6,case_boolean_wrapper,6,=|CASE|ELSE|END|FALSE|THEN|TRUE|WHEN,CASE WHEN ((INT::TEXT) = STR) THEN TRUE ELSE FALSE END,15b751837346bfc332bab6b9,required_tokens + skeleton_family + delimiter_integrity + boolean_signal
PG_BOOL_R069_C07,PG_BOOL_R069,Y2,cast_expression,7,and_true_guard,6,=|AND,((INT::TEXT) = STR) AND (INT = INT),0426f4f5595f9d2d71810566,required_tokens + skeleton_family + delimiter_integrity + boolean_signal
PG_BOOL_R069_C08,PG_BOOL_R069,Y2,cast_expression,8,or_false_guard,6,<|<>|=|>|OR,((INT::TEXT) = STR) OR (INT <> INT),e2abf4406c24f537a7aed7b4,required_tokens + skeleton_family + delimiter_integrity + boolean_signal
PG_BOOL_R069_C09,PG_BOOL_R069,Y2,cast_expression,9,equals_true_wrapper,6,=|TRUE,(((INT::TEXT) = STR) = TRUE),ef4281f81561b11ca42b51fb,required_tokens + skeleton_family + delimiter_integrity + boolean_signal
PG_BOOL_R069_C10,PG_BOOL_R069,Y2,cast_expression,10,coalesce_false_wrapper,6,=|COALESCE|FALSE,"COALESCE(((INT::TEXT) = STR), FALSE)",12fea448ebdd7acdec33a334,required_tokens + skeleton_family + delimiter_integrity + boolean_signal
PG_BOOL_R070_C01,PG_BOOL_R070,Y2,cast_expression,1,base_predicate,6,=|AS|CAST,CAST(STR AS TEXT) = STR,eb67358e888896af60a2373d,required_tokens + skeleton_family + delimiter_integrity + boolean_signal
PG_BOOL_R070_C02,PG_BOOL_R070,Y2,cast_expression,2,parenthesized_predicate,6,=|AS|CAST,(CAST(STR AS TEXT) = STR),5f3fc7556feb78263c0a9e95,required_tokens + skeleton_family + delimiter_integrity + boolean_signal
PG_BOOL_R070_C03,PG_BOOL_R070,Y2,cast_expression,3,negated_inverse_predicate,6,=|AS|CAST|NOT,NOT (CAST(STR AS TEXT) = STR),00fe3fdb9dd8df8414eb2414,required_tokens + skeleton_family + delimiter_integrity + boolean_signal
PG_BOOL_R070_C04,PG_BOOL_R070,Y2,cast_expression,4,is_true_wrapper,6,=|AS|CAST|IS|TRUE,(CAST(STR AS TEXT) = STR) IS TRUE,21e4fde30878f0e043278333,required_tokens + skeleton_family + delimiter_integrity + boolean_signal
PG_BOOL_R070_C05,PG_BOOL_R070,Y2,cast_expression,5,is_not_false_wrapper,6,=|AS|CAST|FALSE|IS|NOT,(CAST(STR AS TEXT) = STR) IS NOT FALSE,ca6e985ba3cfe11a7457750b,required_tokens + skeleton_family + delimiter_integrity + boolean_signal
PG_BOOL_R070_C06,PG_BOOL_R070,Y2,cast_expression,6,case_boolean_wrapper,6,=|AS|CASE|CAST|ELSE|END|FALSE|THEN|TRUE|WHEN,CASE WHEN (CAST(STR AS TEXT) = STR) THEN TRUE ELSE FALSE END,5d113f50efb1ea766e40ff58,required_tokens + skeleton_family + delimiter_integrity + boolean_signal
PG_BOOL_R070_C07,PG_BOOL_R070,Y2,cast_expression,7,and_true_guard,6,=|AND|AS|CAST,(CAST(STR AS TEXT) = STR) AND (INT = INT),ce6f64ae4f12a1f021ec5f7c,required_tokens + skeleton_family + delimiter_integrity + boolean_signal
PG_BOOL_R070_C08,PG_BOOL_R070,Y2,cast_expression,8,or_false_guard,6,<|<>|=|>|AS|CAST|OR,(CAST(STR AS TEXT) = STR) OR (INT <> INT),18d7845ba2ba6e8176d89d96,required_tokens + skeleton_family + delimiter_integrity + boolean_signal
PG_BOOL_R070_C09,PG_BOOL_R070,Y2,cast_expression,9,equals_true_wrapper,6,=|AS|CAST|TRUE,((CAST(STR AS TEXT) = STR) = TRUE),3bf506029c3279bf5262f1e9,required_tokens + skeleton_family + delimiter_integrity + boolean_signal
PG_BOOL_R070_C10,PG_BOOL_R070,Y2,cast_expression,10,coalesce_false_wrapper,6,=|AS|CAST|COALESCE|FALSE,"COALESCE((CAST(STR AS TEXT) = STR), FALSE)",d5e782513f0dd692fac35bcf,required_tokens + skeleton_family + delimiter_integrity + boolean_signal
PG_BOOL_R071_C01,PG_BOOL_R071,Y2,jsonb_predicate,1,base_predicate,6,,STR ? STR,446d6872c21fa3b91f7cb8fa,required_tokens + skeleton_family + delimiter_integrity + boolean_signal
PG_BOOL_R071_C02,PG_BOOL_R071,Y2,jsonb_predicate,2,parenthesized_predicate,6,,(STR ? STR),b4b8d71106c0715fb60d1da3,required_tokens + skeleton_family + delimiter_integrity + boolean_signal
PG_BOOL_R071_C03,PG_BOOL_R071,Y2,jsonb_predicate,3,negated_inverse_predicate,6,NOT,NOT (STR ? STR),296f07a06a3bbc16a08c8393,required_tokens + skeleton_family + delimiter_integrity + boolean_signal
PG_BOOL_R071_C04,PG_BOOL_R071,Y2,jsonb_predicate,4,is_true_wrapper,6,IS|TRUE,(STR ? STR) IS TRUE,32fad668841a47dfb78ad867,required_tokens + skeleton_family + delimiter_integrity + boolean_signal
PG_BOOL_R071_C05,PG_BOOL_R071,Y2,jsonb_predicate,5,is_not_false_wrapper,6,FALSE|IS|NOT,(STR ? STR) IS NOT FALSE,e1ba31d335017b8b1cd8d8fc,required_tokens + skeleton_family + delimiter_integrity + boolean_signal
PG_BOOL_R071_C06,PG_BOOL_R071,Y2,jsonb_predicate,6,case_boolean_wrapper,6,CASE|ELSE|END|FALSE|THEN|TRUE|WHEN,CASE WHEN (STR ? STR) THEN TRUE ELSE FALSE END,7a7a010fcab3c6fad37a2448,required_tokens + skeleton_family + delimiter_integrity + boolean_signal
PG_BOOL_R071_C07,PG_BOOL_R071,Y2,jsonb_predicate,7,and_true_guard,6,=|AND,(STR ? STR) AND (INT = INT),84f57f122d495f930e1bcf8d,required_tokens + skeleton_family + delimiter_integrity + boolean_signal
PG_BOOL_R071_C08,PG_BOOL_R071,Y2,jsonb_predicate,8,or_false_guard,6,<|<>|>|OR,(STR ? STR) OR (INT <> INT),0625f401ed3e76e5923f52f1,required_tokens + skeleton_family + delimiter_integrity + boolean_signal
PG_BOOL_R071_C09,PG_BOOL_R071,Y2,jsonb_predicate,9,equals_true_wrapper,6,=|TRUE,((STR ? STR) = TRUE),67d46ca3359ae4f67255b323,required_tokens + skeleton_family + delimiter_integrity + boolean_signal
PG_BOOL_R071_C10,PG_BOOL_R071,Y2,jsonb_predicate,10,coalesce_false_wrapper,6,COALESCE|FALSE,"COALESCE((STR ? STR), FALSE)",a82be257fe81e6e21aaed2d6,required_tokens + skeleton_family + delimiter_integrity + boolean_signal
PG_BOOL_R072_C01,PG_BOOL_R072,Y2,jsonb_predicate,1,base_predicate,6,>|@>,STR @> STR,e2a7fed4cfac8556ed77790a,required_tokens + skeleton_family + delimiter_integrity + boolean_signal
PG_BOOL_R072_C02,PG_BOOL_R072,Y2,jsonb_predicate,2,parenthesized_predicate,6,>|@>,(STR @> STR),a845e18dfc048a8a924a125a,required_tokens + skeleton_family + delimiter_integrity + boolean_signal
PG_BOOL_R072_C03,PG_BOOL_R072,Y2,jsonb_predicate,3,negated_inverse_predicate,6,>|@>|NOT,NOT (STR @> STR),ec11705c7a1afe36f2334932,required_tokens + skeleton_family + delimiter_integrity + boolean_signal
PG_BOOL_R072_C04,PG_BOOL_R072,Y2,jsonb_predicate,4,is_true_wrapper,6,>|@>|IS|TRUE,(STR @> STR) IS TRUE,8703f549e95836e74ea562a0,required_tokens + skeleton_family + delimiter_integrity + boolean_signal
PG_BOOL_R072_C05,PG_BOOL_R072,Y2,jsonb_predicate,5,is_not_false_wrapper,6,>|@>|FALSE|IS|NOT,(STR @> STR) IS NOT FALSE,88b7369b4081443277a83cd9,required_tokens + skeleton_family + delimiter_integrity + boolean_signal
PG_BOOL_R072_C06,PG_BOOL_R072,Y2,jsonb_predicate,6,case_boolean_wrapper,6,>|@>|CASE|ELSE|END|FALSE|THEN|TRUE|WHEN,CASE WHEN (STR @> STR) THEN TRUE ELSE FALSE END,f74a431d96166706285a768a,required_tokens + skeleton_family + delimiter_integrity + boolean_signal
PG_BOOL_R072_C07,PG_BOOL_R072,Y2,jsonb_predicate,7,and_true_guard,6,=|>|@>|AND,(STR @> STR) AND (INT = INT),fddb537680bb5bd72029fd74,required_tokens + skeleton_family + delimiter_integrity + boolean_signal
PG_BOOL_R072_C08,PG_BOOL_R072,Y2,jsonb_predicate,8,or_false_guard,6,<|<>|>|@>|OR,(STR @> STR) OR (INT <> INT),3bd437a937cff7c08407bac8,required_tokens + skeleton_family + delimiter_integrity + boolean_signal
PG_BOOL_R072_C09,PG_BOOL_R072,Y2,jsonb_predicate,9,equals_true_wrapper,6,=|>|@>|TRUE,((STR @> STR) = TRUE),b25c77f61be069ffc0e35efa,required_tokens + skeleton_family + delimiter_integrity + boolean_signal
PG_BOOL_R072_C10,PG_BOOL_R072,Y2,jsonb_predicate,10,coalesce_false_wrapper,6,>|@>|COALESCE|FALSE,"COALESCE((STR @> STR), FALSE)",26a8479bdb9b4e9a028083aa,required_tokens + skeleton_family + delimiter_integrity + boolean_signal
PG_BOOL_R073_C01,PG_BOOL_R073,Y2,jsonb_predicate,1,base_predicate,6,=,JSONB_TYPEOF(STR) = STR,857d72d290d25d7cd50829ee,required_tokens + skeleton_family + delimiter_integrity + boolean_signal
PG_BOOL_R073_C02,PG_BOOL_R073,Y2,jsonb_predicate,2,parenthesized_predicate,6,=,(JSONB_TYPEOF(STR) = STR),4b43574bd28a5567f4df58e6,required_tokens + skeleton_family + delimiter_integrity + boolean_signal
PG_BOOL_R073_C03,PG_BOOL_R073,Y2,jsonb_predicate,3,negated_inverse_predicate,6,=|ARRAY|NOT,NOT (JSONB_TYPEOF(STR) = STR),35b4d17a0410ad66674609db,required_tokens + skeleton_family + delimiter_integrity + boolean_signal
PG_BOOL_R073_C04,PG_BOOL_R073,Y2,jsonb_predicate,4,is_true_wrapper,6,=|IS|TRUE,(JSONB_TYPEOF(STR) = STR) IS TRUE,057e9640766e7adb594628fe,required_tokens + skeleton_family + delimiter_integrity + boolean_signal
PG_BOOL_R073_C05,PG_BOOL_R073,Y2,jsonb_predicate,5,is_not_false_wrapper,6,=|FALSE|IS|NOT,(JSONB_TYPEOF(STR) = STR) IS NOT FALSE,301157c5543ca20463da5656,required_tokens + skeleton_family + delimiter_integrity + boolean_signal
PG_BOOL_R073_C06,PG_BOOL_R073,Y2,jsonb_predicate,6,case_boolean_wrapper,6,=|CASE|ELSE|END|FALSE|THEN|TRUE|WHEN,CASE WHEN (JSONB_TYPEOF(STR) = STR) THEN TRUE ELSE FALSE END,3672725bdae34145d0115fb6,required_tokens + skeleton_family + delimiter_integrity + boolean_signal
PG_BOOL_R073_C07,PG_BOOL_R073,Y2,jsonb_predicate,7,and_true_guard,6,=|AND,(JSONB_TYPEOF(STR) = STR) AND (INT = INT),4f6805a1aee75dfc8dcbb5e7,required_tokens + skeleton_family + delimiter_integrity + boolean_signal
PG_BOOL_R073_C08,PG_BOOL_R073,Y2,jsonb_predicate,8,or_false_guard,6,<|<>|=|>|OR,(JSONB_TYPEOF(STR) = STR) OR (INT <> INT),4a5e4f45543f76a886b3d2a6,required_tokens + skeleton_family + delimiter_integrity + boolean_signal
PG_BOOL_R073_C09,PG_BOOL_R073,Y2,jsonb_predicate,9,equals_true_wrapper,6,=|TRUE,((JSONB_TYPEOF(STR) = STR) = TRUE),2bc14e846cc90f83d162173f,required_tokens + skeleton_family + delimiter_integrity + boolean_signal
PG_BOOL_R073_C10,PG_BOOL_R073,Y2,jsonb_predicate,10,coalesce_false_wrapper,6,=|COALESCE|FALSE,"COALESCE((JSONB_TYPEOF(STR) = STR), FALSE)",72989423430172c3cc5242d6,required_tokens + skeleton_family + delimiter_integrity + boolean_signal
PG_BOOL_R074_C01,PG_BOOL_R074,Y2,jsonb_predicate,1,base_predicate,6,=|>,(STR ->> STR) = STR,0b1833c3cc60bc006b65f47c,required_tokens + skeleton_family + delimiter_integrity + boolean_signal
PG_BOOL_R074_C02,PG_BOOL_R074,Y2,jsonb_predicate,2,parenthesized_predicate,6,=|>,((STR ->> STR) = STR),b4986da99fcf6ec9a6453d9c,required_tokens + skeleton_family + delimiter_integrity + boolean_signal
PG_BOOL_R074_C03,PG_BOOL_R074,Y2,jsonb_predicate,3,negated_inverse_predicate,6,=|>|NOT,NOT ((STR ->> STR) = STR),1abfa1f4ce87ddc9f6be116e,required_tokens + skeleton_family + delimiter_integrity + boolean_signal
PG_BOOL_R074_C04,PG_BOOL_R074,Y2,jsonb_predicate,4,is_true_wrapper,6,=|>|IS|TRUE,((STR ->> STR) = STR) IS TRUE,6eb6dd3feb8bb5011eaeed7a,required_tokens + skeleton_family + delimiter_integrity + boolean_signal
PG_BOOL_R074_C05,PG_BOOL_R074,Y2,jsonb_predicate,5,is_not_false_wrapper,6,=|>|FALSE|IS|NOT,((STR ->> STR) = STR) IS NOT FALSE,f3d09cfc96a54916bf2957c7,required_tokens + skeleton_family + delimiter_integrity + boolean_signal
PG_BOOL_R074_C06,PG_BOOL_R074,Y2,jsonb_predicate,6,case_boolean_wrapper,6,=|>|CASE|ELSE|END|FALSE|THEN|TRUE|WHEN,CASE WHEN ((STR ->> STR) = STR) THEN TRUE ELSE FALSE END,d1b76f944037b4ca58a26acd,required_tokens + skeleton_family + delimiter_integrity + boolean_signal
PG_BOOL_R074_C07,PG_BOOL_R074,Y2,jsonb_predicate,7,and_true_guard,6,=|>|AND,((STR ->> STR) = STR) AND (INT = INT),f725d2c2efc858804c4ec361,required_tokens + skeleton_family + delimiter_integrity + boolean_signal
PG_BOOL_R074_C08,PG_BOOL_R074,Y2,jsonb_predicate,8,or_false_guard,6,<|<>|=|>|OR,((STR ->> STR) = STR) OR (INT <> INT),a25d607f9379475376fbfcba,required_tokens + skeleton_family + delimiter_integrity + boolean_signal
PG_BOOL_R074_C09,PG_BOOL_R074,Y2,jsonb_predicate,9,equals_true_wrapper,6,=|>|TRUE,(((STR ->> STR) = STR) = TRUE),13ff874dd347c4e4593f52f0,required_tokens + skeleton_family + delimiter_integrity + boolean_signal
PG_BOOL_R074_C10,PG_BOOL_R074,Y2,jsonb_predicate,10,coalesce_false_wrapper,6,=|>|COALESCE|FALSE,"COALESCE(((STR ->> STR) = STR), FALSE)",c87e08b16594678632f6970a,required_tokens + skeleton_family + delimiter_integrity + boolean_signal
PG_BOOL_R075_C01,PG_BOOL_R075,Y2,jsonb_predicate,1,base_predicate,6,>|@>,STR @> STR,ae3402164b8ad519ffd68a5f,required_tokens + skeleton_family + delimiter_integrity + boolean_signal
PG_BOOL_R075_C02,PG_BOOL_R075,Y2,jsonb_predicate,2,parenthesized_predicate,6,>|@>,(STR @> STR),730edb8c4a1b548a556541da,required_tokens + skeleton_family + delimiter_integrity + boolean_signal
PG_BOOL_R075_C03,PG_BOOL_R075,Y2,jsonb_predicate,3,negated_inverse_predicate,6,>|@>|NOT,NOT (STR @> STR),18af59b3ffb4965c8711585b,required_tokens + skeleton_family + delimiter_integrity + boolean_signal
PG_BOOL_R075_C04,PG_BOOL_R075,Y2,jsonb_predicate,4,is_true_wrapper,6,>|@>|IS|TRUE,(STR @> STR) IS TRUE,a9ac3ef65562f8f2227713b8,required_tokens + skeleton_family + delimiter_integrity + boolean_signal
PG_BOOL_R075_C05,PG_BOOL_R075,Y2,jsonb_predicate,5,is_not_false_wrapper,6,>|@>|FALSE|IS|NOT,(STR @> STR) IS NOT FALSE,5cf730fb2b1e8c01f684f1b4,required_tokens + skeleton_family + delimiter_integrity + boolean_signal
PG_BOOL_R075_C06,PG_BOOL_R075,Y2,jsonb_predicate,6,case_boolean_wrapper,6,>|@>|CASE|ELSE|END|FALSE|THEN|TRUE|WHEN,CASE WHEN (STR @> STR) THEN TRUE ELSE FALSE END,9e7347f09e56ce7c69688a46,required_tokens + skeleton_family + delimiter_integrity + boolean_signal
PG_BOOL_R075_C07,PG_BOOL_R075,Y2,jsonb_predicate,7,and_true_guard,6,=|>|@>|AND,(STR @> STR) AND (INT = INT),2409e810f5c5d31f5ab54308,required_tokens + skeleton_family + delimiter_integrity + boolean_signal
PG_BOOL_R075_C08,PG_BOOL_R075,Y2,jsonb_predicate,8,or_false_guard,6,<|<>|>|@>|OR,(STR @> STR) OR (INT <> INT),60eb4512264147fbda719497,required_tokens + skeleton_family + delimiter_integrity + boolean_signal
PG_BOOL_R075_C09,PG_BOOL_R075,Y2,jsonb_predicate,9,equals_true_wrapper,6,=|>|@>|TRUE,((STR @> STR) = TRUE),b99180bb544f0008ce1c4ba6,required_tokens + skeleton_family + delimiter_integrity + boolean_signal
PG_BOOL_R075_C10,PG_BOOL_R075,Y2,jsonb_predicate,10,coalesce_false_wrapper,6,>|@>|COALESCE|FALSE,"COALESCE((STR @> STR), FALSE)",7df9fa39bb5fbddd6f50f1f3,required_tokens + skeleton_family + delimiter_integrity + boolean_signal
PG_BOOL_R076_C01,PG_BOOL_R076,Y2,range_type,1,base_predicate,6,>|@>,"RANGE(INT, INT, STR) @> INT",7655027f2a6a3f77242e4b0b,required_tokens + skeleton_family + delimiter_integrity + boolean_signal
PG_BOOL_R076_C02,PG_BOOL_R076,Y2,range_type,2,parenthesized_predicate,6,>|@>,"(RANGE(INT, INT, STR) @> INT)",99438408013e999f7f2b791a,required_tokens + skeleton_family + delimiter_integrity + boolean_signal
PG_BOOL_R076_C03,PG_BOOL_R076,Y2,range_type,3,negated_inverse_predicate,6,>|@>|NOT,"NOT (RANGE(INT, INT, STR) @> INT)",4e79f46df47a8b4291c6fed6,required_tokens + skeleton_family + delimiter_integrity + boolean_signal
PG_BOOL_R076_C04,PG_BOOL_R076,Y2,range_type,4,is_true_wrapper,6,>|@>|IS|TRUE,"(RANGE(INT, INT, STR) @> INT) IS TRUE",e4ff54bfba7e007dd19aecae,required_tokens + skeleton_family + delimiter_integrity + boolean_signal
PG_BOOL_R076_C05,PG_BOOL_R076,Y2,range_type,5,is_not_false_wrapper,6,>|@>|FALSE|IS|NOT,"(RANGE(INT, INT, STR) @> INT) IS NOT FALSE",b579a6228db069d0a26cc3c2,required_tokens + skeleton_family + delimiter_integrity + boolean_signal
PG_BOOL_R076_C06,PG_BOOL_R076,Y2,range_type,6,case_boolean_wrapper,6,>|@>|CASE|ELSE|END|FALSE|THEN|TRUE|WHEN,"CASE WHEN (RANGE(INT, INT, STR) @> INT) THEN TRUE ELSE FALSE END",44e238eff7ce8298f3780704,required_tokens + skeleton_family + delimiter_integrity + boolean_signal
PG_BOOL_R076_C07,PG_BOOL_R076,Y2,range_type,7,and_true_guard,6,=|>|@>|AND,"(RANGE(INT, INT, STR) @> INT) AND (INT = INT)",bda36a8076c9cdeee1cdf231,required_tokens + skeleton_family + delimiter_integrity + boolean_signal
PG_BOOL_R076_C08,PG_BOOL_R076,Y2,range_type,8,or_false_guard,6,<|<>|>|@>|OR,"(RANGE(INT, INT, STR) @> INT) OR (INT <> INT)",1930780922d8f8f0f290d6aa,required_tokens + skeleton_family + delimiter_integrity + boolean_signal
PG_BOOL_R076_C09,PG_BOOL_R076,Y2,range_type,9,equals_true_wrapper,6,=|>|@>|TRUE,"((RANGE(INT, INT, STR) @> INT) = TRUE)",2aab8a2b04e66ed0e8629759,required_tokens + skeleton_family + delimiter_integrity + boolean_signal
PG_BOOL_R076_C10,PG_BOOL_R076,Y2,range_type,10,coalesce_false_wrapper,6,>|@>|COALESCE|FALSE,"COALESCE((RANGE(INT, INT, STR) @> INT), FALSE)",b690707336ff88ac1992cc4c,required_tokens + skeleton_family + delimiter_integrity + boolean_signal
PG_BOOL_R077_C01,PG_BOOL_R077,Y2,range_type,1,base_predicate,6,&&,"RANGE(INT, INT, STR) && RANGE(INT, INT, STR)",c3d7e9e05a33cd6f2cc44f5b,required_tokens + skeleton_family + delimiter_integrity + boolean_signal
PG_BOOL_R077_C02,PG_BOOL_R077,Y2,range_type,2,parenthesized_predicate,6,&&,"(RANGE(INT, INT, STR) && RANGE(INT, INT, STR))",d9791c30bda22f9bf9541aeb,required_tokens + skeleton_family + delimiter_integrity + boolean_signal
PG_BOOL_R077_C03,PG_BOOL_R077,Y2,range_type,3,negated_inverse_predicate,6,&&|NOT,"NOT (RANGE(INT, INT, STR) && RANGE(INT, INT, STR))",842edf6821b778ce21cb2ad7,required_tokens + skeleton_family + delimiter_integrity + boolean_signal
PG_BOOL_R077_C04,PG_BOOL_R077,Y2,range_type,4,is_true_wrapper,6,&&|IS|TRUE,"(RANGE(INT, INT, STR) && RANGE(INT, INT, STR)) IS TRUE",dab59c84360e2e7d39853bb5,required_tokens + skeleton_family + delimiter_integrity + boolean_signal
PG_BOOL_R077_C05,PG_BOOL_R077,Y2,range_type,5,is_not_false_wrapper,6,&&|FALSE|IS|NOT,"(RANGE(INT, INT, STR) && RANGE(INT, INT, STR)) IS NOT FALSE",0c99e47960a9296b648fbe78,required_tokens + skeleton_family + delimiter_integrity + boolean_signal
PG_BOOL_R077_C06,PG_BOOL_R077,Y2,range_type,6,case_boolean_wrapper,6,&&|CASE|ELSE|END|FALSE|THEN|TRUE|WHEN,"CASE WHEN (RANGE(INT, INT, STR) && RANGE(INT, INT, STR)) THEN TRUE ELSE FALSE END",03dbd324dbf4634150e3021e,required_tokens + skeleton_family + delimiter_integrity + boolean_signal
PG_BOOL_R077_C07,PG_BOOL_R077,Y2,range_type,7,and_true_guard,6,&&|=|AND,"(RANGE(INT, INT, STR) && RANGE(INT, INT, STR)) AND (INT = INT)",e4fb0c0aeb7b2ceedc5468c2,required_tokens + skeleton_family + delimiter_integrity + boolean_signal
PG_BOOL_R077_C08,PG_BOOL_R077,Y2,range_type,8,or_false_guard,6,&&|<|<>|>|OR,"(RANGE(INT, INT, STR) && RANGE(INT, INT, STR)) OR (INT <> INT)",ea87ae7130ad38f7b7ffa4f9,required_tokens + skeleton_family + delimiter_integrity + boolean_signal
PG_BOOL_R077_C09,PG_BOOL_R077,Y2,range_type,9,equals_true_wrapper,6,&&|=|TRUE,"((RANGE(INT, INT, STR) && RANGE(INT, INT, STR)) = TRUE)",e62bcff84dc3e2ad3e3b0924,required_tokens + skeleton_family + delimiter_integrity + boolean_signal
PG_BOOL_R077_C10,PG_BOOL_R077,Y2,range_type,10,coalesce_false_wrapper,6,&&|COALESCE|FALSE,"COALESCE((RANGE(INT, INT, STR) && RANGE(INT, INT, STR)), FALSE)",3383d4412c2dd8442120fe38,required_tokens + skeleton_family + delimiter_integrity + boolean_signal
PG_BOOL_R078_C01,PG_BOOL_R078,Y2,range_type,1,base_predicate,6,<|<@,"RANGE(INT, INT, STR) <@ RANGE(INT, INT, STR)",33d5dca55f927d3852c6b6f8,required_tokens + skeleton_family + delimiter_integrity + boolean_signal
PG_BOOL_R078_C02,PG_BOOL_R078,Y2,range_type,2,parenthesized_predicate,6,<|<@,"(RANGE(INT, INT, STR) <@ RANGE(INT, INT, STR))",ac27bf823197a045720684d4,required_tokens + skeleton_family + delimiter_integrity + boolean_signal
PG_BOOL_R078_C03,PG_BOOL_R078,Y2,range_type,3,negated_inverse_predicate,6,<|<@|NOT,"NOT (RANGE(INT, INT, STR) <@ RANGE(INT, INT, STR))",c68ec8ea4bbc2349eb96b762,required_tokens + skeleton_family + delimiter_integrity + boolean_signal
PG_BOOL_R078_C04,PG_BOOL_R078,Y2,range_type,4,is_true_wrapper,6,<|<@|IS|TRUE,"(RANGE(INT, INT, STR) <@ RANGE(INT, INT, STR)) IS TRUE",6dfbe26302b7d4696be5002b,required_tokens + skeleton_family + delimiter_integrity + boolean_signal
PG_BOOL_R078_C05,PG_BOOL_R078,Y2,range_type,5,is_not_false_wrapper,6,<|<@|FALSE|IS|NOT,"(RANGE(INT, INT, STR) <@ RANGE(INT, INT, STR)) IS NOT FALSE",42cf32bba33fb833ba813d31,required_tokens + skeleton_family + delimiter_integrity + boolean_signal
PG_BOOL_R078_C06,PG_BOOL_R078,Y2,range_type,6,case_boolean_wrapper,6,<|<@|CASE|ELSE|END|FALSE|THEN|TRUE|WHEN,"CASE WHEN (RANGE(INT, INT, STR) <@ RANGE(INT, INT, STR)) THEN TRUE ELSE FALSE END",80bbe1c519afc2dd8df6c369,required_tokens + skeleton_family + delimiter_integrity + boolean_signal
PG_BOOL_R078_C07,PG_BOOL_R078,Y2,range_type,7,and_true_guard,6,<|<@|=|AND,"(RANGE(INT, INT, STR) <@ RANGE(INT, INT, STR)) AND (INT = INT)",de3ad99e3942199aebeb4d53,required_tokens + skeleton_family + delimiter_integrity + boolean_signal
PG_BOOL_R078_C08,PG_BOOL_R078,Y2,range_type,8,or_false_guard,6,<|<>|<@|>|OR,"(RANGE(INT, INT, STR) <@ RANGE(INT, INT, STR)) OR (INT <> INT)",7cdac40ab59aaf28f1407cdc,required_tokens + skeleton_family + delimiter_integrity + boolean_signal
PG_BOOL_R078_C09,PG_BOOL_R078,Y2,range_type,9,equals_true_wrapper,6,<|<@|=|TRUE,"((RANGE(INT, INT, STR) <@ RANGE(INT, INT, STR)) = TRUE)",a39eb36510c6ee5b7ec140d0,required_tokens + skeleton_family + delimiter_integrity + boolean_signal
PG_BOOL_R078_C10,PG_BOOL_R078,Y2,range_type,10,coalesce_false_wrapper,6,<|<@|COALESCE|FALSE,"COALESCE((RANGE(INT, INT, STR) <@ RANGE(INT, INT, STR)), FALSE)",2e3d91d064ec24c67ba8ae56,required_tokens + skeleton_family + delimiter_integrity + boolean_signal
PG_BOOL_R079_C01,PG_BOOL_R079,Y2,range_type,1,base_predicate,6,=,"LOWER(RANGE(INT, INT, STR)) = INT",be36dcfee9dc1a83a58ea8c1,required_tokens + skeleton_family + delimiter_integrity + boolean_signal
PG_BOOL_R079_C02,PG_BOOL_R079,Y2,range_type,2,parenthesized_predicate,6,=,"(LOWER(RANGE(INT, INT, STR)) = INT)",f4c7d3f4f2760f0056163989,required_tokens + skeleton_family + delimiter_integrity + boolean_signal
PG_BOOL_R079_C03,PG_BOOL_R079,Y2,range_type,3,negated_inverse_predicate,6,=|NOT,"NOT (LOWER(RANGE(INT, INT, STR)) = INT)",c9f7196ddfc00ec8b1820ec3,required_tokens + skeleton_family + delimiter_integrity + boolean_signal
PG_BOOL_R079_C04,PG_BOOL_R079,Y2,range_type,4,is_true_wrapper,6,=|IS|TRUE,"(LOWER(RANGE(INT, INT, STR)) = INT) IS TRUE",fcc7b7a9e904dc4cf1791be6,required_tokens + skeleton_family + delimiter_integrity + boolean_signal
PG_BOOL_R079_C05,PG_BOOL_R079,Y2,range_type,5,is_not_false_wrapper,6,=|FALSE|IS|NOT,"(LOWER(RANGE(INT, INT, STR)) = INT) IS NOT FALSE",361b5b751c843bce7734b63b,required_tokens + skeleton_family + delimiter_integrity + boolean_signal
PG_BOOL_R079_C06,PG_BOOL_R079,Y2,range_type,6,case_boolean_wrapper,6,=|CASE|ELSE|END|FALSE|THEN|TRUE|WHEN,"CASE WHEN (LOWER(RANGE(INT, INT, STR)) = INT) THEN TRUE ELSE FALSE END",17140d3a70886dc7216fb396,required_tokens + skeleton_family + delimiter_integrity + boolean_signal
PG_BOOL_R079_C07,PG_BOOL_R079,Y2,range_type,7,and_true_guard,6,=|AND,"(LOWER(RANGE(INT, INT, STR)) = INT) AND (INT = INT)",1c97e5e152fcc3d3d70b343d,required_tokens + skeleton_family + delimiter_integrity + boolean_signal
PG_BOOL_R079_C08,PG_BOOL_R079,Y2,range_type,8,or_false_guard,6,<|<>|=|>|OR,"(LOWER(RANGE(INT, INT, STR)) = INT) OR (INT <> INT)",cb06a50275dd710b4a216fe4,required_tokens + skeleton_family + delimiter_integrity + boolean_signal
PG_BOOL_R079_C09,PG_BOOL_R079,Y2,range_type,9,equals_true_wrapper,6,=|TRUE,"((LOWER(RANGE(INT, INT, STR)) = INT) = TRUE)",a3ef2a8efd3a736f690e4493,required_tokens + skeleton_family + delimiter_integrity + boolean_signal
PG_BOOL_R079_C10,PG_BOOL_R079,Y2,range_type,10,coalesce_false_wrapper,6,=|COALESCE|FALSE,"COALESCE((LOWER(RANGE(INT, INT, STR)) = INT), FALSE)",a151b2974202c3b31ddca37a,required_tokens + skeleton_family + delimiter_integrity + boolean_signal
PG_BOOL_R080_C01,PG_BOOL_R080,Y2,range_type,1,base_predicate,6,=,"UPPER(RANGE(INT, INT, STR)) = INT",eece2552e3f84e7515661ab4,required_tokens + skeleton_family + delimiter_integrity + boolean_signal
PG_BOOL_R080_C02,PG_BOOL_R080,Y2,range_type,2,parenthesized_predicate,6,=,"(UPPER(RANGE(INT, INT, STR)) = INT)",8ca5210119ce5f0e4dcb3b07,required_tokens + skeleton_family + delimiter_integrity + boolean_signal
PG_BOOL_R080_C03,PG_BOOL_R080,Y2,range_type,3,negated_inverse_predicate,6,=|NOT,"NOT (UPPER(RANGE(INT, INT, STR)) = INT)",9f715872ccc18c84d5f46b6c,required_tokens + skeleton_family + delimiter_integrity + boolean_signal
PG_BOOL_R080_C04,PG_BOOL_R080,Y2,range_type,4,is_true_wrapper,6,=|IS|TRUE,"(UPPER(RANGE(INT, INT, STR)) = INT) IS TRUE",d981dc37edced13b0ec3230e,required_tokens + skeleton_family + delimiter_integrity + boolean_signal
PG_BOOL_R080_C05,PG_BOOL_R080,Y2,range_type,5,is_not_false_wrapper,6,=|FALSE|IS|NOT,"(UPPER(RANGE(INT, INT, STR)) = INT) IS NOT FALSE",1fb130c43dd3a4b3cc3a8612,required_tokens + skeleton_family + delimiter_integrity + boolean_signal
PG_BOOL_R080_C06,PG_BOOL_R080,Y2,range_type,6,case_boolean_wrapper,6,=|CASE|ELSE|END|FALSE|THEN|TRUE|WHEN,"CASE WHEN (UPPER(RANGE(INT, INT, STR)) = INT) THEN TRUE ELSE FALSE END",2bf6f5ba54c0646ddd5ebe1d,required_tokens + skeleton_family + delimiter_integrity + boolean_signal
PG_BOOL_R080_C07,PG_BOOL_R080,Y2,range_type,7,and_true_guard,6,=|AND,"(UPPER(RANGE(INT, INT, STR)) = INT) AND (INT = INT)",f7010eaa4e05f9a67dc983ec,required_tokens + skeleton_family + delimiter_integrity + boolean_signal
PG_BOOL_R080_C08,PG_BOOL_R080,Y2,range_type,8,or_false_guard,6,<|<>|=|>|OR,"(UPPER(RANGE(INT, INT, STR)) = INT) OR (INT <> INT)",f6e68e71e6aa33668ca04326,required_tokens + skeleton_family + delimiter_integrity + boolean_signal
PG_BOOL_R080_C09,PG_BOOL_R080,Y2,range_type,9,equals_true_wrapper,6,=|TRUE,"((UPPER(RANGE(INT, INT, STR)) = INT) = TRUE)",fa8fd7e6ce5523549edd03e1,required_tokens + skeleton_family + delimiter_integrity + boolean_signal
PG_BOOL_R080_C10,PG_BOOL_R080,Y2,range_type,10,coalesce_false_wrapper,6,=|COALESCE|FALSE,"COALESCE((UPPER(RANGE(INT, INT, STR)) = INT), FALSE)",b6f380d8c5deb000d9679678,required_tokens + skeleton_family + delimiter_integrity + boolean_signal
PG_BOOL_R081_C01,PG_BOOL_R081,Y2,network_inet,1,base_predicate,6,<,INET << INET,7dbae9ea7b52b33e52235f09,required_tokens + skeleton_family + delimiter_integrity + boolean_signal
PG_BOOL_R081_C02,PG_BOOL_R081,Y2,network_inet,2,parenthesized_predicate,6,<,(INET << INET),9473055cf717461a1ce5f75b,required_tokens + skeleton_family + delimiter_integrity + boolean_signal
PG_BOOL_R081_C03,PG_BOOL_R081,Y2,network_inet,3,negated_inverse_predicate,6,<|NOT,NOT (INET << INET),478afe12ce47250a8a92c1ae,required_tokens + skeleton_family + delimiter_integrity + boolean_signal
PG_BOOL_R081_C04,PG_BOOL_R081,Y2,network_inet,4,is_true_wrapper,6,<|IS|TRUE,(INET << INET) IS TRUE,1aa529fe0ff1abbcf4f9c2e2,required_tokens + skeleton_family + delimiter_integrity + boolean_signal
PG_BOOL_R081_C05,PG_BOOL_R081,Y2,network_inet,5,is_not_false_wrapper,6,<|FALSE|IS|NOT,(INET << INET) IS NOT FALSE,60a984fac0031e6204839c5f,required_tokens + skeleton_family + delimiter_integrity + boolean_signal
PG_BOOL_R081_C06,PG_BOOL_R081,Y2,network_inet,6,case_boolean_wrapper,6,<|CASE|ELSE|END|FALSE|THEN|TRUE|WHEN,CASE WHEN (INET << INET) THEN TRUE ELSE FALSE END,4ddb1ab8b66d46a9b61fa4be,required_tokens + skeleton_family + delimiter_integrity + boolean_signal
PG_BOOL_R081_C07,PG_BOOL_R081,Y2,network_inet,7,and_true_guard,6,<|=|AND,(INET << INET) AND (INT = INT),926ff4ed3d77e4aa26885780,required_tokens + skeleton_family + delimiter_integrity + boolean_signal
PG_BOOL_R081_C08,PG_BOOL_R081,Y2,network_inet,8,or_false_guard,6,<|<>|>|OR,(INET << INET) OR (INT <> INT),7d0b665d5992a52f905a7c40,required_tokens + skeleton_family + delimiter_integrity + boolean_signal
PG_BOOL_R081_C09,PG_BOOL_R081,Y2,network_inet,9,equals_true_wrapper,6,<|=|TRUE,((INET << INET) = TRUE),15396617256df1d634b15237,required_tokens + skeleton_family + delimiter_integrity + boolean_signal
PG_BOOL_R081_C10,PG_BOOL_R081,Y2,network_inet,10,coalesce_false_wrapper,6,<|COALESCE|FALSE,"COALESCE((INET << INET), FALSE)",5d12fc3c8a23ceee9a20fbcb,required_tokens + skeleton_family + delimiter_integrity + boolean_signal
PG_BOOL_R082_C01,PG_BOOL_R082,Y2,network_inet,1,base_predicate,6,=|>|>=,INET >>= INET,1d4db4549a2ef3feab56e4b4,required_tokens + skeleton_family + delimiter_integrity + boolean_signal
PG_BOOL_R082_C02,PG_BOOL_R082,Y2,network_inet,2,parenthesized_predicate,6,=|>|>=,(INET >>= INET),6d00ca96b26c49068e4b3c58,required_tokens + skeleton_family + delimiter_integrity + boolean_signal
PG_BOOL_R082_C03,PG_BOOL_R082,Y2,network_inet,3,negated_inverse_predicate,6,=|>|>=|NOT,NOT (INET >>= INET),72e38d5e239bfc15cf7ee02c,required_tokens + skeleton_family + delimiter_integrity + boolean_signal
PG_BOOL_R082_C04,PG_BOOL_R082,Y2,network_inet,4,is_true_wrapper,6,=|>|>=|IS|TRUE,(INET >>= INET) IS TRUE,2f78c22b0bda125d3aa06da2,required_tokens + skeleton_family + delimiter_integrity + boolean_signal
PG_BOOL_R082_C05,PG_BOOL_R082,Y2,network_inet,5,is_not_false_wrapper,6,=|>|>=|FALSE|IS|NOT,(INET >>= INET) IS NOT FALSE,c1eff802839f15af8d83afd9,required_tokens + skeleton_family + delimiter_integrity + boolean_signal
PG_BOOL_R082_C06,PG_BOOL_R082,Y2,network_inet,6,case_boolean_wrapper,6,=|>|>=|CASE|ELSE|END|FALSE|THEN|TRUE|WHEN,CASE WHEN (INET >>= INET) THEN TRUE ELSE FALSE END,c192aae9f69c9aff57f7b8c7,required_tokens + skeleton_family + delimiter_integrity + boolean_signal
PG_BOOL_R082_C07,PG_BOOL_R082,Y2,network_inet,7,and_true_guard,6,=|>|>=|AND,(INET >>= INET) AND (INT = INT),ba0e6d01270bb50694df6387,required_tokens + skeleton_family + delimiter_integrity + boolean_signal
PG_BOOL_R082_C08,PG_BOOL_R082,Y2,network_inet,8,or_false_guard,6,<|<>|=|>|>=|OR,(INET >>= INET) OR (INT <> INT),6ad082ff2fca1db5685d66af,required_tokens + skeleton_family + delimiter_integrity + boolean_signal
PG_BOOL_R082_C09,PG_BOOL_R082,Y2,network_inet,9,equals_true_wrapper,6,=|>|>=|TRUE,((INET >>= INET) = TRUE),4f58c6a816fda7a27b482688,required_tokens + skeleton_family + delimiter_integrity + boolean_signal
PG_BOOL_R082_C10,PG_BOOL_R082,Y2,network_inet,10,coalesce_false_wrapper,6,=|>|>=|COALESCE|FALSE,"COALESCE((INET >>= INET), FALSE)",6a18698be2fe3ef71c6c290e,required_tokens + skeleton_family + delimiter_integrity + boolean_signal
PG_BOOL_R083_C01,PG_BOOL_R083,Y2,network_inet,1,base_predicate,6,=,HOST(INET) = STR,e8f263316ac4d6f92ce2e1b7,required_tokens + skeleton_family + delimiter_integrity + boolean_signal
PG_BOOL_R083_C02,PG_BOOL_R083,Y2,network_inet,2,parenthesized_predicate,6,=,(HOST(INET) = STR),815ce93294a1caf00c45ea44,required_tokens + skeleton_family + delimiter_integrity + boolean_signal
PG_BOOL_R083_C03,PG_BOOL_R083,Y2,network_inet,3,negated_inverse_predicate,6,=|NOT,NOT (HOST(INET) = STR),60256a9a6098dbad3482ac08,required_tokens + skeleton_family + delimiter_integrity + boolean_signal
PG_BOOL_R083_C04,PG_BOOL_R083,Y2,network_inet,4,is_true_wrapper,6,=|IS|TRUE,(HOST(INET) = STR) IS TRUE,f374dd2fdb737c319e3d79a3,required_tokens + skeleton_family + delimiter_integrity + boolean_signal
PG_BOOL_R083_C05,PG_BOOL_R083,Y2,network_inet,5,is_not_false_wrapper,6,=|FALSE|IS|NOT,(HOST(INET) = STR) IS NOT FALSE,c5b0e15da4a7dc79768bfcc4,required_tokens + skeleton_family + delimiter_integrity + boolean_signal
PG_BOOL_R083_C06,PG_BOOL_R083,Y2,network_inet,6,case_boolean_wrapper,6,=|CASE|ELSE|END|FALSE|THEN|TRUE|WHEN,CASE WHEN (HOST(INET) = STR) THEN TRUE ELSE FALSE END,af8e6b28626aa1d571076a03,required_tokens + skeleton_family + delimiter_integrity + boolean_signal
PG_BOOL_R083_C07,PG_BOOL_R083,Y2,network_inet,7,and_true_guard,6,=|AND,(HOST(INET) = STR) AND (INT = INT),9dd22dfd49c560f75334db90,required_tokens + skeleton_family + delimiter_integrity + boolean_signal
PG_BOOL_R083_C08,PG_BOOL_R083,Y2,network_inet,8,or_false_guard,6,<|<>|=|>|OR,(HOST(INET) = STR) OR (INT <> INT),d57db883f76799cd1dcb9572,required_tokens + skeleton_family + delimiter_integrity + boolean_signal
PG_BOOL_R083_C09,PG_BOOL_R083,Y2,network_inet,9,equals_true_wrapper,6,=|TRUE,((HOST(INET) = STR) = TRUE),02db4cf18da23b664d3e1716,required_tokens + skeleton_family + delimiter_integrity + boolean_signal
PG_BOOL_R083_C10,PG_BOOL_R083,Y2,network_inet,10,coalesce_false_wrapper,6,=|COALESCE|FALSE,"COALESCE((HOST(INET) = STR), FALSE)",6d4b2273bd14984d3b34c147,required_tokens + skeleton_family + delimiter_integrity + boolean_signal
PG_BOOL_R084_C01,PG_BOOL_R084,Y2,network_inet,1,base_predicate,6,=,FAMILY(INET) = INT,29eb0c1e5fcd316fea9f8cd0,required_tokens + skeleton_family + delimiter_integrity + boolean_signal
PG_BOOL_R084_C02,PG_BOOL_R084,Y2,network_inet,2,parenthesized_predicate,6,=,(FAMILY(INET) = INT),8671e39403e381a3801b1afb,required_tokens + skeleton_family + delimiter_integrity + boolean_signal
PG_BOOL_R084_C03,PG_BOOL_R084,Y2,network_inet,3,negated_inverse_predicate,6,=|NOT,NOT (FAMILY(INET) = INT),8572590889babc4c79c4c111,required_tokens + skeleton_family + delimiter_integrity + boolean_signal
PG_BOOL_R084_C04,PG_BOOL_R084,Y2,network_inet,4,is_true_wrapper,6,=|IS|TRUE,(FAMILY(INET) = INT) IS TRUE,80f2d667d917639f5dc6f78a,required_tokens + skeleton_family + delimiter_integrity + boolean_signal
PG_BOOL_R084_C05,PG_BOOL_R084,Y2,network_inet,5,is_not_false_wrapper,6,=|FALSE|IS|NOT,(FAMILY(INET) = INT) IS NOT FALSE,a9505824213d8463cdf85b52,required_tokens + skeleton_family + delimiter_integrity + boolean_signal
PG_BOOL_R084_C06,PG_BOOL_R084,Y2,network_inet,6,case_boolean_wrapper,6,=|CASE|ELSE|END|FALSE|THEN|TRUE|WHEN,CASE WHEN (FAMILY(INET) = INT) THEN TRUE ELSE FALSE END,d464dab231c07b6e2fefde9b,required_tokens + skeleton_family + delimiter_integrity + boolean_signal
PG_BOOL_R084_C07,PG_BOOL_R084,Y2,network_inet,7,and_true_guard,6,=|AND,(FAMILY(INET) = INT) AND (INT = INT),3b80e7b177de1abf405e3f78,required_tokens + skeleton_family + delimiter_integrity + boolean_signal
PG_BOOL_R084_C08,PG_BOOL_R084,Y2,network_inet,8,or_false_guard,6,<|<>|=|>|OR,(FAMILY(INET) = INT) OR (INT <> INT),a6ea9455e35bd8c044fcd448,required_tokens + skeleton_family + delimiter_integrity + boolean_signal
PG_BOOL_R084_C09,PG_BOOL_R084,Y2,network_inet,9,equals_true_wrapper,6,=|TRUE,((FAMILY(INET) = INT) = TRUE),fc024853a731cc13778718d0,required_tokens + skeleton_family + delimiter_integrity + boolean_signal
PG_BOOL_R084_C10,PG_BOOL_R084,Y2,network_inet,10,coalesce_false_wrapper,6,=|COALESCE|FALSE,"COALESCE((FAMILY(INET) = INT), FALSE)",fef28beb8e5dc65e356a6fc9,required_tokens + skeleton_family + delimiter_integrity + boolean_signal
PG_BOOL_R085_C01,PG_BOOL_R085,Y2,network_inet,1,base_predicate,6,=,"SET_MASKLEN(INET, INT) = INET",d4181f588dcd7e40f42f40f1,required_tokens + skeleton_family + delimiter_integrity + boolean_signal
PG_BOOL_R085_C02,PG_BOOL_R085,Y2,network_inet,2,parenthesized_predicate,6,=,"(SET_MASKLEN(INET, INT) = INET)",4a933e896a7a7d2f1c9a5658,required_tokens + skeleton_family + delimiter_integrity + boolean_signal
PG_BOOL_R085_C03,PG_BOOL_R085,Y2,network_inet,3,negated_inverse_predicate,6,=|NOT,"NOT (SET_MASKLEN(INET, INT) = INET)",6c03f171852adf84d511eaed,required_tokens + skeleton_family + delimiter_integrity + boolean_signal
PG_BOOL_R085_C04,PG_BOOL_R085,Y2,network_inet,4,is_true_wrapper,6,=|IS|TRUE,"(SET_MASKLEN(INET, INT) = INET) IS TRUE",9e01d1011ffd4b6a55499ae2,required_tokens + skeleton_family + delimiter_integrity + boolean_signal
PG_BOOL_R085_C05,PG_BOOL_R085,Y2,network_inet,5,is_not_false_wrapper,6,=|FALSE|IS|NOT,"(SET_MASKLEN(INET, INT) = INET) IS NOT FALSE",dd67058154a0727c7ebcf043,required_tokens + skeleton_family + delimiter_integrity + boolean_signal
PG_BOOL_R085_C06,PG_BOOL_R085,Y2,network_inet,6,case_boolean_wrapper,6,=|CASE|ELSE|END|FALSE|THEN|TRUE|WHEN,"CASE WHEN (SET_MASKLEN(INET, INT) = INET) THEN TRUE ELSE FALSE END",d75588f442caaa09702d70d8,required_tokens + skeleton_family + delimiter_integrity + boolean_signal
PG_BOOL_R085_C07,PG_BOOL_R085,Y2,network_inet,7,and_true_guard,6,=|AND,"(SET_MASKLEN(INET, INT) = INET) AND (INT = INT)",5ab470556dcb8b899434396e,required_tokens + skeleton_family + delimiter_integrity + boolean_signal
PG_BOOL_R085_C08,PG_BOOL_R085,Y2,network_inet,8,or_false_guard,6,<|<>|=|>|OR,"(SET_MASKLEN(INET, INT) = INET) OR (INT <> INT)",2f7545d1df7305fc2bf4f6f5,required_tokens + skeleton_family + delimiter_integrity + boolean_signal
PG_BOOL_R085_C09,PG_BOOL_R085,Y2,network_inet,9,equals_true_wrapper,6,=|TRUE,"((SET_MASKLEN(INET, INT) = INET) = TRUE)",0c9e5f4a809d4ef393827879,required_tokens + skeleton_family + delimiter_integrity + boolean_signal
PG_BOOL_R085_C10,PG_BOOL_R085,Y2,network_inet,10,coalesce_false_wrapper,6,=|COALESCE|FALSE,"COALESCE((SET_MASKLEN(INET, INT) = INET), FALSE)",a0407e216d90611a6847aa7c,required_tokens + skeleton_family + delimiter_integrity + boolean_signal
PG_BOOL_R086_C01,PG_BOOL_R086,Y2,uuid_predicate,1,base_predicate,6,=,UUID = UUID,b4adbd0c47996744d3a7d07c,required_tokens + skeleton_family + delimiter_integrity + boolean_signal
PG_BOOL_R086_C02,PG_BOOL_R086,Y2,uuid_predicate,2,parenthesized_predicate,6,=,(UUID = UUID),4bd7d761819101da4f65e395,required_tokens + skeleton_family + delimiter_integrity + boolean_signal
PG_BOOL_R086_C03,PG_BOOL_R086,Y2,uuid_predicate,3,negated_inverse_predicate,6,=|NOT,NOT (UUID = UUID),204708d7190cccbe98e0eb62,required_tokens + skeleton_family + delimiter_integrity + boolean_signal
PG_BOOL_R086_C04,PG_BOOL_R086,Y2,uuid_predicate,4,is_true_wrapper,6,=|IS|TRUE,(UUID = UUID) IS TRUE,99502d552431e258fd064aa9,required_tokens + skeleton_family + delimiter_integrity + boolean_signal
PG_BOOL_R086_C05,PG_BOOL_R086,Y2,uuid_predicate,5,is_not_false_wrapper,6,=|FALSE|IS|NOT,(UUID = UUID) IS NOT FALSE,d368258e61aedb2759b012ae,required_tokens + skeleton_family + delimiter_integrity + boolean_signal
PG_BOOL_R086_C06,PG_BOOL_R086,Y2,uuid_predicate,6,case_boolean_wrapper,6,=|CASE|ELSE|END|FALSE|THEN|TRUE|WHEN,CASE WHEN (UUID = UUID) THEN TRUE ELSE FALSE END,b96f311519ff081e29f02f36,required_tokens + skeleton_family + delimiter_integrity + boolean_signal
PG_BOOL_R086_C07,PG_BOOL_R086,Y2,uuid_predicate,7,and_true_guard,6,=|AND,(UUID = UUID) AND (INT = INT),4ea015958cdec522a8867377,required_tokens + skeleton_family + delimiter_integrity + boolean_signal
PG_BOOL_R086_C08,PG_BOOL_R086,Y2,uuid_predicate,8,or_false_guard,6,<|<>|=|>|OR,(UUID = UUID) OR (INT <> INT),231fd6f821c0c53681caf31c,required_tokens + skeleton_family + delimiter_integrity + boolean_signal
PG_BOOL_R086_C09,PG_BOOL_R086,Y2,uuid_predicate,9,equals_true_wrapper,6,=|TRUE,((UUID = UUID) = TRUE),65b66db29c959996005a7a8c,required_tokens + skeleton_family + delimiter_integrity + boolean_signal
PG_BOOL_R086_C10,PG_BOOL_R086,Y2,uuid_predicate,10,coalesce_false_wrapper,6,=|COALESCE|FALSE,"COALESCE((UUID = UUID), FALSE)",26dc2b22ff35f03075c43d9e,required_tokens + skeleton_family + delimiter_integrity + boolean_signal
PG_BOOL_R087_C01,PG_BOOL_R087,Y2,uuid_predicate,1,base_predicate,6,<|<>|>,UUID <> UUID,b6a224d5e2c989805377ea30,required_tokens + skeleton_family + delimiter_integrity + boolean_signal
PG_BOOL_R087_C02,PG_BOOL_R087,Y2,uuid_predicate,2,parenthesized_predicate,6,<|<>|>,(UUID <> UUID),4edf4ef04dd04c71de3069f1,required_tokens + skeleton_family + delimiter_integrity + boolean_signal
PG_BOOL_R087_C03,PG_BOOL_R087,Y2,uuid_predicate,3,negated_inverse_predicate,6,<|<>|>|NOT,NOT (UUID <> UUID),5512bc89b9d3da82cf71e183,required_tokens + skeleton_family + delimiter_integrity + boolean_signal
PG_BOOL_R087_C04,PG_BOOL_R087,Y2,uuid_predicate,4,is_true_wrapper,6,<|<>|>|IS|TRUE,(UUID <> UUID) IS TRUE,45a1de227aaaacb3f9aa6428,required_tokens + skeleton_family + delimiter_integrity + boolean_signal
PG_BOOL_R087_C05,PG_BOOL_R087,Y2,uuid_predicate,5,is_not_false_wrapper,6,<|<>|>|FALSE|IS|NOT,(UUID <> UUID) IS NOT FALSE,3402839a5879b5b1f5fc63dc,required_tokens + skeleton_family + delimiter_integrity + boolean_signal
PG_BOOL_R087_C06,PG_BOOL_R087,Y2,uuid_predicate,6,case_boolean_wrapper,6,<|<>|>|CASE|ELSE|END|FALSE|THEN|TRUE|WHEN,CASE WHEN (UUID <> UUID) THEN TRUE ELSE FALSE END,91e212728808bd0b21c93eab,required_tokens + skeleton_family + delimiter_integrity + boolean_signal
PG_BOOL_R087_C07,PG_BOOL_R087,Y2,uuid_predicate,7,and_true_guard,6,<|<>|=|>|AND,(UUID <> UUID) AND (INT = INT),fa8b3983ab9501c5abac41ba,required_tokens + skeleton_family + delimiter_integrity + boolean_signal
PG_BOOL_R087_C08,PG_BOOL_R087,Y2,uuid_predicate,8,or_false_guard,6,<|<>|>|OR,(UUID <> UUID) OR (INT <> INT),13c610e30b418911ee2d4e90,required_tokens + skeleton_family + delimiter_integrity + boolean_signal
PG_BOOL_R087_C09,PG_BOOL_R087,Y2,uuid_predicate,9,equals_true_wrapper,6,<|<>|=|>|TRUE,((UUID <> UUID) = TRUE),758dcdb43c3c4428f0d871c2,required_tokens + skeleton_family + delimiter_integrity + boolean_signal
PG_BOOL_R087_C10,PG_BOOL_R087,Y2,uuid_predicate,10,coalesce_false_wrapper,6,<|<>|>|COALESCE|FALSE,"COALESCE((UUID <> UUID), FALSE)",0439e68836e4fe34bdd742c7,required_tokens + skeleton_family + delimiter_integrity + boolean_signal
PG_BOOL_R088_C01,PG_BOOL_R088,Y2,uuid_predicate,1,base_predicate,6,DISTINCT|FROM|IS|NOT,UUID IS NOT DISTINCT FROM UUID,b34b080aa27f87e12108533a,required_tokens + skeleton_family + delimiter_integrity + boolean_signal
PG_BOOL_R088_C02,PG_BOOL_R088,Y2,uuid_predicate,2,parenthesized_predicate,6,DISTINCT|FROM|IS|NOT,(UUID IS NOT DISTINCT FROM UUID),ef15d19a378f84de8588c682,required_tokens + skeleton_family + delimiter_integrity + boolean_signal
PG_BOOL_R088_C03,PG_BOOL_R088,Y2,uuid_predicate,3,negated_inverse_predicate,6,DISTINCT|FROM|IS|NOT,NOT (UUID IS DISTINCT FROM UUID),730227c7139299a2b9d0e565,required_tokens + skeleton_family + delimiter_integrity + boolean_signal
PG_BOOL_R088_C04,PG_BOOL_R088,Y2,uuid_predicate,4,is_true_wrapper,6,DISTINCT|FROM|IS|NOT|TRUE,(UUID IS NOT DISTINCT FROM UUID) IS TRUE,0ef0d3b48b6a230270a7c190,required_tokens + skeleton_family + delimiter_integrity + boolean_signal
PG_BOOL_R088_C05,PG_BOOL_R088,Y2,uuid_predicate,5,is_not_false_wrapper,6,DISTINCT|FALSE|FROM|IS|NOT,(UUID IS NOT DISTINCT FROM UUID) IS NOT FALSE,33f7c56ddc1e84d6092de117,required_tokens + skeleton_family + delimiter_integrity + boolean_signal
PG_BOOL_R088_C06,PG_BOOL_R088,Y2,uuid_predicate,6,case_boolean_wrapper,6,CASE|DISTINCT|ELSE|END|FALSE|FROM|IS|NOT|THEN|TRUE|WHEN,CASE WHEN (UUID IS NOT DISTINCT FROM UUID) THEN TRUE ELSE FALSE END,9ed2497f94b1329ca809bf19,required_tokens + skeleton_family + delimiter_integrity + boolean_signal
PG_BOOL_R088_C07,PG_BOOL_R088,Y2,uuid_predicate,7,and_true_guard,6,=|AND|DISTINCT|FROM|IS|NOT,(UUID IS NOT DISTINCT FROM UUID) AND (INT = INT),ccaeb5376da8c13e9b1bba03,required_tokens + skeleton_family + delimiter_integrity + boolean_signal
PG_BOOL_R088_C08,PG_BOOL_R088,Y2,uuid_predicate,8,or_false_guard,6,<|<>|>|DISTINCT|FROM|IS|NOT|OR,(UUID IS NOT DISTINCT FROM UUID) OR (INT <> INT),a67ae28dd5e0c3c7a091b178,required_tokens + skeleton_family + delimiter_integrity + boolean_signal
PG_BOOL_R088_C09,PG_BOOL_R088,Y2,uuid_predicate,9,equals_true_wrapper,6,=|DISTINCT|FROM|IS|NOT|TRUE,((UUID IS NOT DISTINCT FROM UUID) = TRUE),35812bf0363563d6b8008020,required_tokens + skeleton_family + delimiter_integrity + boolean_signal
PG_BOOL_R088_C10,PG_BOOL_R088,Y2,uuid_predicate,10,coalesce_false_wrapper,6,COALESCE|DISTINCT|FALSE|FROM|IS|NOT,"COALESCE((UUID IS NOT DISTINCT FROM UUID), FALSE)",34196060e429497bb9ff93ce,required_tokens + skeleton_family + delimiter_integrity + boolean_signal
PG_BOOL_R089_C01,PG_BOOL_R089,Y2,uuid_predicate,1,base_predicate,6,LIKE,UUID LIKE STR,30a95a1449d65c14fb0e7c84,required_tokens + skeleton_family + delimiter_integrity + boolean_signal
PG_BOOL_R089_C02,PG_BOOL_R089,Y2,uuid_predicate,2,parenthesized_predicate,6,LIKE,(UUID LIKE STR),4272082918df93d0a927bb45,required_tokens + skeleton_family + delimiter_integrity + boolean_signal
PG_BOOL_R089_C03,PG_BOOL_R089,Y2,uuid_predicate,3,negated_inverse_predicate,6,LIKE|NOT,NOT (UUID LIKE STR),b46bb15db5cdd6c131b9374d,required_tokens + skeleton_family + delimiter_integrity + boolean_signal
PG_BOOL_R089_C04,PG_BOOL_R089,Y2,uuid_predicate,4,is_true_wrapper,6,IS|LIKE|TRUE,(UUID LIKE STR) IS TRUE,f8e085f5bb532c93355fd55b,required_tokens + skeleton_family + delimiter_integrity + boolean_signal
PG_BOOL_R089_C05,PG_BOOL_R089,Y2,uuid_predicate,5,is_not_false_wrapper,6,FALSE|IS|LIKE|NOT,(UUID LIKE STR) IS NOT FALSE,e70a00f6b7da18f7c126dc91,required_tokens + skeleton_family + delimiter_integrity + boolean_signal
PG_BOOL_R089_C06,PG_BOOL_R089,Y2,uuid_predicate,6,case_boolean_wrapper,6,CASE|ELSE|END|FALSE|LIKE|THEN|TRUE|WHEN,CASE WHEN (UUID LIKE STR) THEN TRUE ELSE FALSE END,7cbfb752ba46b08fe14edd9b,required_tokens + skeleton_family + delimiter_integrity + boolean_signal
PG_BOOL_R089_C07,PG_BOOL_R089,Y2,uuid_predicate,7,and_true_guard,6,=|AND|LIKE,(UUID LIKE STR) AND (INT = INT),8c9374ac92caa806f2affe5b,required_tokens + skeleton_family + delimiter_integrity + boolean_signal
PG_BOOL_R089_C08,PG_BOOL_R089,Y2,uuid_predicate,8,or_false_guard,6,<|<>|>|LIKE|OR,(UUID LIKE STR) OR (INT <> INT),7f909b097f5f84bfa4adb47f,required_tokens + skeleton_family + delimiter_integrity + boolean_signal
PG_BOOL_R089_C09,PG_BOOL_R089,Y2,uuid_predicate,9,equals_true_wrapper,6,=|LIKE|TRUE,((UUID LIKE STR) = TRUE),65475572500f17abb6a24fff,required_tokens + skeleton_family + delimiter_integrity + boolean_signal
PG_BOOL_R089_C10,PG_BOOL_R089,Y2,uuid_predicate,10,coalesce_false_wrapper,6,COALESCE|FALSE|LIKE,"COALESCE((UUID LIKE STR), FALSE)",cfeac44dedbdaf4d20566e1e,required_tokens + skeleton_family + delimiter_integrity + boolean_signal
PG_BOOL_R090_C01,PG_BOOL_R090,Y2,uuid_predicate,1,base_predicate,6,=,LENGTH(UUID) = INT,50487952203c59a3cc5ce2bc,required_tokens + skeleton_family + delimiter_integrity + boolean_signal
PG_BOOL_R090_C02,PG_BOOL_R090,Y2,uuid_predicate,2,parenthesized_predicate,6,=,(LENGTH(UUID) = INT),3e93bd5f621b8f7620cc4eb4,required_tokens + skeleton_family + delimiter_integrity + boolean_signal
PG_BOOL_R090_C03,PG_BOOL_R090,Y2,uuid_predicate,3,negated_inverse_predicate,6,=|NOT,NOT (LENGTH(UUID) = INT),96b878b95c61070214826589,required_tokens + skeleton_family + delimiter_integrity + boolean_signal
PG_BOOL_R090_C04,PG_BOOL_R090,Y2,uuid_predicate,4,is_true_wrapper,6,=|IS|TRUE,(LENGTH(UUID) = INT) IS TRUE,364df8b8aea12492eb6064b6,required_tokens + skeleton_family + delimiter_integrity + boolean_signal
PG_BOOL_R090_C05,PG_BOOL_R090,Y2,uuid_predicate,5,is_not_false_wrapper,6,=|FALSE|IS|NOT,(LENGTH(UUID) = INT) IS NOT FALSE,5d2af64cb36110b607de501c,required_tokens + skeleton_family + delimiter_integrity + boolean_signal
PG_BOOL_R090_C06,PG_BOOL_R090,Y2,uuid_predicate,6,case_boolean_wrapper,6,=|CASE|ELSE|END|FALSE|THEN|TRUE|WHEN,CASE WHEN (LENGTH(UUID) = INT) THEN TRUE ELSE FALSE END,3c0f9403cddd7f43e32169b4,required_tokens + skeleton_family + delimiter_integrity + boolean_signal
PG_BOOL_R090_C07,PG_BOOL_R090,Y2,uuid_predicate,7,and_true_guard,6,=|AND,(LENGTH(UUID) = INT) AND (INT = INT),bc24b78bfed562f3a2fdbac1,required_tokens + skeleton_family + delimiter_integrity + boolean_signal
PG_BOOL_R090_C08,PG_BOOL_R090,Y2,uuid_predicate,8,or_false_guard,6,<|<>|=|>|OR,(LENGTH(UUID) = INT) OR (INT <> INT),9a048ec4142dcb32275e8214,required_tokens + skeleton_family + delimiter_integrity + boolean_signal
PG_BOOL_R090_C09,PG_BOOL_R090,Y2,uuid_predicate,9,equals_true_wrapper,6,=|TRUE,((LENGTH(UUID) = INT) = TRUE),74563d1f158d65e8f135877e,required_tokens + skeleton_family + delimiter_integrity + boolean_signal
PG_BOOL_R090_C10,PG_BOOL_R090,Y2,uuid_predicate,10,coalesce_false_wrapper,6,=|COALESCE|FALSE,"COALESCE((LENGTH(UUID) = INT), FALSE)",38aa8b94d3b103fc4a0747ea,required_tokens + skeleton_family + delimiter_integrity + boolean_signal
PG_BOOL_R091_C01,PG_BOOL_R091,Y2,full_text_predicate,1,base_predicate,6,@@,"TO_TSVECTOR(STR, STR) @@ PLAINTO_TSQUERY(STR, STR)",8b3af81c4bbadb6ef6801aaf,required_tokens + skeleton_family + delimiter_integrity + boolean_signal
PG_BOOL_R091_C02,PG_BOOL_R091,Y2,full_text_predicate,2,parenthesized_predicate,6,@@,"(TO_TSVECTOR(STR, STR) @@ PLAINTO_TSQUERY(STR, STR))",8d2d400f738635eb68ae8cde,required_tokens + skeleton_family + delimiter_integrity + boolean_signal
PG_BOOL_R091_C03,PG_BOOL_R091,Y2,full_text_predicate,3,negated_inverse_predicate,6,@@|NOT,"NOT (TO_TSVECTOR(STR, STR) @@ PLAINTO_TSQUERY(STR, STR))",9cd49915b23b55d0a4d482f3,required_tokens + skeleton_family + delimiter_integrity + boolean_signal
PG_BOOL_R091_C04,PG_BOOL_R091,Y2,full_text_predicate,4,is_true_wrapper,6,@@|IS|TRUE,"(TO_TSVECTOR(STR, STR) @@ PLAINTO_TSQUERY(STR, STR)) IS TRUE",8280aad39a4a56e98b98eb41,required_tokens + skeleton_family + delimiter_integrity + boolean_signal
PG_BOOL_R091_C05,PG_BOOL_R091,Y2,full_text_predicate,5,is_not_false_wrapper,6,@@|FALSE|IS|NOT,"(TO_TSVECTOR(STR, STR) @@ PLAINTO_TSQUERY(STR, STR)) IS NOT FALSE",5a994be7b9ef11f0d5cf46c5,required_tokens + skeleton_family + delimiter_integrity + boolean_signal
PG_BOOL_R091_C06,PG_BOOL_R091,Y2,full_text_predicate,6,case_boolean_wrapper,6,@@|CASE|ELSE|END|FALSE|THEN|TRUE|WHEN,"CASE WHEN (TO_TSVECTOR(STR, STR) @@ PLAINTO_TSQUERY(STR, STR)) THEN TRUE ELSE FALSE END",cebc469d56d77c515cdc4133,required_tokens + skeleton_family + delimiter_integrity + boolean_signal
PG_BOOL_R091_C07,PG_BOOL_R091,Y2,full_text_predicate,7,and_true_guard,6,=|@@|AND,"(TO_TSVECTOR(STR, STR) @@ PLAINTO_TSQUERY(STR, STR)) AND (INT = INT)",477ea0d2e056f6b97d8fd64c,required_tokens + skeleton_family + delimiter_integrity + boolean_signal
PG_BOOL_R091_C08,PG_BOOL_R091,Y2,full_text_predicate,8,or_false_guard,6,<|<>|>|@@|OR,"(TO_TSVECTOR(STR, STR) @@ PLAINTO_TSQUERY(STR, STR)) OR (INT <> INT)",2b4dcea9aed528dbbfce2ac3,required_tokens + skeleton_family + delimiter_integrity + boolean_signal
PG_BOOL_R091_C09,PG_BOOL_R091,Y2,full_text_predicate,9,equals_true_wrapper,6,=|@@|TRUE,"((TO_TSVECTOR(STR, STR) @@ PLAINTO_TSQUERY(STR, STR)) = TRUE)",76de57a812c3651c1450a242,required_tokens + skeleton_family + delimiter_integrity + boolean_signal
PG_BOOL_R091_C10,PG_BOOL_R091,Y2,full_text_predicate,10,coalesce_false_wrapper,6,@@|COALESCE|FALSE,"COALESCE((TO_TSVECTOR(STR, STR) @@ PLAINTO_TSQUERY(STR, STR)), FALSE)",9564505b0e056e3c608a435f,required_tokens + skeleton_family + delimiter_integrity + boolean_signal
PG_BOOL_R092_C01,PG_BOOL_R092,Y2,full_text_predicate,1,base_predicate,6,@@,"TO_TSVECTOR(STR, STR) @@ TO_TSQUERY(STR, STR)",bc86e74183cdf8e8de03990e,required_tokens + skeleton_family + delimiter_integrity + boolean_signal
PG_BOOL_R092_C02,PG_BOOL_R092,Y2,full_text_predicate,2,parenthesized_predicate,6,@@,"(TO_TSVECTOR(STR, STR) @@ TO_TSQUERY(STR, STR))",bcc39fc5bf14ffe29d8b2663,required_tokens + skeleton_family + delimiter_integrity + boolean_signal
PG_BOOL_R092_C03,PG_BOOL_R092,Y2,full_text_predicate,3,negated_inverse_predicate,6,@@|NOT,"NOT (TO_TSVECTOR(STR, STR) @@ TO_TSQUERY(STR, STR))",b7d7d65d4d160a882fe26269,required_tokens + skeleton_family + delimiter_integrity + boolean_signal
PG_BOOL_R092_C04,PG_BOOL_R092,Y2,full_text_predicate,4,is_true_wrapper,6,@@|IS|TRUE,"(TO_TSVECTOR(STR, STR) @@ TO_TSQUERY(STR, STR)) IS TRUE",546b93907295c99d50c157a6,required_tokens + skeleton_family + delimiter_integrity + boolean_signal
PG_BOOL_R092_C05,PG_BOOL_R092,Y2,full_text_predicate,5,is_not_false_wrapper,6,@@|FALSE|IS|NOT,"(TO_TSVECTOR(STR, STR) @@ TO_TSQUERY(STR, STR)) IS NOT FALSE",d7b0002a140ce8d0014d790b,required_tokens + skeleton_family + delimiter_integrity + boolean_signal
PG_BOOL_R092_C06,PG_BOOL_R092,Y2,full_text_predicate,6,case_boolean_wrapper,6,@@|CASE|ELSE|END|FALSE|THEN|TRUE|WHEN,"CASE WHEN (TO_TSVECTOR(STR, STR) @@ TO_TSQUERY(STR, STR)) THEN TRUE ELSE FALSE END",7b6081ec80c3cfe136dab5ae,required_tokens + skeleton_family + delimiter_integrity + boolean_signal
PG_BOOL_R092_C07,PG_BOOL_R092,Y2,full_text_predicate,7,and_true_guard,6,=|@@|AND,"(TO_TSVECTOR(STR, STR) @@ TO_TSQUERY(STR, STR)) AND (INT = INT)",4270cf288760e253aaf4d56f,required_tokens + skeleton_family + delimiter_integrity + boolean_signal
PG_BOOL_R092_C08,PG_BOOL_R092,Y2,full_text_predicate,8,or_false_guard,6,<|<>|>|@@|OR,"(TO_TSVECTOR(STR, STR) @@ TO_TSQUERY(STR, STR)) OR (INT <> INT)",a8aace56549c153a6568e95b,required_tokens + skeleton_family + delimiter_integrity + boolean_signal
PG_BOOL_R092_C09,PG_BOOL_R092,Y2,full_text_predicate,9,equals_true_wrapper,6,=|@@|TRUE,"((TO_TSVECTOR(STR, STR) @@ TO_TSQUERY(STR, STR)) = TRUE)",f4b9e4a27027b3a19373f57a,required_tokens + skeleton_family + delimiter_integrity + boolean_signal
PG_BOOL_R092_C10,PG_BOOL_R092,Y2,full_text_predicate,10,coalesce_false_wrapper,6,@@|COALESCE|FALSE,"COALESCE((TO_TSVECTOR(STR, STR) @@ TO_TSQUERY(STR, STR)), FALSE)",b8a696f5cca49a21495c7db0,required_tokens + skeleton_family + delimiter_integrity + boolean_signal
PG_BOOL_R093_C01,PG_BOOL_R093,Y2,full_text_predicate,1,base_predicate,6,=,"NUMNODE(PLAINTO_TSQUERY(STR, STR)) = INT",eca4ddc2ce778aa092281379,required_tokens + skeleton_family + delimiter_integrity + boolean_signal
PG_BOOL_R093_C02,PG_BOOL_R093,Y2,full_text_predicate,2,parenthesized_predicate,6,=,"(NUMNODE(PLAINTO_TSQUERY(STR, STR)) = INT)",d050c6d66bad85f290266166,required_tokens + skeleton_family + delimiter_integrity + boolean_signal
PG_BOOL_R093_C03,PG_BOOL_R093,Y2,full_text_predicate,3,negated_inverse_predicate,6,=|NOT,"NOT (NUMNODE(PLAINTO_TSQUERY(STR, STR)) = INT)",6fbd9b61b7b3280342e33c6c,required_tokens + skeleton_family + delimiter_integrity + boolean_signal
PG_BOOL_R093_C04,PG_BOOL_R093,Y2,full_text_predicate,4,is_true_wrapper,6,=|IS|TRUE,"(NUMNODE(PLAINTO_TSQUERY(STR, STR)) = INT) IS TRUE",a844c21d1cec19bd5a6ed815,required_tokens + skeleton_family + delimiter_integrity + boolean_signal
PG_BOOL_R093_C05,PG_BOOL_R093,Y2,full_text_predicate,5,is_not_false_wrapper,6,=|FALSE|IS|NOT,"(NUMNODE(PLAINTO_TSQUERY(STR, STR)) = INT) IS NOT FALSE",25b1a1881b6ced642e479c46,required_tokens + skeleton_family + delimiter_integrity + boolean_signal
PG_BOOL_R093_C06,PG_BOOL_R093,Y2,full_text_predicate,6,case_boolean_wrapper,6,=|CASE|ELSE|END|FALSE|THEN|TRUE|WHEN,"CASE WHEN (NUMNODE(PLAINTO_TSQUERY(STR, STR)) = INT) THEN TRUE ELSE FALSE END",effc24093216e33d8e865a11,required_tokens + skeleton_family + delimiter_integrity + boolean_signal
PG_BOOL_R093_C07,PG_BOOL_R093,Y2,full_text_predicate,7,and_true_guard,6,=|AND,"(NUMNODE(PLAINTO_TSQUERY(STR, STR)) = INT) AND (INT = INT)",83af0158eff3753687b478dc,required_tokens + skeleton_family + delimiter_integrity + boolean_signal
PG_BOOL_R093_C08,PG_BOOL_R093,Y2,full_text_predicate,8,or_false_guard,6,<|<>|=|>|OR,"(NUMNODE(PLAINTO_TSQUERY(STR, STR)) = INT) OR (INT <> INT)",4d546335b107e1f437547b87,required_tokens + skeleton_family + delimiter_integrity + boolean_signal
PG_BOOL_R093_C09,PG_BOOL_R093,Y2,full_text_predicate,9,equals_true_wrapper,6,=|TRUE,"((NUMNODE(PLAINTO_TSQUERY(STR, STR)) = INT) = TRUE)",ae02c34b5ec0c531281cdaa0,required_tokens + skeleton_family + delimiter_integrity + boolean_signal
PG_BOOL_R093_C10,PG_BOOL_R093,Y2,full_text_predicate,10,coalesce_false_wrapper,6,=|COALESCE|FALSE,"COALESCE((NUMNODE(PLAINTO_TSQUERY(STR, STR)) = INT), FALSE)",ec8a70dbe136a41f410a40fb,required_tokens + skeleton_family + delimiter_integrity + boolean_signal
PG_BOOL_R094_C01,PG_BOOL_R094,Y2,full_text_predicate,1,base_predicate,6,<|<>|>,"QUERYTREE(PLAINTO_TSQUERY(STR, STR)) <> STR",56674cb9c0cd85cf048c6674,required_tokens + skeleton_family + delimiter_integrity + boolean_signal
PG_BOOL_R094_C02,PG_BOOL_R094,Y2,full_text_predicate,2,parenthesized_predicate,6,<|<>|>,"(QUERYTREE(PLAINTO_TSQUERY(STR, STR)) <> STR)",607dfab58ee70e63c5794268,required_tokens + skeleton_family + delimiter_integrity + boolean_signal
PG_BOOL_R094_C03,PG_BOOL_R094,Y2,full_text_predicate,3,negated_inverse_predicate,6,<|<>|>|NOT,"NOT (QUERYTREE(PLAINTO_TSQUERY(STR, STR)) <> STR)",de5b6f479103248598fdc2a5,required_tokens + skeleton_family + delimiter_integrity + boolean_signal
PG_BOOL_R094_C04,PG_BOOL_R094,Y2,full_text_predicate,4,is_true_wrapper,6,<|<>|>|IS|TRUE,"(QUERYTREE(PLAINTO_TSQUERY(STR, STR)) <> STR) IS TRUE",91928dda63f95febfca8f069,required_tokens + skeleton_family + delimiter_integrity + boolean_signal
PG_BOOL_R094_C05,PG_BOOL_R094,Y2,full_text_predicate,5,is_not_false_wrapper,6,<|<>|>|FALSE|IS|NOT,"(QUERYTREE(PLAINTO_TSQUERY(STR, STR)) <> STR) IS NOT FALSE",6147181f89dd038cf6359698,required_tokens + skeleton_family + delimiter_integrity + boolean_signal
PG_BOOL_R094_C06,PG_BOOL_R094,Y2,full_text_predicate,6,case_boolean_wrapper,6,<|<>|>|CASE|ELSE|END|FALSE|THEN|TRUE|WHEN,"CASE WHEN (QUERYTREE(PLAINTO_TSQUERY(STR, STR)) <> STR) THEN TRUE ELSE FALSE END",6256fc98994f752cf069fd88,required_tokens + skeleton_family + delimiter_integrity + boolean_signal
PG_BOOL_R094_C07,PG_BOOL_R094,Y2,full_text_predicate,7,and_true_guard,6,<|<>|=|>|AND,"(QUERYTREE(PLAINTO_TSQUERY(STR, STR)) <> STR) AND (INT = INT)",6599f5defdb032609a38042a,required_tokens + skeleton_family + delimiter_integrity + boolean_signal
PG_BOOL_R094_C08,PG_BOOL_R094,Y2,full_text_predicate,8,or_false_guard,6,<|<>|>|OR,"(QUERYTREE(PLAINTO_TSQUERY(STR, STR)) <> STR) OR (INT <> INT)",01e89f72062744a20691c6af,required_tokens + skeleton_family + delimiter_integrity + boolean_signal
PG_BOOL_R094_C09,PG_BOOL_R094,Y2,full_text_predicate,9,equals_true_wrapper,6,<|<>|=|>|TRUE,"((QUERYTREE(PLAINTO_TSQUERY(STR, STR)) <> STR) = TRUE)",1c3073e075e463274b36d715,required_tokens + skeleton_family + delimiter_integrity + boolean_signal
PG_BOOL_R094_C10,PG_BOOL_R094,Y2,full_text_predicate,10,coalesce_false_wrapper,6,<|<>|>|COALESCE|FALSE,"COALESCE((QUERYTREE(PLAINTO_TSQUERY(STR, STR)) <> STR), FALSE)",ed1e99bb4d2c72c6670ef2e1,required_tokens + skeleton_family + delimiter_integrity + boolean_signal
PG_BOOL_R095_C01,PG_BOOL_R095,Y2,full_text_predicate,1,base_predicate,6,@@,TO_TSVECTOR(STR) @@ WEBSEARCH_TO_TSQUERY(STR),2e258da5f40576370b75b81f,required_tokens + skeleton_family + delimiter_integrity + boolean_signal
PG_BOOL_R095_C02,PG_BOOL_R095,Y2,full_text_predicate,2,parenthesized_predicate,6,@@,(TO_TSVECTOR(STR) @@ WEBSEARCH_TO_TSQUERY(STR)),d718146952d6b825864ae378,required_tokens + skeleton_family + delimiter_integrity + boolean_signal
PG_BOOL_R095_C03,PG_BOOL_R095,Y2,full_text_predicate,3,negated_inverse_predicate,6,@@|NOT,NOT (TO_TSVECTOR(STR) @@ WEBSEARCH_TO_TSQUERY(STR)),ee4303bc9bf2faf8e5ba4007,required_tokens + skeleton_family + delimiter_integrity + boolean_signal
PG_BOOL_R095_C04,PG_BOOL_R095,Y2,full_text_predicate,4,is_true_wrapper,6,@@|IS|TRUE,(TO_TSVECTOR(STR) @@ WEBSEARCH_TO_TSQUERY(STR)) IS TRUE,a9a8f9fe437aefbfefe353b0,required_tokens + skeleton_family + delimiter_integrity + boolean_signal
PG_BOOL_R095_C05,PG_BOOL_R095,Y2,full_text_predicate,5,is_not_false_wrapper,6,@@|FALSE|IS|NOT,(TO_TSVECTOR(STR) @@ WEBSEARCH_TO_TSQUERY(STR)) IS NOT FALSE,801b0e6a9e098ff3781b4740,required_tokens + skeleton_family + delimiter_integrity + boolean_signal
PG_BOOL_R095_C06,PG_BOOL_R095,Y2,full_text_predicate,6,case_boolean_wrapper,6,@@|CASE|ELSE|END|FALSE|THEN|TRUE|WHEN,CASE WHEN (TO_TSVECTOR(STR) @@ WEBSEARCH_TO_TSQUERY(STR)) THEN TRUE ELSE FALSE END,23e8194d9772b247f092d3b7,required_tokens + skeleton_family + delimiter_integrity + boolean_signal
PG_BOOL_R095_C07,PG_BOOL_R095,Y2,full_text_predicate,7,and_true_guard,6,=|@@|AND,(TO_TSVECTOR(STR) @@ WEBSEARCH_TO_TSQUERY(STR)) AND (INT = INT),d1865c98dc28a3f149d2f100,required_tokens + skeleton_family + delimiter_integrity + boolean_signal
PG_BOOL_R095_C08,PG_BOOL_R095,Y2,full_text_predicate,8,or_false_guard,6,<|<>|>|@@|OR,(TO_TSVECTOR(STR) @@ WEBSEARCH_TO_TSQUERY(STR)) OR (INT <> INT),e39eafc068228bca04fdca81,required_tokens + skeleton_family + delimiter_integrity + boolean_signal
PG_BOOL_R095_C09,PG_BOOL_R095,Y2,full_text_predicate,9,equals_true_wrapper,6,=|@@|TRUE,((TO_TSVECTOR(STR) @@ WEBSEARCH_TO_TSQUERY(STR)) = TRUE),68e767f86d770148e82976b5,required_tokens + skeleton_family + delimiter_integrity + boolean_signal
PG_BOOL_R095_C10,PG_BOOL_R095,Y2,full_text_predicate,10,coalesce_false_wrapper,6,@@|COALESCE|FALSE,"COALESCE((TO_TSVECTOR(STR) @@ WEBSEARCH_TO_TSQUERY(STR)), FALSE)",02974954e8c459934fcc67b2,required_tokens + skeleton_family + delimiter_integrity + boolean_signal
PG_BOOL_R096_C01,PG_BOOL_R096,Y2,logical_composition,1,base_predicate,6,=|AND,(INT = INT) AND (INT = INT),db45918ee86f9f03eb2c3e3e,required_tokens + skeleton_family + delimiter_integrity + boolean_signal
PG_BOOL_R096_C02,PG_BOOL_R096,Y2,logical_composition,2,parenthesized_predicate,6,=|AND,((INT = INT) AND (INT = INT)),bf11f6555845ebf02832368a,required_tokens + skeleton_family + delimiter_integrity + boolean_signal
PG_BOOL_R096_C03,PG_BOOL_R096,Y2,logical_composition,3,negated_inverse_predicate,6,=|AND|NOT,NOT ((INT = INT) AND (INT = INT)),0d939fb643b618dfad8454e7,required_tokens + skeleton_family + delimiter_integrity + boolean_signal
PG_BOOL_R096_C04,PG_BOOL_R096,Y2,logical_composition,4,is_true_wrapper,6,=|AND|IS|TRUE,((INT = INT) AND (INT = INT)) IS TRUE,f1fae4edc0ed9b199ecbf8b0,required_tokens + skeleton_family + delimiter_integrity + boolean_signal
PG_BOOL_R096_C05,PG_BOOL_R096,Y2,logical_composition,5,is_not_false_wrapper,6,=|AND|FALSE|IS|NOT,((INT = INT) AND (INT = INT)) IS NOT FALSE,b43da8edf62278f5b8d95bb8,required_tokens + skeleton_family + delimiter_integrity + boolean_signal
PG_BOOL_R096_C06,PG_BOOL_R096,Y2,logical_composition,6,case_boolean_wrapper,6,=|AND|CASE|ELSE|END|FALSE|THEN|TRUE|WHEN,CASE WHEN ((INT = INT) AND (INT = INT)) THEN TRUE ELSE FALSE END,f978b15080d34b4687055223,required_tokens + skeleton_family + delimiter_integrity + boolean_signal
PG_BOOL_R096_C07,PG_BOOL_R096,Y2,logical_composition,7,and_true_guard,6,=|AND,((INT = INT) AND (INT = INT)) AND (INT = INT),d234ed3a7d2ef34b77b8dc08,required_tokens + skeleton_family + delimiter_integrity + boolean_signal
PG_BOOL_R096_C08,PG_BOOL_R096,Y2,logical_composition,8,or_false_guard,6,<|<>|=|>|AND|OR,((INT = INT) AND (INT = INT)) OR (INT <> INT),f091b24c898462841b8a67de,required_tokens + skeleton_family + delimiter_integrity + boolean_signal
PG_BOOL_R096_C09,PG_BOOL_R096,Y2,logical_composition,9,equals_true_wrapper,6,=|AND|TRUE,(((INT = INT) AND (INT = INT)) = TRUE),d3876823588ac28237de4780,required_tokens + skeleton_family + delimiter_integrity + boolean_signal
PG_BOOL_R096_C10,PG_BOOL_R096,Y2,logical_composition,10,coalesce_false_wrapper,6,=|AND|COALESCE|FALSE,"COALESCE(((INT = INT) AND (INT = INT)), FALSE)",227b82a02991986d629cac1f,required_tokens + skeleton_family + delimiter_integrity + boolean_signal
PG_BOOL_R097_C01,PG_BOOL_R097,Y2,logical_composition,1,base_predicate,6,=|OR,(INT = INT) OR (INT = INT),c65cd1cdf271d01dd1980ecf,required_tokens + skeleton_family + delimiter_integrity + boolean_signal
PG_BOOL_R097_C02,PG_BOOL_R097,Y2,logical_composition,2,parenthesized_predicate,6,=|OR,((INT = INT) OR (INT = INT)),6d58c0dff9f9889b9670beae,required_tokens + skeleton_family + delimiter_integrity + boolean_signal
PG_BOOL_R097_C03,PG_BOOL_R097,Y2,logical_composition,3,negated_inverse_predicate,6,=|NOT|OR,NOT ((INT = INT) OR (INT = INT)),aed92c14e05b5ee55505544a,required_tokens + skeleton_family + delimiter_integrity + boolean_signal
PG_BOOL_R097_C04,PG_BOOL_R097,Y2,logical_composition,4,is_true_wrapper,6,=|IS|OR|TRUE,((INT = INT) OR (INT = INT)) IS TRUE,70f4ddae951c9e9360e4d15a,required_tokens + skeleton_family + delimiter_integrity + boolean_signal
PG_BOOL_R097_C05,PG_BOOL_R097,Y2,logical_composition,5,is_not_false_wrapper,6,=|FALSE|IS|NOT|OR,((INT = INT) OR (INT = INT)) IS NOT FALSE,cdb00eb0cc1b8c3c84eedb6b,required_tokens + skeleton_family + delimiter_integrity + boolean_signal
PG_BOOL_R097_C06,PG_BOOL_R097,Y2,logical_composition,6,case_boolean_wrapper,6,=|CASE|ELSE|END|FALSE|OR|THEN|TRUE|WHEN,CASE WHEN ((INT = INT) OR (INT = INT)) THEN TRUE ELSE FALSE END,aaad66145c06568398c49366,required_tokens + skeleton_family + delimiter_integrity + boolean_signal
PG_BOOL_R097_C07,PG_BOOL_R097,Y2,logical_composition,7,and_true_guard,6,=|AND|OR,((INT = INT) OR (INT = INT)) AND (INT = INT),a145616dfeaab94ddedf0dfe,required_tokens + skeleton_family + delimiter_integrity + boolean_signal
PG_BOOL_R097_C08,PG_BOOL_R097,Y2,logical_composition,8,or_false_guard,6,<|<>|=|>|OR,((INT = INT) OR (INT = INT)) OR (INT <> INT),ee6ddc02b9e7b494500a4706,required_tokens + skeleton_family + delimiter_integrity + boolean_signal
PG_BOOL_R097_C09,PG_BOOL_R097,Y2,logical_composition,9,equals_true_wrapper,6,=|OR|TRUE,(((INT = INT) OR (INT = INT)) = TRUE),5b6b5006ec7e42659ba279a5,required_tokens + skeleton_family + delimiter_integrity + boolean_signal
PG_BOOL_R097_C10,PG_BOOL_R097,Y2,logical_composition,10,coalesce_false_wrapper,6,=|COALESCE|FALSE|OR,"COALESCE(((INT = INT) OR (INT = INT)), FALSE)",2b8a6df3cd336848555eb58c,required_tokens + skeleton_family + delimiter_integrity + boolean_signal
PG_BOOL_R098_C01,PG_BOOL_R098,Y2,logical_composition,1,base_predicate,6,=|NOT,NOT (INT = INT),2cdab9013316f8cf001e56e8,required_tokens + skeleton_family + delimiter_integrity + boolean_signal
PG_BOOL_R098_C02,PG_BOOL_R098,Y2,logical_composition,2,parenthesized_predicate,6,=|NOT,(NOT (INT = INT)),a211108174b8412487c6fd53,required_tokens + skeleton_family + delimiter_integrity + boolean_signal
PG_BOOL_R098_C03,PG_BOOL_R098,Y2,logical_composition,3,negated_inverse_predicate,6,=|NOT,NOT (NOT (INT = INT)),a551bd820c54aeff77091271,required_tokens + skeleton_family + delimiter_integrity + boolean_signal
PG_BOOL_R098_C04,PG_BOOL_R098,Y2,logical_composition,4,is_true_wrapper,6,=|IS|NOT|TRUE,(NOT (INT = INT)) IS TRUE,d9a8126d7f8e6be290e0f5fa,required_tokens + skeleton_family + delimiter_integrity + boolean_signal
PG_BOOL_R098_C05,PG_BOOL_R098,Y2,logical_composition,5,is_not_false_wrapper,6,=|FALSE|IS|NOT,(NOT (INT = INT)) IS NOT FALSE,cf02292a58b7815de2cf97f8,required_tokens + skeleton_family + delimiter_integrity + boolean_signal
PG_BOOL_R098_C06,PG_BOOL_R098,Y2,logical_composition,6,case_boolean_wrapper,6,=|CASE|ELSE|END|FALSE|NOT|THEN|TRUE|WHEN,CASE WHEN (NOT (INT = INT)) THEN TRUE ELSE FALSE END,126e305dc80f1f713899bbe7,required_tokens + skeleton_family + delimiter_integrity + boolean_signal
PG_BOOL_R098_C07,PG_BOOL_R098,Y2,logical_composition,7,and_true_guard,6,=|AND|NOT,(NOT (INT = INT)) AND (INT = INT),3f89e51a044a55c79f994083,required_tokens + skeleton_family + delimiter_integrity + boolean_signal
PG_BOOL_R098_C08,PG_BOOL_R098,Y2,logical_composition,8,or_false_guard,6,<|<>|=|>|NOT|OR,(NOT (INT = INT)) OR (INT <> INT),dc9189c77db4f8940695310f,required_tokens + skeleton_family + delimiter_integrity + boolean_signal
PG_BOOL_R098_C09,PG_BOOL_R098,Y2,logical_composition,9,equals_true_wrapper,6,=|NOT|TRUE,((NOT (INT = INT)) = TRUE),55089b50bc19ec166a50400c,required_tokens + skeleton_family + delimiter_integrity + boolean_signal
PG_BOOL_R098_C10,PG_BOOL_R098,Y2,logical_composition,10,coalesce_false_wrapper,6,=|COALESCE|FALSE|NOT,"COALESCE((NOT (INT = INT)), FALSE)",584c97cdec6ced9db19f498a,required_tokens + skeleton_family + delimiter_integrity + boolean_signal
PG_BOOL_R099_C01,PG_BOOL_R099,Y2,logical_composition,1,base_predicate,6,=|AND|IS|TRUE,((INT = INT) AND (INT = INT)) IS TRUE,0b3393ae26ea2bd29cb0c8d6,required_tokens + skeleton_family + delimiter_integrity + boolean_signal
PG_BOOL_R099_C02,PG_BOOL_R099,Y2,logical_composition,2,parenthesized_predicate,6,=|AND|IS|TRUE,(((INT = INT) AND (INT = INT)) IS TRUE),5f1736ad9ebe6518e0f6d604,required_tokens + skeleton_family + delimiter_integrity + boolean_signal
PG_BOOL_R099_C03,PG_BOOL_R099,Y2,logical_composition,3,negated_inverse_predicate,6,=|AND|FALSE|IS|NOT,NOT (((INT = INT) AND (INT = INT)) IS FALSE),d860a315c7ad7284942ae43e,required_tokens + skeleton_family + delimiter_integrity + boolean_signal
PG_BOOL_R099_C04,PG_BOOL_R099,Y2,logical_composition,4,is_true_wrapper,6,=|AND|IS|TRUE,(((INT = INT) AND (INT = INT)) IS TRUE) IS TRUE,65efe0e5ecece82f912a3ef2,required_tokens + skeleton_family + delimiter_integrity + boolean_signal
PG_BOOL_R099_C05,PG_BOOL_R099,Y2,logical_composition,5,is_not_false_wrapper,6,=|AND|FALSE|IS|NOT|TRUE,(((INT = INT) AND (INT = INT)) IS TRUE) IS NOT FALSE,d81993aa83338771180bab4f,required_tokens + skeleton_family + delimiter_integrity + boolean_signal
PG_BOOL_R099_C06,PG_BOOL_R099,Y2,logical_composition,6,case_boolean_wrapper,6,=|AND|CASE|ELSE|END|FALSE|IS|THEN|TRUE|WHEN,CASE WHEN (((INT = INT) AND (INT = INT)) IS TRUE) THEN TRUE ELSE FALSE END,b9c1eacbd0a9e284589b427b,required_tokens + skeleton_family + delimiter_integrity + boolean_signal
PG_BOOL_R099_C07,PG_BOOL_R099,Y2,logical_composition,7,and_true_guard,6,=|AND|IS|TRUE,(((INT = INT) AND (INT = INT)) IS TRUE) AND (INT = INT),2425c3ea871f95fdc115f80e,required_tokens + skeleton_family + delimiter_integrity + boolean_signal
PG_BOOL_R099_C08,PG_BOOL_R099,Y2,logical_composition,8,or_false_guard,6,<|<>|=|>|AND|IS|OR|TRUE,(((INT = INT) AND (INT = INT)) IS TRUE) OR (INT <> INT),80ce8323d8dc65ae637eda05,required_tokens + skeleton_family + delimiter_integrity + boolean_signal
PG_BOOL_R099_C09,PG_BOOL_R099,Y2,logical_composition,9,equals_true_wrapper,6,=|AND|IS|TRUE,((((INT = INT) AND (INT = INT)) IS TRUE) = TRUE),78fbfa54e652a65dc5597917,required_tokens + skeleton_family + delimiter_integrity + boolean_signal
PG_BOOL_R099_C10,PG_BOOL_R099,Y2,logical_composition,10,coalesce_false_wrapper,6,=|AND|COALESCE|FALSE|IS|TRUE,"COALESCE((((INT = INT) AND (INT = INT)) IS TRUE), FALSE)",534aabf40ec1b264db498974,required_tokens + skeleton_family + delimiter_integrity + boolean_signal
PG_BOOL_R100_C01,PG_BOOL_R100,Y2,logical_composition,1,base_predicate,6,=|AND|OR,((INT = INT) OR (INT = INT)) AND (INT = INT),2382a3b156d30f090ae657a8,required_tokens + skeleton_family + delimiter_integrity + boolean_signal
PG_BOOL_R100_C02,PG_BOOL_R100,Y2,logical_composition,2,parenthesized_predicate,6,=|AND|OR,(((INT = INT) OR (INT = INT)) AND (INT = INT)),3ebdf4f7ab84f7ad090ce1c9,required_tokens + skeleton_family + delimiter_integrity + boolean_signal
PG_BOOL_R100_C03,PG_BOOL_R100,Y2,logical_composition,3,negated_inverse_predicate,6,=|AND|NOT|OR,NOT (((INT = INT) OR (INT = INT)) AND (INT = INT)),c48ded92bff8d93b403ad1ca,required_tokens + skeleton_family + delimiter_integrity + boolean_signal
PG_BOOL_R100_C04,PG_BOOL_R100,Y2,logical_composition,4,is_true_wrapper,6,=|AND|IS|OR|TRUE,(((INT = INT) OR (INT = INT)) AND (INT = INT)) IS TRUE,6bb476d87fb0712d233f3e9d,required_tokens + skeleton_family + delimiter_integrity + boolean_signal
PG_BOOL_R100_C05,PG_BOOL_R100,Y2,logical_composition,5,is_not_false_wrapper,6,=|AND|FALSE|IS|NOT|OR,(((INT = INT) OR (INT = INT)) AND (INT = INT)) IS NOT FALSE,c2a5c5589d3e6b054fe9af55,required_tokens + skeleton_family + delimiter_integrity + boolean_signal
PG_BOOL_R100_C06,PG_BOOL_R100,Y2,logical_composition,6,case_boolean_wrapper,6,=|AND|CASE|ELSE|END|FALSE|OR|THEN|TRUE|WHEN,CASE WHEN (((INT = INT) OR (INT = INT)) AND (INT = INT)) THEN TRUE ELSE FALSE END,8036249de89c8989aed057bd,required_tokens + skeleton_family + delimiter_integrity + boolean_signal
PG_BOOL_R100_C07,PG_BOOL_R100,Y2,logical_composition,7,and_true_guard,6,=|AND|OR,(((INT = INT) OR (INT = INT)) AND (INT = INT)) AND (INT = INT),870a23bbae33f51fce11497b,required_tokens + skeleton_family + delimiter_integrity + boolean_signal
PG_BOOL_R100_C08,PG_BOOL_R100,Y2,logical_composition,8,or_false_guard,6,<|<>|=|>|AND|OR,(((INT = INT) OR (INT = INT)) AND (INT = INT)) OR (INT <> INT),aeb0e59047a1a88270dc0db2,required_tokens + skeleton_family + delimiter_integrity + boolean_signal
PG_BOOL_R100_C09,PG_BOOL_R100,Y2,logical_composition,9,equals_true_wrapper,6,=|AND|OR|TRUE,((((INT = INT) OR (INT = INT)) AND (INT = INT)) = TRUE),e7792417dabacc32162b2aa7,required_tokens + skeleton_family + delimiter_integrity + boolean_signal
PG_BOOL_R100_C10,PG_BOOL_R100,Y2,logical_composition,10,coalesce_false_wrapper,6,=|AND|COALESCE|FALSE|OR,"COALESCE((((INT = INT) OR (INT = INT)) AND (INT = INT)), FALSE)",11f95a6e44c765b4e77013b3,required_tokens + skeleton_family + delimiter_integrity + boolean_signal
