structure_cell_id,root_id,y_level,semantic_family,cell_index,cell_recipe,expected_samples,required_tokens,skeleton_reference,structure_signature,cell_contract
PG_BOOL_R001_C01,PG_BOOL_R001,Y1,comparison_numeric,1,base_predicate,6,=,INT = INT,e1940b84d0c078fe0c702393,required_tokens + skeleton_family + delimiter_integrity + boolean_signal
PG_BOOL_R001_C02,PG_BOOL_R001,Y1,comparison_numeric,2,parenthesized_predicate,6,=,(INT = INT),e62aeb1f44addd5ddb04a544,required_tokens + skeleton_family + delimiter_integrity + boolean_signal
PG_BOOL_R001_C03,PG_BOOL_R001,Y1,comparison_numeric,3,negated_inverse_predicate,6,=|NOT,NOT (INT = INT),7748d0fc3895108e6c8360d5,required_tokens + skeleton_family + delimiter_integrity + boolean_signal
PG_BOOL_R001_C04,PG_BOOL_R001,Y1,comparison_numeric,4,is_true_wrapper,6,=|IS|TRUE,(INT = INT) IS TRUE,cd66f7c5508e7cbe01b98c58,required_tokens + skeleton_family + delimiter_integrity + boolean_signal
PG_BOOL_R001_C05,PG_BOOL_R001,Y1,comparison_numeric,5,is_not_false_wrapper,6,=|FALSE|IS|NOT,(INT = INT) IS NOT FALSE,aee19333e98664341eedc149,required_tokens + skeleton_family + delimiter_integrity + boolean_signal
PG_BOOL_R001_C06,PG_BOOL_R001,Y1,comparison_numeric,6,case_boolean_wrapper,6,=|CASE|ELSE|END|FALSE|THEN|TRUE|WHEN,CASE WHEN (INT = INT) THEN TRUE ELSE FALSE END,940d857070805c2a479fed62,required_tokens + skeleton_family + delimiter_integrity + boolean_signal
PG_BOOL_R001_C07,PG_BOOL_R001,Y1,comparison_numeric,7,and_true_guard,6,=|AND,(INT = INT) AND (INT = INT),992ea1dcc1c1d4b5af3ccb10,required_tokens + skeleton_family + delimiter_integrity + boolean_signal
PG_BOOL_R001_C08,PG_BOOL_R001,Y1,comparison_numeric,8,or_false_guard,6,<|<>|=|>|OR,(INT = INT) OR (INT <> INT),9b3754c90b04c13b7a9383c6,required_tokens + skeleton_family + delimiter_integrity + boolean_signal
PG_BOOL_R001_C09,PG_BOOL_R001,Y1,comparison_numeric,9,equals_true_wrapper,6,=|TRUE,((INT = INT) = TRUE),8264287706d8a3a35be8165e,required_tokens + skeleton_family + delimiter_integrity + boolean_signal
PG_BOOL_R001_C10,PG_BOOL_R001,Y1,comparison_numeric,10,coalesce_false_wrapper,6,=|COALESCE|FALSE,"COALESCE((INT = INT), FALSE)",cd4dcde04e91128963995e04,required_tokens + skeleton_family + delimiter_integrity + boolean_signal
PG_BOOL_R002_C01,PG_BOOL_R002,Y1,comparison_numeric,1,base_predicate,6,<|<>|>,INT <> INT,ca12aa903ecf1f98d69d12f5,required_tokens + skeleton_family + delimiter_integrity + boolean_signal
PG_BOOL_R002_C02,PG_BOOL_R002,Y1,comparison_numeric,2,parenthesized_predicate,6,<|<>|>,(INT <> INT),af2538bd9a97a23074d94cd3,required_tokens + skeleton_family + delimiter_integrity + boolean_signal
PG_BOOL_R002_C03,PG_BOOL_R002,Y1,comparison_numeric,3,negated_inverse_predicate,6,<|<>|>|NOT,NOT (INT <> INT),fbe93d7b603d46acca49eb75,required_tokens + skeleton_family + delimiter_integrity + boolean_signal
PG_BOOL_R002_C04,PG_BOOL_R002,Y1,comparison_numeric,4,is_true_wrapper,6,<|<>|>|IS|TRUE,(INT <> INT) IS TRUE,834018fe8e1203991713828d,required_tokens + skeleton_family + delimiter_integrity + boolean_signal
PG_BOOL_R002_C05,PG_BOOL_R002,Y1,comparison_numeric,5,is_not_false_wrapper,6,<|<>|>|FALSE|IS|NOT,(INT <> INT) IS NOT FALSE,2575122d573ae72cb953eeff,required_tokens + skeleton_family + delimiter_integrity + boolean_signal
PG_BOOL_R002_C06,PG_BOOL_R002,Y1,comparison_numeric,6,case_boolean_wrapper,6,<|<>|>|CASE|ELSE|END|FALSE|THEN|TRUE|WHEN,CASE WHEN (INT <> INT) THEN TRUE ELSE FALSE END,6bdd2684b1d83be181616a7c,required_tokens + skeleton_family + delimiter_integrity + boolean_signal
PG_BOOL_R002_C07,PG_BOOL_R002,Y1,comparison_numeric,7,and_true_guard,6,<|<>|=|>|AND,(INT <> INT) AND (INT = INT),93b2d540af18db2a40282cb5,required_tokens + skeleton_family + delimiter_integrity + boolean_signal
PG_BOOL_R002_C08,PG_BOOL_R002,Y1,comparison_numeric,8,or_false_guard,6,<|<>|>|OR,(INT <> INT) OR (INT <> INT),03c3eee391bab538ee0d3610,required_tokens + skeleton_family + delimiter_integrity + boolean_signal
PG_BOOL_R002_C09,PG_BOOL_R002,Y1,comparison_numeric,9,equals_true_wrapper,6,<|<>|=|>|TRUE,((INT <> INT) = TRUE),7c08cf739d6fd4f37582ca4f,required_tokens + skeleton_family + delimiter_integrity + boolean_signal
PG_BOOL_R002_C10,PG_BOOL_R002,Y1,comparison_numeric,10,coalesce_false_wrapper,6,<|<>|>|COALESCE|FALSE,"COALESCE((INT <> INT), FALSE)",1644ddf43eb5ed87f36cbb0f,required_tokens + skeleton_family + delimiter_integrity + boolean_signal
PG_BOOL_R003_C01,PG_BOOL_R003,Y1,comparison_numeric,1,base_predicate,6,>,INT > INT,46e4e3ac2ca7fceae37ebdc7,required_tokens + skeleton_family + delimiter_integrity + boolean_signal
PG_BOOL_R003_C02,PG_BOOL_R003,Y1,comparison_numeric,2,parenthesized_predicate,6,>,(INT > INT),0aa3314672c8d69375b6ed09,required_tokens + skeleton_family + delimiter_integrity + boolean_signal
PG_BOOL_R003_C03,PG_BOOL_R003,Y1,comparison_numeric,3,negated_inverse_predicate,6,>|NOT,NOT (INT > INT),f17ab3223917f146d475c39e,required_tokens + skeleton_family + delimiter_integrity + boolean_signal
PG_BOOL_R003_C04,PG_BOOL_R003,Y1,comparison_numeric,4,is_true_wrapper,6,>|IS|TRUE,(INT > INT) IS TRUE,ec486c9559ef36cb0d996379,required_tokens + skeleton_family + delimiter_integrity + boolean_signal
PG_BOOL_R003_C05,PG_BOOL_R003,Y1,comparison_numeric,5,is_not_false_wrapper,6,>|FALSE|IS|NOT,(INT > INT) IS NOT FALSE,bab58377fd61e82d5595283e,required_tokens + skeleton_family + delimiter_integrity + boolean_signal
PG_BOOL_R003_C06,PG_BOOL_R003,Y1,comparison_numeric,6,case_boolean_wrapper,6,>|CASE|ELSE|END|FALSE|THEN|TRUE|WHEN,CASE WHEN (INT > INT) THEN TRUE ELSE FALSE END,8e9936f020f8c464473dc6de,required_tokens + skeleton_family + delimiter_integrity + boolean_signal
PG_BOOL_R003_C07,PG_BOOL_R003,Y1,comparison_numeric,7,and_true_guard,6,=|>|AND,(INT > INT) AND (INT = INT),6a02482c0ca3e2c9655a8b6d,required_tokens + skeleton_family + delimiter_integrity + boolean_signal
PG_BOOL_R003_C08,PG_BOOL_R003,Y1,comparison_numeric,8,or_false_guard,6,<|<>|>|OR,(INT > INT) OR (INT <> INT),391f43c12b8dbccda0402b16,required_tokens + skeleton_family + delimiter_integrity + boolean_signal
PG_BOOL_R003_C09,PG_BOOL_R003,Y1,comparison_numeric,9,equals_true_wrapper,6,=|>|TRUE,((INT > INT) = TRUE),8ef38ebaada7d86ed4bbd213,required_tokens + skeleton_family + delimiter_integrity + boolean_signal
PG_BOOL_R003_C10,PG_BOOL_R003,Y1,comparison_numeric,10,coalesce_false_wrapper,6,>|COALESCE|FALSE,"COALESCE((INT > INT), FALSE)",8b2747bdc4c29cf4b4ced3a6,required_tokens + skeleton_family + delimiter_integrity + boolean_signal
PG_BOOL_R004_C01,PG_BOOL_R004,Y1,comparison_numeric,1,base_predicate,6,<|<=|=,INT <= INT,2546223ab3c480d551bc1514,required_tokens + skeleton_family + delimiter_integrity + boolean_signal
PG_BOOL_R004_C02,PG_BOOL_R004,Y1,comparison_numeric,2,parenthesized_predicate,6,<|<=|=,(INT <= INT),34a8978a4d6b251d48386faf,required_tokens + skeleton_family + delimiter_integrity + boolean_signal
PG_BOOL_R004_C03,PG_BOOL_R004,Y1,comparison_numeric,3,negated_inverse_predicate,6,<|<=|=|NOT,NOT (INT <= INT),219078eac50693c9dc32eb12,required_tokens + skeleton_family + delimiter_integrity + boolean_signal
PG_BOOL_R004_C04,PG_BOOL_R004,Y1,comparison_numeric,4,is_true_wrapper,6,<|<=|=|IS|TRUE,(INT <= INT) IS TRUE,58e140e63302ad6d36ea50ef,required_tokens + skeleton_family + delimiter_integrity + boolean_signal
PG_BOOL_R004_C05,PG_BOOL_R004,Y1,comparison_numeric,5,is_not_false_wrapper,6,<|<=|=|FALSE|IS|NOT,(INT <= INT) IS NOT FALSE,fb8cadc550e493b467e9e281,required_tokens + skeleton_family + delimiter_integrity + boolean_signal
PG_BOOL_R004_C06,PG_BOOL_R004,Y1,comparison_numeric,6,case_boolean_wrapper,6,<|<=|=|CASE|ELSE|END|FALSE|THEN|TRUE|WHEN,CASE WHEN (INT <= INT) THEN TRUE ELSE FALSE END,fb2a73e5ca50efd5a5804b4b,required_tokens + skeleton_family + delimiter_integrity + boolean_signal
PG_BOOL_R004_C07,PG_BOOL_R004,Y1,comparison_numeric,7,and_true_guard,6,<|<=|=|AND,(INT <= INT) AND (INT = INT),a41696072072cccac0ab7687,required_tokens + skeleton_family + delimiter_integrity + boolean_signal
PG_BOOL_R004_C08,PG_BOOL_R004,Y1,comparison_numeric,8,or_false_guard,6,<|<=|<>|=|>|OR,(INT <= INT) OR (INT <> INT),225ed12098773eee6b38bdab,required_tokens + skeleton_family + delimiter_integrity + boolean_signal
PG_BOOL_R004_C09,PG_BOOL_R004,Y1,comparison_numeric,9,equals_true_wrapper,6,<|<=|=|TRUE,((INT <= INT) = TRUE),efe66606428c1aee9b13268b,required_tokens + skeleton_family + delimiter_integrity + boolean_signal
PG_BOOL_R004_C10,PG_BOOL_R004,Y1,comparison_numeric,10,coalesce_false_wrapper,6,<|<=|=|COALESCE|FALSE,"COALESCE((INT <= INT), FALSE)",e1ce007ef0e8b259b8f9e143,required_tokens + skeleton_family + delimiter_integrity + boolean_signal
PG_BOOL_R005_C01,PG_BOOL_R005,Y1,comparison_numeric,1,base_predicate,6,=,(INT + INT) = INT,31718cd60a1caa9d078f5034,required_tokens + skeleton_family + delimiter_integrity + boolean_signal
PG_BOOL_R005_C02,PG_BOOL_R005,Y1,comparison_numeric,2,parenthesized_predicate,6,=,((INT + INT) = INT),136f790625f89afabe9fd802,required_tokens + skeleton_family + delimiter_integrity + boolean_signal
PG_BOOL_R005_C03,PG_BOOL_R005,Y1,comparison_numeric,3,negated_inverse_predicate,6,=|NOT,NOT ((INT + INT) = INT),63058bb2256bde970d6a85ed,required_tokens + skeleton_family + delimiter_integrity + boolean_signal
PG_BOOL_R005_C04,PG_BOOL_R005,Y1,comparison_numeric,4,is_true_wrapper,6,=|IS|TRUE,((INT + INT) = INT) IS TRUE,fc3186af7ba3a50edf35da8f,required_tokens + skeleton_family + delimiter_integrity + boolean_signal
PG_BOOL_R005_C05,PG_BOOL_R005,Y1,comparison_numeric,5,is_not_false_wrapper,6,=|FALSE|IS|NOT,((INT + INT) = INT) IS NOT FALSE,034f877c77f69a9a13def275,required_tokens + skeleton_family + delimiter_integrity + boolean_signal
PG_BOOL_R005_C06,PG_BOOL_R005,Y1,comparison_numeric,6,case_boolean_wrapper,6,=|CASE|ELSE|END|FALSE|THEN|TRUE|WHEN,CASE WHEN ((INT + INT) = INT) THEN TRUE ELSE FALSE END,adc95a296e3328b4688c84db,required_tokens + skeleton_family + delimiter_integrity + boolean_signal
PG_BOOL_R005_C07,PG_BOOL_R005,Y1,comparison_numeric,7,and_true_guard,6,=|AND,((INT + INT) = INT) AND (INT = INT),879d210ac1620e9b9e942590,required_tokens + skeleton_family + delimiter_integrity + boolean_signal
PG_BOOL_R005_C08,PG_BOOL_R005,Y1,comparison_numeric,8,or_false_guard,6,<|<>|=|>|OR,((INT + INT) = INT) OR (INT <> INT),66fe9ae43728127e362a33bc,required_tokens + skeleton_family + delimiter_integrity + boolean_signal
PG_BOOL_R005_C09,PG_BOOL_R005,Y1,comparison_numeric,9,equals_true_wrapper,6,=|TRUE,(((INT + INT) = INT) = TRUE),d0cbce0b06fee8990405fc5a,required_tokens + skeleton_family + delimiter_integrity + boolean_signal
PG_BOOL_R005_C10,PG_BOOL_R005,Y1,comparison_numeric,10,coalesce_false_wrapper,6,=|COALESCE|FALSE,"COALESCE(((INT + INT) = INT), FALSE)",baadffaa5d84cfd5683c0d3d,required_tokens + skeleton_family + delimiter_integrity + boolean_signal
PG_BOOL_R006_C01,PG_BOOL_R006,Y1,comparison_text,1,base_predicate,6,=,STR = STR,79b7f951273d0fa3484adc52,required_tokens + skeleton_family + delimiter_integrity + boolean_signal
PG_BOOL_R006_C02,PG_BOOL_R006,Y1,comparison_text,2,parenthesized_predicate,6,=,(STR = STR),e7f8293a32306835125a7735,required_tokens + skeleton_family + delimiter_integrity + boolean_signal
PG_BOOL_R006_C03,PG_BOOL_R006,Y1,comparison_text,3,negated_inverse_predicate,6,=|NOT,NOT (STR = STR),9e0e56f3daea498f4e331bcd,required_tokens + skeleton_family + delimiter_integrity + boolean_signal
PG_BOOL_R006_C04,PG_BOOL_R006,Y1,comparison_text,4,is_true_wrapper,6,=|IS|TRUE,(STR = STR) IS TRUE,7bbcbe695e9ba83649b01dea,required_tokens + skeleton_family + delimiter_integrity + boolean_signal
PG_BOOL_R006_C05,PG_BOOL_R006,Y1,comparison_text,5,is_not_false_wrapper,6,=|FALSE|IS|NOT,(STR = STR) IS NOT FALSE,255767350a4b6dd4610bcdfa,required_tokens + skeleton_family + delimiter_integrity + boolean_signal
PG_BOOL_R006_C06,PG_BOOL_R006,Y1,comparison_text,6,case_boolean_wrapper,6,=|CASE|ELSE|END|FALSE|THEN|TRUE|WHEN,CASE WHEN (STR = STR) THEN TRUE ELSE FALSE END,e859422b7ec946241e81a67b,required_tokens + skeleton_family + delimiter_integrity + boolean_signal
PG_BOOL_R006_C07,PG_BOOL_R006,Y1,comparison_text,7,and_true_guard,6,=|AND,(STR = STR) AND (INT = INT),a908b0077023bb09b9dd5429,required_tokens + skeleton_family + delimiter_integrity + boolean_signal
PG_BOOL_R006_C08,PG_BOOL_R006,Y1,comparison_text,8,or_false_guard,6,<|<>|=|>|OR,(STR = STR) OR (INT <> INT),68fc8458e0ec7764650dcf30,required_tokens + skeleton_family + delimiter_integrity + boolean_signal
PG_BOOL_R006_C09,PG_BOOL_R006,Y1,comparison_text,9,equals_true_wrapper,6,=|TRUE,((STR = STR) = TRUE),50eb6eeeec5dccbc8116131c,required_tokens + skeleton_family + delimiter_integrity + boolean_signal
PG_BOOL_R006_C10,PG_BOOL_R006,Y1,comparison_text,10,coalesce_false_wrapper,6,=|COALESCE|FALSE,"COALESCE((STR = STR), FALSE)",309c260278b425fe69acccbf,required_tokens + skeleton_family + delimiter_integrity + boolean_signal
PG_BOOL_R007_C01,PG_BOOL_R007,Y1,comparison_text,1,base_predicate,6,<|<>|>,STR <> STR,cd0fb187e8f8bc3c2aca52df,required_tokens + skeleton_family + delimiter_integrity + boolean_signal
PG_BOOL_R007_C02,PG_BOOL_R007,Y1,comparison_text,2,parenthesized_predicate,6,<|<>|>,(STR <> STR),daaaadb20d0f0b595660260c,required_tokens + skeleton_family + delimiter_integrity + boolean_signal
PG_BOOL_R007_C03,PG_BOOL_R007,Y1,comparison_text,3,negated_inverse_predicate,6,<|<>|>|NOT,NOT (STR <> STR),69efb8c2f773edb805fc2caa,required_tokens + skeleton_family + delimiter_integrity + boolean_signal
PG_BOOL_R007_C04,PG_BOOL_R007,Y1,comparison_text,4,is_true_wrapper,6,<|<>|>|IS|TRUE,(STR <> STR) IS TRUE,44a96fd36994f61f81a59932,required_tokens + skeleton_family + delimiter_integrity + boolean_signal
PG_BOOL_R007_C05,PG_BOOL_R007,Y1,comparison_text,5,is_not_false_wrapper,6,<|<>|>|FALSE|IS|NOT,(STR <> STR) IS NOT FALSE,2ef128b6c9cabcde8232814b,required_tokens + skeleton_family + delimiter_integrity + boolean_signal
PG_BOOL_R007_C06,PG_BOOL_R007,Y1,comparison_text,6,case_boolean_wrapper,6,<|<>|>|CASE|ELSE|END|FALSE|THEN|TRUE|WHEN,CASE WHEN (STR <> STR) THEN TRUE ELSE FALSE END,f3a7ea80c89bb50ec16ef3b9,required_tokens + skeleton_family + delimiter_integrity + boolean_signal
PG_BOOL_R007_C07,PG_BOOL_R007,Y1,comparison_text,7,and_true_guard,6,<|<>|=|>|AND,(STR <> STR) AND (INT = INT),b23a556c0af8ce78cd1a1188,required_tokens + skeleton_family + delimiter_integrity + boolean_signal
PG_BOOL_R007_C08,PG_BOOL_R007,Y1,comparison_text,8,or_false_guard,6,<|<>|>|OR,(STR <> STR) OR (INT <> INT),b38580c7e9e23dcaf4dc1238,required_tokens + skeleton_family + delimiter_integrity + boolean_signal
PG_BOOL_R007_C09,PG_BOOL_R007,Y1,comparison_text,9,equals_true_wrapper,6,<|<>|=|>|TRUE,((STR <> STR) = TRUE),72a4f141abee43be527f1282,required_tokens + skeleton_family + delimiter_integrity + boolean_signal
PG_BOOL_R007_C10,PG_BOOL_R007,Y1,comparison_text,10,coalesce_false_wrapper,6,<|<>|>|COALESCE|FALSE,"COALESCE((STR <> STR), FALSE)",c0f3a6a01ad13fdc7916ddf7,required_tokens + skeleton_family + delimiter_integrity + boolean_signal
PG_BOOL_R008_C01,PG_BOOL_R008,Y1,comparison_text,1,base_predicate,6,=,LOWER(STR) = STR,141c7bcc03f0fd554bd5f45f,required_tokens + skeleton_family + delimiter_integrity + boolean_signal
PG_BOOL_R008_C02,PG_BOOL_R008,Y1,comparison_text,2,parenthesized_predicate,6,=,(LOWER(STR) = STR),6169bd2be2af60ef8e2c48f1,required_tokens + skeleton_family + delimiter_integrity + boolean_signal
PG_BOOL_R008_C03,PG_BOOL_R008,Y1,comparison_text,3,negated_inverse_predicate,6,=|NOT,NOT (LOWER(STR) = STR),dcc91f5277d7ad95ab22a0af,required_tokens + skeleton_family + delimiter_integrity + boolean_signal
PG_BOOL_R008_C04,PG_BOOL_R008,Y1,comparison_text,4,is_true_wrapper,6,=|IS|TRUE,(LOWER(STR) = STR) IS TRUE,480ca584015824bc022e289e,required_tokens + skeleton_family + delimiter_integrity + boolean_signal
PG_BOOL_R008_C05,PG_BOOL_R008,Y1,comparison_text,5,is_not_false_wrapper,6,=|FALSE|IS|NOT,(LOWER(STR) = STR) IS NOT FALSE,ae4bebb1ab2e1c5cce7f96eb,required_tokens + skeleton_family + delimiter_integrity + boolean_signal
PG_BOOL_R008_C06,PG_BOOL_R008,Y1,comparison_text,6,case_boolean_wrapper,6,=|CASE|ELSE|END|FALSE|THEN|TRUE|WHEN,CASE WHEN (LOWER(STR) = STR) THEN TRUE ELSE FALSE END,929fd7ecc1028c68fad1a0ed,required_tokens + skeleton_family + delimiter_integrity + boolean_signal
PG_BOOL_R008_C07,PG_BOOL_R008,Y1,comparison_text,7,and_true_guard,6,=|AND,(LOWER(STR) = STR) AND (INT = INT),7e57ca396c8816b5d195bef9,required_tokens + skeleton_family + delimiter_integrity + boolean_signal
PG_BOOL_R008_C08,PG_BOOL_R008,Y1,comparison_text,8,or_false_guard,6,<|<>|=|>|OR,(LOWER(STR) = STR) OR (INT <> INT),b32196947b49d81428148bfc,required_tokens + skeleton_family + delimiter_integrity + boolean_signal
PG_BOOL_R008_C09,PG_BOOL_R008,Y1,comparison_text,9,equals_true_wrapper,6,=|TRUE,((LOWER(STR) = STR) = TRUE),74e3250e5b2fc989ab2d6374,required_tokens + skeleton_family + delimiter_integrity + boolean_signal
PG_BOOL_R008_C10,PG_BOOL_R008,Y1,comparison_text,10,coalesce_false_wrapper,6,=|COALESCE|FALSE,"COALESCE((LOWER(STR) = STR), FALSE)",020fab4c44ce34204e100439,required_tokens + skeleton_family + delimiter_integrity + boolean_signal
PG_BOOL_R009_C01,PG_BOOL_R009,Y1,comparison_text,1,base_predicate,6,=,CHAR_LENGTH(STR) = INT,66a9157b9cf9d65b2f982a83,required_tokens + skeleton_family + delimiter_integrity + boolean_signal
PG_BOOL_R009_C02,PG_BOOL_R009,Y1,comparison_text,2,parenthesized_predicate,6,=,(CHAR_LENGTH(STR) = INT),2882244c4e52118547040d99,required_tokens + skeleton_family + delimiter_integrity + boolean_signal
PG_BOOL_R009_C03,PG_BOOL_R009,Y1,comparison_text,3,negated_inverse_predicate,6,=|NOT,NOT (CHAR_LENGTH(STR) = INT),6ba6078fadac03fb2ef24806,required_tokens + skeleton_family + delimiter_integrity + boolean_signal
PG_BOOL_R009_C04,PG_BOOL_R009,Y1,comparison_text,4,is_true_wrapper,6,=|IS|TRUE,(CHAR_LENGTH(STR) = INT) IS TRUE,c99d6672ed48531deaa1a00b,required_tokens + skeleton_family + delimiter_integrity + boolean_signal
PG_BOOL_R009_C05,PG_BOOL_R009,Y1,comparison_text,5,is_not_false_wrapper,6,=|FALSE|IS|NOT,(CHAR_LENGTH(STR) = INT) IS NOT FALSE,56324c82f25eedbd3bdeb57a,required_tokens + skeleton_family + delimiter_integrity + boolean_signal
PG_BOOL_R009_C06,PG_BOOL_R009,Y1,comparison_text,6,case_boolean_wrapper,6,=|CASE|ELSE|END|FALSE|THEN|TRUE|WHEN,CASE WHEN (CHAR_LENGTH(STR) = INT) THEN TRUE ELSE FALSE END,9f5c6ebda1dc324d399823a2,required_tokens + skeleton_family + delimiter_integrity + boolean_signal
PG_BOOL_R009_C07,PG_BOOL_R009,Y1,comparison_text,7,and_true_guard,6,=|AND,(CHAR_LENGTH(STR) = INT) AND (INT = INT),37b6db9afaa972781cb5fba0,required_tokens + skeleton_family + delimiter_integrity + boolean_signal
PG_BOOL_R009_C08,PG_BOOL_R009,Y1,comparison_text,8,or_false_guard,6,<|<>|=|>|OR,(CHAR_LENGTH(STR) = INT) OR (INT <> INT),628d2499f37f9c00bb6804a5,required_tokens + skeleton_family + delimiter_integrity + boolean_signal
PG_BOOL_R009_C09,PG_BOOL_R009,Y1,comparison_text,9,equals_true_wrapper,6,=|TRUE,((CHAR_LENGTH(STR) = INT) = TRUE),f8e3dfc9edf8a5779733c616,required_tokens + skeleton_family + delimiter_integrity + boolean_signal
PG_BOOL_R009_C10,PG_BOOL_R009,Y1,comparison_text,10,coalesce_false_wrapper,6,=|COALESCE|FALSE,"COALESCE((CHAR_LENGTH(STR) = INT), FALSE)",5edf8c9da74af1f549838e6c,required_tokens + skeleton_family + delimiter_integrity + boolean_signal
PG_BOOL_R010_C01,PG_BOOL_R010,Y1,comparison_text,1,base_predicate,6,>|IN,POSITION(STR IN STR) > INT,9ea35e77623c52f00218d123,required_tokens + skeleton_family + delimiter_integrity + boolean_signal
PG_BOOL_R010_C02,PG_BOOL_R010,Y1,comparison_text,2,parenthesized_predicate,6,>|IN,(POSITION(STR IN STR) > INT),a2b181e44d42554501a9e013,required_tokens + skeleton_family + delimiter_integrity + boolean_signal
PG_BOOL_R010_C03,PG_BOOL_R010,Y1,comparison_text,3,negated_inverse_predicate,6,>|IN|NOT,NOT (POSITION(STR IN STR) > INT),6e664063f2c7d3c4659f294c,required_tokens + skeleton_family + delimiter_integrity + boolean_signal
PG_BOOL_R010_C04,PG_BOOL_R010,Y1,comparison_text,4,is_true_wrapper,6,>|IN|IS|TRUE,(POSITION(STR IN STR) > INT) IS TRUE,620a481cb2a880ea480c78e5,required_tokens + skeleton_family + delimiter_integrity + boolean_signal
PG_BOOL_R010_C05,PG_BOOL_R010,Y1,comparison_text,5,is_not_false_wrapper,6,>|FALSE|IN|IS|NOT,(POSITION(STR IN STR) > INT) IS NOT FALSE,396b5067fa72144a0f42ae7a,required_tokens + skeleton_family + delimiter_integrity + boolean_signal
PG_BOOL_R010_C06,PG_BOOL_R010,Y1,comparison_text,6,case_boolean_wrapper,6,>|CASE|ELSE|END|FALSE|IN|THEN|TRUE|WHEN,CASE WHEN (POSITION(STR IN STR) > INT) THEN TRUE ELSE FALSE END,77653f0e7bde4b9a85328785,required_tokens + skeleton_family + delimiter_integrity + boolean_signal
PG_BOOL_R010_C07,PG_BOOL_R010,Y1,comparison_text,7,and_true_guard,6,=|>|AND|IN,(POSITION(STR IN STR) > INT) AND (INT = INT),25bced5c29bcfe8ac8f0369d,required_tokens + skeleton_family + delimiter_integrity + boolean_signal
PG_BOOL_R010_C08,PG_BOOL_R010,Y1,comparison_text,8,or_false_guard,6,<|<>|>|IN|OR,(POSITION(STR IN STR) > INT) OR (INT <> INT),4e586dc8e8715e9db018444d,required_tokens + skeleton_family + delimiter_integrity + boolean_signal
PG_BOOL_R010_C09,PG_BOOL_R010,Y1,comparison_text,9,equals_true_wrapper,6,=|>|IN|TRUE,((POSITION(STR IN STR) > INT) = TRUE),639cf857cf7450761e691be4,required_tokens + skeleton_family + delimiter_integrity + boolean_signal
PG_BOOL_R010_C10,PG_BOOL_R010,Y1,comparison_text,10,coalesce_false_wrapper,6,>|COALESCE|FALSE|IN,"COALESCE((POSITION(STR IN STR) > INT), FALSE)",f346b2956d386266bc5087b6,required_tokens + skeleton_family + delimiter_integrity + boolean_signal
PG_BOOL_R011_C01,PG_BOOL_R011,Y1,null_boolean,1,base_predicate,6,IS|NULL,NULL IS NULL,f00072a3ce53be0f726e0dee,required_tokens + skeleton_family + delimiter_integrity + boolean_signal
PG_BOOL_R011_C02,PG_BOOL_R011,Y1,null_boolean,2,parenthesized_predicate,6,IS|NULL,(NULL IS NULL),49b933f86175143f5bfffb4a,required_tokens + skeleton_family + delimiter_integrity + boolean_signal
PG_BOOL_R011_C03,PG_BOOL_R011,Y1,null_boolean,3,negated_inverse_predicate,6,IS|NOT|NULL,NOT (NULL IS NOT NULL),dc3e5e1fcee4632433e57df8,required_tokens + skeleton_family + delimiter_integrity + boolean_signal
PG_BOOL_R011_C04,PG_BOOL_R011,Y1,null_boolean,4,is_true_wrapper,6,IS|NULL|TRUE,(NULL IS NULL) IS TRUE,cdd27012aaaab6211d358055,required_tokens + skeleton_family + delimiter_integrity + boolean_signal
PG_BOOL_R011_C05,PG_BOOL_R011,Y1,null_boolean,5,is_not_false_wrapper,6,FALSE|IS|NOT|NULL,(NULL IS NULL) IS NOT FALSE,809ce2f2f4fca8a7b88e4ff6,required_tokens + skeleton_family + delimiter_integrity + boolean_signal
PG_BOOL_R011_C06,PG_BOOL_R011,Y1,null_boolean,6,case_boolean_wrapper,6,CASE|ELSE|END|FALSE|IS|NULL|THEN|TRUE|WHEN,CASE WHEN (NULL IS NULL) THEN TRUE ELSE FALSE END,889f672bec6ab83f5137861d,required_tokens + skeleton_family + delimiter_integrity + boolean_signal
PG_BOOL_R011_C07,PG_BOOL_R011,Y1,null_boolean,7,and_true_guard,6,=|AND|IS|NULL,(NULL IS NULL) AND (INT = INT),4ddcb5ce7743eb53378cda57,required_tokens + skeleton_family + delimiter_integrity + boolean_signal
PG_BOOL_R011_C08,PG_BOOL_R011,Y1,null_boolean,8,or_false_guard,6,<|<>|>|IS|NULL|OR,(NULL IS NULL) OR (INT <> INT),19b47b269612347a7ca0c47b,required_tokens + skeleton_family + delimiter_integrity + boolean_signal
PG_BOOL_R011_C09,PG_BOOL_R011,Y1,null_boolean,9,equals_true_wrapper,6,=|IS|NULL|TRUE,((NULL IS NULL) = TRUE),8739ace1b658ecfafe774e68,required_tokens + skeleton_family + delimiter_integrity + boolean_signal
PG_BOOL_R011_C10,PG_BOOL_R011,Y1,null_boolean,10,coalesce_false_wrapper,6,COALESCE|FALSE|IS|NULL,"COALESCE((NULL IS NULL), FALSE)",d983b09fefdf9ecda14270a8,required_tokens + skeleton_family + delimiter_integrity + boolean_signal
PG_BOOL_R012_C01,PG_BOOL_R012,Y1,null_boolean,1,base_predicate,6,IS|TRUE,TRUE IS TRUE,e3bee89093847a69ed7830a1,required_tokens + skeleton_family + delimiter_integrity + boolean_signal
PG_BOOL_R012_C02,PG_BOOL_R012,Y1,null_boolean,2,parenthesized_predicate,6,IS|TRUE,(TRUE IS TRUE),0093df65cf0a2d7dc5c8a840,required_tokens + skeleton_family + delimiter_integrity + boolean_signal
PG_BOOL_R012_C03,PG_BOOL_R012,Y1,null_boolean,3,negated_inverse_predicate,6,FALSE|IS|NOT|TRUE,NOT (TRUE IS FALSE),77873960e38619e24d7c0161,required_tokens + skeleton_family + delimiter_integrity + boolean_signal
PG_BOOL_R012_C04,PG_BOOL_R012,Y1,null_boolean,4,is_true_wrapper,6,IS|TRUE,(TRUE IS TRUE) IS TRUE,5bc1ccc324961246da482af3,required_tokens + skeleton_family + delimiter_integrity + boolean_signal
PG_BOOL_R012_C05,PG_BOOL_R012,Y1,null_boolean,5,is_not_false_wrapper,6,FALSE|IS|NOT|TRUE,(TRUE IS TRUE) IS NOT FALSE,189402e7878f18581bd58613,required_tokens + skeleton_family + delimiter_integrity + boolean_signal
PG_BOOL_R012_C06,PG_BOOL_R012,Y1,null_boolean,6,case_boolean_wrapper,6,CASE|ELSE|END|FALSE|IS|THEN|TRUE|WHEN,CASE WHEN (TRUE IS TRUE) THEN TRUE ELSE FALSE END,3c1985003f5e53bd6939ef1b,required_tokens + skeleton_family + delimiter_integrity + boolean_signal
PG_BOOL_R012_C07,PG_BOOL_R012,Y1,null_boolean,7,and_true_guard,6,=|AND|IS|TRUE,(TRUE IS TRUE) AND (INT = INT),7b368902db73f5b2cc4a5909,required_tokens + skeleton_family + delimiter_integrity + boolean_signal
PG_BOOL_R012_C08,PG_BOOL_R012,Y1,null_boolean,8,or_false_guard,6,<|<>|>|IS|OR|TRUE,(TRUE IS TRUE) OR (INT <> INT),2e3b1d78165c4e4a8ea24df1,required_tokens + skeleton_family + delimiter_integrity + boolean_signal
PG_BOOL_R012_C09,PG_BOOL_R012,Y1,null_boolean,9,equals_true_wrapper,6,=|IS|TRUE,((TRUE IS TRUE) = TRUE),0d75d2402e609c8d1747104e,required_tokens + skeleton_family + delimiter_integrity + boolean_signal
PG_BOOL_R012_C10,PG_BOOL_R012,Y1,null_boolean,10,coalesce_false_wrapper,6,COALESCE|FALSE|IS|TRUE,"COALESCE((TRUE IS TRUE), FALSE)",6c1ec7e0ea0162b87261d630,required_tokens + skeleton_family + delimiter_integrity + boolean_signal
PG_BOOL_R013_C01,PG_BOOL_R013,Y1,null_boolean,1,base_predicate,6,FALSE|IS,FALSE IS FALSE,1105a96faaba5f6cbfb8f3ee,required_tokens + skeleton_family + delimiter_integrity + boolean_signal
PG_BOOL_R013_C02,PG_BOOL_R013,Y1,null_boolean,2,parenthesized_predicate,6,FALSE|IS,(FALSE IS FALSE),384eee07ec89a9b2bd096adf,required_tokens + skeleton_family + delimiter_integrity + boolean_signal
PG_BOOL_R013_C03,PG_BOOL_R013,Y1,null_boolean,3,negated_inverse_predicate,6,FALSE|IS|NOT|TRUE,NOT (FALSE IS TRUE),6107aed8240939b466242591,required_tokens + skeleton_family + delimiter_integrity + boolean_signal
PG_BOOL_R013_C04,PG_BOOL_R013,Y1,null_boolean,4,is_true_wrapper,6,FALSE|IS|TRUE,(FALSE IS FALSE) IS TRUE,b9aa600738525819eedb9249,required_tokens + skeleton_family + delimiter_integrity + boolean_signal
PG_BOOL_R013_C05,PG_BOOL_R013,Y1,null_boolean,5,is_not_false_wrapper,6,FALSE|IS|NOT,(FALSE IS FALSE) IS NOT FALSE,0a93434aa8f27440a1057f7c,required_tokens + skeleton_family + delimiter_integrity + boolean_signal
PG_BOOL_R013_C06,PG_BOOL_R013,Y1,null_boolean,6,case_boolean_wrapper,6,CASE|ELSE|END|FALSE|IS|THEN|TRUE|WHEN,CASE WHEN (FALSE IS FALSE) THEN TRUE ELSE FALSE END,7e54541cb9cb47aa6c8abce1,required_tokens + skeleton_family + delimiter_integrity + boolean_signal
PG_BOOL_R013_C07,PG_BOOL_R013,Y1,null_boolean,7,and_true_guard,6,=|AND|FALSE|IS,(FALSE IS FALSE) AND (INT = INT),a2896065c4db083fc8f4a293,required_tokens + skeleton_family + delimiter_integrity + boolean_signal
PG_BOOL_R013_C08,PG_BOOL_R013,Y1,null_boolean,8,or_false_guard,6,<|<>|>|FALSE|IS|OR,(FALSE IS FALSE) OR (INT <> INT),fa3c6629b06b322ccb2cea47,required_tokens + skeleton_family + delimiter_integrity + boolean_signal
PG_BOOL_R013_C09,PG_BOOL_R013,Y1,null_boolean,9,equals_true_wrapper,6,=|FALSE|IS|TRUE,((FALSE IS FALSE) = TRUE),ea6da674397824735c88efac,required_tokens + skeleton_family + delimiter_integrity + boolean_signal
PG_BOOL_R013_C10,PG_BOOL_R013,Y1,null_boolean,10,coalesce_false_wrapper,6,COALESCE|FALSE|IS,"COALESCE((FALSE IS FALSE), FALSE)",8b0f8519bcee3e09e155b1d9,required_tokens + skeleton_family + delimiter_integrity + boolean_signal
PG_BOOL_R014_C01,PG_BOOL_R014,Y1,null_boolean,1,base_predicate,6,=|COALESCE|NULL,"COALESCE(NULL, INT) = INT",b083d0e452bc5c1646bf6f1b,required_tokens + skeleton_family + delimiter_integrity + boolean_signal
PG_BOOL_R014_C02,PG_BOOL_R014,Y1,null_boolean,2,parenthesized_predicate,6,=|COALESCE|NULL,"(COALESCE(NULL, INT) = INT)",cb50d92e676a4ba5aca13df2,required_tokens + skeleton_family + delimiter_integrity + boolean_signal
PG_BOOL_R014_C03,PG_BOOL_R014,Y1,null_boolean,3,negated_inverse_predicate,6,=|COALESCE|NOT|NULL,"NOT (COALESCE(NULL, INT) = INT)",82a160f5a69b519694e7a275,required_tokens + skeleton_family + delimiter_integrity + boolean_signal
PG_BOOL_R014_C04,PG_BOOL_R014,Y1,null_boolean,4,is_true_wrapper,6,=|COALESCE|IS|NULL|TRUE,"(COALESCE(NULL, INT) = INT) IS TRUE",f84b176328ebebc028d32537,required_tokens + skeleton_family + delimiter_integrity + boolean_signal
PG_BOOL_R014_C05,PG_BOOL_R014,Y1,null_boolean,5,is_not_false_wrapper,6,=|COALESCE|FALSE|IS|NOT|NULL,"(COALESCE(NULL, INT) = INT) IS NOT FALSE",ec2ca8a129cb73e37161651a,required_tokens + skeleton_family + delimiter_integrity + boolean_signal
PG_BOOL_R014_C06,PG_BOOL_R014,Y1,null_boolean,6,case_boolean_wrapper,6,=|CASE|COALESCE|ELSE|END|FALSE|NULL|THEN|TRUE|WHEN,"CASE WHEN (COALESCE(NULL, INT) = INT) THEN TRUE ELSE FALSE END",cfd4253fc04a064a11ef7d78,required_tokens + skeleton_family + delimiter_integrity + boolean_signal
PG_BOOL_R014_C07,PG_BOOL_R014,Y1,null_boolean,7,and_true_guard,6,=|AND|COALESCE|NULL,"(COALESCE(NULL, INT) = INT) AND (INT = INT)",35069109145b07ed078be1bd,required_tokens + skeleton_family + delimiter_integrity + boolean_signal
PG_BOOL_R014_C08,PG_BOOL_R014,Y1,null_boolean,8,or_false_guard,6,<|<>|=|>|COALESCE|NULL|OR,"(COALESCE(NULL, INT) = INT) OR (INT <> INT)",7cf6d3b2b0e17ce03557ce64,required_tokens + skeleton_family + delimiter_integrity + boolean_signal
PG_BOOL_R014_C09,PG_BOOL_R014,Y1,null_boolean,9,equals_true_wrapper,6,=|COALESCE|NULL|TRUE,"((COALESCE(NULL, INT) = INT) = TRUE)",722f418c6f290637b2737711,required_tokens + skeleton_family + delimiter_integrity + boolean_signal
PG_BOOL_R014_C10,PG_BOOL_R014,Y1,null_boolean,10,coalesce_false_wrapper,6,=|COALESCE|FALSE|NULL,"COALESCE((COALESCE(NULL, INT) = INT), FALSE)",816b719ed0ac0ae8857d219e,required_tokens + skeleton_family + delimiter_integrity + boolean_signal
PG_BOOL_R015_C01,PG_BOOL_R015,Y1,null_boolean,1,base_predicate,6,=|IS|TRUE,(INT = INT) IS TRUE,78c2fc139c969f190b19d7f0,required_tokens + skeleton_family + delimiter_integrity + boolean_signal
PG_BOOL_R015_C02,PG_BOOL_R015,Y1,null_boolean,2,parenthesized_predicate,6,=|IS|TRUE,((INT = INT) IS TRUE),89c43bc1ee912aac21ca66dd,required_tokens + skeleton_family + delimiter_integrity + boolean_signal
PG_BOOL_R015_C03,PG_BOOL_R015,Y1,null_boolean,3,negated_inverse_predicate,6,=|FALSE|IS|NOT,NOT ((INT = INT) IS FALSE),bd37ca53a31140bd2891ac71,required_tokens + skeleton_family + delimiter_integrity + boolean_signal
PG_BOOL_R015_C04,PG_BOOL_R015,Y1,null_boolean,4,is_true_wrapper,6,=|IS|TRUE,((INT = INT) IS TRUE) IS TRUE,6b7db6887b283d12f57ca2d1,required_tokens + skeleton_family + delimiter_integrity + boolean_signal
PG_BOOL_R015_C05,PG_BOOL_R015,Y1,null_boolean,5,is_not_false_wrapper,6,=|FALSE|IS|NOT|TRUE,((INT = INT) IS TRUE) IS NOT FALSE,1146ada62c0629f583af6313,required_tokens + skeleton_family + delimiter_integrity + boolean_signal
PG_BOOL_R015_C06,PG_BOOL_R015,Y1,null_boolean,6,case_boolean_wrapper,6,=|CASE|ELSE|END|FALSE|IS|THEN|TRUE|WHEN,CASE WHEN ((INT = INT) IS TRUE) THEN TRUE ELSE FALSE END,ef57d09b34eb06ebb8d4249d,required_tokens + skeleton_family + delimiter_integrity + boolean_signal
PG_BOOL_R015_C07,PG_BOOL_R015,Y1,null_boolean,7,and_true_guard,6,=|AND|IS|TRUE,((INT = INT) IS TRUE) AND (INT = INT),6d1504b5373391c139eeb1ea,required_tokens + skeleton_family + delimiter_integrity + boolean_signal
PG_BOOL_R015_C08,PG_BOOL_R015,Y1,null_boolean,8,or_false_guard,6,<|<>|=|>|IS|OR|TRUE,((INT = INT) IS TRUE) OR (INT <> INT),04a7717c10d097574f5430d7,required_tokens + skeleton_family + delimiter_integrity + boolean_signal
PG_BOOL_R015_C09,PG_BOOL_R015,Y1,null_boolean,9,equals_true_wrapper,6,=|IS|TRUE,(((INT = INT) IS TRUE) = TRUE),5b0f5cdafa87382b86060eb5,required_tokens + skeleton_family + delimiter_integrity + boolean_signal
PG_BOOL_R015_C10,PG_BOOL_R015,Y1,null_boolean,10,coalesce_false_wrapper,6,=|COALESCE|FALSE|IS|TRUE,"COALESCE(((INT = INT) IS TRUE), FALSE)",220599af1bd714ffa17989ec,required_tokens + skeleton_family + delimiter_integrity + boolean_signal
PG_BOOL_R016_C01,PG_BOOL_R016,Y1,between_range,1,base_predicate,6,AND|BETWEEN,INT BETWEEN INT AND INT,a96af0d7f100c1af4f851682,required_tokens + skeleton_family + delimiter_integrity + boolean_signal
PG_BOOL_R016_C02,PG_BOOL_R016,Y1,between_range,2,parenthesized_predicate,6,AND|BETWEEN,(INT BETWEEN INT AND INT),f32b43705ab0487a4479e0a9,required_tokens + skeleton_family + delimiter_integrity + boolean_signal
PG_BOOL_R016_C03,PG_BOOL_R016,Y1,between_range,3,negated_inverse_predicate,6,AND|BETWEEN|NOT,NOT (INT BETWEEN INT AND INT),0173ad0ef1e1a519e27dcdbd,required_tokens + skeleton_family + delimiter_integrity + boolean_signal
PG_BOOL_R016_C04,PG_BOOL_R016,Y1,between_range,4,is_true_wrapper,6,AND|BETWEEN|IS|TRUE,(INT BETWEEN INT AND INT) IS TRUE,49509f738525cc62d793df5f,required_tokens + skeleton_family + delimiter_integrity + boolean_signal
PG_BOOL_R016_C05,PG_BOOL_R016,Y1,between_range,5,is_not_false_wrapper,6,AND|BETWEEN|FALSE|IS|NOT,(INT BETWEEN INT AND INT) IS NOT FALSE,2d9bd4f2089c104856ea80fb,required_tokens + skeleton_family + delimiter_integrity + boolean_signal
PG_BOOL_R016_C06,PG_BOOL_R016,Y1,between_range,6,case_boolean_wrapper,6,AND|BETWEEN|CASE|ELSE|END|FALSE|THEN|TRUE|WHEN,CASE WHEN (INT BETWEEN INT AND INT) THEN TRUE ELSE FALSE END,25ab219f433ca374a49abadf,required_tokens + skeleton_family + delimiter_integrity + boolean_signal
PG_BOOL_R016_C07,PG_BOOL_R016,Y1,between_range,7,and_true_guard,6,=|AND|BETWEEN,(INT BETWEEN INT AND INT) AND (INT = INT),2321ea83d2892e987013b213,required_tokens + skeleton_family + delimiter_integrity + boolean_signal
PG_BOOL_R016_C08,PG_BOOL_R016,Y1,between_range,8,or_false_guard,6,<|<>|>|AND|BETWEEN|OR,(INT BETWEEN INT AND INT) OR (INT <> INT),73dfc85ace3f3386bcf603ad,required_tokens + skeleton_family + delimiter_integrity + boolean_signal
PG_BOOL_R016_C09,PG_BOOL_R016,Y1,between_range,9,equals_true_wrapper,6,=|AND|BETWEEN|TRUE,((INT BETWEEN INT AND INT) = TRUE),c1b853d209aa325c4a84d8d3,required_tokens + skeleton_family + delimiter_integrity + boolean_signal
PG_BOOL_R016_C10,PG_BOOL_R016,Y1,between_range,10,coalesce_false_wrapper,6,AND|BETWEEN|COALESCE|FALSE,"COALESCE((INT BETWEEN INT AND INT), FALSE)",b809a715a75714be1de39a68,required_tokens + skeleton_family + delimiter_integrity + boolean_signal
PG_BOOL_R017_C01,PG_BOOL_R017,Y1,between_range,1,base_predicate,6,AND|BETWEEN,INT BETWEEN INT AND INT,91341ba2be96a1ebbfc5c5f8,required_tokens + skeleton_family + delimiter_integrity + boolean_signal
PG_BOOL_R017_C02,PG_BOOL_R017,Y1,between_range,2,parenthesized_predicate,6,AND|BETWEEN,(INT BETWEEN INT AND INT),88005a55bbafc708818cf379,required_tokens + skeleton_family + delimiter_integrity + boolean_signal
PG_BOOL_R017_C03,PG_BOOL_R017,Y1,between_range,3,negated_inverse_predicate,6,AND|BETWEEN|NOT,NOT (INT BETWEEN INT AND INT),48e548e5847fef4b5e027ee2,required_tokens + skeleton_family + delimiter_integrity + boolean_signal
PG_BOOL_R017_C04,PG_BOOL_R017,Y1,between_range,4,is_true_wrapper,6,AND|BETWEEN|IS|TRUE,(INT BETWEEN INT AND INT) IS TRUE,afbae04ebf2bd248628deefc,required_tokens + skeleton_family + delimiter_integrity + boolean_signal
PG_BOOL_R017_C05,PG_BOOL_R017,Y1,between_range,5,is_not_false_wrapper,6,AND|BETWEEN|FALSE|IS|NOT,(INT BETWEEN INT AND INT) IS NOT FALSE,8c6387c2c3a8e3eb78196fc2,required_tokens + skeleton_family + delimiter_integrity + boolean_signal
PG_BOOL_R017_C06,PG_BOOL_R017,Y1,between_range,6,case_boolean_wrapper,6,AND|BETWEEN|CASE|ELSE|END|FALSE|THEN|TRUE|WHEN,CASE WHEN (INT BETWEEN INT AND INT) THEN TRUE ELSE FALSE END,561018aa618b66ae35f93c7a,required_tokens + skeleton_family + delimiter_integrity + boolean_signal
PG_BOOL_R017_C07,PG_BOOL_R017,Y1,between_range,7,and_true_guard,6,=|AND|BETWEEN,(INT BETWEEN INT AND INT) AND (INT = INT),b090f5382255a3159eeffb3d,required_tokens + skeleton_family + delimiter_integrity + boolean_signal
PG_BOOL_R017_C08,PG_BOOL_R017,Y1,between_range,8,or_false_guard,6,<|<>|>|AND|BETWEEN|OR,(INT BETWEEN INT AND INT) OR (INT <> INT),00e2b870df0025bfb5d5318c,required_tokens + skeleton_family + delimiter_integrity + boolean_signal
PG_BOOL_R017_C09,PG_BOOL_R017,Y1,between_range,9,equals_true_wrapper,6,=|AND|BETWEEN|TRUE,((INT BETWEEN INT AND INT) = TRUE),1d1b6d9e1e7d95ef271631b1,required_tokens + skeleton_family + delimiter_integrity + boolean_signal
PG_BOOL_R017_C10,PG_BOOL_R017,Y1,between_range,10,coalesce_false_wrapper,6,AND|BETWEEN|COALESCE|FALSE,"COALESCE((INT BETWEEN INT AND INT), FALSE)",da2fbaafe3a1a91fa2ece037,required_tokens + skeleton_family + delimiter_integrity + boolean_signal
PG_BOOL_R018_C01,PG_BOOL_R018,Y1,between_range,1,base_predicate,6,AND|BETWEEN,INT BETWEEN INT AND INT,c0c7b0ffcad93368c0de033a,required_tokens + skeleton_family + delimiter_integrity + boolean_signal
PG_BOOL_R018_C02,PG_BOOL_R018,Y1,between_range,2,parenthesized_predicate,6,AND|BETWEEN,(INT BETWEEN INT AND INT),a0d8645417884b008f2a0b57,required_tokens + skeleton_family + delimiter_integrity + boolean_signal
PG_BOOL_R018_C03,PG_BOOL_R018,Y1,between_range,3,negated_inverse_predicate,6,AND|BETWEEN|NOT,NOT (INT BETWEEN INT AND INT),8f230c0f80787c4f89205e9a,required_tokens + skeleton_family + delimiter_integrity + boolean_signal
PG_BOOL_R018_C04,PG_BOOL_R018,Y1,between_range,4,is_true_wrapper,6,AND|BETWEEN|IS|TRUE,(INT BETWEEN INT AND INT) IS TRUE,746e6b3ec3ab8464edc9c910,required_tokens + skeleton_family + delimiter_integrity + boolean_signal
PG_BOOL_R018_C05,PG_BOOL_R018,Y1,between_range,5,is_not_false_wrapper,6,AND|BETWEEN|FALSE|IS|NOT,(INT BETWEEN INT AND INT) IS NOT FALSE,6a8edb9a0ed30928d76df086,required_tokens + skeleton_family + delimiter_integrity + boolean_signal
PG_BOOL_R018_C06,PG_BOOL_R018,Y1,between_range,6,case_boolean_wrapper,6,AND|BETWEEN|CASE|ELSE|END|FALSE|THEN|TRUE|WHEN,CASE WHEN (INT BETWEEN INT AND INT) THEN TRUE ELSE FALSE END,a368c1431304c3a484a1507f,required_tokens + skeleton_family + delimiter_integrity + boolean_signal
PG_BOOL_R018_C07,PG_BOOL_R018,Y1,between_range,7,and_true_guard,6,=|AND|BETWEEN,(INT BETWEEN INT AND INT) AND (INT = INT),99449bf48d3244fd2bddd391,required_tokens + skeleton_family + delimiter_integrity + boolean_signal
PG_BOOL_R018_C08,PG_BOOL_R018,Y1,between_range,8,or_false_guard,6,<|<>|>|AND|BETWEEN|OR,(INT BETWEEN INT AND INT) OR (INT <> INT),86b6fee60d96af36918fe019,required_tokens + skeleton_family + delimiter_integrity + boolean_signal
PG_BOOL_R018_C09,PG_BOOL_R018,Y1,between_range,9,equals_true_wrapper,6,=|AND|BETWEEN|TRUE,((INT BETWEEN INT AND INT) = TRUE),829ed8c02eccafbe7785c253,required_tokens + skeleton_family + delimiter_integrity + boolean_signal
PG_BOOL_R018_C10,PG_BOOL_R018,Y1,between_range,10,coalesce_false_wrapper,6,AND|BETWEEN|COALESCE|FALSE,"COALESCE((INT BETWEEN INT AND INT), FALSE)",9c2b72ddd18587302f421421,required_tokens + skeleton_family + delimiter_integrity + boolean_signal
PG_BOOL_R019_C01,PG_BOOL_R019,Y1,between_range,1,base_predicate,6,AND|BETWEEN|NOT,INT NOT BETWEEN INT AND INT,252ac8d3d110b723da3b42d7,required_tokens + skeleton_family + delimiter_integrity + boolean_signal
PG_BOOL_R019_C02,PG_BOOL_R019,Y1,between_range,2,parenthesized_predicate,6,AND|BETWEEN|NOT,(INT NOT BETWEEN INT AND INT),bee23ebcd4d999f371102359,required_tokens + skeleton_family + delimiter_integrity + boolean_signal
PG_BOOL_R019_C03,PG_BOOL_R019,Y1,between_range,3,negated_inverse_predicate,6,AND|BETWEEN|NOT,NOT (INT NOT BETWEEN INT AND INT),0e81ad2f67abfbe74c1523d4,required_tokens + skeleton_family + delimiter_integrity + boolean_signal
PG_BOOL_R019_C04,PG_BOOL_R019,Y1,between_range,4,is_true_wrapper,6,AND|BETWEEN|IS|NOT|TRUE,(INT NOT BETWEEN INT AND INT) IS TRUE,1617238b054272740a322fc9,required_tokens + skeleton_family + delimiter_integrity + boolean_signal
PG_BOOL_R019_C05,PG_BOOL_R019,Y1,between_range,5,is_not_false_wrapper,6,AND|BETWEEN|FALSE|IS|NOT,(INT NOT BETWEEN INT AND INT) IS NOT FALSE,007e58d85b914da3da9c370f,required_tokens + skeleton_family + delimiter_integrity + boolean_signal
PG_BOOL_R019_C06,PG_BOOL_R019,Y1,between_range,6,case_boolean_wrapper,6,AND|BETWEEN|CASE|ELSE|END|FALSE|NOT|THEN|TRUE|WHEN,CASE WHEN (INT NOT BETWEEN INT AND INT) THEN TRUE ELSE FALSE END,08c2a869d7beea89a84972f7,required_tokens + skeleton_family + delimiter_integrity + boolean_signal
PG_BOOL_R019_C07,PG_BOOL_R019,Y1,between_range,7,and_true_guard,6,=|AND|BETWEEN|NOT,(INT NOT BETWEEN INT AND INT) AND (INT = INT),874c7325e757ba606dac4767,required_tokens + skeleton_family + delimiter_integrity + boolean_signal
PG_BOOL_R019_C08,PG_BOOL_R019,Y1,between_range,8,or_false_guard,6,<|<>|>|AND|BETWEEN|NOT|OR,(INT NOT BETWEEN INT AND INT) OR (INT <> INT),e13b6eeabf88f65f8fcd522a,required_tokens + skeleton_family + delimiter_integrity + boolean_signal
PG_BOOL_R019_C09,PG_BOOL_R019,Y1,between_range,9,equals_true_wrapper,6,=|AND|BETWEEN|NOT|TRUE,((INT NOT BETWEEN INT AND INT) = TRUE),79c31b07cd9408576789afd0,required_tokens + skeleton_family + delimiter_integrity + boolean_signal
PG_BOOL_R019_C10,PG_BOOL_R019,Y1,between_range,10,coalesce_false_wrapper,6,AND|BETWEEN|COALESCE|FALSE|NOT,"COALESCE((INT NOT BETWEEN INT AND INT), FALSE)",56de170b4fc8482cbd742be1,required_tokens + skeleton_family + delimiter_integrity + boolean_signal
PG_BOOL_R020_C01,PG_BOOL_R020,Y1,between_range,1,base_predicate,6,AND|BETWEEN,(INT) BETWEEN (INT) AND (INT),3ae1db12a307441d1e6bc024,required_tokens + skeleton_family + delimiter_integrity + boolean_signal
PG_BOOL_R020_C02,PG_BOOL_R020,Y1,between_range,2,parenthesized_predicate,6,AND|BETWEEN,((INT) BETWEEN (INT) AND (INT)),bc79e3eb32eb8a94acec8940,required_tokens + skeleton_family + delimiter_integrity + boolean_signal
PG_BOOL_R020_C03,PG_BOOL_R020,Y1,between_range,3,negated_inverse_predicate,6,AND|BETWEEN|NOT,NOT ((INT) BETWEEN (INT) AND (INT)),bb40db657e0482557c7d1809,required_tokens + skeleton_family + delimiter_integrity + boolean_signal
PG_BOOL_R020_C04,PG_BOOL_R020,Y1,between_range,4,is_true_wrapper,6,AND|BETWEEN|IS|TRUE,((INT) BETWEEN (INT) AND (INT)) IS TRUE,683f3b3fc0a4d8f6331264bc,required_tokens + skeleton_family + delimiter_integrity + boolean_signal
PG_BOOL_R020_C05,PG_BOOL_R020,Y1,between_range,5,is_not_false_wrapper,6,AND|BETWEEN|FALSE|IS|NOT,((INT) BETWEEN (INT) AND (INT)) IS NOT FALSE,cf88699474ec462d72f9c0d8,required_tokens + skeleton_family + delimiter_integrity + boolean_signal
PG_BOOL_R020_C06,PG_BOOL_R020,Y1,between_range,6,case_boolean_wrapper,6,AND|BETWEEN|CASE|ELSE|END|FALSE|THEN|TRUE|WHEN,CASE WHEN ((INT) BETWEEN (INT) AND (INT)) THEN TRUE ELSE FALSE END,3cbef8ffe8f6f672bd23472b,required_tokens + skeleton_family + delimiter_integrity + boolean_signal
PG_BOOL_R020_C07,PG_BOOL_R020,Y1,between_range,7,and_true_guard,6,=|AND|BETWEEN,((INT) BETWEEN (INT) AND (INT)) AND (INT = INT),f331cd986ca6a46894b3551b,required_tokens + skeleton_family + delimiter_integrity + boolean_signal
PG_BOOL_R020_C08,PG_BOOL_R020,Y1,between_range,8,or_false_guard,6,<|<>|>|AND|BETWEEN|OR,((INT) BETWEEN (INT) AND (INT)) OR (INT <> INT),473274e0544f925c9047bc87,required_tokens + skeleton_family + delimiter_integrity + boolean_signal
PG_BOOL_R020_C09,PG_BOOL_R020,Y1,between_range,9,equals_true_wrapper,6,=|AND|BETWEEN|TRUE,(((INT) BETWEEN (INT) AND (INT)) = TRUE),f799216251d639e2ec528721,required_tokens + skeleton_family + delimiter_integrity + boolean_signal
PG_BOOL_R020_C10,PG_BOOL_R020,Y1,between_range,10,coalesce_false_wrapper,6,AND|BETWEEN|COALESCE|FALSE,"COALESCE(((INT) BETWEEN (INT) AND (INT)), FALSE)",9ff2e7de133ca1e3db0c658d,required_tokens + skeleton_family + delimiter_integrity + boolean_signal
PG_BOOL_R021_C01,PG_BOOL_R021,Y1,membership_list,1,base_predicate,6,IN,"INT IN (INT, INT, INT)",8af8d8b47dcbd8a1f5f58310,required_tokens + skeleton_family + delimiter_integrity + boolean_signal
PG_BOOL_R021_C02,PG_BOOL_R021,Y1,membership_list,2,parenthesized_predicate,6,IN,"(INT IN (INT, INT, INT))",72cd594e40d3984d7c3bd652,required_tokens + skeleton_family + delimiter_integrity + boolean_signal
PG_BOOL_R021_C03,PG_BOOL_R021,Y1,membership_list,3,negated_inverse_predicate,6,IN|NOT,"NOT (INT IN (INT, INT, INT))",34ab21d8386bbb6a06f4703e,required_tokens + skeleton_family + delimiter_integrity + boolean_signal
PG_BOOL_R021_C04,PG_BOOL_R021,Y1,membership_list,4,is_true_wrapper,6,IN|IS|TRUE,"(INT IN (INT, INT, INT)) IS TRUE",be15e7da80124509535d6028,required_tokens + skeleton_family + delimiter_integrity + boolean_signal
PG_BOOL_R021_C05,PG_BOOL_R021,Y1,membership_list,5,is_not_false_wrapper,6,FALSE|IN|IS|NOT,"(INT IN (INT, INT, INT)) IS NOT FALSE",90a47176916b7caaf7f3ec2b,required_tokens + skeleton_family + delimiter_integrity + boolean_signal
PG_BOOL_R021_C06,PG_BOOL_R021,Y1,membership_list,6,case_boolean_wrapper,6,CASE|ELSE|END|FALSE|IN|THEN|TRUE|WHEN,"CASE WHEN (INT IN (INT, INT, INT)) THEN TRUE ELSE FALSE END",ae7b418a81f6bebea0eb085c,required_tokens + skeleton_family + delimiter_integrity + boolean_signal
PG_BOOL_R021_C07,PG_BOOL_R021,Y1,membership_list,7,and_true_guard,6,=|AND|IN,"(INT IN (INT, INT, INT)) AND (INT = INT)",d1adb37e38c16f1ec4052a64,required_tokens + skeleton_family + delimiter_integrity + boolean_signal
PG_BOOL_R021_C08,PG_BOOL_R021,Y1,membership_list,8,or_false_guard,6,<|<>|>|IN|OR,"(INT IN (INT, INT, INT)) OR (INT <> INT)",1a0fac916795888afa7af4e3,required_tokens + skeleton_family + delimiter_integrity + boolean_signal
PG_BOOL_R021_C09,PG_BOOL_R021,Y1,membership_list,9,equals_true_wrapper,6,=|IN|TRUE,"((INT IN (INT, INT, INT)) = TRUE)",58cf5b5baa56707836f975e3,required_tokens + skeleton_family + delimiter_integrity + boolean_signal
PG_BOOL_R021_C10,PG_BOOL_R021,Y1,membership_list,10,coalesce_false_wrapper,6,COALESCE|FALSE|IN,"COALESCE((INT IN (INT, INT, INT)), FALSE)",1f5204e7a58ed4c7b3d4ab00,required_tokens + skeleton_family + delimiter_integrity + boolean_signal
PG_BOOL_R022_C01,PG_BOOL_R022,Y1,membership_list,1,base_predicate,6,IN,"INT IN (INT, INT, INT)",e4768cc5496325090da6f031,required_tokens + skeleton_family + delimiter_integrity + boolean_signal
PG_BOOL_R022_C02,PG_BOOL_R022,Y1,membership_list,2,parenthesized_predicate,6,IN,"(INT IN (INT, INT, INT))",b833ce655a5ef98044539302,required_tokens + skeleton_family + delimiter_integrity + boolean_signal
PG_BOOL_R022_C03,PG_BOOL_R022,Y1,membership_list,3,negated_inverse_predicate,6,IN|NOT,"NOT (INT IN (INT, INT, INT))",a8e1abd89fb1d0a0c9fb306a,required_tokens + skeleton_family + delimiter_integrity + boolean_signal
PG_BOOL_R022_C04,PG_BOOL_R022,Y1,membership_list,4,is_true_wrapper,6,IN|IS|TRUE,"(INT IN (INT, INT, INT)) IS TRUE",d4d2e67082b4487a8802ef68,required_tokens + skeleton_family + delimiter_integrity + boolean_signal
PG_BOOL_R022_C05,PG_BOOL_R022,Y1,membership_list,5,is_not_false_wrapper,6,FALSE|IN|IS|NOT,"(INT IN (INT, INT, INT)) IS NOT FALSE",346b33d559c119628484cac2,required_tokens + skeleton_family + delimiter_integrity + boolean_signal
PG_BOOL_R022_C06,PG_BOOL_R022,Y1,membership_list,6,case_boolean_wrapper,6,CASE|ELSE|END|FALSE|IN|THEN|TRUE|WHEN,"CASE WHEN (INT IN (INT, INT, INT)) THEN TRUE ELSE FALSE END",45635f4682af1f5d3a0dc1c5,required_tokens + skeleton_family + delimiter_integrity + boolean_signal
PG_BOOL_R022_C07,PG_BOOL_R022,Y1,membership_list,7,and_true_guard,6,=|AND|IN,"(INT IN (INT, INT, INT)) AND (INT = INT)",1f62c7f14cf311f9c8420e8a,required_tokens + skeleton_family + delimiter_integrity + boolean_signal
PG_BOOL_R022_C08,PG_BOOL_R022,Y1,membership_list,8,or_false_guard,6,<|<>|>|IN|OR,"(INT IN (INT, INT, INT)) OR (INT <> INT)",8188506a8d92901fc792a436,required_tokens + skeleton_family + delimiter_integrity + boolean_signal
PG_BOOL_R022_C09,PG_BOOL_R022,Y1,membership_list,9,equals_true_wrapper,6,=|IN|TRUE,"((INT IN (INT, INT, INT)) = TRUE)",f73321113ee647da257751ff,required_tokens + skeleton_family + delimiter_integrity + boolean_signal
PG_BOOL_R022_C10,PG_BOOL_R022,Y1,membership_list,10,coalesce_false_wrapper,6,COALESCE|FALSE|IN,"COALESCE((INT IN (INT, INT, INT)), FALSE)",2f670c1450394201671c57b1,required_tokens + skeleton_family + delimiter_integrity + boolean_signal
PG_BOOL_R023_C01,PG_BOOL_R023,Y1,membership_list,1,base_predicate,6,IN|NOT,"INT NOT IN (INT, INT, INT)",2f1ec614d98075991b1273d7,required_tokens + skeleton_family + delimiter_integrity + boolean_signal
PG_BOOL_R023_C02,PG_BOOL_R023,Y1,membership_list,2,parenthesized_predicate,6,IN|NOT,"(INT NOT IN (INT, INT, INT))",4a43b1f6d0ab3c09a927cb13,required_tokens + skeleton_family + delimiter_integrity + boolean_signal
PG_BOOL_R023_C03,PG_BOOL_R023,Y1,membership_list,3,negated_inverse_predicate,6,IN|NOT,"NOT (INT NOT IN (INT, INT, INT))",0662bbf4a86806c9be2ddeef,required_tokens + skeleton_family + delimiter_integrity + boolean_signal
PG_BOOL_R023_C04,PG_BOOL_R023,Y1,membership_list,4,is_true_wrapper,6,IN|IS|NOT|TRUE,"(INT NOT IN (INT, INT, INT)) IS TRUE",d18ff6acc864011271895d2b,required_tokens + skeleton_family + delimiter_integrity + boolean_signal
PG_BOOL_R023_C05,PG_BOOL_R023,Y1,membership_list,5,is_not_false_wrapper,6,FALSE|IN|IS|NOT,"(INT NOT IN (INT, INT, INT)) IS NOT FALSE",48fc305da430ebc745c8c92c,required_tokens + skeleton_family + delimiter_integrity + boolean_signal
PG_BOOL_R023_C06,PG_BOOL_R023,Y1,membership_list,6,case_boolean_wrapper,6,CASE|ELSE|END|FALSE|IN|NOT|THEN|TRUE|WHEN,"CASE WHEN (INT NOT IN (INT, INT, INT)) THEN TRUE ELSE FALSE END",352d91b06666fc5f914dd0df,required_tokens + skeleton_family + delimiter_integrity + boolean_signal
PG_BOOL_R023_C07,PG_BOOL_R023,Y1,membership_list,7,and_true_guard,6,=|AND|IN|NOT,"(INT NOT IN (INT, INT, INT)) AND (INT = INT)",ac2889e1e929dba59b29242c,required_tokens + skeleton_family + delimiter_integrity + boolean_signal
PG_BOOL_R023_C08,PG_BOOL_R023,Y1,membership_list,8,or_false_guard,6,<|<>|>|IN|NOT|OR,"(INT NOT IN (INT, INT, INT)) OR (INT <> INT)",58a141bae911fe133803c807,required_tokens + skeleton_family + delimiter_integrity + boolean_signal
PG_BOOL_R023_C09,PG_BOOL_R023,Y1,membership_list,9,equals_true_wrapper,6,=|IN|NOT|TRUE,"((INT NOT IN (INT, INT, INT)) = TRUE)",06b298cb1bfb161c04c3f28f,required_tokens + skeleton_family + delimiter_integrity + boolean_signal
PG_BOOL_R023_C10,PG_BOOL_R023,Y1,membership_list,10,coalesce_false_wrapper,6,COALESCE|FALSE|IN|NOT,"COALESCE((INT NOT IN (INT, INT, INT)), FALSE)",a8192a87203bb9f16295d1b2,required_tokens + skeleton_family + delimiter_integrity + boolean_signal
PG_BOOL_R024_C01,PG_BOOL_R024,Y1,membership_list,1,base_predicate,6,IN,"STR IN (STR, STR)",92f29bd75548203b77a5c3cb,required_tokens + skeleton_family + delimiter_integrity + boolean_signal
PG_BOOL_R024_C02,PG_BOOL_R024,Y1,membership_list,2,parenthesized_predicate,6,IN,"(STR IN (STR, STR))",ee25b3f392b2073720a71f0c,required_tokens + skeleton_family + delimiter_integrity + boolean_signal
PG_BOOL_R024_C03,PG_BOOL_R024,Y1,membership_list,3,negated_inverse_predicate,6,IN|NOT,"NOT (STR IN (STR, STR))",96258c184ddc38b2c33be3ca,required_tokens + skeleton_family + delimiter_integrity + boolean_signal
PG_BOOL_R024_C04,PG_BOOL_R024,Y1,membership_list,4,is_true_wrapper,6,IN|IS|TRUE,"(STR IN (STR, STR)) IS TRUE",e098b504eac90732f6187631,required_tokens + skeleton_family + delimiter_integrity + boolean_signal
PG_BOOL_R024_C05,PG_BOOL_R024,Y1,membership_list,5,is_not_false_wrapper,6,FALSE|IN|IS|NOT,"(STR IN (STR, STR)) IS NOT FALSE",171e30a37095233b948ec6b1,required_tokens + skeleton_family + delimiter_integrity + boolean_signal
PG_BOOL_R024_C06,PG_BOOL_R024,Y1,membership_list,6,case_boolean_wrapper,6,CASE|ELSE|END|FALSE|IN|THEN|TRUE|WHEN,"CASE WHEN (STR IN (STR, STR)) THEN TRUE ELSE FALSE END",ff8b49406665d00b835b9e48,required_tokens + skeleton_family + delimiter_integrity + boolean_signal
PG_BOOL_R024_C07,PG_BOOL_R024,Y1,membership_list,7,and_true_guard,6,=|AND|IN,"(STR IN (STR, STR)) AND (INT = INT)",164e88c87e362b586a714617,required_tokens + skeleton_family + delimiter_integrity + boolean_signal
PG_BOOL_R024_C08,PG_BOOL_R024,Y1,membership_list,8,or_false_guard,6,<|<>|>|IN|OR,"(STR IN (STR, STR)) OR (INT <> INT)",6ee466c55739d0dd993f7735,required_tokens + skeleton_family + delimiter_integrity + boolean_signal
PG_BOOL_R024_C09,PG_BOOL_R024,Y1,membership_list,9,equals_true_wrapper,6,=|IN|TRUE,"((STR IN (STR, STR)) = TRUE)",1c9adb10d338f48742dd2cfd,required_tokens + skeleton_family + delimiter_integrity + boolean_signal
PG_BOOL_R024_C10,PG_BOOL_R024,Y1,membership_list,10,coalesce_false_wrapper,6,COALESCE|FALSE|IN,"COALESCE((STR IN (STR, STR)), FALSE)",17b5a25dd7ba6f0390a0b1d6,required_tokens + skeleton_family + delimiter_integrity + boolean_signal
PG_BOOL_R025_C01,PG_BOOL_R025,Y1,membership_list,1,base_predicate,6,IN|NOT,"STR NOT IN (STR, STR)",76d514ea4ea417ae4e795176,required_tokens + skeleton_family + delimiter_integrity + boolean_signal
PG_BOOL_R025_C02,PG_BOOL_R025,Y1,membership_list,2,parenthesized_predicate,6,IN|NOT,"(STR NOT IN (STR, STR))",65be15dba4b81f1e96913cdf,required_tokens + skeleton_family + delimiter_integrity + boolean_signal
PG_BOOL_R025_C03,PG_BOOL_R025,Y1,membership_list,3,negated_inverse_predicate,6,IN|NOT,"NOT (STR NOT IN (STR, STR))",8bcb3d682ffe4e3cdbd6def7,required_tokens + skeleton_family + delimiter_integrity + boolean_signal
PG_BOOL_R025_C04,PG_BOOL_R025,Y1,membership_list,4,is_true_wrapper,6,IN|IS|NOT|TRUE,"(STR NOT IN (STR, STR)) IS TRUE",d72f658528ac8192959cf6e6,required_tokens + skeleton_family + delimiter_integrity + boolean_signal
PG_BOOL_R025_C05,PG_BOOL_R025,Y1,membership_list,5,is_not_false_wrapper,6,FALSE|IN|IS|NOT,"(STR NOT IN (STR, STR)) IS NOT FALSE",31ab30024450de349f7979e3,required_tokens + skeleton_family + delimiter_integrity + boolean_signal
PG_BOOL_R025_C06,PG_BOOL_R025,Y1,membership_list,6,case_boolean_wrapper,6,CASE|ELSE|END|FALSE|IN|NOT|THEN|TRUE|WHEN,"CASE WHEN (STR NOT IN (STR, STR)) THEN TRUE ELSE FALSE END",1cad8e4f9c104fe9744d96e4,required_tokens + skeleton_family + delimiter_integrity + boolean_signal
PG_BOOL_R025_C07,PG_BOOL_R025,Y1,membership_list,7,and_true_guard,6,=|AND|IN|NOT,"(STR NOT IN (STR, STR)) AND (INT = INT)",ab6955ed87e84356894ed7de,required_tokens + skeleton_family + delimiter_integrity + boolean_signal
PG_BOOL_R025_C08,PG_BOOL_R025,Y1,membership_list,8,or_false_guard,6,<|<>|>|IN|NOT|OR,"(STR NOT IN (STR, STR)) OR (INT <> INT)",1735ad47b840a00a35fce2c2,required_tokens + skeleton_family + delimiter_integrity + boolean_signal
PG_BOOL_R025_C09,PG_BOOL_R025,Y1,membership_list,9,equals_true_wrapper,6,=|IN|NOT|TRUE,"((STR NOT IN (STR, STR)) = TRUE)",80eab8b9567c4d641cb6d002,required_tokens + skeleton_family + delimiter_integrity + boolean_signal
PG_BOOL_R025_C10,PG_BOOL_R025,Y1,membership_list,10,coalesce_false_wrapper,6,COALESCE|FALSE|IN|NOT,"COALESCE((STR NOT IN (STR, STR)), FALSE)",faec4d6a05a153256ddd9f39,required_tokens + skeleton_family + delimiter_integrity + boolean_signal
PG_BOOL_R026_C01,PG_BOOL_R026,Y1,any_all_array,1,base_predicate,6,=|ANY|ARRAY,"INT = ANY(ARRAY[INT, INT, INT])",912959fd4c44569787cbe0b3,required_tokens + skeleton_family + delimiter_integrity + boolean_signal
PG_BOOL_R026_C02,PG_BOOL_R026,Y1,any_all_array,2,parenthesized_predicate,6,=|ANY|ARRAY,"(INT = ANY(ARRAY[INT, INT, INT]))",59700c22ebe12d723f3d25dd,required_tokens + skeleton_family + delimiter_integrity + boolean_signal
PG_BOOL_R026_C03,PG_BOOL_R026,Y1,any_all_array,3,negated_inverse_predicate,6,=|ANY|ARRAY|NOT,"NOT (INT = ANY(ARRAY[INT, INT, INT]))",4e291829d084618ab2138b84,required_tokens + skeleton_family + delimiter_integrity + boolean_signal
PG_BOOL_R026_C04,PG_BOOL_R026,Y1,any_all_array,4,is_true_wrapper,6,=|ANY|ARRAY|IS|TRUE,"(INT = ANY(ARRAY[INT, INT, INT])) IS TRUE",8cdb2b26b0be784c422a746e,required_tokens + skeleton_family + delimiter_integrity + boolean_signal
PG_BOOL_R026_C05,PG_BOOL_R026,Y1,any_all_array,5,is_not_false_wrapper,6,=|ANY|ARRAY|FALSE|IS|NOT,"(INT = ANY(ARRAY[INT, INT, INT])) IS NOT FALSE",e5b3545999b1baa3e7baffc4,required_tokens + skeleton_family + delimiter_integrity + boolean_signal
PG_BOOL_R026_C06,PG_BOOL_R026,Y1,any_all_array,6,case_boolean_wrapper,6,=|ANY|ARRAY|CASE|ELSE|END|FALSE|THEN|TRUE|WHEN,"CASE WHEN (INT = ANY(ARRAY[INT, INT, INT])) THEN TRUE ELSE FALSE END",cc772e1e6c1400d9eddea79e,required_tokens + skeleton_family + delimiter_integrity + boolean_signal
PG_BOOL_R026_C07,PG_BOOL_R026,Y1,any_all_array,7,and_true_guard,6,=|AND|ANY|ARRAY,"(INT = ANY(ARRAY[INT, INT, INT])) AND (INT = INT)",2ded985eec821c3a34097ff0,required_tokens + skeleton_family + delimiter_integrity + boolean_signal
PG_BOOL_R026_C08,PG_BOOL_R026,Y1,any_all_array,8,or_false_guard,6,<|<>|=|>|ANY|ARRAY|OR,"(INT = ANY(ARRAY[INT, INT, INT])) OR (INT <> INT)",255588a690f3950fc1db2faf,required_tokens + skeleton_family + delimiter_integrity + boolean_signal
PG_BOOL_R026_C09,PG_BOOL_R026,Y1,any_all_array,9,equals_true_wrapper,6,=|ANY|ARRAY|TRUE,"((INT = ANY(ARRAY[INT, INT, INT])) = TRUE)",3f45d16a54196f32224f5c0d,required_tokens + skeleton_family + delimiter_integrity + boolean_signal
PG_BOOL_R026_C10,PG_BOOL_R026,Y1,any_all_array,10,coalesce_false_wrapper,6,=|ANY|ARRAY|COALESCE|FALSE,"COALESCE((INT = ANY(ARRAY[INT, INT, INT])), FALSE)",b416bdcf82ce5fedaaee1fdf,required_tokens + skeleton_family + delimiter_integrity + boolean_signal
PG_BOOL_R027_C01,PG_BOOL_R027,Y1,any_all_array,1,base_predicate,6,<|<>|>|ALL|ARRAY,"INT <> ALL(ARRAY[INT, INT, INT])",27ddcd2643876686b4bd2775,required_tokens + skeleton_family + delimiter_integrity + boolean_signal
PG_BOOL_R027_C02,PG_BOOL_R027,Y1,any_all_array,2,parenthesized_predicate,6,<|<>|>|ALL|ARRAY,"(INT <> ALL(ARRAY[INT, INT, INT]))",2709e2de934c2a4f30156f20,required_tokens + skeleton_family + delimiter_integrity + boolean_signal
PG_BOOL_R027_C03,PG_BOOL_R027,Y1,any_all_array,3,negated_inverse_predicate,6,<|<>|>|ALL|ARRAY|NOT,"NOT (INT <> ALL(ARRAY[INT, INT, INT]))",fa55c02829ca82335c8e931c,required_tokens + skeleton_family + delimiter_integrity + boolean_signal
PG_BOOL_R027_C04,PG_BOOL_R027,Y1,any_all_array,4,is_true_wrapper,6,<|<>|>|ALL|ARRAY|IS|TRUE,"(INT <> ALL(ARRAY[INT, INT, INT])) IS TRUE",1a7e2ac1df98e9a99deef81f,required_tokens + skeleton_family + delimiter_integrity + boolean_signal
PG_BOOL_R027_C05,PG_BOOL_R027,Y1,any_all_array,5,is_not_false_wrapper,6,<|<>|>|ALL|ARRAY|FALSE|IS|NOT,"(INT <> ALL(ARRAY[INT, INT, INT])) IS NOT FALSE",34ddccfaf72e2f3cba9de6ed,required_tokens + skeleton_family + delimiter_integrity + boolean_signal
PG_BOOL_R027_C06,PG_BOOL_R027,Y1,any_all_array,6,case_boolean_wrapper,6,<|<>|>|ALL|ARRAY|CASE|ELSE|END|FALSE|THEN|TRUE|WHEN,"CASE WHEN (INT <> ALL(ARRAY[INT, INT, INT])) THEN TRUE ELSE FALSE END",31c252a2987ade0b6e5f5e66,required_tokens + skeleton_family + delimiter_integrity + boolean_signal
PG_BOOL_R027_C07,PG_BOOL_R027,Y1,any_all_array,7,and_true_guard,6,<|<>|=|>|ALL|AND|ARRAY,"(INT <> ALL(ARRAY[INT, INT, INT])) AND (INT = INT)",0df6f4557358b9c2de68ce16,required_tokens + skeleton_family + delimiter_integrity + boolean_signal
PG_BOOL_R027_C08,PG_BOOL_R027,Y1,any_all_array,8,or_false_guard,6,<|<>|>|ALL|ARRAY|OR,"(INT <> ALL(ARRAY[INT, INT, INT])) OR (INT <> INT)",5463ff77f1a2a07c4a0b7801,required_tokens + skeleton_family + delimiter_integrity + boolean_signal
PG_BOOL_R027_C09,PG_BOOL_R027,Y1,any_all_array,9,equals_true_wrapper,6,<|<>|=|>|ALL|ARRAY|TRUE,"((INT <> ALL(ARRAY[INT, INT, INT])) = TRUE)",93a0aadadaf9a8cdc44f4dfc,required_tokens + skeleton_family + delimiter_integrity + boolean_signal
PG_BOOL_R027_C10,PG_BOOL_R027,Y1,any_all_array,10,coalesce_false_wrapper,6,<|<>|>|ALL|ARRAY|COALESCE|FALSE,"COALESCE((INT <> ALL(ARRAY[INT, INT, INT])), FALSE)",776c47e0515393645f6ca7da,required_tokens + skeleton_family + delimiter_integrity + boolean_signal
PG_BOOL_R028_C01,PG_BOOL_R028,Y1,any_all_array,1,base_predicate,6,>|ALL|ARRAY,"INT > ALL(ARRAY[INT, INT, INT])",0a5bbf78be5f03d60ae314db,required_tokens + skeleton_family + delimiter_integrity + boolean_signal
PG_BOOL_R028_C02,PG_BOOL_R028,Y1,any_all_array,2,parenthesized_predicate,6,>|ALL|ARRAY,"(INT > ALL(ARRAY[INT, INT, INT]))",e71c5e0875d6091937a6b7b4,required_tokens + skeleton_family + delimiter_integrity + boolean_signal
PG_BOOL_R028_C03,PG_BOOL_R028,Y1,any_all_array,3,negated_inverse_predicate,6,>|ALL|ARRAY|NOT,"NOT (INT > ALL(ARRAY[INT, INT, INT]))",a812b7fb945fa9ae80e9dab9,required_tokens + skeleton_family + delimiter_integrity + boolean_signal
PG_BOOL_R028_C04,PG_BOOL_R028,Y1,any_all_array,4,is_true_wrapper,6,>|ALL|ARRAY|IS|TRUE,"(INT > ALL(ARRAY[INT, INT, INT])) IS TRUE",bd2624ed657893eeeeeda72b,required_tokens + skeleton_family + delimiter_integrity + boolean_signal
PG_BOOL_R028_C05,PG_BOOL_R028,Y1,any_all_array,5,is_not_false_wrapper,6,>|ALL|ARRAY|FALSE|IS|NOT,"(INT > ALL(ARRAY[INT, INT, INT])) IS NOT FALSE",abce030e1d1145519d186efa,required_tokens + skeleton_family + delimiter_integrity + boolean_signal
PG_BOOL_R028_C06,PG_BOOL_R028,Y1,any_all_array,6,case_boolean_wrapper,6,>|ALL|ARRAY|CASE|ELSE|END|FALSE|THEN|TRUE|WHEN,"CASE WHEN (INT > ALL(ARRAY[INT, INT, INT])) THEN TRUE ELSE FALSE END",4613845cc38a7aadea2af05c,required_tokens + skeleton_family + delimiter_integrity + boolean_signal
PG_BOOL_R028_C07,PG_BOOL_R028,Y1,any_all_array,7,and_true_guard,6,=|>|ALL|AND|ARRAY,"(INT > ALL(ARRAY[INT, INT, INT])) AND (INT = INT)",e28ff688cc06095c523ba32d,required_tokens + skeleton_family + delimiter_integrity + boolean_signal
PG_BOOL_R028_C08,PG_BOOL_R028,Y1,any_all_array,8,or_false_guard,6,<|<>|>|ALL|ARRAY|OR,"(INT > ALL(ARRAY[INT, INT, INT])) OR (INT <> INT)",3c54e7ec3645dc6dfa6d8085,required_tokens + skeleton_family + delimiter_integrity + boolean_signal
PG_BOOL_R028_C09,PG_BOOL_R028,Y1,any_all_array,9,equals_true_wrapper,6,=|>|ALL|ARRAY|TRUE,"((INT > ALL(ARRAY[INT, INT, INT])) = TRUE)",2a5c7250b48a7e4f3bca9469,required_tokens + skeleton_family + delimiter_integrity + boolean_signal
PG_BOOL_R028_C10,PG_BOOL_R028,Y1,any_all_array,10,coalesce_false_wrapper,6,>|ALL|ARRAY|COALESCE|FALSE,"COALESCE((INT > ALL(ARRAY[INT, INT, INT])), FALSE)",482ec0ee6101058e761e0d66,required_tokens + skeleton_family + delimiter_integrity + boolean_signal
PG_BOOL_R029_C01,PG_BOOL_R029,Y1,any_all_array,1,base_predicate,6,<|ALL|ARRAY,"INT < ALL(ARRAY[INT, INT, INT])",86527842fb3e3b896bb1e1ed,required_tokens + skeleton_family + delimiter_integrity + boolean_signal
PG_BOOL_R029_C02,PG_BOOL_R029,Y1,any_all_array,2,parenthesized_predicate,6,<|ALL|ARRAY,"(INT < ALL(ARRAY[INT, INT, INT]))",2c0f9bb1a1789e6a78c638ca,required_tokens + skeleton_family + delimiter_integrity + boolean_signal
PG_BOOL_R029_C03,PG_BOOL_R029,Y1,any_all_array,3,negated_inverse_predicate,6,<|ALL|ARRAY|NOT,"NOT (INT < ALL(ARRAY[INT, INT, INT]))",c537ec3d69da19cfec3e8d44,required_tokens + skeleton_family + delimiter_integrity + boolean_signal
PG_BOOL_R029_C04,PG_BOOL_R029,Y1,any_all_array,4,is_true_wrapper,6,<|ALL|ARRAY|IS|TRUE,"(INT < ALL(ARRAY[INT, INT, INT])) IS TRUE",7d00741e126acc0073388bc3,required_tokens + skeleton_family + delimiter_integrity + boolean_signal
PG_BOOL_R029_C05,PG_BOOL_R029,Y1,any_all_array,5,is_not_false_wrapper,6,<|ALL|ARRAY|FALSE|IS|NOT,"(INT < ALL(ARRAY[INT, INT, INT])) IS NOT FALSE",9c5a20cdfd25d68d9c8b666f,required_tokens + skeleton_family + delimiter_integrity + boolean_signal
PG_BOOL_R029_C06,PG_BOOL_R029,Y1,any_all_array,6,case_boolean_wrapper,6,<|ALL|ARRAY|CASE|ELSE|END|FALSE|THEN|TRUE|WHEN,"CASE WHEN (INT < ALL(ARRAY[INT, INT, INT])) THEN TRUE ELSE FALSE END",6212b1dfdfb10ccf763e0546,required_tokens + skeleton_family + delimiter_integrity + boolean_signal
PG_BOOL_R029_C07,PG_BOOL_R029,Y1,any_all_array,7,and_true_guard,6,<|=|ALL|AND|ARRAY,"(INT < ALL(ARRAY[INT, INT, INT])) AND (INT = INT)",9852e64a92904354a15cfaab,required_tokens + skeleton_family + delimiter_integrity + boolean_signal
PG_BOOL_R029_C08,PG_BOOL_R029,Y1,any_all_array,8,or_false_guard,6,<|<>|>|ALL|ARRAY|OR,"(INT < ALL(ARRAY[INT, INT, INT])) OR (INT <> INT)",181cabcae8fdf25791aab4d7,required_tokens + skeleton_family + delimiter_integrity + boolean_signal
PG_BOOL_R029_C09,PG_BOOL_R029,Y1,any_all_array,9,equals_true_wrapper,6,<|=|ALL|ARRAY|TRUE,"((INT < ALL(ARRAY[INT, INT, INT])) = TRUE)",a082a902235efe82f312fcdd,required_tokens + skeleton_family + delimiter_integrity + boolean_signal
PG_BOOL_R029_C10,PG_BOOL_R029,Y1,any_all_array,10,coalesce_false_wrapper,6,<|ALL|ARRAY|COALESCE|FALSE,"COALESCE((INT < ALL(ARRAY[INT, INT, INT])), FALSE)",c1d581d014bb2d2794d6a3db,required_tokens + skeleton_family + delimiter_integrity + boolean_signal
PG_BOOL_R030_C01,PG_BOOL_R030,Y1,any_all_array,1,base_predicate,6,<|<=|=|ANY|ARRAY,"INT <= ANY(ARRAY[INT, INT, INT])",3d6e42fff09ba31e3305ec9d,required_tokens + skeleton_family + delimiter_integrity + boolean_signal
PG_BOOL_R030_C02,PG_BOOL_R030,Y1,any_all_array,2,parenthesized_predicate,6,<|<=|=|ANY|ARRAY,"(INT <= ANY(ARRAY[INT, INT, INT]))",69cdd563e4d0aa25c0990b0b,required_tokens + skeleton_family + delimiter_integrity + boolean_signal
PG_BOOL_R030_C03,PG_BOOL_R030,Y1,any_all_array,3,negated_inverse_predicate,6,<|<=|=|ANY|ARRAY|NOT,"NOT (INT <= ANY(ARRAY[INT, INT, INT]))",ba587991f445851dd7235fb7,required_tokens + skeleton_family + delimiter_integrity + boolean_signal
PG_BOOL_R030_C04,PG_BOOL_R030,Y1,any_all_array,4,is_true_wrapper,6,<|<=|=|ANY|ARRAY|IS|TRUE,"(INT <= ANY(ARRAY[INT, INT, INT])) IS TRUE",ee3200dcce852f1361a5256b,required_tokens + skeleton_family + delimiter_integrity + boolean_signal
PG_BOOL_R030_C05,PG_BOOL_R030,Y1,any_all_array,5,is_not_false_wrapper,6,<|<=|=|ANY|ARRAY|FALSE|IS|NOT,"(INT <= ANY(ARRAY[INT, INT, INT])) IS NOT FALSE",2bada32654a4874069030fb3,required_tokens + skeleton_family + delimiter_integrity + boolean_signal
PG_BOOL_R030_C06,PG_BOOL_R030,Y1,any_all_array,6,case_boolean_wrapper,6,<|<=|=|ANY|ARRAY|CASE|ELSE|END|FALSE|THEN|TRUE|WHEN,"CASE WHEN (INT <= ANY(ARRAY[INT, INT, INT])) THEN TRUE ELSE FALSE END",d9e184b397cbea93c844036f,required_tokens + skeleton_family + delimiter_integrity + boolean_signal
PG_BOOL_R030_C07,PG_BOOL_R030,Y1,any_all_array,7,and_true_guard,6,<|<=|=|AND|ANY|ARRAY,"(INT <= ANY(ARRAY[INT, INT, INT])) AND (INT = INT)",2e5796bd8f00043635acd8fe,required_tokens + skeleton_family + delimiter_integrity + boolean_signal
PG_BOOL_R030_C08,PG_BOOL_R030,Y1,any_all_array,8,or_false_guard,6,<|<=|<>|=|>|ANY|ARRAY|OR,"(INT <= ANY(ARRAY[INT, INT, INT])) OR (INT <> INT)",94b569e458c6b434bd63c0d5,required_tokens + skeleton_family + delimiter_integrity + boolean_signal
PG_BOOL_R030_C09,PG_BOOL_R030,Y1,any_all_array,9,equals_true_wrapper,6,<|<=|=|ANY|ARRAY|TRUE,"((INT <= ANY(ARRAY[INT, INT, INT])) = TRUE)",ea652930acf1e70d0070da4a,required_tokens + skeleton_family + delimiter_integrity + boolean_signal
PG_BOOL_R030_C10,PG_BOOL_R030,Y1,any_all_array,10,coalesce_false_wrapper,6,<|<=|=|ANY|ARRAY|COALESCE|FALSE,"COALESCE((INT <= ANY(ARRAY[INT, INT, INT])), FALSE)",489b6239ed7f68dd59962334,required_tokens + skeleton_family + delimiter_integrity + boolean_signal
PG_BOOL_R031_C01,PG_BOOL_R031,Y1,like_ilike,1,base_predicate,6,LIKE,STR LIKE STR,bf7d919fa1dbbe7e99692b37,required_tokens + skeleton_family + delimiter_integrity + boolean_signal
PG_BOOL_R031_C02,PG_BOOL_R031,Y1,like_ilike,2,parenthesized_predicate,6,LIKE,(STR LIKE STR),553b3c85825ee88f3d8959c2,required_tokens + skeleton_family + delimiter_integrity + boolean_signal
PG_BOOL_R031_C03,PG_BOOL_R031,Y1,like_ilike,3,negated_inverse_predicate,6,LIKE|NOT,NOT (STR LIKE STR),85fe75b095ae8982d3e3ef59,required_tokens + skeleton_family + delimiter_integrity + boolean_signal
PG_BOOL_R031_C04,PG_BOOL_R031,Y1,like_ilike,4,is_true_wrapper,6,IS|LIKE|TRUE,(STR LIKE STR) IS TRUE,ced26698c16d3fca151147e2,required_tokens + skeleton_family + delimiter_integrity + boolean_signal
PG_BOOL_R031_C05,PG_BOOL_R031,Y1,like_ilike,5,is_not_false_wrapper,6,FALSE|IS|LIKE|NOT,(STR LIKE STR) IS NOT FALSE,673dd68c3bea17b515eed156,required_tokens + skeleton_family + delimiter_integrity + boolean_signal
PG_BOOL_R031_C06,PG_BOOL_R031,Y1,like_ilike,6,case_boolean_wrapper,6,CASE|ELSE|END|FALSE|LIKE|THEN|TRUE|WHEN,CASE WHEN (STR LIKE STR) THEN TRUE ELSE FALSE END,814d8253194068e4306e20af,required_tokens + skeleton_family + delimiter_integrity + boolean_signal
PG_BOOL_R031_C07,PG_BOOL_R031,Y1,like_ilike,7,and_true_guard,6,=|AND|LIKE,(STR LIKE STR) AND (INT = INT),0aaa931cc7ed03eda7d337c2,required_tokens + skeleton_family + delimiter_integrity + boolean_signal
PG_BOOL_R031_C08,PG_BOOL_R031,Y1,like_ilike,8,or_false_guard,6,<|<>|>|LIKE|OR,(STR LIKE STR) OR (INT <> INT),73926df4af226e361ea644c5,required_tokens + skeleton_family + delimiter_integrity + boolean_signal
PG_BOOL_R031_C09,PG_BOOL_R031,Y1,like_ilike,9,equals_true_wrapper,6,=|LIKE|TRUE,((STR LIKE STR) = TRUE),c997b3103694a54eef9f195a,required_tokens + skeleton_family + delimiter_integrity + boolean_signal
PG_BOOL_R031_C10,PG_BOOL_R031,Y1,like_ilike,10,coalesce_false_wrapper,6,COALESCE|FALSE|LIKE,"COALESCE((STR LIKE STR), FALSE)",63113795d3aa3d1a97a66a04,required_tokens + skeleton_family + delimiter_integrity + boolean_signal
PG_BOOL_R032_C01,PG_BOOL_R032,Y1,like_ilike,1,base_predicate,6,ILIKE,STR ILIKE STR,29153e12020b431ddcd70788,required_tokens + skeleton_family + delimiter_integrity + boolean_signal
PG_BOOL_R032_C02,PG_BOOL_R032,Y1,like_ilike,2,parenthesized_predicate,6,ILIKE,(STR ILIKE STR),a65c2bdb53224a3286c15062,required_tokens + skeleton_family + delimiter_integrity + boolean_signal
PG_BOOL_R032_C03,PG_BOOL_R032,Y1,like_ilike,3,negated_inverse_predicate,6,ILIKE|NOT,NOT (STR ILIKE STR),bb20575ffed2c1c73c8496cf,required_tokens + skeleton_family + delimiter_integrity + boolean_signal
PG_BOOL_R032_C04,PG_BOOL_R032,Y1,like_ilike,4,is_true_wrapper,6,ILIKE|IS|TRUE,(STR ILIKE STR) IS TRUE,d149c6f9a29835792c6d2410,required_tokens + skeleton_family + delimiter_integrity + boolean_signal
PG_BOOL_R032_C05,PG_BOOL_R032,Y1,like_ilike,5,is_not_false_wrapper,6,FALSE|ILIKE|IS|NOT,(STR ILIKE STR) IS NOT FALSE,84c8167ee3d256bb8cb95bac,required_tokens + skeleton_family + delimiter_integrity + boolean_signal
PG_BOOL_R032_C06,PG_BOOL_R032,Y1,like_ilike,6,case_boolean_wrapper,6,CASE|ELSE|END|FALSE|ILIKE|THEN|TRUE|WHEN,CASE WHEN (STR ILIKE STR) THEN TRUE ELSE FALSE END,ccb93ac380e0f3f1a6c95af8,required_tokens + skeleton_family + delimiter_integrity + boolean_signal
PG_BOOL_R032_C07,PG_BOOL_R032,Y1,like_ilike,7,and_true_guard,6,=|AND|ILIKE,(STR ILIKE STR) AND (INT = INT),716389d54596e678e7afe6c3,required_tokens + skeleton_family + delimiter_integrity + boolean_signal
PG_BOOL_R032_C08,PG_BOOL_R032,Y1,like_ilike,8,or_false_guard,6,<|<>|>|ILIKE|OR,(STR ILIKE STR) OR (INT <> INT),b52ba05448c4ccc36bf02d15,required_tokens + skeleton_family + delimiter_integrity + boolean_signal
PG_BOOL_R032_C09,PG_BOOL_R032,Y1,like_ilike,9,equals_true_wrapper,6,=|ILIKE|TRUE,((STR ILIKE STR) = TRUE),c6c660190e3981a014b83a01,required_tokens + skeleton_family + delimiter_integrity + boolean_signal
PG_BOOL_R032_C10,PG_BOOL_R032,Y1,like_ilike,10,coalesce_false_wrapper,6,COALESCE|FALSE|ILIKE,"COALESCE((STR ILIKE STR), FALSE)",8057d9c549c00db35f7e79fa,required_tokens + skeleton_family + delimiter_integrity + boolean_signal
PG_BOOL_R033_C01,PG_BOOL_R033,Y1,like_ilike,1,base_predicate,6,LIKE|NOT,STR NOT LIKE STR,b5e92dd20ea8a8cef980f571,required_tokens + skeleton_family + delimiter_integrity + boolean_signal
PG_BOOL_R033_C02,PG_BOOL_R033,Y1,like_ilike,2,parenthesized_predicate,6,LIKE|NOT,(STR NOT LIKE STR),4f36fb98320ee1491ec90039,required_tokens + skeleton_family + delimiter_integrity + boolean_signal
PG_BOOL_R033_C03,PG_BOOL_R033,Y1,like_ilike,3,negated_inverse_predicate,6,LIKE|NOT,NOT (STR NOT LIKE STR),dd4b2ff4e8d27540d253bf2f,required_tokens + skeleton_family + delimiter_integrity + boolean_signal
PG_BOOL_R033_C04,PG_BOOL_R033,Y1,like_ilike,4,is_true_wrapper,6,IS|LIKE|NOT|TRUE,(STR NOT LIKE STR) IS TRUE,be3227e13db3e7f019430a77,required_tokens + skeleton_family + delimiter_integrity + boolean_signal
PG_BOOL_R033_C05,PG_BOOL_R033,Y1,like_ilike,5,is_not_false_wrapper,6,FALSE|IS|LIKE|NOT,(STR NOT LIKE STR) IS NOT FALSE,863c1cd4c29974706830b982,required_tokens + skeleton_family + delimiter_integrity + boolean_signal
PG_BOOL_R033_C06,PG_BOOL_R033,Y1,like_ilike,6,case_boolean_wrapper,6,CASE|ELSE|END|FALSE|LIKE|NOT|THEN|TRUE|WHEN,CASE WHEN (STR NOT LIKE STR) THEN TRUE ELSE FALSE END,f282b04b74b0209deab69a8b,required_tokens + skeleton_family + delimiter_integrity + boolean_signal
PG_BOOL_R033_C07,PG_BOOL_R033,Y1,like_ilike,7,and_true_guard,6,=|AND|LIKE|NOT,(STR NOT LIKE STR) AND (INT = INT),31981ad1bc2d425ef9110768,required_tokens + skeleton_family + delimiter_integrity + boolean_signal
PG_BOOL_R033_C08,PG_BOOL_R033,Y1,like_ilike,8,or_false_guard,6,<|<>|>|LIKE|NOT|OR,(STR NOT LIKE STR) OR (INT <> INT),2cb7fb1a5d94cb7886aee135,required_tokens + skeleton_family + delimiter_integrity + boolean_signal
PG_BOOL_R033_C09,PG_BOOL_R033,Y1,like_ilike,9,equals_true_wrapper,6,=|LIKE|NOT|TRUE,((STR NOT LIKE STR) = TRUE),3a8a9170d102c7ff9f109a69,required_tokens + skeleton_family + delimiter_integrity + boolean_signal
PG_BOOL_R033_C10,PG_BOOL_R033,Y1,like_ilike,10,coalesce_false_wrapper,6,COALESCE|FALSE|LIKE|NOT,"COALESCE((STR NOT LIKE STR), FALSE)",feee5f32df465e18014a9613,required_tokens + skeleton_family + delimiter_integrity + boolean_signal
PG_BOOL_R034_C01,PG_BOOL_R034,Y1,like_ilike,1,base_predicate,6,LIKE,STR LIKE STR,b027a769ba22aa444c0109fb,required_tokens + skeleton_family + delimiter_integrity + boolean_signal
PG_BOOL_R034_C02,PG_BOOL_R034,Y1,like_ilike,2,parenthesized_predicate,6,LIKE,(STR LIKE STR),f35cbbee01e88ef912175a9f,required_tokens + skeleton_family + delimiter_integrity + boolean_signal
PG_BOOL_R034_C03,PG_BOOL_R034,Y1,like_ilike,3,negated_inverse_predicate,6,LIKE|NOT,NOT (STR LIKE STR),1cabcecf4a0f39684e98c2a9,required_tokens + skeleton_family + delimiter_integrity + boolean_signal
PG_BOOL_R034_C04,PG_BOOL_R034,Y1,like_ilike,4,is_true_wrapper,6,IS|LIKE|TRUE,(STR LIKE STR) IS TRUE,0d44d8781d9e6a445e51324b,required_tokens + skeleton_family + delimiter_integrity + boolean_signal
PG_BOOL_R034_C05,PG_BOOL_R034,Y1,like_ilike,5,is_not_false_wrapper,6,FALSE|IS|LIKE|NOT,(STR LIKE STR) IS NOT FALSE,87185564129fe600dfa488b9,required_tokens + skeleton_family + delimiter_integrity + boolean_signal
PG_BOOL_R034_C06,PG_BOOL_R034,Y1,like_ilike,6,case_boolean_wrapper,6,CASE|ELSE|END|FALSE|LIKE|THEN|TRUE|WHEN,CASE WHEN (STR LIKE STR) THEN TRUE ELSE FALSE END,521135891f104d8c5525a743,required_tokens + skeleton_family + delimiter_integrity + boolean_signal
PG_BOOL_R034_C07,PG_BOOL_R034,Y1,like_ilike,7,and_true_guard,6,=|AND|LIKE,(STR LIKE STR) AND (INT = INT),519aeb6cc950e17ab5a48889,required_tokens + skeleton_family + delimiter_integrity + boolean_signal
PG_BOOL_R034_C08,PG_BOOL_R034,Y1,like_ilike,8,or_false_guard,6,<|<>|>|LIKE|OR,(STR LIKE STR) OR (INT <> INT),7b260e559fcf31ace53fc3f2,required_tokens + skeleton_family + delimiter_integrity + boolean_signal
PG_BOOL_R034_C09,PG_BOOL_R034,Y1,like_ilike,9,equals_true_wrapper,6,=|LIKE|TRUE,((STR LIKE STR) = TRUE),7ab61938d30896f370829f92,required_tokens + skeleton_family + delimiter_integrity + boolean_signal
PG_BOOL_R034_C10,PG_BOOL_R034,Y1,like_ilike,10,coalesce_false_wrapper,6,COALESCE|FALSE|LIKE,"COALESCE((STR LIKE STR), FALSE)",2c058ca5417a2832f364958a,required_tokens + skeleton_family + delimiter_integrity + boolean_signal
PG_BOOL_R035_C01,PG_BOOL_R035,Y1,like_ilike,1,base_predicate,6,ILIKE,STR ILIKE STR,3cff3fa1377d1332b0105b2d,required_tokens + skeleton_family + delimiter_integrity + boolean_signal
PG_BOOL_R035_C02,PG_BOOL_R035,Y1,like_ilike,2,parenthesized_predicate,6,ILIKE,(STR ILIKE STR),60caa064d4d332d58bb934d6,required_tokens + skeleton_family + delimiter_integrity + boolean_signal
PG_BOOL_R035_C03,PG_BOOL_R035,Y1,like_ilike,3,negated_inverse_predicate,6,ILIKE|NOT,NOT (STR ILIKE STR),378c36f2c408edee75c51509,required_tokens + skeleton_family + delimiter_integrity + boolean_signal
PG_BOOL_R035_C04,PG_BOOL_R035,Y1,like_ilike,4,is_true_wrapper,6,ILIKE|IS|TRUE,(STR ILIKE STR) IS TRUE,4aff5fdc3020fc210ea29ff5,required_tokens + skeleton_family + delimiter_integrity + boolean_signal
PG_BOOL_R035_C05,PG_BOOL_R035,Y1,like_ilike,5,is_not_false_wrapper,6,FALSE|ILIKE|IS|NOT,(STR ILIKE STR) IS NOT FALSE,24e3931d08ad92254ccc3ca7,required_tokens + skeleton_family + delimiter_integrity + boolean_signal
PG_BOOL_R035_C06,PG_BOOL_R035,Y1,like_ilike,6,case_boolean_wrapper,6,CASE|ELSE|END|FALSE|ILIKE|THEN|TRUE|WHEN,CASE WHEN (STR ILIKE STR) THEN TRUE ELSE FALSE END,608812ffd5053f388122496a,required_tokens + skeleton_family + delimiter_integrity + boolean_signal
PG_BOOL_R035_C07,PG_BOOL_R035,Y1,like_ilike,7,and_true_guard,6,=|AND|ILIKE,(STR ILIKE STR) AND (INT = INT),62240b0adf4f839a8738802a,required_tokens + skeleton_family + delimiter_integrity + boolean_signal
PG_BOOL_R035_C08,PG_BOOL_R035,Y1,like_ilike,8,or_false_guard,6,<|<>|>|ILIKE|OR,(STR ILIKE STR) OR (INT <> INT),0f34865e2ed4a607cf1c6f74,required_tokens + skeleton_family + delimiter_integrity + boolean_signal
PG_BOOL_R035_C09,PG_BOOL_R035,Y1,like_ilike,9,equals_true_wrapper,6,=|ILIKE|TRUE,((STR ILIKE STR) = TRUE),6a5643881f6803315e2074c5,required_tokens + skeleton_family + delimiter_integrity + boolean_signal
PG_BOOL_R035_C10,PG_BOOL_R035,Y1,like_ilike,10,coalesce_false_wrapper,6,COALESCE|FALSE|ILIKE,"COALESCE((STR ILIKE STR), FALSE)",26967053b121b27076453e57,required_tokens + skeleton_family + delimiter_integrity + boolean_signal
PG_BOOL_R036_C01,PG_BOOL_R036,Y1,regex_match,1,base_predicate,6,~,STR ~ STR,1a08f77c9f66df76b877c57f,required_tokens + skeleton_family + delimiter_integrity + boolean_signal
PG_BOOL_R036_C02,PG_BOOL_R036,Y1,regex_match,2,parenthesized_predicate,6,~,(STR ~ STR),79a6a9c81acdc36cfa33c3e6,required_tokens + skeleton_family + delimiter_integrity + boolean_signal
PG_BOOL_R036_C03,PG_BOOL_R036,Y1,regex_match,3,negated_inverse_predicate,6,NOT|~,NOT (STR ~ STR),3569aa3de453343322b1fd1a,required_tokens + skeleton_family + delimiter_integrity + boolean_signal
PG_BOOL_R036_C04,PG_BOOL_R036,Y1,regex_match,4,is_true_wrapper,6,IS|TRUE|~,(STR ~ STR) IS TRUE,766ebec58c1115a2d9a5fd50,required_tokens + skeleton_family + delimiter_integrity + boolean_signal
PG_BOOL_R036_C05,PG_BOOL_R036,Y1,regex_match,5,is_not_false_wrapper,6,FALSE|IS|NOT|~,(STR ~ STR) IS NOT FALSE,24a579e26eafee8aaa6eb52e,required_tokens + skeleton_family + delimiter_integrity + boolean_signal
PG_BOOL_R036_C06,PG_BOOL_R036,Y1,regex_match,6,case_boolean_wrapper,6,CASE|ELSE|END|FALSE|THEN|TRUE|WHEN|~,CASE WHEN (STR ~ STR) THEN TRUE ELSE FALSE END,69ef0648be319e10841a38f9,required_tokens + skeleton_family + delimiter_integrity + boolean_signal
PG_BOOL_R036_C07,PG_BOOL_R036,Y1,regex_match,7,and_true_guard,6,=|AND|~,(STR ~ STR) AND (INT = INT),b6f74ca4a57ac2193056ff06,required_tokens + skeleton_family + delimiter_integrity + boolean_signal
PG_BOOL_R036_C08,PG_BOOL_R036,Y1,regex_match,8,or_false_guard,6,<|<>|>|OR|~,(STR ~ STR) OR (INT <> INT),d67fa4b6c7604a3150dd2371,required_tokens + skeleton_family + delimiter_integrity + boolean_signal
PG_BOOL_R036_C09,PG_BOOL_R036,Y1,regex_match,9,equals_true_wrapper,6,=|TRUE|~,((STR ~ STR) = TRUE),67c80e1c6a7ecf43c886121a,required_tokens + skeleton_family + delimiter_integrity + boolean_signal
PG_BOOL_R036_C10,PG_BOOL_R036,Y1,regex_match,10,coalesce_false_wrapper,6,COALESCE|FALSE|~,"COALESCE((STR ~ STR), FALSE)",4cf47e6fbd79a030b75b1774,required_tokens + skeleton_family + delimiter_integrity + boolean_signal
PG_BOOL_R037_C01,PG_BOOL_R037,Y1,regex_match,1,base_predicate,6,!~|~,STR !~ STR,5c928f2600f8e57b50db9138,required_tokens + skeleton_family + delimiter_integrity + boolean_signal
PG_BOOL_R037_C02,PG_BOOL_R037,Y1,regex_match,2,parenthesized_predicate,6,!~|~,(STR !~ STR),434fe0ea8cf0e9cdcfc9936f,required_tokens + skeleton_family + delimiter_integrity + boolean_signal
PG_BOOL_R037_C03,PG_BOOL_R037,Y1,regex_match,3,negated_inverse_predicate,6,!~|NOT|~,NOT (STR !~ STR),afd263556df63d2cb70b5466,required_tokens + skeleton_family + delimiter_integrity + boolean_signal
PG_BOOL_R037_C04,PG_BOOL_R037,Y1,regex_match,4,is_true_wrapper,6,!~|IS|TRUE|~,(STR !~ STR) IS TRUE,85a67d7f972a25b7fef01dcc,required_tokens + skeleton_family + delimiter_integrity + boolean_signal
PG_BOOL_R037_C05,PG_BOOL_R037,Y1,regex_match,5,is_not_false_wrapper,6,!~|FALSE|IS|NOT|~,(STR !~ STR) IS NOT FALSE,1759a66805bb0127e559a533,required_tokens + skeleton_family + delimiter_integrity + boolean_signal
PG_BOOL_R037_C06,PG_BOOL_R037,Y1,regex_match,6,case_boolean_wrapper,6,!~|CASE|ELSE|END|FALSE|THEN|TRUE|WHEN|~,CASE WHEN (STR !~ STR) THEN TRUE ELSE FALSE END,3437558154d81b9c000d873d,required_tokens + skeleton_family + delimiter_integrity + boolean_signal
PG_BOOL_R037_C07,PG_BOOL_R037,Y1,regex_match,7,and_true_guard,6,!~|=|AND|~,(STR !~ STR) AND (INT = INT),f4426f7d82e3e30ed8a49ce0,required_tokens + skeleton_family + delimiter_integrity + boolean_signal
PG_BOOL_R037_C08,PG_BOOL_R037,Y1,regex_match,8,or_false_guard,6,!~|<|<>|>|OR|~,(STR !~ STR) OR (INT <> INT),19bb5ff77e6684fc22cdb62a,required_tokens + skeleton_family + delimiter_integrity + boolean_signal
PG_BOOL_R037_C09,PG_BOOL_R037,Y1,regex_match,9,equals_true_wrapper,6,!~|=|TRUE|~,((STR !~ STR) = TRUE),22f34061124e67f3d28522ef,required_tokens + skeleton_family + delimiter_integrity + boolean_signal
PG_BOOL_R037_C10,PG_BOOL_R037,Y1,regex_match,10,coalesce_false_wrapper,6,!~|COALESCE|FALSE|~,"COALESCE((STR !~ STR), FALSE)",d10265e7d608d72c836d668e,required_tokens + skeleton_family + delimiter_integrity + boolean_signal
PG_BOOL_R038_C01,PG_BOOL_R038,Y1,regex_match,1,base_predicate,6,~,STR ~* STR,60a78ea181ef2d8a168ba730,required_tokens + skeleton_family + delimiter_integrity + boolean_signal
PG_BOOL_R038_C02,PG_BOOL_R038,Y1,regex_match,2,parenthesized_predicate,6,~,(STR ~* STR),fb7535e8e1ff191f525be4e8,required_tokens + skeleton_family + delimiter_integrity + boolean_signal
PG_BOOL_R038_C03,PG_BOOL_R038,Y1,regex_match,3,negated_inverse_predicate,6,NOT|~,NOT (STR ~* STR),bc4e158a0d1cf4eef191f206,required_tokens + skeleton_family + delimiter_integrity + boolean_signal
PG_BOOL_R038_C04,PG_BOOL_R038,Y1,regex_match,4,is_true_wrapper,6,IS|TRUE|~,(STR ~* STR) IS TRUE,601b279cf9fbcd2b624ab86a,required_tokens + skeleton_family + delimiter_integrity + boolean_signal
PG_BOOL_R038_C05,PG_BOOL_R038,Y1,regex_match,5,is_not_false_wrapper,6,FALSE|IS|NOT|~,(STR ~* STR) IS NOT FALSE,41808815abb033d36361c780,required_tokens + skeleton_family + delimiter_integrity + boolean_signal
PG_BOOL_R038_C06,PG_BOOL_R038,Y1,regex_match,6,case_boolean_wrapper,6,CASE|ELSE|END|FALSE|THEN|TRUE|WHEN|~,CASE WHEN (STR ~* STR) THEN TRUE ELSE FALSE END,96318467216ce26874340370,required_tokens + skeleton_family + delimiter_integrity + boolean_signal
PG_BOOL_R038_C07,PG_BOOL_R038,Y1,regex_match,7,and_true_guard,6,=|AND|~,(STR ~* STR) AND (INT = INT),b2420170a6695d7f25ba70d1,required_tokens + skeleton_family + delimiter_integrity + boolean_signal
PG_BOOL_R038_C08,PG_BOOL_R038,Y1,regex_match,8,or_false_guard,6,<|<>|>|OR|~,(STR ~* STR) OR (INT <> INT),6937a5ead156ab3a3c503823,required_tokens + skeleton_family + delimiter_integrity + boolean_signal
PG_BOOL_R038_C09,PG_BOOL_R038,Y1,regex_match,9,equals_true_wrapper,6,=|TRUE|~,((STR ~* STR) = TRUE),52d77a0db1c08af09087d0ac,required_tokens + skeleton_family + delimiter_integrity + boolean_signal
PG_BOOL_R038_C10,PG_BOOL_R038,Y1,regex_match,10,coalesce_false_wrapper,6,COALESCE|FALSE|~,"COALESCE((STR ~* STR), FALSE)",c081bd285a30b7e4bcf82337,required_tokens + skeleton_family + delimiter_integrity + boolean_signal
PG_BOOL_R039_C01,PG_BOOL_R039,Y1,regex_match,1,base_predicate,6,,STR SIMILAR TO STR,6cbaf3b983048d72f360c91e,required_tokens + skeleton_family + delimiter_integrity + boolean_signal
PG_BOOL_R039_C02,PG_BOOL_R039,Y1,regex_match,2,parenthesized_predicate,6,,(STR SIMILAR TO STR),286779ce0c8bdbda8bd0ef1c,required_tokens + skeleton_family + delimiter_integrity + boolean_signal
PG_BOOL_R039_C03,PG_BOOL_R039,Y1,regex_match,3,negated_inverse_predicate,6,NOT,NOT (STR SIMILAR TO STR),f548b62fc04684d47df1e54a,required_tokens + skeleton_family + delimiter_integrity + boolean_signal
PG_BOOL_R039_C04,PG_BOOL_R039,Y1,regex_match,4,is_true_wrapper,6,IS|TRUE,(STR SIMILAR TO STR) IS TRUE,53b419d62f4d8a924d9180a3,required_tokens + skeleton_family + delimiter_integrity + boolean_signal
PG_BOOL_R039_C05,PG_BOOL_R039,Y1,regex_match,5,is_not_false_wrapper,6,FALSE|IS|NOT,(STR SIMILAR TO STR) IS NOT FALSE,d9180b0f64cf1adc84337462,required_tokens + skeleton_family + delimiter_integrity + boolean_signal
PG_BOOL_R039_C06,PG_BOOL_R039,Y1,regex_match,6,case_boolean_wrapper,6,CASE|ELSE|END|FALSE|THEN|TRUE|WHEN,CASE WHEN (STR SIMILAR TO STR) THEN TRUE ELSE FALSE END,40237d78d25b0420add62726,required_tokens + skeleton_family + delimiter_integrity + boolean_signal
PG_BOOL_R039_C07,PG_BOOL_R039,Y1,regex_match,7,and_true_guard,6,=|AND,(STR SIMILAR TO STR) AND (INT = INT),f105fb214e6972c973b36be5,required_tokens + skeleton_family + delimiter_integrity + boolean_signal
PG_BOOL_R039_C08,PG_BOOL_R039,Y1,regex_match,8,or_false_guard,6,<|<>|>|OR,(STR SIMILAR TO STR) OR (INT <> INT),42bcf60a2642f9ee0957f758,required_tokens + skeleton_family + delimiter_integrity + boolean_signal
PG_BOOL_R039_C09,PG_BOOL_R039,Y1,regex_match,9,equals_true_wrapper,6,=|TRUE,((STR SIMILAR TO STR) = TRUE),0a33f979cafb6e9af58adabe,required_tokens + skeleton_family + delimiter_integrity + boolean_signal
PG_BOOL_R039_C10,PG_BOOL_R039,Y1,regex_match,10,coalesce_false_wrapper,6,COALESCE|FALSE,"COALESCE((STR SIMILAR TO STR), FALSE)",0777a428c3d38b93c7b527bd,required_tokens + skeleton_family + delimiter_integrity + boolean_signal
PG_BOOL_R040_C01,PG_BOOL_R040,Y1,regex_match,1,base_predicate,6,NOT,STR NOT SIMILAR TO STR,088dd64e356c0693820ff6f4,required_tokens + skeleton_family + delimiter_integrity + boolean_signal
PG_BOOL_R040_C02,PG_BOOL_R040,Y1,regex_match,2,parenthesized_predicate,6,NOT,(STR NOT SIMILAR TO STR),448351ffe88b856b9260fcbd,required_tokens + skeleton_family + delimiter_integrity + boolean_signal
PG_BOOL_R040_C03,PG_BOOL_R040,Y1,regex_match,3,negated_inverse_predicate,6,NOT,NOT (STR NOT SIMILAR TO STR),7d9af2156b30a8106b306aba,required_tokens + skeleton_family + delimiter_integrity + boolean_signal
PG_BOOL_R040_C04,PG_BOOL_R040,Y1,regex_match,4,is_true_wrapper,6,IS|NOT|TRUE,(STR NOT SIMILAR TO STR) IS TRUE,5ec03a325ff4f9986301e3b1,required_tokens + skeleton_family + delimiter_integrity + boolean_signal
PG_BOOL_R040_C05,PG_BOOL_R040,Y1,regex_match,5,is_not_false_wrapper,6,FALSE|IS|NOT,(STR NOT SIMILAR TO STR) IS NOT FALSE,d27538e3f5188619934a8a2e,required_tokens + skeleton_family + delimiter_integrity + boolean_signal
PG_BOOL_R040_C06,PG_BOOL_R040,Y1,regex_match,6,case_boolean_wrapper,6,CASE|ELSE|END|FALSE|NOT|THEN|TRUE|WHEN,CASE WHEN (STR NOT SIMILAR TO STR) THEN TRUE ELSE FALSE END,ec9de3062a1d1c545923769b,required_tokens + skeleton_family + delimiter_integrity + boolean_signal
PG_BOOL_R040_C07,PG_BOOL_R040,Y1,regex_match,7,and_true_guard,6,=|AND|NOT,(STR NOT SIMILAR TO STR) AND (INT = INT),7340d85160946fc71834d00f,required_tokens + skeleton_family + delimiter_integrity + boolean_signal
PG_BOOL_R040_C08,PG_BOOL_R040,Y1,regex_match,8,or_false_guard,6,<|<>|>|NOT|OR,(STR NOT SIMILAR TO STR) OR (INT <> INT),d5ffbf0adce75c02123649f3,required_tokens + skeleton_family + delimiter_integrity + boolean_signal
PG_BOOL_R040_C09,PG_BOOL_R040,Y1,regex_match,9,equals_true_wrapper,6,=|NOT|TRUE,((STR NOT SIMILAR TO STR) = TRUE),a8b24596ae18dc75e9336c66,required_tokens + skeleton_family + delimiter_integrity + boolean_signal
PG_BOOL_R040_C10,PG_BOOL_R040,Y1,regex_match,10,coalesce_false_wrapper,6,COALESCE|FALSE|NOT,"COALESCE((STR NOT SIMILAR TO STR), FALSE)",a1f2235610b7e6dcc39b0170,required_tokens + skeleton_family + delimiter_integrity + boolean_signal
PG_BOOL_R041_C01,PG_BOOL_R041,Y1,string_function,1,base_predicate,6,=,LENGTH(STR) = INT,5f96734df13bff68d2b9f738,required_tokens + skeleton_family + delimiter_integrity + boolean_signal
PG_BOOL_R041_C02,PG_BOOL_R041,Y1,string_function,2,parenthesized_predicate,6,=,(LENGTH(STR) = INT),438a0a5ad998c266353259e7,required_tokens + skeleton_family + delimiter_integrity + boolean_signal
PG_BOOL_R041_C03,PG_BOOL_R041,Y1,string_function,3,negated_inverse_predicate,6,=|NOT,NOT (LENGTH(STR) = INT),79028b665f199705cd5678d1,required_tokens + skeleton_family + delimiter_integrity + boolean_signal
PG_BOOL_R041_C04,PG_BOOL_R041,Y1,string_function,4,is_true_wrapper,6,=|IS|TRUE,(LENGTH(STR) = INT) IS TRUE,7787ae5a0362633519bcae9a,required_tokens + skeleton_family + delimiter_integrity + boolean_signal
PG_BOOL_R041_C05,PG_BOOL_R041,Y1,string_function,5,is_not_false_wrapper,6,=|FALSE|IS|NOT,(LENGTH(STR) = INT) IS NOT FALSE,f15782cfc91f5b724ac08e05,required_tokens + skeleton_family + delimiter_integrity + boolean_signal
PG_BOOL_R041_C06,PG_BOOL_R041,Y1,string_function,6,case_boolean_wrapper,6,=|CASE|ELSE|END|FALSE|THEN|TRUE|WHEN,CASE WHEN (LENGTH(STR) = INT) THEN TRUE ELSE FALSE END,7738091a3d9ff4387f16858d,required_tokens + skeleton_family + delimiter_integrity + boolean_signal
PG_BOOL_R041_C07,PG_BOOL_R041,Y1,string_function,7,and_true_guard,6,=|AND,(LENGTH(STR) = INT) AND (INT = INT),2529f15a6e0b82e373e26b3f,required_tokens + skeleton_family + delimiter_integrity + boolean_signal
PG_BOOL_R041_C08,PG_BOOL_R041,Y1,string_function,8,or_false_guard,6,<|<>|=|>|OR,(LENGTH(STR) = INT) OR (INT <> INT),0d30df105e013c75b8c5947a,required_tokens + skeleton_family + delimiter_integrity + boolean_signal
PG_BOOL_R041_C09,PG_BOOL_R041,Y1,string_function,9,equals_true_wrapper,6,=|TRUE,((LENGTH(STR) = INT) = TRUE),3bc6640d9bce02b93bc321db,required_tokens + skeleton_family + delimiter_integrity + boolean_signal
PG_BOOL_R041_C10,PG_BOOL_R041,Y1,string_function,10,coalesce_false_wrapper,6,=|COALESCE|FALSE,"COALESCE((LENGTH(STR) = INT), FALSE)",1fe0c20245dda4430b5a270d,required_tokens + skeleton_family + delimiter_integrity + boolean_signal
PG_BOOL_R042_C01,PG_BOOL_R042,Y1,string_function,1,base_predicate,6,=|FROM,SUBSTRING(STR FROM INT FOR INT) = STR,ac458f87fe6ebc6f03a36d93,required_tokens + skeleton_family + delimiter_integrity + boolean_signal
PG_BOOL_R042_C02,PG_BOOL_R042,Y1,string_function,2,parenthesized_predicate,6,=|FROM,(SUBSTRING(STR FROM INT FOR INT) = STR),aebd0f7ca061d6ac9de91f05,required_tokens + skeleton_family + delimiter_integrity + boolean_signal
PG_BOOL_R042_C03,PG_BOOL_R042,Y1,string_function,3,negated_inverse_predicate,6,=|FROM|NOT,NOT (SUBSTRING(STR FROM INT FOR INT) = STR),cd005300d36ec20328a3575c,required_tokens + skeleton_family + delimiter_integrity + boolean_signal
PG_BOOL_R042_C04,PG_BOOL_R042,Y1,string_function,4,is_true_wrapper,6,=|FROM|IS|TRUE,(SUBSTRING(STR FROM INT FOR INT) = STR) IS TRUE,1397913be07f5e1705b082e3,required_tokens + skeleton_family + delimiter_integrity + boolean_signal
PG_BOOL_R042_C05,PG_BOOL_R042,Y1,string_function,5,is_not_false_wrapper,6,=|FALSE|FROM|IS|NOT,(SUBSTRING(STR FROM INT FOR INT) = STR) IS NOT FALSE,50838f3518d4abd126a399a3,required_tokens + skeleton_family + delimiter_integrity + boolean_signal
PG_BOOL_R042_C06,PG_BOOL_R042,Y1,string_function,6,case_boolean_wrapper,6,=|CASE|ELSE|END|FALSE|FROM|THEN|TRUE|WHEN,CASE WHEN (SUBSTRING(STR FROM INT FOR INT) = STR) THEN TRUE ELSE FALSE END,c14a5255ab5f44822f95bf96,required_tokens + skeleton_family + delimiter_integrity + boolean_signal
PG_BOOL_R042_C07,PG_BOOL_R042,Y1,string_function,7,and_true_guard,6,=|AND|FROM,(SUBSTRING(STR FROM INT FOR INT) = STR) AND (INT = INT),e5d781b7a2a4c4e70598e7a3,required_tokens + skeleton_family + delimiter_integrity + boolean_signal
PG_BOOL_R042_C08,PG_BOOL_R042,Y1,string_function,8,or_false_guard,6,<|<>|=|>|FROM|OR,(SUBSTRING(STR FROM INT FOR INT) = STR) OR (INT <> INT),2ec8e5cf1ab7f8ce3036784e,required_tokens + skeleton_family + delimiter_integrity + boolean_signal
PG_BOOL_R042_C09,PG_BOOL_R042,Y1,string_function,9,equals_true_wrapper,6,=|FROM|TRUE,((SUBSTRING(STR FROM INT FOR INT) = STR) = TRUE),edce9ea36ef6c30059187dc2,required_tokens + skeleton_family + delimiter_integrity + boolean_signal
PG_BOOL_R042_C10,PG_BOOL_R042,Y1,string_function,10,coalesce_false_wrapper,6,=|COALESCE|FALSE|FROM,"COALESCE((SUBSTRING(STR FROM INT FOR INT) = STR), FALSE)",d9ed4f00cdfd0f52fbc3efe1,required_tokens + skeleton_family + delimiter_integrity + boolean_signal
PG_BOOL_R043_C01,PG_BOOL_R043,Y1,string_function,1,base_predicate,6,=,UPPER(STR) = STR,ba5aedd778cde9305d8b205b,required_tokens + skeleton_family + delimiter_integrity + boolean_signal
PG_BOOL_R043_C02,PG_BOOL_R043,Y1,string_function,2,parenthesized_predicate,6,=,(UPPER(STR) = STR),4ea50ad79b0b602dabc8ce01,required_tokens + skeleton_family + delimiter_integrity + boolean_signal
PG_BOOL_R043_C03,PG_BOOL_R043,Y1,string_function,3,negated_inverse_predicate,6,=|NOT,NOT (UPPER(STR) = STR),588f1be07666e22eebc41e80,required_tokens + skeleton_family + delimiter_integrity + boolean_signal
PG_BOOL_R043_C04,PG_BOOL_R043,Y1,string_function,4,is_true_wrapper,6,=|IS|TRUE,(UPPER(STR) = STR) IS TRUE,4171845ef217ad4e1808cc80,required_tokens + skeleton_family + delimiter_integrity + boolean_signal
PG_BOOL_R043_C05,PG_BOOL_R043,Y1,string_function,5,is_not_false_wrapper,6,=|FALSE|IS|NOT,(UPPER(STR) = STR) IS NOT FALSE,dcfd8e38b0667c4b565d106e,required_tokens + skeleton_family + delimiter_integrity + boolean_signal
PG_BOOL_R043_C06,PG_BOOL_R043,Y1,string_function,6,case_boolean_wrapper,6,=|CASE|ELSE|END|FALSE|THEN|TRUE|WHEN,CASE WHEN (UPPER(STR) = STR) THEN TRUE ELSE FALSE END,1a4292efa8f1982ad2ca5141,required_tokens + skeleton_family + delimiter_integrity + boolean_signal
PG_BOOL_R043_C07,PG_BOOL_R043,Y1,string_function,7,and_true_guard,6,=|AND,(UPPER(STR) = STR) AND (INT = INT),cbd762c5d77c076c65b6406f,required_tokens + skeleton_family + delimiter_integrity + boolean_signal
PG_BOOL_R043_C08,PG_BOOL_R043,Y1,string_function,8,or_false_guard,6,<|<>|=|>|OR,(UPPER(STR) = STR) OR (INT <> INT),f9cc21ff349a9d68624b8cf3,required_tokens + skeleton_family + delimiter_integrity + boolean_signal
PG_BOOL_R043_C09,PG_BOOL_R043,Y1,string_function,9,equals_true_wrapper,6,=|TRUE,((UPPER(STR) = STR) = TRUE),a1c4cc7135f9eac3a0a9633e,required_tokens + skeleton_family + delimiter_integrity + boolean_signal
PG_BOOL_R043_C10,PG_BOOL_R043,Y1,string_function,10,coalesce_false_wrapper,6,=|COALESCE|FALSE,"COALESCE((UPPER(STR) = STR), FALSE)",9e57120acd4d54794449982a,required_tokens + skeleton_family + delimiter_integrity + boolean_signal
PG_BOOL_R044_C01,PG_BOOL_R044,Y1,string_function,1,base_predicate,6,=,"REPLACE(STR, STR, STR) = STR",2bbced5f05d07a97719583ee,required_tokens + skeleton_family + delimiter_integrity + boolean_signal
PG_BOOL_R044_C02,PG_BOOL_R044,Y1,string_function,2,parenthesized_predicate,6,=,"(REPLACE(STR, STR, STR) = STR)",5e25584e9c863a5af88c7a16,required_tokens + skeleton_family + delimiter_integrity + boolean_signal
PG_BOOL_R044_C03,PG_BOOL_R044,Y1,string_function,3,negated_inverse_predicate,6,=|NOT,"NOT (REPLACE(STR, STR, STR) = STR)",1b9443ae0002aa72501b44fb,required_tokens + skeleton_family + delimiter_integrity + boolean_signal
PG_BOOL_R044_C04,PG_BOOL_R044,Y1,string_function,4,is_true_wrapper,6,=|IS|TRUE,"(REPLACE(STR, STR, STR) = STR) IS TRUE",c24288960f98ecf8ae65ec39,required_tokens + skeleton_family + delimiter_integrity + boolean_signal
PG_BOOL_R044_C05,PG_BOOL_R044,Y1,string_function,5,is_not_false_wrapper,6,=|FALSE|IS|NOT,"(REPLACE(STR, STR, STR) = STR) IS NOT FALSE",df5d12f28ca978b11ac74d60,required_tokens + skeleton_family + delimiter_integrity + boolean_signal
PG_BOOL_R044_C06,PG_BOOL_R044,Y1,string_function,6,case_boolean_wrapper,6,=|CASE|ELSE|END|FALSE|THEN|TRUE|WHEN,"CASE WHEN (REPLACE(STR, STR, STR) = STR) THEN TRUE ELSE FALSE END",cead1ac1295ff7197e3105b4,required_tokens + skeleton_family + delimiter_integrity + boolean_signal
PG_BOOL_R044_C07,PG_BOOL_R044,Y1,string_function,7,and_true_guard,6,=|AND,"(REPLACE(STR, STR, STR) = STR) AND (INT = INT)",fd4b5428551b177902ba4b82,required_tokens + skeleton_family + delimiter_integrity + boolean_signal
PG_BOOL_R044_C08,PG_BOOL_R044,Y1,string_function,8,or_false_guard,6,<|<>|=|>|OR,"(REPLACE(STR, STR, STR) = STR) OR (INT <> INT)",01567a05a8160cdbb0bc590b,required_tokens + skeleton_family + delimiter_integrity + boolean_signal
PG_BOOL_R044_C09,PG_BOOL_R044,Y1,string_function,9,equals_true_wrapper,6,=|TRUE,"((REPLACE(STR, STR, STR) = STR) = TRUE)",e80337f962cafc2e350e413b,required_tokens + skeleton_family + delimiter_integrity + boolean_signal
PG_BOOL_R044_C10,PG_BOOL_R044,Y1,string_function,10,coalesce_false_wrapper,6,=|COALESCE|FALSE,"COALESCE((REPLACE(STR, STR, STR) = STR), FALSE)",1a9b93b893acbc327966b654,required_tokens + skeleton_family + delimiter_integrity + boolean_signal
PG_BOOL_R045_C01,PG_BOOL_R045,Y1,string_function,1,base_predicate,6,=,"LEFT(STR, INT) = STR",3865af29e41d7e324c99b000,required_tokens + skeleton_family + delimiter_integrity + boolean_signal
PG_BOOL_R045_C02,PG_BOOL_R045,Y1,string_function,2,parenthesized_predicate,6,=,"(LEFT(STR, INT) = STR)",889c0db616649f6133ada18c,required_tokens + skeleton_family + delimiter_integrity + boolean_signal
PG_BOOL_R045_C03,PG_BOOL_R045,Y1,string_function,3,negated_inverse_predicate,6,=|NOT,"NOT (LEFT(STR, INT) = STR)",455bca9e5a10746bb08601d8,required_tokens + skeleton_family + delimiter_integrity + boolean_signal
PG_BOOL_R045_C04,PG_BOOL_R045,Y1,string_function,4,is_true_wrapper,6,=|IS|TRUE,"(LEFT(STR, INT) = STR) IS TRUE",606b8e6e62726c65efc94866,required_tokens + skeleton_family + delimiter_integrity + boolean_signal
PG_BOOL_R045_C05,PG_BOOL_R045,Y1,string_function,5,is_not_false_wrapper,6,=|FALSE|IS|NOT,"(LEFT(STR, INT) = STR) IS NOT FALSE",e01ac11a0f82115e1db7f979,required_tokens + skeleton_family + delimiter_integrity + boolean_signal
PG_BOOL_R045_C06,PG_BOOL_R045,Y1,string_function,6,case_boolean_wrapper,6,=|CASE|ELSE|END|FALSE|THEN|TRUE|WHEN,"CASE WHEN (LEFT(STR, INT) = STR) THEN TRUE ELSE FALSE END",2ce672b138e6b7ebc26b6fcf,required_tokens + skeleton_family + delimiter_integrity + boolean_signal
PG_BOOL_R045_C07,PG_BOOL_R045,Y1,string_function,7,and_true_guard,6,=|AND,"(LEFT(STR, INT) = STR) AND (INT = INT)",1dd43ecc3590ad3aeadc61fd,required_tokens + skeleton_family + delimiter_integrity + boolean_signal
PG_BOOL_R045_C08,PG_BOOL_R045,Y1,string_function,8,or_false_guard,6,<|<>|=|>|OR,"(LEFT(STR, INT) = STR) OR (INT <> INT)",72ee8e443344a951f0f92218,required_tokens + skeleton_family + delimiter_integrity + boolean_signal
PG_BOOL_R045_C09,PG_BOOL_R045,Y1,string_function,9,equals_true_wrapper,6,=|TRUE,"((LEFT(STR, INT) = STR) = TRUE)",30eae6fd589ba8667615c6a6,required_tokens + skeleton_family + delimiter_integrity + boolean_signal
PG_BOOL_R045_C10,PG_BOOL_R045,Y1,string_function,10,coalesce_false_wrapper,6,=|COALESCE|FALSE,"COALESCE((LEFT(STR, INT) = STR), FALSE)",94f2837de79bb002a82d35ef,required_tokens + skeleton_family + delimiter_integrity + boolean_signal
PG_BOOL_R046_C01,PG_BOOL_R046,Y1,arithmetic_expression,1,base_predicate,6,=,(INT + INT) = INT,f0e696c6c6506e0ea1e1162a,required_tokens + skeleton_family + delimiter_integrity + boolean_signal
PG_BOOL_R046_C02,PG_BOOL_R046,Y1,arithmetic_expression,2,parenthesized_predicate,6,=,((INT + INT) = INT),325ebfa808389a7729603748,required_tokens + skeleton_family + delimiter_integrity + boolean_signal
PG_BOOL_R046_C03,PG_BOOL_R046,Y1,arithmetic_expression,3,negated_inverse_predicate,6,=|NOT,NOT ((INT + INT) = INT),3f9dabe01b264d9d19d978fb,required_tokens + skeleton_family + delimiter_integrity + boolean_signal
PG_BOOL_R046_C04,PG_BOOL_R046,Y1,arithmetic_expression,4,is_true_wrapper,6,=|IS|TRUE,((INT + INT) = INT) IS TRUE,fc1858a4ddf9f2ee178704ce,required_tokens + skeleton_family + delimiter_integrity + boolean_signal
PG_BOOL_R046_C05,PG_BOOL_R046,Y1,arithmetic_expression,5,is_not_false_wrapper,6,=|FALSE|IS|NOT,((INT + INT) = INT) IS NOT FALSE,d1cdf84e39ba33b5ec29fb2a,required_tokens + skeleton_family + delimiter_integrity + boolean_signal
PG_BOOL_R046_C06,PG_BOOL_R046,Y1,arithmetic_expression,6,case_boolean_wrapper,6,=|CASE|ELSE|END|FALSE|THEN|TRUE|WHEN,CASE WHEN ((INT + INT) = INT) THEN TRUE ELSE FALSE END,a2f70bfbe6cb025fe77e2da7,required_tokens + skeleton_family + delimiter_integrity + boolean_signal
PG_BOOL_R046_C07,PG_BOOL_R046,Y1,arithmetic_expression,7,and_true_guard,6,=|AND,((INT + INT) = INT) AND (INT = INT),1d2482a77938513ce31c6d35,required_tokens + skeleton_family + delimiter_integrity + boolean_signal
PG_BOOL_R046_C08,PG_BOOL_R046,Y1,arithmetic_expression,8,or_false_guard,6,<|<>|=|>|OR,((INT + INT) = INT) OR (INT <> INT),326eaaa5a79103586ae11bc6,required_tokens + skeleton_family + delimiter_integrity + boolean_signal
PG_BOOL_R046_C09,PG_BOOL_R046,Y1,arithmetic_expression,9,equals_true_wrapper,6,=|TRUE,(((INT + INT) = INT) = TRUE),bf8493ee58741b0da82bdfc0,required_tokens + skeleton_family + delimiter_integrity + boolean_signal
PG_BOOL_R046_C10,PG_BOOL_R046,Y1,arithmetic_expression,10,coalesce_false_wrapper,6,=|COALESCE|FALSE,"COALESCE(((INT + INT) = INT), FALSE)",ce0f660eb6f2d0b52684aebd,required_tokens + skeleton_family + delimiter_integrity + boolean_signal
PG_BOOL_R047_C01,PG_BOOL_R047,Y1,arithmetic_expression,1,base_predicate,6,=,(INT - INT) = INT,721c1e88f4e09b25fdc6f740,required_tokens + skeleton_family + delimiter_integrity + boolean_signal
PG_BOOL_R047_C02,PG_BOOL_R047,Y1,arithmetic_expression,2,parenthesized_predicate,6,=,((INT - INT) = INT),4a6fe8ac7451bbd27d3219aa,required_tokens + skeleton_family + delimiter_integrity + boolean_signal
PG_BOOL_R047_C03,PG_BOOL_R047,Y1,arithmetic_expression,3,negated_inverse_predicate,6,=|NOT,NOT ((INT - INT) = -INT),901cbbd5c056577a242c9ee8,required_tokens + skeleton_family + delimiter_integrity + boolean_signal
PG_BOOL_R047_C04,PG_BOOL_R047,Y1,arithmetic_expression,4,is_true_wrapper,6,=|IS|TRUE,((INT - INT) = -INT) IS TRUE,b10d10a1046b49c67ea1c508,required_tokens + skeleton_family + delimiter_integrity + boolean_signal
PG_BOOL_R047_C05,PG_BOOL_R047,Y1,arithmetic_expression,5,is_not_false_wrapper,6,=|FALSE|IS|NOT,((INT - INT) = INT) IS NOT FALSE,955e717c87846411eb657087,required_tokens + skeleton_family + delimiter_integrity + boolean_signal
PG_BOOL_R047_C06,PG_BOOL_R047,Y1,arithmetic_expression,6,case_boolean_wrapper,6,=|CASE|ELSE|END|FALSE|THEN|TRUE|WHEN,CASE WHEN ((INT - INT) = INT) THEN TRUE ELSE FALSE END,f16ed98155d729ad8efecdaa,required_tokens + skeleton_family + delimiter_integrity + boolean_signal
PG_BOOL_R047_C07,PG_BOOL_R047,Y1,arithmetic_expression,7,and_true_guard,6,=|AND,((INT - INT) = INT) AND (INT = INT),f69a3a9f6ccd7f17cf696026,required_tokens + skeleton_family + delimiter_integrity + boolean_signal
PG_BOOL_R047_C08,PG_BOOL_R047,Y1,arithmetic_expression,8,or_false_guard,6,<|<>|=|>|OR,((INT - INT) = INT) OR (INT <> INT),07ddcfc7a07e56204d7a7bcf,required_tokens + skeleton_family + delimiter_integrity + boolean_signal
PG_BOOL_R047_C09,PG_BOOL_R047,Y1,arithmetic_expression,9,equals_true_wrapper,6,=|TRUE,(((INT - INT) = INT) = TRUE),168d3db9b3972b75b5b946b6,required_tokens + skeleton_family + delimiter_integrity + boolean_signal
PG_BOOL_R047_C10,PG_BOOL_R047,Y1,arithmetic_expression,10,coalesce_false_wrapper,6,=|COALESCE|FALSE,"COALESCE(((INT - INT) = INT), FALSE)",e39e66023bbdd40ab179a714,required_tokens + skeleton_family + delimiter_integrity + boolean_signal
PG_BOOL_R048_C01,PG_BOOL_R048,Y1,arithmetic_expression,1,base_predicate,6,=,(INT * INT) = INT,cc560e118dc3b8d00bd1487b,required_tokens + skeleton_family + delimiter_integrity + boolean_signal
PG_BOOL_R048_C02,PG_BOOL_R048,Y1,arithmetic_expression,2,parenthesized_predicate,6,=,((INT * INT) = INT),ba6d99df864f5bebae8fad67,required_tokens + skeleton_family + delimiter_integrity + boolean_signal
PG_BOOL_R048_C03,PG_BOOL_R048,Y1,arithmetic_expression,3,negated_inverse_predicate,6,=|NOT,NOT ((INT * INT) = INT),376c1c184d2cde4ffcd4ce62,required_tokens + skeleton_family + delimiter_integrity + boolean_signal
PG_BOOL_R048_C04,PG_BOOL_R048,Y1,arithmetic_expression,4,is_true_wrapper,6,=|IS|TRUE,((INT * INT) = INT) IS TRUE,5e279655ea4057e26ea96287,required_tokens + skeleton_family + delimiter_integrity + boolean_signal
PG_BOOL_R048_C05,PG_BOOL_R048,Y1,arithmetic_expression,5,is_not_false_wrapper,6,=|FALSE|IS|NOT,((INT * INT) = INT) IS NOT FALSE,93e6cc0a25f04da887e03c56,required_tokens + skeleton_family + delimiter_integrity + boolean_signal
PG_BOOL_R048_C06,PG_BOOL_R048,Y1,arithmetic_expression,6,case_boolean_wrapper,6,=|CASE|ELSE|END|FALSE|THEN|TRUE|WHEN,CASE WHEN ((INT * INT) = INT) THEN TRUE ELSE FALSE END,2310466040d2f268ba3c90d3,required_tokens + skeleton_family + delimiter_integrity + boolean_signal
PG_BOOL_R048_C07,PG_BOOL_R048,Y1,arithmetic_expression,7,and_true_guard,6,=|AND,((INT * INT) = INT) AND (INT = INT),50c8d5f321fb57a477b5956f,required_tokens + skeleton_family + delimiter_integrity + boolean_signal
PG_BOOL_R048_C08,PG_BOOL_R048,Y1,arithmetic_expression,8,or_false_guard,6,<|<>|=|>|OR,((INT * INT) = INT) OR (INT <> INT),828f32f46ee8a16f5929cc95,required_tokens + skeleton_family + delimiter_integrity + boolean_signal
PG_BOOL_R048_C09,PG_BOOL_R048,Y1,arithmetic_expression,9,equals_true_wrapper,6,=|TRUE,(((INT * INT) = INT) = TRUE),2879caaf9c87a5eac4c05658,required_tokens + skeleton_family + delimiter_integrity + boolean_signal
PG_BOOL_R048_C10,PG_BOOL_R048,Y1,arithmetic_expression,10,coalesce_false_wrapper,6,=|COALESCE|FALSE,"COALESCE(((INT * INT) = INT), FALSE)",4c7989dedd39cfc6d8134d5b,required_tokens + skeleton_family + delimiter_integrity + boolean_signal
PG_BOOL_R049_C01,PG_BOOL_R049,Y1,arithmetic_expression,1,base_predicate,6,=,(INT % INT) = INT,806b2a18801e551410b4ac8d,required_tokens + skeleton_family + delimiter_integrity + boolean_signal
PG_BOOL_R049_C02,PG_BOOL_R049,Y1,arithmetic_expression,2,parenthesized_predicate,6,=,((INT % INT) = INT),ec84d7e37f6f05cf96bd49f8,required_tokens + skeleton_family + delimiter_integrity + boolean_signal
PG_BOOL_R049_C03,PG_BOOL_R049,Y1,arithmetic_expression,3,negated_inverse_predicate,6,=|NOT,NOT ((INT % INT) = INT),e0959d39e6d01f41ea5e6d07,required_tokens + skeleton_family + delimiter_integrity + boolean_signal
PG_BOOL_R049_C04,PG_BOOL_R049,Y1,arithmetic_expression,4,is_true_wrapper,6,=|IS|TRUE,((INT % INT) = INT) IS TRUE,fa76e75d9e6bd6ef2e86510b,required_tokens + skeleton_family + delimiter_integrity + boolean_signal
PG_BOOL_R049_C05,PG_BOOL_R049,Y1,arithmetic_expression,5,is_not_false_wrapper,6,=|FALSE|IS|NOT,((INT % INT) = INT) IS NOT FALSE,5c0dfb9cdfe73d4dff18c1c7,required_tokens + skeleton_family + delimiter_integrity + boolean_signal
PG_BOOL_R049_C06,PG_BOOL_R049,Y1,arithmetic_expression,6,case_boolean_wrapper,6,=|CASE|ELSE|END|FALSE|THEN|TRUE|WHEN,CASE WHEN ((INT % INT) = INT) THEN TRUE ELSE FALSE END,e75d2fcec4eb7fbdabe76983,required_tokens + skeleton_family + delimiter_integrity + boolean_signal
PG_BOOL_R049_C07,PG_BOOL_R049,Y1,arithmetic_expression,7,and_true_guard,6,=|AND,((INT % INT) = INT) AND (INT = INT),1a992ea2629a6be3a9725d4a,required_tokens + skeleton_family + delimiter_integrity + boolean_signal
PG_BOOL_R049_C08,PG_BOOL_R049,Y1,arithmetic_expression,8,or_false_guard,6,<|<>|=|>|OR,((INT % INT) = INT) OR (INT <> INT),40a8529cda51ad328ec7297e,required_tokens + skeleton_family + delimiter_integrity + boolean_signal
PG_BOOL_R049_C09,PG_BOOL_R049,Y1,arithmetic_expression,9,equals_true_wrapper,6,=|TRUE,(((INT % INT) = INT) = TRUE),667a3db1c56c1d71c8e75460,required_tokens + skeleton_family + delimiter_integrity + boolean_signal
PG_BOOL_R049_C10,PG_BOOL_R049,Y1,arithmetic_expression,10,coalesce_false_wrapper,6,=|COALESCE|FALSE,"COALESCE(((INT % INT) = INT), FALSE)",b9a720a7f5817a1a9b57fd56,required_tokens + skeleton_family + delimiter_integrity + boolean_signal
PG_BOOL_R050_C01,PG_BOOL_R050,Y1,arithmetic_expression,1,base_predicate,6,>,((INT + INT) > INT),736abc8b5f3f5dc577bb5ba5,required_tokens + skeleton_family + delimiter_integrity + boolean_signal
PG_BOOL_R050_C02,PG_BOOL_R050,Y1,arithmetic_expression,2,parenthesized_predicate,6,>,(((INT + INT) > INT)),2fdf9becd28471f1f5409e30,required_tokens + skeleton_family + delimiter_integrity + boolean_signal
PG_BOOL_R050_C03,PG_BOOL_R050,Y1,arithmetic_expression,3,negated_inverse_predicate,6,>|NOT,NOT (((INT + INT) > INT)),24943c5f6d140b5297486b85,required_tokens + skeleton_family + delimiter_integrity + boolean_signal
PG_BOOL_R050_C04,PG_BOOL_R050,Y1,arithmetic_expression,4,is_true_wrapper,6,>|IS|TRUE,(((INT + INT) > INT)) IS TRUE,c65cd74dca301af8d0359e86,required_tokens + skeleton_family + delimiter_integrity + boolean_signal
PG_BOOL_R050_C05,PG_BOOL_R050,Y1,arithmetic_expression,5,is_not_false_wrapper,6,>|FALSE|IS|NOT,(((INT + INT) > INT)) IS NOT FALSE,b570b397c3213dfd96c95f02,required_tokens + skeleton_family + delimiter_integrity + boolean_signal
PG_BOOL_R050_C06,PG_BOOL_R050,Y1,arithmetic_expression,6,case_boolean_wrapper,6,>|CASE|ELSE|END|FALSE|THEN|TRUE|WHEN,CASE WHEN (((INT + INT) > INT)) THEN TRUE ELSE FALSE END,32485b84593bb231df2a5120,required_tokens + skeleton_family + delimiter_integrity + boolean_signal
PG_BOOL_R050_C07,PG_BOOL_R050,Y1,arithmetic_expression,7,and_true_guard,6,=|>|AND,(((INT + INT) > INT)) AND (INT = INT),1cd96e2f694231085ba7b8b3,required_tokens + skeleton_family + delimiter_integrity + boolean_signal
PG_BOOL_R050_C08,PG_BOOL_R050,Y1,arithmetic_expression,8,or_false_guard,6,<|<>|>|OR,(((INT + INT) > INT)) OR (INT <> INT),9615d2a77ce66e1bf59ebace,required_tokens + skeleton_family + delimiter_integrity + boolean_signal
PG_BOOL_R050_C09,PG_BOOL_R050,Y1,arithmetic_expression,9,equals_true_wrapper,6,=|>|TRUE,((((INT + INT) > INT)) = TRUE),3819eceab657be59b364ced2,required_tokens + skeleton_family + delimiter_integrity + boolean_signal
PG_BOOL_R050_C10,PG_BOOL_R050,Y1,arithmetic_expression,10,coalesce_false_wrapper,6,>|COALESCE|FALSE,"COALESCE((((INT + INT) > INT)), FALSE)",62c4c7012d41bc0b1047cad0,required_tokens + skeleton_family + delimiter_integrity + boolean_signal
PG_BOOL_R051_C01,PG_BOOL_R051,Y1,array_operator,1,base_predicate,6,>|@>|ARRAY,"ARRAY[INT, INT, INT] @> ARRAY[INT]",7b2a9660350249ba847be926,required_tokens + skeleton_family + delimiter_integrity + boolean_signal
PG_BOOL_R051_C02,PG_BOOL_R051,Y1,array_operator,2,parenthesized_predicate,6,>|@>|ARRAY,"(ARRAY[INT, INT, INT] @> ARRAY[INT])",e63a13d020c9062c18f31ca2,required_tokens + skeleton_family + delimiter_integrity + boolean_signal
PG_BOOL_R051_C03,PG_BOOL_R051,Y1,array_operator,3,negated_inverse_predicate,6,>|@>|ARRAY|NOT,"NOT (ARRAY[INT, INT, INT] @> ARRAY[INT])",64577eb3caffe2c99f0c9f3e,required_tokens + skeleton_family + delimiter_integrity + boolean_signal
PG_BOOL_R051_C04,PG_BOOL_R051,Y1,array_operator,4,is_true_wrapper,6,>|@>|ARRAY|IS|TRUE,"(ARRAY[INT, INT, INT] @> ARRAY[INT]) IS TRUE",e37e70a9cae56eb923c8a722,required_tokens + skeleton_family + delimiter_integrity + boolean_signal
PG_BOOL_R051_C05,PG_BOOL_R051,Y1,array_operator,5,is_not_false_wrapper,6,>|@>|ARRAY|FALSE|IS|NOT,"(ARRAY[INT, INT, INT] @> ARRAY[INT]) IS NOT FALSE",b87790ae4f0948fdfc6e4a05,required_tokens + skeleton_family + delimiter_integrity + boolean_signal
PG_BOOL_R051_C06,PG_BOOL_R051,Y1,array_operator,6,case_boolean_wrapper,6,>|@>|ARRAY|CASE|ELSE|END|FALSE|THEN|TRUE|WHEN,"CASE WHEN (ARRAY[INT, INT, INT] @> ARRAY[INT]) THEN TRUE ELSE FALSE END",e077f58783cb46e93402515c,required_tokens + skeleton_family + delimiter_integrity + boolean_signal
PG_BOOL_R051_C07,PG_BOOL_R051,Y1,array_operator,7,and_true_guard,6,=|>|@>|AND|ARRAY,"(ARRAY[INT, INT, INT] @> ARRAY[INT]) AND (INT = INT)",e47e88d9dd269660949760a9,required_tokens + skeleton_family + delimiter_integrity + boolean_signal
PG_BOOL_R051_C08,PG_BOOL_R051,Y1,array_operator,8,or_false_guard,6,<|<>|>|@>|ARRAY|OR,"(ARRAY[INT, INT, INT] @> ARRAY[INT]) OR (INT <> INT)",013ae330017ac2e10a4e2332,required_tokens + skeleton_family + delimiter_integrity + boolean_signal
PG_BOOL_R051_C09,PG_BOOL_R051,Y1,array_operator,9,equals_true_wrapper,6,=|>|@>|ARRAY|TRUE,"((ARRAY[INT, INT, INT] @> ARRAY[INT]) = TRUE)",f4e2c5bd0beca13106e18075,required_tokens + skeleton_family + delimiter_integrity + boolean_signal
PG_BOOL_R051_C10,PG_BOOL_R051,Y1,array_operator,10,coalesce_false_wrapper,6,>|@>|ARRAY|COALESCE|FALSE,"COALESCE((ARRAY[INT, INT, INT] @> ARRAY[INT]), FALSE)",9706edc07b3dae6b6a85ca99,required_tokens + skeleton_family + delimiter_integrity + boolean_signal
PG_BOOL_R052_C01,PG_BOOL_R052,Y1,array_operator,1,base_predicate,6,<|<@|ARRAY,"ARRAY[INT, INT] <@ ARRAY[INT, INT, INT]",520c114e11f847725df07017,required_tokens + skeleton_family + delimiter_integrity + boolean_signal
PG_BOOL_R052_C02,PG_BOOL_R052,Y1,array_operator,2,parenthesized_predicate,6,<|<@|ARRAY,"(ARRAY[INT, INT] <@ ARRAY[INT, INT, INT])",2b0182fa2590a9b9e3d2b1db,required_tokens + skeleton_family + delimiter_integrity + boolean_signal
PG_BOOL_R052_C03,PG_BOOL_R052,Y1,array_operator,3,negated_inverse_predicate,6,<|<@|ARRAY|NOT,"NOT (ARRAY[INT, INT] <@ ARRAY[INT, INT, INT])",03770ec060b3a1c479fb2776,required_tokens + skeleton_family + delimiter_integrity + boolean_signal
PG_BOOL_R052_C04,PG_BOOL_R052,Y1,array_operator,4,is_true_wrapper,6,<|<@|ARRAY|IS|TRUE,"(ARRAY[INT, INT] <@ ARRAY[INT, INT, INT]) IS TRUE",a02fe21892637884451c4cf6,required_tokens + skeleton_family + delimiter_integrity + boolean_signal
PG_BOOL_R052_C05,PG_BOOL_R052,Y1,array_operator,5,is_not_false_wrapper,6,<|<@|ARRAY|FALSE|IS|NOT,"(ARRAY[INT, INT] <@ ARRAY[INT, INT, INT]) IS NOT FALSE",66e497029202687b369d14dc,required_tokens + skeleton_family + delimiter_integrity + boolean_signal
PG_BOOL_R052_C06,PG_BOOL_R052,Y1,array_operator,6,case_boolean_wrapper,6,<|<@|ARRAY|CASE|ELSE|END|FALSE|THEN|TRUE|WHEN,"CASE WHEN (ARRAY[INT, INT] <@ ARRAY[INT, INT, INT]) THEN TRUE ELSE FALSE END",affd237b2447de2a7a430965,required_tokens + skeleton_family + delimiter_integrity + boolean_signal
PG_BOOL_R052_C07,PG_BOOL_R052,Y1,array_operator,7,and_true_guard,6,<|<@|=|AND|ARRAY,"(ARRAY[INT, INT] <@ ARRAY[INT, INT, INT]) AND (INT = INT)",c3ac1fa2c5306d0960b7f10d,required_tokens + skeleton_family + delimiter_integrity + boolean_signal
PG_BOOL_R052_C08,PG_BOOL_R052,Y1,array_operator,8,or_false_guard,6,<|<>|<@|>|ARRAY|OR,"(ARRAY[INT, INT] <@ ARRAY[INT, INT, INT]) OR (INT <> INT)",cd538b9898eeb97a929aede3,required_tokens + skeleton_family + delimiter_integrity + boolean_signal
PG_BOOL_R052_C09,PG_BOOL_R052,Y1,array_operator,9,equals_true_wrapper,6,<|<@|=|ARRAY|TRUE,"((ARRAY[INT, INT] <@ ARRAY[INT, INT, INT]) = TRUE)",e1c7017611507c309148ad8b,required_tokens + skeleton_family + delimiter_integrity + boolean_signal
PG_BOOL_R052_C10,PG_BOOL_R052,Y1,array_operator,10,coalesce_false_wrapper,6,<|<@|ARRAY|COALESCE|FALSE,"COALESCE((ARRAY[INT, INT] <@ ARRAY[INT, INT, INT]), FALSE)",accc0b498139886be1072a8f,required_tokens + skeleton_family + delimiter_integrity + boolean_signal
PG_BOOL_R053_C01,PG_BOOL_R053,Y1,array_operator,1,base_predicate,6,&&|ARRAY,"ARRAY[INT, INT] && ARRAY[INT, INT]",27020aa82fb8ec0252f79bc7,required_tokens + skeleton_family + delimiter_integrity + boolean_signal
PG_BOOL_R053_C02,PG_BOOL_R053,Y1,array_operator,2,parenthesized_predicate,6,&&|ARRAY,"(ARRAY[INT, INT] && ARRAY[INT, INT])",3e041563f903bdcc86147ed8,required_tokens + skeleton_family + delimiter_integrity + boolean_signal
PG_BOOL_R053_C03,PG_BOOL_R053,Y1,array_operator,3,negated_inverse_predicate,6,&&|ARRAY|NOT,"NOT (ARRAY[INT, INT] && ARRAY[INT, INT])",856c04aa91ca8362884379da,required_tokens + skeleton_family + delimiter_integrity + boolean_signal
PG_BOOL_R053_C04,PG_BOOL_R053,Y1,array_operator,4,is_true_wrapper,6,&&|ARRAY|IS|TRUE,"(ARRAY[INT, INT] && ARRAY[INT, INT]) IS TRUE",5148c3ce5ccdbad490ed553f,required_tokens + skeleton_family + delimiter_integrity + boolean_signal
PG_BOOL_R053_C05,PG_BOOL_R053,Y1,array_operator,5,is_not_false_wrapper,6,&&|ARRAY|FALSE|IS|NOT,"(ARRAY[INT, INT] && ARRAY[INT, INT]) IS NOT FALSE",2cf0cc458202216d2e81d82b,required_tokens + skeleton_family + delimiter_integrity + boolean_signal
PG_BOOL_R053_C06,PG_BOOL_R053,Y1,array_operator,6,case_boolean_wrapper,6,&&|ARRAY|CASE|ELSE|END|FALSE|THEN|TRUE|WHEN,"CASE WHEN (ARRAY[INT, INT] && ARRAY[INT, INT]) THEN TRUE ELSE FALSE END",25879e8cff4ec4d7dd510403,required_tokens + skeleton_family + delimiter_integrity + boolean_signal
PG_BOOL_R053_C07,PG_BOOL_R053,Y1,array_operator,7,and_true_guard,6,&&|=|AND|ARRAY,"(ARRAY[INT, INT] && ARRAY[INT, INT]) AND (INT = INT)",a4d34d11374898f330e71b93,required_tokens + skeleton_family + delimiter_integrity + boolean_signal
PG_BOOL_R053_C08,PG_BOOL_R053,Y1,array_operator,8,or_false_guard,6,&&|<|<>|>|ARRAY|OR,"(ARRAY[INT, INT] && ARRAY[INT, INT]) OR (INT <> INT)",017ca0dfe5100492086e3918,required_tokens + skeleton_family + delimiter_integrity + boolean_signal
PG_BOOL_R053_C09,PG_BOOL_R053,Y1,array_operator,9,equals_true_wrapper,6,&&|=|ARRAY|TRUE,"((ARRAY[INT, INT] && ARRAY[INT, INT]) = TRUE)",c6393a33f4383592a676d975,required_tokens + skeleton_family + delimiter_integrity + boolean_signal
PG_BOOL_R053_C10,PG_BOOL_R053,Y1,array_operator,10,coalesce_false_wrapper,6,&&|ARRAY|COALESCE|FALSE,"COALESCE((ARRAY[INT, INT] && ARRAY[INT, INT]), FALSE)",798524fc0b05dc2a6d95f2b2,required_tokens + skeleton_family + delimiter_integrity + boolean_signal
PG_BOOL_R054_C01,PG_BOOL_R054,Y1,array_operator,1,base_predicate,6,=|ARRAY,"ARRAY_LENGTH(ARRAY[INT, INT, INT], INT) = INT",5a04f7fc9c7cb56d9d118ba1,required_tokens + skeleton_family + delimiter_integrity + boolean_signal
PG_BOOL_R054_C02,PG_BOOL_R054,Y1,array_operator,2,parenthesized_predicate,6,=|ARRAY,"(ARRAY_LENGTH(ARRAY[INT, INT, INT], INT) = INT)",9528f3a26a49ced3657c8e9f,required_tokens + skeleton_family + delimiter_integrity + boolean_signal
PG_BOOL_R054_C03,PG_BOOL_R054,Y1,array_operator,3,negated_inverse_predicate,6,=|ARRAY|NOT,"NOT (ARRAY_LENGTH(ARRAY[INT, INT, INT], INT) = INT)",a92879adcff80b3a8a9cb4e3,required_tokens + skeleton_family + delimiter_integrity + boolean_signal
PG_BOOL_R054_C04,PG_BOOL_R054,Y1,array_operator,4,is_true_wrapper,6,=|ARRAY|IS|TRUE,"(ARRAY_LENGTH(ARRAY[INT, INT, INT], INT) = INT) IS TRUE",8e4392090fb896d61c3c58f1,required_tokens + skeleton_family + delimiter_integrity + boolean_signal
PG_BOOL_R054_C05,PG_BOOL_R054,Y1,array_operator,5,is_not_false_wrapper,6,=|ARRAY|FALSE|IS|NOT,"(ARRAY_LENGTH(ARRAY[INT, INT, INT], INT) = INT) IS NOT FALSE",001709180df1f91922bef899,required_tokens + skeleton_family + delimiter_integrity + boolean_signal
PG_BOOL_R054_C06,PG_BOOL_R054,Y1,array_operator,6,case_boolean_wrapper,6,=|ARRAY|CASE|ELSE|END|FALSE|THEN|TRUE|WHEN,"CASE WHEN (ARRAY_LENGTH(ARRAY[INT, INT, INT], INT) = INT) THEN TRUE ELSE FALSE END",5d42bf509aa30dfaab8c1a4e,required_tokens + skeleton_family + delimiter_integrity + boolean_signal
PG_BOOL_R054_C07,PG_BOOL_R054,Y1,array_operator,7,and_true_guard,6,=|AND|ARRAY,"(ARRAY_LENGTH(ARRAY[INT, INT, INT], INT) = INT) AND (INT = INT)",d7d10be865b897bdf35d11d4,required_tokens + skeleton_family + delimiter_integrity + boolean_signal
PG_BOOL_R054_C08,PG_BOOL_R054,Y1,array_operator,8,or_false_guard,6,<|<>|=|>|ARRAY|OR,"(ARRAY_LENGTH(ARRAY[INT, INT, INT], INT) = INT) OR (INT <> INT)",bbdc2c79d8392390faf472bf,required_tokens + skeleton_family + delimiter_integrity + boolean_signal
PG_BOOL_R054_C09,PG_BOOL_R054,Y1,array_operator,9,equals_true_wrapper,6,=|ARRAY|TRUE,"((ARRAY_LENGTH(ARRAY[INT, INT, INT], INT) = INT) = TRUE)",ccbde8732d97f01903819734,required_tokens + skeleton_family + delimiter_integrity + boolean_signal
PG_BOOL_R054_C10,PG_BOOL_R054,Y1,array_operator,10,coalesce_false_wrapper,6,=|ARRAY|COALESCE|FALSE,"COALESCE((ARRAY_LENGTH(ARRAY[INT, INT, INT], INT) = INT), FALSE)",ff7259109aa005176d5030e0,required_tokens + skeleton_family + delimiter_integrity + boolean_signal
PG_BOOL_R055_C01,PG_BOOL_R055,Y1,array_operator,1,base_predicate,6,=|ANY|ARRAY,"INT = ANY(ARRAY[INT, INT, INT])",ead8dd83d98111606f815c77,required_tokens + skeleton_family + delimiter_integrity + boolean_signal
PG_BOOL_R055_C02,PG_BOOL_R055,Y1,array_operator,2,parenthesized_predicate,6,=|ANY|ARRAY,"(INT = ANY(ARRAY[INT, INT, INT]))",d3efa7c5c5c883d5d9a634c3,required_tokens + skeleton_family + delimiter_integrity + boolean_signal
PG_BOOL_R055_C03,PG_BOOL_R055,Y1,array_operator,3,negated_inverse_predicate,6,=|ANY|ARRAY|NOT,"NOT (INT = ANY(ARRAY[INT, INT, INT]))",5dd44a616e13b4ae2fa0338f,required_tokens + skeleton_family + delimiter_integrity + boolean_signal
PG_BOOL_R055_C04,PG_BOOL_R055,Y1,array_operator,4,is_true_wrapper,6,=|ANY|ARRAY|IS|TRUE,"(INT = ANY(ARRAY[INT, INT, INT])) IS TRUE",5ac3adfe6703b0e6e44d3f52,required_tokens + skeleton_family + delimiter_integrity + boolean_signal
PG_BOOL_R055_C05,PG_BOOL_R055,Y1,array_operator,5,is_not_false_wrapper,6,=|ANY|ARRAY|FALSE|IS|NOT,"(INT = ANY(ARRAY[INT, INT, INT])) IS NOT FALSE",f9246a17598febf5cd9e5a87,required_tokens + skeleton_family + delimiter_integrity + boolean_signal
PG_BOOL_R055_C06,PG_BOOL_R055,Y1,array_operator,6,case_boolean_wrapper,6,=|ANY|ARRAY|CASE|ELSE|END|FALSE|THEN|TRUE|WHEN,"CASE WHEN (INT = ANY(ARRAY[INT, INT, INT])) THEN TRUE ELSE FALSE END",670c60247910a60093813e96,required_tokens + skeleton_family + delimiter_integrity + boolean_signal
PG_BOOL_R055_C07,PG_BOOL_R055,Y1,array_operator,7,and_true_guard,6,=|AND|ANY|ARRAY,"(INT = ANY(ARRAY[INT, INT, INT])) AND (INT = INT)",08fa1a073777a8ed76103a56,required_tokens + skeleton_family + delimiter_integrity + boolean_signal
PG_BOOL_R055_C08,PG_BOOL_R055,Y1,array_operator,8,or_false_guard,6,<|<>|=|>|ANY|ARRAY|OR,"(INT = ANY(ARRAY[INT, INT, INT])) OR (INT <> INT)",5139bff3684461b906340a1c,required_tokens + skeleton_family + delimiter_integrity + boolean_signal
PG_BOOL_R055_C09,PG_BOOL_R055,Y1,array_operator,9,equals_true_wrapper,6,=|ANY|ARRAY|TRUE,"((INT = ANY(ARRAY[INT, INT, INT])) = TRUE)",8b4293a26e4680feb87f79f6,required_tokens + skeleton_family + delimiter_integrity + boolean_signal
PG_BOOL_R055_C10,PG_BOOL_R055,Y1,array_operator,10,coalesce_false_wrapper,6,=|ANY|ARRAY|COALESCE|FALSE,"COALESCE((INT = ANY(ARRAY[INT, INT, INT])), FALSE)",5d802fb22c2d2d115ef3ea36,required_tokens + skeleton_family + delimiter_integrity + boolean_signal
PG_BOOL_R056_C01,PG_BOOL_R056,Y1,row_comparison,1,base_predicate,6,=|ROW,"ROW(INT, STR) = ROW(INT, STR)",59fb2a421a8bad1688db3f9b,required_tokens + skeleton_family + delimiter_integrity + boolean_signal
PG_BOOL_R056_C02,PG_BOOL_R056,Y1,row_comparison,2,parenthesized_predicate,6,=|ROW,"(ROW(INT, STR) = ROW(INT, STR))",ada6584761bb903e22e0559f,required_tokens + skeleton_family + delimiter_integrity + boolean_signal
PG_BOOL_R056_C03,PG_BOOL_R056,Y1,row_comparison,3,negated_inverse_predicate,6,=|NOT|ROW,"NOT (ROW(INT, STR) = ROW(INT, STR))",e1e66455638053cd28ba92dd,required_tokens + skeleton_family + delimiter_integrity + boolean_signal
PG_BOOL_R056_C04,PG_BOOL_R056,Y1,row_comparison,4,is_true_wrapper,6,=|IS|ROW|TRUE,"(ROW(INT, STR) = ROW(INT, STR)) IS TRUE",f3413a8c6ad884abe93b7a8a,required_tokens + skeleton_family + delimiter_integrity + boolean_signal
PG_BOOL_R056_C05,PG_BOOL_R056,Y1,row_comparison,5,is_not_false_wrapper,6,=|FALSE|IS|NOT|ROW,"(ROW(INT, STR) = ROW(INT, STR)) IS NOT FALSE",d78aa086acb90c856006acf6,required_tokens + skeleton_family + delimiter_integrity + boolean_signal
PG_BOOL_R056_C06,PG_BOOL_R056,Y1,row_comparison,6,case_boolean_wrapper,6,=|CASE|ELSE|END|FALSE|ROW|THEN|TRUE|WHEN,"CASE WHEN (ROW(INT, STR) = ROW(INT, STR)) THEN TRUE ELSE FALSE END",f7b966a7eada9dd55d5c9493,required_tokens + skeleton_family + delimiter_integrity + boolean_signal
PG_BOOL_R056_C07,PG_BOOL_R056,Y1,row_comparison,7,and_true_guard,6,=|AND|ROW,"(ROW(INT, STR) = ROW(INT, STR)) AND (INT = INT)",7386bb66d0a60f112b9fb6d5,required_tokens + skeleton_family + delimiter_integrity + boolean_signal
PG_BOOL_R056_C08,PG_BOOL_R056,Y1,row_comparison,8,or_false_guard,6,<|<>|=|>|OR|ROW,"(ROW(INT, STR) = ROW(INT, STR)) OR (INT <> INT)",2f1c4cf5ecc6f3e56fdc63d9,required_tokens + skeleton_family + delimiter_integrity + boolean_signal
PG_BOOL_R056_C09,PG_BOOL_R056,Y1,row_comparison,9,equals_true_wrapper,6,=|ROW|TRUE,"((ROW(INT, STR) = ROW(INT, STR)) = TRUE)",faf240ed88114009b8aa204d,required_tokens + skeleton_family + delimiter_integrity + boolean_signal
PG_BOOL_R056_C10,PG_BOOL_R056,Y1,row_comparison,10,coalesce_false_wrapper,6,=|COALESCE|FALSE|ROW,"COALESCE((ROW(INT, STR) = ROW(INT, STR)), FALSE)",d373b577f39170ca3ac52dec,required_tokens + skeleton_family + delimiter_integrity + boolean_signal
PG_BOOL_R057_C01,PG_BOOL_R057,Y1,row_comparison,1,base_predicate,6,<|<>|>|ROW,"ROW(INT, INT) <> ROW(INT, INT)",3ca3292491b36343c7e9a1ba,required_tokens + skeleton_family + delimiter_integrity + boolean_signal
PG_BOOL_R057_C02,PG_BOOL_R057,Y1,row_comparison,2,parenthesized_predicate,6,<|<>|>|ROW,"(ROW(INT, INT) <> ROW(INT, INT))",21dcfc2bdf2fe021a7db8258,required_tokens + skeleton_family + delimiter_integrity + boolean_signal
PG_BOOL_R057_C03,PG_BOOL_R057,Y1,row_comparison,3,negated_inverse_predicate,6,<|<>|>|NOT|ROW,"NOT (ROW(INT, INT) <> ROW(INT, INT))",ff052dfae9a48d11964acd39,required_tokens + skeleton_family + delimiter_integrity + boolean_signal
PG_BOOL_R057_C04,PG_BOOL_R057,Y1,row_comparison,4,is_true_wrapper,6,<|<>|>|IS|ROW|TRUE,"(ROW(INT, INT) <> ROW(INT, INT)) IS TRUE",5eea565d67f34e287a155669,required_tokens + skeleton_family + delimiter_integrity + boolean_signal
PG_BOOL_R057_C05,PG_BOOL_R057,Y1,row_comparison,5,is_not_false_wrapper,6,<|<>|>|FALSE|IS|NOT|ROW,"(ROW(INT, INT) <> ROW(INT, INT)) IS NOT FALSE",81bfe3dc0bdadd4cf6c81b89,required_tokens + skeleton_family + delimiter_integrity + boolean_signal
PG_BOOL_R057_C06,PG_BOOL_R057,Y1,row_comparison,6,case_boolean_wrapper,6,<|<>|>|CASE|ELSE|END|FALSE|ROW|THEN|TRUE|WHEN,"CASE WHEN (ROW(INT, INT) <> ROW(INT, INT)) THEN TRUE ELSE FALSE END",d13e44c76e3ba719b14405e1,required_tokens + skeleton_family + delimiter_integrity + boolean_signal
PG_BOOL_R057_C07,PG_BOOL_R057,Y1,row_comparison,7,and_true_guard,6,<|<>|=|>|AND|ROW,"(ROW(INT, INT) <> ROW(INT, INT)) AND (INT = INT)",e13508b618ab4b16fdaaaac0,required_tokens + skeleton_family + delimiter_integrity + boolean_signal
PG_BOOL_R057_C08,PG_BOOL_R057,Y1,row_comparison,8,or_false_guard,6,<|<>|>|OR|ROW,"(ROW(INT, INT) <> ROW(INT, INT)) OR (INT <> INT)",a50c6cda37bf3c1e5bf770b7,required_tokens + skeleton_family + delimiter_integrity + boolean_signal
PG_BOOL_R057_C09,PG_BOOL_R057,Y1,row_comparison,9,equals_true_wrapper,6,<|<>|=|>|ROW|TRUE,"((ROW(INT, INT) <> ROW(INT, INT)) = TRUE)",73976763078789581fe00897,required_tokens + skeleton_family + delimiter_integrity + boolean_signal
PG_BOOL_R057_C10,PG_BOOL_R057,Y1,row_comparison,10,coalesce_false_wrapper,6,<|<>|>|COALESCE|FALSE|ROW,"COALESCE((ROW(INT, INT) <> ROW(INT, INT)), FALSE)",5ab7a02c95713e20b2122df7,required_tokens + skeleton_family + delimiter_integrity + boolean_signal
PG_BOOL_R058_C01,PG_BOOL_R058,Y1,row_comparison,1,base_predicate,6,DISTINCT|FROM|IS|ROW,"ROW(INT, STR) IS DISTINCT FROM ROW(INT, STR)",449dd20515ec558b5b110485,required_tokens + skeleton_family + delimiter_integrity + boolean_signal
PG_BOOL_R058_C02,PG_BOOL_R058,Y1,row_comparison,2,parenthesized_predicate,6,DISTINCT|FROM|IS|ROW,"(ROW(INT, STR) IS DISTINCT FROM ROW(INT, STR))",ad5ba82f198efd653329abeb,required_tokens + skeleton_family + delimiter_integrity + boolean_signal
PG_BOOL_R058_C03,PG_BOOL_R058,Y1,row_comparison,3,negated_inverse_predicate,6,DISTINCT|FROM|IS|NOT|ROW,"NOT (ROW(INT, STR) IS NOT DISTINCT FROM ROW(INT, STR))",ee4cf3c801b3c758b0be322b,required_tokens + skeleton_family + delimiter_integrity + boolean_signal
PG_BOOL_R058_C04,PG_BOOL_R058,Y1,row_comparison,4,is_true_wrapper,6,DISTINCT|FROM|IS|ROW|TRUE,"(ROW(INT, STR) IS DISTINCT FROM ROW(INT, STR)) IS TRUE",58cdbad6976ec808bebcb1d5,required_tokens + skeleton_family + delimiter_integrity + boolean_signal
PG_BOOL_R058_C05,PG_BOOL_R058,Y1,row_comparison,5,is_not_false_wrapper,6,DISTINCT|FALSE|FROM|IS|NOT|ROW,"(ROW(INT, STR) IS DISTINCT FROM ROW(INT, STR)) IS NOT FALSE",20f27c93733ba8beac8cdc03,required_tokens + skeleton_family + delimiter_integrity + boolean_signal
PG_BOOL_R058_C06,PG_BOOL_R058,Y1,row_comparison,6,case_boolean_wrapper,6,CASE|DISTINCT|ELSE|END|FALSE|FROM|IS|ROW|THEN|TRUE|WHEN,"CASE WHEN (ROW(INT, STR) IS DISTINCT FROM ROW(INT, STR)) THEN TRUE ELSE FALSE END",acab325239528786b2fce41d,required_tokens + skeleton_family + delimiter_integrity + boolean_signal
PG_BOOL_R058_C07,PG_BOOL_R058,Y1,row_comparison,7,and_true_guard,6,=|AND|DISTINCT|FROM|IS|ROW,"(ROW(INT, STR) IS DISTINCT FROM ROW(INT, STR)) AND (INT = INT)",a9f121cd8e1a49956b2f70a9,required_tokens + skeleton_family + delimiter_integrity + boolean_signal
PG_BOOL_R058_C08,PG_BOOL_R058,Y1,row_comparison,8,or_false_guard,6,<|<>|>|DISTINCT|FROM|IS|OR|ROW,"(ROW(INT, STR) IS DISTINCT FROM ROW(INT, STR)) OR (INT <> INT)",c84b0a462c5edac3cce0b144,required_tokens + skeleton_family + delimiter_integrity + boolean_signal
PG_BOOL_R058_C09,PG_BOOL_R058,Y1,row_comparison,9,equals_true_wrapper,6,=|DISTINCT|FROM|IS|ROW|TRUE,"((ROW(INT, STR) IS DISTINCT FROM ROW(INT, STR)) = TRUE)",84b9d60575860ffecac86f98,required_tokens + skeleton_family + delimiter_integrity + boolean_signal
PG_BOOL_R058_C10,PG_BOOL_R058,Y1,row_comparison,10,coalesce_false_wrapper,6,COALESCE|DISTINCT|FALSE|FROM|IS|ROW,"COALESCE((ROW(INT, STR) IS DISTINCT FROM ROW(INT, STR)), FALSE)",94276d77c256e1b0907c7808,required_tokens + skeleton_family + delimiter_integrity + boolean_signal
PG_BOOL_R059_C01,PG_BOOL_R059,Y1,row_comparison,1,base_predicate,6,<|ROW,"ROW(INT, INT) < ROW(INT, INT)",8117382ae93a7ea5bb61c2bc,required_tokens + skeleton_family + delimiter_integrity + boolean_signal
PG_BOOL_R059_C02,PG_BOOL_R059,Y1,row_comparison,2,parenthesized_predicate,6,<|ROW,"(ROW(INT, INT) < ROW(INT, INT))",f681e154d02c8cfc3d13c769,required_tokens + skeleton_family + delimiter_integrity + boolean_signal
PG_BOOL_R059_C03,PG_BOOL_R059,Y1,row_comparison,3,negated_inverse_predicate,6,<|NOT|ROW,"NOT (ROW(INT, INT) < ROW(INT, INT))",4ca7c44d304a9ce1450ed876,required_tokens + skeleton_family + delimiter_integrity + boolean_signal
PG_BOOL_R059_C04,PG_BOOL_R059,Y1,row_comparison,4,is_true_wrapper,6,<|IS|ROW|TRUE,"(ROW(INT, INT) < ROW(INT, INT)) IS TRUE",0ae153ef77da8fc412f4419e,required_tokens + skeleton_family + delimiter_integrity + boolean_signal
PG_BOOL_R059_C05,PG_BOOL_R059,Y1,row_comparison,5,is_not_false_wrapper,6,<|FALSE|IS|NOT|ROW,"(ROW(INT, INT) < ROW(INT, INT)) IS NOT FALSE",5a4fe865c189cccadda8794d,required_tokens + skeleton_family + delimiter_integrity + boolean_signal
PG_BOOL_R059_C06,PG_BOOL_R059,Y1,row_comparison,6,case_boolean_wrapper,6,<|CASE|ELSE|END|FALSE|ROW|THEN|TRUE|WHEN,"CASE WHEN (ROW(INT, INT) < ROW(INT, INT)) THEN TRUE ELSE FALSE END",9aac3816a9801e05cc3ad666,required_tokens + skeleton_family + delimiter_integrity + boolean_signal
PG_BOOL_R059_C07,PG_BOOL_R059,Y1,row_comparison,7,and_true_guard,6,<|=|AND|ROW,"(ROW(INT, INT) < ROW(INT, INT)) AND (INT = INT)",1898592e48fa74eef9ae6b3a,required_tokens + skeleton_family + delimiter_integrity + boolean_signal
PG_BOOL_R059_C08,PG_BOOL_R059,Y1,row_comparison,8,or_false_guard,6,<|<>|>|OR|ROW,"(ROW(INT, INT) < ROW(INT, INT)) OR (INT <> INT)",cc841abbd77cc3ac7c0b1e08,required_tokens + skeleton_family + delimiter_integrity + boolean_signal
PG_BOOL_R059_C09,PG_BOOL_R059,Y1,row_comparison,9,equals_true_wrapper,6,<|=|ROW|TRUE,"((ROW(INT, INT) < ROW(INT, INT)) = TRUE)",aa6865237331e53e2cddefa5,required_tokens + skeleton_family + delimiter_integrity + boolean_signal
PG_BOOL_R059_C10,PG_BOOL_R059,Y1,row_comparison,10,coalesce_false_wrapper,6,<|COALESCE|FALSE|ROW,"COALESCE((ROW(INT, INT) < ROW(INT, INT)), FALSE)",fb25fe73606f9d96d39f10be,required_tokens + skeleton_family + delimiter_integrity + boolean_signal
PG_BOOL_R060_C01,PG_BOOL_R060,Y1,row_comparison,1,base_predicate,6,DISTINCT|FROM|IS|NOT|ROW,"ROW(INT, STR) IS NOT DISTINCT FROM ROW(INT, STR)",a6ecb1c5b7c10ac31bdc2645,required_tokens + skeleton_family + delimiter_integrity + boolean_signal
PG_BOOL_R060_C02,PG_BOOL_R060,Y1,row_comparison,2,parenthesized_predicate,6,DISTINCT|FROM|IS|NOT|ROW,"(ROW(INT, STR) IS NOT DISTINCT FROM ROW(INT, STR))",696c9afc8bb1a26a5185e4fb,required_tokens + skeleton_family + delimiter_integrity + boolean_signal
PG_BOOL_R060_C03,PG_BOOL_R060,Y1,row_comparison,3,negated_inverse_predicate,6,DISTINCT|FROM|IS|NOT|ROW,"NOT (ROW(INT, STR) IS DISTINCT FROM ROW(INT, STR))",bf7a231ea4fdeb1b1d2c974e,required_tokens + skeleton_family + delimiter_integrity + boolean_signal
PG_BOOL_R060_C04,PG_BOOL_R060,Y1,row_comparison,4,is_true_wrapper,6,DISTINCT|FROM|IS|NOT|ROW|TRUE,"(ROW(INT, STR) IS NOT DISTINCT FROM ROW(INT, STR)) IS TRUE",16b04ab258cc903133ff047a,required_tokens + skeleton_family + delimiter_integrity + boolean_signal
PG_BOOL_R060_C05,PG_BOOL_R060,Y1,row_comparison,5,is_not_false_wrapper,6,DISTINCT|FALSE|FROM|IS|NOT|ROW,"(ROW(INT, STR) IS NOT DISTINCT FROM ROW(INT, STR)) IS NOT FALSE",0b810bfb9f1846b0a78e318c,required_tokens + skeleton_family + delimiter_integrity + boolean_signal
PG_BOOL_R060_C06,PG_BOOL_R060,Y1,row_comparison,6,case_boolean_wrapper,6,CASE|DISTINCT|ELSE|END|FALSE|FROM|IS|NOT|ROW|THEN|TRUE|WHEN,"CASE WHEN (ROW(INT, STR) IS NOT DISTINCT FROM ROW(INT, STR)) THEN TRUE ELSE FALSE END",047cfff1b7f2466ca983f1a9,required_tokens + skeleton_family + delimiter_integrity + boolean_signal
PG_BOOL_R060_C07,PG_BOOL_R060,Y1,row_comparison,7,and_true_guard,6,=|AND|DISTINCT|FROM|IS|NOT|ROW,"(ROW(INT, STR) IS NOT DISTINCT FROM ROW(INT, STR)) AND (INT = INT)",92f848b46faa888011300ea0,required_tokens + skeleton_family + delimiter_integrity + boolean_signal
PG_BOOL_R060_C08,PG_BOOL_R060,Y1,row_comparison,8,or_false_guard,6,<|<>|>|DISTINCT|FROM|IS|NOT|OR|ROW,"(ROW(INT, STR) IS NOT DISTINCT FROM ROW(INT, STR)) OR (INT <> INT)",cab48a41abf29516a883e4ef,required_tokens + skeleton_family + delimiter_integrity + boolean_signal
PG_BOOL_R060_C09,PG_BOOL_R060,Y1,row_comparison,9,equals_true_wrapper,6,=|DISTINCT|FROM|IS|NOT|ROW|TRUE,"((ROW(INT, STR) IS NOT DISTINCT FROM ROW(INT, STR)) = TRUE)",79afe90396a7a6c9bd6e2bf7,required_tokens + skeleton_family + delimiter_integrity + boolean_signal
PG_BOOL_R060_C10,PG_BOOL_R060,Y1,row_comparison,10,coalesce_false_wrapper,6,COALESCE|DISTINCT|FALSE|FROM|IS|NOT|ROW,"COALESCE((ROW(INT, STR) IS NOT DISTINCT FROM ROW(INT, STR)), FALSE)",0d96e5b606f8717ae4f8714a,required_tokens + skeleton_family + delimiter_integrity + boolean_signal
PG_BOOL_R061_C01,PG_BOOL_R061,Y1,conditional_expression,1,base_predicate,6,=|CASE|ELSE|END|THEN|WHEN,CASE WHEN INT = INT THEN STR ELSE STR END = STR,7be54d2d7f3ab7aed6c52d47,required_tokens + skeleton_family + delimiter_integrity + boolean_signal
PG_BOOL_R061_C02,PG_BOOL_R061,Y1,conditional_expression,2,parenthesized_predicate,6,=|CASE|ELSE|END|THEN|WHEN,(CASE WHEN INT = INT THEN STR ELSE STR END = STR),d3c9f223dddcf07e0933e79b,required_tokens + skeleton_family + delimiter_integrity + boolean_signal
PG_BOOL_R061_C03,PG_BOOL_R061,Y1,conditional_expression,3,negated_inverse_predicate,6,=|CASE|ELSE|END|NOT|THEN|WHEN,NOT (CASE WHEN INT = INT THEN STR ELSE STR END = STR),0ae43d30264b9a201f6e9ef1,required_tokens + skeleton_family + delimiter_integrity + boolean_signal
PG_BOOL_R061_C04,PG_BOOL_R061,Y1,conditional_expression,4,is_true_wrapper,6,=|CASE|ELSE|END|IS|THEN|TRUE|WHEN,(CASE WHEN INT = INT THEN STR ELSE STR END = STR) IS TRUE,5e59dc836d961b2ab2ceb153,required_tokens + skeleton_family + delimiter_integrity + boolean_signal
PG_BOOL_R061_C05,PG_BOOL_R061,Y1,conditional_expression,5,is_not_false_wrapper,6,=|CASE|ELSE|END|FALSE|IS|NOT|THEN|WHEN,(CASE WHEN INT = INT THEN STR ELSE STR END = STR) IS NOT FALSE,049c7c014f899cf79ac5324e,required_tokens + skeleton_family + delimiter_integrity + boolean_signal
PG_BOOL_R061_C06,PG_BOOL_R061,Y1,conditional_expression,6,case_boolean_wrapper,6,=|CASE|ELSE|END|FALSE|THEN|TRUE|WHEN,CASE WHEN (CASE WHEN INT = INT THEN STR ELSE STR END = STR) THEN TRUE ELSE FALSE END,e874858bc228770321b4d65a,required_tokens + skeleton_family + delimiter_integrity + boolean_signal
PG_BOOL_R061_C07,PG_BOOL_R061,Y1,conditional_expression,7,and_true_guard,6,=|AND|CASE|ELSE|END|THEN|WHEN,(CASE WHEN INT = INT THEN STR ELSE STR END = STR) AND (INT = INT),e0d28885c68fb55a49e65f77,required_tokens + skeleton_family + delimiter_integrity + boolean_signal
PG_BOOL_R061_C08,PG_BOOL_R061,Y1,conditional_expression,8,or_false_guard,6,<|<>|=|>|CASE|ELSE|END|OR|THEN|WHEN,(CASE WHEN INT = INT THEN STR ELSE STR END = STR) OR (INT <> INT),00e540c51e49785bc127e23f,required_tokens + skeleton_family + delimiter_integrity + boolean_signal
PG_BOOL_R061_C09,PG_BOOL_R061,Y1,conditional_expression,9,equals_true_wrapper,6,=|CASE|ELSE|END|THEN|TRUE|WHEN,((CASE WHEN INT = INT THEN STR ELSE STR END = STR) = TRUE),ffada57582a9f059a2c17061,required_tokens + skeleton_family + delimiter_integrity + boolean_signal
PG_BOOL_R061_C10,PG_BOOL_R061,Y1,conditional_expression,10,coalesce_false_wrapper,6,=|CASE|COALESCE|ELSE|END|FALSE|THEN|WHEN,"COALESCE((CASE WHEN INT = INT THEN STR ELSE STR END = STR), FALSE)",061dcfa1db26cc0cb498f5db,required_tokens + skeleton_family + delimiter_integrity + boolean_signal
PG_BOOL_R062_C01,PG_BOOL_R062,Y1,conditional_expression,1,base_predicate,6,<|<>|=|>|CASE|ELSE|END|THEN|WHEN,CASE WHEN INT <> INT THEN INT ELSE INT END = INT,6a2aaf5da118d0e0f4caa88c,required_tokens + skeleton_family + delimiter_integrity + boolean_signal
PG_BOOL_R062_C02,PG_BOOL_R062,Y1,conditional_expression,2,parenthesized_predicate,6,<|<>|=|>|CASE|ELSE|END|THEN|WHEN,(CASE WHEN INT <> INT THEN INT ELSE INT END = INT),ca570730e4fa1da18539edd2,required_tokens + skeleton_family + delimiter_integrity + boolean_signal
PG_BOOL_R062_C03,PG_BOOL_R062,Y1,conditional_expression,3,negated_inverse_predicate,6,<|<>|=|>|CASE|ELSE|END|NOT|THEN|WHEN,NOT (CASE WHEN INT <> INT THEN INT ELSE INT END = INT),ce7be4729ef4f535beaf4ec5,required_tokens + skeleton_family + delimiter_integrity + boolean_signal
PG_BOOL_R062_C04,PG_BOOL_R062,Y1,conditional_expression,4,is_true_wrapper,6,<|<>|=|>|CASE|ELSE|END|IS|THEN|TRUE|WHEN,(CASE WHEN INT <> INT THEN INT ELSE INT END = INT) IS TRUE,63699e40b268eeb95b2dbe2e,required_tokens + skeleton_family + delimiter_integrity + boolean_signal
PG_BOOL_R062_C05,PG_BOOL_R062,Y1,conditional_expression,5,is_not_false_wrapper,6,<|<>|=|>|CASE|ELSE|END|FALSE|IS|NOT|THEN|WHEN,(CASE WHEN INT <> INT THEN INT ELSE INT END = INT) IS NOT FALSE,06eb5ff673a0266882fa825f,required_tokens + skeleton_family + delimiter_integrity + boolean_signal
PG_BOOL_R062_C06,PG_BOOL_R062,Y1,conditional_expression,6,case_boolean_wrapper,6,<|<>|=|>|CASE|ELSE|END|FALSE|THEN|TRUE|WHEN,CASE WHEN (CASE WHEN INT <> INT THEN INT ELSE INT END = INT) THEN TRUE ELSE FALSE END,a8a2549045fbab60ec8c617c,required_tokens + skeleton_family + delimiter_integrity + boolean_signal
PG_BOOL_R062_C07,PG_BOOL_R062,Y1,conditional_expression,7,and_true_guard,6,<|<>|=|>|AND|CASE|ELSE|END|THEN|WHEN,(CASE WHEN INT <> INT THEN INT ELSE INT END = INT) AND (INT = INT),149b538783715be365ab7b49,required_tokens + skeleton_family + delimiter_integrity + boolean_signal
PG_BOOL_R062_C08,PG_BOOL_R062,Y1,conditional_expression,8,or_false_guard,6,<|<>|=|>|CASE|ELSE|END|OR|THEN|WHEN,(CASE WHEN INT <> INT THEN INT ELSE INT END = INT) OR (INT <> INT),9afec5517abc2fd87670ec41,required_tokens + skeleton_family + delimiter_integrity + boolean_signal
PG_BOOL_R062_C09,PG_BOOL_R062,Y1,conditional_expression,9,equals_true_wrapper,6,<|<>|=|>|CASE|ELSE|END|THEN|TRUE|WHEN,((CASE WHEN INT <> INT THEN INT ELSE INT END = INT) = TRUE),6dd1e378f3c34780a76d65e3,required_tokens + skeleton_family + delimiter_integrity + boolean_signal
PG_BOOL_R062_C10,PG_BOOL_R062,Y1,conditional_expression,10,coalesce_false_wrapper,6,<|<>|=|>|CASE|COALESCE|ELSE|END|FALSE|THEN|WHEN,"COALESCE((CASE WHEN INT <> INT THEN INT ELSE INT END = INT), FALSE)",31a6796ad2a82abc2aeea166,required_tokens + skeleton_family + delimiter_integrity + boolean_signal
PG_BOOL_R063_C01,PG_BOOL_R063,Y1,conditional_expression,1,base_predicate,6,=|COALESCE|NULL,"COALESCE(NULL, INT) = INT",eab9bbde8d9a101e9969032a,required_tokens + skeleton_family + delimiter_integrity + boolean_signal
PG_BOOL_R063_C02,PG_BOOL_R063,Y1,conditional_expression,2,parenthesized_predicate,6,=|COALESCE|NULL,"(COALESCE(NULL, INT) = INT)",42a3a0f983cb559940305fcc,required_tokens + skeleton_family + delimiter_integrity + boolean_signal
PG_BOOL_R063_C03,PG_BOOL_R063,Y1,conditional_expression,3,negated_inverse_predicate,6,=|COALESCE|NOT|NULL,"NOT (COALESCE(NULL, INT) = INT)",f161da8e657fbbc13527f817,required_tokens + skeleton_family + delimiter_integrity + boolean_signal
PG_BOOL_R063_C04,PG_BOOL_R063,Y1,conditional_expression,4,is_true_wrapper,6,=|COALESCE|IS|NULL|TRUE,"(COALESCE(NULL, INT) = INT) IS TRUE",d7190db47f0dff6d7dbaa5f2,required_tokens + skeleton_family + delimiter_integrity + boolean_signal
PG_BOOL_R063_C05,PG_BOOL_R063,Y1,conditional_expression,5,is_not_false_wrapper,6,=|COALESCE|FALSE|IS|NOT|NULL,"(COALESCE(NULL, INT) = INT) IS NOT FALSE",9b35257356c101ec6f7b27fe,required_tokens + skeleton_family + delimiter_integrity + boolean_signal
PG_BOOL_R063_C06,PG_BOOL_R063,Y1,conditional_expression,6,case_boolean_wrapper,6,=|CASE|COALESCE|ELSE|END|FALSE|NULL|THEN|TRUE|WHEN,"CASE WHEN (COALESCE(NULL, INT) = INT) THEN TRUE ELSE FALSE END",b54956301329bdebb5d40236,required_tokens + skeleton_family + delimiter_integrity + boolean_signal
PG_BOOL_R063_C07,PG_BOOL_R063,Y1,conditional_expression,7,and_true_guard,6,=|AND|COALESCE|NULL,"(COALESCE(NULL, INT) = INT) AND (INT = INT)",6a60ea40b0a31381c6dc0124,required_tokens + skeleton_family + delimiter_integrity + boolean_signal
PG_BOOL_R063_C08,PG_BOOL_R063,Y1,conditional_expression,8,or_false_guard,6,<|<>|=|>|COALESCE|NULL|OR,"(COALESCE(NULL, INT) = INT) OR (INT <> INT)",17a10be77f032393fe3fccea,required_tokens + skeleton_family + delimiter_integrity + boolean_signal
PG_BOOL_R063_C09,PG_BOOL_R063,Y1,conditional_expression,9,equals_true_wrapper,6,=|COALESCE|NULL|TRUE,"((COALESCE(NULL, INT) = INT) = TRUE)",4fcca1a524ed9f6fae395451,required_tokens + skeleton_family + delimiter_integrity + boolean_signal
PG_BOOL_R063_C10,PG_BOOL_R063,Y1,conditional_expression,10,coalesce_false_wrapper,6,=|COALESCE|FALSE|NULL,"COALESCE((COALESCE(NULL, INT) = INT), FALSE)",b7cceba22d89bc0dd419a89f,required_tokens + skeleton_family + delimiter_integrity + boolean_signal
PG_BOOL_R064_C01,PG_BOOL_R064,Y1,conditional_expression,1,base_predicate,6,IS|NULL,"NULLIF(INT, INT) IS NULL",8be4750ed414ef55653e028d,required_tokens + skeleton_family + delimiter_integrity + boolean_signal
PG_BOOL_R064_C02,PG_BOOL_R064,Y1,conditional_expression,2,parenthesized_predicate,6,IS|NULL,"(NULLIF(INT, INT) IS NULL)",bd9fc9e498b69ff3ca79977f,required_tokens + skeleton_family + delimiter_integrity + boolean_signal
PG_BOOL_R064_C03,PG_BOOL_R064,Y1,conditional_expression,3,negated_inverse_predicate,6,IS|NOT|NULL,"NOT (NULLIF(INT, INT) IS NOT NULL)",01a2160570003f98218a155a,required_tokens + skeleton_family + delimiter_integrity + boolean_signal
PG_BOOL_R064_C04,PG_BOOL_R064,Y1,conditional_expression,4,is_true_wrapper,6,IS|NULL|TRUE,"(NULLIF(INT, INT) IS NULL) IS TRUE",bbeb47ec0c1f4570f01ca48e,required_tokens + skeleton_family + delimiter_integrity + boolean_signal
PG_BOOL_R064_C05,PG_BOOL_R064,Y1,conditional_expression,5,is_not_false_wrapper,6,FALSE|IS|NOT|NULL,"(NULLIF(INT, INT) IS NULL) IS NOT FALSE",8df89f228340a75ebdba5d1a,required_tokens + skeleton_family + delimiter_integrity + boolean_signal
PG_BOOL_R064_C06,PG_BOOL_R064,Y1,conditional_expression,6,case_boolean_wrapper,6,CASE|ELSE|END|FALSE|IS|NULL|THEN|TRUE|WHEN,"CASE WHEN (NULLIF(INT, INT) IS NULL) THEN TRUE ELSE FALSE END",2b97f04d2d4df40d549e3aa9,required_tokens + skeleton_family + delimiter_integrity + boolean_signal
PG_BOOL_R064_C07,PG_BOOL_R064,Y1,conditional_expression,7,and_true_guard,6,=|AND|IS|NULL,"(NULLIF(INT, INT) IS NULL) AND (INT = INT)",1338c8b10023210a57e64d76,required_tokens + skeleton_family + delimiter_integrity + boolean_signal
PG_BOOL_R064_C08,PG_BOOL_R064,Y1,conditional_expression,8,or_false_guard,6,<|<>|>|IS|NULL|OR,"(NULLIF(INT, INT) IS NULL) OR (INT <> INT)",2e35258ad7a588b8cab58c97,required_tokens + skeleton_family + delimiter_integrity + boolean_signal
PG_BOOL_R064_C09,PG_BOOL_R064,Y1,conditional_expression,9,equals_true_wrapper,6,=|IS|NULL|TRUE,"((NULLIF(INT, INT) IS NULL) = TRUE)",7dd3f7e343461a08977a0e9b,required_tokens + skeleton_family + delimiter_integrity + boolean_signal
PG_BOOL_R064_C10,PG_BOOL_R064,Y1,conditional_expression,10,coalesce_false_wrapper,6,COALESCE|FALSE|IS|NULL,"COALESCE((NULLIF(INT, INT) IS NULL), FALSE)",4adec57e1cae402bbff590ae,required_tokens + skeleton_family + delimiter_integrity + boolean_signal
PG_BOOL_R065_C01,PG_BOOL_R065,Y1,conditional_expression,1,base_predicate,6,<|CASE|ELSE|END|FALSE|IS|THEN|TRUE|WHEN,CASE WHEN INT < INT THEN TRUE ELSE FALSE END IS TRUE,ffefd0608e3e83a2b3f5e3ac,required_tokens + skeleton_family + delimiter_integrity + boolean_signal
PG_BOOL_R065_C02,PG_BOOL_R065,Y1,conditional_expression,2,parenthesized_predicate,6,<|CASE|ELSE|END|FALSE|IS|THEN|TRUE|WHEN,(CASE WHEN INT < INT THEN TRUE ELSE FALSE END IS TRUE),10864ce11a1fde45af4c8b61,required_tokens + skeleton_family + delimiter_integrity + boolean_signal
PG_BOOL_R065_C03,PG_BOOL_R065,Y1,conditional_expression,3,negated_inverse_predicate,6,<|CASE|ELSE|END|FALSE|IS|NOT|THEN|TRUE|WHEN,NOT (CASE WHEN INT < INT THEN TRUE ELSE FALSE END IS FALSE),f8179f066e5b719af7ee11ef,required_tokens + skeleton_family + delimiter_integrity + boolean_signal
PG_BOOL_R065_C04,PG_BOOL_R065,Y1,conditional_expression,4,is_true_wrapper,6,<|CASE|ELSE|END|FALSE|IS|THEN|TRUE|WHEN,(CASE WHEN INT < INT THEN TRUE ELSE FALSE END IS TRUE) IS TRUE,2de6a6f69e74084b59259fbc,required_tokens + skeleton_family + delimiter_integrity + boolean_signal
PG_BOOL_R065_C05,PG_BOOL_R065,Y1,conditional_expression,5,is_not_false_wrapper,6,<|CASE|ELSE|END|FALSE|IS|NOT|THEN|TRUE|WHEN,(CASE WHEN INT < INT THEN TRUE ELSE FALSE END IS TRUE) IS NOT FALSE,fe25a43c601f4f5515a51160,required_tokens + skeleton_family + delimiter_integrity + boolean_signal
PG_BOOL_R065_C06,PG_BOOL_R065,Y1,conditional_expression,6,case_boolean_wrapper,6,<|CASE|ELSE|END|FALSE|IS|THEN|TRUE|WHEN,CASE WHEN (CASE WHEN INT < INT THEN TRUE ELSE FALSE END IS TRUE) THEN TRUE ELSE FALSE END,c63175f9b8df25014f19368e,required_tokens + skeleton_family + delimiter_integrity + boolean_signal
PG_BOOL_R065_C07,PG_BOOL_R065,Y1,conditional_expression,7,and_true_guard,6,<|=|AND|CASE|ELSE|END|FALSE|IS|THEN|TRUE|WHEN,(CASE WHEN INT < INT THEN TRUE ELSE FALSE END IS TRUE) AND (INT = INT),04f40fba5f0846e0eb72b6fa,required_tokens + skeleton_family + delimiter_integrity + boolean_signal
PG_BOOL_R065_C08,PG_BOOL_R065,Y1,conditional_expression,8,or_false_guard,6,<|<>|>|CASE|ELSE|END|FALSE|IS|OR|THEN|TRUE|WHEN,(CASE WHEN INT < INT THEN TRUE ELSE FALSE END IS TRUE) OR (INT <> INT),d5e3e17c05d0a6336e033494,required_tokens + skeleton_family + delimiter_integrity + boolean_signal
PG_BOOL_R065_C09,PG_BOOL_R065,Y1,conditional_expression,9,equals_true_wrapper,6,<|=|CASE|ELSE|END|FALSE|IS|THEN|TRUE|WHEN,((CASE WHEN INT < INT THEN TRUE ELSE FALSE END IS TRUE) = TRUE),ff7146d3d7e481bdb91aec0a,required_tokens + skeleton_family + delimiter_integrity + boolean_signal
PG_BOOL_R065_C10,PG_BOOL_R065,Y1,conditional_expression,10,coalesce_false_wrapper,6,<|CASE|COALESCE|ELSE|END|FALSE|IS|THEN|TRUE|WHEN,"COALESCE((CASE WHEN INT < INT THEN TRUE ELSE FALSE END IS TRUE), FALSE)",1f2d7aeef028035e98d3762c,required_tokens + skeleton_family + delimiter_integrity + boolean_signal
PG_BOOL_R066_C01,PG_BOOL_R066,Y1,cast_expression,1,base_predicate,6,=,STR = INT,4f9ec6ff9803ec1036f76f23,required_tokens + skeleton_family + delimiter_integrity + boolean_signal
PG_BOOL_R066_C02,PG_BOOL_R066,Y1,cast_expression,2,parenthesized_predicate,6,=,(STR = INT),1dc8e4cd7a4c7a263a4944a4,required_tokens + skeleton_family + delimiter_integrity + boolean_signal
PG_BOOL_R066_C03,PG_BOOL_R066,Y1,cast_expression,3,negated_inverse_predicate,6,=|NOT,NOT (STR = INT),2477124c8d0d33f809cccb9e,required_tokens + skeleton_family + delimiter_integrity + boolean_signal
PG_BOOL_R066_C04,PG_BOOL_R066,Y1,cast_expression,4,is_true_wrapper,6,=|IS|TRUE,(STR = INT) IS TRUE,6106ee9728a2c60e0aa7d9de,required_tokens + skeleton_family + delimiter_integrity + boolean_signal
PG_BOOL_R066_C05,PG_BOOL_R066,Y1,cast_expression,5,is_not_false_wrapper,6,=|FALSE|IS|NOT,(STR = INT) IS NOT FALSE,6fbaff50a370f55363bf6391,required_tokens + skeleton_family + delimiter_integrity + boolean_signal
PG_BOOL_R066_C06,PG_BOOL_R066,Y1,cast_expression,6,case_boolean_wrapper,6,=|CASE|ELSE|END|FALSE|THEN|TRUE|WHEN,CASE WHEN (STR = INT) THEN TRUE ELSE FALSE END,f18f5d319d25dcb1d830c69b,required_tokens + skeleton_family + delimiter_integrity + boolean_signal
PG_BOOL_R066_C07,PG_BOOL_R066,Y1,cast_expression,7,and_true_guard,6,=|AND,(STR = INT) AND (INT = INT),a70c8066912bd3179cd34174,required_tokens + skeleton_family + delimiter_integrity + boolean_signal
PG_BOOL_R066_C08,PG_BOOL_R066,Y1,cast_expression,8,or_false_guard,6,<|<>|=|>|OR,(STR = INT) OR (INT <> INT),47158b4c5be954ce12f54498,required_tokens + skeleton_family + delimiter_integrity + boolean_signal
PG_BOOL_R066_C09,PG_BOOL_R066,Y1,cast_expression,9,equals_true_wrapper,6,=|TRUE,((STR = INT) = TRUE),5e352ff9235759c1eb7f141f,required_tokens + skeleton_family + delimiter_integrity + boolean_signal
PG_BOOL_R066_C10,PG_BOOL_R066,Y1,cast_expression,10,coalesce_false_wrapper,6,=|COALESCE|FALSE,"COALESCE((STR = INT), FALSE)",335973301f8ecaa07e4f0ec8,required_tokens + skeleton_family + delimiter_integrity + boolean_signal
PG_BOOL_R067_C01,PG_BOOL_R067,Y1,cast_expression,1,base_predicate,6,=|AS|CAST,CAST(STR AS INTEGER) = INT,279d8e450329a577208b85e1,required_tokens + skeleton_family + delimiter_integrity + boolean_signal
PG_BOOL_R067_C02,PG_BOOL_R067,Y1,cast_expression,2,parenthesized_predicate,6,=|AS|CAST,(CAST(STR AS INTEGER) = INT),af818acea63e709e8c52b78d,required_tokens + skeleton_family + delimiter_integrity + boolean_signal
PG_BOOL_R067_C03,PG_BOOL_R067,Y1,cast_expression,3,negated_inverse_predicate,6,=|AS|CAST|NOT,NOT (CAST(STR AS INTEGER) = INT),fc2ff6c912b4f110e73a78f2,required_tokens + skeleton_family + delimiter_integrity + boolean_signal
PG_BOOL_R067_C04,PG_BOOL_R067,Y1,cast_expression,4,is_true_wrapper,6,=|AS|CAST|IS|TRUE,(CAST(STR AS INTEGER) = INT) IS TRUE,889a60c39bc4fe032ad45fa3,required_tokens + skeleton_family + delimiter_integrity + boolean_signal
PG_BOOL_R067_C05,PG_BOOL_R067,Y1,cast_expression,5,is_not_false_wrapper,6,=|AS|CAST|FALSE|IS|NOT,(CAST(STR AS INTEGER) = INT) IS NOT FALSE,14bafe102979868d6d5cf9cd,required_tokens + skeleton_family + delimiter_integrity + boolean_signal
PG_BOOL_R067_C06,PG_BOOL_R067,Y1,cast_expression,6,case_boolean_wrapper,6,=|AS|CASE|CAST|ELSE|END|FALSE|THEN|TRUE|WHEN,CASE WHEN (CAST(STR AS INTEGER) = INT) THEN TRUE ELSE FALSE END,79204f4f0f069f0624445c9f,required_tokens + skeleton_family + delimiter_integrity + boolean_signal
PG_BOOL_R067_C07,PG_BOOL_R067,Y1,cast_expression,7,and_true_guard,6,=|AND|AS|CAST,(CAST(STR AS INTEGER) = INT) AND (INT = INT),19c0721305432a50edeaf5e5,required_tokens + skeleton_family + delimiter_integrity + boolean_signal
PG_BOOL_R067_C08,PG_BOOL_R067,Y1,cast_expression,8,or_false_guard,6,<|<>|=|>|AS|CAST|OR,(CAST(STR AS INTEGER) = INT) OR (INT <> INT),38d67713a48291dd418b0c36,required_tokens + skeleton_family + delimiter_integrity + boolean_signal
PG_BOOL_R067_C09,PG_BOOL_R067,Y1,cast_expression,9,equals_true_wrapper,6,=|AS|CAST|TRUE,((CAST(STR AS INTEGER) = INT) = TRUE),fc5ca09a1f5781e007d3e271,required_tokens + skeleton_family + delimiter_integrity + boolean_signal
PG_BOOL_R067_C10,PG_BOOL_R067,Y1,cast_expression,10,coalesce_false_wrapper,6,=|AS|CAST|COALESCE|FALSE,"COALESCE((CAST(STR AS INTEGER) = INT), FALSE)",83d92c09e8183927a41bf622,required_tokens + skeleton_family + delimiter_integrity + boolean_signal
PG_BOOL_R068_C01,PG_BOOL_R068,Y1,cast_expression,1,base_predicate,6,AS|CAST|IS|TRUE,CAST(STR AS BOOLEAN) IS TRUE,84b44a111847e4e92b2ab95c,required_tokens + skeleton_family + delimiter_integrity + boolean_signal
PG_BOOL_R068_C02,PG_BOOL_R068,Y1,cast_expression,2,parenthesized_predicate,6,AS|CAST|IS|TRUE,(CAST(STR AS BOOLEAN) IS TRUE),4b91394bd80c545759204fc0,required_tokens + skeleton_family + delimiter_integrity + boolean_signal
PG_BOOL_R068_C03,PG_BOOL_R068,Y1,cast_expression,3,negated_inverse_predicate,6,AS|CAST|FALSE|IS|NOT|TRUE,NOT (CAST(STR AS BOOLEAN) IS TRUE),c3ca488c2349a981e758139b,required_tokens + skeleton_family + delimiter_integrity + boolean_signal
PG_BOOL_R068_C04,PG_BOOL_R068,Y1,cast_expression,4,is_true_wrapper,6,AS|CAST|IS|TRUE,(CAST(STR AS BOOLEAN) IS TRUE) IS TRUE,db8206160bc6ae057cb3426c,required_tokens + skeleton_family + delimiter_integrity + boolean_signal
PG_BOOL_R068_C05,PG_BOOL_R068,Y1,cast_expression,5,is_not_false_wrapper,6,AS|CAST|FALSE|IS|NOT|TRUE,(CAST(STR AS BOOLEAN) IS TRUE) IS NOT FALSE,220b3bf8bc94f6c6185b7889,required_tokens + skeleton_family + delimiter_integrity + boolean_signal
PG_BOOL_R068_C06,PG_BOOL_R068,Y1,cast_expression,6,case_boolean_wrapper,6,AS|CASE|CAST|ELSE|END|FALSE|IS|THEN|TRUE|WHEN,CASE WHEN (CAST(STR AS BOOLEAN) IS TRUE) THEN TRUE ELSE FALSE END,fff2d101d255a6175a8608a6,required_tokens + skeleton_family + delimiter_integrity + boolean_signal
PG_BOOL_R068_C07,PG_BOOL_R068,Y1,cast_expression,7,and_true_guard,6,=|AND|AS|CAST|IS|TRUE,(CAST(STR AS BOOLEAN) IS TRUE) AND (INT = INT),25756a92259db4ebea689fbc,required_tokens + skeleton_family + delimiter_integrity + boolean_signal
PG_BOOL_R068_C08,PG_BOOL_R068,Y1,cast_expression,8,or_false_guard,6,<|<>|>|AS|CAST|IS|OR|TRUE,(CAST(STR AS BOOLEAN) IS TRUE) OR (INT <> INT),1e9a559e1734c5cd8f609e91,required_tokens + skeleton_family + delimiter_integrity + boolean_signal
PG_BOOL_R068_C09,PG_BOOL_R068,Y1,cast_expression,9,equals_true_wrapper,6,=|AS|CAST|IS|TRUE,((CAST(STR AS BOOLEAN) IS TRUE) = TRUE),aa4c7dbaca950db2cdf5ebac,required_tokens + skeleton_family + delimiter_integrity + boolean_signal
PG_BOOL_R068_C10,PG_BOOL_R068,Y1,cast_expression,10,coalesce_false_wrapper,6,AS|CAST|COALESCE|FALSE|IS|TRUE,"COALESCE((CAST(STR AS BOOLEAN) IS TRUE), FALSE)",470e7c8f202178ea896b6023,required_tokens + skeleton_family + delimiter_integrity + boolean_signal
PG_BOOL_R069_C01,PG_BOOL_R069,Y1,cast_expression,1,base_predicate,6,=,(INT::TEXT) = STR,68aef4138c2ff9fd54e504a4,required_tokens + skeleton_family + delimiter_integrity + boolean_signal
PG_BOOL_R069_C02,PG_BOOL_R069,Y1,cast_expression,2,parenthesized_predicate,6,=,((INT::TEXT) = STR),7d992c4bc64a76fd5fb05371,required_tokens + skeleton_family + delimiter_integrity + boolean_signal
PG_BOOL_R069_C03,PG_BOOL_R069,Y1,cast_expression,3,negated_inverse_predicate,6,=|NOT,NOT ((INT::TEXT) = STR),13a34459ff22c075a7e93d8d,required_tokens + skeleton_family + delimiter_integrity + boolean_signal
PG_BOOL_R069_C04,PG_BOOL_R069,Y1,cast_expression,4,is_true_wrapper,6,=|IS|TRUE,((INT::TEXT) = STR) IS TRUE,33368dcde2418274ccc4428d,required_tokens + skeleton_family + delimiter_integrity + boolean_signal
PG_BOOL_R069_C05,PG_BOOL_R069,Y1,cast_expression,5,is_not_false_wrapper,6,=|FALSE|IS|NOT,((INT::TEXT) = STR) IS NOT FALSE,20da1bd2b455a7c23625b9d6,required_tokens + skeleton_family + delimiter_integrity + boolean_signal
PG_BOOL_R069_C06,PG_BOOL_R069,Y1,cast_expression,6,case_boolean_wrapper,6,=|CASE|ELSE|END|FALSE|THEN|TRUE|WHEN,CASE WHEN ((INT::TEXT) = STR) THEN TRUE ELSE FALSE END,23319b66b4db30096a90a893,required_tokens + skeleton_family + delimiter_integrity + boolean_signal
PG_BOOL_R069_C07,PG_BOOL_R069,Y1,cast_expression,7,and_true_guard,6,=|AND,((INT::TEXT) = STR) AND (INT = INT),25767af87911148870d63ffc,required_tokens + skeleton_family + delimiter_integrity + boolean_signal
PG_BOOL_R069_C08,PG_BOOL_R069,Y1,cast_expression,8,or_false_guard,6,<|<>|=|>|OR,((INT::TEXT) = STR) OR (INT <> INT),077620081d2bf97d8bae4f9b,required_tokens + skeleton_family + delimiter_integrity + boolean_signal
PG_BOOL_R069_C09,PG_BOOL_R069,Y1,cast_expression,9,equals_true_wrapper,6,=|TRUE,(((INT::TEXT) = STR) = TRUE),81bb512962300d74e585b08f,required_tokens + skeleton_family + delimiter_integrity + boolean_signal
PG_BOOL_R069_C10,PG_BOOL_R069,Y1,cast_expression,10,coalesce_false_wrapper,6,=|COALESCE|FALSE,"COALESCE(((INT::TEXT) = STR), FALSE)",e01aa5193db6b9ebfe44b35c,required_tokens + skeleton_family + delimiter_integrity + boolean_signal
PG_BOOL_R070_C01,PG_BOOL_R070,Y1,cast_expression,1,base_predicate,6,=|AS|CAST,CAST(STR AS TEXT) = STR,8bade4c1d20c5ad2ce2c5f06,required_tokens + skeleton_family + delimiter_integrity + boolean_signal
PG_BOOL_R070_C02,PG_BOOL_R070,Y1,cast_expression,2,parenthesized_predicate,6,=|AS|CAST,(CAST(STR AS TEXT) = STR),a1e832714dd799f79c464f7b,required_tokens + skeleton_family + delimiter_integrity + boolean_signal
PG_BOOL_R070_C03,PG_BOOL_R070,Y1,cast_expression,3,negated_inverse_predicate,6,=|AS|CAST|NOT,NOT (CAST(STR AS TEXT) = STR),c6d6ef075a67bf87e09aad96,required_tokens + skeleton_family + delimiter_integrity + boolean_signal
PG_BOOL_R070_C04,PG_BOOL_R070,Y1,cast_expression,4,is_true_wrapper,6,=|AS|CAST|IS|TRUE,(CAST(STR AS TEXT) = STR) IS TRUE,bca970239a7b90af1459fde2,required_tokens + skeleton_family + delimiter_integrity + boolean_signal
PG_BOOL_R070_C05,PG_BOOL_R070,Y1,cast_expression,5,is_not_false_wrapper,6,=|AS|CAST|FALSE|IS|NOT,(CAST(STR AS TEXT) = STR) IS NOT FALSE,00b77b7dc4233a88d7a1dd8e,required_tokens + skeleton_family + delimiter_integrity + boolean_signal
PG_BOOL_R070_C06,PG_BOOL_R070,Y1,cast_expression,6,case_boolean_wrapper,6,=|AS|CASE|CAST|ELSE|END|FALSE|THEN|TRUE|WHEN,CASE WHEN (CAST(STR AS TEXT) = STR) THEN TRUE ELSE FALSE END,4722ffe1bb699a0e43afbc5f,required_tokens + skeleton_family + delimiter_integrity + boolean_signal
PG_BOOL_R070_C07,PG_BOOL_R070,Y1,cast_expression,7,and_true_guard,6,=|AND|AS|CAST,(CAST(STR AS TEXT) = STR) AND (INT = INT),9bc6ebe6cdcc5a5f54bf64e7,required_tokens + skeleton_family + delimiter_integrity + boolean_signal
PG_BOOL_R070_C08,PG_BOOL_R070,Y1,cast_expression,8,or_false_guard,6,<|<>|=|>|AS|CAST|OR,(CAST(STR AS TEXT) = STR) OR (INT <> INT),e0dee01ed24e99426a5ed905,required_tokens + skeleton_family + delimiter_integrity + boolean_signal
PG_BOOL_R070_C09,PG_BOOL_R070,Y1,cast_expression,9,equals_true_wrapper,6,=|AS|CAST|TRUE,((CAST(STR AS TEXT) = STR) = TRUE),b33cad9897bbfb9c2a9dcddf,required_tokens + skeleton_family + delimiter_integrity + boolean_signal
PG_BOOL_R070_C10,PG_BOOL_R070,Y1,cast_expression,10,coalesce_false_wrapper,6,=|AS|CAST|COALESCE|FALSE,"COALESCE((CAST(STR AS TEXT) = STR), FALSE)",7cf7debc2ad46bf7f6d9d3cc,required_tokens + skeleton_family + delimiter_integrity + boolean_signal
PG_BOOL_R071_C01,PG_BOOL_R071,Y1,jsonb_predicate,1,base_predicate,6,,STR ? STR,a1e931508da85a7d8e701f5f,required_tokens + skeleton_family + delimiter_integrity + boolean_signal
PG_BOOL_R071_C02,PG_BOOL_R071,Y1,jsonb_predicate,2,parenthesized_predicate,6,,(STR ? STR),3ee785fbe8cf39769337ac09,required_tokens + skeleton_family + delimiter_integrity + boolean_signal
PG_BOOL_R071_C03,PG_BOOL_R071,Y1,jsonb_predicate,3,negated_inverse_predicate,6,NOT,NOT (STR ? STR),3dc2dd3bef1e41b62d69e0f4,required_tokens + skeleton_family + delimiter_integrity + boolean_signal
PG_BOOL_R071_C04,PG_BOOL_R071,Y1,jsonb_predicate,4,is_true_wrapper,6,IS|TRUE,(STR ? STR) IS TRUE,8b402377124367cc168e52dc,required_tokens + skeleton_family + delimiter_integrity + boolean_signal
PG_BOOL_R071_C05,PG_BOOL_R071,Y1,jsonb_predicate,5,is_not_false_wrapper,6,FALSE|IS|NOT,(STR ? STR) IS NOT FALSE,a84d37343fa093304dc0185e,required_tokens + skeleton_family + delimiter_integrity + boolean_signal
PG_BOOL_R071_C06,PG_BOOL_R071,Y1,jsonb_predicate,6,case_boolean_wrapper,6,CASE|ELSE|END|FALSE|THEN|TRUE|WHEN,CASE WHEN (STR ? STR) THEN TRUE ELSE FALSE END,46a4ffe778df447139aca233,required_tokens + skeleton_family + delimiter_integrity + boolean_signal
PG_BOOL_R071_C07,PG_BOOL_R071,Y1,jsonb_predicate,7,and_true_guard,6,=|AND,(STR ? STR) AND (INT = INT),ebc2ee85518d5381452a12fa,required_tokens + skeleton_family + delimiter_integrity + boolean_signal
PG_BOOL_R071_C08,PG_BOOL_R071,Y1,jsonb_predicate,8,or_false_guard,6,<|<>|>|OR,(STR ? STR) OR (INT <> INT),afaa35be9a53590a81aab2a7,required_tokens + skeleton_family + delimiter_integrity + boolean_signal
PG_BOOL_R071_C09,PG_BOOL_R071,Y1,jsonb_predicate,9,equals_true_wrapper,6,=|TRUE,((STR ? STR) = TRUE),29eaa4f2058bdb4954cd1a1a,required_tokens + skeleton_family + delimiter_integrity + boolean_signal
PG_BOOL_R071_C10,PG_BOOL_R071,Y1,jsonb_predicate,10,coalesce_false_wrapper,6,COALESCE|FALSE,"COALESCE((STR ? STR), FALSE)",fedef1ee4631002a2edb4a27,required_tokens + skeleton_family + delimiter_integrity + boolean_signal
PG_BOOL_R072_C01,PG_BOOL_R072,Y1,jsonb_predicate,1,base_predicate,6,>|@>,STR @> STR,408d3a6591f8aa6ddc41e66b,required_tokens + skeleton_family + delimiter_integrity + boolean_signal
PG_BOOL_R072_C02,PG_BOOL_R072,Y1,jsonb_predicate,2,parenthesized_predicate,6,>|@>,(STR @> STR),9f58d3365017763356294424,required_tokens + skeleton_family + delimiter_integrity + boolean_signal
PG_BOOL_R072_C03,PG_BOOL_R072,Y1,jsonb_predicate,3,negated_inverse_predicate,6,>|@>|NOT,NOT (STR @> STR),2250af553b98012097860701,required_tokens + skeleton_family + delimiter_integrity + boolean_signal
PG_BOOL_R072_C04,PG_BOOL_R072,Y1,jsonb_predicate,4,is_true_wrapper,6,>|@>|IS|TRUE,(STR @> STR) IS TRUE,6a03109e7db917e4edb70400,required_tokens + skeleton_family + delimiter_integrity + boolean_signal
PG_BOOL_R072_C05,PG_BOOL_R072,Y1,jsonb_predicate,5,is_not_false_wrapper,6,>|@>|FALSE|IS|NOT,(STR @> STR) IS NOT FALSE,da16fa2e5cacb4f33e88cab9,required_tokens + skeleton_family + delimiter_integrity + boolean_signal
PG_BOOL_R072_C06,PG_BOOL_R072,Y1,jsonb_predicate,6,case_boolean_wrapper,6,>|@>|CASE|ELSE|END|FALSE|THEN|TRUE|WHEN,CASE WHEN (STR @> STR) THEN TRUE ELSE FALSE END,d8342fc9e42c8a7119e7915b,required_tokens + skeleton_family + delimiter_integrity + boolean_signal
PG_BOOL_R072_C07,PG_BOOL_R072,Y1,jsonb_predicate,7,and_true_guard,6,=|>|@>|AND,(STR @> STR) AND (INT = INT),ceb4ef5520067858fa23ba18,required_tokens + skeleton_family + delimiter_integrity + boolean_signal
PG_BOOL_R072_C08,PG_BOOL_R072,Y1,jsonb_predicate,8,or_false_guard,6,<|<>|>|@>|OR,(STR @> STR) OR (INT <> INT),b9a8547592e5f25fd1bb9ba7,required_tokens + skeleton_family + delimiter_integrity + boolean_signal
PG_BOOL_R072_C09,PG_BOOL_R072,Y1,jsonb_predicate,9,equals_true_wrapper,6,=|>|@>|TRUE,((STR @> STR) = TRUE),9a2a60b087d6019be4b4b22b,required_tokens + skeleton_family + delimiter_integrity + boolean_signal
PG_BOOL_R072_C10,PG_BOOL_R072,Y1,jsonb_predicate,10,coalesce_false_wrapper,6,>|@>|COALESCE|FALSE,"COALESCE((STR @> STR), FALSE)",d7561df5b4353891a4c6d71f,required_tokens + skeleton_family + delimiter_integrity + boolean_signal
PG_BOOL_R073_C01,PG_BOOL_R073,Y1,jsonb_predicate,1,base_predicate,6,=,JSONB_TYPEOF(STR) = STR,e0f72e744a3f619526795f60,required_tokens + skeleton_family + delimiter_integrity + boolean_signal
PG_BOOL_R073_C02,PG_BOOL_R073,Y1,jsonb_predicate,2,parenthesized_predicate,6,=,(JSONB_TYPEOF(STR) = STR),ac19e7097cd99a50e8207792,required_tokens + skeleton_family + delimiter_integrity + boolean_signal
PG_BOOL_R073_C03,PG_BOOL_R073,Y1,jsonb_predicate,3,negated_inverse_predicate,6,=|ARRAY|NOT,NOT (JSONB_TYPEOF(STR) = STR),df59c2e8b4b1a34edcbf81d4,required_tokens + skeleton_family + delimiter_integrity + boolean_signal
PG_BOOL_R073_C04,PG_BOOL_R073,Y1,jsonb_predicate,4,is_true_wrapper,6,=|IS|TRUE,(JSONB_TYPEOF(STR) = STR) IS TRUE,898ce11599f7c592a3e1d6c2,required_tokens + skeleton_family + delimiter_integrity + boolean_signal
PG_BOOL_R073_C05,PG_BOOL_R073,Y1,jsonb_predicate,5,is_not_false_wrapper,6,=|FALSE|IS|NOT,(JSONB_TYPEOF(STR) = STR) IS NOT FALSE,810783270f97d9f70369170f,required_tokens + skeleton_family + delimiter_integrity + boolean_signal
PG_BOOL_R073_C06,PG_BOOL_R073,Y1,jsonb_predicate,6,case_boolean_wrapper,6,=|CASE|ELSE|END|FALSE|THEN|TRUE|WHEN,CASE WHEN (JSONB_TYPEOF(STR) = STR) THEN TRUE ELSE FALSE END,7020c7fcc9fed6afd5fdd65d,required_tokens + skeleton_family + delimiter_integrity + boolean_signal
PG_BOOL_R073_C07,PG_BOOL_R073,Y1,jsonb_predicate,7,and_true_guard,6,=|AND,(JSONB_TYPEOF(STR) = STR) AND (INT = INT),6fa4e3d606372b43fd182685,required_tokens + skeleton_family + delimiter_integrity + boolean_signal
PG_BOOL_R073_C08,PG_BOOL_R073,Y1,jsonb_predicate,8,or_false_guard,6,<|<>|=|>|OR,(JSONB_TYPEOF(STR) = STR) OR (INT <> INT),edf3bae7d3fdf88f442bb286,required_tokens + skeleton_family + delimiter_integrity + boolean_signal
PG_BOOL_R073_C09,PG_BOOL_R073,Y1,jsonb_predicate,9,equals_true_wrapper,6,=|TRUE,((JSONB_TYPEOF(STR) = STR) = TRUE),ee9c3f643c65c10c45b955df,required_tokens + skeleton_family + delimiter_integrity + boolean_signal
PG_BOOL_R073_C10,PG_BOOL_R073,Y1,jsonb_predicate,10,coalesce_false_wrapper,6,=|COALESCE|FALSE,"COALESCE((JSONB_TYPEOF(STR) = STR), FALSE)",7678f87f30367a1703718e40,required_tokens + skeleton_family + delimiter_integrity + boolean_signal
PG_BOOL_R074_C01,PG_BOOL_R074,Y1,jsonb_predicate,1,base_predicate,6,=|>,(STR ->> STR) = STR,3fea61b6dbafd958b9057b0a,required_tokens + skeleton_family + delimiter_integrity + boolean_signal
PG_BOOL_R074_C02,PG_BOOL_R074,Y1,jsonb_predicate,2,parenthesized_predicate,6,=|>,((STR ->> STR) = STR),c76d878f415eb7037dc96871,required_tokens + skeleton_family + delimiter_integrity + boolean_signal
PG_BOOL_R074_C03,PG_BOOL_R074,Y1,jsonb_predicate,3,negated_inverse_predicate,6,=|>|NOT,NOT ((STR ->> STR) = STR),c99f9dc7c7f1f7815a7e0eb1,required_tokens + skeleton_family + delimiter_integrity + boolean_signal
PG_BOOL_R074_C04,PG_BOOL_R074,Y1,jsonb_predicate,4,is_true_wrapper,6,=|>|IS|TRUE,((STR ->> STR) = STR) IS TRUE,d19261bc725e37f842d3030b,required_tokens + skeleton_family + delimiter_integrity + boolean_signal
PG_BOOL_R074_C05,PG_BOOL_R074,Y1,jsonb_predicate,5,is_not_false_wrapper,6,=|>|FALSE|IS|NOT,((STR ->> STR) = STR) IS NOT FALSE,8f28a2611f0b1f8738b4cc74,required_tokens + skeleton_family + delimiter_integrity + boolean_signal
PG_BOOL_R074_C06,PG_BOOL_R074,Y1,jsonb_predicate,6,case_boolean_wrapper,6,=|>|CASE|ELSE|END|FALSE|THEN|TRUE|WHEN,CASE WHEN ((STR ->> STR) = STR) THEN TRUE ELSE FALSE END,ed96cd12bba3df8b10294e88,required_tokens + skeleton_family + delimiter_integrity + boolean_signal
PG_BOOL_R074_C07,PG_BOOL_R074,Y1,jsonb_predicate,7,and_true_guard,6,=|>|AND,((STR ->> STR) = STR) AND (INT = INT),bb12009c05be3ecb0086364d,required_tokens + skeleton_family + delimiter_integrity + boolean_signal
PG_BOOL_R074_C08,PG_BOOL_R074,Y1,jsonb_predicate,8,or_false_guard,6,<|<>|=|>|OR,((STR ->> STR) = STR) OR (INT <> INT),1ee501eab38815164e87a200,required_tokens + skeleton_family + delimiter_integrity + boolean_signal
PG_BOOL_R074_C09,PG_BOOL_R074,Y1,jsonb_predicate,9,equals_true_wrapper,6,=|>|TRUE,(((STR ->> STR) = STR) = TRUE),1ad1d240e6322573e96a4cee,required_tokens + skeleton_family + delimiter_integrity + boolean_signal
PG_BOOL_R074_C10,PG_BOOL_R074,Y1,jsonb_predicate,10,coalesce_false_wrapper,6,=|>|COALESCE|FALSE,"COALESCE(((STR ->> STR) = STR), FALSE)",9c96e8fa2ffd6f372c2d18cd,required_tokens + skeleton_family + delimiter_integrity + boolean_signal
PG_BOOL_R075_C01,PG_BOOL_R075,Y1,jsonb_predicate,1,base_predicate,6,>|@>,STR @> STR,2167c57ba5dd80b0dcc6c171,required_tokens + skeleton_family + delimiter_integrity + boolean_signal
PG_BOOL_R075_C02,PG_BOOL_R075,Y1,jsonb_predicate,2,parenthesized_predicate,6,>|@>,(STR @> STR),6e8074d86f9c45031ad59f49,required_tokens + skeleton_family + delimiter_integrity + boolean_signal
PG_BOOL_R075_C03,PG_BOOL_R075,Y1,jsonb_predicate,3,negated_inverse_predicate,6,>|@>|NOT,NOT (STR @> STR),9468fe227e9d1930ba1a0319,required_tokens + skeleton_family + delimiter_integrity + boolean_signal
PG_BOOL_R075_C04,PG_BOOL_R075,Y1,jsonb_predicate,4,is_true_wrapper,6,>|@>|IS|TRUE,(STR @> STR) IS TRUE,fc211c26fae0d745b427b9b7,required_tokens + skeleton_family + delimiter_integrity + boolean_signal
PG_BOOL_R075_C05,PG_BOOL_R075,Y1,jsonb_predicate,5,is_not_false_wrapper,6,>|@>|FALSE|IS|NOT,(STR @> STR) IS NOT FALSE,e6050116188c103a4c304997,required_tokens + skeleton_family + delimiter_integrity + boolean_signal
PG_BOOL_R075_C06,PG_BOOL_R075,Y1,jsonb_predicate,6,case_boolean_wrapper,6,>|@>|CASE|ELSE|END|FALSE|THEN|TRUE|WHEN,CASE WHEN (STR @> STR) THEN TRUE ELSE FALSE END,e0202387d6716f4e0c0945ba,required_tokens + skeleton_family + delimiter_integrity + boolean_signal
PG_BOOL_R075_C07,PG_BOOL_R075,Y1,jsonb_predicate,7,and_true_guard,6,=|>|@>|AND,(STR @> STR) AND (INT = INT),5caeadc2e64e947f5ae84626,required_tokens + skeleton_family + delimiter_integrity + boolean_signal
PG_BOOL_R075_C08,PG_BOOL_R075,Y1,jsonb_predicate,8,or_false_guard,6,<|<>|>|@>|OR,(STR @> STR) OR (INT <> INT),73b20a286aa3230c9c7eb3d8,required_tokens + skeleton_family + delimiter_integrity + boolean_signal
PG_BOOL_R075_C09,PG_BOOL_R075,Y1,jsonb_predicate,9,equals_true_wrapper,6,=|>|@>|TRUE,((STR @> STR) = TRUE),a9b60c2dde2f3050c50ca741,required_tokens + skeleton_family + delimiter_integrity + boolean_signal
PG_BOOL_R075_C10,PG_BOOL_R075,Y1,jsonb_predicate,10,coalesce_false_wrapper,6,>|@>|COALESCE|FALSE,"COALESCE((STR @> STR), FALSE)",25be8e49b2a1fb868e8eb503,required_tokens + skeleton_family + delimiter_integrity + boolean_signal
PG_BOOL_R076_C01,PG_BOOL_R076,Y1,range_type,1,base_predicate,6,>|@>,"RANGE(INT, INT, STR) @> INT",e0f55d0e83c3e34937bc7ea4,required_tokens + skeleton_family + delimiter_integrity + boolean_signal
PG_BOOL_R076_C02,PG_BOOL_R076,Y1,range_type,2,parenthesized_predicate,6,>|@>,"(RANGE(INT, INT, STR) @> INT)",4221f7315a49f151265171e6,required_tokens + skeleton_family + delimiter_integrity + boolean_signal
PG_BOOL_R076_C03,PG_BOOL_R076,Y1,range_type,3,negated_inverse_predicate,6,>|@>|NOT,"NOT (RANGE(INT, INT, STR) @> INT)",d03b8f61917ae3f8636f3a77,required_tokens + skeleton_family + delimiter_integrity + boolean_signal
PG_BOOL_R076_C04,PG_BOOL_R076,Y1,range_type,4,is_true_wrapper,6,>|@>|IS|TRUE,"(RANGE(INT, INT, STR) @> INT) IS TRUE",70c5546f4055308cb75a3439,required_tokens + skeleton_family + delimiter_integrity + boolean_signal
PG_BOOL_R076_C05,PG_BOOL_R076,Y1,range_type,5,is_not_false_wrapper,6,>|@>|FALSE|IS|NOT,"(RANGE(INT, INT, STR) @> INT) IS NOT FALSE",cd76089efa915493df59fd53,required_tokens + skeleton_family + delimiter_integrity + boolean_signal
PG_BOOL_R076_C06,PG_BOOL_R076,Y1,range_type,6,case_boolean_wrapper,6,>|@>|CASE|ELSE|END|FALSE|THEN|TRUE|WHEN,"CASE WHEN (RANGE(INT, INT, STR) @> INT) THEN TRUE ELSE FALSE END",a8ee976945b5bf497d84c693,required_tokens + skeleton_family + delimiter_integrity + boolean_signal
PG_BOOL_R076_C07,PG_BOOL_R076,Y1,range_type,7,and_true_guard,6,=|>|@>|AND,"(RANGE(INT, INT, STR) @> INT) AND (INT = INT)",6dce0a59651c6df290a3ba39,required_tokens + skeleton_family + delimiter_integrity + boolean_signal
PG_BOOL_R076_C08,PG_BOOL_R076,Y1,range_type,8,or_false_guard,6,<|<>|>|@>|OR,"(RANGE(INT, INT, STR) @> INT) OR (INT <> INT)",cf349147dbda3726261ec3f0,required_tokens + skeleton_family + delimiter_integrity + boolean_signal
PG_BOOL_R076_C09,PG_BOOL_R076,Y1,range_type,9,equals_true_wrapper,6,=|>|@>|TRUE,"((RANGE(INT, INT, STR) @> INT) = TRUE)",e38d00db6a5a411fe923f2ce,required_tokens + skeleton_family + delimiter_integrity + boolean_signal
PG_BOOL_R076_C10,PG_BOOL_R076,Y1,range_type,10,coalesce_false_wrapper,6,>|@>|COALESCE|FALSE,"COALESCE((RANGE(INT, INT, STR) @> INT), FALSE)",6bbe33daf7d8ca25c175da46,required_tokens + skeleton_family + delimiter_integrity + boolean_signal
PG_BOOL_R077_C01,PG_BOOL_R077,Y1,range_type,1,base_predicate,6,&&,"RANGE(INT, INT, STR) && RANGE(INT, INT, STR)",eda70cda766cb4159c889ddd,required_tokens + skeleton_family + delimiter_integrity + boolean_signal
PG_BOOL_R077_C02,PG_BOOL_R077,Y1,range_type,2,parenthesized_predicate,6,&&,"(RANGE(INT, INT, STR) && RANGE(INT, INT, STR))",a58f79a6a4177d4069939253,required_tokens + skeleton_family + delimiter_integrity + boolean_signal
PG_BOOL_R077_C03,PG_BOOL_R077,Y1,range_type,3,negated_inverse_predicate,6,&&|NOT,"NOT (RANGE(INT, INT, STR) && RANGE(INT, INT, STR))",f4ff4f9e4051a01350ca3c7e,required_tokens + skeleton_family + delimiter_integrity + boolean_signal
PG_BOOL_R077_C04,PG_BOOL_R077,Y1,range_type,4,is_true_wrapper,6,&&|IS|TRUE,"(RANGE(INT, INT, STR) && RANGE(INT, INT, STR)) IS TRUE",b8af721d4182823d090272f7,required_tokens + skeleton_family + delimiter_integrity + boolean_signal
PG_BOOL_R077_C05,PG_BOOL_R077,Y1,range_type,5,is_not_false_wrapper,6,&&|FALSE|IS|NOT,"(RANGE(INT, INT, STR) && RANGE(INT, INT, STR)) IS NOT FALSE",04fce400fe14449e9944d257,required_tokens + skeleton_family + delimiter_integrity + boolean_signal
PG_BOOL_R077_C06,PG_BOOL_R077,Y1,range_type,6,case_boolean_wrapper,6,&&|CASE|ELSE|END|FALSE|THEN|TRUE|WHEN,"CASE WHEN (RANGE(INT, INT, STR) && RANGE(INT, INT, STR)) THEN TRUE ELSE FALSE END",57298765d93657199bc8ed34,required_tokens + skeleton_family + delimiter_integrity + boolean_signal
PG_BOOL_R077_C07,PG_BOOL_R077,Y1,range_type,7,and_true_guard,6,&&|=|AND,"(RANGE(INT, INT, STR) && RANGE(INT, INT, STR)) AND (INT = INT)",a5c942261f666dd1a4b90fd4,required_tokens + skeleton_family + delimiter_integrity + boolean_signal
PG_BOOL_R077_C08,PG_BOOL_R077,Y1,range_type,8,or_false_guard,6,&&|<|<>|>|OR,"(RANGE(INT, INT, STR) && RANGE(INT, INT, STR)) OR (INT <> INT)",ca94b9a2345b57eeddf9b188,required_tokens + skeleton_family + delimiter_integrity + boolean_signal
PG_BOOL_R077_C09,PG_BOOL_R077,Y1,range_type,9,equals_true_wrapper,6,&&|=|TRUE,"((RANGE(INT, INT, STR) && RANGE(INT, INT, STR)) = TRUE)",b1094f91032770e55868bc7e,required_tokens + skeleton_family + delimiter_integrity + boolean_signal
PG_BOOL_R077_C10,PG_BOOL_R077,Y1,range_type,10,coalesce_false_wrapper,6,&&|COALESCE|FALSE,"COALESCE((RANGE(INT, INT, STR) && RANGE(INT, INT, STR)), FALSE)",2dd9e7aaf052d7aef2a7b267,required_tokens + skeleton_family + delimiter_integrity + boolean_signal
PG_BOOL_R078_C01,PG_BOOL_R078,Y1,range_type,1,base_predicate,6,<|<@,"RANGE(INT, INT, STR) <@ RANGE(INT, INT, STR)",30f515d8842eca69beff006b,required_tokens + skeleton_family + delimiter_integrity + boolean_signal
PG_BOOL_R078_C02,PG_BOOL_R078,Y1,range_type,2,parenthesized_predicate,6,<|<@,"(RANGE(INT, INT, STR) <@ RANGE(INT, INT, STR))",d4f8b27690c442de4288ed8c,required_tokens + skeleton_family + delimiter_integrity + boolean_signal
PG_BOOL_R078_C03,PG_BOOL_R078,Y1,range_type,3,negated_inverse_predicate,6,<|<@|NOT,"NOT (RANGE(INT, INT, STR) <@ RANGE(INT, INT, STR))",806d8a9f32f3c7172ac85ac9,required_tokens + skeleton_family + delimiter_integrity + boolean_signal
PG_BOOL_R078_C04,PG_BOOL_R078,Y1,range_type,4,is_true_wrapper,6,<|<@|IS|TRUE,"(RANGE(INT, INT, STR) <@ RANGE(INT, INT, STR)) IS TRUE",544bce68393491131840498e,required_tokens + skeleton_family + delimiter_integrity + boolean_signal
PG_BOOL_R078_C05,PG_BOOL_R078,Y1,range_type,5,is_not_false_wrapper,6,<|<@|FALSE|IS|NOT,"(RANGE(INT, INT, STR) <@ RANGE(INT, INT, STR)) IS NOT FALSE",d3784b8b2e60c86f3166a68c,required_tokens + skeleton_family + delimiter_integrity + boolean_signal
PG_BOOL_R078_C06,PG_BOOL_R078,Y1,range_type,6,case_boolean_wrapper,6,<|<@|CASE|ELSE|END|FALSE|THEN|TRUE|WHEN,"CASE WHEN (RANGE(INT, INT, STR) <@ RANGE(INT, INT, STR)) THEN TRUE ELSE FALSE END",e8613bbcdb9e00f4a65cbd58,required_tokens + skeleton_family + delimiter_integrity + boolean_signal
PG_BOOL_R078_C07,PG_BOOL_R078,Y1,range_type,7,and_true_guard,6,<|<@|=|AND,"(RANGE(INT, INT, STR) <@ RANGE(INT, INT, STR)) AND (INT = INT)",42ae2f8ed09bd310458074d8,required_tokens + skeleton_family + delimiter_integrity + boolean_signal
PG_BOOL_R078_C08,PG_BOOL_R078,Y1,range_type,8,or_false_guard,6,<|<>|<@|>|OR,"(RANGE(INT, INT, STR) <@ RANGE(INT, INT, STR)) OR (INT <> INT)",c7ff460e1338824dfee8a8f0,required_tokens + skeleton_family + delimiter_integrity + boolean_signal
PG_BOOL_R078_C09,PG_BOOL_R078,Y1,range_type,9,equals_true_wrapper,6,<|<@|=|TRUE,"((RANGE(INT, INT, STR) <@ RANGE(INT, INT, STR)) = TRUE)",fa4617c6fc9d98026960e631,required_tokens + skeleton_family + delimiter_integrity + boolean_signal
PG_BOOL_R078_C10,PG_BOOL_R078,Y1,range_type,10,coalesce_false_wrapper,6,<|<@|COALESCE|FALSE,"COALESCE((RANGE(INT, INT, STR) <@ RANGE(INT, INT, STR)), FALSE)",adc6b1ef74c2c23b398b54c6,required_tokens + skeleton_family + delimiter_integrity + boolean_signal
PG_BOOL_R079_C01,PG_BOOL_R079,Y1,range_type,1,base_predicate,6,=,"LOWER(RANGE(INT, INT, STR)) = INT",f155dfb6266b06e8ae126a10,required_tokens + skeleton_family + delimiter_integrity + boolean_signal
PG_BOOL_R079_C02,PG_BOOL_R079,Y1,range_type,2,parenthesized_predicate,6,=,"(LOWER(RANGE(INT, INT, STR)) = INT)",3db18a0d9d1953d878ea4e17,required_tokens + skeleton_family + delimiter_integrity + boolean_signal
PG_BOOL_R079_C03,PG_BOOL_R079,Y1,range_type,3,negated_inverse_predicate,6,=|NOT,"NOT (LOWER(RANGE(INT, INT, STR)) = INT)",2eb34a1f65107a03af5dc2fd,required_tokens + skeleton_family + delimiter_integrity + boolean_signal
PG_BOOL_R079_C04,PG_BOOL_R079,Y1,range_type,4,is_true_wrapper,6,=|IS|TRUE,"(LOWER(RANGE(INT, INT, STR)) = INT) IS TRUE",6cd5203b994f3f4636e0bb63,required_tokens + skeleton_family + delimiter_integrity + boolean_signal
PG_BOOL_R079_C05,PG_BOOL_R079,Y1,range_type,5,is_not_false_wrapper,6,=|FALSE|IS|NOT,"(LOWER(RANGE(INT, INT, STR)) = INT) IS NOT FALSE",1fcd8f8fc75d2e46ca853e38,required_tokens + skeleton_family + delimiter_integrity + boolean_signal
PG_BOOL_R079_C06,PG_BOOL_R079,Y1,range_type,6,case_boolean_wrapper,6,=|CASE|ELSE|END|FALSE|THEN|TRUE|WHEN,"CASE WHEN (LOWER(RANGE(INT, INT, STR)) = INT) THEN TRUE ELSE FALSE END",eaf5d5353b69326b803d0290,required_tokens + skeleton_family + delimiter_integrity + boolean_signal
PG_BOOL_R079_C07,PG_BOOL_R079,Y1,range_type,7,and_true_guard,6,=|AND,"(LOWER(RANGE(INT, INT, STR)) = INT) AND (INT = INT)",592319e3e849cf814a09aa90,required_tokens + skeleton_family + delimiter_integrity + boolean_signal
PG_BOOL_R079_C08,PG_BOOL_R079,Y1,range_type,8,or_false_guard,6,<|<>|=|>|OR,"(LOWER(RANGE(INT, INT, STR)) = INT) OR (INT <> INT)",2c749b26103c3ca4c17582cc,required_tokens + skeleton_family + delimiter_integrity + boolean_signal
PG_BOOL_R079_C09,PG_BOOL_R079,Y1,range_type,9,equals_true_wrapper,6,=|TRUE,"((LOWER(RANGE(INT, INT, STR)) = INT) = TRUE)",c1549cecd809d031fa094e63,required_tokens + skeleton_family + delimiter_integrity + boolean_signal
PG_BOOL_R079_C10,PG_BOOL_R079,Y1,range_type,10,coalesce_false_wrapper,6,=|COALESCE|FALSE,"COALESCE((LOWER(RANGE(INT, INT, STR)) = INT), FALSE)",dd19385546da6723e4f35a68,required_tokens + skeleton_family + delimiter_integrity + boolean_signal
PG_BOOL_R080_C01,PG_BOOL_R080,Y1,range_type,1,base_predicate,6,=,"UPPER(RANGE(INT, INT, STR)) = INT",6c09745bf1024f54fae9a79b,required_tokens + skeleton_family + delimiter_integrity + boolean_signal
PG_BOOL_R080_C02,PG_BOOL_R080,Y1,range_type,2,parenthesized_predicate,6,=,"(UPPER(RANGE(INT, INT, STR)) = INT)",3d5495182d6e22e7c533f49d,required_tokens + skeleton_family + delimiter_integrity + boolean_signal
PG_BOOL_R080_C03,PG_BOOL_R080,Y1,range_type,3,negated_inverse_predicate,6,=|NOT,"NOT (UPPER(RANGE(INT, INT, STR)) = INT)",3e353592b6b794cc3a601387,required_tokens + skeleton_family + delimiter_integrity + boolean_signal
PG_BOOL_R080_C04,PG_BOOL_R080,Y1,range_type,4,is_true_wrapper,6,=|IS|TRUE,"(UPPER(RANGE(INT, INT, STR)) = INT) IS TRUE",42b355ba2ec64f2db1dcec57,required_tokens + skeleton_family + delimiter_integrity + boolean_signal
PG_BOOL_R080_C05,PG_BOOL_R080,Y1,range_type,5,is_not_false_wrapper,6,=|FALSE|IS|NOT,"(UPPER(RANGE(INT, INT, STR)) = INT) IS NOT FALSE",3db9d77efe318b511f59f10e,required_tokens + skeleton_family + delimiter_integrity + boolean_signal
PG_BOOL_R080_C06,PG_BOOL_R080,Y1,range_type,6,case_boolean_wrapper,6,=|CASE|ELSE|END|FALSE|THEN|TRUE|WHEN,"CASE WHEN (UPPER(RANGE(INT, INT, STR)) = INT) THEN TRUE ELSE FALSE END",31f66ff4a521273c7a9020b2,required_tokens + skeleton_family + delimiter_integrity + boolean_signal
PG_BOOL_R080_C07,PG_BOOL_R080,Y1,range_type,7,and_true_guard,6,=|AND,"(UPPER(RANGE(INT, INT, STR)) = INT) AND (INT = INT)",4127c4da83c3ffcfa6a52d37,required_tokens + skeleton_family + delimiter_integrity + boolean_signal
PG_BOOL_R080_C08,PG_BOOL_R080,Y1,range_type,8,or_false_guard,6,<|<>|=|>|OR,"(UPPER(RANGE(INT, INT, STR)) = INT) OR (INT <> INT)",3b188a5f266bb8dcb6e12d76,required_tokens + skeleton_family + delimiter_integrity + boolean_signal
PG_BOOL_R080_C09,PG_BOOL_R080,Y1,range_type,9,equals_true_wrapper,6,=|TRUE,"((UPPER(RANGE(INT, INT, STR)) = INT) = TRUE)",089b35174718a8ee30db0b97,required_tokens + skeleton_family + delimiter_integrity + boolean_signal
PG_BOOL_R080_C10,PG_BOOL_R080,Y1,range_type,10,coalesce_false_wrapper,6,=|COALESCE|FALSE,"COALESCE((UPPER(RANGE(INT, INT, STR)) = INT), FALSE)",41142e48223be74c5b83a7fc,required_tokens + skeleton_family + delimiter_integrity + boolean_signal
PG_BOOL_R081_C01,PG_BOOL_R081,Y1,network_inet,1,base_predicate,6,<,INET << INET,9db377189f6183e07a9c51d6,required_tokens + skeleton_family + delimiter_integrity + boolean_signal
PG_BOOL_R081_C02,PG_BOOL_R081,Y1,network_inet,2,parenthesized_predicate,6,<,(INET << INET),4f53176ce02064be7565c76d,required_tokens + skeleton_family + delimiter_integrity + boolean_signal
PG_BOOL_R081_C03,PG_BOOL_R081,Y1,network_inet,3,negated_inverse_predicate,6,<|NOT,NOT (INET << INET),6f9576da959e67f593907dda,required_tokens + skeleton_family + delimiter_integrity + boolean_signal
PG_BOOL_R081_C04,PG_BOOL_R081,Y1,network_inet,4,is_true_wrapper,6,<|IS|TRUE,(INET << INET) IS TRUE,fde3c693a716b5efb5048679,required_tokens + skeleton_family + delimiter_integrity + boolean_signal
PG_BOOL_R081_C05,PG_BOOL_R081,Y1,network_inet,5,is_not_false_wrapper,6,<|FALSE|IS|NOT,(INET << INET) IS NOT FALSE,69b0b42e918e2c20082425b1,required_tokens + skeleton_family + delimiter_integrity + boolean_signal
PG_BOOL_R081_C06,PG_BOOL_R081,Y1,network_inet,6,case_boolean_wrapper,6,<|CASE|ELSE|END|FALSE|THEN|TRUE|WHEN,CASE WHEN (INET << INET) THEN TRUE ELSE FALSE END,d8dd52e277933e2456192023,required_tokens + skeleton_family + delimiter_integrity + boolean_signal
PG_BOOL_R081_C07,PG_BOOL_R081,Y1,network_inet,7,and_true_guard,6,<|=|AND,(INET << INET) AND (INT = INT),0815f0b75d8add5aeb23a7e0,required_tokens + skeleton_family + delimiter_integrity + boolean_signal
PG_BOOL_R081_C08,PG_BOOL_R081,Y1,network_inet,8,or_false_guard,6,<|<>|>|OR,(INET << INET) OR (INT <> INT),68425ec09b3c911dd17cdb18,required_tokens + skeleton_family + delimiter_integrity + boolean_signal
PG_BOOL_R081_C09,PG_BOOL_R081,Y1,network_inet,9,equals_true_wrapper,6,<|=|TRUE,((INET << INET) = TRUE),ed92fac2230bb8be2b34a73c,required_tokens + skeleton_family + delimiter_integrity + boolean_signal
PG_BOOL_R081_C10,PG_BOOL_R081,Y1,network_inet,10,coalesce_false_wrapper,6,<|COALESCE|FALSE,"COALESCE((INET << INET), FALSE)",c8f19b2f0ebb36e4ee252e0e,required_tokens + skeleton_family + delimiter_integrity + boolean_signal
PG_BOOL_R082_C01,PG_BOOL_R082,Y1,network_inet,1,base_predicate,6,=|>|>=,INET >>= INET,b51a809279e3445fae201e85,required_tokens + skeleton_family + delimiter_integrity + boolean_signal
PG_BOOL_R082_C02,PG_BOOL_R082,Y1,network_inet,2,parenthesized_predicate,6,=|>|>=,(INET >>= INET),de4dee6a7eef68776bc79e40,required_tokens + skeleton_family + delimiter_integrity + boolean_signal
PG_BOOL_R082_C03,PG_BOOL_R082,Y1,network_inet,3,negated_inverse_predicate,6,=|>|>=|NOT,NOT (INET >>= INET),aff88a7baa797b7d8b40120d,required_tokens + skeleton_family + delimiter_integrity + boolean_signal
PG_BOOL_R082_C04,PG_BOOL_R082,Y1,network_inet,4,is_true_wrapper,6,=|>|>=|IS|TRUE,(INET >>= INET) IS TRUE,03e24e6617c5806d1655d19b,required_tokens + skeleton_family + delimiter_integrity + boolean_signal
PG_BOOL_R082_C05,PG_BOOL_R082,Y1,network_inet,5,is_not_false_wrapper,6,=|>|>=|FALSE|IS|NOT,(INET >>= INET) IS NOT FALSE,efd86b206ffdc8058f2492b3,required_tokens + skeleton_family + delimiter_integrity + boolean_signal
PG_BOOL_R082_C06,PG_BOOL_R082,Y1,network_inet,6,case_boolean_wrapper,6,=|>|>=|CASE|ELSE|END|FALSE|THEN|TRUE|WHEN,CASE WHEN (INET >>= INET) THEN TRUE ELSE FALSE END,e365394cbcb6e930b7f378eb,required_tokens + skeleton_family + delimiter_integrity + boolean_signal
PG_BOOL_R082_C07,PG_BOOL_R082,Y1,network_inet,7,and_true_guard,6,=|>|>=|AND,(INET >>= INET) AND (INT = INT),cb02c395cfb2baf159a8c850,required_tokens + skeleton_family + delimiter_integrity + boolean_signal
PG_BOOL_R082_C08,PG_BOOL_R082,Y1,network_inet,8,or_false_guard,6,<|<>|=|>|>=|OR,(INET >>= INET) OR (INT <> INT),2cc161f4be49d95d6b9f2da2,required_tokens + skeleton_family + delimiter_integrity + boolean_signal
PG_BOOL_R082_C09,PG_BOOL_R082,Y1,network_inet,9,equals_true_wrapper,6,=|>|>=|TRUE,((INET >>= INET) = TRUE),88308c8f928b349a615542b4,required_tokens + skeleton_family + delimiter_integrity + boolean_signal
PG_BOOL_R082_C10,PG_BOOL_R082,Y1,network_inet,10,coalesce_false_wrapper,6,=|>|>=|COALESCE|FALSE,"COALESCE((INET >>= INET), FALSE)",6538398700fe62bb7c2da8f9,required_tokens + skeleton_family + delimiter_integrity + boolean_signal
PG_BOOL_R083_C01,PG_BOOL_R083,Y1,network_inet,1,base_predicate,6,=,HOST(INET) = STR,bc87da3e92823649cf76b58f,required_tokens + skeleton_family + delimiter_integrity + boolean_signal
PG_BOOL_R083_C02,PG_BOOL_R083,Y1,network_inet,2,parenthesized_predicate,6,=,(HOST(INET) = STR),f52bde07ac324e3fa083d0eb,required_tokens + skeleton_family + delimiter_integrity + boolean_signal
PG_BOOL_R083_C03,PG_BOOL_R083,Y1,network_inet,3,negated_inverse_predicate,6,=|NOT,NOT (HOST(INET) = STR),4396e6cfb6411d32b34d2f52,required_tokens + skeleton_family + delimiter_integrity + boolean_signal
PG_BOOL_R083_C04,PG_BOOL_R083,Y1,network_inet,4,is_true_wrapper,6,=|IS|TRUE,(HOST(INET) = STR) IS TRUE,533cdc1aab6516204f1d5d6f,required_tokens + skeleton_family + delimiter_integrity + boolean_signal
PG_BOOL_R083_C05,PG_BOOL_R083,Y1,network_inet,5,is_not_false_wrapper,6,=|FALSE|IS|NOT,(HOST(INET) = STR) IS NOT FALSE,67949c28e30d5fed2d57e275,required_tokens + skeleton_family + delimiter_integrity + boolean_signal
PG_BOOL_R083_C06,PG_BOOL_R083,Y1,network_inet,6,case_boolean_wrapper,6,=|CASE|ELSE|END|FALSE|THEN|TRUE|WHEN,CASE WHEN (HOST(INET) = STR) THEN TRUE ELSE FALSE END,feded101a5dc1b33b9b0ab51,required_tokens + skeleton_family + delimiter_integrity + boolean_signal
PG_BOOL_R083_C07,PG_BOOL_R083,Y1,network_inet,7,and_true_guard,6,=|AND,(HOST(INET) = STR) AND (INT = INT),c8b40c8d9dac400ee6a9fcbd,required_tokens + skeleton_family + delimiter_integrity + boolean_signal
PG_BOOL_R083_C08,PG_BOOL_R083,Y1,network_inet,8,or_false_guard,6,<|<>|=|>|OR,(HOST(INET) = STR) OR (INT <> INT),714627faf6bbe5b6075d1bef,required_tokens + skeleton_family + delimiter_integrity + boolean_signal
PG_BOOL_R083_C09,PG_BOOL_R083,Y1,network_inet,9,equals_true_wrapper,6,=|TRUE,((HOST(INET) = STR) = TRUE),83d8f96c32f5110a2c6597e3,required_tokens + skeleton_family + delimiter_integrity + boolean_signal
PG_BOOL_R083_C10,PG_BOOL_R083,Y1,network_inet,10,coalesce_false_wrapper,6,=|COALESCE|FALSE,"COALESCE((HOST(INET) = STR), FALSE)",0e8fe2069ed58c7b686f75eb,required_tokens + skeleton_family + delimiter_integrity + boolean_signal
PG_BOOL_R084_C01,PG_BOOL_R084,Y1,network_inet,1,base_predicate,6,=,FAMILY(INET) = INT,c6e2dc6ecf239cdf554cac2a,required_tokens + skeleton_family + delimiter_integrity + boolean_signal
PG_BOOL_R084_C02,PG_BOOL_R084,Y1,network_inet,2,parenthesized_predicate,6,=,(FAMILY(INET) = INT),9ad0ca9841a5954ef7af43d9,required_tokens + skeleton_family + delimiter_integrity + boolean_signal
PG_BOOL_R084_C03,PG_BOOL_R084,Y1,network_inet,3,negated_inverse_predicate,6,=|NOT,NOT (FAMILY(INET) = INT),83a5aebdf5038783f4d10365,required_tokens + skeleton_family + delimiter_integrity + boolean_signal
PG_BOOL_R084_C04,PG_BOOL_R084,Y1,network_inet,4,is_true_wrapper,6,=|IS|TRUE,(FAMILY(INET) = INT) IS TRUE,cd368a2b23b452a5adad5fec,required_tokens + skeleton_family + delimiter_integrity + boolean_signal
PG_BOOL_R084_C05,PG_BOOL_R084,Y1,network_inet,5,is_not_false_wrapper,6,=|FALSE|IS|NOT,(FAMILY(INET) = INT) IS NOT FALSE,ce3a042d14c1fc920f3da88f,required_tokens + skeleton_family + delimiter_integrity + boolean_signal
PG_BOOL_R084_C06,PG_BOOL_R084,Y1,network_inet,6,case_boolean_wrapper,6,=|CASE|ELSE|END|FALSE|THEN|TRUE|WHEN,CASE WHEN (FAMILY(INET) = INT) THEN TRUE ELSE FALSE END,aa4fa16d81d4f6c29b1075be,required_tokens + skeleton_family + delimiter_integrity + boolean_signal
PG_BOOL_R084_C07,PG_BOOL_R084,Y1,network_inet,7,and_true_guard,6,=|AND,(FAMILY(INET) = INT) AND (INT = INT),5770d2edb9309bd4f1d3fea0,required_tokens + skeleton_family + delimiter_integrity + boolean_signal
PG_BOOL_R084_C08,PG_BOOL_R084,Y1,network_inet,8,or_false_guard,6,<|<>|=|>|OR,(FAMILY(INET) = INT) OR (INT <> INT),25dcd994cdf628d2a461022d,required_tokens + skeleton_family + delimiter_integrity + boolean_signal
PG_BOOL_R084_C09,PG_BOOL_R084,Y1,network_inet,9,equals_true_wrapper,6,=|TRUE,((FAMILY(INET) = INT) = TRUE),93ce928c4d0189fcab9ddb36,required_tokens + skeleton_family + delimiter_integrity + boolean_signal
PG_BOOL_R084_C10,PG_BOOL_R084,Y1,network_inet,10,coalesce_false_wrapper,6,=|COALESCE|FALSE,"COALESCE((FAMILY(INET) = INT), FALSE)",f22f498c0cf8ca45523d7243,required_tokens + skeleton_family + delimiter_integrity + boolean_signal
PG_BOOL_R085_C01,PG_BOOL_R085,Y1,network_inet,1,base_predicate,6,=,"SET_MASKLEN(INET, INT) = INET",1491914a73ec127008a92da1,required_tokens + skeleton_family + delimiter_integrity + boolean_signal
PG_BOOL_R085_C02,PG_BOOL_R085,Y1,network_inet,2,parenthesized_predicate,6,=,"(SET_MASKLEN(INET, INT) = INET)",a780ad0b675b88cfb2f9f3ea,required_tokens + skeleton_family + delimiter_integrity + boolean_signal
PG_BOOL_R085_C03,PG_BOOL_R085,Y1,network_inet,3,negated_inverse_predicate,6,=|NOT,"NOT (SET_MASKLEN(INET, INT) = INET)",e19e9bc7abf50390d9fcaac5,required_tokens + skeleton_family + delimiter_integrity + boolean_signal
PG_BOOL_R085_C04,PG_BOOL_R085,Y1,network_inet,4,is_true_wrapper,6,=|IS|TRUE,"(SET_MASKLEN(INET, INT) = INET) IS TRUE",bad3c013667185e0d3c6273e,required_tokens + skeleton_family + delimiter_integrity + boolean_signal
PG_BOOL_R085_C05,PG_BOOL_R085,Y1,network_inet,5,is_not_false_wrapper,6,=|FALSE|IS|NOT,"(SET_MASKLEN(INET, INT) = INET) IS NOT FALSE",45b05eeac559a8861692b8a3,required_tokens + skeleton_family + delimiter_integrity + boolean_signal
PG_BOOL_R085_C06,PG_BOOL_R085,Y1,network_inet,6,case_boolean_wrapper,6,=|CASE|ELSE|END|FALSE|THEN|TRUE|WHEN,"CASE WHEN (SET_MASKLEN(INET, INT) = INET) THEN TRUE ELSE FALSE END",99468c6052651ba6196e92b9,required_tokens + skeleton_family + delimiter_integrity + boolean_signal
PG_BOOL_R085_C07,PG_BOOL_R085,Y1,network_inet,7,and_true_guard,6,=|AND,"(SET_MASKLEN(INET, INT) = INET) AND (INT = INT)",72962906bb6b8f48dca19120,required_tokens + skeleton_family + delimiter_integrity + boolean_signal
PG_BOOL_R085_C08,PG_BOOL_R085,Y1,network_inet,8,or_false_guard,6,<|<>|=|>|OR,"(SET_MASKLEN(INET, INT) = INET) OR (INT <> INT)",6952c0855350a5827ea246af,required_tokens + skeleton_family + delimiter_integrity + boolean_signal
PG_BOOL_R085_C09,PG_BOOL_R085,Y1,network_inet,9,equals_true_wrapper,6,=|TRUE,"((SET_MASKLEN(INET, INT) = INET) = TRUE)",b193d7205885b7c2b7af460b,required_tokens + skeleton_family + delimiter_integrity + boolean_signal
PG_BOOL_R085_C10,PG_BOOL_R085,Y1,network_inet,10,coalesce_false_wrapper,6,=|COALESCE|FALSE,"COALESCE((SET_MASKLEN(INET, INT) = INET), FALSE)",928269e8f348daa397dd216a,required_tokens + skeleton_family + delimiter_integrity + boolean_signal
PG_BOOL_R086_C01,PG_BOOL_R086,Y1,uuid_predicate,1,base_predicate,6,=,UUID = UUID,9898bd32206eabd38dda6e9e,required_tokens + skeleton_family + delimiter_integrity + boolean_signal
PG_BOOL_R086_C02,PG_BOOL_R086,Y1,uuid_predicate,2,parenthesized_predicate,6,=,(UUID = UUID),85ead3ddbfb2f5391959ff04,required_tokens + skeleton_family + delimiter_integrity + boolean_signal
PG_BOOL_R086_C03,PG_BOOL_R086,Y1,uuid_predicate,3,negated_inverse_predicate,6,=|NOT,NOT (UUID = UUID),357dab5af44e646d3976934b,required_tokens + skeleton_family + delimiter_integrity + boolean_signal
PG_BOOL_R086_C04,PG_BOOL_R086,Y1,uuid_predicate,4,is_true_wrapper,6,=|IS|TRUE,(UUID = UUID) IS TRUE,d1a81bae6c30e6177a7e7c18,required_tokens + skeleton_family + delimiter_integrity + boolean_signal
PG_BOOL_R086_C05,PG_BOOL_R086,Y1,uuid_predicate,5,is_not_false_wrapper,6,=|FALSE|IS|NOT,(UUID = UUID) IS NOT FALSE,3380b4473c1126b7950423e6,required_tokens + skeleton_family + delimiter_integrity + boolean_signal
PG_BOOL_R086_C06,PG_BOOL_R086,Y1,uuid_predicate,6,case_boolean_wrapper,6,=|CASE|ELSE|END|FALSE|THEN|TRUE|WHEN,CASE WHEN (UUID = UUID) THEN TRUE ELSE FALSE END,1eedb40238f877ce7e67e8fb,required_tokens + skeleton_family + delimiter_integrity + boolean_signal
PG_BOOL_R086_C07,PG_BOOL_R086,Y1,uuid_predicate,7,and_true_guard,6,=|AND,(UUID = UUID) AND (INT = INT),bf29ffc7e81a47c4f9a06cd9,required_tokens + skeleton_family + delimiter_integrity + boolean_signal
PG_BOOL_R086_C08,PG_BOOL_R086,Y1,uuid_predicate,8,or_false_guard,6,<|<>|=|>|OR,(UUID = UUID) OR (INT <> INT),aa9513f7a06ccc4c2a043af1,required_tokens + skeleton_family + delimiter_integrity + boolean_signal
PG_BOOL_R086_C09,PG_BOOL_R086,Y1,uuid_predicate,9,equals_true_wrapper,6,=|TRUE,((UUID = UUID) = TRUE),0f0b474aae45b5a64e3c8f04,required_tokens + skeleton_family + delimiter_integrity + boolean_signal
PG_BOOL_R086_C10,PG_BOOL_R086,Y1,uuid_predicate,10,coalesce_false_wrapper,6,=|COALESCE|FALSE,"COALESCE((UUID = UUID), FALSE)",cd61737b48cc8ed46ec41e06,required_tokens + skeleton_family + delimiter_integrity + boolean_signal
PG_BOOL_R087_C01,PG_BOOL_R087,Y1,uuid_predicate,1,base_predicate,6,<|<>|>,UUID <> UUID,782227b16787b74fea005475,required_tokens + skeleton_family + delimiter_integrity + boolean_signal
PG_BOOL_R087_C02,PG_BOOL_R087,Y1,uuid_predicate,2,parenthesized_predicate,6,<|<>|>,(UUID <> UUID),8c134be02cfec8cdecb8cb05,required_tokens + skeleton_family + delimiter_integrity + boolean_signal
PG_BOOL_R087_C03,PG_BOOL_R087,Y1,uuid_predicate,3,negated_inverse_predicate,6,<|<>|>|NOT,NOT (UUID <> UUID),665953d66c82226fa2feb5c2,required_tokens + skeleton_family + delimiter_integrity + boolean_signal
PG_BOOL_R087_C04,PG_BOOL_R087,Y1,uuid_predicate,4,is_true_wrapper,6,<|<>|>|IS|TRUE,(UUID <> UUID) IS TRUE,c95c6d8fe41d13efb4d4d908,required_tokens + skeleton_family + delimiter_integrity + boolean_signal
PG_BOOL_R087_C05,PG_BOOL_R087,Y1,uuid_predicate,5,is_not_false_wrapper,6,<|<>|>|FALSE|IS|NOT,(UUID <> UUID) IS NOT FALSE,f390b3566671784c71e151ac,required_tokens + skeleton_family + delimiter_integrity + boolean_signal
PG_BOOL_R087_C06,PG_BOOL_R087,Y1,uuid_predicate,6,case_boolean_wrapper,6,<|<>|>|CASE|ELSE|END|FALSE|THEN|TRUE|WHEN,CASE WHEN (UUID <> UUID) THEN TRUE ELSE FALSE END,c5e14d84406cca1aaa22f2dc,required_tokens + skeleton_family + delimiter_integrity + boolean_signal
PG_BOOL_R087_C07,PG_BOOL_R087,Y1,uuid_predicate,7,and_true_guard,6,<|<>|=|>|AND,(UUID <> UUID) AND (INT = INT),fe02cad3b287fb7d998251d4,required_tokens + skeleton_family + delimiter_integrity + boolean_signal
PG_BOOL_R087_C08,PG_BOOL_R087,Y1,uuid_predicate,8,or_false_guard,6,<|<>|>|OR,(UUID <> UUID) OR (INT <> INT),0fd50dc8a538e136e09252c3,required_tokens + skeleton_family + delimiter_integrity + boolean_signal
PG_BOOL_R087_C09,PG_BOOL_R087,Y1,uuid_predicate,9,equals_true_wrapper,6,<|<>|=|>|TRUE,((UUID <> UUID) = TRUE),401ececc9d616b7e0a5e7411,required_tokens + skeleton_family + delimiter_integrity + boolean_signal
PG_BOOL_R087_C10,PG_BOOL_R087,Y1,uuid_predicate,10,coalesce_false_wrapper,6,<|<>|>|COALESCE|FALSE,"COALESCE((UUID <> UUID), FALSE)",a933607b917344de20ebf981,required_tokens + skeleton_family + delimiter_integrity + boolean_signal
PG_BOOL_R088_C01,PG_BOOL_R088,Y1,uuid_predicate,1,base_predicate,6,DISTINCT|FROM|IS|NOT,UUID IS NOT DISTINCT FROM UUID,f797f99fab6b2c6ad9e5da7b,required_tokens + skeleton_family + delimiter_integrity + boolean_signal
PG_BOOL_R088_C02,PG_BOOL_R088,Y1,uuid_predicate,2,parenthesized_predicate,6,DISTINCT|FROM|IS|NOT,(UUID IS NOT DISTINCT FROM UUID),6eb762976656d67ed77305a2,required_tokens + skeleton_family + delimiter_integrity + boolean_signal
PG_BOOL_R088_C03,PG_BOOL_R088,Y1,uuid_predicate,3,negated_inverse_predicate,6,DISTINCT|FROM|IS|NOT,NOT (UUID IS DISTINCT FROM UUID),9db49df304898e763c41c039,required_tokens + skeleton_family + delimiter_integrity + boolean_signal
PG_BOOL_R088_C04,PG_BOOL_R088,Y1,uuid_predicate,4,is_true_wrapper,6,DISTINCT|FROM|IS|NOT|TRUE,(UUID IS NOT DISTINCT FROM UUID) IS TRUE,6eb2640b45e52464498c3bd0,required_tokens + skeleton_family + delimiter_integrity + boolean_signal
PG_BOOL_R088_C05,PG_BOOL_R088,Y1,uuid_predicate,5,is_not_false_wrapper,6,DISTINCT|FALSE|FROM|IS|NOT,(UUID IS NOT DISTINCT FROM UUID) IS NOT FALSE,b3d75f49a5081f05aa05a6e4,required_tokens + skeleton_family + delimiter_integrity + boolean_signal
PG_BOOL_R088_C06,PG_BOOL_R088,Y1,uuid_predicate,6,case_boolean_wrapper,6,CASE|DISTINCT|ELSE|END|FALSE|FROM|IS|NOT|THEN|TRUE|WHEN,CASE WHEN (UUID IS NOT DISTINCT FROM UUID) THEN TRUE ELSE FALSE END,8d6058a166b960ccebf3124a,required_tokens + skeleton_family + delimiter_integrity + boolean_signal
PG_BOOL_R088_C07,PG_BOOL_R088,Y1,uuid_predicate,7,and_true_guard,6,=|AND|DISTINCT|FROM|IS|NOT,(UUID IS NOT DISTINCT FROM UUID) AND (INT = INT),17b00ac64e7cf1615238461a,required_tokens + skeleton_family + delimiter_integrity + boolean_signal
PG_BOOL_R088_C08,PG_BOOL_R088,Y1,uuid_predicate,8,or_false_guard,6,<|<>|>|DISTINCT|FROM|IS|NOT|OR,(UUID IS NOT DISTINCT FROM UUID) OR (INT <> INT),31aff749b3c0e39676d04b68,required_tokens + skeleton_family + delimiter_integrity + boolean_signal
PG_BOOL_R088_C09,PG_BOOL_R088,Y1,uuid_predicate,9,equals_true_wrapper,6,=|DISTINCT|FROM|IS|NOT|TRUE,((UUID IS NOT DISTINCT FROM UUID) = TRUE),ceeb0f65b100c85bc26b2153,required_tokens + skeleton_family + delimiter_integrity + boolean_signal
PG_BOOL_R088_C10,PG_BOOL_R088,Y1,uuid_predicate,10,coalesce_false_wrapper,6,COALESCE|DISTINCT|FALSE|FROM|IS|NOT,"COALESCE((UUID IS NOT DISTINCT FROM UUID), FALSE)",05bec70934713c4c23b135e8,required_tokens + skeleton_family + delimiter_integrity + boolean_signal
PG_BOOL_R089_C01,PG_BOOL_R089,Y1,uuid_predicate,1,base_predicate,6,LIKE,UUID LIKE STR,1719d77ac34e3771327544c5,required_tokens + skeleton_family + delimiter_integrity + boolean_signal
PG_BOOL_R089_C02,PG_BOOL_R089,Y1,uuid_predicate,2,parenthesized_predicate,6,LIKE,(UUID LIKE STR),51ae01519c76e3b27749a3f2,required_tokens + skeleton_family + delimiter_integrity + boolean_signal
PG_BOOL_R089_C03,PG_BOOL_R089,Y1,uuid_predicate,3,negated_inverse_predicate,6,LIKE|NOT,NOT (UUID LIKE STR),45eaea77dffedca9c855e6d5,required_tokens + skeleton_family + delimiter_integrity + boolean_signal
PG_BOOL_R089_C04,PG_BOOL_R089,Y1,uuid_predicate,4,is_true_wrapper,6,IS|LIKE|TRUE,(UUID LIKE STR) IS TRUE,ef462934f4c6cefe4861ded5,required_tokens + skeleton_family + delimiter_integrity + boolean_signal
PG_BOOL_R089_C05,PG_BOOL_R089,Y1,uuid_predicate,5,is_not_false_wrapper,6,FALSE|IS|LIKE|NOT,(UUID LIKE STR) IS NOT FALSE,9c1a554ef7edbc188868fa8c,required_tokens + skeleton_family + delimiter_integrity + boolean_signal
PG_BOOL_R089_C06,PG_BOOL_R089,Y1,uuid_predicate,6,case_boolean_wrapper,6,CASE|ELSE|END|FALSE|LIKE|THEN|TRUE|WHEN,CASE WHEN (UUID LIKE STR) THEN TRUE ELSE FALSE END,19887f8940ec81fed4785489,required_tokens + skeleton_family + delimiter_integrity + boolean_signal
PG_BOOL_R089_C07,PG_BOOL_R089,Y1,uuid_predicate,7,and_true_guard,6,=|AND|LIKE,(UUID LIKE STR) AND (INT = INT),5f76da0a662fba786c8409f0,required_tokens + skeleton_family + delimiter_integrity + boolean_signal
PG_BOOL_R089_C08,PG_BOOL_R089,Y1,uuid_predicate,8,or_false_guard,6,<|<>|>|LIKE|OR,(UUID LIKE STR) OR (INT <> INT),6bd7a59a6f0d6f98b2799065,required_tokens + skeleton_family + delimiter_integrity + boolean_signal
PG_BOOL_R089_C09,PG_BOOL_R089,Y1,uuid_predicate,9,equals_true_wrapper,6,=|LIKE|TRUE,((UUID LIKE STR) = TRUE),eed166561bc8520b36a882e0,required_tokens + skeleton_family + delimiter_integrity + boolean_signal
PG_BOOL_R089_C10,PG_BOOL_R089,Y1,uuid_predicate,10,coalesce_false_wrapper,6,COALESCE|FALSE|LIKE,"COALESCE((UUID LIKE STR), FALSE)",6057d6fb8d5b36b546b7160d,required_tokens + skeleton_family + delimiter_integrity + boolean_signal
PG_BOOL_R090_C01,PG_BOOL_R090,Y1,uuid_predicate,1,base_predicate,6,=,LENGTH(UUID) = INT,b5c8ae7e55980370b8339cba,required_tokens + skeleton_family + delimiter_integrity + boolean_signal
PG_BOOL_R090_C02,PG_BOOL_R090,Y1,uuid_predicate,2,parenthesized_predicate,6,=,(LENGTH(UUID) = INT),7e9951972275d213e12b9517,required_tokens + skeleton_family + delimiter_integrity + boolean_signal
PG_BOOL_R090_C03,PG_BOOL_R090,Y1,uuid_predicate,3,negated_inverse_predicate,6,=|NOT,NOT (LENGTH(UUID) = INT),784ca939a9845a4d2dc00577,required_tokens + skeleton_family + delimiter_integrity + boolean_signal
PG_BOOL_R090_C04,PG_BOOL_R090,Y1,uuid_predicate,4,is_true_wrapper,6,=|IS|TRUE,(LENGTH(UUID) = INT) IS TRUE,f1d30b19567860178a719856,required_tokens + skeleton_family + delimiter_integrity + boolean_signal
PG_BOOL_R090_C05,PG_BOOL_R090,Y1,uuid_predicate,5,is_not_false_wrapper,6,=|FALSE|IS|NOT,(LENGTH(UUID) = INT) IS NOT FALSE,b8f50f17b3198a9cb90cd851,required_tokens + skeleton_family + delimiter_integrity + boolean_signal
PG_BOOL_R090_C06,PG_BOOL_R090,Y1,uuid_predicate,6,case_boolean_wrapper,6,=|CASE|ELSE|END|FALSE|THEN|TRUE|WHEN,CASE WHEN (LENGTH(UUID) = INT) THEN TRUE ELSE FALSE END,90a7ca2009523b98791e33e9,required_tokens + skeleton_family + delimiter_integrity + boolean_signal
PG_BOOL_R090_C07,PG_BOOL_R090,Y1,uuid_predicate,7,and_true_guard,6,=|AND,(LENGTH(UUID) = INT) AND (INT = INT),794e4b52cb7b9b4a949f092c,required_tokens + skeleton_family + delimiter_integrity + boolean_signal
PG_BOOL_R090_C08,PG_BOOL_R090,Y1,uuid_predicate,8,or_false_guard,6,<|<>|=|>|OR,(LENGTH(UUID) = INT) OR (INT <> INT),12d9d724e6f1e6ede175aefe,required_tokens + skeleton_family + delimiter_integrity + boolean_signal
PG_BOOL_R090_C09,PG_BOOL_R090,Y1,uuid_predicate,9,equals_true_wrapper,6,=|TRUE,((LENGTH(UUID) = INT) = TRUE),f27c1553da3bf491bfdcd278,required_tokens + skeleton_family + delimiter_integrity + boolean_signal
PG_BOOL_R090_C10,PG_BOOL_R090,Y1,uuid_predicate,10,coalesce_false_wrapper,6,=|COALESCE|FALSE,"COALESCE((LENGTH(UUID) = INT), FALSE)",7f73098258248aa4f0a435bc,required_tokens + skeleton_family + delimiter_integrity + boolean_signal
PG_BOOL_R091_C01,PG_BOOL_R091,Y1,full_text_predicate,1,base_predicate,6,@@,"TO_TSVECTOR(STR, STR) @@ PLAINTO_TSQUERY(STR, STR)",b266fc55e8f24e86a5252fab,required_tokens + skeleton_family + delimiter_integrity + boolean_signal
PG_BOOL_R091_C02,PG_BOOL_R091,Y1,full_text_predicate,2,parenthesized_predicate,6,@@,"(TO_TSVECTOR(STR, STR) @@ PLAINTO_TSQUERY(STR, STR))",0419645d2ff7c5a2956f0615,required_tokens + skeleton_family + delimiter_integrity + boolean_signal
PG_BOOL_R091_C03,PG_BOOL_R091,Y1,full_text_predicate,3,negated_inverse_predicate,6,@@|NOT,"NOT (TO_TSVECTOR(STR, STR) @@ PLAINTO_TSQUERY(STR, STR))",b89488a3cdf771aa1a305229,required_tokens + skeleton_family + delimiter_integrity + boolean_signal
PG_BOOL_R091_C04,PG_BOOL_R091,Y1,full_text_predicate,4,is_true_wrapper,6,@@|IS|TRUE,"(TO_TSVECTOR(STR, STR) @@ PLAINTO_TSQUERY(STR, STR)) IS TRUE",0417ff3bc78428b97319146a,required_tokens + skeleton_family + delimiter_integrity + boolean_signal
PG_BOOL_R091_C05,PG_BOOL_R091,Y1,full_text_predicate,5,is_not_false_wrapper,6,@@|FALSE|IS|NOT,"(TO_TSVECTOR(STR, STR) @@ PLAINTO_TSQUERY(STR, STR)) IS NOT FALSE",07b7ab648404338b66457d26,required_tokens + skeleton_family + delimiter_integrity + boolean_signal
PG_BOOL_R091_C06,PG_BOOL_R091,Y1,full_text_predicate,6,case_boolean_wrapper,6,@@|CASE|ELSE|END|FALSE|THEN|TRUE|WHEN,"CASE WHEN (TO_TSVECTOR(STR, STR) @@ PLAINTO_TSQUERY(STR, STR)) THEN TRUE ELSE FALSE END",aab71122ec02962486f4c30a,required_tokens + skeleton_family + delimiter_integrity + boolean_signal
PG_BOOL_R091_C07,PG_BOOL_R091,Y1,full_text_predicate,7,and_true_guard,6,=|@@|AND,"(TO_TSVECTOR(STR, STR) @@ PLAINTO_TSQUERY(STR, STR)) AND (INT = INT)",9e396ff9cc6f09efa34a0ee7,required_tokens + skeleton_family + delimiter_integrity + boolean_signal
PG_BOOL_R091_C08,PG_BOOL_R091,Y1,full_text_predicate,8,or_false_guard,6,<|<>|>|@@|OR,"(TO_TSVECTOR(STR, STR) @@ PLAINTO_TSQUERY(STR, STR)) OR (INT <> INT)",b66fc64a7f15cd3cf425e06a,required_tokens + skeleton_family + delimiter_integrity + boolean_signal
PG_BOOL_R091_C09,PG_BOOL_R091,Y1,full_text_predicate,9,equals_true_wrapper,6,=|@@|TRUE,"((TO_TSVECTOR(STR, STR) @@ PLAINTO_TSQUERY(STR, STR)) = TRUE)",ad7424045b262cd49392df01,required_tokens + skeleton_family + delimiter_integrity + boolean_signal
PG_BOOL_R091_C10,PG_BOOL_R091,Y1,full_text_predicate,10,coalesce_false_wrapper,6,@@|COALESCE|FALSE,"COALESCE((TO_TSVECTOR(STR, STR) @@ PLAINTO_TSQUERY(STR, STR)), FALSE)",edebd7f2d3dfbf355c9a134c,required_tokens + skeleton_family + delimiter_integrity + boolean_signal
PG_BOOL_R092_C01,PG_BOOL_R092,Y1,full_text_predicate,1,base_predicate,6,@@,"TO_TSVECTOR(STR, STR) @@ TO_TSQUERY(STR, STR)",196e496848ad3fa9853f261c,required_tokens + skeleton_family + delimiter_integrity + boolean_signal
PG_BOOL_R092_C02,PG_BOOL_R092,Y1,full_text_predicate,2,parenthesized_predicate,6,@@,"(TO_TSVECTOR(STR, STR) @@ TO_TSQUERY(STR, STR))",309b3f2f66478c311a9e62b7,required_tokens + skeleton_family + delimiter_integrity + boolean_signal
PG_BOOL_R092_C03,PG_BOOL_R092,Y1,full_text_predicate,3,negated_inverse_predicate,6,@@|NOT,"NOT (TO_TSVECTOR(STR, STR) @@ TO_TSQUERY(STR, STR))",11a4fc09d62c07f88333670f,required_tokens + skeleton_family + delimiter_integrity + boolean_signal
PG_BOOL_R092_C04,PG_BOOL_R092,Y1,full_text_predicate,4,is_true_wrapper,6,@@|IS|TRUE,"(TO_TSVECTOR(STR, STR) @@ TO_TSQUERY(STR, STR)) IS TRUE",b68dc7943ef805bef5fde5a0,required_tokens + skeleton_family + delimiter_integrity + boolean_signal
PG_BOOL_R092_C05,PG_BOOL_R092,Y1,full_text_predicate,5,is_not_false_wrapper,6,@@|FALSE|IS|NOT,"(TO_TSVECTOR(STR, STR) @@ TO_TSQUERY(STR, STR)) IS NOT FALSE",7daa736f612aea0c8836c7cf,required_tokens + skeleton_family + delimiter_integrity + boolean_signal
PG_BOOL_R092_C06,PG_BOOL_R092,Y1,full_text_predicate,6,case_boolean_wrapper,6,@@|CASE|ELSE|END|FALSE|THEN|TRUE|WHEN,"CASE WHEN (TO_TSVECTOR(STR, STR) @@ TO_TSQUERY(STR, STR)) THEN TRUE ELSE FALSE END",e7bbd0e322c48d37b70b7a4e,required_tokens + skeleton_family + delimiter_integrity + boolean_signal
PG_BOOL_R092_C07,PG_BOOL_R092,Y1,full_text_predicate,7,and_true_guard,6,=|@@|AND,"(TO_TSVECTOR(STR, STR) @@ TO_TSQUERY(STR, STR)) AND (INT = INT)",ab25af7b5f926ea9378dd242,required_tokens + skeleton_family + delimiter_integrity + boolean_signal
PG_BOOL_R092_C08,PG_BOOL_R092,Y1,full_text_predicate,8,or_false_guard,6,<|<>|>|@@|OR,"(TO_TSVECTOR(STR, STR) @@ TO_TSQUERY(STR, STR)) OR (INT <> INT)",7ce8dfba67df5c8e8880e1b2,required_tokens + skeleton_family + delimiter_integrity + boolean_signal
PG_BOOL_R092_C09,PG_BOOL_R092,Y1,full_text_predicate,9,equals_true_wrapper,6,=|@@|TRUE,"((TO_TSVECTOR(STR, STR) @@ TO_TSQUERY(STR, STR)) = TRUE)",ca44b1f98672b719da135860,required_tokens + skeleton_family + delimiter_integrity + boolean_signal
PG_BOOL_R092_C10,PG_BOOL_R092,Y1,full_text_predicate,10,coalesce_false_wrapper,6,@@|COALESCE|FALSE,"COALESCE((TO_TSVECTOR(STR, STR) @@ TO_TSQUERY(STR, STR)), FALSE)",4f382739f864afcf4095e37b,required_tokens + skeleton_family + delimiter_integrity + boolean_signal
PG_BOOL_R093_C01,PG_BOOL_R093,Y1,full_text_predicate,1,base_predicate,6,=,"NUMNODE(PLAINTO_TSQUERY(STR, STR)) = INT",dce7273b70e63026485069bc,required_tokens + skeleton_family + delimiter_integrity + boolean_signal
PG_BOOL_R093_C02,PG_BOOL_R093,Y1,full_text_predicate,2,parenthesized_predicate,6,=,"(NUMNODE(PLAINTO_TSQUERY(STR, STR)) = INT)",2ee5bf5e39d3e0fbaf7a1ba2,required_tokens + skeleton_family + delimiter_integrity + boolean_signal
PG_BOOL_R093_C03,PG_BOOL_R093,Y1,full_text_predicate,3,negated_inverse_predicate,6,=|NOT,"NOT (NUMNODE(PLAINTO_TSQUERY(STR, STR)) = INT)",ea131e5903c39f5c5418760d,required_tokens + skeleton_family + delimiter_integrity + boolean_signal
PG_BOOL_R093_C04,PG_BOOL_R093,Y1,full_text_predicate,4,is_true_wrapper,6,=|IS|TRUE,"(NUMNODE(PLAINTO_TSQUERY(STR, STR)) = INT) IS TRUE",498d4843cb5b29e529691846,required_tokens + skeleton_family + delimiter_integrity + boolean_signal
PG_BOOL_R093_C05,PG_BOOL_R093,Y1,full_text_predicate,5,is_not_false_wrapper,6,=|FALSE|IS|NOT,"(NUMNODE(PLAINTO_TSQUERY(STR, STR)) = INT) IS NOT FALSE",80f5266ad7a1c1052d0a63e0,required_tokens + skeleton_family + delimiter_integrity + boolean_signal
PG_BOOL_R093_C06,PG_BOOL_R093,Y1,full_text_predicate,6,case_boolean_wrapper,6,=|CASE|ELSE|END|FALSE|THEN|TRUE|WHEN,"CASE WHEN (NUMNODE(PLAINTO_TSQUERY(STR, STR)) = INT) THEN TRUE ELSE FALSE END",5d1547d1bd9a9ffca9fac816,required_tokens + skeleton_family + delimiter_integrity + boolean_signal
PG_BOOL_R093_C07,PG_BOOL_R093,Y1,full_text_predicate,7,and_true_guard,6,=|AND,"(NUMNODE(PLAINTO_TSQUERY(STR, STR)) = INT) AND (INT = INT)",22808ac3564ff7d07663876a,required_tokens + skeleton_family + delimiter_integrity + boolean_signal
PG_BOOL_R093_C08,PG_BOOL_R093,Y1,full_text_predicate,8,or_false_guard,6,<|<>|=|>|OR,"(NUMNODE(PLAINTO_TSQUERY(STR, STR)) = INT) OR (INT <> INT)",0b537923f690c5e5406d220a,required_tokens + skeleton_family + delimiter_integrity + boolean_signal
PG_BOOL_R093_C09,PG_BOOL_R093,Y1,full_text_predicate,9,equals_true_wrapper,6,=|TRUE,"((NUMNODE(PLAINTO_TSQUERY(STR, STR)) = INT) = TRUE)",869bf67eafa4339919c1f3dd,required_tokens + skeleton_family + delimiter_integrity + boolean_signal
PG_BOOL_R093_C10,PG_BOOL_R093,Y1,full_text_predicate,10,coalesce_false_wrapper,6,=|COALESCE|FALSE,"COALESCE((NUMNODE(PLAINTO_TSQUERY(STR, STR)) = INT), FALSE)",0199178a6e56deba40bd0bb8,required_tokens + skeleton_family + delimiter_integrity + boolean_signal
PG_BOOL_R094_C01,PG_BOOL_R094,Y1,full_text_predicate,1,base_predicate,6,<|<>|>,"QUERYTREE(PLAINTO_TSQUERY(STR, STR)) <> STR",e4fa3a1c092e9a83b3b3d86f,required_tokens + skeleton_family + delimiter_integrity + boolean_signal
PG_BOOL_R094_C02,PG_BOOL_R094,Y1,full_text_predicate,2,parenthesized_predicate,6,<|<>|>,"(QUERYTREE(PLAINTO_TSQUERY(STR, STR)) <> STR)",d0748e8b60c80e15a98b19b6,required_tokens + skeleton_family + delimiter_integrity + boolean_signal
PG_BOOL_R094_C03,PG_BOOL_R094,Y1,full_text_predicate,3,negated_inverse_predicate,6,<|<>|>|NOT,"NOT (QUERYTREE(PLAINTO_TSQUERY(STR, STR)) <> STR)",29162394a54ce72c6310afc6,required_tokens + skeleton_family + delimiter_integrity + boolean_signal
PG_BOOL_R094_C04,PG_BOOL_R094,Y1,full_text_predicate,4,is_true_wrapper,6,<|<>|>|IS|TRUE,"(QUERYTREE(PLAINTO_TSQUERY(STR, STR)) <> STR) IS TRUE",dbff50d0f7ddaf8650a31feb,required_tokens + skeleton_family + delimiter_integrity + boolean_signal
PG_BOOL_R094_C05,PG_BOOL_R094,Y1,full_text_predicate,5,is_not_false_wrapper,6,<|<>|>|FALSE|IS|NOT,"(QUERYTREE(PLAINTO_TSQUERY(STR, STR)) <> STR) IS NOT FALSE",f6fef89a7214a63bdb8719c6,required_tokens + skeleton_family + delimiter_integrity + boolean_signal
PG_BOOL_R094_C06,PG_BOOL_R094,Y1,full_text_predicate,6,case_boolean_wrapper,6,<|<>|>|CASE|ELSE|END|FALSE|THEN|TRUE|WHEN,"CASE WHEN (QUERYTREE(PLAINTO_TSQUERY(STR, STR)) <> STR) THEN TRUE ELSE FALSE END",a2677c8086beb063029e1095,required_tokens + skeleton_family + delimiter_integrity + boolean_signal
PG_BOOL_R094_C07,PG_BOOL_R094,Y1,full_text_predicate,7,and_true_guard,6,<|<>|=|>|AND,"(QUERYTREE(PLAINTO_TSQUERY(STR, STR)) <> STR) AND (INT = INT)",a89661066f4e3cc7e90a20bd,required_tokens + skeleton_family + delimiter_integrity + boolean_signal
PG_BOOL_R094_C08,PG_BOOL_R094,Y1,full_text_predicate,8,or_false_guard,6,<|<>|>|OR,"(QUERYTREE(PLAINTO_TSQUERY(STR, STR)) <> STR) OR (INT <> INT)",f66749df079a145d6ebae184,required_tokens + skeleton_family + delimiter_integrity + boolean_signal
PG_BOOL_R094_C09,PG_BOOL_R094,Y1,full_text_predicate,9,equals_true_wrapper,6,<|<>|=|>|TRUE,"((QUERYTREE(PLAINTO_TSQUERY(STR, STR)) <> STR) = TRUE)",9df3ab227d3223f4c0810037,required_tokens + skeleton_family + delimiter_integrity + boolean_signal
PG_BOOL_R094_C10,PG_BOOL_R094,Y1,full_text_predicate,10,coalesce_false_wrapper,6,<|<>|>|COALESCE|FALSE,"COALESCE((QUERYTREE(PLAINTO_TSQUERY(STR, STR)) <> STR), FALSE)",e86be8863f07384e3e61c6fd,required_tokens + skeleton_family + delimiter_integrity + boolean_signal
PG_BOOL_R095_C01,PG_BOOL_R095,Y1,full_text_predicate,1,base_predicate,6,@@,TO_TSVECTOR(STR) @@ WEBSEARCH_TO_TSQUERY(STR),52839397ea1a438041fe6287,required_tokens + skeleton_family + delimiter_integrity + boolean_signal
PG_BOOL_R095_C02,PG_BOOL_R095,Y1,full_text_predicate,2,parenthesized_predicate,6,@@,(TO_TSVECTOR(STR) @@ WEBSEARCH_TO_TSQUERY(STR)),1ea399ad4ad3785e46879285,required_tokens + skeleton_family + delimiter_integrity + boolean_signal
PG_BOOL_R095_C03,PG_BOOL_R095,Y1,full_text_predicate,3,negated_inverse_predicate,6,@@|NOT,NOT (TO_TSVECTOR(STR) @@ WEBSEARCH_TO_TSQUERY(STR)),010e82c60adba87a50a84f8b,required_tokens + skeleton_family + delimiter_integrity + boolean_signal
PG_BOOL_R095_C04,PG_BOOL_R095,Y1,full_text_predicate,4,is_true_wrapper,6,@@|IS|TRUE,(TO_TSVECTOR(STR) @@ WEBSEARCH_TO_TSQUERY(STR)) IS TRUE,c0013b1bcc0ed90795a1d4a0,required_tokens + skeleton_family + delimiter_integrity + boolean_signal
PG_BOOL_R095_C05,PG_BOOL_R095,Y1,full_text_predicate,5,is_not_false_wrapper,6,@@|FALSE|IS|NOT,(TO_TSVECTOR(STR) @@ WEBSEARCH_TO_TSQUERY(STR)) IS NOT FALSE,ab1e029d1ee52e8d76491db7,required_tokens + skeleton_family + delimiter_integrity + boolean_signal
PG_BOOL_R095_C06,PG_BOOL_R095,Y1,full_text_predicate,6,case_boolean_wrapper,6,@@|CASE|ELSE|END|FALSE|THEN|TRUE|WHEN,CASE WHEN (TO_TSVECTOR(STR) @@ WEBSEARCH_TO_TSQUERY(STR)) THEN TRUE ELSE FALSE END,729fd6b14508b1f98a2c8f8e,required_tokens + skeleton_family + delimiter_integrity + boolean_signal
PG_BOOL_R095_C07,PG_BOOL_R095,Y1,full_text_predicate,7,and_true_guard,6,=|@@|AND,(TO_TSVECTOR(STR) @@ WEBSEARCH_TO_TSQUERY(STR)) AND (INT = INT),ef87be44bdcc302200abf634,required_tokens + skeleton_family + delimiter_integrity + boolean_signal
PG_BOOL_R095_C08,PG_BOOL_R095,Y1,full_text_predicate,8,or_false_guard,6,<|<>|>|@@|OR,(TO_TSVECTOR(STR) @@ WEBSEARCH_TO_TSQUERY(STR)) OR (INT <> INT),9cbdc40b20279c1b8873db73,required_tokens + skeleton_family + delimiter_integrity + boolean_signal
PG_BOOL_R095_C09,PG_BOOL_R095,Y1,full_text_predicate,9,equals_true_wrapper,6,=|@@|TRUE,((TO_TSVECTOR(STR) @@ WEBSEARCH_TO_TSQUERY(STR)) = TRUE),822809864e3eecfc1f3cc94d,required_tokens + skeleton_family + delimiter_integrity + boolean_signal
PG_BOOL_R095_C10,PG_BOOL_R095,Y1,full_text_predicate,10,coalesce_false_wrapper,6,@@|COALESCE|FALSE,"COALESCE((TO_TSVECTOR(STR) @@ WEBSEARCH_TO_TSQUERY(STR)), FALSE)",4128444a3d217d1d26ff0729,required_tokens + skeleton_family + delimiter_integrity + boolean_signal
PG_BOOL_R096_C01,PG_BOOL_R096,Y1,logical_composition,1,base_predicate,6,=|AND,(INT = INT) AND (INT = INT),d9cc75dcb2c59452d03aa2dc,required_tokens + skeleton_family + delimiter_integrity + boolean_signal
PG_BOOL_R096_C02,PG_BOOL_R096,Y1,logical_composition,2,parenthesized_predicate,6,=|AND,((INT = INT) AND (INT = INT)),906eb90513a394d0fa8ca1c4,required_tokens + skeleton_family + delimiter_integrity + boolean_signal
PG_BOOL_R096_C03,PG_BOOL_R096,Y1,logical_composition,3,negated_inverse_predicate,6,=|AND|NOT,NOT ((INT = INT) AND (INT = INT)),f1b3a8e367c2cb31ff47f939,required_tokens + skeleton_family + delimiter_integrity + boolean_signal
PG_BOOL_R096_C04,PG_BOOL_R096,Y1,logical_composition,4,is_true_wrapper,6,=|AND|IS|TRUE,((INT = INT) AND (INT = INT)) IS TRUE,828675912bb7e931768ce1aa,required_tokens + skeleton_family + delimiter_integrity + boolean_signal
PG_BOOL_R096_C05,PG_BOOL_R096,Y1,logical_composition,5,is_not_false_wrapper,6,=|AND|FALSE|IS|NOT,((INT = INT) AND (INT = INT)) IS NOT FALSE,a1de6750e6d5ce3e14e093d6,required_tokens + skeleton_family + delimiter_integrity + boolean_signal
PG_BOOL_R096_C06,PG_BOOL_R096,Y1,logical_composition,6,case_boolean_wrapper,6,=|AND|CASE|ELSE|END|FALSE|THEN|TRUE|WHEN,CASE WHEN ((INT = INT) AND (INT = INT)) THEN TRUE ELSE FALSE END,34499819c55b8445ea9d86de,required_tokens + skeleton_family + delimiter_integrity + boolean_signal
PG_BOOL_R096_C07,PG_BOOL_R096,Y1,logical_composition,7,and_true_guard,6,=|AND,((INT = INT) AND (INT = INT)) AND (INT = INT),74e4d9388ea4bb0ae59f739b,required_tokens + skeleton_family + delimiter_integrity + boolean_signal
PG_BOOL_R096_C08,PG_BOOL_R096,Y1,logical_composition,8,or_false_guard,6,<|<>|=|>|AND|OR,((INT = INT) AND (INT = INT)) OR (INT <> INT),8c4bb006d8550630f081198e,required_tokens + skeleton_family + delimiter_integrity + boolean_signal
PG_BOOL_R096_C09,PG_BOOL_R096,Y1,logical_composition,9,equals_true_wrapper,6,=|AND|TRUE,(((INT = INT) AND (INT = INT)) = TRUE),1b5ad2f4d0c109f0c7e0739c,required_tokens + skeleton_family + delimiter_integrity + boolean_signal
PG_BOOL_R096_C10,PG_BOOL_R096,Y1,logical_composition,10,coalesce_false_wrapper,6,=|AND|COALESCE|FALSE,"COALESCE(((INT = INT) AND (INT = INT)), FALSE)",7c9e02f58d34a5dad988be12,required_tokens + skeleton_family + delimiter_integrity + boolean_signal
PG_BOOL_R097_C01,PG_BOOL_R097,Y1,logical_composition,1,base_predicate,6,=|OR,(INT = INT) OR (INT = INT),9357108da54a76e8b257f5b1,required_tokens + skeleton_family + delimiter_integrity + boolean_signal
PG_BOOL_R097_C02,PG_BOOL_R097,Y1,logical_composition,2,parenthesized_predicate,6,=|OR,((INT = INT) OR (INT = INT)),a244a3b2f2157eff53aae7d6,required_tokens + skeleton_family + delimiter_integrity + boolean_signal
PG_BOOL_R097_C03,PG_BOOL_R097,Y1,logical_composition,3,negated_inverse_predicate,6,=|NOT|OR,NOT ((INT = INT) OR (INT = INT)),fa493dada7f22e0a82b1df46,required_tokens + skeleton_family + delimiter_integrity + boolean_signal
PG_BOOL_R097_C04,PG_BOOL_R097,Y1,logical_composition,4,is_true_wrapper,6,=|IS|OR|TRUE,((INT = INT) OR (INT = INT)) IS TRUE,d0df04a741cdd8a63645179c,required_tokens + skeleton_family + delimiter_integrity + boolean_signal
PG_BOOL_R097_C05,PG_BOOL_R097,Y1,logical_composition,5,is_not_false_wrapper,6,=|FALSE|IS|NOT|OR,((INT = INT) OR (INT = INT)) IS NOT FALSE,6beb702a16d3711bacfe9bdb,required_tokens + skeleton_family + delimiter_integrity + boolean_signal
PG_BOOL_R097_C06,PG_BOOL_R097,Y1,logical_composition,6,case_boolean_wrapper,6,=|CASE|ELSE|END|FALSE|OR|THEN|TRUE|WHEN,CASE WHEN ((INT = INT) OR (INT = INT)) THEN TRUE ELSE FALSE END,a70faac3b0291e407a7f1639,required_tokens + skeleton_family + delimiter_integrity + boolean_signal
PG_BOOL_R097_C07,PG_BOOL_R097,Y1,logical_composition,7,and_true_guard,6,=|AND|OR,((INT = INT) OR (INT = INT)) AND (INT = INT),7dcf3fa01d544617a1d901cf,required_tokens + skeleton_family + delimiter_integrity + boolean_signal
PG_BOOL_R097_C08,PG_BOOL_R097,Y1,logical_composition,8,or_false_guard,6,<|<>|=|>|OR,((INT = INT) OR (INT = INT)) OR (INT <> INT),b487d5af177208630ce5035d,required_tokens + skeleton_family + delimiter_integrity + boolean_signal
PG_BOOL_R097_C09,PG_BOOL_R097,Y1,logical_composition,9,equals_true_wrapper,6,=|OR|TRUE,(((INT = INT) OR (INT = INT)) = TRUE),2d2952527d3e0e04b5b9db89,required_tokens + skeleton_family + delimiter_integrity + boolean_signal
PG_BOOL_R097_C10,PG_BOOL_R097,Y1,logical_composition,10,coalesce_false_wrapper,6,=|COALESCE|FALSE|OR,"COALESCE(((INT = INT) OR (INT = INT)), FALSE)",ca3affaef9178a77bd25d225,required_tokens + skeleton_family + delimiter_integrity + boolean_signal
PG_BOOL_R098_C01,PG_BOOL_R098,Y1,logical_composition,1,base_predicate,6,=|NOT,NOT (INT = INT),e3174ba72bb1f8f25d89f77b,required_tokens + skeleton_family + delimiter_integrity + boolean_signal
PG_BOOL_R098_C02,PG_BOOL_R098,Y1,logical_composition,2,parenthesized_predicate,6,=|NOT,(NOT (INT = INT)),71a61e15e56af5828cdb48ad,required_tokens + skeleton_family + delimiter_integrity + boolean_signal
PG_BOOL_R098_C03,PG_BOOL_R098,Y1,logical_composition,3,negated_inverse_predicate,6,=|NOT,NOT (NOT (INT = INT)),7987bffc947c49e254307eff,required_tokens + skeleton_family + delimiter_integrity + boolean_signal
PG_BOOL_R098_C04,PG_BOOL_R098,Y1,logical_composition,4,is_true_wrapper,6,=|IS|NOT|TRUE,(NOT (INT = INT)) IS TRUE,7493a23b364524e8d1bec536,required_tokens + skeleton_family + delimiter_integrity + boolean_signal
PG_BOOL_R098_C05,PG_BOOL_R098,Y1,logical_composition,5,is_not_false_wrapper,6,=|FALSE|IS|NOT,(NOT (INT = INT)) IS NOT FALSE,d1f92109e7a3c8b296325911,required_tokens + skeleton_family + delimiter_integrity + boolean_signal
PG_BOOL_R098_C06,PG_BOOL_R098,Y1,logical_composition,6,case_boolean_wrapper,6,=|CASE|ELSE|END|FALSE|NOT|THEN|TRUE|WHEN,CASE WHEN (NOT (INT = INT)) THEN TRUE ELSE FALSE END,1c246413a1eae9856d989a29,required_tokens + skeleton_family + delimiter_integrity + boolean_signal
PG_BOOL_R098_C07,PG_BOOL_R098,Y1,logical_composition,7,and_true_guard,6,=|AND|NOT,(NOT (INT = INT)) AND (INT = INT),c7254c6bf8145c8c7fcd3e1f,required_tokens + skeleton_family + delimiter_integrity + boolean_signal
PG_BOOL_R098_C08,PG_BOOL_R098,Y1,logical_composition,8,or_false_guard,6,<|<>|=|>|NOT|OR,(NOT (INT = INT)) OR (INT <> INT),c18d78812131b01fa639dffd,required_tokens + skeleton_family + delimiter_integrity + boolean_signal
PG_BOOL_R098_C09,PG_BOOL_R098,Y1,logical_composition,9,equals_true_wrapper,6,=|NOT|TRUE,((NOT (INT = INT)) = TRUE),e94d1e77570a183fa10a4375,required_tokens + skeleton_family + delimiter_integrity + boolean_signal
PG_BOOL_R098_C10,PG_BOOL_R098,Y1,logical_composition,10,coalesce_false_wrapper,6,=|COALESCE|FALSE|NOT,"COALESCE((NOT (INT = INT)), FALSE)",861c58e960cea4b32410750c,required_tokens + skeleton_family + delimiter_integrity + boolean_signal
PG_BOOL_R099_C01,PG_BOOL_R099,Y1,logical_composition,1,base_predicate,6,=|AND|IS|TRUE,((INT = INT) AND (INT = INT)) IS TRUE,0f0ad74aee9d8fa6084f56e3,required_tokens + skeleton_family + delimiter_integrity + boolean_signal
PG_BOOL_R099_C02,PG_BOOL_R099,Y1,logical_composition,2,parenthesized_predicate,6,=|AND|IS|TRUE,(((INT = INT) AND (INT = INT)) IS TRUE),15a7c6457f9a6fa5e01f6f4b,required_tokens + skeleton_family + delimiter_integrity + boolean_signal
PG_BOOL_R099_C03,PG_BOOL_R099,Y1,logical_composition,3,negated_inverse_predicate,6,=|AND|FALSE|IS|NOT,NOT (((INT = INT) AND (INT = INT)) IS FALSE),072ad2ab31b9a2b094f7d235,required_tokens + skeleton_family + delimiter_integrity + boolean_signal
PG_BOOL_R099_C04,PG_BOOL_R099,Y1,logical_composition,4,is_true_wrapper,6,=|AND|IS|TRUE,(((INT = INT) AND (INT = INT)) IS TRUE) IS TRUE,985a317c3547fefe097fd568,required_tokens + skeleton_family + delimiter_integrity + boolean_signal
PG_BOOL_R099_C05,PG_BOOL_R099,Y1,logical_composition,5,is_not_false_wrapper,6,=|AND|FALSE|IS|NOT|TRUE,(((INT = INT) AND (INT = INT)) IS TRUE) IS NOT FALSE,21191feeeeb569e1cd6ce384,required_tokens + skeleton_family + delimiter_integrity + boolean_signal
PG_BOOL_R099_C06,PG_BOOL_R099,Y1,logical_composition,6,case_boolean_wrapper,6,=|AND|CASE|ELSE|END|FALSE|IS|THEN|TRUE|WHEN,CASE WHEN (((INT = INT) AND (INT = INT)) IS TRUE) THEN TRUE ELSE FALSE END,af6e39c703aa6e4cfa029610,required_tokens + skeleton_family + delimiter_integrity + boolean_signal
PG_BOOL_R099_C07,PG_BOOL_R099,Y1,logical_composition,7,and_true_guard,6,=|AND|IS|TRUE,(((INT = INT) AND (INT = INT)) IS TRUE) AND (INT = INT),541443ffe1563012ae5d23d8,required_tokens + skeleton_family + delimiter_integrity + boolean_signal
PG_BOOL_R099_C08,PG_BOOL_R099,Y1,logical_composition,8,or_false_guard,6,<|<>|=|>|AND|IS|OR|TRUE,(((INT = INT) AND (INT = INT)) IS TRUE) OR (INT <> INT),0d13f56c39452d0aec065f25,required_tokens + skeleton_family + delimiter_integrity + boolean_signal
PG_BOOL_R099_C09,PG_BOOL_R099,Y1,logical_composition,9,equals_true_wrapper,6,=|AND|IS|TRUE,((((INT = INT) AND (INT = INT)) IS TRUE) = TRUE),45d50a9341e2e14d97f98865,required_tokens + skeleton_family + delimiter_integrity + boolean_signal
PG_BOOL_R099_C10,PG_BOOL_R099,Y1,logical_composition,10,coalesce_false_wrapper,6,=|AND|COALESCE|FALSE|IS|TRUE,"COALESCE((((INT = INT) AND (INT = INT)) IS TRUE), FALSE)",20d6c15a8a9efc49d59dfd89,required_tokens + skeleton_family + delimiter_integrity + boolean_signal
PG_BOOL_R100_C01,PG_BOOL_R100,Y1,logical_composition,1,base_predicate,6,=|AND|OR,((INT = INT) OR (INT = INT)) AND (INT = INT),094808807e9991bcebc03864,required_tokens + skeleton_family + delimiter_integrity + boolean_signal
PG_BOOL_R100_C02,PG_BOOL_R100,Y1,logical_composition,2,parenthesized_predicate,6,=|AND|OR,(((INT = INT) OR (INT = INT)) AND (INT = INT)),c1abcab1ccb5eba65bb8f152,required_tokens + skeleton_family + delimiter_integrity + boolean_signal
PG_BOOL_R100_C03,PG_BOOL_R100,Y1,logical_composition,3,negated_inverse_predicate,6,=|AND|NOT|OR,NOT (((INT = INT) OR (INT = INT)) AND (INT = INT)),7ac0c81e499ce9bbec38ea5f,required_tokens + skeleton_family + delimiter_integrity + boolean_signal
PG_BOOL_R100_C04,PG_BOOL_R100,Y1,logical_composition,4,is_true_wrapper,6,=|AND|IS|OR|TRUE,(((INT = INT) OR (INT = INT)) AND (INT = INT)) IS TRUE,84598017421cbb44e3f14f0f,required_tokens + skeleton_family + delimiter_integrity + boolean_signal
PG_BOOL_R100_C05,PG_BOOL_R100,Y1,logical_composition,5,is_not_false_wrapper,6,=|AND|FALSE|IS|NOT|OR,(((INT = INT) OR (INT = INT)) AND (INT = INT)) IS NOT FALSE,65aaa970919151b13d56a713,required_tokens + skeleton_family + delimiter_integrity + boolean_signal
PG_BOOL_R100_C06,PG_BOOL_R100,Y1,logical_composition,6,case_boolean_wrapper,6,=|AND|CASE|ELSE|END|FALSE|OR|THEN|TRUE|WHEN,CASE WHEN (((INT = INT) OR (INT = INT)) AND (INT = INT)) THEN TRUE ELSE FALSE END,c185c3cc98e542187ca9c99f,required_tokens + skeleton_family + delimiter_integrity + boolean_signal
PG_BOOL_R100_C07,PG_BOOL_R100,Y1,logical_composition,7,and_true_guard,6,=|AND|OR,(((INT = INT) OR (INT = INT)) AND (INT = INT)) AND (INT = INT),95c6767872cde613f18e6e09,required_tokens + skeleton_family + delimiter_integrity + boolean_signal
PG_BOOL_R100_C08,PG_BOOL_R100,Y1,logical_composition,8,or_false_guard,6,<|<>|=|>|AND|OR,(((INT = INT) OR (INT = INT)) AND (INT = INT)) OR (INT <> INT),f3a320289e5ef558afbefa94,required_tokens + skeleton_family + delimiter_integrity + boolean_signal
PG_BOOL_R100_C09,PG_BOOL_R100,Y1,logical_composition,9,equals_true_wrapper,6,=|AND|OR|TRUE,((((INT = INT) OR (INT = INT)) AND (INT = INT)) = TRUE),274e73c90c35a32eac9d1e32,required_tokens + skeleton_family + delimiter_integrity + boolean_signal
PG_BOOL_R100_C10,PG_BOOL_R100,Y1,logical_composition,10,coalesce_false_wrapper,6,=|AND|COALESCE|FALSE|OR,"COALESCE((((INT = INT) OR (INT = INT)) AND (INT = INT)), FALSE)",c2fde6071476b7ca2e084148,required_tokens + skeleton_family + delimiter_integrity + boolean_signal
