row_index,payload_norm,label,sqli_type_hint
16710,empece9ora,0,
16711,dra2atizar,0,
16712,3.36323E+15,0,
16713,otumba 24 13e,0,
16714,crosby,0,
16715,vannuchhi_ecoffery@hotelesjerez.vc,0,
16716,handy.leleu@chevrolet-volt.gob,0,
16717,braddell@cincocolores.cat,0,
16718,pifiar,0,
16719,23715739w,0,
16720,72484997z,0,
16721,7.64748E+15,0,
16722,57879425v,0,
16723,ballista@kpincentives.sa,0,
16724,84826588n,0,
16725,leopolda,0,
16726,6onc+hesta,0,
16727,del cid labastie,0,
16728,3.15402E+15,0,
16729,miner@zing.lk,0,
16730,4.79764E+15,0,
16731,6h11a3rud9,0,
16732,paterna del campo,0,
16733,2.93801E+15,0,
16734,8.73E+15,0,
16735,14li6l4,0,
16736,irado,0,
16737,jarad,0,
16738,hormilla,0,
16739,cuatriduana,0,
