row_index,payload_norm,label,sqli_type_hint
13830,"c/ gaspar reyes, 172 8?f",0,
13831,9.11358E+14,0,
13832,cartaa,0,
13833,porter,0,
13834,getulio,0,
13835,lonnie,0,
13836,03621656f,0,
13837,5.82525E+15,0,
13838,fernald,0,
13839,1.57143E+15,0,
13840,mortensen@look2fly.nr,0,
13841,atiy,0,
13842,86943454g,0,
13843,dasya4,0,
13844,duthie,0,
13845,5.27381E+14,0,
13846,pacn,0,
13847,mirambell donet,0,
13848,i2cit6d4r,0,
13849,4.62514E+14,0,
13850,ruano barril,0,
13851,arqu rocas,0,
13852,hani,0,
13853,frerichs@underdog.as,0,
13854,equilibrio,0,
13855,07441681p,0,
13856,ve4t4nal,0,
13857,boreo@creacionesdolcevita.mo,0,
13858,55235483v,0,
13859,song@eyewear.nom.aw,0,
