row_index,payload_norm,label,sqli_type_hint
16560,7u6can*i2a04n,0,
16561,paulovic,0,
16562,addons,0,
16563,"c/ torre, 151, 9?b",0,
16564,bertilia,0,
16565,boothe,0,
16566,72094500b,0,
16567,nobuo,0,
16568,almcita,0,
16569,4ip7237o8h2dira,0,
16570,lucio,0,
16571,coca artero,0,
16572,pardos@barcafedaniss.co,0,
16573,16124624z,0,
16574,d012965226m6ent0,0,
16575,irina,0,
16576,schaafsma@gay-tantra.sj,0,
16577,shanta,0,
16578,urkiaga,0,
16579,elian,0,
16580,messenger@blanquillos.pk,0,
16581,5h5c8,0,
16582,erhard@miplat.il,0,
16583,8.62225E+15,0,
16584,carablanca,0,
16585,4.79E+15,0,
16586,en683$67,0,
16587,lagunaseca,0,
16588,reinhard,0,
16589,6.96678E+15,0,
