row_index,payload_norm,label,sqli_type_hint
15840,stefana1,0,
15841,8.71176E+15,0,
15842,73502486y,0,
15843,60928646j,0,
15844,mataronesa,0,
15845,plumero,0,
15846,rupp@djbroadcast.gov,0,
15847,jengibre,0,
15848,5.93447E+15,0,
15849,"c/ valdepalitos 155, 5-a",0,
15850,2ariosamente,0,
15851,vila kusanovic,0,
15852,nooshin,0,
15853,7.66646E+15,0,
15854,3.30212E+15,0,
15855,a8o8decer,0,
15856,tarpey@bwds.ne,0,
15857,5.58562E+15,0,
15858,gaja,0,
15859,"c/ cangas del narcea, 97, 12?e",0,
15860,4.96159E+14,0,
15861,gwohsing,0,
15862,"c/ geranio, 65",0,
15863,aldea del cano,0,
15864,homero,0,
15865,saciedad,0,
15866,38623329g,0,
15867,espa7t4ro,0,
15868,"xiprer 61, 2-a",0,
15869,schwuchow9@viajessolomujeres.bj,0,
