structure_cell_id,root_id,y_level,semantic_family,cell_index,cell_recipe,expected_samples,required_tokens,skeleton_reference,structure_signature,cell_contract
PG_BOOL_R001_C01,PG_BOOL_R001,Y4,comparison_numeric,1,base_predicate,6,=,INT = INT,b13df2935590868afc5a2384,required_tokens + skeleton_family + delimiter_integrity + boolean_signal
PG_BOOL_R001_C02,PG_BOOL_R001,Y4,comparison_numeric,2,parenthesized_predicate,6,=,(INT = INT),7ae2e0e029795cf8d4de19c5,required_tokens + skeleton_family + delimiter_integrity + boolean_signal
PG_BOOL_R001_C03,PG_BOOL_R001,Y4,comparison_numeric,3,negated_inverse_predicate,6,=|NOT,NOT (INT = INT),cfab80a7f312ba93e2f98106,required_tokens + skeleton_family + delimiter_integrity + boolean_signal
PG_BOOL_R001_C04,PG_BOOL_R001,Y4,comparison_numeric,4,is_true_wrapper,6,=|IS|TRUE,(INT = INT) IS TRUE,3c825b70bfb3485f5b36a44e,required_tokens + skeleton_family + delimiter_integrity + boolean_signal
PG_BOOL_R001_C05,PG_BOOL_R001,Y4,comparison_numeric,5,is_not_false_wrapper,6,=|FALSE|IS|NOT,(INT = INT) IS NOT FALSE,3f3f91bb4bc02dbb88a05338,required_tokens + skeleton_family + delimiter_integrity + boolean_signal
PG_BOOL_R001_C06,PG_BOOL_R001,Y4,comparison_numeric,6,case_boolean_wrapper,6,=|CASE|ELSE|END|FALSE|THEN|TRUE|WHEN,CASE WHEN (INT = INT) THEN TRUE ELSE FALSE END,4dfc3421865b35958847ebee,required_tokens + skeleton_family + delimiter_integrity + boolean_signal
PG_BOOL_R001_C07,PG_BOOL_R001,Y4,comparison_numeric,7,and_true_guard,6,=|AND,(INT = INT) AND (INT = INT),4473620ea0ad9628d8cd1fb0,required_tokens + skeleton_family + delimiter_integrity + boolean_signal
PG_BOOL_R001_C08,PG_BOOL_R001,Y4,comparison_numeric,8,or_false_guard,6,<|<>|=|>|OR,(INT = INT) OR (INT <> INT),b6611b662b1a6cbe8b9f1ac0,required_tokens + skeleton_family + delimiter_integrity + boolean_signal
PG_BOOL_R001_C09,PG_BOOL_R001,Y4,comparison_numeric,9,equals_true_wrapper,6,=|TRUE,((INT = INT) = TRUE),25b8e0766dd2f61b7f6fded7,required_tokens + skeleton_family + delimiter_integrity + boolean_signal
PG_BOOL_R001_C10,PG_BOOL_R001,Y4,comparison_numeric,10,coalesce_false_wrapper,6,=|COALESCE|FALSE,"COALESCE((INT = INT), FALSE)",6049070d6c434f61722dd456,required_tokens + skeleton_family + delimiter_integrity + boolean_signal
PG_BOOL_R002_C01,PG_BOOL_R002,Y4,comparison_numeric,1,base_predicate,6,<|<>|>,INT <> INT,478ef4b84c591c8fc35de9f0,required_tokens + skeleton_family + delimiter_integrity + boolean_signal
PG_BOOL_R002_C02,PG_BOOL_R002,Y4,comparison_numeric,2,parenthesized_predicate,6,<|<>|>,(INT <> INT),0ada26cb5f225a50970be1a4,required_tokens + skeleton_family + delimiter_integrity + boolean_signal
PG_BOOL_R002_C03,PG_BOOL_R002,Y4,comparison_numeric,3,negated_inverse_predicate,6,<|<>|>|NOT,NOT (INT <> INT),bf26bef690eccc40e41de8d5,required_tokens + skeleton_family + delimiter_integrity + boolean_signal
PG_BOOL_R002_C04,PG_BOOL_R002,Y4,comparison_numeric,4,is_true_wrapper,6,<|<>|>|IS|TRUE,(INT <> INT) IS TRUE,af4cf6995a614fc59820c028,required_tokens + skeleton_family + delimiter_integrity + boolean_signal
PG_BOOL_R002_C05,PG_BOOL_R002,Y4,comparison_numeric,5,is_not_false_wrapper,6,<|<>|>|FALSE|IS|NOT,(INT <> INT) IS NOT FALSE,c7e60c2f234e2c0c0f697227,required_tokens + skeleton_family + delimiter_integrity + boolean_signal
PG_BOOL_R002_C06,PG_BOOL_R002,Y4,comparison_numeric,6,case_boolean_wrapper,6,<|<>|>|CASE|ELSE|END|FALSE|THEN|TRUE|WHEN,CASE WHEN (INT <> INT) THEN TRUE ELSE FALSE END,efa550f2c71b23c5f2bc0891,required_tokens + skeleton_family + delimiter_integrity + boolean_signal
PG_BOOL_R002_C07,PG_BOOL_R002,Y4,comparison_numeric,7,and_true_guard,6,<|<>|=|>|AND,(INT <> INT) AND (INT = INT),69f469431e5db69d620bb8a5,required_tokens + skeleton_family + delimiter_integrity + boolean_signal
PG_BOOL_R002_C08,PG_BOOL_R002,Y4,comparison_numeric,8,or_false_guard,6,<|<>|>|OR,(INT <> INT) OR (INT <> INT),3155a0369d87978b24feae8b,required_tokens + skeleton_family + delimiter_integrity + boolean_signal
PG_BOOL_R002_C09,PG_BOOL_R002,Y4,comparison_numeric,9,equals_true_wrapper,6,<|<>|=|>|TRUE,((INT <> INT) = TRUE),3c5bb4e6c1d842fd476fc591,required_tokens + skeleton_family + delimiter_integrity + boolean_signal
PG_BOOL_R002_C10,PG_BOOL_R002,Y4,comparison_numeric,10,coalesce_false_wrapper,6,<|<>|>|COALESCE|FALSE,"COALESCE((INT <> INT), FALSE)",2956b5e70edcd0072b487ff6,required_tokens + skeleton_family + delimiter_integrity + boolean_signal
PG_BOOL_R003_C01,PG_BOOL_R003,Y4,comparison_numeric,1,base_predicate,6,>,INT > INT,1b7da73bc82653863aff1b83,required_tokens + skeleton_family + delimiter_integrity + boolean_signal
PG_BOOL_R003_C02,PG_BOOL_R003,Y4,comparison_numeric,2,parenthesized_predicate,6,>,(INT > INT),3c52f196e295a94a5ad181ae,required_tokens + skeleton_family + delimiter_integrity + boolean_signal
PG_BOOL_R003_C03,PG_BOOL_R003,Y4,comparison_numeric,3,negated_inverse_predicate,6,>|NOT,NOT (INT > INT),8ed3aea56360c81c1a55730b,required_tokens + skeleton_family + delimiter_integrity + boolean_signal
PG_BOOL_R003_C04,PG_BOOL_R003,Y4,comparison_numeric,4,is_true_wrapper,6,>|IS|TRUE,(INT > INT) IS TRUE,0c259487a64d57489178666a,required_tokens + skeleton_family + delimiter_integrity + boolean_signal
PG_BOOL_R003_C05,PG_BOOL_R003,Y4,comparison_numeric,5,is_not_false_wrapper,6,>|FALSE|IS|NOT,(INT > INT) IS NOT FALSE,1f9f68d028515fed26755974,required_tokens + skeleton_family + delimiter_integrity + boolean_signal
PG_BOOL_R003_C06,PG_BOOL_R003,Y4,comparison_numeric,6,case_boolean_wrapper,6,>|CASE|ELSE|END|FALSE|THEN|TRUE|WHEN,CASE WHEN (INT > INT) THEN TRUE ELSE FALSE END,2ceeeb6ba71b82d87011d16e,required_tokens + skeleton_family + delimiter_integrity + boolean_signal
PG_BOOL_R003_C07,PG_BOOL_R003,Y4,comparison_numeric,7,and_true_guard,6,=|>|AND,(INT > INT) AND (INT = INT),6bd2de96cdc2cee3811f4af8,required_tokens + skeleton_family + delimiter_integrity + boolean_signal
PG_BOOL_R003_C08,PG_BOOL_R003,Y4,comparison_numeric,8,or_false_guard,6,<|<>|>|OR,(INT > INT) OR (INT <> INT),6ee4f16d518c3b668e002d55,required_tokens + skeleton_family + delimiter_integrity + boolean_signal
PG_BOOL_R003_C09,PG_BOOL_R003,Y4,comparison_numeric,9,equals_true_wrapper,6,=|>|TRUE,((INT > INT) = TRUE),e3390f89694f100da0ff5984,required_tokens + skeleton_family + delimiter_integrity + boolean_signal
PG_BOOL_R003_C10,PG_BOOL_R003,Y4,comparison_numeric,10,coalesce_false_wrapper,6,>|COALESCE|FALSE,"COALESCE((INT > INT), FALSE)",4c55ac280731deaa3ca38421,required_tokens + skeleton_family + delimiter_integrity + boolean_signal
PG_BOOL_R004_C01,PG_BOOL_R004,Y4,comparison_numeric,1,base_predicate,6,<|<=|=,INT <= INT,36a06a6369a1f9e48901a106,required_tokens + skeleton_family + delimiter_integrity + boolean_signal
PG_BOOL_R004_C02,PG_BOOL_R004,Y4,comparison_numeric,2,parenthesized_predicate,6,<|<=|=,(INT <= INT),4e61c3c70c2f61e4adee356d,required_tokens + skeleton_family + delimiter_integrity + boolean_signal
PG_BOOL_R004_C03,PG_BOOL_R004,Y4,comparison_numeric,3,negated_inverse_predicate,6,<|<=|=|NOT,NOT (INT <= INT),7bb3d0486ad5dbb5d833a96e,required_tokens + skeleton_family + delimiter_integrity + boolean_signal
PG_BOOL_R004_C04,PG_BOOL_R004,Y4,comparison_numeric,4,is_true_wrapper,6,<|<=|=|IS|TRUE,(INT <= INT) IS TRUE,8ccb8ed503c036230780257c,required_tokens + skeleton_family + delimiter_integrity + boolean_signal
PG_BOOL_R004_C05,PG_BOOL_R004,Y4,comparison_numeric,5,is_not_false_wrapper,6,<|<=|=|FALSE|IS|NOT,(INT <= INT) IS NOT FALSE,59ae5939084a1854ab69c5cf,required_tokens + skeleton_family + delimiter_integrity + boolean_signal
PG_BOOL_R004_C06,PG_BOOL_R004,Y4,comparison_numeric,6,case_boolean_wrapper,6,<|<=|=|CASE|ELSE|END|FALSE|THEN|TRUE|WHEN,CASE WHEN (INT <= INT) THEN TRUE ELSE FALSE END,b9fa7463b5578520e7de5011,required_tokens + skeleton_family + delimiter_integrity + boolean_signal
PG_BOOL_R004_C07,PG_BOOL_R004,Y4,comparison_numeric,7,and_true_guard,6,<|<=|=|AND,(INT <= INT) AND (INT = INT),ce87ec4f96f436803ed2e151,required_tokens + skeleton_family + delimiter_integrity + boolean_signal
PG_BOOL_R004_C08,PG_BOOL_R004,Y4,comparison_numeric,8,or_false_guard,6,<|<=|<>|=|>|OR,(INT <= INT) OR (INT <> INT),9eec0ba672e3d8049b6cba54,required_tokens + skeleton_family + delimiter_integrity + boolean_signal
PG_BOOL_R004_C09,PG_BOOL_R004,Y4,comparison_numeric,9,equals_true_wrapper,6,<|<=|=|TRUE,((INT <= INT) = TRUE),7d621ff20ef49cb7520cbc9e,required_tokens + skeleton_family + delimiter_integrity + boolean_signal
PG_BOOL_R004_C10,PG_BOOL_R004,Y4,comparison_numeric,10,coalesce_false_wrapper,6,<|<=|=|COALESCE|FALSE,"COALESCE((INT <= INT), FALSE)",021eb506b00df669c52d7b7f,required_tokens + skeleton_family + delimiter_integrity + boolean_signal
PG_BOOL_R005_C01,PG_BOOL_R005,Y4,comparison_numeric,1,base_predicate,6,=,(INT + INT) = INT,828ac2523ee2a448e3a0f5f8,required_tokens + skeleton_family + delimiter_integrity + boolean_signal
PG_BOOL_R005_C02,PG_BOOL_R005,Y4,comparison_numeric,2,parenthesized_predicate,6,=,((INT + INT) = INT),237561ab3afadd366261eade,required_tokens + skeleton_family + delimiter_integrity + boolean_signal
PG_BOOL_R005_C03,PG_BOOL_R005,Y4,comparison_numeric,3,negated_inverse_predicate,6,=|NOT,NOT ((INT + INT) = INT),2128729e56913d05ee856981,required_tokens + skeleton_family + delimiter_integrity + boolean_signal
PG_BOOL_R005_C04,PG_BOOL_R005,Y4,comparison_numeric,4,is_true_wrapper,6,=|IS|TRUE,((INT + INT) = INT) IS TRUE,ae9b2a433a2d3b04459772ab,required_tokens + skeleton_family + delimiter_integrity + boolean_signal
PG_BOOL_R005_C05,PG_BOOL_R005,Y4,comparison_numeric,5,is_not_false_wrapper,6,=|FALSE|IS|NOT,((INT + INT) = INT) IS NOT FALSE,76f2ef4a91bef0b94860226b,required_tokens + skeleton_family + delimiter_integrity + boolean_signal
PG_BOOL_R005_C06,PG_BOOL_R005,Y4,comparison_numeric,6,case_boolean_wrapper,6,=|CASE|ELSE|END|FALSE|THEN|TRUE|WHEN,CASE WHEN ((INT + INT) = INT) THEN TRUE ELSE FALSE END,f5c1a1daa6e73aa9106fcb0d,required_tokens + skeleton_family + delimiter_integrity + boolean_signal
PG_BOOL_R005_C07,PG_BOOL_R005,Y4,comparison_numeric,7,and_true_guard,6,=|AND,((INT + INT) = INT) AND (INT = INT),ca5e50186c6055b9678caa5b,required_tokens + skeleton_family + delimiter_integrity + boolean_signal
PG_BOOL_R005_C08,PG_BOOL_R005,Y4,comparison_numeric,8,or_false_guard,6,<|<>|=|>|OR,((INT + INT) = INT) OR (INT <> INT),a9dca6eb54dcb2504cf59849,required_tokens + skeleton_family + delimiter_integrity + boolean_signal
PG_BOOL_R005_C09,PG_BOOL_R005,Y4,comparison_numeric,9,equals_true_wrapper,6,=|TRUE,(((INT + INT) = INT) = TRUE),4e1b82adf0f75e0a05c5c784,required_tokens + skeleton_family + delimiter_integrity + boolean_signal
PG_BOOL_R005_C10,PG_BOOL_R005,Y4,comparison_numeric,10,coalesce_false_wrapper,6,=|COALESCE|FALSE,"COALESCE(((INT + INT) = INT), FALSE)",6f35db8a97645324ce231b05,required_tokens + skeleton_family + delimiter_integrity + boolean_signal
PG_BOOL_R006_C01,PG_BOOL_R006,Y4,comparison_text,1,base_predicate,6,=,STR = STR,5b11f376a5fbcea447fe8746,required_tokens + skeleton_family + delimiter_integrity + boolean_signal
PG_BOOL_R006_C02,PG_BOOL_R006,Y4,comparison_text,2,parenthesized_predicate,6,=,(STR = STR),843ea8c76778b8fb46728525,required_tokens + skeleton_family + delimiter_integrity + boolean_signal
PG_BOOL_R006_C03,PG_BOOL_R006,Y4,comparison_text,3,negated_inverse_predicate,6,=|NOT,NOT (STR = STR),9877f5748547fb8f041d488b,required_tokens + skeleton_family + delimiter_integrity + boolean_signal
PG_BOOL_R006_C04,PG_BOOL_R006,Y4,comparison_text,4,is_true_wrapper,6,=|IS|TRUE,(STR = STR) IS TRUE,8517d7fb367250a2af806c6e,required_tokens + skeleton_family + delimiter_integrity + boolean_signal
PG_BOOL_R006_C05,PG_BOOL_R006,Y4,comparison_text,5,is_not_false_wrapper,6,=|FALSE|IS|NOT,(STR = STR) IS NOT FALSE,582273291c1a857c9c8f0665,required_tokens + skeleton_family + delimiter_integrity + boolean_signal
PG_BOOL_R006_C06,PG_BOOL_R006,Y4,comparison_text,6,case_boolean_wrapper,6,=|CASE|ELSE|END|FALSE|THEN|TRUE|WHEN,CASE WHEN (STR = STR) THEN TRUE ELSE FALSE END,f6f848cc59ad42c33b3ea86a,required_tokens + skeleton_family + delimiter_integrity + boolean_signal
PG_BOOL_R006_C07,PG_BOOL_R006,Y4,comparison_text,7,and_true_guard,6,=|AND,(STR = STR) AND (INT = INT),3cd2820f2891cda0acbb49e2,required_tokens + skeleton_family + delimiter_integrity + boolean_signal
PG_BOOL_R006_C08,PG_BOOL_R006,Y4,comparison_text,8,or_false_guard,6,<|<>|=|>|OR,(STR = STR) OR (INT <> INT),3c8e04f586a15ac67bf2b04d,required_tokens + skeleton_family + delimiter_integrity + boolean_signal
PG_BOOL_R006_C09,PG_BOOL_R006,Y4,comparison_text,9,equals_true_wrapper,6,=|TRUE,((STR = STR) = TRUE),e6be58284678c815800e8b15,required_tokens + skeleton_family + delimiter_integrity + boolean_signal
PG_BOOL_R006_C10,PG_BOOL_R006,Y4,comparison_text,10,coalesce_false_wrapper,6,=|COALESCE|FALSE,"COALESCE((STR = STR), FALSE)",d26e18164211075fc8f45c36,required_tokens + skeleton_family + delimiter_integrity + boolean_signal
PG_BOOL_R007_C01,PG_BOOL_R007,Y4,comparison_text,1,base_predicate,6,<|<>|>,STR <> STR,80e23ab7426bf6a14545d4e4,required_tokens + skeleton_family + delimiter_integrity + boolean_signal
PG_BOOL_R007_C02,PG_BOOL_R007,Y4,comparison_text,2,parenthesized_predicate,6,<|<>|>,(STR <> STR),8f2cd24103857ea8625e65ee,required_tokens + skeleton_family + delimiter_integrity + boolean_signal
PG_BOOL_R007_C03,PG_BOOL_R007,Y4,comparison_text,3,negated_inverse_predicate,6,<|<>|>|NOT,NOT (STR <> STR),eb0e97c9b5b40162d13fe160,required_tokens + skeleton_family + delimiter_integrity + boolean_signal
PG_BOOL_R007_C04,PG_BOOL_R007,Y4,comparison_text,4,is_true_wrapper,6,<|<>|>|IS|TRUE,(STR <> STR) IS TRUE,d3d91dffae4c3106f45273cd,required_tokens + skeleton_family + delimiter_integrity + boolean_signal
PG_BOOL_R007_C05,PG_BOOL_R007,Y4,comparison_text,5,is_not_false_wrapper,6,<|<>|>|FALSE|IS|NOT,(STR <> STR) IS NOT FALSE,f14b21c4507d806c6cf38937,required_tokens + skeleton_family + delimiter_integrity + boolean_signal
PG_BOOL_R007_C06,PG_BOOL_R007,Y4,comparison_text,6,case_boolean_wrapper,6,<|<>|>|CASE|ELSE|END|FALSE|THEN|TRUE|WHEN,CASE WHEN (STR <> STR) THEN TRUE ELSE FALSE END,6693d0821220af6586a2cd3d,required_tokens + skeleton_family + delimiter_integrity + boolean_signal
PG_BOOL_R007_C07,PG_BOOL_R007,Y4,comparison_text,7,and_true_guard,6,<|<>|=|>|AND,(STR <> STR) AND (INT = INT),cd0e2caea1d1b1865e2ab02f,required_tokens + skeleton_family + delimiter_integrity + boolean_signal
PG_BOOL_R007_C08,PG_BOOL_R007,Y4,comparison_text,8,or_false_guard,6,<|<>|>|OR,(STR <> STR) OR (INT <> INT),1ed56e1e266608143eadfbd2,required_tokens + skeleton_family + delimiter_integrity + boolean_signal
PG_BOOL_R007_C09,PG_BOOL_R007,Y4,comparison_text,9,equals_true_wrapper,6,<|<>|=|>|TRUE,((STR <> STR) = TRUE),23bae6c1f26b238612462c23,required_tokens + skeleton_family + delimiter_integrity + boolean_signal
PG_BOOL_R007_C10,PG_BOOL_R007,Y4,comparison_text,10,coalesce_false_wrapper,6,<|<>|>|COALESCE|FALSE,"COALESCE((STR <> STR), FALSE)",2441578d4f1682cb6b87f93c,required_tokens + skeleton_family + delimiter_integrity + boolean_signal
PG_BOOL_R008_C01,PG_BOOL_R008,Y4,comparison_text,1,base_predicate,6,=,LOWER(STR) = STR,c5ba1ee706e99a86112f73b8,required_tokens + skeleton_family + delimiter_integrity + boolean_signal
PG_BOOL_R008_C02,PG_BOOL_R008,Y4,comparison_text,2,parenthesized_predicate,6,=,(LOWER(STR) = STR),5a23020eaeb5af7597c68fe1,required_tokens + skeleton_family + delimiter_integrity + boolean_signal
PG_BOOL_R008_C03,PG_BOOL_R008,Y4,comparison_text,3,negated_inverse_predicate,6,=|NOT,NOT (LOWER(STR) = STR),8adc129acdcabddf300f2ccc,required_tokens + skeleton_family + delimiter_integrity + boolean_signal
PG_BOOL_R008_C04,PG_BOOL_R008,Y4,comparison_text,4,is_true_wrapper,6,=|IS|TRUE,(LOWER(STR) = STR) IS TRUE,088a2f5ffde27fdbbfa29fbf,required_tokens + skeleton_family + delimiter_integrity + boolean_signal
PG_BOOL_R008_C05,PG_BOOL_R008,Y4,comparison_text,5,is_not_false_wrapper,6,=|FALSE|IS|NOT,(LOWER(STR) = STR) IS NOT FALSE,c5e9f16ba2a78999844a089a,required_tokens + skeleton_family + delimiter_integrity + boolean_signal
PG_BOOL_R008_C06,PG_BOOL_R008,Y4,comparison_text,6,case_boolean_wrapper,6,=|CASE|ELSE|END|FALSE|THEN|TRUE|WHEN,CASE WHEN (LOWER(STR) = STR) THEN TRUE ELSE FALSE END,8a719bd40483e5642bd11638,required_tokens + skeleton_family + delimiter_integrity + boolean_signal
PG_BOOL_R008_C07,PG_BOOL_R008,Y4,comparison_text,7,and_true_guard,6,=|AND,(LOWER(STR) = STR) AND (INT = INT),b52576452d11c5530aaae85e,required_tokens + skeleton_family + delimiter_integrity + boolean_signal
PG_BOOL_R008_C08,PG_BOOL_R008,Y4,comparison_text,8,or_false_guard,6,<|<>|=|>|OR,(LOWER(STR) = STR) OR (INT <> INT),47fdaff72bed9cd3ec71785e,required_tokens + skeleton_family + delimiter_integrity + boolean_signal
PG_BOOL_R008_C09,PG_BOOL_R008,Y4,comparison_text,9,equals_true_wrapper,6,=|TRUE,((LOWER(STR) = STR) = TRUE),f9eab21d86e1647a04fbfeb9,required_tokens + skeleton_family + delimiter_integrity + boolean_signal
PG_BOOL_R008_C10,PG_BOOL_R008,Y4,comparison_text,10,coalesce_false_wrapper,6,=|COALESCE|FALSE,"COALESCE((LOWER(STR) = STR), FALSE)",e88aec46e28bc69bc50386f5,required_tokens + skeleton_family + delimiter_integrity + boolean_signal
PG_BOOL_R009_C01,PG_BOOL_R009,Y4,comparison_text,1,base_predicate,6,=,CHAR_LENGTH(STR) = INT,b8ea6b995384e381b470aaca,required_tokens + skeleton_family + delimiter_integrity + boolean_signal
PG_BOOL_R009_C02,PG_BOOL_R009,Y4,comparison_text,2,parenthesized_predicate,6,=,(CHAR_LENGTH(STR) = INT),423e2a3a95806cc393249b50,required_tokens + skeleton_family + delimiter_integrity + boolean_signal
PG_BOOL_R009_C03,PG_BOOL_R009,Y4,comparison_text,3,negated_inverse_predicate,6,=|NOT,NOT (CHAR_LENGTH(STR) = INT),3303410cc5591e49b8ee8a2d,required_tokens + skeleton_family + delimiter_integrity + boolean_signal
PG_BOOL_R009_C04,PG_BOOL_R009,Y4,comparison_text,4,is_true_wrapper,6,=|IS|TRUE,(CHAR_LENGTH(STR) = INT) IS TRUE,c36f2deadc2f0a0e2a91b9b1,required_tokens + skeleton_family + delimiter_integrity + boolean_signal
PG_BOOL_R009_C05,PG_BOOL_R009,Y4,comparison_text,5,is_not_false_wrapper,6,=|FALSE|IS|NOT,(CHAR_LENGTH(STR) = INT) IS NOT FALSE,65c0e1cf37b8652178a032b4,required_tokens + skeleton_family + delimiter_integrity + boolean_signal
PG_BOOL_R009_C06,PG_BOOL_R009,Y4,comparison_text,6,case_boolean_wrapper,6,=|CASE|ELSE|END|FALSE|THEN|TRUE|WHEN,CASE WHEN (CHAR_LENGTH(STR) = INT) THEN TRUE ELSE FALSE END,424fdd8c850bc7a558fbabde,required_tokens + skeleton_family + delimiter_integrity + boolean_signal
PG_BOOL_R009_C07,PG_BOOL_R009,Y4,comparison_text,7,and_true_guard,6,=|AND,(CHAR_LENGTH(STR) = INT) AND (INT = INT),b39b25b128e98999f6378658,required_tokens + skeleton_family + delimiter_integrity + boolean_signal
PG_BOOL_R009_C08,PG_BOOL_R009,Y4,comparison_text,8,or_false_guard,6,<|<>|=|>|OR,(CHAR_LENGTH(STR) = INT) OR (INT <> INT),891f21693bdcbed566de969f,required_tokens + skeleton_family + delimiter_integrity + boolean_signal
PG_BOOL_R009_C09,PG_BOOL_R009,Y4,comparison_text,9,equals_true_wrapper,6,=|TRUE,((CHAR_LENGTH(STR) = INT) = TRUE),2838679aa66149a89692f4a3,required_tokens + skeleton_family + delimiter_integrity + boolean_signal
PG_BOOL_R009_C10,PG_BOOL_R009,Y4,comparison_text,10,coalesce_false_wrapper,6,=|COALESCE|FALSE,"COALESCE((CHAR_LENGTH(STR) = INT), FALSE)",47b35b460daf15c8ec78f114,required_tokens + skeleton_family + delimiter_integrity + boolean_signal
PG_BOOL_R010_C01,PG_BOOL_R010,Y4,comparison_text,1,base_predicate,6,>|IN,POSITION(STR IN STR) > INT,cb84a487a88a773c86f80a1e,required_tokens + skeleton_family + delimiter_integrity + boolean_signal
PG_BOOL_R010_C02,PG_BOOL_R010,Y4,comparison_text,2,parenthesized_predicate,6,>|IN,(POSITION(STR IN STR) > INT),4bfebf512815831e97b9cfc4,required_tokens + skeleton_family + delimiter_integrity + boolean_signal
PG_BOOL_R010_C03,PG_BOOL_R010,Y4,comparison_text,3,negated_inverse_predicate,6,>|IN|NOT,NOT (POSITION(STR IN STR) > INT),641ef3ea301f14f8522f3e57,required_tokens + skeleton_family + delimiter_integrity + boolean_signal
PG_BOOL_R010_C04,PG_BOOL_R010,Y4,comparison_text,4,is_true_wrapper,6,>|IN|IS|TRUE,(POSITION(STR IN STR) > INT) IS TRUE,8f9959486dc3d576ef17debd,required_tokens + skeleton_family + delimiter_integrity + boolean_signal
PG_BOOL_R010_C05,PG_BOOL_R010,Y4,comparison_text,5,is_not_false_wrapper,6,>|FALSE|IN|IS|NOT,(POSITION(STR IN STR) > INT) IS NOT FALSE,133989eb77b5732417613c3c,required_tokens + skeleton_family + delimiter_integrity + boolean_signal
PG_BOOL_R010_C06,PG_BOOL_R010,Y4,comparison_text,6,case_boolean_wrapper,6,>|CASE|ELSE|END|FALSE|IN|THEN|TRUE|WHEN,CASE WHEN (POSITION(STR IN STR) > INT) THEN TRUE ELSE FALSE END,bc912bb099f6591baeaa0222,required_tokens + skeleton_family + delimiter_integrity + boolean_signal
PG_BOOL_R010_C07,PG_BOOL_R010,Y4,comparison_text,7,and_true_guard,6,=|>|AND|IN,(POSITION(STR IN STR) > INT) AND (INT = INT),b17564ac7b8bbe91b85aa566,required_tokens + skeleton_family + delimiter_integrity + boolean_signal
PG_BOOL_R010_C08,PG_BOOL_R010,Y4,comparison_text,8,or_false_guard,6,<|<>|>|IN|OR,(POSITION(STR IN STR) > INT) OR (INT <> INT),7b9484ca11e3808213bb3e62,required_tokens + skeleton_family + delimiter_integrity + boolean_signal
PG_BOOL_R010_C09,PG_BOOL_R010,Y4,comparison_text,9,equals_true_wrapper,6,=|>|IN|TRUE,((POSITION(STR IN STR) > INT) = TRUE),01ffeaaa95088227f30affec,required_tokens + skeleton_family + delimiter_integrity + boolean_signal
PG_BOOL_R010_C10,PG_BOOL_R010,Y4,comparison_text,10,coalesce_false_wrapper,6,>|COALESCE|FALSE|IN,"COALESCE((POSITION(STR IN STR) > INT), FALSE)",b2126a60c0ecd9324ae76096,required_tokens + skeleton_family + delimiter_integrity + boolean_signal
PG_BOOL_R011_C01,PG_BOOL_R011,Y4,null_boolean,1,base_predicate,6,IS|NULL,NULL IS NULL,85a5b8b840e7e1c720676b12,required_tokens + skeleton_family + delimiter_integrity + boolean_signal
PG_BOOL_R011_C02,PG_BOOL_R011,Y4,null_boolean,2,parenthesized_predicate,6,IS|NULL,(NULL IS NULL),1c234209640fa4c71c5bd60c,required_tokens + skeleton_family + delimiter_integrity + boolean_signal
PG_BOOL_R011_C03,PG_BOOL_R011,Y4,null_boolean,3,negated_inverse_predicate,6,IS|NOT|NULL,NOT (NULL IS NOT NULL),f700d23ebf13beb6cae28417,required_tokens + skeleton_family + delimiter_integrity + boolean_signal
PG_BOOL_R011_C04,PG_BOOL_R011,Y4,null_boolean,4,is_true_wrapper,6,IS|NULL|TRUE,(NULL IS NULL) IS TRUE,d0bf466f416f3c1e8e85fddb,required_tokens + skeleton_family + delimiter_integrity + boolean_signal
PG_BOOL_R011_C05,PG_BOOL_R011,Y4,null_boolean,5,is_not_false_wrapper,6,FALSE|IS|NOT|NULL,(NULL IS NULL) IS NOT FALSE,741ced2a3c6dd3bdd8d33772,required_tokens + skeleton_family + delimiter_integrity + boolean_signal
PG_BOOL_R011_C06,PG_BOOL_R011,Y4,null_boolean,6,case_boolean_wrapper,6,CASE|ELSE|END|FALSE|IS|NULL|THEN|TRUE|WHEN,CASE WHEN (NULL IS NULL) THEN TRUE ELSE FALSE END,d7d3a500c85705528c1ff099,required_tokens + skeleton_family + delimiter_integrity + boolean_signal
PG_BOOL_R011_C07,PG_BOOL_R011,Y4,null_boolean,7,and_true_guard,6,=|AND|IS|NULL,(NULL IS NULL) AND (INT = INT),bc4b5a2568fec7359323a141,required_tokens + skeleton_family + delimiter_integrity + boolean_signal
PG_BOOL_R011_C08,PG_BOOL_R011,Y4,null_boolean,8,or_false_guard,6,<|<>|>|IS|NULL|OR,(NULL IS NULL) OR (INT <> INT),68eb85450a61e04e57e85fe4,required_tokens + skeleton_family + delimiter_integrity + boolean_signal
PG_BOOL_R011_C09,PG_BOOL_R011,Y4,null_boolean,9,equals_true_wrapper,6,=|IS|NULL|TRUE,((NULL IS NULL) = TRUE),6ae1ec265d09017a97d2c85f,required_tokens + skeleton_family + delimiter_integrity + boolean_signal
PG_BOOL_R011_C10,PG_BOOL_R011,Y4,null_boolean,10,coalesce_false_wrapper,6,COALESCE|FALSE|IS|NULL,"COALESCE((NULL IS NULL), FALSE)",1b49dabe0a0aa7e249182763,required_tokens + skeleton_family + delimiter_integrity + boolean_signal
PG_BOOL_R012_C01,PG_BOOL_R012,Y4,null_boolean,1,base_predicate,6,IS|TRUE,TRUE IS TRUE,c650b769ae97d5ebabd6b6c3,required_tokens + skeleton_family + delimiter_integrity + boolean_signal
PG_BOOL_R012_C02,PG_BOOL_R012,Y4,null_boolean,2,parenthesized_predicate,6,IS|TRUE,(TRUE IS TRUE),515190e86f2d3edec254654b,required_tokens + skeleton_family + delimiter_integrity + boolean_signal
PG_BOOL_R012_C03,PG_BOOL_R012,Y4,null_boolean,3,negated_inverse_predicate,6,FALSE|IS|NOT|TRUE,NOT (TRUE IS FALSE),9c687539f8287e9957a92e65,required_tokens + skeleton_family + delimiter_integrity + boolean_signal
PG_BOOL_R012_C04,PG_BOOL_R012,Y4,null_boolean,4,is_true_wrapper,6,IS|TRUE,(TRUE IS TRUE) IS TRUE,88c5652c41c22dcb338096f1,required_tokens + skeleton_family + delimiter_integrity + boolean_signal
PG_BOOL_R012_C05,PG_BOOL_R012,Y4,null_boolean,5,is_not_false_wrapper,6,FALSE|IS|NOT|TRUE,(TRUE IS TRUE) IS NOT FALSE,68d1025a4d0e5d34f790bd30,required_tokens + skeleton_family + delimiter_integrity + boolean_signal
PG_BOOL_R012_C06,PG_BOOL_R012,Y4,null_boolean,6,case_boolean_wrapper,6,CASE|ELSE|END|FALSE|IS|THEN|TRUE|WHEN,CASE WHEN (TRUE IS TRUE) THEN TRUE ELSE FALSE END,345274fd1872a420ef3ce01b,required_tokens + skeleton_family + delimiter_integrity + boolean_signal
PG_BOOL_R012_C07,PG_BOOL_R012,Y4,null_boolean,7,and_true_guard,6,=|AND|IS|TRUE,(TRUE IS TRUE) AND (INT = INT),d0246b7b906a6a40cce95aec,required_tokens + skeleton_family + delimiter_integrity + boolean_signal
PG_BOOL_R012_C08,PG_BOOL_R012,Y4,null_boolean,8,or_false_guard,6,<|<>|>|IS|OR|TRUE,(TRUE IS TRUE) OR (INT <> INT),628956a44db2281305030973,required_tokens + skeleton_family + delimiter_integrity + boolean_signal
PG_BOOL_R012_C09,PG_BOOL_R012,Y4,null_boolean,9,equals_true_wrapper,6,=|IS|TRUE,((TRUE IS TRUE) = TRUE),c07f40f7e45e04802d81d5c1,required_tokens + skeleton_family + delimiter_integrity + boolean_signal
PG_BOOL_R012_C10,PG_BOOL_R012,Y4,null_boolean,10,coalesce_false_wrapper,6,COALESCE|FALSE|IS|TRUE,"COALESCE((TRUE IS TRUE), FALSE)",a2e786ac016f58b7d5cedb77,required_tokens + skeleton_family + delimiter_integrity + boolean_signal
PG_BOOL_R013_C01,PG_BOOL_R013,Y4,null_boolean,1,base_predicate,6,FALSE|IS,FALSE IS FALSE,89a8db434026f1d444e63a95,required_tokens + skeleton_family + delimiter_integrity + boolean_signal
PG_BOOL_R013_C02,PG_BOOL_R013,Y4,null_boolean,2,parenthesized_predicate,6,FALSE|IS,(FALSE IS FALSE),c04d925660394ad8a4855a1f,required_tokens + skeleton_family + delimiter_integrity + boolean_signal
PG_BOOL_R013_C03,PG_BOOL_R013,Y4,null_boolean,3,negated_inverse_predicate,6,FALSE|IS|NOT|TRUE,NOT (FALSE IS TRUE),9e20b8f65f405ecca6322a0e,required_tokens + skeleton_family + delimiter_integrity + boolean_signal
PG_BOOL_R013_C04,PG_BOOL_R013,Y4,null_boolean,4,is_true_wrapper,6,FALSE|IS|TRUE,(FALSE IS FALSE) IS TRUE,67342e0848d5cf97e574f85d,required_tokens + skeleton_family + delimiter_integrity + boolean_signal
PG_BOOL_R013_C05,PG_BOOL_R013,Y4,null_boolean,5,is_not_false_wrapper,6,FALSE|IS|NOT,(FALSE IS FALSE) IS NOT FALSE,23a252fc59ab23f4a94e44cb,required_tokens + skeleton_family + delimiter_integrity + boolean_signal
PG_BOOL_R013_C06,PG_BOOL_R013,Y4,null_boolean,6,case_boolean_wrapper,6,CASE|ELSE|END|FALSE|IS|THEN|TRUE|WHEN,CASE WHEN (FALSE IS FALSE) THEN TRUE ELSE FALSE END,1c6dde93403ca05df927bb83,required_tokens + skeleton_family + delimiter_integrity + boolean_signal
PG_BOOL_R013_C07,PG_BOOL_R013,Y4,null_boolean,7,and_true_guard,6,=|AND|FALSE|IS,(FALSE IS FALSE) AND (INT = INT),e4d2ee39115343403f6b6345,required_tokens + skeleton_family + delimiter_integrity + boolean_signal
PG_BOOL_R013_C08,PG_BOOL_R013,Y4,null_boolean,8,or_false_guard,6,<|<>|>|FALSE|IS|OR,(FALSE IS FALSE) OR (INT <> INT),75dff203e16c7fb400863caf,required_tokens + skeleton_family + delimiter_integrity + boolean_signal
PG_BOOL_R013_C09,PG_BOOL_R013,Y4,null_boolean,9,equals_true_wrapper,6,=|FALSE|IS|TRUE,((FALSE IS FALSE) = TRUE),542fd8fa0df6e385279e433c,required_tokens + skeleton_family + delimiter_integrity + boolean_signal
PG_BOOL_R013_C10,PG_BOOL_R013,Y4,null_boolean,10,coalesce_false_wrapper,6,COALESCE|FALSE|IS,"COALESCE((FALSE IS FALSE), FALSE)",033807d7090e9f47ac3ae618,required_tokens + skeleton_family + delimiter_integrity + boolean_signal
PG_BOOL_R014_C01,PG_BOOL_R014,Y4,null_boolean,1,base_predicate,6,=|COALESCE|NULL,"COALESCE(NULL, INT) = INT",2b75efac3a5ecddbefb3ce7a,required_tokens + skeleton_family + delimiter_integrity + boolean_signal
PG_BOOL_R014_C02,PG_BOOL_R014,Y4,null_boolean,2,parenthesized_predicate,6,=|COALESCE|NULL,"(COALESCE(NULL, INT) = INT)",95880202f32df4da13202469,required_tokens + skeleton_family + delimiter_integrity + boolean_signal
PG_BOOL_R014_C03,PG_BOOL_R014,Y4,null_boolean,3,negated_inverse_predicate,6,=|COALESCE|NOT|NULL,"NOT (COALESCE(NULL, INT) = INT)",2ff619968632de5e2be8c63f,required_tokens + skeleton_family + delimiter_integrity + boolean_signal
PG_BOOL_R014_C04,PG_BOOL_R014,Y4,null_boolean,4,is_true_wrapper,6,=|COALESCE|IS|NULL|TRUE,"(COALESCE(NULL, INT) = INT) IS TRUE",45cfa0b27a41ddf2f07c4cc0,required_tokens + skeleton_family + delimiter_integrity + boolean_signal
PG_BOOL_R014_C05,PG_BOOL_R014,Y4,null_boolean,5,is_not_false_wrapper,6,=|COALESCE|FALSE|IS|NOT|NULL,"(COALESCE(NULL, INT) = INT) IS NOT FALSE",3970b80b0ba2fe00750d8929,required_tokens + skeleton_family + delimiter_integrity + boolean_signal
PG_BOOL_R014_C06,PG_BOOL_R014,Y4,null_boolean,6,case_boolean_wrapper,6,=|CASE|COALESCE|ELSE|END|FALSE|NULL|THEN|TRUE|WHEN,"CASE WHEN (COALESCE(NULL, INT) = INT) THEN TRUE ELSE FALSE END",9a154c163dbad5fb596d9ecf,required_tokens + skeleton_family + delimiter_integrity + boolean_signal
PG_BOOL_R014_C07,PG_BOOL_R014,Y4,null_boolean,7,and_true_guard,6,=|AND|COALESCE|NULL,"(COALESCE(NULL, INT) = INT) AND (INT = INT)",5882ed6ea164e5a3b5360cea,required_tokens + skeleton_family + delimiter_integrity + boolean_signal
PG_BOOL_R014_C08,PG_BOOL_R014,Y4,null_boolean,8,or_false_guard,6,<|<>|=|>|COALESCE|NULL|OR,"(COALESCE(NULL, INT) = INT) OR (INT <> INT)",dfdd21ada2d5d5f0ba78dc33,required_tokens + skeleton_family + delimiter_integrity + boolean_signal
PG_BOOL_R014_C09,PG_BOOL_R014,Y4,null_boolean,9,equals_true_wrapper,6,=|COALESCE|NULL|TRUE,"((COALESCE(NULL, INT) = INT) = TRUE)",44f523d52f00d14ca7b232e7,required_tokens + skeleton_family + delimiter_integrity + boolean_signal
PG_BOOL_R014_C10,PG_BOOL_R014,Y4,null_boolean,10,coalesce_false_wrapper,6,=|COALESCE|FALSE|NULL,"COALESCE((COALESCE(NULL, INT) = INT), FALSE)",72bffee6e5ad0b42e32b8da5,required_tokens + skeleton_family + delimiter_integrity + boolean_signal
PG_BOOL_R015_C01,PG_BOOL_R015,Y4,null_boolean,1,base_predicate,6,=|IS|TRUE,(INT = INT) IS TRUE,4cdc4a4f64a824e23ac2b45f,required_tokens + skeleton_family + delimiter_integrity + boolean_signal
PG_BOOL_R015_C02,PG_BOOL_R015,Y4,null_boolean,2,parenthesized_predicate,6,=|IS|TRUE,((INT = INT) IS TRUE),1817c1692ad4abf36dfc6a3d,required_tokens + skeleton_family + delimiter_integrity + boolean_signal
PG_BOOL_R015_C03,PG_BOOL_R015,Y4,null_boolean,3,negated_inverse_predicate,6,=|FALSE|IS|NOT,NOT ((INT = INT) IS FALSE),55984ffa8be8e14b85e89ba3,required_tokens + skeleton_family + delimiter_integrity + boolean_signal
PG_BOOL_R015_C04,PG_BOOL_R015,Y4,null_boolean,4,is_true_wrapper,6,=|IS|TRUE,((INT = INT) IS TRUE) IS TRUE,891f90e566185c48dde4f6cb,required_tokens + skeleton_family + delimiter_integrity + boolean_signal
PG_BOOL_R015_C05,PG_BOOL_R015,Y4,null_boolean,5,is_not_false_wrapper,6,=|FALSE|IS|NOT|TRUE,((INT = INT) IS TRUE) IS NOT FALSE,555b972cd24ecf9d9bc74495,required_tokens + skeleton_family + delimiter_integrity + boolean_signal
PG_BOOL_R015_C06,PG_BOOL_R015,Y4,null_boolean,6,case_boolean_wrapper,6,=|CASE|ELSE|END|FALSE|IS|THEN|TRUE|WHEN,CASE WHEN ((INT = INT) IS TRUE) THEN TRUE ELSE FALSE END,179498a31af3360a02c39c00,required_tokens + skeleton_family + delimiter_integrity + boolean_signal
PG_BOOL_R015_C07,PG_BOOL_R015,Y4,null_boolean,7,and_true_guard,6,=|AND|IS|TRUE,((INT = INT) IS TRUE) AND (INT = INT),e4de7e6619a11c7fdebc0063,required_tokens + skeleton_family + delimiter_integrity + boolean_signal
PG_BOOL_R015_C08,PG_BOOL_R015,Y4,null_boolean,8,or_false_guard,6,<|<>|=|>|IS|OR|TRUE,((INT = INT) IS TRUE) OR (INT <> INT),6bb6968a4b1449ee2964ef44,required_tokens + skeleton_family + delimiter_integrity + boolean_signal
PG_BOOL_R015_C09,PG_BOOL_R015,Y4,null_boolean,9,equals_true_wrapper,6,=|IS|TRUE,(((INT = INT) IS TRUE) = TRUE),eacebf894868e45dca584630,required_tokens + skeleton_family + delimiter_integrity + boolean_signal
PG_BOOL_R015_C10,PG_BOOL_R015,Y4,null_boolean,10,coalesce_false_wrapper,6,=|COALESCE|FALSE|IS|TRUE,"COALESCE(((INT = INT) IS TRUE), FALSE)",130a8aa7bb6e63bfb87f70fc,required_tokens + skeleton_family + delimiter_integrity + boolean_signal
PG_BOOL_R016_C01,PG_BOOL_R016,Y4,between_range,1,base_predicate,6,AND|BETWEEN,INT BETWEEN INT AND INT,1e662bbb42a5025995733e67,required_tokens + skeleton_family + delimiter_integrity + boolean_signal
PG_BOOL_R016_C02,PG_BOOL_R016,Y4,between_range,2,parenthesized_predicate,6,AND|BETWEEN,(INT BETWEEN INT AND INT),be2f4271c0b57777799f51ee,required_tokens + skeleton_family + delimiter_integrity + boolean_signal
PG_BOOL_R016_C03,PG_BOOL_R016,Y4,between_range,3,negated_inverse_predicate,6,AND|BETWEEN|NOT,NOT (INT BETWEEN INT AND INT),8dca0593ef10f0a835ba7b77,required_tokens + skeleton_family + delimiter_integrity + boolean_signal
PG_BOOL_R016_C04,PG_BOOL_R016,Y4,between_range,4,is_true_wrapper,6,AND|BETWEEN|IS|TRUE,(INT BETWEEN INT AND INT) IS TRUE,d99dd9b6dea1b057e11add49,required_tokens + skeleton_family + delimiter_integrity + boolean_signal
PG_BOOL_R016_C05,PG_BOOL_R016,Y4,between_range,5,is_not_false_wrapper,6,AND|BETWEEN|FALSE|IS|NOT,(INT BETWEEN INT AND INT) IS NOT FALSE,29ba7c4c84c3d92e6cda90cb,required_tokens + skeleton_family + delimiter_integrity + boolean_signal
PG_BOOL_R016_C06,PG_BOOL_R016,Y4,between_range,6,case_boolean_wrapper,6,AND|BETWEEN|CASE|ELSE|END|FALSE|THEN|TRUE|WHEN,CASE WHEN (INT BETWEEN INT AND INT) THEN TRUE ELSE FALSE END,f358b0099eb3266052a4cd24,required_tokens + skeleton_family + delimiter_integrity + boolean_signal
PG_BOOL_R016_C07,PG_BOOL_R016,Y4,between_range,7,and_true_guard,6,=|AND|BETWEEN,(INT BETWEEN INT AND INT) AND (INT = INT),7b849cd47921a82cb33dcf03,required_tokens + skeleton_family + delimiter_integrity + boolean_signal
PG_BOOL_R016_C08,PG_BOOL_R016,Y4,between_range,8,or_false_guard,6,<|<>|>|AND|BETWEEN|OR,(INT BETWEEN INT AND INT) OR (INT <> INT),17c52b985de08842e66afa64,required_tokens + skeleton_family + delimiter_integrity + boolean_signal
PG_BOOL_R016_C09,PG_BOOL_R016,Y4,between_range,9,equals_true_wrapper,6,=|AND|BETWEEN|TRUE,((INT BETWEEN INT AND INT) = TRUE),c590cc8ea915a281ce7ffba0,required_tokens + skeleton_family + delimiter_integrity + boolean_signal
PG_BOOL_R016_C10,PG_BOOL_R016,Y4,between_range,10,coalesce_false_wrapper,6,AND|BETWEEN|COALESCE|FALSE,"COALESCE((INT BETWEEN INT AND INT), FALSE)",f62e9fa4146c200526fc8cb0,required_tokens + skeleton_family + delimiter_integrity + boolean_signal
PG_BOOL_R017_C01,PG_BOOL_R017,Y4,between_range,1,base_predicate,6,AND|BETWEEN,INT BETWEEN INT AND INT,354b7d9c87ef7f75481f89b7,required_tokens + skeleton_family + delimiter_integrity + boolean_signal
PG_BOOL_R017_C02,PG_BOOL_R017,Y4,between_range,2,parenthesized_predicate,6,AND|BETWEEN,(INT BETWEEN INT AND INT),6af8f10f3e65a241dd390657,required_tokens + skeleton_family + delimiter_integrity + boolean_signal
PG_BOOL_R017_C03,PG_BOOL_R017,Y4,between_range,3,negated_inverse_predicate,6,AND|BETWEEN|NOT,NOT (INT BETWEEN INT AND INT),2223116d5b0ab0b874cd1aa4,required_tokens + skeleton_family + delimiter_integrity + boolean_signal
PG_BOOL_R017_C04,PG_BOOL_R017,Y4,between_range,4,is_true_wrapper,6,AND|BETWEEN|IS|TRUE,(INT BETWEEN INT AND INT) IS TRUE,7ad258936cacbefaa30b7984,required_tokens + skeleton_family + delimiter_integrity + boolean_signal
PG_BOOL_R017_C05,PG_BOOL_R017,Y4,between_range,5,is_not_false_wrapper,6,AND|BETWEEN|FALSE|IS|NOT,(INT BETWEEN INT AND INT) IS NOT FALSE,f8c304c0f53afc1429dd6952,required_tokens + skeleton_family + delimiter_integrity + boolean_signal
PG_BOOL_R017_C06,PG_BOOL_R017,Y4,between_range,6,case_boolean_wrapper,6,AND|BETWEEN|CASE|ELSE|END|FALSE|THEN|TRUE|WHEN,CASE WHEN (INT BETWEEN INT AND INT) THEN TRUE ELSE FALSE END,d7d6ad97f45174cdbd17bc08,required_tokens + skeleton_family + delimiter_integrity + boolean_signal
PG_BOOL_R017_C07,PG_BOOL_R017,Y4,between_range,7,and_true_guard,6,=|AND|BETWEEN,(INT BETWEEN INT AND INT) AND (INT = INT),35d7aa5457ea0df03d8a1f8d,required_tokens + skeleton_family + delimiter_integrity + boolean_signal
PG_BOOL_R017_C08,PG_BOOL_R017,Y4,between_range,8,or_false_guard,6,<|<>|>|AND|BETWEEN|OR,(INT BETWEEN INT AND INT) OR (INT <> INT),8601b3e36ed24056bcf3f002,required_tokens + skeleton_family + delimiter_integrity + boolean_signal
PG_BOOL_R017_C09,PG_BOOL_R017,Y4,between_range,9,equals_true_wrapper,6,=|AND|BETWEEN|TRUE,((INT BETWEEN INT AND INT) = TRUE),bc67066aaca2857b4ff7edd0,required_tokens + skeleton_family + delimiter_integrity + boolean_signal
PG_BOOL_R017_C10,PG_BOOL_R017,Y4,between_range,10,coalesce_false_wrapper,6,AND|BETWEEN|COALESCE|FALSE,"COALESCE((INT BETWEEN INT AND INT), FALSE)",1662edd5560b2ea524fba80d,required_tokens + skeleton_family + delimiter_integrity + boolean_signal
PG_BOOL_R018_C01,PG_BOOL_R018,Y4,between_range,1,base_predicate,6,AND|BETWEEN,INT BETWEEN INT AND INT,d5e74640879041b89f7890d2,required_tokens + skeleton_family + delimiter_integrity + boolean_signal
PG_BOOL_R018_C02,PG_BOOL_R018,Y4,between_range,2,parenthesized_predicate,6,AND|BETWEEN,(INT BETWEEN INT AND INT),dd7595b20853b8ffaed8b4dc,required_tokens + skeleton_family + delimiter_integrity + boolean_signal
PG_BOOL_R018_C03,PG_BOOL_R018,Y4,between_range,3,negated_inverse_predicate,6,AND|BETWEEN|NOT,NOT (INT BETWEEN INT AND INT),ddfe99e8fa666e33b154ed5d,required_tokens + skeleton_family + delimiter_integrity + boolean_signal
PG_BOOL_R018_C04,PG_BOOL_R018,Y4,between_range,4,is_true_wrapper,6,AND|BETWEEN|IS|TRUE,(INT BETWEEN INT AND INT) IS TRUE,523c0b2ee732c011d8ef4552,required_tokens + skeleton_family + delimiter_integrity + boolean_signal
PG_BOOL_R018_C05,PG_BOOL_R018,Y4,between_range,5,is_not_false_wrapper,6,AND|BETWEEN|FALSE|IS|NOT,(INT BETWEEN INT AND INT) IS NOT FALSE,6ae7f67b1a2419c75a3e5ad3,required_tokens + skeleton_family + delimiter_integrity + boolean_signal
PG_BOOL_R018_C06,PG_BOOL_R018,Y4,between_range,6,case_boolean_wrapper,6,AND|BETWEEN|CASE|ELSE|END|FALSE|THEN|TRUE|WHEN,CASE WHEN (INT BETWEEN INT AND INT) THEN TRUE ELSE FALSE END,cbbf8855b1e0ce37bd3d6d3e,required_tokens + skeleton_family + delimiter_integrity + boolean_signal
PG_BOOL_R018_C07,PG_BOOL_R018,Y4,between_range,7,and_true_guard,6,=|AND|BETWEEN,(INT BETWEEN INT AND INT) AND (INT = INT),e342391b24b77c8c48d949aa,required_tokens + skeleton_family + delimiter_integrity + boolean_signal
PG_BOOL_R018_C08,PG_BOOL_R018,Y4,between_range,8,or_false_guard,6,<|<>|>|AND|BETWEEN|OR,(INT BETWEEN INT AND INT) OR (INT <> INT),9a8e88346a626126aa48ab87,required_tokens + skeleton_family + delimiter_integrity + boolean_signal
PG_BOOL_R018_C09,PG_BOOL_R018,Y4,between_range,9,equals_true_wrapper,6,=|AND|BETWEEN|TRUE,((INT BETWEEN INT AND INT) = TRUE),db4b9fbef89c750deb6473d6,required_tokens + skeleton_family + delimiter_integrity + boolean_signal
PG_BOOL_R018_C10,PG_BOOL_R018,Y4,between_range,10,coalesce_false_wrapper,6,AND|BETWEEN|COALESCE|FALSE,"COALESCE((INT BETWEEN INT AND INT), FALSE)",833bc7f1fb09d46b1db4b579,required_tokens + skeleton_family + delimiter_integrity + boolean_signal
PG_BOOL_R019_C01,PG_BOOL_R019,Y4,between_range,1,base_predicate,6,AND|BETWEEN|NOT,INT NOT BETWEEN INT AND INT,ccb1c429560b13c7f983e289,required_tokens + skeleton_family + delimiter_integrity + boolean_signal
PG_BOOL_R019_C02,PG_BOOL_R019,Y4,between_range,2,parenthesized_predicate,6,AND|BETWEEN|NOT,(INT NOT BETWEEN INT AND INT),77375651c8a5cdc7f37435be,required_tokens + skeleton_family + delimiter_integrity + boolean_signal
PG_BOOL_R019_C03,PG_BOOL_R019,Y4,between_range,3,negated_inverse_predicate,6,AND|BETWEEN|NOT,NOT (INT NOT BETWEEN INT AND INT),561a55a8aba95161626acea1,required_tokens + skeleton_family + delimiter_integrity + boolean_signal
PG_BOOL_R019_C04,PG_BOOL_R019,Y4,between_range,4,is_true_wrapper,6,AND|BETWEEN|IS|NOT|TRUE,(INT NOT BETWEEN INT AND INT) IS TRUE,d7519567300aea52fa64ffa8,required_tokens + skeleton_family + delimiter_integrity + boolean_signal
PG_BOOL_R019_C05,PG_BOOL_R019,Y4,between_range,5,is_not_false_wrapper,6,AND|BETWEEN|FALSE|IS|NOT,(INT NOT BETWEEN INT AND INT) IS NOT FALSE,bbd069dac8326086f355d14c,required_tokens + skeleton_family + delimiter_integrity + boolean_signal
PG_BOOL_R019_C06,PG_BOOL_R019,Y4,between_range,6,case_boolean_wrapper,6,AND|BETWEEN|CASE|ELSE|END|FALSE|NOT|THEN|TRUE|WHEN,CASE WHEN (INT NOT BETWEEN INT AND INT) THEN TRUE ELSE FALSE END,ba7143815407a4b1ed14a85c,required_tokens + skeleton_family + delimiter_integrity + boolean_signal
PG_BOOL_R019_C07,PG_BOOL_R019,Y4,between_range,7,and_true_guard,6,=|AND|BETWEEN|NOT,(INT NOT BETWEEN INT AND INT) AND (INT = INT),887103a8c58f602a6f937889,required_tokens + skeleton_family + delimiter_integrity + boolean_signal
PG_BOOL_R019_C08,PG_BOOL_R019,Y4,between_range,8,or_false_guard,6,<|<>|>|AND|BETWEEN|NOT|OR,(INT NOT BETWEEN INT AND INT) OR (INT <> INT),20b584918f10811e54e7fe6c,required_tokens + skeleton_family + delimiter_integrity + boolean_signal
PG_BOOL_R019_C09,PG_BOOL_R019,Y4,between_range,9,equals_true_wrapper,6,=|AND|BETWEEN|NOT|TRUE,((INT NOT BETWEEN INT AND INT) = TRUE),84f3d7dfbf1028e1003b7335,required_tokens + skeleton_family + delimiter_integrity + boolean_signal
PG_BOOL_R019_C10,PG_BOOL_R019,Y4,between_range,10,coalesce_false_wrapper,6,AND|BETWEEN|COALESCE|FALSE|NOT,"COALESCE((INT NOT BETWEEN INT AND INT), FALSE)",7a1c5f3cea4a63cda9cb906c,required_tokens + skeleton_family + delimiter_integrity + boolean_signal
PG_BOOL_R020_C01,PG_BOOL_R020,Y4,between_range,1,base_predicate,6,AND|BETWEEN,(INT) BETWEEN (INT) AND (INT),7ee701e73cab9f1cbaa0c6cc,required_tokens + skeleton_family + delimiter_integrity + boolean_signal
PG_BOOL_R020_C02,PG_BOOL_R020,Y4,between_range,2,parenthesized_predicate,6,AND|BETWEEN,((INT) BETWEEN (INT) AND (INT)),0379681ea0b6a8df2bd60a95,required_tokens + skeleton_family + delimiter_integrity + boolean_signal
PG_BOOL_R020_C03,PG_BOOL_R020,Y4,between_range,3,negated_inverse_predicate,6,AND|BETWEEN|NOT,NOT ((INT) BETWEEN (INT) AND (INT)),4ecb14c0f2e5e87e52590091,required_tokens + skeleton_family + delimiter_integrity + boolean_signal
PG_BOOL_R020_C04,PG_BOOL_R020,Y4,between_range,4,is_true_wrapper,6,AND|BETWEEN|IS|TRUE,((INT) BETWEEN (INT) AND (INT)) IS TRUE,befb3c6db237258e0730a436,required_tokens + skeleton_family + delimiter_integrity + boolean_signal
PG_BOOL_R020_C05,PG_BOOL_R020,Y4,between_range,5,is_not_false_wrapper,6,AND|BETWEEN|FALSE|IS|NOT,((INT) BETWEEN (INT) AND (INT)) IS NOT FALSE,2e03923e2f5176b91c75d858,required_tokens + skeleton_family + delimiter_integrity + boolean_signal
PG_BOOL_R020_C06,PG_BOOL_R020,Y4,between_range,6,case_boolean_wrapper,6,AND|BETWEEN|CASE|ELSE|END|FALSE|THEN|TRUE|WHEN,CASE WHEN ((INT) BETWEEN (INT) AND (INT)) THEN TRUE ELSE FALSE END,773346cbe075c7ee7b2bfa6f,required_tokens + skeleton_family + delimiter_integrity + boolean_signal
PG_BOOL_R020_C07,PG_BOOL_R020,Y4,between_range,7,and_true_guard,6,=|AND|BETWEEN,((INT) BETWEEN (INT) AND (INT)) AND (INT = INT),fb9fe4078d0c7acfb3865e02,required_tokens + skeleton_family + delimiter_integrity + boolean_signal
PG_BOOL_R020_C08,PG_BOOL_R020,Y4,between_range,8,or_false_guard,6,<|<>|>|AND|BETWEEN|OR,((INT) BETWEEN (INT) AND (INT)) OR (INT <> INT),3073e82a3804db466cf3cf53,required_tokens + skeleton_family + delimiter_integrity + boolean_signal
PG_BOOL_R020_C09,PG_BOOL_R020,Y4,between_range,9,equals_true_wrapper,6,=|AND|BETWEEN|TRUE,(((INT) BETWEEN (INT) AND (INT)) = TRUE),adb5f36a4bc7f2d211cd2500,required_tokens + skeleton_family + delimiter_integrity + boolean_signal
PG_BOOL_R020_C10,PG_BOOL_R020,Y4,between_range,10,coalesce_false_wrapper,6,AND|BETWEEN|COALESCE|FALSE,"COALESCE(((INT) BETWEEN (INT) AND (INT)), FALSE)",d58acc64a7d65afc1bc2433d,required_tokens + skeleton_family + delimiter_integrity + boolean_signal
PG_BOOL_R021_C01,PG_BOOL_R021,Y4,membership_list,1,base_predicate,6,IN,"INT IN (INT, INT, INT)",258612929fa0933415363752,required_tokens + skeleton_family + delimiter_integrity + boolean_signal
PG_BOOL_R021_C02,PG_BOOL_R021,Y4,membership_list,2,parenthesized_predicate,6,IN,"(INT IN (INT, INT, INT))",e027251cb4c39ef6c47017d2,required_tokens + skeleton_family + delimiter_integrity + boolean_signal
PG_BOOL_R021_C03,PG_BOOL_R021,Y4,membership_list,3,negated_inverse_predicate,6,IN|NOT,"NOT (INT IN (INT, INT, INT))",7d87aa76ce3d4f5eceafc059,required_tokens + skeleton_family + delimiter_integrity + boolean_signal
PG_BOOL_R021_C04,PG_BOOL_R021,Y4,membership_list,4,is_true_wrapper,6,IN|IS|TRUE,"(INT IN (INT, INT, INT)) IS TRUE",2be6e6cf8c02e1d6dd435828,required_tokens + skeleton_family + delimiter_integrity + boolean_signal
PG_BOOL_R021_C05,PG_BOOL_R021,Y4,membership_list,5,is_not_false_wrapper,6,FALSE|IN|IS|NOT,"(INT IN (INT, INT, INT)) IS NOT FALSE",c349595dc353035fa5130ecc,required_tokens + skeleton_family + delimiter_integrity + boolean_signal
PG_BOOL_R021_C06,PG_BOOL_R021,Y4,membership_list,6,case_boolean_wrapper,6,CASE|ELSE|END|FALSE|IN|THEN|TRUE|WHEN,"CASE WHEN (INT IN (INT, INT, INT)) THEN TRUE ELSE FALSE END",402e979dcb35f07e6ae7c555,required_tokens + skeleton_family + delimiter_integrity + boolean_signal
PG_BOOL_R021_C07,PG_BOOL_R021,Y4,membership_list,7,and_true_guard,6,=|AND|IN,"(INT IN (INT, INT, INT)) AND (INT = INT)",b21d37347e44974c2d7b52af,required_tokens + skeleton_family + delimiter_integrity + boolean_signal
PG_BOOL_R021_C08,PG_BOOL_R021,Y4,membership_list,8,or_false_guard,6,<|<>|>|IN|OR,"(INT IN (INT, INT, INT)) OR (INT <> INT)",22de2710a159172f219e99c4,required_tokens + skeleton_family + delimiter_integrity + boolean_signal
PG_BOOL_R021_C09,PG_BOOL_R021,Y4,membership_list,9,equals_true_wrapper,6,=|IN|TRUE,"((INT IN (INT, INT, INT)) = TRUE)",87f3f3c84882249909cdfe4e,required_tokens + skeleton_family + delimiter_integrity + boolean_signal
PG_BOOL_R021_C10,PG_BOOL_R021,Y4,membership_list,10,coalesce_false_wrapper,6,COALESCE|FALSE|IN,"COALESCE((INT IN (INT, INT, INT)), FALSE)",386d917041983a5a25ad1cd5,required_tokens + skeleton_family + delimiter_integrity + boolean_signal
PG_BOOL_R022_C01,PG_BOOL_R022,Y4,membership_list,1,base_predicate,6,IN,"INT IN (INT, INT, INT)",996bf3b3b1f52de5880d8da0,required_tokens + skeleton_family + delimiter_integrity + boolean_signal
PG_BOOL_R022_C02,PG_BOOL_R022,Y4,membership_list,2,parenthesized_predicate,6,IN,"(INT IN (INT, INT, INT))",fa2e3870ac1c907b24ceaf35,required_tokens + skeleton_family + delimiter_integrity + boolean_signal
PG_BOOL_R022_C03,PG_BOOL_R022,Y4,membership_list,3,negated_inverse_predicate,6,IN|NOT,"NOT (INT IN (INT, INT, INT))",45d379567f98b0ed8a17cdce,required_tokens + skeleton_family + delimiter_integrity + boolean_signal
PG_BOOL_R022_C04,PG_BOOL_R022,Y4,membership_list,4,is_true_wrapper,6,IN|IS|TRUE,"(INT IN (INT, INT, INT)) IS TRUE",b7eee3a2c03a42c03e514017,required_tokens + skeleton_family + delimiter_integrity + boolean_signal
PG_BOOL_R022_C05,PG_BOOL_R022,Y4,membership_list,5,is_not_false_wrapper,6,FALSE|IN|IS|NOT,"(INT IN (INT, INT, INT)) IS NOT FALSE",9595b017d126b666d7a3e9b1,required_tokens + skeleton_family + delimiter_integrity + boolean_signal
PG_BOOL_R022_C06,PG_BOOL_R022,Y4,membership_list,6,case_boolean_wrapper,6,CASE|ELSE|END|FALSE|IN|THEN|TRUE|WHEN,"CASE WHEN (INT IN (INT, INT, INT)) THEN TRUE ELSE FALSE END",27016d644b107f3945b7d01b,required_tokens + skeleton_family + delimiter_integrity + boolean_signal
PG_BOOL_R022_C07,PG_BOOL_R022,Y4,membership_list,7,and_true_guard,6,=|AND|IN,"(INT IN (INT, INT, INT)) AND (INT = INT)",a44d09debbd7090aed0293ce,required_tokens + skeleton_family + delimiter_integrity + boolean_signal
PG_BOOL_R022_C08,PG_BOOL_R022,Y4,membership_list,8,or_false_guard,6,<|<>|>|IN|OR,"(INT IN (INT, INT, INT)) OR (INT <> INT)",e59c098e05a1a1db2cc02c97,required_tokens + skeleton_family + delimiter_integrity + boolean_signal
PG_BOOL_R022_C09,PG_BOOL_R022,Y4,membership_list,9,equals_true_wrapper,6,=|IN|TRUE,"((INT IN (INT, INT, INT)) = TRUE)",a507126eabd529dd2df76dba,required_tokens + skeleton_family + delimiter_integrity + boolean_signal
PG_BOOL_R022_C10,PG_BOOL_R022,Y4,membership_list,10,coalesce_false_wrapper,6,COALESCE|FALSE|IN,"COALESCE((INT IN (INT, INT, INT)), FALSE)",873560ab1fbdaf7d64ad7554,required_tokens + skeleton_family + delimiter_integrity + boolean_signal
PG_BOOL_R023_C01,PG_BOOL_R023,Y4,membership_list,1,base_predicate,6,IN|NOT,"INT NOT IN (INT, INT, INT)",2f5c0eda3ebc89fba0497d21,required_tokens + skeleton_family + delimiter_integrity + boolean_signal
PG_BOOL_R023_C02,PG_BOOL_R023,Y4,membership_list,2,parenthesized_predicate,6,IN|NOT,"(INT NOT IN (INT, INT, INT))",d874d9d2d29df64b6127700e,required_tokens + skeleton_family + delimiter_integrity + boolean_signal
PG_BOOL_R023_C03,PG_BOOL_R023,Y4,membership_list,3,negated_inverse_predicate,6,IN|NOT,"NOT (INT NOT IN (INT, INT, INT))",47666e17930baa2397128250,required_tokens + skeleton_family + delimiter_integrity + boolean_signal
PG_BOOL_R023_C04,PG_BOOL_R023,Y4,membership_list,4,is_true_wrapper,6,IN|IS|NOT|TRUE,"(INT NOT IN (INT, INT, INT)) IS TRUE",128a70f157a91af818c24e61,required_tokens + skeleton_family + delimiter_integrity + boolean_signal
PG_BOOL_R023_C05,PG_BOOL_R023,Y4,membership_list,5,is_not_false_wrapper,6,FALSE|IN|IS|NOT,"(INT NOT IN (INT, INT, INT)) IS NOT FALSE",26665bb674e5004aeea5804a,required_tokens + skeleton_family + delimiter_integrity + boolean_signal
PG_BOOL_R023_C06,PG_BOOL_R023,Y4,membership_list,6,case_boolean_wrapper,6,CASE|ELSE|END|FALSE|IN|NOT|THEN|TRUE|WHEN,"CASE WHEN (INT NOT IN (INT, INT, INT)) THEN TRUE ELSE FALSE END",05512b42f868e5020386178b,required_tokens + skeleton_family + delimiter_integrity + boolean_signal
PG_BOOL_R023_C07,PG_BOOL_R023,Y4,membership_list,7,and_true_guard,6,=|AND|IN|NOT,"(INT NOT IN (INT, INT, INT)) AND (INT = INT)",5da4caaa8c9676c310e24a5d,required_tokens + skeleton_family + delimiter_integrity + boolean_signal
PG_BOOL_R023_C08,PG_BOOL_R023,Y4,membership_list,8,or_false_guard,6,<|<>|>|IN|NOT|OR,"(INT NOT IN (INT, INT, INT)) OR (INT <> INT)",5cb247b2d2b629d0730d022c,required_tokens + skeleton_family + delimiter_integrity + boolean_signal
PG_BOOL_R023_C09,PG_BOOL_R023,Y4,membership_list,9,equals_true_wrapper,6,=|IN|NOT|TRUE,"((INT NOT IN (INT, INT, INT)) = TRUE)",baed9bd2fb2dafb7fa7b6990,required_tokens + skeleton_family + delimiter_integrity + boolean_signal
PG_BOOL_R023_C10,PG_BOOL_R023,Y4,membership_list,10,coalesce_false_wrapper,6,COALESCE|FALSE|IN|NOT,"COALESCE((INT NOT IN (INT, INT, INT)), FALSE)",09fd926097d5e3f32d08a77d,required_tokens + skeleton_family + delimiter_integrity + boolean_signal
PG_BOOL_R024_C01,PG_BOOL_R024,Y4,membership_list,1,base_predicate,6,IN,"STR IN (STR, STR)",90836c767bb0760c95647108,required_tokens + skeleton_family + delimiter_integrity + boolean_signal
PG_BOOL_R024_C02,PG_BOOL_R024,Y4,membership_list,2,parenthesized_predicate,6,IN,"(STR IN (STR, STR))",ed37ccd65bbd2b851ae20747,required_tokens + skeleton_family + delimiter_integrity + boolean_signal
PG_BOOL_R024_C03,PG_BOOL_R024,Y4,membership_list,3,negated_inverse_predicate,6,IN|NOT,"NOT (STR IN (STR, STR))",5a554541073432d59f0de249,required_tokens + skeleton_family + delimiter_integrity + boolean_signal
PG_BOOL_R024_C04,PG_BOOL_R024,Y4,membership_list,4,is_true_wrapper,6,IN|IS|TRUE,"(STR IN (STR, STR)) IS TRUE",38b3a3f650825f5adb9494ea,required_tokens + skeleton_family + delimiter_integrity + boolean_signal
PG_BOOL_R024_C05,PG_BOOL_R024,Y4,membership_list,5,is_not_false_wrapper,6,FALSE|IN|IS|NOT,"(STR IN (STR, STR)) IS NOT FALSE",80f3aa70baba27f342b9f803,required_tokens + skeleton_family + delimiter_integrity + boolean_signal
PG_BOOL_R024_C06,PG_BOOL_R024,Y4,membership_list,6,case_boolean_wrapper,6,CASE|ELSE|END|FALSE|IN|THEN|TRUE|WHEN,"CASE WHEN (STR IN (STR, STR)) THEN TRUE ELSE FALSE END",93db88a16e2a160fe0acbdcb,required_tokens + skeleton_family + delimiter_integrity + boolean_signal
PG_BOOL_R024_C07,PG_BOOL_R024,Y4,membership_list,7,and_true_guard,6,=|AND|IN,"(STR IN (STR, STR)) AND (INT = INT)",de3f3eafdca22462990a6a5d,required_tokens + skeleton_family + delimiter_integrity + boolean_signal
PG_BOOL_R024_C08,PG_BOOL_R024,Y4,membership_list,8,or_false_guard,6,<|<>|>|IN|OR,"(STR IN (STR, STR)) OR (INT <> INT)",4b2f0799bd36d9847b662ee3,required_tokens + skeleton_family + delimiter_integrity + boolean_signal
PG_BOOL_R024_C09,PG_BOOL_R024,Y4,membership_list,9,equals_true_wrapper,6,=|IN|TRUE,"((STR IN (STR, STR)) = TRUE)",c5aa0c6e43f42fbc1a092651,required_tokens + skeleton_family + delimiter_integrity + boolean_signal
PG_BOOL_R024_C10,PG_BOOL_R024,Y4,membership_list,10,coalesce_false_wrapper,6,COALESCE|FALSE|IN,"COALESCE((STR IN (STR, STR)), FALSE)",1036f64ab6e4e27aafc2ef92,required_tokens + skeleton_family + delimiter_integrity + boolean_signal
PG_BOOL_R025_C01,PG_BOOL_R025,Y4,membership_list,1,base_predicate,6,IN|NOT,"STR NOT IN (STR, STR)",31d49b92a5e417001d594614,required_tokens + skeleton_family + delimiter_integrity + boolean_signal
PG_BOOL_R025_C02,PG_BOOL_R025,Y4,membership_list,2,parenthesized_predicate,6,IN|NOT,"(STR NOT IN (STR, STR))",d8918000ce820343bf011632,required_tokens + skeleton_family + delimiter_integrity + boolean_signal
PG_BOOL_R025_C03,PG_BOOL_R025,Y4,membership_list,3,negated_inverse_predicate,6,IN|NOT,"NOT (STR NOT IN (STR, STR))",f6baaf10415f50c095c0843d,required_tokens + skeleton_family + delimiter_integrity + boolean_signal
PG_BOOL_R025_C04,PG_BOOL_R025,Y4,membership_list,4,is_true_wrapper,6,IN|IS|NOT|TRUE,"(STR NOT IN (STR, STR)) IS TRUE",29eb581bb147d84b2f1acc4d,required_tokens + skeleton_family + delimiter_integrity + boolean_signal
PG_BOOL_R025_C05,PG_BOOL_R025,Y4,membership_list,5,is_not_false_wrapper,6,FALSE|IN|IS|NOT,"(STR NOT IN (STR, STR)) IS NOT FALSE",560d4c417d71f5ee9f08a54d,required_tokens + skeleton_family + delimiter_integrity + boolean_signal
PG_BOOL_R025_C06,PG_BOOL_R025,Y4,membership_list,6,case_boolean_wrapper,6,CASE|ELSE|END|FALSE|IN|NOT|THEN|TRUE|WHEN,"CASE WHEN (STR NOT IN (STR, STR)) THEN TRUE ELSE FALSE END",d4903ba2cfc024b003f1531e,required_tokens + skeleton_family + delimiter_integrity + boolean_signal
PG_BOOL_R025_C07,PG_BOOL_R025,Y4,membership_list,7,and_true_guard,6,=|AND|IN|NOT,"(STR NOT IN (STR, STR)) AND (INT = INT)",de2d73acdedc89baedd2bc5c,required_tokens + skeleton_family + delimiter_integrity + boolean_signal
PG_BOOL_R025_C08,PG_BOOL_R025,Y4,membership_list,8,or_false_guard,6,<|<>|>|IN|NOT|OR,"(STR NOT IN (STR, STR)) OR (INT <> INT)",f428d96bdc1a2e46405f86f5,required_tokens + skeleton_family + delimiter_integrity + boolean_signal
PG_BOOL_R025_C09,PG_BOOL_R025,Y4,membership_list,9,equals_true_wrapper,6,=|IN|NOT|TRUE,"((STR NOT IN (STR, STR)) = TRUE)",aee3a6af5e1bc1bdf180b900,required_tokens + skeleton_family + delimiter_integrity + boolean_signal
PG_BOOL_R025_C10,PG_BOOL_R025,Y4,membership_list,10,coalesce_false_wrapper,6,COALESCE|FALSE|IN|NOT,"COALESCE((STR NOT IN (STR, STR)), FALSE)",dc35226a37142d4589828630,required_tokens + skeleton_family + delimiter_integrity + boolean_signal
PG_BOOL_R026_C01,PG_BOOL_R026,Y4,any_all_array,1,base_predicate,6,=|ANY|ARRAY,"INT = ANY(ARRAY[INT, INT, INT])",29b1b6d4ffc6f120bb16afcf,required_tokens + skeleton_family + delimiter_integrity + boolean_signal
PG_BOOL_R026_C02,PG_BOOL_R026,Y4,any_all_array,2,parenthesized_predicate,6,=|ANY|ARRAY,"(INT = ANY(ARRAY[INT, INT, INT]))",c68b9227372b9c944c6f2aa7,required_tokens + skeleton_family + delimiter_integrity + boolean_signal
PG_BOOL_R026_C03,PG_BOOL_R026,Y4,any_all_array,3,negated_inverse_predicate,6,=|ANY|ARRAY|NOT,"NOT (INT = ANY(ARRAY[INT, INT, INT]))",ee98c56270be6fd25d9585a5,required_tokens + skeleton_family + delimiter_integrity + boolean_signal
PG_BOOL_R026_C04,PG_BOOL_R026,Y4,any_all_array,4,is_true_wrapper,6,=|ANY|ARRAY|IS|TRUE,"(INT = ANY(ARRAY[INT, INT, INT])) IS TRUE",9f6d38b276eabe2114b8ca7d,required_tokens + skeleton_family + delimiter_integrity + boolean_signal
PG_BOOL_R026_C05,PG_BOOL_R026,Y4,any_all_array,5,is_not_false_wrapper,6,=|ANY|ARRAY|FALSE|IS|NOT,"(INT = ANY(ARRAY[INT, INT, INT])) IS NOT FALSE",451ff86e187bb21740cd065e,required_tokens + skeleton_family + delimiter_integrity + boolean_signal
PG_BOOL_R026_C06,PG_BOOL_R026,Y4,any_all_array,6,case_boolean_wrapper,6,=|ANY|ARRAY|CASE|ELSE|END|FALSE|THEN|TRUE|WHEN,"CASE WHEN (INT = ANY(ARRAY[INT, INT, INT])) THEN TRUE ELSE FALSE END",22d9a0d7a6328f4c6aa0f7d3,required_tokens + skeleton_family + delimiter_integrity + boolean_signal
PG_BOOL_R026_C07,PG_BOOL_R026,Y4,any_all_array,7,and_true_guard,6,=|AND|ANY|ARRAY,"(INT = ANY(ARRAY[INT, INT, INT])) AND (INT = INT)",52759991031445041fa03ad8,required_tokens + skeleton_family + delimiter_integrity + boolean_signal
PG_BOOL_R026_C08,PG_BOOL_R026,Y4,any_all_array,8,or_false_guard,6,<|<>|=|>|ANY|ARRAY|OR,"(INT = ANY(ARRAY[INT, INT, INT])) OR (INT <> INT)",dfc95231ea4c6973fe55303d,required_tokens + skeleton_family + delimiter_integrity + boolean_signal
PG_BOOL_R026_C09,PG_BOOL_R026,Y4,any_all_array,9,equals_true_wrapper,6,=|ANY|ARRAY|TRUE,"((INT = ANY(ARRAY[INT, INT, INT])) = TRUE)",60142c0d6bd634671d86e7bb,required_tokens + skeleton_family + delimiter_integrity + boolean_signal
PG_BOOL_R026_C10,PG_BOOL_R026,Y4,any_all_array,10,coalesce_false_wrapper,6,=|ANY|ARRAY|COALESCE|FALSE,"COALESCE((INT = ANY(ARRAY[INT, INT, INT])), FALSE)",3fbb845a0c1b7c4cd3807bcd,required_tokens + skeleton_family + delimiter_integrity + boolean_signal
PG_BOOL_R027_C01,PG_BOOL_R027,Y4,any_all_array,1,base_predicate,6,<|<>|>|ALL|ARRAY,"INT <> ALL(ARRAY[INT, INT, INT])",893d7b683b242c04d5156b19,required_tokens + skeleton_family + delimiter_integrity + boolean_signal
PG_BOOL_R027_C02,PG_BOOL_R027,Y4,any_all_array,2,parenthesized_predicate,6,<|<>|>|ALL|ARRAY,"(INT <> ALL(ARRAY[INT, INT, INT]))",d6d5e6d50751cf3c414d69b9,required_tokens + skeleton_family + delimiter_integrity + boolean_signal
PG_BOOL_R027_C03,PG_BOOL_R027,Y4,any_all_array,3,negated_inverse_predicate,6,<|<>|>|ALL|ARRAY|NOT,"NOT (INT <> ALL(ARRAY[INT, INT, INT]))",b21fe2e79dd2ba1c4130c3ac,required_tokens + skeleton_family + delimiter_integrity + boolean_signal
PG_BOOL_R027_C04,PG_BOOL_R027,Y4,any_all_array,4,is_true_wrapper,6,<|<>|>|ALL|ARRAY|IS|TRUE,"(INT <> ALL(ARRAY[INT, INT, INT])) IS TRUE",b93a4b37c7f0dbf92d53c816,required_tokens + skeleton_family + delimiter_integrity + boolean_signal
PG_BOOL_R027_C05,PG_BOOL_R027,Y4,any_all_array,5,is_not_false_wrapper,6,<|<>|>|ALL|ARRAY|FALSE|IS|NOT,"(INT <> ALL(ARRAY[INT, INT, INT])) IS NOT FALSE",bfa7f5de7af9bde9678ab707,required_tokens + skeleton_family + delimiter_integrity + boolean_signal
PG_BOOL_R027_C06,PG_BOOL_R027,Y4,any_all_array,6,case_boolean_wrapper,6,<|<>|>|ALL|ARRAY|CASE|ELSE|END|FALSE|THEN|TRUE|WHEN,"CASE WHEN (INT <> ALL(ARRAY[INT, INT, INT])) THEN TRUE ELSE FALSE END",7569e239597c07f6635cce10,required_tokens + skeleton_family + delimiter_integrity + boolean_signal
PG_BOOL_R027_C07,PG_BOOL_R027,Y4,any_all_array,7,and_true_guard,6,<|<>|=|>|ALL|AND|ARRAY,"(INT <> ALL(ARRAY[INT, INT, INT])) AND (INT = INT)",f50fbfb7aaa6e197469a1630,required_tokens + skeleton_family + delimiter_integrity + boolean_signal
PG_BOOL_R027_C08,PG_BOOL_R027,Y4,any_all_array,8,or_false_guard,6,<|<>|>|ALL|ARRAY|OR,"(INT <> ALL(ARRAY[INT, INT, INT])) OR (INT <> INT)",7aa76472dce4eddcf6479ede,required_tokens + skeleton_family + delimiter_integrity + boolean_signal
PG_BOOL_R027_C09,PG_BOOL_R027,Y4,any_all_array,9,equals_true_wrapper,6,<|<>|=|>|ALL|ARRAY|TRUE,"((INT <> ALL(ARRAY[INT, INT, INT])) = TRUE)",529c895035b257694a005bec,required_tokens + skeleton_family + delimiter_integrity + boolean_signal
PG_BOOL_R027_C10,PG_BOOL_R027,Y4,any_all_array,10,coalesce_false_wrapper,6,<|<>|>|ALL|ARRAY|COALESCE|FALSE,"COALESCE((INT <> ALL(ARRAY[INT, INT, INT])), FALSE)",54a185c037af2fa287c62a00,required_tokens + skeleton_family + delimiter_integrity + boolean_signal
PG_BOOL_R028_C01,PG_BOOL_R028,Y4,any_all_array,1,base_predicate,6,>|ALL|ARRAY,"INT > ALL(ARRAY[INT, INT, INT])",c0a1c53e691a4a5dc05fe350,required_tokens + skeleton_family + delimiter_integrity + boolean_signal
PG_BOOL_R028_C02,PG_BOOL_R028,Y4,any_all_array,2,parenthesized_predicate,6,>|ALL|ARRAY,"(INT > ALL(ARRAY[INT, INT, INT]))",86a845dfa509d660eb0feeba,required_tokens + skeleton_family + delimiter_integrity + boolean_signal
PG_BOOL_R028_C03,PG_BOOL_R028,Y4,any_all_array,3,negated_inverse_predicate,6,>|ALL|ARRAY|NOT,"NOT (INT > ALL(ARRAY[INT, INT, INT]))",11d423969bb6a7e536197547,required_tokens + skeleton_family + delimiter_integrity + boolean_signal
PG_BOOL_R028_C04,PG_BOOL_R028,Y4,any_all_array,4,is_true_wrapper,6,>|ALL|ARRAY|IS|TRUE,"(INT > ALL(ARRAY[INT, INT, INT])) IS TRUE",f164795071588de687318180,required_tokens + skeleton_family + delimiter_integrity + boolean_signal
PG_BOOL_R028_C05,PG_BOOL_R028,Y4,any_all_array,5,is_not_false_wrapper,6,>|ALL|ARRAY|FALSE|IS|NOT,"(INT > ALL(ARRAY[INT, INT, INT])) IS NOT FALSE",765cc0a07c44191fe56ff076,required_tokens + skeleton_family + delimiter_integrity + boolean_signal
PG_BOOL_R028_C06,PG_BOOL_R028,Y4,any_all_array,6,case_boolean_wrapper,6,>|ALL|ARRAY|CASE|ELSE|END|FALSE|THEN|TRUE|WHEN,"CASE WHEN (INT > ALL(ARRAY[INT, INT, INT])) THEN TRUE ELSE FALSE END",1e3c9a2d21d8b13e45a6c44d,required_tokens + skeleton_family + delimiter_integrity + boolean_signal
PG_BOOL_R028_C07,PG_BOOL_R028,Y4,any_all_array,7,and_true_guard,6,=|>|ALL|AND|ARRAY,"(INT > ALL(ARRAY[INT, INT, INT])) AND (INT = INT)",3c4ced12438adb15e7bca48d,required_tokens + skeleton_family + delimiter_integrity + boolean_signal
PG_BOOL_R028_C08,PG_BOOL_R028,Y4,any_all_array,8,or_false_guard,6,<|<>|>|ALL|ARRAY|OR,"(INT > ALL(ARRAY[INT, INT, INT])) OR (INT <> INT)",4711332cc0dea4fc9547f797,required_tokens + skeleton_family + delimiter_integrity + boolean_signal
PG_BOOL_R028_C09,PG_BOOL_R028,Y4,any_all_array,9,equals_true_wrapper,6,=|>|ALL|ARRAY|TRUE,"((INT > ALL(ARRAY[INT, INT, INT])) = TRUE)",cae7fffb35964c9f8d30dda3,required_tokens + skeleton_family + delimiter_integrity + boolean_signal
PG_BOOL_R028_C10,PG_BOOL_R028,Y4,any_all_array,10,coalesce_false_wrapper,6,>|ALL|ARRAY|COALESCE|FALSE,"COALESCE((INT > ALL(ARRAY[INT, INT, INT])), FALSE)",272bf8e3953ecdc72c7b1227,required_tokens + skeleton_family + delimiter_integrity + boolean_signal
PG_BOOL_R029_C01,PG_BOOL_R029,Y4,any_all_array,1,base_predicate,6,<|ALL|ARRAY,"INT < ALL(ARRAY[INT, INT, INT])",ed75504869d53a9c8864bee1,required_tokens + skeleton_family + delimiter_integrity + boolean_signal
PG_BOOL_R029_C02,PG_BOOL_R029,Y4,any_all_array,2,parenthesized_predicate,6,<|ALL|ARRAY,"(INT < ALL(ARRAY[INT, INT, INT]))",a4476735659d50dc01080b6f,required_tokens + skeleton_family + delimiter_integrity + boolean_signal
PG_BOOL_R029_C03,PG_BOOL_R029,Y4,any_all_array,3,negated_inverse_predicate,6,<|ALL|ARRAY|NOT,"NOT (INT < ALL(ARRAY[INT, INT, INT]))",575538446d119c29a420849e,required_tokens + skeleton_family + delimiter_integrity + boolean_signal
PG_BOOL_R029_C04,PG_BOOL_R029,Y4,any_all_array,4,is_true_wrapper,6,<|ALL|ARRAY|IS|TRUE,"(INT < ALL(ARRAY[INT, INT, INT])) IS TRUE",23ebdb346f8429d62212b4d6,required_tokens + skeleton_family + delimiter_integrity + boolean_signal
PG_BOOL_R029_C05,PG_BOOL_R029,Y4,any_all_array,5,is_not_false_wrapper,6,<|ALL|ARRAY|FALSE|IS|NOT,"(INT < ALL(ARRAY[INT, INT, INT])) IS NOT FALSE",28a1e71d084936542c69e225,required_tokens + skeleton_family + delimiter_integrity + boolean_signal
PG_BOOL_R029_C06,PG_BOOL_R029,Y4,any_all_array,6,case_boolean_wrapper,6,<|ALL|ARRAY|CASE|ELSE|END|FALSE|THEN|TRUE|WHEN,"CASE WHEN (INT < ALL(ARRAY[INT, INT, INT])) THEN TRUE ELSE FALSE END",ef6fdd2c0a99a2e734d282b0,required_tokens + skeleton_family + delimiter_integrity + boolean_signal
PG_BOOL_R029_C07,PG_BOOL_R029,Y4,any_all_array,7,and_true_guard,6,<|=|ALL|AND|ARRAY,"(INT < ALL(ARRAY[INT, INT, INT])) AND (INT = INT)",5da55926559dc04b2d30b47e,required_tokens + skeleton_family + delimiter_integrity + boolean_signal
PG_BOOL_R029_C08,PG_BOOL_R029,Y4,any_all_array,8,or_false_guard,6,<|<>|>|ALL|ARRAY|OR,"(INT < ALL(ARRAY[INT, INT, INT])) OR (INT <> INT)",2b12b233b85aeb16b56bc800,required_tokens + skeleton_family + delimiter_integrity + boolean_signal
PG_BOOL_R029_C09,PG_BOOL_R029,Y4,any_all_array,9,equals_true_wrapper,6,<|=|ALL|ARRAY|TRUE,"((INT < ALL(ARRAY[INT, INT, INT])) = TRUE)",81fad1cabcddf39528fb0ef3,required_tokens + skeleton_family + delimiter_integrity + boolean_signal
PG_BOOL_R029_C10,PG_BOOL_R029,Y4,any_all_array,10,coalesce_false_wrapper,6,<|ALL|ARRAY|COALESCE|FALSE,"COALESCE((INT < ALL(ARRAY[INT, INT, INT])), FALSE)",be5d61eff7ff07147c7aac4c,required_tokens + skeleton_family + delimiter_integrity + boolean_signal
PG_BOOL_R030_C01,PG_BOOL_R030,Y4,any_all_array,1,base_predicate,6,<|<=|=|ANY|ARRAY,"INT <= ANY(ARRAY[INT, INT, INT])",c2cb3a5a77ed604ae2cfa2c8,required_tokens + skeleton_family + delimiter_integrity + boolean_signal
PG_BOOL_R030_C02,PG_BOOL_R030,Y4,any_all_array,2,parenthesized_predicate,6,<|<=|=|ANY|ARRAY,"(INT <= ANY(ARRAY[INT, INT, INT]))",a9bcfcea317ca699874b77ef,required_tokens + skeleton_family + delimiter_integrity + boolean_signal
PG_BOOL_R030_C03,PG_BOOL_R030,Y4,any_all_array,3,negated_inverse_predicate,6,<|<=|=|ANY|ARRAY|NOT,"NOT (INT <= ANY(ARRAY[INT, INT, INT]))",c5586cd40b0d72ef0580a5b1,required_tokens + skeleton_family + delimiter_integrity + boolean_signal
PG_BOOL_R030_C04,PG_BOOL_R030,Y4,any_all_array,4,is_true_wrapper,6,<|<=|=|ANY|ARRAY|IS|TRUE,"(INT <= ANY(ARRAY[INT, INT, INT])) IS TRUE",67e8dc9e1470005aa2c85bf0,required_tokens + skeleton_family + delimiter_integrity + boolean_signal
PG_BOOL_R030_C05,PG_BOOL_R030,Y4,any_all_array,5,is_not_false_wrapper,6,<|<=|=|ANY|ARRAY|FALSE|IS|NOT,"(INT <= ANY(ARRAY[INT, INT, INT])) IS NOT FALSE",71f912fc2ab90f8cf4764513,required_tokens + skeleton_family + delimiter_integrity + boolean_signal
PG_BOOL_R030_C06,PG_BOOL_R030,Y4,any_all_array,6,case_boolean_wrapper,6,<|<=|=|ANY|ARRAY|CASE|ELSE|END|FALSE|THEN|TRUE|WHEN,"CASE WHEN (INT <= ANY(ARRAY[INT, INT, INT])) THEN TRUE ELSE FALSE END",ec98f84d44d080d13d982ff5,required_tokens + skeleton_family + delimiter_integrity + boolean_signal
PG_BOOL_R030_C07,PG_BOOL_R030,Y4,any_all_array,7,and_true_guard,6,<|<=|=|AND|ANY|ARRAY,"(INT <= ANY(ARRAY[INT, INT, INT])) AND (INT = INT)",9cc882b1beaeff8745dbf1cd,required_tokens + skeleton_family + delimiter_integrity + boolean_signal
PG_BOOL_R030_C08,PG_BOOL_R030,Y4,any_all_array,8,or_false_guard,6,<|<=|<>|=|>|ANY|ARRAY|OR,"(INT <= ANY(ARRAY[INT, INT, INT])) OR (INT <> INT)",948c812dd588fbc3fd120183,required_tokens + skeleton_family + delimiter_integrity + boolean_signal
PG_BOOL_R030_C09,PG_BOOL_R030,Y4,any_all_array,9,equals_true_wrapper,6,<|<=|=|ANY|ARRAY|TRUE,"((INT <= ANY(ARRAY[INT, INT, INT])) = TRUE)",e3c0424eeed617ffdf00718f,required_tokens + skeleton_family + delimiter_integrity + boolean_signal
PG_BOOL_R030_C10,PG_BOOL_R030,Y4,any_all_array,10,coalesce_false_wrapper,6,<|<=|=|ANY|ARRAY|COALESCE|FALSE,"COALESCE((INT <= ANY(ARRAY[INT, INT, INT])), FALSE)",4ec54300cb7eeca3403d6c6e,required_tokens + skeleton_family + delimiter_integrity + boolean_signal
PG_BOOL_R031_C01,PG_BOOL_R031,Y4,like_ilike,1,base_predicate,6,LIKE,STR LIKE STR,e320743fe1a877cc848d4060,required_tokens + skeleton_family + delimiter_integrity + boolean_signal
PG_BOOL_R031_C02,PG_BOOL_R031,Y4,like_ilike,2,parenthesized_predicate,6,LIKE,(STR LIKE STR),a36813145283c1b6e301a12b,required_tokens + skeleton_family + delimiter_integrity + boolean_signal
PG_BOOL_R031_C03,PG_BOOL_R031,Y4,like_ilike,3,negated_inverse_predicate,6,LIKE|NOT,NOT (STR LIKE STR),7e84635cabf868927b898a85,required_tokens + skeleton_family + delimiter_integrity + boolean_signal
PG_BOOL_R031_C04,PG_BOOL_R031,Y4,like_ilike,4,is_true_wrapper,6,IS|LIKE|TRUE,(STR LIKE STR) IS TRUE,0c0faec6835967cf566a0981,required_tokens + skeleton_family + delimiter_integrity + boolean_signal
PG_BOOL_R031_C05,PG_BOOL_R031,Y4,like_ilike,5,is_not_false_wrapper,6,FALSE|IS|LIKE|NOT,(STR LIKE STR) IS NOT FALSE,165cb364383c824d9b4e219c,required_tokens + skeleton_family + delimiter_integrity + boolean_signal
PG_BOOL_R031_C06,PG_BOOL_R031,Y4,like_ilike,6,case_boolean_wrapper,6,CASE|ELSE|END|FALSE|LIKE|THEN|TRUE|WHEN,CASE WHEN (STR LIKE STR) THEN TRUE ELSE FALSE END,2d10a94c7fbd41d3c5b14152,required_tokens + skeleton_family + delimiter_integrity + boolean_signal
PG_BOOL_R031_C07,PG_BOOL_R031,Y4,like_ilike,7,and_true_guard,6,=|AND|LIKE,(STR LIKE STR) AND (INT = INT),a3d030378dafd2258128734e,required_tokens + skeleton_family + delimiter_integrity + boolean_signal
PG_BOOL_R031_C08,PG_BOOL_R031,Y4,like_ilike,8,or_false_guard,6,<|<>|>|LIKE|OR,(STR LIKE STR) OR (INT <> INT),6c6f2971ddfdf869bd9bcd53,required_tokens + skeleton_family + delimiter_integrity + boolean_signal
PG_BOOL_R031_C09,PG_BOOL_R031,Y4,like_ilike,9,equals_true_wrapper,6,=|LIKE|TRUE,((STR LIKE STR) = TRUE),a2e3d4dd43b64ee24ecae2b2,required_tokens + skeleton_family + delimiter_integrity + boolean_signal
PG_BOOL_R031_C10,PG_BOOL_R031,Y4,like_ilike,10,coalesce_false_wrapper,6,COALESCE|FALSE|LIKE,"COALESCE((STR LIKE STR), FALSE)",10776298e3d60a998970a53e,required_tokens + skeleton_family + delimiter_integrity + boolean_signal
PG_BOOL_R032_C01,PG_BOOL_R032,Y4,like_ilike,1,base_predicate,6,ILIKE,STR ILIKE STR,5cab194603e64e247bc467bd,required_tokens + skeleton_family + delimiter_integrity + boolean_signal
PG_BOOL_R032_C02,PG_BOOL_R032,Y4,like_ilike,2,parenthesized_predicate,6,ILIKE,(STR ILIKE STR),05c009fdce37eca26acd2075,required_tokens + skeleton_family + delimiter_integrity + boolean_signal
PG_BOOL_R032_C03,PG_BOOL_R032,Y4,like_ilike,3,negated_inverse_predicate,6,ILIKE|NOT,NOT (STR ILIKE STR),16da1aba61fdd3c0008eed17,required_tokens + skeleton_family + delimiter_integrity + boolean_signal
PG_BOOL_R032_C04,PG_BOOL_R032,Y4,like_ilike,4,is_true_wrapper,6,ILIKE|IS|TRUE,(STR ILIKE STR) IS TRUE,1be8b8f4ad3b94c457766751,required_tokens + skeleton_family + delimiter_integrity + boolean_signal
PG_BOOL_R032_C05,PG_BOOL_R032,Y4,like_ilike,5,is_not_false_wrapper,6,FALSE|ILIKE|IS|NOT,(STR ILIKE STR) IS NOT FALSE,5cd417eb1b52961d550ed204,required_tokens + skeleton_family + delimiter_integrity + boolean_signal
PG_BOOL_R032_C06,PG_BOOL_R032,Y4,like_ilike,6,case_boolean_wrapper,6,CASE|ELSE|END|FALSE|ILIKE|THEN|TRUE|WHEN,CASE WHEN (STR ILIKE STR) THEN TRUE ELSE FALSE END,ddd68b0cf14211fa25e8eebc,required_tokens + skeleton_family + delimiter_integrity + boolean_signal
PG_BOOL_R032_C07,PG_BOOL_R032,Y4,like_ilike,7,and_true_guard,6,=|AND|ILIKE,(STR ILIKE STR) AND (INT = INT),adc47e2959e76dcd67e00d3f,required_tokens + skeleton_family + delimiter_integrity + boolean_signal
PG_BOOL_R032_C08,PG_BOOL_R032,Y4,like_ilike,8,or_false_guard,6,<|<>|>|ILIKE|OR,(STR ILIKE STR) OR (INT <> INT),9acedb22a6db62db500339e7,required_tokens + skeleton_family + delimiter_integrity + boolean_signal
PG_BOOL_R032_C09,PG_BOOL_R032,Y4,like_ilike,9,equals_true_wrapper,6,=|ILIKE|TRUE,((STR ILIKE STR) = TRUE),952922713702f603ce1cbbe6,required_tokens + skeleton_family + delimiter_integrity + boolean_signal
PG_BOOL_R032_C10,PG_BOOL_R032,Y4,like_ilike,10,coalesce_false_wrapper,6,COALESCE|FALSE|ILIKE,"COALESCE((STR ILIKE STR), FALSE)",3bd9a54e1486a3bb7ad8c241,required_tokens + skeleton_family + delimiter_integrity + boolean_signal
PG_BOOL_R033_C01,PG_BOOL_R033,Y4,like_ilike,1,base_predicate,6,LIKE|NOT,STR NOT LIKE STR,47e118a2d2fd4d903509f50d,required_tokens + skeleton_family + delimiter_integrity + boolean_signal
PG_BOOL_R033_C02,PG_BOOL_R033,Y4,like_ilike,2,parenthesized_predicate,6,LIKE|NOT,(STR NOT LIKE STR),e86081084f4f5d2c44792e48,required_tokens + skeleton_family + delimiter_integrity + boolean_signal
PG_BOOL_R033_C03,PG_BOOL_R033,Y4,like_ilike,3,negated_inverse_predicate,6,LIKE|NOT,NOT (STR NOT LIKE STR),280f6417d14348620a56f958,required_tokens + skeleton_family + delimiter_integrity + boolean_signal
PG_BOOL_R033_C04,PG_BOOL_R033,Y4,like_ilike,4,is_true_wrapper,6,IS|LIKE|NOT|TRUE,(STR NOT LIKE STR) IS TRUE,5ece81e647e0c267de4b5c77,required_tokens + skeleton_family + delimiter_integrity + boolean_signal
PG_BOOL_R033_C05,PG_BOOL_R033,Y4,like_ilike,5,is_not_false_wrapper,6,FALSE|IS|LIKE|NOT,(STR NOT LIKE STR) IS NOT FALSE,2552e65eb6b66a47d3f69644,required_tokens + skeleton_family + delimiter_integrity + boolean_signal
PG_BOOL_R033_C06,PG_BOOL_R033,Y4,like_ilike,6,case_boolean_wrapper,6,CASE|ELSE|END|FALSE|LIKE|NOT|THEN|TRUE|WHEN,CASE WHEN (STR NOT LIKE STR) THEN TRUE ELSE FALSE END,6810ce7b3e99c852c6c61945,required_tokens + skeleton_family + delimiter_integrity + boolean_signal
PG_BOOL_R033_C07,PG_BOOL_R033,Y4,like_ilike,7,and_true_guard,6,=|AND|LIKE|NOT,(STR NOT LIKE STR) AND (INT = INT),a6d7fbabb2deba2208394314,required_tokens + skeleton_family + delimiter_integrity + boolean_signal
PG_BOOL_R033_C08,PG_BOOL_R033,Y4,like_ilike,8,or_false_guard,6,<|<>|>|LIKE|NOT|OR,(STR NOT LIKE STR) OR (INT <> INT),e3a583b242e4fa7a9e25a967,required_tokens + skeleton_family + delimiter_integrity + boolean_signal
PG_BOOL_R033_C09,PG_BOOL_R033,Y4,like_ilike,9,equals_true_wrapper,6,=|LIKE|NOT|TRUE,((STR NOT LIKE STR) = TRUE),a44de363441841edd2d1daeb,required_tokens + skeleton_family + delimiter_integrity + boolean_signal
PG_BOOL_R033_C10,PG_BOOL_R033,Y4,like_ilike,10,coalesce_false_wrapper,6,COALESCE|FALSE|LIKE|NOT,"COALESCE((STR NOT LIKE STR), FALSE)",75b268e65f70ff91ad72fa49,required_tokens + skeleton_family + delimiter_integrity + boolean_signal
PG_BOOL_R034_C01,PG_BOOL_R034,Y4,like_ilike,1,base_predicate,6,LIKE,STR LIKE STR,7a15bc498ff1e94b8ac72d32,required_tokens + skeleton_family + delimiter_integrity + boolean_signal
PG_BOOL_R034_C02,PG_BOOL_R034,Y4,like_ilike,2,parenthesized_predicate,6,LIKE,(STR LIKE STR),a6e41a64a08a09c877b5a367,required_tokens + skeleton_family + delimiter_integrity + boolean_signal
PG_BOOL_R034_C03,PG_BOOL_R034,Y4,like_ilike,3,negated_inverse_predicate,6,LIKE|NOT,NOT (STR LIKE STR),5b498c6e24468637d746ce2f,required_tokens + skeleton_family + delimiter_integrity + boolean_signal
PG_BOOL_R034_C04,PG_BOOL_R034,Y4,like_ilike,4,is_true_wrapper,6,IS|LIKE|TRUE,(STR LIKE STR) IS TRUE,a6f2bb945e571f96dabdc8f3,required_tokens + skeleton_family + delimiter_integrity + boolean_signal
PG_BOOL_R034_C05,PG_BOOL_R034,Y4,like_ilike,5,is_not_false_wrapper,6,FALSE|IS|LIKE|NOT,(STR LIKE STR) IS NOT FALSE,c69cb9de907b68675fcfe795,required_tokens + skeleton_family + delimiter_integrity + boolean_signal
PG_BOOL_R034_C06,PG_BOOL_R034,Y4,like_ilike,6,case_boolean_wrapper,6,CASE|ELSE|END|FALSE|LIKE|THEN|TRUE|WHEN,CASE WHEN (STR LIKE STR) THEN TRUE ELSE FALSE END,37a6d7ff27bb1d0d1799b930,required_tokens + skeleton_family + delimiter_integrity + boolean_signal
PG_BOOL_R034_C07,PG_BOOL_R034,Y4,like_ilike,7,and_true_guard,6,=|AND|LIKE,(STR LIKE STR) AND (INT = INT),b5a0d25cef018835cd317fd8,required_tokens + skeleton_family + delimiter_integrity + boolean_signal
PG_BOOL_R034_C08,PG_BOOL_R034,Y4,like_ilike,8,or_false_guard,6,<|<>|>|LIKE|OR,(STR LIKE STR) OR (INT <> INT),419a335f2533f3aa0d3f5df3,required_tokens + skeleton_family + delimiter_integrity + boolean_signal
PG_BOOL_R034_C09,PG_BOOL_R034,Y4,like_ilike,9,equals_true_wrapper,6,=|LIKE|TRUE,((STR LIKE STR) = TRUE),e285eff20ac8e036001fb645,required_tokens + skeleton_family + delimiter_integrity + boolean_signal
PG_BOOL_R034_C10,PG_BOOL_R034,Y4,like_ilike,10,coalesce_false_wrapper,6,COALESCE|FALSE|LIKE,"COALESCE((STR LIKE STR), FALSE)",836682b6ea0885c40c881dec,required_tokens + skeleton_family + delimiter_integrity + boolean_signal
PG_BOOL_R035_C01,PG_BOOL_R035,Y4,like_ilike,1,base_predicate,6,ILIKE,STR ILIKE STR,e386ee99ea63644fee557abe,required_tokens + skeleton_family + delimiter_integrity + boolean_signal
PG_BOOL_R035_C02,PG_BOOL_R035,Y4,like_ilike,2,parenthesized_predicate,6,ILIKE,(STR ILIKE STR),1d0ce9a4000fdc3e5b9b6813,required_tokens + skeleton_family + delimiter_integrity + boolean_signal
PG_BOOL_R035_C03,PG_BOOL_R035,Y4,like_ilike,3,negated_inverse_predicate,6,ILIKE|NOT,NOT (STR ILIKE STR),394be39ae2b5b7dcb407d059,required_tokens + skeleton_family + delimiter_integrity + boolean_signal
PG_BOOL_R035_C04,PG_BOOL_R035,Y4,like_ilike,4,is_true_wrapper,6,ILIKE|IS|TRUE,(STR ILIKE STR) IS TRUE,fb11ef498ef7f85a683cb7fd,required_tokens + skeleton_family + delimiter_integrity + boolean_signal
PG_BOOL_R035_C05,PG_BOOL_R035,Y4,like_ilike,5,is_not_false_wrapper,6,FALSE|ILIKE|IS|NOT,(STR ILIKE STR) IS NOT FALSE,7373bccefaac3b4efd20f799,required_tokens + skeleton_family + delimiter_integrity + boolean_signal
PG_BOOL_R035_C06,PG_BOOL_R035,Y4,like_ilike,6,case_boolean_wrapper,6,CASE|ELSE|END|FALSE|ILIKE|THEN|TRUE|WHEN,CASE WHEN (STR ILIKE STR) THEN TRUE ELSE FALSE END,f0a2aef3350ca8228701b2e7,required_tokens + skeleton_family + delimiter_integrity + boolean_signal
PG_BOOL_R035_C07,PG_BOOL_R035,Y4,like_ilike,7,and_true_guard,6,=|AND|ILIKE,(STR ILIKE STR) AND (INT = INT),92f5109d81790e61c3fcf4cc,required_tokens + skeleton_family + delimiter_integrity + boolean_signal
PG_BOOL_R035_C08,PG_BOOL_R035,Y4,like_ilike,8,or_false_guard,6,<|<>|>|ILIKE|OR,(STR ILIKE STR) OR (INT <> INT),6505adee4eac79ee7f40c6ad,required_tokens + skeleton_family + delimiter_integrity + boolean_signal
PG_BOOL_R035_C09,PG_BOOL_R035,Y4,like_ilike,9,equals_true_wrapper,6,=|ILIKE|TRUE,((STR ILIKE STR) = TRUE),676f572971b39b65e79939a5,required_tokens + skeleton_family + delimiter_integrity + boolean_signal
PG_BOOL_R035_C10,PG_BOOL_R035,Y4,like_ilike,10,coalesce_false_wrapper,6,COALESCE|FALSE|ILIKE,"COALESCE((STR ILIKE STR), FALSE)",4457a7b4e52cd631bb4e3542,required_tokens + skeleton_family + delimiter_integrity + boolean_signal
PG_BOOL_R036_C01,PG_BOOL_R036,Y4,regex_match,1,base_predicate,6,~,STR ~ STR,ea3044b04e317304047354e2,required_tokens + skeleton_family + delimiter_integrity + boolean_signal
PG_BOOL_R036_C02,PG_BOOL_R036,Y4,regex_match,2,parenthesized_predicate,6,~,(STR ~ STR),3fefb0ee58848adc5a1dc0e0,required_tokens + skeleton_family + delimiter_integrity + boolean_signal
PG_BOOL_R036_C03,PG_BOOL_R036,Y4,regex_match,3,negated_inverse_predicate,6,NOT|~,NOT (STR ~ STR),890cd59e36b2c24382c8a1e6,required_tokens + skeleton_family + delimiter_integrity + boolean_signal
PG_BOOL_R036_C04,PG_BOOL_R036,Y4,regex_match,4,is_true_wrapper,6,IS|TRUE|~,(STR ~ STR) IS TRUE,67db027a18d80534926e278b,required_tokens + skeleton_family + delimiter_integrity + boolean_signal
PG_BOOL_R036_C05,PG_BOOL_R036,Y4,regex_match,5,is_not_false_wrapper,6,FALSE|IS|NOT|~,(STR ~ STR) IS NOT FALSE,05c4ff2370865ba7aad4af0b,required_tokens + skeleton_family + delimiter_integrity + boolean_signal
PG_BOOL_R036_C06,PG_BOOL_R036,Y4,regex_match,6,case_boolean_wrapper,6,CASE|ELSE|END|FALSE|THEN|TRUE|WHEN|~,CASE WHEN (STR ~ STR) THEN TRUE ELSE FALSE END,f18d483945be9985749a9e9c,required_tokens + skeleton_family + delimiter_integrity + boolean_signal
PG_BOOL_R036_C07,PG_BOOL_R036,Y4,regex_match,7,and_true_guard,6,=|AND|~,(STR ~ STR) AND (INT = INT),468aee62a2aa5892ea49754b,required_tokens + skeleton_family + delimiter_integrity + boolean_signal
PG_BOOL_R036_C08,PG_BOOL_R036,Y4,regex_match,8,or_false_guard,6,<|<>|>|OR|~,(STR ~ STR) OR (INT <> INT),9d136c2ce0db1786b2dc0445,required_tokens + skeleton_family + delimiter_integrity + boolean_signal
PG_BOOL_R036_C09,PG_BOOL_R036,Y4,regex_match,9,equals_true_wrapper,6,=|TRUE|~,((STR ~ STR) = TRUE),66a291ce8665650bc4892b4c,required_tokens + skeleton_family + delimiter_integrity + boolean_signal
PG_BOOL_R036_C10,PG_BOOL_R036,Y4,regex_match,10,coalesce_false_wrapper,6,COALESCE|FALSE|~,"COALESCE((STR ~ STR), FALSE)",15bd7e82992d7981811e9766,required_tokens + skeleton_family + delimiter_integrity + boolean_signal
PG_BOOL_R037_C01,PG_BOOL_R037,Y4,regex_match,1,base_predicate,6,!~|~,STR !~ STR,74feeba31ac1c617a2b44a57,required_tokens + skeleton_family + delimiter_integrity + boolean_signal
PG_BOOL_R037_C02,PG_BOOL_R037,Y4,regex_match,2,parenthesized_predicate,6,!~|~,(STR !~ STR),2ee32145443a93f65269420a,required_tokens + skeleton_family + delimiter_integrity + boolean_signal
PG_BOOL_R037_C03,PG_BOOL_R037,Y4,regex_match,3,negated_inverse_predicate,6,!~|NOT|~,NOT (STR !~ STR),c87be20537ab8361b4bfb11f,required_tokens + skeleton_family + delimiter_integrity + boolean_signal
PG_BOOL_R037_C04,PG_BOOL_R037,Y4,regex_match,4,is_true_wrapper,6,!~|IS|TRUE|~,(STR !~ STR) IS TRUE,2bd92da86fc6cd5fe47c3913,required_tokens + skeleton_family + delimiter_integrity + boolean_signal
PG_BOOL_R037_C05,PG_BOOL_R037,Y4,regex_match,5,is_not_false_wrapper,6,!~|FALSE|IS|NOT|~,(STR !~ STR) IS NOT FALSE,f6ce36cb1f8da807be1c6302,required_tokens + skeleton_family + delimiter_integrity + boolean_signal
PG_BOOL_R037_C06,PG_BOOL_R037,Y4,regex_match,6,case_boolean_wrapper,6,!~|CASE|ELSE|END|FALSE|THEN|TRUE|WHEN|~,CASE WHEN (STR !~ STR) THEN TRUE ELSE FALSE END,315ee58a2dc6c5c86e207870,required_tokens + skeleton_family + delimiter_integrity + boolean_signal
PG_BOOL_R037_C07,PG_BOOL_R037,Y4,regex_match,7,and_true_guard,6,!~|=|AND|~,(STR !~ STR) AND (INT = INT),c357f3bca19ff21222f1420e,required_tokens + skeleton_family + delimiter_integrity + boolean_signal
PG_BOOL_R037_C08,PG_BOOL_R037,Y4,regex_match,8,or_false_guard,6,!~|<|<>|>|OR|~,(STR !~ STR) OR (INT <> INT),fc8895304b21242ddf26ed5d,required_tokens + skeleton_family + delimiter_integrity + boolean_signal
PG_BOOL_R037_C09,PG_BOOL_R037,Y4,regex_match,9,equals_true_wrapper,6,!~|=|TRUE|~,((STR !~ STR) = TRUE),f8884a83d3bd867a87866401,required_tokens + skeleton_family + delimiter_integrity + boolean_signal
PG_BOOL_R037_C10,PG_BOOL_R037,Y4,regex_match,10,coalesce_false_wrapper,6,!~|COALESCE|FALSE|~,"COALESCE((STR !~ STR), FALSE)",72f756910ed8473c1b4c2132,required_tokens + skeleton_family + delimiter_integrity + boolean_signal
PG_BOOL_R038_C01,PG_BOOL_R038,Y4,regex_match,1,base_predicate,6,~,STR ~* STR,43f34e8995779fbe9a0f7368,required_tokens + skeleton_family + delimiter_integrity + boolean_signal
PG_BOOL_R038_C02,PG_BOOL_R038,Y4,regex_match,2,parenthesized_predicate,6,~,(STR ~* STR),200e97257f75e21a78e71282,required_tokens + skeleton_family + delimiter_integrity + boolean_signal
PG_BOOL_R038_C03,PG_BOOL_R038,Y4,regex_match,3,negated_inverse_predicate,6,NOT|~,NOT (STR ~* STR),15943a5c46b349914ae19908,required_tokens + skeleton_family + delimiter_integrity + boolean_signal
PG_BOOL_R038_C04,PG_BOOL_R038,Y4,regex_match,4,is_true_wrapper,6,IS|TRUE|~,(STR ~* STR) IS TRUE,47d5eab58b4a68da2e3f2804,required_tokens + skeleton_family + delimiter_integrity + boolean_signal
PG_BOOL_R038_C05,PG_BOOL_R038,Y4,regex_match,5,is_not_false_wrapper,6,FALSE|IS|NOT|~,(STR ~* STR) IS NOT FALSE,872c4a6f8e5deeed00ef940a,required_tokens + skeleton_family + delimiter_integrity + boolean_signal
PG_BOOL_R038_C06,PG_BOOL_R038,Y4,regex_match,6,case_boolean_wrapper,6,CASE|ELSE|END|FALSE|THEN|TRUE|WHEN|~,CASE WHEN (STR ~* STR) THEN TRUE ELSE FALSE END,90b41d9a3e32ba97da5c154a,required_tokens + skeleton_family + delimiter_integrity + boolean_signal
PG_BOOL_R038_C07,PG_BOOL_R038,Y4,regex_match,7,and_true_guard,6,=|AND|~,(STR ~* STR) AND (INT = INT),11cc377b555d97d790be1dde,required_tokens + skeleton_family + delimiter_integrity + boolean_signal
PG_BOOL_R038_C08,PG_BOOL_R038,Y4,regex_match,8,or_false_guard,6,<|<>|>|OR|~,(STR ~* STR) OR (INT <> INT),0e3dde459f5974c97d270122,required_tokens + skeleton_family + delimiter_integrity + boolean_signal
PG_BOOL_R038_C09,PG_BOOL_R038,Y4,regex_match,9,equals_true_wrapper,6,=|TRUE|~,((STR ~* STR) = TRUE),c05726aaf496e8bc8311bb52,required_tokens + skeleton_family + delimiter_integrity + boolean_signal
PG_BOOL_R038_C10,PG_BOOL_R038,Y4,regex_match,10,coalesce_false_wrapper,6,COALESCE|FALSE|~,"COALESCE((STR ~* STR), FALSE)",fba499b2f3c8cbf550df72d3,required_tokens + skeleton_family + delimiter_integrity + boolean_signal
PG_BOOL_R039_C01,PG_BOOL_R039,Y4,regex_match,1,base_predicate,6,,STR SIMILAR TO STR,810715bb27ff09fab7636f4b,required_tokens + skeleton_family + delimiter_integrity + boolean_signal
PG_BOOL_R039_C02,PG_BOOL_R039,Y4,regex_match,2,parenthesized_predicate,6,,(STR SIMILAR TO STR),b483a8d2c49c4283be5532dc,required_tokens + skeleton_family + delimiter_integrity + boolean_signal
PG_BOOL_R039_C03,PG_BOOL_R039,Y4,regex_match,3,negated_inverse_predicate,6,NOT,NOT (STR SIMILAR TO STR),5cbb11faa35275763bf8ccab,required_tokens + skeleton_family + delimiter_integrity + boolean_signal
PG_BOOL_R039_C04,PG_BOOL_R039,Y4,regex_match,4,is_true_wrapper,6,IS|TRUE,(STR SIMILAR TO STR) IS TRUE,b7998da7f50c1ad6a3e3ba03,required_tokens + skeleton_family + delimiter_integrity + boolean_signal
PG_BOOL_R039_C05,PG_BOOL_R039,Y4,regex_match,5,is_not_false_wrapper,6,FALSE|IS|NOT,(STR SIMILAR TO STR) IS NOT FALSE,5b4993f9aebdda3a525beac4,required_tokens + skeleton_family + delimiter_integrity + boolean_signal
PG_BOOL_R039_C06,PG_BOOL_R039,Y4,regex_match,6,case_boolean_wrapper,6,CASE|ELSE|END|FALSE|THEN|TRUE|WHEN,CASE WHEN (STR SIMILAR TO STR) THEN TRUE ELSE FALSE END,aa98fad0acb6796fba98b27d,required_tokens + skeleton_family + delimiter_integrity + boolean_signal
PG_BOOL_R039_C07,PG_BOOL_R039,Y4,regex_match,7,and_true_guard,6,=|AND,(STR SIMILAR TO STR) AND (INT = INT),8988094f63eda57ab94b5f84,required_tokens + skeleton_family + delimiter_integrity + boolean_signal
PG_BOOL_R039_C08,PG_BOOL_R039,Y4,regex_match,8,or_false_guard,6,<|<>|>|OR,(STR SIMILAR TO STR) OR (INT <> INT),f3d9b4bc6ac4b38fa3d53753,required_tokens + skeleton_family + delimiter_integrity + boolean_signal
PG_BOOL_R039_C09,PG_BOOL_R039,Y4,regex_match,9,equals_true_wrapper,6,=|TRUE,((STR SIMILAR TO STR) = TRUE),ce334e09605c10c3d1a94949,required_tokens + skeleton_family + delimiter_integrity + boolean_signal
PG_BOOL_R039_C10,PG_BOOL_R039,Y4,regex_match,10,coalesce_false_wrapper,6,COALESCE|FALSE,"COALESCE((STR SIMILAR TO STR), FALSE)",6f990a0ab5a96e89c267d7dc,required_tokens + skeleton_family + delimiter_integrity + boolean_signal
PG_BOOL_R040_C01,PG_BOOL_R040,Y4,regex_match,1,base_predicate,6,NOT,STR NOT SIMILAR TO STR,e935eb886df7529da076d322,required_tokens + skeleton_family + delimiter_integrity + boolean_signal
PG_BOOL_R040_C02,PG_BOOL_R040,Y4,regex_match,2,parenthesized_predicate,6,NOT,(STR NOT SIMILAR TO STR),e23da2b771bc70baa2c14c8f,required_tokens + skeleton_family + delimiter_integrity + boolean_signal
PG_BOOL_R040_C03,PG_BOOL_R040,Y4,regex_match,3,negated_inverse_predicate,6,NOT,NOT (STR NOT SIMILAR TO STR),c6456a86261349fbac67c1ce,required_tokens + skeleton_family + delimiter_integrity + boolean_signal
PG_BOOL_R040_C04,PG_BOOL_R040,Y4,regex_match,4,is_true_wrapper,6,IS|NOT|TRUE,(STR NOT SIMILAR TO STR) IS TRUE,2c6b955851be81439d431f20,required_tokens + skeleton_family + delimiter_integrity + boolean_signal
PG_BOOL_R040_C05,PG_BOOL_R040,Y4,regex_match,5,is_not_false_wrapper,6,FALSE|IS|NOT,(STR NOT SIMILAR TO STR) IS NOT FALSE,44ea57fb70b84058f79fed7c,required_tokens + skeleton_family + delimiter_integrity + boolean_signal
PG_BOOL_R040_C06,PG_BOOL_R040,Y4,regex_match,6,case_boolean_wrapper,6,CASE|ELSE|END|FALSE|NOT|THEN|TRUE|WHEN,CASE WHEN (STR NOT SIMILAR TO STR) THEN TRUE ELSE FALSE END,65a9b8a826ef5babb2afde64,required_tokens + skeleton_family + delimiter_integrity + boolean_signal
PG_BOOL_R040_C07,PG_BOOL_R040,Y4,regex_match,7,and_true_guard,6,=|AND|NOT,(STR NOT SIMILAR TO STR) AND (INT = INT),4df472c5716e94c4921c0954,required_tokens + skeleton_family + delimiter_integrity + boolean_signal
PG_BOOL_R040_C08,PG_BOOL_R040,Y4,regex_match,8,or_false_guard,6,<|<>|>|NOT|OR,(STR NOT SIMILAR TO STR) OR (INT <> INT),1214dae1782dcd559ab69080,required_tokens + skeleton_family + delimiter_integrity + boolean_signal
PG_BOOL_R040_C09,PG_BOOL_R040,Y4,regex_match,9,equals_true_wrapper,6,=|NOT|TRUE,((STR NOT SIMILAR TO STR) = TRUE),453e76ed53eea64b24a107f7,required_tokens + skeleton_family + delimiter_integrity + boolean_signal
PG_BOOL_R040_C10,PG_BOOL_R040,Y4,regex_match,10,coalesce_false_wrapper,6,COALESCE|FALSE|NOT,"COALESCE((STR NOT SIMILAR TO STR), FALSE)",13c44696bc60a46a23586f54,required_tokens + skeleton_family + delimiter_integrity + boolean_signal
PG_BOOL_R041_C01,PG_BOOL_R041,Y4,string_function,1,base_predicate,6,=,LENGTH(STR) = INT,1ea1dc415da450c949ea0330,required_tokens + skeleton_family + delimiter_integrity + boolean_signal
PG_BOOL_R041_C02,PG_BOOL_R041,Y4,string_function,2,parenthesized_predicate,6,=,(LENGTH(STR) = INT),a52ccf65294510c5ad4db7a3,required_tokens + skeleton_family + delimiter_integrity + boolean_signal
PG_BOOL_R041_C03,PG_BOOL_R041,Y4,string_function,3,negated_inverse_predicate,6,=|NOT,NOT (LENGTH(STR) = INT),c1bfe228732a6fdfcdd272ab,required_tokens + skeleton_family + delimiter_integrity + boolean_signal
PG_BOOL_R041_C04,PG_BOOL_R041,Y4,string_function,4,is_true_wrapper,6,=|IS|TRUE,(LENGTH(STR) = INT) IS TRUE,87e08e4dad0ad9193b3ecae4,required_tokens + skeleton_family + delimiter_integrity + boolean_signal
PG_BOOL_R041_C05,PG_BOOL_R041,Y4,string_function,5,is_not_false_wrapper,6,=|FALSE|IS|NOT,(LENGTH(STR) = INT) IS NOT FALSE,ba6e580377476ba1d84f441f,required_tokens + skeleton_family + delimiter_integrity + boolean_signal
PG_BOOL_R041_C06,PG_BOOL_R041,Y4,string_function,6,case_boolean_wrapper,6,=|CASE|ELSE|END|FALSE|THEN|TRUE|WHEN,CASE WHEN (LENGTH(STR) = INT) THEN TRUE ELSE FALSE END,4cf4737adadae1de32487fce,required_tokens + skeleton_family + delimiter_integrity + boolean_signal
PG_BOOL_R041_C07,PG_BOOL_R041,Y4,string_function,7,and_true_guard,6,=|AND,(LENGTH(STR) = INT) AND (INT = INT),bcfb591079cbc4ead363e134,required_tokens + skeleton_family + delimiter_integrity + boolean_signal
PG_BOOL_R041_C08,PG_BOOL_R041,Y4,string_function,8,or_false_guard,6,<|<>|=|>|OR,(LENGTH(STR) = INT) OR (INT <> INT),34ff08548102cb6533b17732,required_tokens + skeleton_family + delimiter_integrity + boolean_signal
PG_BOOL_R041_C09,PG_BOOL_R041,Y4,string_function,9,equals_true_wrapper,6,=|TRUE,((LENGTH(STR) = INT) = TRUE),804d99ec79526a96d9e9a15c,required_tokens + skeleton_family + delimiter_integrity + boolean_signal
PG_BOOL_R041_C10,PG_BOOL_R041,Y4,string_function,10,coalesce_false_wrapper,6,=|COALESCE|FALSE,"COALESCE((LENGTH(STR) = INT), FALSE)",09eb4149bff55fbbeec0d1b3,required_tokens + skeleton_family + delimiter_integrity + boolean_signal
PG_BOOL_R042_C01,PG_BOOL_R042,Y4,string_function,1,base_predicate,6,=|FROM,SUBSTRING(STR FROM INT FOR INT) = STR,de78e833eccebaa2639fe681,required_tokens + skeleton_family + delimiter_integrity + boolean_signal
PG_BOOL_R042_C02,PG_BOOL_R042,Y4,string_function,2,parenthesized_predicate,6,=|FROM,(SUBSTRING(STR FROM INT FOR INT) = STR),e9eded789ddcfbac818c1833,required_tokens + skeleton_family + delimiter_integrity + boolean_signal
PG_BOOL_R042_C03,PG_BOOL_R042,Y4,string_function,3,negated_inverse_predicate,6,=|FROM|NOT,NOT (SUBSTRING(STR FROM INT FOR INT) = STR),53a5c693bd0f38201a0cf31a,required_tokens + skeleton_family + delimiter_integrity + boolean_signal
PG_BOOL_R042_C04,PG_BOOL_R042,Y4,string_function,4,is_true_wrapper,6,=|FROM|IS|TRUE,(SUBSTRING(STR FROM INT FOR INT) = STR) IS TRUE,bc06c861d2ef0fce4de9a5c1,required_tokens + skeleton_family + delimiter_integrity + boolean_signal
PG_BOOL_R042_C05,PG_BOOL_R042,Y4,string_function,5,is_not_false_wrapper,6,=|FALSE|FROM|IS|NOT,(SUBSTRING(STR FROM INT FOR INT) = STR) IS NOT FALSE,e0ecbd22df124361ddd45d32,required_tokens + skeleton_family + delimiter_integrity + boolean_signal
PG_BOOL_R042_C06,PG_BOOL_R042,Y4,string_function,6,case_boolean_wrapper,6,=|CASE|ELSE|END|FALSE|FROM|THEN|TRUE|WHEN,CASE WHEN (SUBSTRING(STR FROM INT FOR INT) = STR) THEN TRUE ELSE FALSE END,aa2a2e6408fb722d821d6320,required_tokens + skeleton_family + delimiter_integrity + boolean_signal
PG_BOOL_R042_C07,PG_BOOL_R042,Y4,string_function,7,and_true_guard,6,=|AND|FROM,(SUBSTRING(STR FROM INT FOR INT) = STR) AND (INT = INT),bd3939f9990afc5b44d175b9,required_tokens + skeleton_family + delimiter_integrity + boolean_signal
PG_BOOL_R042_C08,PG_BOOL_R042,Y4,string_function,8,or_false_guard,6,<|<>|=|>|FROM|OR,(SUBSTRING(STR FROM INT FOR INT) = STR) OR (INT <> INT),1e3d9a1dca40b6c240b40fe6,required_tokens + skeleton_family + delimiter_integrity + boolean_signal
PG_BOOL_R042_C09,PG_BOOL_R042,Y4,string_function,9,equals_true_wrapper,6,=|FROM|TRUE,((SUBSTRING(STR FROM INT FOR INT) = STR) = TRUE),a6bce0f205d90cf329d749cd,required_tokens + skeleton_family + delimiter_integrity + boolean_signal
PG_BOOL_R042_C10,PG_BOOL_R042,Y4,string_function,10,coalesce_false_wrapper,6,=|COALESCE|FALSE|FROM,"COALESCE((SUBSTRING(STR FROM INT FOR INT) = STR), FALSE)",c7cf8bc0c0bb57d403155f17,required_tokens + skeleton_family + delimiter_integrity + boolean_signal
PG_BOOL_R043_C01,PG_BOOL_R043,Y4,string_function,1,base_predicate,6,=,UPPER(STR) = STR,1def2c8a4da0cc9e507c493c,required_tokens + skeleton_family + delimiter_integrity + boolean_signal
PG_BOOL_R043_C02,PG_BOOL_R043,Y4,string_function,2,parenthesized_predicate,6,=,(UPPER(STR) = STR),8825f66a1cd901c1c9385a33,required_tokens + skeleton_family + delimiter_integrity + boolean_signal
PG_BOOL_R043_C03,PG_BOOL_R043,Y4,string_function,3,negated_inverse_predicate,6,=|NOT,NOT (UPPER(STR) = STR),77e16ebdc4f440ec719bce63,required_tokens + skeleton_family + delimiter_integrity + boolean_signal
PG_BOOL_R043_C04,PG_BOOL_R043,Y4,string_function,4,is_true_wrapper,6,=|IS|TRUE,(UPPER(STR) = STR) IS TRUE,0bec07827c991521079bb6b3,required_tokens + skeleton_family + delimiter_integrity + boolean_signal
PG_BOOL_R043_C05,PG_BOOL_R043,Y4,string_function,5,is_not_false_wrapper,6,=|FALSE|IS|NOT,(UPPER(STR) = STR) IS NOT FALSE,cbaa909124d1b3be99a4d2e2,required_tokens + skeleton_family + delimiter_integrity + boolean_signal
PG_BOOL_R043_C06,PG_BOOL_R043,Y4,string_function,6,case_boolean_wrapper,6,=|CASE|ELSE|END|FALSE|THEN|TRUE|WHEN,CASE WHEN (UPPER(STR) = STR) THEN TRUE ELSE FALSE END,b9e6b8c9142d3ad83125018e,required_tokens + skeleton_family + delimiter_integrity + boolean_signal
PG_BOOL_R043_C07,PG_BOOL_R043,Y4,string_function,7,and_true_guard,6,=|AND,(UPPER(STR) = STR) AND (INT = INT),4be8f21893d5b0931f528a36,required_tokens + skeleton_family + delimiter_integrity + boolean_signal
PG_BOOL_R043_C08,PG_BOOL_R043,Y4,string_function,8,or_false_guard,6,<|<>|=|>|OR,(UPPER(STR) = STR) OR (INT <> INT),561b904fafd6e1130f62747b,required_tokens + skeleton_family + delimiter_integrity + boolean_signal
PG_BOOL_R043_C09,PG_BOOL_R043,Y4,string_function,9,equals_true_wrapper,6,=|TRUE,((UPPER(STR) = STR) = TRUE),dfdea4da945e3b66cb20a8df,required_tokens + skeleton_family + delimiter_integrity + boolean_signal
PG_BOOL_R043_C10,PG_BOOL_R043,Y4,string_function,10,coalesce_false_wrapper,6,=|COALESCE|FALSE,"COALESCE((UPPER(STR) = STR), FALSE)",406c75c0c280e0f9a67550ef,required_tokens + skeleton_family + delimiter_integrity + boolean_signal
PG_BOOL_R044_C01,PG_BOOL_R044,Y4,string_function,1,base_predicate,6,=,"REPLACE(STR, STR, STR) = STR",d20577b60df19314c287de82,required_tokens + skeleton_family + delimiter_integrity + boolean_signal
PG_BOOL_R044_C02,PG_BOOL_R044,Y4,string_function,2,parenthesized_predicate,6,=,"(REPLACE(STR, STR, STR) = STR)",5e04b1e019752c2603c77f37,required_tokens + skeleton_family + delimiter_integrity + boolean_signal
PG_BOOL_R044_C03,PG_BOOL_R044,Y4,string_function,3,negated_inverse_predicate,6,=|NOT,"NOT (REPLACE(STR, STR, STR) = STR)",044ced16fa5f4622a711c0e0,required_tokens + skeleton_family + delimiter_integrity + boolean_signal
PG_BOOL_R044_C04,PG_BOOL_R044,Y4,string_function,4,is_true_wrapper,6,=|IS|TRUE,"(REPLACE(STR, STR, STR) = STR) IS TRUE",c56e81595986fdf7f538191d,required_tokens + skeleton_family + delimiter_integrity + boolean_signal
PG_BOOL_R044_C05,PG_BOOL_R044,Y4,string_function,5,is_not_false_wrapper,6,=|FALSE|IS|NOT,"(REPLACE(STR, STR, STR) = STR) IS NOT FALSE",8ae2c70e97ada9d11c34e410,required_tokens + skeleton_family + delimiter_integrity + boolean_signal
PG_BOOL_R044_C06,PG_BOOL_R044,Y4,string_function,6,case_boolean_wrapper,6,=|CASE|ELSE|END|FALSE|THEN|TRUE|WHEN,"CASE WHEN (REPLACE(STR, STR, STR) = STR) THEN TRUE ELSE FALSE END",a02a2d9516e212c53daba799,required_tokens + skeleton_family + delimiter_integrity + boolean_signal
PG_BOOL_R044_C07,PG_BOOL_R044,Y4,string_function,7,and_true_guard,6,=|AND,"(REPLACE(STR, STR, STR) = STR) AND (INT = INT)",668077487a4f838e2ef77050,required_tokens + skeleton_family + delimiter_integrity + boolean_signal
PG_BOOL_R044_C08,PG_BOOL_R044,Y4,string_function,8,or_false_guard,6,<|<>|=|>|OR,"(REPLACE(STR, STR, STR) = STR) OR (INT <> INT)",8fec38175f011bb3ea6bb55b,required_tokens + skeleton_family + delimiter_integrity + boolean_signal
PG_BOOL_R044_C09,PG_BOOL_R044,Y4,string_function,9,equals_true_wrapper,6,=|TRUE,"((REPLACE(STR, STR, STR) = STR) = TRUE)",cc7d2dac651c23b8f716dfea,required_tokens + skeleton_family + delimiter_integrity + boolean_signal
PG_BOOL_R044_C10,PG_BOOL_R044,Y4,string_function,10,coalesce_false_wrapper,6,=|COALESCE|FALSE,"COALESCE((REPLACE(STR, STR, STR) = STR), FALSE)",dbcba6b8d9f07a2999f385f8,required_tokens + skeleton_family + delimiter_integrity + boolean_signal
PG_BOOL_R045_C01,PG_BOOL_R045,Y4,string_function,1,base_predicate,6,=,"LEFT(STR, INT) = STR",4d88c583c4cf96d3045d0f96,required_tokens + skeleton_family + delimiter_integrity + boolean_signal
PG_BOOL_R045_C02,PG_BOOL_R045,Y4,string_function,2,parenthesized_predicate,6,=,"(LEFT(STR, INT) = STR)",631ab68867c39e2976bf656d,required_tokens + skeleton_family + delimiter_integrity + boolean_signal
PG_BOOL_R045_C03,PG_BOOL_R045,Y4,string_function,3,negated_inverse_predicate,6,=|NOT,"NOT (LEFT(STR, INT) = STR)",f141cb65fc8d6c1f98122457,required_tokens + skeleton_family + delimiter_integrity + boolean_signal
PG_BOOL_R045_C04,PG_BOOL_R045,Y4,string_function,4,is_true_wrapper,6,=|IS|TRUE,"(LEFT(STR, INT) = STR) IS TRUE",3a6cc17f6c0ebd92f8e54996,required_tokens + skeleton_family + delimiter_integrity + boolean_signal
PG_BOOL_R045_C05,PG_BOOL_R045,Y4,string_function,5,is_not_false_wrapper,6,=|FALSE|IS|NOT,"(LEFT(STR, INT) = STR) IS NOT FALSE",3f6696f46d36c52e1fca325a,required_tokens + skeleton_family + delimiter_integrity + boolean_signal
PG_BOOL_R045_C06,PG_BOOL_R045,Y4,string_function,6,case_boolean_wrapper,6,=|CASE|ELSE|END|FALSE|THEN|TRUE|WHEN,"CASE WHEN (LEFT(STR, INT) = STR) THEN TRUE ELSE FALSE END",740d0ef543e13a5929d977a9,required_tokens + skeleton_family + delimiter_integrity + boolean_signal
PG_BOOL_R045_C07,PG_BOOL_R045,Y4,string_function,7,and_true_guard,6,=|AND,"(LEFT(STR, INT) = STR) AND (INT = INT)",86366c3506f0987af1bfc292,required_tokens + skeleton_family + delimiter_integrity + boolean_signal
PG_BOOL_R045_C08,PG_BOOL_R045,Y4,string_function,8,or_false_guard,6,<|<>|=|>|OR,"(LEFT(STR, INT) = STR) OR (INT <> INT)",29095dab20b25a0bc6161e98,required_tokens + skeleton_family + delimiter_integrity + boolean_signal
PG_BOOL_R045_C09,PG_BOOL_R045,Y4,string_function,9,equals_true_wrapper,6,=|TRUE,"((LEFT(STR, INT) = STR) = TRUE)",f1230f0efee389462b228439,required_tokens + skeleton_family + delimiter_integrity + boolean_signal
PG_BOOL_R045_C10,PG_BOOL_R045,Y4,string_function,10,coalesce_false_wrapper,6,=|COALESCE|FALSE,"COALESCE((LEFT(STR, INT) = STR), FALSE)",aed63c3534fcec217d6f1b55,required_tokens + skeleton_family + delimiter_integrity + boolean_signal
PG_BOOL_R046_C01,PG_BOOL_R046,Y4,arithmetic_expression,1,base_predicate,6,=,(INT + INT) = INT,2846938c534cdb69d59991ab,required_tokens + skeleton_family + delimiter_integrity + boolean_signal
PG_BOOL_R046_C02,PG_BOOL_R046,Y4,arithmetic_expression,2,parenthesized_predicate,6,=,((INT + INT) = INT),fdd46d7daaa3a061e1082224,required_tokens + skeleton_family + delimiter_integrity + boolean_signal
PG_BOOL_R046_C03,PG_BOOL_R046,Y4,arithmetic_expression,3,negated_inverse_predicate,6,=|NOT,NOT ((INT + INT) = INT),58c79fe268ed31d80f2f4a2b,required_tokens + skeleton_family + delimiter_integrity + boolean_signal
PG_BOOL_R046_C04,PG_BOOL_R046,Y4,arithmetic_expression,4,is_true_wrapper,6,=|IS|TRUE,((INT + INT) = INT) IS TRUE,8a230b061b529121cbc3c062,required_tokens + skeleton_family + delimiter_integrity + boolean_signal
PG_BOOL_R046_C05,PG_BOOL_R046,Y4,arithmetic_expression,5,is_not_false_wrapper,6,=|FALSE|IS|NOT,((INT + INT) = INT) IS NOT FALSE,bac41243b982ecfb49034ec8,required_tokens + skeleton_family + delimiter_integrity + boolean_signal
PG_BOOL_R046_C06,PG_BOOL_R046,Y4,arithmetic_expression,6,case_boolean_wrapper,6,=|CASE|ELSE|END|FALSE|THEN|TRUE|WHEN,CASE WHEN ((INT + INT) = INT) THEN TRUE ELSE FALSE END,26f03022a78cab9ce447e942,required_tokens + skeleton_family + delimiter_integrity + boolean_signal
PG_BOOL_R046_C07,PG_BOOL_R046,Y4,arithmetic_expression,7,and_true_guard,6,=|AND,((INT + INT) = INT) AND (INT = INT),0a0c8ef6f361e38a59df2a6e,required_tokens + skeleton_family + delimiter_integrity + boolean_signal
PG_BOOL_R046_C08,PG_BOOL_R046,Y4,arithmetic_expression,8,or_false_guard,6,<|<>|=|>|OR,((INT + INT) = INT) OR (INT <> INT),f8f8fcf5ea7dc4222feb3795,required_tokens + skeleton_family + delimiter_integrity + boolean_signal
PG_BOOL_R046_C09,PG_BOOL_R046,Y4,arithmetic_expression,9,equals_true_wrapper,6,=|TRUE,(((INT + INT) = INT) = TRUE),2c97b66a0e918025564c26e0,required_tokens + skeleton_family + delimiter_integrity + boolean_signal
PG_BOOL_R046_C10,PG_BOOL_R046,Y4,arithmetic_expression,10,coalesce_false_wrapper,6,=|COALESCE|FALSE,"COALESCE(((INT + INT) = INT), FALSE)",667f2eaa7982ee2e51d9e1d1,required_tokens + skeleton_family + delimiter_integrity + boolean_signal
PG_BOOL_R047_C01,PG_BOOL_R047,Y4,arithmetic_expression,1,base_predicate,6,=,(INT - INT) = INT,f6053712abf8a748b4dff2db,required_tokens + skeleton_family + delimiter_integrity + boolean_signal
PG_BOOL_R047_C02,PG_BOOL_R047,Y4,arithmetic_expression,2,parenthesized_predicate,6,=,((INT - INT) = INT),08b25105b5f0716aaabae56d,required_tokens + skeleton_family + delimiter_integrity + boolean_signal
PG_BOOL_R047_C03,PG_BOOL_R047,Y4,arithmetic_expression,3,negated_inverse_predicate,6,=|NOT,NOT ((INT - INT) = -INT),ea901ecd430fa55d5763e922,required_tokens + skeleton_family + delimiter_integrity + boolean_signal
PG_BOOL_R047_C04,PG_BOOL_R047,Y4,arithmetic_expression,4,is_true_wrapper,6,=|IS|TRUE,((INT - INT) = -INT) IS TRUE,246d3d1e640e6819f52b75b4,required_tokens + skeleton_family + delimiter_integrity + boolean_signal
PG_BOOL_R047_C05,PG_BOOL_R047,Y4,arithmetic_expression,5,is_not_false_wrapper,6,=|FALSE|IS|NOT,((INT - INT) = INT) IS NOT FALSE,9f664b194525be4c39444bdb,required_tokens + skeleton_family + delimiter_integrity + boolean_signal
PG_BOOL_R047_C06,PG_BOOL_R047,Y4,arithmetic_expression,6,case_boolean_wrapper,6,=|CASE|ELSE|END|FALSE|THEN|TRUE|WHEN,CASE WHEN ((INT - INT) = INT) THEN TRUE ELSE FALSE END,b003c240ec85267270b5210b,required_tokens + skeleton_family + delimiter_integrity + boolean_signal
PG_BOOL_R047_C07,PG_BOOL_R047,Y4,arithmetic_expression,7,and_true_guard,6,=|AND,((INT - INT) = INT) AND (INT = INT),64be422bd51256b0fe19b743,required_tokens + skeleton_family + delimiter_integrity + boolean_signal
PG_BOOL_R047_C08,PG_BOOL_R047,Y4,arithmetic_expression,8,or_false_guard,6,<|<>|=|>|OR,((INT - INT) = INT) OR (INT <> INT),0bdaec401feb8dea92326ef6,required_tokens + skeleton_family + delimiter_integrity + boolean_signal
PG_BOOL_R047_C09,PG_BOOL_R047,Y4,arithmetic_expression,9,equals_true_wrapper,6,=|TRUE,(((INT - INT) = INT) = TRUE),e73a20759867cfa70349c80a,required_tokens + skeleton_family + delimiter_integrity + boolean_signal
PG_BOOL_R047_C10,PG_BOOL_R047,Y4,arithmetic_expression,10,coalesce_false_wrapper,6,=|COALESCE|FALSE,"COALESCE(((INT - INT) = INT), FALSE)",88a94440f97468cca21b7601,required_tokens + skeleton_family + delimiter_integrity + boolean_signal
PG_BOOL_R048_C01,PG_BOOL_R048,Y4,arithmetic_expression,1,base_predicate,6,=,(INT * INT) = INT,8405133a50bfdb835ce96657,required_tokens + skeleton_family + delimiter_integrity + boolean_signal
PG_BOOL_R048_C02,PG_BOOL_R048,Y4,arithmetic_expression,2,parenthesized_predicate,6,=,((INT * INT) = INT),ab7d06ea3c0524bf56d1214b,required_tokens + skeleton_family + delimiter_integrity + boolean_signal
PG_BOOL_R048_C03,PG_BOOL_R048,Y4,arithmetic_expression,3,negated_inverse_predicate,6,=|NOT,NOT ((INT * INT) = INT),8419ea91e4ef2ff3495d8caf,required_tokens + skeleton_family + delimiter_integrity + boolean_signal
PG_BOOL_R048_C04,PG_BOOL_R048,Y4,arithmetic_expression,4,is_true_wrapper,6,=|IS|TRUE,((INT * INT) = INT) IS TRUE,dc045c25b8049bb2919fc450,required_tokens + skeleton_family + delimiter_integrity + boolean_signal
PG_BOOL_R048_C05,PG_BOOL_R048,Y4,arithmetic_expression,5,is_not_false_wrapper,6,=|FALSE|IS|NOT,((INT * INT) = INT) IS NOT FALSE,1e29dfa6f7d1565dd3af4aa3,required_tokens + skeleton_family + delimiter_integrity + boolean_signal
PG_BOOL_R048_C06,PG_BOOL_R048,Y4,arithmetic_expression,6,case_boolean_wrapper,6,=|CASE|ELSE|END|FALSE|THEN|TRUE|WHEN,CASE WHEN ((INT * INT) = INT) THEN TRUE ELSE FALSE END,21aa73d6b36201c98ee49e55,required_tokens + skeleton_family + delimiter_integrity + boolean_signal
PG_BOOL_R048_C07,PG_BOOL_R048,Y4,arithmetic_expression,7,and_true_guard,6,=|AND,((INT * INT) = INT) AND (INT = INT),2f83a96f48e65965706e159e,required_tokens + skeleton_family + delimiter_integrity + boolean_signal
PG_BOOL_R048_C08,PG_BOOL_R048,Y4,arithmetic_expression,8,or_false_guard,6,<|<>|=|>|OR,((INT * INT) = INT) OR (INT <> INT),2320956670894e19312d996e,required_tokens + skeleton_family + delimiter_integrity + boolean_signal
PG_BOOL_R048_C09,PG_BOOL_R048,Y4,arithmetic_expression,9,equals_true_wrapper,6,=|TRUE,(((INT * INT) = INT) = TRUE),72b0e2175ef54988199e9c89,required_tokens + skeleton_family + delimiter_integrity + boolean_signal
PG_BOOL_R048_C10,PG_BOOL_R048,Y4,arithmetic_expression,10,coalesce_false_wrapper,6,=|COALESCE|FALSE,"COALESCE(((INT * INT) = INT), FALSE)",35da16878225ef2150cac4f2,required_tokens + skeleton_family + delimiter_integrity + boolean_signal
PG_BOOL_R049_C01,PG_BOOL_R049,Y4,arithmetic_expression,1,base_predicate,6,=,(INT % INT) = INT,7994b41d92f3aadc9154227c,required_tokens + skeleton_family + delimiter_integrity + boolean_signal
PG_BOOL_R049_C02,PG_BOOL_R049,Y4,arithmetic_expression,2,parenthesized_predicate,6,=,((INT % INT) = INT),7f575b9a95c0c578f203afbf,required_tokens + skeleton_family + delimiter_integrity + boolean_signal
PG_BOOL_R049_C03,PG_BOOL_R049,Y4,arithmetic_expression,3,negated_inverse_predicate,6,=|NOT,NOT ((INT % INT) = INT),01f97c8e67abbcedfc9bafe7,required_tokens + skeleton_family + delimiter_integrity + boolean_signal
PG_BOOL_R049_C04,PG_BOOL_R049,Y4,arithmetic_expression,4,is_true_wrapper,6,=|IS|TRUE,((INT % INT) = INT) IS TRUE,853462df732d8c8e89eb48b2,required_tokens + skeleton_family + delimiter_integrity + boolean_signal
PG_BOOL_R049_C05,PG_BOOL_R049,Y4,arithmetic_expression,5,is_not_false_wrapper,6,=|FALSE|IS|NOT,((INT % INT) = INT) IS NOT FALSE,71b4b71931c96fe98ca9f0e0,required_tokens + skeleton_family + delimiter_integrity + boolean_signal
PG_BOOL_R049_C06,PG_BOOL_R049,Y4,arithmetic_expression,6,case_boolean_wrapper,6,=|CASE|ELSE|END|FALSE|THEN|TRUE|WHEN,CASE WHEN ((INT % INT) = INT) THEN TRUE ELSE FALSE END,f53c1f177be1f9dcb0b23ea1,required_tokens + skeleton_family + delimiter_integrity + boolean_signal
PG_BOOL_R049_C07,PG_BOOL_R049,Y4,arithmetic_expression,7,and_true_guard,6,=|AND,((INT % INT) = INT) AND (INT = INT),f7b437e94302823edcbcd310,required_tokens + skeleton_family + delimiter_integrity + boolean_signal
PG_BOOL_R049_C08,PG_BOOL_R049,Y4,arithmetic_expression,8,or_false_guard,6,<|<>|=|>|OR,((INT % INT) = INT) OR (INT <> INT),9307bce62299ede63a85be51,required_tokens + skeleton_family + delimiter_integrity + boolean_signal
PG_BOOL_R049_C09,PG_BOOL_R049,Y4,arithmetic_expression,9,equals_true_wrapper,6,=|TRUE,(((INT % INT) = INT) = TRUE),bd00905c52f20b56ef8bf18e,required_tokens + skeleton_family + delimiter_integrity + boolean_signal
PG_BOOL_R049_C10,PG_BOOL_R049,Y4,arithmetic_expression,10,coalesce_false_wrapper,6,=|COALESCE|FALSE,"COALESCE(((INT % INT) = INT), FALSE)",759c5f512e12100bcecfcd54,required_tokens + skeleton_family + delimiter_integrity + boolean_signal
PG_BOOL_R050_C01,PG_BOOL_R050,Y4,arithmetic_expression,1,base_predicate,6,>,((INT + INT) > INT),95b36a6b1976c489dc177974,required_tokens + skeleton_family + delimiter_integrity + boolean_signal
PG_BOOL_R050_C02,PG_BOOL_R050,Y4,arithmetic_expression,2,parenthesized_predicate,6,>,(((INT + INT) > INT)),4f4905fdffd5e9341cdd694b,required_tokens + skeleton_family + delimiter_integrity + boolean_signal
PG_BOOL_R050_C03,PG_BOOL_R050,Y4,arithmetic_expression,3,negated_inverse_predicate,6,>|NOT,NOT (((INT + INT) > INT)),973d92863427bc0d7d03d23e,required_tokens + skeleton_family + delimiter_integrity + boolean_signal
PG_BOOL_R050_C04,PG_BOOL_R050,Y4,arithmetic_expression,4,is_true_wrapper,6,>|IS|TRUE,(((INT + INT) > INT)) IS TRUE,be34ea0ac3c8d7c3a20686c0,required_tokens + skeleton_family + delimiter_integrity + boolean_signal
PG_BOOL_R050_C05,PG_BOOL_R050,Y4,arithmetic_expression,5,is_not_false_wrapper,6,>|FALSE|IS|NOT,(((INT + INT) > INT)) IS NOT FALSE,010949b556f30c6893b66ab8,required_tokens + skeleton_family + delimiter_integrity + boolean_signal
PG_BOOL_R050_C06,PG_BOOL_R050,Y4,arithmetic_expression,6,case_boolean_wrapper,6,>|CASE|ELSE|END|FALSE|THEN|TRUE|WHEN,CASE WHEN (((INT + INT) > INT)) THEN TRUE ELSE FALSE END,cc7f03c8cfee4af3d55ae3d9,required_tokens + skeleton_family + delimiter_integrity + boolean_signal
PG_BOOL_R050_C07,PG_BOOL_R050,Y4,arithmetic_expression,7,and_true_guard,6,=|>|AND,(((INT + INT) > INT)) AND (INT = INT),5a0147c18de7b28ee978f4a9,required_tokens + skeleton_family + delimiter_integrity + boolean_signal
PG_BOOL_R050_C08,PG_BOOL_R050,Y4,arithmetic_expression,8,or_false_guard,6,<|<>|>|OR,(((INT + INT) > INT)) OR (INT <> INT),ee11b69cc4fec1e458b2fb82,required_tokens + skeleton_family + delimiter_integrity + boolean_signal
PG_BOOL_R050_C09,PG_BOOL_R050,Y4,arithmetic_expression,9,equals_true_wrapper,6,=|>|TRUE,((((INT + INT) > INT)) = TRUE),751494b5399432b270e9ff16,required_tokens + skeleton_family + delimiter_integrity + boolean_signal
PG_BOOL_R050_C10,PG_BOOL_R050,Y4,arithmetic_expression,10,coalesce_false_wrapper,6,>|COALESCE|FALSE,"COALESCE((((INT + INT) > INT)), FALSE)",f0ff7200c8d49581b23c2a08,required_tokens + skeleton_family + delimiter_integrity + boolean_signal
PG_BOOL_R051_C01,PG_BOOL_R051,Y4,array_operator,1,base_predicate,6,>|@>|ARRAY,"ARRAY[INT, INT, INT] @> ARRAY[INT]",28ba97fbb7157c6e81184ee6,required_tokens + skeleton_family + delimiter_integrity + boolean_signal
PG_BOOL_R051_C02,PG_BOOL_R051,Y4,array_operator,2,parenthesized_predicate,6,>|@>|ARRAY,"(ARRAY[INT, INT, INT] @> ARRAY[INT])",e2f5a8c3acc41325c24690d3,required_tokens + skeleton_family + delimiter_integrity + boolean_signal
PG_BOOL_R051_C03,PG_BOOL_R051,Y4,array_operator,3,negated_inverse_predicate,6,>|@>|ARRAY|NOT,"NOT (ARRAY[INT, INT, INT] @> ARRAY[INT])",330bec3ed0383992e6ba5fb7,required_tokens + skeleton_family + delimiter_integrity + boolean_signal
PG_BOOL_R051_C04,PG_BOOL_R051,Y4,array_operator,4,is_true_wrapper,6,>|@>|ARRAY|IS|TRUE,"(ARRAY[INT, INT, INT] @> ARRAY[INT]) IS TRUE",9376edcc14aa4e3b26a41445,required_tokens + skeleton_family + delimiter_integrity + boolean_signal
PG_BOOL_R051_C05,PG_BOOL_R051,Y4,array_operator,5,is_not_false_wrapper,6,>|@>|ARRAY|FALSE|IS|NOT,"(ARRAY[INT, INT, INT] @> ARRAY[INT]) IS NOT FALSE",393bdca9851e5d84bb7cdcbe,required_tokens + skeleton_family + delimiter_integrity + boolean_signal
PG_BOOL_R051_C06,PG_BOOL_R051,Y4,array_operator,6,case_boolean_wrapper,6,>|@>|ARRAY|CASE|ELSE|END|FALSE|THEN|TRUE|WHEN,"CASE WHEN (ARRAY[INT, INT, INT] @> ARRAY[INT]) THEN TRUE ELSE FALSE END",0d975f084579907d10515fc0,required_tokens + skeleton_family + delimiter_integrity + boolean_signal
PG_BOOL_R051_C07,PG_BOOL_R051,Y4,array_operator,7,and_true_guard,6,=|>|@>|AND|ARRAY,"(ARRAY[INT, INT, INT] @> ARRAY[INT]) AND (INT = INT)",7094c396df299d247ffc7ebe,required_tokens + skeleton_family + delimiter_integrity + boolean_signal
PG_BOOL_R051_C08,PG_BOOL_R051,Y4,array_operator,8,or_false_guard,6,<|<>|>|@>|ARRAY|OR,"(ARRAY[INT, INT, INT] @> ARRAY[INT]) OR (INT <> INT)",f9b1d372a3264b92fe3f7b69,required_tokens + skeleton_family + delimiter_integrity + boolean_signal
PG_BOOL_R051_C09,PG_BOOL_R051,Y4,array_operator,9,equals_true_wrapper,6,=|>|@>|ARRAY|TRUE,"((ARRAY[INT, INT, INT] @> ARRAY[INT]) = TRUE)",e5355fd9f093bf251b932f2e,required_tokens + skeleton_family + delimiter_integrity + boolean_signal
PG_BOOL_R051_C10,PG_BOOL_R051,Y4,array_operator,10,coalesce_false_wrapper,6,>|@>|ARRAY|COALESCE|FALSE,"COALESCE((ARRAY[INT, INT, INT] @> ARRAY[INT]), FALSE)",7d9cfcfd621ddd97c00bebca,required_tokens + skeleton_family + delimiter_integrity + boolean_signal
PG_BOOL_R052_C01,PG_BOOL_R052,Y4,array_operator,1,base_predicate,6,<|<@|ARRAY,"ARRAY[INT, INT] <@ ARRAY[INT, INT, INT]",937bd16d2cd5aabc308a266b,required_tokens + skeleton_family + delimiter_integrity + boolean_signal
PG_BOOL_R052_C02,PG_BOOL_R052,Y4,array_operator,2,parenthesized_predicate,6,<|<@|ARRAY,"(ARRAY[INT, INT] <@ ARRAY[INT, INT, INT])",1cc17c016395475870af3990,required_tokens + skeleton_family + delimiter_integrity + boolean_signal
PG_BOOL_R052_C03,PG_BOOL_R052,Y4,array_operator,3,negated_inverse_predicate,6,<|<@|ARRAY|NOT,"NOT (ARRAY[INT, INT] <@ ARRAY[INT, INT, INT])",7606f5ee270567e330e15cbd,required_tokens + skeleton_family + delimiter_integrity + boolean_signal
PG_BOOL_R052_C04,PG_BOOL_R052,Y4,array_operator,4,is_true_wrapper,6,<|<@|ARRAY|IS|TRUE,"(ARRAY[INT, INT] <@ ARRAY[INT, INT, INT]) IS TRUE",df8d9d2140b8b70e3c3bb962,required_tokens + skeleton_family + delimiter_integrity + boolean_signal
PG_BOOL_R052_C05,PG_BOOL_R052,Y4,array_operator,5,is_not_false_wrapper,6,<|<@|ARRAY|FALSE|IS|NOT,"(ARRAY[INT, INT] <@ ARRAY[INT, INT, INT]) IS NOT FALSE",014e17a3a3ca15de266efd41,required_tokens + skeleton_family + delimiter_integrity + boolean_signal
PG_BOOL_R052_C06,PG_BOOL_R052,Y4,array_operator,6,case_boolean_wrapper,6,<|<@|ARRAY|CASE|ELSE|END|FALSE|THEN|TRUE|WHEN,"CASE WHEN (ARRAY[INT, INT] <@ ARRAY[INT, INT, INT]) THEN TRUE ELSE FALSE END",ce8705f476332e5f66ff25e1,required_tokens + skeleton_family + delimiter_integrity + boolean_signal
PG_BOOL_R052_C07,PG_BOOL_R052,Y4,array_operator,7,and_true_guard,6,<|<@|=|AND|ARRAY,"(ARRAY[INT, INT] <@ ARRAY[INT, INT, INT]) AND (INT = INT)",6904d9687a12f7e268797ac3,required_tokens + skeleton_family + delimiter_integrity + boolean_signal
PG_BOOL_R052_C08,PG_BOOL_R052,Y4,array_operator,8,or_false_guard,6,<|<>|<@|>|ARRAY|OR,"(ARRAY[INT, INT] <@ ARRAY[INT, INT, INT]) OR (INT <> INT)",9bc0c1a5fbb34177701b0c6f,required_tokens + skeleton_family + delimiter_integrity + boolean_signal
PG_BOOL_R052_C09,PG_BOOL_R052,Y4,array_operator,9,equals_true_wrapper,6,<|<@|=|ARRAY|TRUE,"((ARRAY[INT, INT] <@ ARRAY[INT, INT, INT]) = TRUE)",fc849d09f28d43e3a9ffcabc,required_tokens + skeleton_family + delimiter_integrity + boolean_signal
PG_BOOL_R052_C10,PG_BOOL_R052,Y4,array_operator,10,coalesce_false_wrapper,6,<|<@|ARRAY|COALESCE|FALSE,"COALESCE((ARRAY[INT, INT] <@ ARRAY[INT, INT, INT]), FALSE)",045ddbddf96a174d62c596a9,required_tokens + skeleton_family + delimiter_integrity + boolean_signal
PG_BOOL_R053_C01,PG_BOOL_R053,Y4,array_operator,1,base_predicate,6,&&|ARRAY,"ARRAY[INT, INT] && ARRAY[INT, INT]",fc418fe9e25ae4317f0b09d2,required_tokens + skeleton_family + delimiter_integrity + boolean_signal
PG_BOOL_R053_C02,PG_BOOL_R053,Y4,array_operator,2,parenthesized_predicate,6,&&|ARRAY,"(ARRAY[INT, INT] && ARRAY[INT, INT])",6997b8774deb6cc85cc2fc63,required_tokens + skeleton_family + delimiter_integrity + boolean_signal
PG_BOOL_R053_C03,PG_BOOL_R053,Y4,array_operator,3,negated_inverse_predicate,6,&&|ARRAY|NOT,"NOT (ARRAY[INT, INT] && ARRAY[INT, INT])",6891961adf104d8821cc2788,required_tokens + skeleton_family + delimiter_integrity + boolean_signal
PG_BOOL_R053_C04,PG_BOOL_R053,Y4,array_operator,4,is_true_wrapper,6,&&|ARRAY|IS|TRUE,"(ARRAY[INT, INT] && ARRAY[INT, INT]) IS TRUE",570c64159acafa8ad656060b,required_tokens + skeleton_family + delimiter_integrity + boolean_signal
PG_BOOL_R053_C05,PG_BOOL_R053,Y4,array_operator,5,is_not_false_wrapper,6,&&|ARRAY|FALSE|IS|NOT,"(ARRAY[INT, INT] && ARRAY[INT, INT]) IS NOT FALSE",49bf379af6d66fee3b6783e3,required_tokens + skeleton_family + delimiter_integrity + boolean_signal
PG_BOOL_R053_C06,PG_BOOL_R053,Y4,array_operator,6,case_boolean_wrapper,6,&&|ARRAY|CASE|ELSE|END|FALSE|THEN|TRUE|WHEN,"CASE WHEN (ARRAY[INT, INT] && ARRAY[INT, INT]) THEN TRUE ELSE FALSE END",b6c4b8d5dece7d778b0a6371,required_tokens + skeleton_family + delimiter_integrity + boolean_signal
PG_BOOL_R053_C07,PG_BOOL_R053,Y4,array_operator,7,and_true_guard,6,&&|=|AND|ARRAY,"(ARRAY[INT, INT] && ARRAY[INT, INT]) AND (INT = INT)",98abc1c7d2ff45af90b5b91f,required_tokens + skeleton_family + delimiter_integrity + boolean_signal
PG_BOOL_R053_C08,PG_BOOL_R053,Y4,array_operator,8,or_false_guard,6,&&|<|<>|>|ARRAY|OR,"(ARRAY[INT, INT] && ARRAY[INT, INT]) OR (INT <> INT)",d02c2fd076e657662a5fecaa,required_tokens + skeleton_family + delimiter_integrity + boolean_signal
PG_BOOL_R053_C09,PG_BOOL_R053,Y4,array_operator,9,equals_true_wrapper,6,&&|=|ARRAY|TRUE,"((ARRAY[INT, INT] && ARRAY[INT, INT]) = TRUE)",dcf270c9c8dbf82a2bffd424,required_tokens + skeleton_family + delimiter_integrity + boolean_signal
PG_BOOL_R053_C10,PG_BOOL_R053,Y4,array_operator,10,coalesce_false_wrapper,6,&&|ARRAY|COALESCE|FALSE,"COALESCE((ARRAY[INT, INT] && ARRAY[INT, INT]), FALSE)",c9e591abc7c3f3d001635bfe,required_tokens + skeleton_family + delimiter_integrity + boolean_signal
PG_BOOL_R054_C01,PG_BOOL_R054,Y4,array_operator,1,base_predicate,6,=|ARRAY,"ARRAY_LENGTH(ARRAY[INT, INT, INT], INT) = INT",ac8c33aad417dae0d916ee24,required_tokens + skeleton_family + delimiter_integrity + boolean_signal
PG_BOOL_R054_C02,PG_BOOL_R054,Y4,array_operator,2,parenthesized_predicate,6,=|ARRAY,"(ARRAY_LENGTH(ARRAY[INT, INT, INT], INT) = INT)",c6fb665d7b0e9d961bd59251,required_tokens + skeleton_family + delimiter_integrity + boolean_signal
PG_BOOL_R054_C03,PG_BOOL_R054,Y4,array_operator,3,negated_inverse_predicate,6,=|ARRAY|NOT,"NOT (ARRAY_LENGTH(ARRAY[INT, INT, INT], INT) = INT)",792492570f7d6c57f09ac0b1,required_tokens + skeleton_family + delimiter_integrity + boolean_signal
PG_BOOL_R054_C04,PG_BOOL_R054,Y4,array_operator,4,is_true_wrapper,6,=|ARRAY|IS|TRUE,"(ARRAY_LENGTH(ARRAY[INT, INT, INT], INT) = INT) IS TRUE",a1a20800f991e7afd40bb88b,required_tokens + skeleton_family + delimiter_integrity + boolean_signal
PG_BOOL_R054_C05,PG_BOOL_R054,Y4,array_operator,5,is_not_false_wrapper,6,=|ARRAY|FALSE|IS|NOT,"(ARRAY_LENGTH(ARRAY[INT, INT, INT], INT) = INT) IS NOT FALSE",759ba839eecb411f4cc57889,required_tokens + skeleton_family + delimiter_integrity + boolean_signal
PG_BOOL_R054_C06,PG_BOOL_R054,Y4,array_operator,6,case_boolean_wrapper,6,=|ARRAY|CASE|ELSE|END|FALSE|THEN|TRUE|WHEN,"CASE WHEN (ARRAY_LENGTH(ARRAY[INT, INT, INT], INT) = INT) THEN TRUE ELSE FALSE END",d51530bd3cc93c9421dc6c8e,required_tokens + skeleton_family + delimiter_integrity + boolean_signal
PG_BOOL_R054_C07,PG_BOOL_R054,Y4,array_operator,7,and_true_guard,6,=|AND|ARRAY,"(ARRAY_LENGTH(ARRAY[INT, INT, INT], INT) = INT) AND (INT = INT)",88e4a6c32ba29f31269c242c,required_tokens + skeleton_family + delimiter_integrity + boolean_signal
PG_BOOL_R054_C08,PG_BOOL_R054,Y4,array_operator,8,or_false_guard,6,<|<>|=|>|ARRAY|OR,"(ARRAY_LENGTH(ARRAY[INT, INT, INT], INT) = INT) OR (INT <> INT)",b75a334824f32ca90f6ec8f8,required_tokens + skeleton_family + delimiter_integrity + boolean_signal
PG_BOOL_R054_C09,PG_BOOL_R054,Y4,array_operator,9,equals_true_wrapper,6,=|ARRAY|TRUE,"((ARRAY_LENGTH(ARRAY[INT, INT, INT], INT) = INT) = TRUE)",c6f5f595eb1b10e3178bc061,required_tokens + skeleton_family + delimiter_integrity + boolean_signal
PG_BOOL_R054_C10,PG_BOOL_R054,Y4,array_operator,10,coalesce_false_wrapper,6,=|ARRAY|COALESCE|FALSE,"COALESCE((ARRAY_LENGTH(ARRAY[INT, INT, INT], INT) = INT), FALSE)",0a5b27f87f4354724056a29d,required_tokens + skeleton_family + delimiter_integrity + boolean_signal
PG_BOOL_R055_C01,PG_BOOL_R055,Y4,array_operator,1,base_predicate,6,=|ANY|ARRAY,"INT = ANY(ARRAY[INT, INT, INT])",5e94b2a1602ede60fb4b0958,required_tokens + skeleton_family + delimiter_integrity + boolean_signal
PG_BOOL_R055_C02,PG_BOOL_R055,Y4,array_operator,2,parenthesized_predicate,6,=|ANY|ARRAY,"(INT = ANY(ARRAY[INT, INT, INT]))",deef3a5f57d91cd87b494f38,required_tokens + skeleton_family + delimiter_integrity + boolean_signal
PG_BOOL_R055_C03,PG_BOOL_R055,Y4,array_operator,3,negated_inverse_predicate,6,=|ANY|ARRAY|NOT,"NOT (INT = ANY(ARRAY[INT, INT, INT]))",f84e9b2ee0b57a2c9368102b,required_tokens + skeleton_family + delimiter_integrity + boolean_signal
PG_BOOL_R055_C04,PG_BOOL_R055,Y4,array_operator,4,is_true_wrapper,6,=|ANY|ARRAY|IS|TRUE,"(INT = ANY(ARRAY[INT, INT, INT])) IS TRUE",c298c0487b8f4edcc6932f92,required_tokens + skeleton_family + delimiter_integrity + boolean_signal
PG_BOOL_R055_C05,PG_BOOL_R055,Y4,array_operator,5,is_not_false_wrapper,6,=|ANY|ARRAY|FALSE|IS|NOT,"(INT = ANY(ARRAY[INT, INT, INT])) IS NOT FALSE",34c1b3eb0e168033cd7d6f18,required_tokens + skeleton_family + delimiter_integrity + boolean_signal
PG_BOOL_R055_C06,PG_BOOL_R055,Y4,array_operator,6,case_boolean_wrapper,6,=|ANY|ARRAY|CASE|ELSE|END|FALSE|THEN|TRUE|WHEN,"CASE WHEN (INT = ANY(ARRAY[INT, INT, INT])) THEN TRUE ELSE FALSE END",6b5e63504b2dadceefd91cad,required_tokens + skeleton_family + delimiter_integrity + boolean_signal
PG_BOOL_R055_C07,PG_BOOL_R055,Y4,array_operator,7,and_true_guard,6,=|AND|ANY|ARRAY,"(INT = ANY(ARRAY[INT, INT, INT])) AND (INT = INT)",1ef690b32672af1b3eb125ff,required_tokens + skeleton_family + delimiter_integrity + boolean_signal
PG_BOOL_R055_C08,PG_BOOL_R055,Y4,array_operator,8,or_false_guard,6,<|<>|=|>|ANY|ARRAY|OR,"(INT = ANY(ARRAY[INT, INT, INT])) OR (INT <> INT)",c43e68f688b5438127faf6e3,required_tokens + skeleton_family + delimiter_integrity + boolean_signal
PG_BOOL_R055_C09,PG_BOOL_R055,Y4,array_operator,9,equals_true_wrapper,6,=|ANY|ARRAY|TRUE,"((INT = ANY(ARRAY[INT, INT, INT])) = TRUE)",747781e6357e764976eea8fd,required_tokens + skeleton_family + delimiter_integrity + boolean_signal
PG_BOOL_R055_C10,PG_BOOL_R055,Y4,array_operator,10,coalesce_false_wrapper,6,=|ANY|ARRAY|COALESCE|FALSE,"COALESCE((INT = ANY(ARRAY[INT, INT, INT])), FALSE)",efa4d2a13a8544497f6a9876,required_tokens + skeleton_family + delimiter_integrity + boolean_signal
PG_BOOL_R056_C01,PG_BOOL_R056,Y4,row_comparison,1,base_predicate,6,=|ROW,"ROW(INT, STR) = ROW(INT, STR)",33dda2f74f69cb7fab50eb1c,required_tokens + skeleton_family + delimiter_integrity + boolean_signal
PG_BOOL_R056_C02,PG_BOOL_R056,Y4,row_comparison,2,parenthesized_predicate,6,=|ROW,"(ROW(INT, STR) = ROW(INT, STR))",9fd87afabc191349a43d3943,required_tokens + skeleton_family + delimiter_integrity + boolean_signal
PG_BOOL_R056_C03,PG_BOOL_R056,Y4,row_comparison,3,negated_inverse_predicate,6,=|NOT|ROW,"NOT (ROW(INT, STR) = ROW(INT, STR))",25faa42f629e6b1db3ff39f8,required_tokens + skeleton_family + delimiter_integrity + boolean_signal
PG_BOOL_R056_C04,PG_BOOL_R056,Y4,row_comparison,4,is_true_wrapper,6,=|IS|ROW|TRUE,"(ROW(INT, STR) = ROW(INT, STR)) IS TRUE",3db52b6d08ce013bdaa3158e,required_tokens + skeleton_family + delimiter_integrity + boolean_signal
PG_BOOL_R056_C05,PG_BOOL_R056,Y4,row_comparison,5,is_not_false_wrapper,6,=|FALSE|IS|NOT|ROW,"(ROW(INT, STR) = ROW(INT, STR)) IS NOT FALSE",eca0ce697ddd5b93b15163e8,required_tokens + skeleton_family + delimiter_integrity + boolean_signal
PG_BOOL_R056_C06,PG_BOOL_R056,Y4,row_comparison,6,case_boolean_wrapper,6,=|CASE|ELSE|END|FALSE|ROW|THEN|TRUE|WHEN,"CASE WHEN (ROW(INT, STR) = ROW(INT, STR)) THEN TRUE ELSE FALSE END",30e1c35a32a906a23222b6f7,required_tokens + skeleton_family + delimiter_integrity + boolean_signal
PG_BOOL_R056_C07,PG_BOOL_R056,Y4,row_comparison,7,and_true_guard,6,=|AND|ROW,"(ROW(INT, STR) = ROW(INT, STR)) AND (INT = INT)",d981438326bc9e7a3b2eecd7,required_tokens + skeleton_family + delimiter_integrity + boolean_signal
PG_BOOL_R056_C08,PG_BOOL_R056,Y4,row_comparison,8,or_false_guard,6,<|<>|=|>|OR|ROW,"(ROW(INT, STR) = ROW(INT, STR)) OR (INT <> INT)",2f1c7ba207ae5d5af168f444,required_tokens + skeleton_family + delimiter_integrity + boolean_signal
PG_BOOL_R056_C09,PG_BOOL_R056,Y4,row_comparison,9,equals_true_wrapper,6,=|ROW|TRUE,"((ROW(INT, STR) = ROW(INT, STR)) = TRUE)",220678bf805c26bb885cec25,required_tokens + skeleton_family + delimiter_integrity + boolean_signal
PG_BOOL_R056_C10,PG_BOOL_R056,Y4,row_comparison,10,coalesce_false_wrapper,6,=|COALESCE|FALSE|ROW,"COALESCE((ROW(INT, STR) = ROW(INT, STR)), FALSE)",f1cb7fe3d310cf0244eb18d6,required_tokens + skeleton_family + delimiter_integrity + boolean_signal
PG_BOOL_R057_C01,PG_BOOL_R057,Y4,row_comparison,1,base_predicate,6,<|<>|>|ROW,"ROW(INT, INT) <> ROW(INT, INT)",3b4fb4ff1a49bc40ada614c9,required_tokens + skeleton_family + delimiter_integrity + boolean_signal
PG_BOOL_R057_C02,PG_BOOL_R057,Y4,row_comparison,2,parenthesized_predicate,6,<|<>|>|ROW,"(ROW(INT, INT) <> ROW(INT, INT))",0c74ebfb1b9bfd9b45709f46,required_tokens + skeleton_family + delimiter_integrity + boolean_signal
PG_BOOL_R057_C03,PG_BOOL_R057,Y4,row_comparison,3,negated_inverse_predicate,6,<|<>|>|NOT|ROW,"NOT (ROW(INT, INT) <> ROW(INT, INT))",081c75f809717c89ea6a2eef,required_tokens + skeleton_family + delimiter_integrity + boolean_signal
PG_BOOL_R057_C04,PG_BOOL_R057,Y4,row_comparison,4,is_true_wrapper,6,<|<>|>|IS|ROW|TRUE,"(ROW(INT, INT) <> ROW(INT, INT)) IS TRUE",af69897a45f465d184bf65a2,required_tokens + skeleton_family + delimiter_integrity + boolean_signal
PG_BOOL_R057_C05,PG_BOOL_R057,Y4,row_comparison,5,is_not_false_wrapper,6,<|<>|>|FALSE|IS|NOT|ROW,"(ROW(INT, INT) <> ROW(INT, INT)) IS NOT FALSE",d0b8d3b3ae42953df6804ea9,required_tokens + skeleton_family + delimiter_integrity + boolean_signal
PG_BOOL_R057_C06,PG_BOOL_R057,Y4,row_comparison,6,case_boolean_wrapper,6,<|<>|>|CASE|ELSE|END|FALSE|ROW|THEN|TRUE|WHEN,"CASE WHEN (ROW(INT, INT) <> ROW(INT, INT)) THEN TRUE ELSE FALSE END",655a365608b4bcd0725b4273,required_tokens + skeleton_family + delimiter_integrity + boolean_signal
PG_BOOL_R057_C07,PG_BOOL_R057,Y4,row_comparison,7,and_true_guard,6,<|<>|=|>|AND|ROW,"(ROW(INT, INT) <> ROW(INT, INT)) AND (INT = INT)",ce4997d27741be7b3b58a03e,required_tokens + skeleton_family + delimiter_integrity + boolean_signal
PG_BOOL_R057_C08,PG_BOOL_R057,Y4,row_comparison,8,or_false_guard,6,<|<>|>|OR|ROW,"(ROW(INT, INT) <> ROW(INT, INT)) OR (INT <> INT)",86557beb02a85b8587afaf3e,required_tokens + skeleton_family + delimiter_integrity + boolean_signal
PG_BOOL_R057_C09,PG_BOOL_R057,Y4,row_comparison,9,equals_true_wrapper,6,<|<>|=|>|ROW|TRUE,"((ROW(INT, INT) <> ROW(INT, INT)) = TRUE)",be1c61edec8224a8797d447a,required_tokens + skeleton_family + delimiter_integrity + boolean_signal
PG_BOOL_R057_C10,PG_BOOL_R057,Y4,row_comparison,10,coalesce_false_wrapper,6,<|<>|>|COALESCE|FALSE|ROW,"COALESCE((ROW(INT, INT) <> ROW(INT, INT)), FALSE)",443e005d77c4a60a5a9f5b5a,required_tokens + skeleton_family + delimiter_integrity + boolean_signal
PG_BOOL_R058_C01,PG_BOOL_R058,Y4,row_comparison,1,base_predicate,6,DISTINCT|FROM|IS|ROW,"ROW(INT, STR) IS DISTINCT FROM ROW(INT, STR)",18d3a464b4cabe98d73648f9,required_tokens + skeleton_family + delimiter_integrity + boolean_signal
PG_BOOL_R058_C02,PG_BOOL_R058,Y4,row_comparison,2,parenthesized_predicate,6,DISTINCT|FROM|IS|ROW,"(ROW(INT, STR) IS DISTINCT FROM ROW(INT, STR))",4150458f7c00095dc1bb4bd1,required_tokens + skeleton_family + delimiter_integrity + boolean_signal
PG_BOOL_R058_C03,PG_BOOL_R058,Y4,row_comparison,3,negated_inverse_predicate,6,DISTINCT|FROM|IS|NOT|ROW,"NOT (ROW(INT, STR) IS NOT DISTINCT FROM ROW(INT, STR))",6b1ff93ca20412bad7ce7635,required_tokens + skeleton_family + delimiter_integrity + boolean_signal
PG_BOOL_R058_C04,PG_BOOL_R058,Y4,row_comparison,4,is_true_wrapper,6,DISTINCT|FROM|IS|ROW|TRUE,"(ROW(INT, STR) IS DISTINCT FROM ROW(INT, STR)) IS TRUE",6a20577fa563c02b981982a1,required_tokens + skeleton_family + delimiter_integrity + boolean_signal
PG_BOOL_R058_C05,PG_BOOL_R058,Y4,row_comparison,5,is_not_false_wrapper,6,DISTINCT|FALSE|FROM|IS|NOT|ROW,"(ROW(INT, STR) IS DISTINCT FROM ROW(INT, STR)) IS NOT FALSE",48db4f056c1ebdddfa253d06,required_tokens + skeleton_family + delimiter_integrity + boolean_signal
PG_BOOL_R058_C06,PG_BOOL_R058,Y4,row_comparison,6,case_boolean_wrapper,6,CASE|DISTINCT|ELSE|END|FALSE|FROM|IS|ROW|THEN|TRUE|WHEN,"CASE WHEN (ROW(INT, STR) IS DISTINCT FROM ROW(INT, STR)) THEN TRUE ELSE FALSE END",9dfddef076b65d4c063fd132,required_tokens + skeleton_family + delimiter_integrity + boolean_signal
PG_BOOL_R058_C07,PG_BOOL_R058,Y4,row_comparison,7,and_true_guard,6,=|AND|DISTINCT|FROM|IS|ROW,"(ROW(INT, STR) IS DISTINCT FROM ROW(INT, STR)) AND (INT = INT)",d91ccc77c55070881b9692c1,required_tokens + skeleton_family + delimiter_integrity + boolean_signal
PG_BOOL_R058_C08,PG_BOOL_R058,Y4,row_comparison,8,or_false_guard,6,<|<>|>|DISTINCT|FROM|IS|OR|ROW,"(ROW(INT, STR) IS DISTINCT FROM ROW(INT, STR)) OR (INT <> INT)",972a0d113389aa687ed66505,required_tokens + skeleton_family + delimiter_integrity + boolean_signal
PG_BOOL_R058_C09,PG_BOOL_R058,Y4,row_comparison,9,equals_true_wrapper,6,=|DISTINCT|FROM|IS|ROW|TRUE,"((ROW(INT, STR) IS DISTINCT FROM ROW(INT, STR)) = TRUE)",f1a615c672b32d1ae05115f3,required_tokens + skeleton_family + delimiter_integrity + boolean_signal
PG_BOOL_R058_C10,PG_BOOL_R058,Y4,row_comparison,10,coalesce_false_wrapper,6,COALESCE|DISTINCT|FALSE|FROM|IS|ROW,"COALESCE((ROW(INT, STR) IS DISTINCT FROM ROW(INT, STR)), FALSE)",4fd6caa7eae4d870d3b60ad3,required_tokens + skeleton_family + delimiter_integrity + boolean_signal
PG_BOOL_R059_C01,PG_BOOL_R059,Y4,row_comparison,1,base_predicate,6,<|ROW,"ROW(INT, INT) < ROW(INT, INT)",a51a18e530a02c8a42b4eda1,required_tokens + skeleton_family + delimiter_integrity + boolean_signal
PG_BOOL_R059_C02,PG_BOOL_R059,Y4,row_comparison,2,parenthesized_predicate,6,<|ROW,"(ROW(INT, INT) < ROW(INT, INT))",57fa5dcde3aa939117fbc260,required_tokens + skeleton_family + delimiter_integrity + boolean_signal
PG_BOOL_R059_C03,PG_BOOL_R059,Y4,row_comparison,3,negated_inverse_predicate,6,<|NOT|ROW,"NOT (ROW(INT, INT) < ROW(INT, INT))",fd98f55318226d6d34c837f6,required_tokens + skeleton_family + delimiter_integrity + boolean_signal
PG_BOOL_R059_C04,PG_BOOL_R059,Y4,row_comparison,4,is_true_wrapper,6,<|IS|ROW|TRUE,"(ROW(INT, INT) < ROW(INT, INT)) IS TRUE",f53731b9741ee7ecf330ca66,required_tokens + skeleton_family + delimiter_integrity + boolean_signal
PG_BOOL_R059_C05,PG_BOOL_R059,Y4,row_comparison,5,is_not_false_wrapper,6,<|FALSE|IS|NOT|ROW,"(ROW(INT, INT) < ROW(INT, INT)) IS NOT FALSE",a84d1625723188482c26bbcb,required_tokens + skeleton_family + delimiter_integrity + boolean_signal
PG_BOOL_R059_C06,PG_BOOL_R059,Y4,row_comparison,6,case_boolean_wrapper,6,<|CASE|ELSE|END|FALSE|ROW|THEN|TRUE|WHEN,"CASE WHEN (ROW(INT, INT) < ROW(INT, INT)) THEN TRUE ELSE FALSE END",cf7c3c7cc0ddb28554a7859d,required_tokens + skeleton_family + delimiter_integrity + boolean_signal
PG_BOOL_R059_C07,PG_BOOL_R059,Y4,row_comparison,7,and_true_guard,6,<|=|AND|ROW,"(ROW(INT, INT) < ROW(INT, INT)) AND (INT = INT)",d38d3cfc3dd6420a14d19ce7,required_tokens + skeleton_family + delimiter_integrity + boolean_signal
PG_BOOL_R059_C08,PG_BOOL_R059,Y4,row_comparison,8,or_false_guard,6,<|<>|>|OR|ROW,"(ROW(INT, INT) < ROW(INT, INT)) OR (INT <> INT)",3ce3870d62855805c510aa58,required_tokens + skeleton_family + delimiter_integrity + boolean_signal
PG_BOOL_R059_C09,PG_BOOL_R059,Y4,row_comparison,9,equals_true_wrapper,6,<|=|ROW|TRUE,"((ROW(INT, INT) < ROW(INT, INT)) = TRUE)",3ee4e26a455b29bc3e8ce554,required_tokens + skeleton_family + delimiter_integrity + boolean_signal
PG_BOOL_R059_C10,PG_BOOL_R059,Y4,row_comparison,10,coalesce_false_wrapper,6,<|COALESCE|FALSE|ROW,"COALESCE((ROW(INT, INT) < ROW(INT, INT)), FALSE)",6de0ff1cf6829b9d86a8d2e2,required_tokens + skeleton_family + delimiter_integrity + boolean_signal
PG_BOOL_R060_C01,PG_BOOL_R060,Y4,row_comparison,1,base_predicate,6,DISTINCT|FROM|IS|NOT|ROW,"ROW(INT, STR) IS NOT DISTINCT FROM ROW(INT, STR)",1836550e8c747a58262745b5,required_tokens + skeleton_family + delimiter_integrity + boolean_signal
PG_BOOL_R060_C02,PG_BOOL_R060,Y4,row_comparison,2,parenthesized_predicate,6,DISTINCT|FROM|IS|NOT|ROW,"(ROW(INT, STR) IS NOT DISTINCT FROM ROW(INT, STR))",2adf154c54a8ce8419438038,required_tokens + skeleton_family + delimiter_integrity + boolean_signal
PG_BOOL_R060_C03,PG_BOOL_R060,Y4,row_comparison,3,negated_inverse_predicate,6,DISTINCT|FROM|IS|NOT|ROW,"NOT (ROW(INT, STR) IS DISTINCT FROM ROW(INT, STR))",e4fabc0187310a3e2dc921b6,required_tokens + skeleton_family + delimiter_integrity + boolean_signal
PG_BOOL_R060_C04,PG_BOOL_R060,Y4,row_comparison,4,is_true_wrapper,6,DISTINCT|FROM|IS|NOT|ROW|TRUE,"(ROW(INT, STR) IS NOT DISTINCT FROM ROW(INT, STR)) IS TRUE",374bf0fb24579fcf45701ea0,required_tokens + skeleton_family + delimiter_integrity + boolean_signal
PG_BOOL_R060_C05,PG_BOOL_R060,Y4,row_comparison,5,is_not_false_wrapper,6,DISTINCT|FALSE|FROM|IS|NOT|ROW,"(ROW(INT, STR) IS NOT DISTINCT FROM ROW(INT, STR)) IS NOT FALSE",59744dd4be9ac5e57898338f,required_tokens + skeleton_family + delimiter_integrity + boolean_signal
PG_BOOL_R060_C06,PG_BOOL_R060,Y4,row_comparison,6,case_boolean_wrapper,6,CASE|DISTINCT|ELSE|END|FALSE|FROM|IS|NOT|ROW|THEN|TRUE|WHEN,"CASE WHEN (ROW(INT, STR) IS NOT DISTINCT FROM ROW(INT, STR)) THEN TRUE ELSE FALSE END",f2205b78a49bd6cd7ed480b0,required_tokens + skeleton_family + delimiter_integrity + boolean_signal
PG_BOOL_R060_C07,PG_BOOL_R060,Y4,row_comparison,7,and_true_guard,6,=|AND|DISTINCT|FROM|IS|NOT|ROW,"(ROW(INT, STR) IS NOT DISTINCT FROM ROW(INT, STR)) AND (INT = INT)",5e187a59f9404749eabb7634,required_tokens + skeleton_family + delimiter_integrity + boolean_signal
PG_BOOL_R060_C08,PG_BOOL_R060,Y4,row_comparison,8,or_false_guard,6,<|<>|>|DISTINCT|FROM|IS|NOT|OR|ROW,"(ROW(INT, STR) IS NOT DISTINCT FROM ROW(INT, STR)) OR (INT <> INT)",78ca335eb0f4482be7e08797,required_tokens + skeleton_family + delimiter_integrity + boolean_signal
PG_BOOL_R060_C09,PG_BOOL_R060,Y4,row_comparison,9,equals_true_wrapper,6,=|DISTINCT|FROM|IS|NOT|ROW|TRUE,"((ROW(INT, STR) IS NOT DISTINCT FROM ROW(INT, STR)) = TRUE)",8e7f8be80319c55ffb9f06b5,required_tokens + skeleton_family + delimiter_integrity + boolean_signal
PG_BOOL_R060_C10,PG_BOOL_R060,Y4,row_comparison,10,coalesce_false_wrapper,6,COALESCE|DISTINCT|FALSE|FROM|IS|NOT|ROW,"COALESCE((ROW(INT, STR) IS NOT DISTINCT FROM ROW(INT, STR)), FALSE)",207a0a437f65766997b82bdf,required_tokens + skeleton_family + delimiter_integrity + boolean_signal
PG_BOOL_R061_C01,PG_BOOL_R061,Y4,conditional_expression,1,base_predicate,6,=|CASE|ELSE|END|THEN|WHEN,CASE WHEN INT = INT THEN STR ELSE STR END = STR,6c1e2b6597c8cc4892474ad4,required_tokens + skeleton_family + delimiter_integrity + boolean_signal
PG_BOOL_R061_C02,PG_BOOL_R061,Y4,conditional_expression,2,parenthesized_predicate,6,=|CASE|ELSE|END|THEN|WHEN,(CASE WHEN INT = INT THEN STR ELSE STR END = STR),2d0ec52eccf7f13110437c22,required_tokens + skeleton_family + delimiter_integrity + boolean_signal
PG_BOOL_R061_C03,PG_BOOL_R061,Y4,conditional_expression,3,negated_inverse_predicate,6,=|CASE|ELSE|END|NOT|THEN|WHEN,NOT (CASE WHEN INT = INT THEN STR ELSE STR END = STR),c26c11bff6f1ff36ee9d1684,required_tokens + skeleton_family + delimiter_integrity + boolean_signal
PG_BOOL_R061_C04,PG_BOOL_R061,Y4,conditional_expression,4,is_true_wrapper,6,=|CASE|ELSE|END|IS|THEN|TRUE|WHEN,(CASE WHEN INT = INT THEN STR ELSE STR END = STR) IS TRUE,811bb813fd0ecf6625c49786,required_tokens + skeleton_family + delimiter_integrity + boolean_signal
PG_BOOL_R061_C05,PG_BOOL_R061,Y4,conditional_expression,5,is_not_false_wrapper,6,=|CASE|ELSE|END|FALSE|IS|NOT|THEN|WHEN,(CASE WHEN INT = INT THEN STR ELSE STR END = STR) IS NOT FALSE,2f13375050c6ee3c79a0bede,required_tokens + skeleton_family + delimiter_integrity + boolean_signal
PG_BOOL_R061_C06,PG_BOOL_R061,Y4,conditional_expression,6,case_boolean_wrapper,6,=|CASE|ELSE|END|FALSE|THEN|TRUE|WHEN,CASE WHEN (CASE WHEN INT = INT THEN STR ELSE STR END = STR) THEN TRUE ELSE FALSE END,400b567353bc4adff22e6119,required_tokens + skeleton_family + delimiter_integrity + boolean_signal
PG_BOOL_R061_C07,PG_BOOL_R061,Y4,conditional_expression,7,and_true_guard,6,=|AND|CASE|ELSE|END|THEN|WHEN,(CASE WHEN INT = INT THEN STR ELSE STR END = STR) AND (INT = INT),fab537e7ca2cdaecbfa12773,required_tokens + skeleton_family + delimiter_integrity + boolean_signal
PG_BOOL_R061_C08,PG_BOOL_R061,Y4,conditional_expression,8,or_false_guard,6,<|<>|=|>|CASE|ELSE|END|OR|THEN|WHEN,(CASE WHEN INT = INT THEN STR ELSE STR END = STR) OR (INT <> INT),90609580047bc980de8b058d,required_tokens + skeleton_family + delimiter_integrity + boolean_signal
PG_BOOL_R061_C09,PG_BOOL_R061,Y4,conditional_expression,9,equals_true_wrapper,6,=|CASE|ELSE|END|THEN|TRUE|WHEN,((CASE WHEN INT = INT THEN STR ELSE STR END = STR) = TRUE),866758a760fccb422cc42816,required_tokens + skeleton_family + delimiter_integrity + boolean_signal
PG_BOOL_R061_C10,PG_BOOL_R061,Y4,conditional_expression,10,coalesce_false_wrapper,6,=|CASE|COALESCE|ELSE|END|FALSE|THEN|WHEN,"COALESCE((CASE WHEN INT = INT THEN STR ELSE STR END = STR), FALSE)",6f2f4fcc54e0e4c0847f4803,required_tokens + skeleton_family + delimiter_integrity + boolean_signal
PG_BOOL_R062_C01,PG_BOOL_R062,Y4,conditional_expression,1,base_predicate,6,<|<>|=|>|CASE|ELSE|END|THEN|WHEN,CASE WHEN INT <> INT THEN INT ELSE INT END = INT,f23bfad6e8bbb03995244c62,required_tokens + skeleton_family + delimiter_integrity + boolean_signal
PG_BOOL_R062_C02,PG_BOOL_R062,Y4,conditional_expression,2,parenthesized_predicate,6,<|<>|=|>|CASE|ELSE|END|THEN|WHEN,(CASE WHEN INT <> INT THEN INT ELSE INT END = INT),75228381d95294639c814271,required_tokens + skeleton_family + delimiter_integrity + boolean_signal
PG_BOOL_R062_C03,PG_BOOL_R062,Y4,conditional_expression,3,negated_inverse_predicate,6,<|<>|=|>|CASE|ELSE|END|NOT|THEN|WHEN,NOT (CASE WHEN INT <> INT THEN INT ELSE INT END = INT),2fea11034a801cecb231f753,required_tokens + skeleton_family + delimiter_integrity + boolean_signal
PG_BOOL_R062_C04,PG_BOOL_R062,Y4,conditional_expression,4,is_true_wrapper,6,<|<>|=|>|CASE|ELSE|END|IS|THEN|TRUE|WHEN,(CASE WHEN INT <> INT THEN INT ELSE INT END = INT) IS TRUE,819ac6b2db4345d5bb96307e,required_tokens + skeleton_family + delimiter_integrity + boolean_signal
PG_BOOL_R062_C05,PG_BOOL_R062,Y4,conditional_expression,5,is_not_false_wrapper,6,<|<>|=|>|CASE|ELSE|END|FALSE|IS|NOT|THEN|WHEN,(CASE WHEN INT <> INT THEN INT ELSE INT END = INT) IS NOT FALSE,c62460e76594b52b9e763ffe,required_tokens + skeleton_family + delimiter_integrity + boolean_signal
PG_BOOL_R062_C06,PG_BOOL_R062,Y4,conditional_expression,6,case_boolean_wrapper,6,<|<>|=|>|CASE|ELSE|END|FALSE|THEN|TRUE|WHEN,CASE WHEN (CASE WHEN INT <> INT THEN INT ELSE INT END = INT) THEN TRUE ELSE FALSE END,727598d8dc5c492709e82220,required_tokens + skeleton_family + delimiter_integrity + boolean_signal
PG_BOOL_R062_C07,PG_BOOL_R062,Y4,conditional_expression,7,and_true_guard,6,<|<>|=|>|AND|CASE|ELSE|END|THEN|WHEN,(CASE WHEN INT <> INT THEN INT ELSE INT END = INT) AND (INT = INT),05780a6e6fc0f20372475358,required_tokens + skeleton_family + delimiter_integrity + boolean_signal
PG_BOOL_R062_C08,PG_BOOL_R062,Y4,conditional_expression,8,or_false_guard,6,<|<>|=|>|CASE|ELSE|END|OR|THEN|WHEN,(CASE WHEN INT <> INT THEN INT ELSE INT END = INT) OR (INT <> INT),38b02e4a2aeb273ded4795b2,required_tokens + skeleton_family + delimiter_integrity + boolean_signal
PG_BOOL_R062_C09,PG_BOOL_R062,Y4,conditional_expression,9,equals_true_wrapper,6,<|<>|=|>|CASE|ELSE|END|THEN|TRUE|WHEN,((CASE WHEN INT <> INT THEN INT ELSE INT END = INT) = TRUE),0dc25c9b5ef24c9a0a7c1f94,required_tokens + skeleton_family + delimiter_integrity + boolean_signal
PG_BOOL_R062_C10,PG_BOOL_R062,Y4,conditional_expression,10,coalesce_false_wrapper,6,<|<>|=|>|CASE|COALESCE|ELSE|END|FALSE|THEN|WHEN,"COALESCE((CASE WHEN INT <> INT THEN INT ELSE INT END = INT), FALSE)",a9cccea6e147fa70c2ba5736,required_tokens + skeleton_family + delimiter_integrity + boolean_signal
PG_BOOL_R063_C01,PG_BOOL_R063,Y4,conditional_expression,1,base_predicate,6,=|COALESCE|NULL,"COALESCE(NULL, INT) = INT",9f891d189378989113b9bbc1,required_tokens + skeleton_family + delimiter_integrity + boolean_signal
PG_BOOL_R063_C02,PG_BOOL_R063,Y4,conditional_expression,2,parenthesized_predicate,6,=|COALESCE|NULL,"(COALESCE(NULL, INT) = INT)",d1a44d35f1bad0e5bdbf27cd,required_tokens + skeleton_family + delimiter_integrity + boolean_signal
PG_BOOL_R063_C03,PG_BOOL_R063,Y4,conditional_expression,3,negated_inverse_predicate,6,=|COALESCE|NOT|NULL,"NOT (COALESCE(NULL, INT) = INT)",e55780de642920459a8de2ce,required_tokens + skeleton_family + delimiter_integrity + boolean_signal
PG_BOOL_R063_C04,PG_BOOL_R063,Y4,conditional_expression,4,is_true_wrapper,6,=|COALESCE|IS|NULL|TRUE,"(COALESCE(NULL, INT) = INT) IS TRUE",d94382ee694d73bf47d0c87b,required_tokens + skeleton_family + delimiter_integrity + boolean_signal
PG_BOOL_R063_C05,PG_BOOL_R063,Y4,conditional_expression,5,is_not_false_wrapper,6,=|COALESCE|FALSE|IS|NOT|NULL,"(COALESCE(NULL, INT) = INT) IS NOT FALSE",4ecfc5fdd4ca58292881f985,required_tokens + skeleton_family + delimiter_integrity + boolean_signal
PG_BOOL_R063_C06,PG_BOOL_R063,Y4,conditional_expression,6,case_boolean_wrapper,6,=|CASE|COALESCE|ELSE|END|FALSE|NULL|THEN|TRUE|WHEN,"CASE WHEN (COALESCE(NULL, INT) = INT) THEN TRUE ELSE FALSE END",0b5d7bb200050e6b1f22519d,required_tokens + skeleton_family + delimiter_integrity + boolean_signal
PG_BOOL_R063_C07,PG_BOOL_R063,Y4,conditional_expression,7,and_true_guard,6,=|AND|COALESCE|NULL,"(COALESCE(NULL, INT) = INT) AND (INT = INT)",cd13005a4b1e08378253ae42,required_tokens + skeleton_family + delimiter_integrity + boolean_signal
PG_BOOL_R063_C08,PG_BOOL_R063,Y4,conditional_expression,8,or_false_guard,6,<|<>|=|>|COALESCE|NULL|OR,"(COALESCE(NULL, INT) = INT) OR (INT <> INT)",92e8c02930db9a8bad2811ed,required_tokens + skeleton_family + delimiter_integrity + boolean_signal
PG_BOOL_R063_C09,PG_BOOL_R063,Y4,conditional_expression,9,equals_true_wrapper,6,=|COALESCE|NULL|TRUE,"((COALESCE(NULL, INT) = INT) = TRUE)",2773ba3a877615ddd10fef92,required_tokens + skeleton_family + delimiter_integrity + boolean_signal
PG_BOOL_R063_C10,PG_BOOL_R063,Y4,conditional_expression,10,coalesce_false_wrapper,6,=|COALESCE|FALSE|NULL,"COALESCE((COALESCE(NULL, INT) = INT), FALSE)",0fac1aab666c3f258e15d8fd,required_tokens + skeleton_family + delimiter_integrity + boolean_signal
PG_BOOL_R064_C01,PG_BOOL_R064,Y4,conditional_expression,1,base_predicate,6,IS|NULL,"NULLIF(INT, INT) IS NULL",882f1438e44387f22975ca6f,required_tokens + skeleton_family + delimiter_integrity + boolean_signal
PG_BOOL_R064_C02,PG_BOOL_R064,Y4,conditional_expression,2,parenthesized_predicate,6,IS|NULL,"(NULLIF(INT, INT) IS NULL)",7c02dba854301c9ce3fd4307,required_tokens + skeleton_family + delimiter_integrity + boolean_signal
PG_BOOL_R064_C03,PG_BOOL_R064,Y4,conditional_expression,3,negated_inverse_predicate,6,IS|NOT|NULL,"NOT (NULLIF(INT, INT) IS NOT NULL)",81b212b4d970197dbe09f271,required_tokens + skeleton_family + delimiter_integrity + boolean_signal
PG_BOOL_R064_C04,PG_BOOL_R064,Y4,conditional_expression,4,is_true_wrapper,6,IS|NULL|TRUE,"(NULLIF(INT, INT) IS NULL) IS TRUE",c37341098ad6d90c7fdbd077,required_tokens + skeleton_family + delimiter_integrity + boolean_signal
PG_BOOL_R064_C05,PG_BOOL_R064,Y4,conditional_expression,5,is_not_false_wrapper,6,FALSE|IS|NOT|NULL,"(NULLIF(INT, INT) IS NULL) IS NOT FALSE",e91a4e8ba5b9ec1a36eb22ff,required_tokens + skeleton_family + delimiter_integrity + boolean_signal
PG_BOOL_R064_C06,PG_BOOL_R064,Y4,conditional_expression,6,case_boolean_wrapper,6,CASE|ELSE|END|FALSE|IS|NULL|THEN|TRUE|WHEN,"CASE WHEN (NULLIF(INT, INT) IS NULL) THEN TRUE ELSE FALSE END",e6d5b55e0647967bb1651b0c,required_tokens + skeleton_family + delimiter_integrity + boolean_signal
PG_BOOL_R064_C07,PG_BOOL_R064,Y4,conditional_expression,7,and_true_guard,6,=|AND|IS|NULL,"(NULLIF(INT, INT) IS NULL) AND (INT = INT)",4ffd03d754714d91ac2a86d5,required_tokens + skeleton_family + delimiter_integrity + boolean_signal
PG_BOOL_R064_C08,PG_BOOL_R064,Y4,conditional_expression,8,or_false_guard,6,<|<>|>|IS|NULL|OR,"(NULLIF(INT, INT) IS NULL) OR (INT <> INT)",14133510fbb0b66601529dea,required_tokens + skeleton_family + delimiter_integrity + boolean_signal
PG_BOOL_R064_C09,PG_BOOL_R064,Y4,conditional_expression,9,equals_true_wrapper,6,=|IS|NULL|TRUE,"((NULLIF(INT, INT) IS NULL) = TRUE)",7f0b6531c2e09078612adfed,required_tokens + skeleton_family + delimiter_integrity + boolean_signal
PG_BOOL_R064_C10,PG_BOOL_R064,Y4,conditional_expression,10,coalesce_false_wrapper,6,COALESCE|FALSE|IS|NULL,"COALESCE((NULLIF(INT, INT) IS NULL), FALSE)",440ff9f117422a03026fa6df,required_tokens + skeleton_family + delimiter_integrity + boolean_signal
PG_BOOL_R065_C01,PG_BOOL_R065,Y4,conditional_expression,1,base_predicate,6,<|CASE|ELSE|END|FALSE|IS|THEN|TRUE|WHEN,CASE WHEN INT < INT THEN TRUE ELSE FALSE END IS TRUE,a475a27d68364bebfb508d40,required_tokens + skeleton_family + delimiter_integrity + boolean_signal
PG_BOOL_R065_C02,PG_BOOL_R065,Y4,conditional_expression,2,parenthesized_predicate,6,<|CASE|ELSE|END|FALSE|IS|THEN|TRUE|WHEN,(CASE WHEN INT < INT THEN TRUE ELSE FALSE END IS TRUE),7ebb4c5eb538341bb2b66df9,required_tokens + skeleton_family + delimiter_integrity + boolean_signal
PG_BOOL_R065_C03,PG_BOOL_R065,Y4,conditional_expression,3,negated_inverse_predicate,6,<|CASE|ELSE|END|FALSE|IS|NOT|THEN|TRUE|WHEN,NOT (CASE WHEN INT < INT THEN TRUE ELSE FALSE END IS FALSE),0971aebd99e12ccdcf79a7d8,required_tokens + skeleton_family + delimiter_integrity + boolean_signal
PG_BOOL_R065_C04,PG_BOOL_R065,Y4,conditional_expression,4,is_true_wrapper,6,<|CASE|ELSE|END|FALSE|IS|THEN|TRUE|WHEN,(CASE WHEN INT < INT THEN TRUE ELSE FALSE END IS TRUE) IS TRUE,87ec2e7028954354fc37b618,required_tokens + skeleton_family + delimiter_integrity + boolean_signal
PG_BOOL_R065_C05,PG_BOOL_R065,Y4,conditional_expression,5,is_not_false_wrapper,6,<|CASE|ELSE|END|FALSE|IS|NOT|THEN|TRUE|WHEN,(CASE WHEN INT < INT THEN TRUE ELSE FALSE END IS TRUE) IS NOT FALSE,f58a58f542e6f59a3e67023b,required_tokens + skeleton_family + delimiter_integrity + boolean_signal
PG_BOOL_R065_C06,PG_BOOL_R065,Y4,conditional_expression,6,case_boolean_wrapper,6,<|CASE|ELSE|END|FALSE|IS|THEN|TRUE|WHEN,CASE WHEN (CASE WHEN INT < INT THEN TRUE ELSE FALSE END IS TRUE) THEN TRUE ELSE FALSE END,d5dd0e1ae722ba470398950e,required_tokens + skeleton_family + delimiter_integrity + boolean_signal
PG_BOOL_R065_C07,PG_BOOL_R065,Y4,conditional_expression,7,and_true_guard,6,<|=|AND|CASE|ELSE|END|FALSE|IS|THEN|TRUE|WHEN,(CASE WHEN INT < INT THEN TRUE ELSE FALSE END IS TRUE) AND (INT = INT),3e4f45a8b61a34a04bca11a7,required_tokens + skeleton_family + delimiter_integrity + boolean_signal
PG_BOOL_R065_C08,PG_BOOL_R065,Y4,conditional_expression,8,or_false_guard,6,<|<>|>|CASE|ELSE|END|FALSE|IS|OR|THEN|TRUE|WHEN,(CASE WHEN INT < INT THEN TRUE ELSE FALSE END IS TRUE) OR (INT <> INT),112de8e0aaa2c1d3be9c6ad4,required_tokens + skeleton_family + delimiter_integrity + boolean_signal
PG_BOOL_R065_C09,PG_BOOL_R065,Y4,conditional_expression,9,equals_true_wrapper,6,<|=|CASE|ELSE|END|FALSE|IS|THEN|TRUE|WHEN,((CASE WHEN INT < INT THEN TRUE ELSE FALSE END IS TRUE) = TRUE),014773de10f011a722fd9882,required_tokens + skeleton_family + delimiter_integrity + boolean_signal
PG_BOOL_R065_C10,PG_BOOL_R065,Y4,conditional_expression,10,coalesce_false_wrapper,6,<|CASE|COALESCE|ELSE|END|FALSE|IS|THEN|TRUE|WHEN,"COALESCE((CASE WHEN INT < INT THEN TRUE ELSE FALSE END IS TRUE), FALSE)",d0000c0ab6b5478e4d0e913b,required_tokens + skeleton_family + delimiter_integrity + boolean_signal
PG_BOOL_R066_C01,PG_BOOL_R066,Y4,cast_expression,1,base_predicate,6,=,STR = INT,4158f0d19d196602859faffd,required_tokens + skeleton_family + delimiter_integrity + boolean_signal
PG_BOOL_R066_C02,PG_BOOL_R066,Y4,cast_expression,2,parenthesized_predicate,6,=,(STR = INT),9151808f7d480f45eab6eaa1,required_tokens + skeleton_family + delimiter_integrity + boolean_signal
PG_BOOL_R066_C03,PG_BOOL_R066,Y4,cast_expression,3,negated_inverse_predicate,6,=|NOT,NOT (STR = INT),98befcbd79b31b30a4883a43,required_tokens + skeleton_family + delimiter_integrity + boolean_signal
PG_BOOL_R066_C04,PG_BOOL_R066,Y4,cast_expression,4,is_true_wrapper,6,=|IS|TRUE,(STR = INT) IS TRUE,90447817eae0039462ebf94d,required_tokens + skeleton_family + delimiter_integrity + boolean_signal
PG_BOOL_R066_C05,PG_BOOL_R066,Y4,cast_expression,5,is_not_false_wrapper,6,=|FALSE|IS|NOT,(STR = INT) IS NOT FALSE,05074d5e993a4a5172f8b760,required_tokens + skeleton_family + delimiter_integrity + boolean_signal
PG_BOOL_R066_C06,PG_BOOL_R066,Y4,cast_expression,6,case_boolean_wrapper,6,=|CASE|ELSE|END|FALSE|THEN|TRUE|WHEN,CASE WHEN (STR = INT) THEN TRUE ELSE FALSE END,6cf48c98521de4463b3396ef,required_tokens + skeleton_family + delimiter_integrity + boolean_signal
PG_BOOL_R066_C07,PG_BOOL_R066,Y4,cast_expression,7,and_true_guard,6,=|AND,(STR = INT) AND (INT = INT),caaa157c0afc14cc15c6dbe3,required_tokens + skeleton_family + delimiter_integrity + boolean_signal
PG_BOOL_R066_C08,PG_BOOL_R066,Y4,cast_expression,8,or_false_guard,6,<|<>|=|>|OR,(STR = INT) OR (INT <> INT),b4e1096794c57cd2622eccd8,required_tokens + skeleton_family + delimiter_integrity + boolean_signal
PG_BOOL_R066_C09,PG_BOOL_R066,Y4,cast_expression,9,equals_true_wrapper,6,=|TRUE,((STR = INT) = TRUE),ac5514e77ef20bf5fc4f9c23,required_tokens + skeleton_family + delimiter_integrity + boolean_signal
PG_BOOL_R066_C10,PG_BOOL_R066,Y4,cast_expression,10,coalesce_false_wrapper,6,=|COALESCE|FALSE,"COALESCE((STR = INT), FALSE)",44bc205acc88293bc27b0659,required_tokens + skeleton_family + delimiter_integrity + boolean_signal
PG_BOOL_R067_C01,PG_BOOL_R067,Y4,cast_expression,1,base_predicate,6,=|AS|CAST,CAST(STR AS INTEGER) = INT,2207916deef4e8978039f4ef,required_tokens + skeleton_family + delimiter_integrity + boolean_signal
PG_BOOL_R067_C02,PG_BOOL_R067,Y4,cast_expression,2,parenthesized_predicate,6,=|AS|CAST,(CAST(STR AS INTEGER) = INT),6505fdd1d82b497648a3925a,required_tokens + skeleton_family + delimiter_integrity + boolean_signal
PG_BOOL_R067_C03,PG_BOOL_R067,Y4,cast_expression,3,negated_inverse_predicate,6,=|AS|CAST|NOT,NOT (CAST(STR AS INTEGER) = INT),6f14c060d0355252e4e4a130,required_tokens + skeleton_family + delimiter_integrity + boolean_signal
PG_BOOL_R067_C04,PG_BOOL_R067,Y4,cast_expression,4,is_true_wrapper,6,=|AS|CAST|IS|TRUE,(CAST(STR AS INTEGER) = INT) IS TRUE,6dffdf61573bfffcedc76106,required_tokens + skeleton_family + delimiter_integrity + boolean_signal
PG_BOOL_R067_C05,PG_BOOL_R067,Y4,cast_expression,5,is_not_false_wrapper,6,=|AS|CAST|FALSE|IS|NOT,(CAST(STR AS INTEGER) = INT) IS NOT FALSE,60a67c24be565120de5d8d6d,required_tokens + skeleton_family + delimiter_integrity + boolean_signal
PG_BOOL_R067_C06,PG_BOOL_R067,Y4,cast_expression,6,case_boolean_wrapper,6,=|AS|CASE|CAST|ELSE|END|FALSE|THEN|TRUE|WHEN,CASE WHEN (CAST(STR AS INTEGER) = INT) THEN TRUE ELSE FALSE END,b765eac56315300ff383093e,required_tokens + skeleton_family + delimiter_integrity + boolean_signal
PG_BOOL_R067_C07,PG_BOOL_R067,Y4,cast_expression,7,and_true_guard,6,=|AND|AS|CAST,(CAST(STR AS INTEGER) = INT) AND (INT = INT),4f2b8642197135ea7f1af496,required_tokens + skeleton_family + delimiter_integrity + boolean_signal
PG_BOOL_R067_C08,PG_BOOL_R067,Y4,cast_expression,8,or_false_guard,6,<|<>|=|>|AS|CAST|OR,(CAST(STR AS INTEGER) = INT) OR (INT <> INT),c088db048599d2c8dbb26f52,required_tokens + skeleton_family + delimiter_integrity + boolean_signal
PG_BOOL_R067_C09,PG_BOOL_R067,Y4,cast_expression,9,equals_true_wrapper,6,=|AS|CAST|TRUE,((CAST(STR AS INTEGER) = INT) = TRUE),63504cd2095ea58e74b4613c,required_tokens + skeleton_family + delimiter_integrity + boolean_signal
PG_BOOL_R067_C10,PG_BOOL_R067,Y4,cast_expression,10,coalesce_false_wrapper,6,=|AS|CAST|COALESCE|FALSE,"COALESCE((CAST(STR AS INTEGER) = INT), FALSE)",c49c8249cd0bfc9403ca2090,required_tokens + skeleton_family + delimiter_integrity + boolean_signal
PG_BOOL_R068_C01,PG_BOOL_R068,Y4,cast_expression,1,base_predicate,6,AS|CAST|IS|TRUE,CAST(STR AS BOOLEAN) IS TRUE,dde92ce442196a956c442eef,required_tokens + skeleton_family + delimiter_integrity + boolean_signal
PG_BOOL_R068_C02,PG_BOOL_R068,Y4,cast_expression,2,parenthesized_predicate,6,AS|CAST|IS|TRUE,(CAST(STR AS BOOLEAN) IS TRUE),03e8e29e89d92bbf865d5912,required_tokens + skeleton_family + delimiter_integrity + boolean_signal
PG_BOOL_R068_C03,PG_BOOL_R068,Y4,cast_expression,3,negated_inverse_predicate,6,AS|CAST|FALSE|IS|NOT|TRUE,NOT (CAST(STR AS BOOLEAN) IS TRUE),ea4765eb0d5f5950ad935b96,required_tokens + skeleton_family + delimiter_integrity + boolean_signal
PG_BOOL_R068_C04,PG_BOOL_R068,Y4,cast_expression,4,is_true_wrapper,6,AS|CAST|IS|TRUE,(CAST(STR AS BOOLEAN) IS TRUE) IS TRUE,e75596ff9e5354f5f7c22a23,required_tokens + skeleton_family + delimiter_integrity + boolean_signal
PG_BOOL_R068_C05,PG_BOOL_R068,Y4,cast_expression,5,is_not_false_wrapper,6,AS|CAST|FALSE|IS|NOT|TRUE,(CAST(STR AS BOOLEAN) IS TRUE) IS NOT FALSE,de7b6d32d5de0b52747dcb1d,required_tokens + skeleton_family + delimiter_integrity + boolean_signal
PG_BOOL_R068_C06,PG_BOOL_R068,Y4,cast_expression,6,case_boolean_wrapper,6,AS|CASE|CAST|ELSE|END|FALSE|IS|THEN|TRUE|WHEN,CASE WHEN (CAST(STR AS BOOLEAN) IS TRUE) THEN TRUE ELSE FALSE END,d737d063b598413e486ea0c4,required_tokens + skeleton_family + delimiter_integrity + boolean_signal
PG_BOOL_R068_C07,PG_BOOL_R068,Y4,cast_expression,7,and_true_guard,6,=|AND|AS|CAST|IS|TRUE,(CAST(STR AS BOOLEAN) IS TRUE) AND (INT = INT),7c5a0d425a34bf393505f6c0,required_tokens + skeleton_family + delimiter_integrity + boolean_signal
PG_BOOL_R068_C08,PG_BOOL_R068,Y4,cast_expression,8,or_false_guard,6,<|<>|>|AS|CAST|IS|OR|TRUE,(CAST(STR AS BOOLEAN) IS TRUE) OR (INT <> INT),44a1ca2cd50b6f8b9bef5a22,required_tokens + skeleton_family + delimiter_integrity + boolean_signal
PG_BOOL_R068_C09,PG_BOOL_R068,Y4,cast_expression,9,equals_true_wrapper,6,=|AS|CAST|IS|TRUE,((CAST(STR AS BOOLEAN) IS TRUE) = TRUE),93b6d6aa097eecf429985219,required_tokens + skeleton_family + delimiter_integrity + boolean_signal
PG_BOOL_R068_C10,PG_BOOL_R068,Y4,cast_expression,10,coalesce_false_wrapper,6,AS|CAST|COALESCE|FALSE|IS|TRUE,"COALESCE((CAST(STR AS BOOLEAN) IS TRUE), FALSE)",f342bece9d096879e7d3a1f1,required_tokens + skeleton_family + delimiter_integrity + boolean_signal
PG_BOOL_R069_C01,PG_BOOL_R069,Y4,cast_expression,1,base_predicate,6,=,(INT::TEXT) = STR,93808a6ae57073d7d761c95b,required_tokens + skeleton_family + delimiter_integrity + boolean_signal
PG_BOOL_R069_C02,PG_BOOL_R069,Y4,cast_expression,2,parenthesized_predicate,6,=,((INT::TEXT) = STR),f7dcc9ea94c5c3ec2fb9ceee,required_tokens + skeleton_family + delimiter_integrity + boolean_signal
PG_BOOL_R069_C03,PG_BOOL_R069,Y4,cast_expression,3,negated_inverse_predicate,6,=|NOT,NOT ((INT::TEXT) = STR),da45e8c0f8950cd389182136,required_tokens + skeleton_family + delimiter_integrity + boolean_signal
PG_BOOL_R069_C04,PG_BOOL_R069,Y4,cast_expression,4,is_true_wrapper,6,=|IS|TRUE,((INT::TEXT) = STR) IS TRUE,bed3cbf386631626cb7b963f,required_tokens + skeleton_family + delimiter_integrity + boolean_signal
PG_BOOL_R069_C05,PG_BOOL_R069,Y4,cast_expression,5,is_not_false_wrapper,6,=|FALSE|IS|NOT,((INT::TEXT) = STR) IS NOT FALSE,5492f107d750067b146d16d8,required_tokens + skeleton_family + delimiter_integrity + boolean_signal
PG_BOOL_R069_C06,PG_BOOL_R069,Y4,cast_expression,6,case_boolean_wrapper,6,=|CASE|ELSE|END|FALSE|THEN|TRUE|WHEN,CASE WHEN ((INT::TEXT) = STR) THEN TRUE ELSE FALSE END,266e545969a79e84c8d2ac35,required_tokens + skeleton_family + delimiter_integrity + boolean_signal
PG_BOOL_R069_C07,PG_BOOL_R069,Y4,cast_expression,7,and_true_guard,6,=|AND,((INT::TEXT) = STR) AND (INT = INT),b8ade08f760c18107e172ff2,required_tokens + skeleton_family + delimiter_integrity + boolean_signal
PG_BOOL_R069_C08,PG_BOOL_R069,Y4,cast_expression,8,or_false_guard,6,<|<>|=|>|OR,((INT::TEXT) = STR) OR (INT <> INT),1a8c09afcdf35e1fa3f4544a,required_tokens + skeleton_family + delimiter_integrity + boolean_signal
PG_BOOL_R069_C09,PG_BOOL_R069,Y4,cast_expression,9,equals_true_wrapper,6,=|TRUE,(((INT::TEXT) = STR) = TRUE),428c768cbb65c7c88e625c32,required_tokens + skeleton_family + delimiter_integrity + boolean_signal
PG_BOOL_R069_C10,PG_BOOL_R069,Y4,cast_expression,10,coalesce_false_wrapper,6,=|COALESCE|FALSE,"COALESCE(((INT::TEXT) = STR), FALSE)",76996e1fb70cddc59662d378,required_tokens + skeleton_family + delimiter_integrity + boolean_signal
PG_BOOL_R070_C01,PG_BOOL_R070,Y4,cast_expression,1,base_predicate,6,=|AS|CAST,CAST(STR AS TEXT) = STR,906fff7972d9f4f274d06a8b,required_tokens + skeleton_family + delimiter_integrity + boolean_signal
PG_BOOL_R070_C02,PG_BOOL_R070,Y4,cast_expression,2,parenthesized_predicate,6,=|AS|CAST,(CAST(STR AS TEXT) = STR),40bc2562c657eb5d0b4348f1,required_tokens + skeleton_family + delimiter_integrity + boolean_signal
PG_BOOL_R070_C03,PG_BOOL_R070,Y4,cast_expression,3,negated_inverse_predicate,6,=|AS|CAST|NOT,NOT (CAST(STR AS TEXT) = STR),2a42eab736581f0c080eb846,required_tokens + skeleton_family + delimiter_integrity + boolean_signal
PG_BOOL_R070_C04,PG_BOOL_R070,Y4,cast_expression,4,is_true_wrapper,6,=|AS|CAST|IS|TRUE,(CAST(STR AS TEXT) = STR) IS TRUE,9456eb901dcfd639615033ca,required_tokens + skeleton_family + delimiter_integrity + boolean_signal
PG_BOOL_R070_C05,PG_BOOL_R070,Y4,cast_expression,5,is_not_false_wrapper,6,=|AS|CAST|FALSE|IS|NOT,(CAST(STR AS TEXT) = STR) IS NOT FALSE,e959b6f25f16da1e1585cbca,required_tokens + skeleton_family + delimiter_integrity + boolean_signal
PG_BOOL_R070_C06,PG_BOOL_R070,Y4,cast_expression,6,case_boolean_wrapper,6,=|AS|CASE|CAST|ELSE|END|FALSE|THEN|TRUE|WHEN,CASE WHEN (CAST(STR AS TEXT) = STR) THEN TRUE ELSE FALSE END,b264f3936a0055f049f84086,required_tokens + skeleton_family + delimiter_integrity + boolean_signal
PG_BOOL_R070_C07,PG_BOOL_R070,Y4,cast_expression,7,and_true_guard,6,=|AND|AS|CAST,(CAST(STR AS TEXT) = STR) AND (INT = INT),df2efdbfcc905c736bb8e49a,required_tokens + skeleton_family + delimiter_integrity + boolean_signal
PG_BOOL_R070_C08,PG_BOOL_R070,Y4,cast_expression,8,or_false_guard,6,<|<>|=|>|AS|CAST|OR,(CAST(STR AS TEXT) = STR) OR (INT <> INT),35f265e36f8556fced2298d5,required_tokens + skeleton_family + delimiter_integrity + boolean_signal
PG_BOOL_R070_C09,PG_BOOL_R070,Y4,cast_expression,9,equals_true_wrapper,6,=|AS|CAST|TRUE,((CAST(STR AS TEXT) = STR) = TRUE),a41b3e0e64cfb347e426a5ff,required_tokens + skeleton_family + delimiter_integrity + boolean_signal
PG_BOOL_R070_C10,PG_BOOL_R070,Y4,cast_expression,10,coalesce_false_wrapper,6,=|AS|CAST|COALESCE|FALSE,"COALESCE((CAST(STR AS TEXT) = STR), FALSE)",9488fb5d0399980a6b70d933,required_tokens + skeleton_family + delimiter_integrity + boolean_signal
PG_BOOL_R071_C01,PG_BOOL_R071,Y4,jsonb_predicate,1,base_predicate,6,,STR ? STR,f1d7cdd47253172c44676914,required_tokens + skeleton_family + delimiter_integrity + boolean_signal
PG_BOOL_R071_C02,PG_BOOL_R071,Y4,jsonb_predicate,2,parenthesized_predicate,6,,(STR ? STR),45423164714afd07bf2b243d,required_tokens + skeleton_family + delimiter_integrity + boolean_signal
PG_BOOL_R071_C03,PG_BOOL_R071,Y4,jsonb_predicate,3,negated_inverse_predicate,6,NOT,NOT (STR ? STR),0808bd743a0f75ae60de7692,required_tokens + skeleton_family + delimiter_integrity + boolean_signal
PG_BOOL_R071_C04,PG_BOOL_R071,Y4,jsonb_predicate,4,is_true_wrapper,6,IS|TRUE,(STR ? STR) IS TRUE,84e49712e0b36cfb660220d0,required_tokens + skeleton_family + delimiter_integrity + boolean_signal
PG_BOOL_R071_C05,PG_BOOL_R071,Y4,jsonb_predicate,5,is_not_false_wrapper,6,FALSE|IS|NOT,(STR ? STR) IS NOT FALSE,6ac7abaf20241cb68c889fc8,required_tokens + skeleton_family + delimiter_integrity + boolean_signal
PG_BOOL_R071_C06,PG_BOOL_R071,Y4,jsonb_predicate,6,case_boolean_wrapper,6,CASE|ELSE|END|FALSE|THEN|TRUE|WHEN,CASE WHEN (STR ? STR) THEN TRUE ELSE FALSE END,b4df09cc0c2ee309ef855fc3,required_tokens + skeleton_family + delimiter_integrity + boolean_signal
PG_BOOL_R071_C07,PG_BOOL_R071,Y4,jsonb_predicate,7,and_true_guard,6,=|AND,(STR ? STR) AND (INT = INT),bd5b98777a8f3c30bd160476,required_tokens + skeleton_family + delimiter_integrity + boolean_signal
PG_BOOL_R071_C08,PG_BOOL_R071,Y4,jsonb_predicate,8,or_false_guard,6,<|<>|>|OR,(STR ? STR) OR (INT <> INT),1d2cfdb409c5c4dc5584ea1e,required_tokens + skeleton_family + delimiter_integrity + boolean_signal
PG_BOOL_R071_C09,PG_BOOL_R071,Y4,jsonb_predicate,9,equals_true_wrapper,6,=|TRUE,((STR ? STR) = TRUE),c1398dc498ddd42f8175bdd4,required_tokens + skeleton_family + delimiter_integrity + boolean_signal
PG_BOOL_R071_C10,PG_BOOL_R071,Y4,jsonb_predicate,10,coalesce_false_wrapper,6,COALESCE|FALSE,"COALESCE((STR ? STR), FALSE)",5e316761637afaf968abb9f5,required_tokens + skeleton_family + delimiter_integrity + boolean_signal
PG_BOOL_R072_C01,PG_BOOL_R072,Y4,jsonb_predicate,1,base_predicate,6,>|@>,STR @> STR,24a5ce497d9f5d2a0559be37,required_tokens + skeleton_family + delimiter_integrity + boolean_signal
PG_BOOL_R072_C02,PG_BOOL_R072,Y4,jsonb_predicate,2,parenthesized_predicate,6,>|@>,(STR @> STR),1c5562c9370a98db9dd13a18,required_tokens + skeleton_family + delimiter_integrity + boolean_signal
PG_BOOL_R072_C03,PG_BOOL_R072,Y4,jsonb_predicate,3,negated_inverse_predicate,6,>|@>|NOT,NOT (STR @> STR),45ab830c8bfab785f7116920,required_tokens + skeleton_family + delimiter_integrity + boolean_signal
PG_BOOL_R072_C04,PG_BOOL_R072,Y4,jsonb_predicate,4,is_true_wrapper,6,>|@>|IS|TRUE,(STR @> STR) IS TRUE,153a825716bb6268b2b1f4f5,required_tokens + skeleton_family + delimiter_integrity + boolean_signal
PG_BOOL_R072_C05,PG_BOOL_R072,Y4,jsonb_predicate,5,is_not_false_wrapper,6,>|@>|FALSE|IS|NOT,(STR @> STR) IS NOT FALSE,d3f60bdf9160efa998952ab5,required_tokens + skeleton_family + delimiter_integrity + boolean_signal
PG_BOOL_R072_C06,PG_BOOL_R072,Y4,jsonb_predicate,6,case_boolean_wrapper,6,>|@>|CASE|ELSE|END|FALSE|THEN|TRUE|WHEN,CASE WHEN (STR @> STR) THEN TRUE ELSE FALSE END,5cd512a11e5ca98a10b3c845,required_tokens + skeleton_family + delimiter_integrity + boolean_signal
PG_BOOL_R072_C07,PG_BOOL_R072,Y4,jsonb_predicate,7,and_true_guard,6,=|>|@>|AND,(STR @> STR) AND (INT = INT),9fc3d63d6701dbe275579e2d,required_tokens + skeleton_family + delimiter_integrity + boolean_signal
PG_BOOL_R072_C08,PG_BOOL_R072,Y4,jsonb_predicate,8,or_false_guard,6,<|<>|>|@>|OR,(STR @> STR) OR (INT <> INT),a142db7abc70fdd8f7e7faa9,required_tokens + skeleton_family + delimiter_integrity + boolean_signal
PG_BOOL_R072_C09,PG_BOOL_R072,Y4,jsonb_predicate,9,equals_true_wrapper,6,=|>|@>|TRUE,((STR @> STR) = TRUE),be9bc79ccd2bf0782276d15c,required_tokens + skeleton_family + delimiter_integrity + boolean_signal
PG_BOOL_R072_C10,PG_BOOL_R072,Y4,jsonb_predicate,10,coalesce_false_wrapper,6,>|@>|COALESCE|FALSE,"COALESCE((STR @> STR), FALSE)",d9db9fc94140184cfd27be3b,required_tokens + skeleton_family + delimiter_integrity + boolean_signal
PG_BOOL_R073_C01,PG_BOOL_R073,Y4,jsonb_predicate,1,base_predicate,6,=,JSONB_TYPEOF(STR) = STR,c789a300cd25439efb268caa,required_tokens + skeleton_family + delimiter_integrity + boolean_signal
PG_BOOL_R073_C02,PG_BOOL_R073,Y4,jsonb_predicate,2,parenthesized_predicate,6,=,(JSONB_TYPEOF(STR) = STR),afa98ff11eb2e7cbd46dd9a5,required_tokens + skeleton_family + delimiter_integrity + boolean_signal
PG_BOOL_R073_C03,PG_BOOL_R073,Y4,jsonb_predicate,3,negated_inverse_predicate,6,=|ARRAY|NOT,NOT (JSONB_TYPEOF(STR) = STR),e9d854f06334fe943d06b8a5,required_tokens + skeleton_family + delimiter_integrity + boolean_signal
PG_BOOL_R073_C04,PG_BOOL_R073,Y4,jsonb_predicate,4,is_true_wrapper,6,=|IS|TRUE,(JSONB_TYPEOF(STR) = STR) IS TRUE,e5acccbf45e0df257b31fe2e,required_tokens + skeleton_family + delimiter_integrity + boolean_signal
PG_BOOL_R073_C05,PG_BOOL_R073,Y4,jsonb_predicate,5,is_not_false_wrapper,6,=|FALSE|IS|NOT,(JSONB_TYPEOF(STR) = STR) IS NOT FALSE,731c09053166f4c05e67f78f,required_tokens + skeleton_family + delimiter_integrity + boolean_signal
PG_BOOL_R073_C06,PG_BOOL_R073,Y4,jsonb_predicate,6,case_boolean_wrapper,6,=|CASE|ELSE|END|FALSE|THEN|TRUE|WHEN,CASE WHEN (JSONB_TYPEOF(STR) = STR) THEN TRUE ELSE FALSE END,5f9e753c721c5d3bf51b5e63,required_tokens + skeleton_family + delimiter_integrity + boolean_signal
PG_BOOL_R073_C07,PG_BOOL_R073,Y4,jsonb_predicate,7,and_true_guard,6,=|AND,(JSONB_TYPEOF(STR) = STR) AND (INT = INT),c624ebec2138be295352293c,required_tokens + skeleton_family + delimiter_integrity + boolean_signal
PG_BOOL_R073_C08,PG_BOOL_R073,Y4,jsonb_predicate,8,or_false_guard,6,<|<>|=|>|OR,(JSONB_TYPEOF(STR) = STR) OR (INT <> INT),09e2168f20fd66497d98f8e7,required_tokens + skeleton_family + delimiter_integrity + boolean_signal
PG_BOOL_R073_C09,PG_BOOL_R073,Y4,jsonb_predicate,9,equals_true_wrapper,6,=|TRUE,((JSONB_TYPEOF(STR) = STR) = TRUE),10a8897f2957f97608e1dea9,required_tokens + skeleton_family + delimiter_integrity + boolean_signal
PG_BOOL_R073_C10,PG_BOOL_R073,Y4,jsonb_predicate,10,coalesce_false_wrapper,6,=|COALESCE|FALSE,"COALESCE((JSONB_TYPEOF(STR) = STR), FALSE)",a56ea56b4971845ca2fe14a2,required_tokens + skeleton_family + delimiter_integrity + boolean_signal
PG_BOOL_R074_C01,PG_BOOL_R074,Y4,jsonb_predicate,1,base_predicate,6,=|>,(STR ->> STR) = STR,f80bb201bb47f39c5f20a388,required_tokens + skeleton_family + delimiter_integrity + boolean_signal
PG_BOOL_R074_C02,PG_BOOL_R074,Y4,jsonb_predicate,2,parenthesized_predicate,6,=|>,((STR ->> STR) = STR),870f07ed0a507b42797286f1,required_tokens + skeleton_family + delimiter_integrity + boolean_signal
PG_BOOL_R074_C03,PG_BOOL_R074,Y4,jsonb_predicate,3,negated_inverse_predicate,6,=|>|NOT,NOT ((STR ->> STR) = STR),220a2384f6c22094fcb3cdc3,required_tokens + skeleton_family + delimiter_integrity + boolean_signal
PG_BOOL_R074_C04,PG_BOOL_R074,Y4,jsonb_predicate,4,is_true_wrapper,6,=|>|IS|TRUE,((STR ->> STR) = STR) IS TRUE,95b92ab02ef3f87ac941aff7,required_tokens + skeleton_family + delimiter_integrity + boolean_signal
PG_BOOL_R074_C05,PG_BOOL_R074,Y4,jsonb_predicate,5,is_not_false_wrapper,6,=|>|FALSE|IS|NOT,((STR ->> STR) = STR) IS NOT FALSE,ad86f0a0bc924bdb4891b4f9,required_tokens + skeleton_family + delimiter_integrity + boolean_signal
PG_BOOL_R074_C06,PG_BOOL_R074,Y4,jsonb_predicate,6,case_boolean_wrapper,6,=|>|CASE|ELSE|END|FALSE|THEN|TRUE|WHEN,CASE WHEN ((STR ->> STR) = STR) THEN TRUE ELSE FALSE END,6802c6511b2ea0cdf1df6871,required_tokens + skeleton_family + delimiter_integrity + boolean_signal
PG_BOOL_R074_C07,PG_BOOL_R074,Y4,jsonb_predicate,7,and_true_guard,6,=|>|AND,((STR ->> STR) = STR) AND (INT = INT),d1c377fe2e21e8acf2407275,required_tokens + skeleton_family + delimiter_integrity + boolean_signal
PG_BOOL_R074_C08,PG_BOOL_R074,Y4,jsonb_predicate,8,or_false_guard,6,<|<>|=|>|OR,((STR ->> STR) = STR) OR (INT <> INT),de55d4d179cc2eeb414c6e8d,required_tokens + skeleton_family + delimiter_integrity + boolean_signal
PG_BOOL_R074_C09,PG_BOOL_R074,Y4,jsonb_predicate,9,equals_true_wrapper,6,=|>|TRUE,(((STR ->> STR) = STR) = TRUE),4a692c7d3663b02b96ca326a,required_tokens + skeleton_family + delimiter_integrity + boolean_signal
PG_BOOL_R074_C10,PG_BOOL_R074,Y4,jsonb_predicate,10,coalesce_false_wrapper,6,=|>|COALESCE|FALSE,"COALESCE(((STR ->> STR) = STR), FALSE)",e7cea5ff2be5f1782e000f9c,required_tokens + skeleton_family + delimiter_integrity + boolean_signal
PG_BOOL_R075_C01,PG_BOOL_R075,Y4,jsonb_predicate,1,base_predicate,6,>|@>,STR @> STR,6ffeef3b5a94984eb9c0481c,required_tokens + skeleton_family + delimiter_integrity + boolean_signal
PG_BOOL_R075_C02,PG_BOOL_R075,Y4,jsonb_predicate,2,parenthesized_predicate,6,>|@>,(STR @> STR),274fa12b4cea847dd9072ef7,required_tokens + skeleton_family + delimiter_integrity + boolean_signal
PG_BOOL_R075_C03,PG_BOOL_R075,Y4,jsonb_predicate,3,negated_inverse_predicate,6,>|@>|NOT,NOT (STR @> STR),64e77f1c32243ab7f84b2ffc,required_tokens + skeleton_family + delimiter_integrity + boolean_signal
PG_BOOL_R075_C04,PG_BOOL_R075,Y4,jsonb_predicate,4,is_true_wrapper,6,>|@>|IS|TRUE,(STR @> STR) IS TRUE,56a2eae2371b4cf7bd547254,required_tokens + skeleton_family + delimiter_integrity + boolean_signal
PG_BOOL_R075_C05,PG_BOOL_R075,Y4,jsonb_predicate,5,is_not_false_wrapper,6,>|@>|FALSE|IS|NOT,(STR @> STR) IS NOT FALSE,1748d96a5e2aea340c13c246,required_tokens + skeleton_family + delimiter_integrity + boolean_signal
PG_BOOL_R075_C06,PG_BOOL_R075,Y4,jsonb_predicate,6,case_boolean_wrapper,6,>|@>|CASE|ELSE|END|FALSE|THEN|TRUE|WHEN,CASE WHEN (STR @> STR) THEN TRUE ELSE FALSE END,30bc19c916f04ada62d28b3b,required_tokens + skeleton_family + delimiter_integrity + boolean_signal
PG_BOOL_R075_C07,PG_BOOL_R075,Y4,jsonb_predicate,7,and_true_guard,6,=|>|@>|AND,(STR @> STR) AND (INT = INT),a83c260556691ab0db7e58a7,required_tokens + skeleton_family + delimiter_integrity + boolean_signal
PG_BOOL_R075_C08,PG_BOOL_R075,Y4,jsonb_predicate,8,or_false_guard,6,<|<>|>|@>|OR,(STR @> STR) OR (INT <> INT),2d53c7102ccef37bbca4a8b9,required_tokens + skeleton_family + delimiter_integrity + boolean_signal
PG_BOOL_R075_C09,PG_BOOL_R075,Y4,jsonb_predicate,9,equals_true_wrapper,6,=|>|@>|TRUE,((STR @> STR) = TRUE),3b954a8424087072073cecd1,required_tokens + skeleton_family + delimiter_integrity + boolean_signal
PG_BOOL_R075_C10,PG_BOOL_R075,Y4,jsonb_predicate,10,coalesce_false_wrapper,6,>|@>|COALESCE|FALSE,"COALESCE((STR @> STR), FALSE)",09539bfd68a0c922a803d05b,required_tokens + skeleton_family + delimiter_integrity + boolean_signal
PG_BOOL_R076_C01,PG_BOOL_R076,Y4,range_type,1,base_predicate,6,>|@>,"RANGE(INT, INT, STR) @> INT",092747342c9ad6d2cf87efe4,required_tokens + skeleton_family + delimiter_integrity + boolean_signal
PG_BOOL_R076_C02,PG_BOOL_R076,Y4,range_type,2,parenthesized_predicate,6,>|@>,"(RANGE(INT, INT, STR) @> INT)",1376e34f341a25a11a52a00c,required_tokens + skeleton_family + delimiter_integrity + boolean_signal
PG_BOOL_R076_C03,PG_BOOL_R076,Y4,range_type,3,negated_inverse_predicate,6,>|@>|NOT,"NOT (RANGE(INT, INT, STR) @> INT)",2a51643f6b02448754d140d7,required_tokens + skeleton_family + delimiter_integrity + boolean_signal
PG_BOOL_R076_C04,PG_BOOL_R076,Y4,range_type,4,is_true_wrapper,6,>|@>|IS|TRUE,"(RANGE(INT, INT, STR) @> INT) IS TRUE",fb1bb00f962a0254ded0af99,required_tokens + skeleton_family + delimiter_integrity + boolean_signal
PG_BOOL_R076_C05,PG_BOOL_R076,Y4,range_type,5,is_not_false_wrapper,6,>|@>|FALSE|IS|NOT,"(RANGE(INT, INT, STR) @> INT) IS NOT FALSE",5ea01b56f54b0166907e1b99,required_tokens + skeleton_family + delimiter_integrity + boolean_signal
PG_BOOL_R076_C06,PG_BOOL_R076,Y4,range_type,6,case_boolean_wrapper,6,>|@>|CASE|ELSE|END|FALSE|THEN|TRUE|WHEN,"CASE WHEN (RANGE(INT, INT, STR) @> INT) THEN TRUE ELSE FALSE END",25975233b6985f7a2b97c9a7,required_tokens + skeleton_family + delimiter_integrity + boolean_signal
PG_BOOL_R076_C07,PG_BOOL_R076,Y4,range_type,7,and_true_guard,6,=|>|@>|AND,"(RANGE(INT, INT, STR) @> INT) AND (INT = INT)",86ffc463c8931580777fdecb,required_tokens + skeleton_family + delimiter_integrity + boolean_signal
PG_BOOL_R076_C08,PG_BOOL_R076,Y4,range_type,8,or_false_guard,6,<|<>|>|@>|OR,"(RANGE(INT, INT, STR) @> INT) OR (INT <> INT)",fd66f38bce592e9dc06cee8e,required_tokens + skeleton_family + delimiter_integrity + boolean_signal
PG_BOOL_R076_C09,PG_BOOL_R076,Y4,range_type,9,equals_true_wrapper,6,=|>|@>|TRUE,"((RANGE(INT, INT, STR) @> INT) = TRUE)",27dc805074b0a4a29103f6d0,required_tokens + skeleton_family + delimiter_integrity + boolean_signal
PG_BOOL_R076_C10,PG_BOOL_R076,Y4,range_type,10,coalesce_false_wrapper,6,>|@>|COALESCE|FALSE,"COALESCE((RANGE(INT, INT, STR) @> INT), FALSE)",a3cc8fc444406223d3366096,required_tokens + skeleton_family + delimiter_integrity + boolean_signal
PG_BOOL_R077_C01,PG_BOOL_R077,Y4,range_type,1,base_predicate,6,&&,"RANGE(INT, INT, STR) && RANGE(INT, INT, STR)",8651ff4af98206241b1029a8,required_tokens + skeleton_family + delimiter_integrity + boolean_signal
PG_BOOL_R077_C02,PG_BOOL_R077,Y4,range_type,2,parenthesized_predicate,6,&&,"(RANGE(INT, INT, STR) && RANGE(INT, INT, STR))",81f3d0344670ab11840c6cb4,required_tokens + skeleton_family + delimiter_integrity + boolean_signal
PG_BOOL_R077_C03,PG_BOOL_R077,Y4,range_type,3,negated_inverse_predicate,6,&&|NOT,"NOT (RANGE(INT, INT, STR) && RANGE(INT, INT, STR))",a018890e10271a5e08ec56b4,required_tokens + skeleton_family + delimiter_integrity + boolean_signal
PG_BOOL_R077_C04,PG_BOOL_R077,Y4,range_type,4,is_true_wrapper,6,&&|IS|TRUE,"(RANGE(INT, INT, STR) && RANGE(INT, INT, STR)) IS TRUE",c82d86c33f1aa03a7074829a,required_tokens + skeleton_family + delimiter_integrity + boolean_signal
PG_BOOL_R077_C05,PG_BOOL_R077,Y4,range_type,5,is_not_false_wrapper,6,&&|FALSE|IS|NOT,"(RANGE(INT, INT, STR) && RANGE(INT, INT, STR)) IS NOT FALSE",e8a6e8997928f9ca4a47f620,required_tokens + skeleton_family + delimiter_integrity + boolean_signal
PG_BOOL_R077_C06,PG_BOOL_R077,Y4,range_type,6,case_boolean_wrapper,6,&&|CASE|ELSE|END|FALSE|THEN|TRUE|WHEN,"CASE WHEN (RANGE(INT, INT, STR) && RANGE(INT, INT, STR)) THEN TRUE ELSE FALSE END",122c461c2dfc9ee882e4af22,required_tokens + skeleton_family + delimiter_integrity + boolean_signal
PG_BOOL_R077_C07,PG_BOOL_R077,Y4,range_type,7,and_true_guard,6,&&|=|AND,"(RANGE(INT, INT, STR) && RANGE(INT, INT, STR)) AND (INT = INT)",5b40b8c9059992e718e04d01,required_tokens + skeleton_family + delimiter_integrity + boolean_signal
PG_BOOL_R077_C08,PG_BOOL_R077,Y4,range_type,8,or_false_guard,6,&&|<|<>|>|OR,"(RANGE(INT, INT, STR) && RANGE(INT, INT, STR)) OR (INT <> INT)",4f1d767a983887ff778d91e0,required_tokens + skeleton_family + delimiter_integrity + boolean_signal
PG_BOOL_R077_C09,PG_BOOL_R077,Y4,range_type,9,equals_true_wrapper,6,&&|=|TRUE,"((RANGE(INT, INT, STR) && RANGE(INT, INT, STR)) = TRUE)",f959100f97a7684b3c5312ad,required_tokens + skeleton_family + delimiter_integrity + boolean_signal
PG_BOOL_R077_C10,PG_BOOL_R077,Y4,range_type,10,coalesce_false_wrapper,6,&&|COALESCE|FALSE,"COALESCE((RANGE(INT, INT, STR) && RANGE(INT, INT, STR)), FALSE)",d611a85795fc36d0689e140a,required_tokens + skeleton_family + delimiter_integrity + boolean_signal
PG_BOOL_R078_C01,PG_BOOL_R078,Y4,range_type,1,base_predicate,6,<|<@,"RANGE(INT, INT, STR) <@ RANGE(INT, INT, STR)",72a581e0a3f2f2f497a8cac3,required_tokens + skeleton_family + delimiter_integrity + boolean_signal
PG_BOOL_R078_C02,PG_BOOL_R078,Y4,range_type,2,parenthesized_predicate,6,<|<@,"(RANGE(INT, INT, STR) <@ RANGE(INT, INT, STR))",f859dab0a14df3e1b9257f47,required_tokens + skeleton_family + delimiter_integrity + boolean_signal
PG_BOOL_R078_C03,PG_BOOL_R078,Y4,range_type,3,negated_inverse_predicate,6,<|<@|NOT,"NOT (RANGE(INT, INT, STR) <@ RANGE(INT, INT, STR))",e01c678399545d8946ea9a54,required_tokens + skeleton_family + delimiter_integrity + boolean_signal
PG_BOOL_R078_C04,PG_BOOL_R078,Y4,range_type,4,is_true_wrapper,6,<|<@|IS|TRUE,"(RANGE(INT, INT, STR) <@ RANGE(INT, INT, STR)) IS TRUE",2be7545dfcd595472df9b0ed,required_tokens + skeleton_family + delimiter_integrity + boolean_signal
PG_BOOL_R078_C05,PG_BOOL_R078,Y4,range_type,5,is_not_false_wrapper,6,<|<@|FALSE|IS|NOT,"(RANGE(INT, INT, STR) <@ RANGE(INT, INT, STR)) IS NOT FALSE",53c10c8efc12e1148358558e,required_tokens + skeleton_family + delimiter_integrity + boolean_signal
PG_BOOL_R078_C06,PG_BOOL_R078,Y4,range_type,6,case_boolean_wrapper,6,<|<@|CASE|ELSE|END|FALSE|THEN|TRUE|WHEN,"CASE WHEN (RANGE(INT, INT, STR) <@ RANGE(INT, INT, STR)) THEN TRUE ELSE FALSE END",fde4494a2b1b97dc4461cf0b,required_tokens + skeleton_family + delimiter_integrity + boolean_signal
PG_BOOL_R078_C07,PG_BOOL_R078,Y4,range_type,7,and_true_guard,6,<|<@|=|AND,"(RANGE(INT, INT, STR) <@ RANGE(INT, INT, STR)) AND (INT = INT)",5640d1026a2f984d3b446fce,required_tokens + skeleton_family + delimiter_integrity + boolean_signal
PG_BOOL_R078_C08,PG_BOOL_R078,Y4,range_type,8,or_false_guard,6,<|<>|<@|>|OR,"(RANGE(INT, INT, STR) <@ RANGE(INT, INT, STR)) OR (INT <> INT)",98243b977ec4a5125cd9c133,required_tokens + skeleton_family + delimiter_integrity + boolean_signal
PG_BOOL_R078_C09,PG_BOOL_R078,Y4,range_type,9,equals_true_wrapper,6,<|<@|=|TRUE,"((RANGE(INT, INT, STR) <@ RANGE(INT, INT, STR)) = TRUE)",f2fa97f75e2fd4477e18f89c,required_tokens + skeleton_family + delimiter_integrity + boolean_signal
PG_BOOL_R078_C10,PG_BOOL_R078,Y4,range_type,10,coalesce_false_wrapper,6,<|<@|COALESCE|FALSE,"COALESCE((RANGE(INT, INT, STR) <@ RANGE(INT, INT, STR)), FALSE)",e9e0a0436dfdc039980f1c74,required_tokens + skeleton_family + delimiter_integrity + boolean_signal
PG_BOOL_R079_C01,PG_BOOL_R079,Y4,range_type,1,base_predicate,6,=,"LOWER(RANGE(INT, INT, STR)) = INT",710ddf274961a1677c18473b,required_tokens + skeleton_family + delimiter_integrity + boolean_signal
PG_BOOL_R079_C02,PG_BOOL_R079,Y4,range_type,2,parenthesized_predicate,6,=,"(LOWER(RANGE(INT, INT, STR)) = INT)",235464802e6a0243700c58fa,required_tokens + skeleton_family + delimiter_integrity + boolean_signal
PG_BOOL_R079_C03,PG_BOOL_R079,Y4,range_type,3,negated_inverse_predicate,6,=|NOT,"NOT (LOWER(RANGE(INT, INT, STR)) = INT)",b294b28e5bd52d4759d21027,required_tokens + skeleton_family + delimiter_integrity + boolean_signal
PG_BOOL_R079_C04,PG_BOOL_R079,Y4,range_type,4,is_true_wrapper,6,=|IS|TRUE,"(LOWER(RANGE(INT, INT, STR)) = INT) IS TRUE",8befe0baf7ed363a48c269c9,required_tokens + skeleton_family + delimiter_integrity + boolean_signal
PG_BOOL_R079_C05,PG_BOOL_R079,Y4,range_type,5,is_not_false_wrapper,6,=|FALSE|IS|NOT,"(LOWER(RANGE(INT, INT, STR)) = INT) IS NOT FALSE",41c3ebf1583d5682c06c3ffc,required_tokens + skeleton_family + delimiter_integrity + boolean_signal
PG_BOOL_R079_C06,PG_BOOL_R079,Y4,range_type,6,case_boolean_wrapper,6,=|CASE|ELSE|END|FALSE|THEN|TRUE|WHEN,"CASE WHEN (LOWER(RANGE(INT, INT, STR)) = INT) THEN TRUE ELSE FALSE END",9ca888fd76939bda3fb560c5,required_tokens + skeleton_family + delimiter_integrity + boolean_signal
PG_BOOL_R079_C07,PG_BOOL_R079,Y4,range_type,7,and_true_guard,6,=|AND,"(LOWER(RANGE(INT, INT, STR)) = INT) AND (INT = INT)",58fc1fb913ff068e80c4c668,required_tokens + skeleton_family + delimiter_integrity + boolean_signal
PG_BOOL_R079_C08,PG_BOOL_R079,Y4,range_type,8,or_false_guard,6,<|<>|=|>|OR,"(LOWER(RANGE(INT, INT, STR)) = INT) OR (INT <> INT)",30e851ea2dac1d9f166fa086,required_tokens + skeleton_family + delimiter_integrity + boolean_signal
PG_BOOL_R079_C09,PG_BOOL_R079,Y4,range_type,9,equals_true_wrapper,6,=|TRUE,"((LOWER(RANGE(INT, INT, STR)) = INT) = TRUE)",0248a8c17bde3001c6944f17,required_tokens + skeleton_family + delimiter_integrity + boolean_signal
PG_BOOL_R079_C10,PG_BOOL_R079,Y4,range_type,10,coalesce_false_wrapper,6,=|COALESCE|FALSE,"COALESCE((LOWER(RANGE(INT, INT, STR)) = INT), FALSE)",c8dcee705c6bd187edb6909d,required_tokens + skeleton_family + delimiter_integrity + boolean_signal
PG_BOOL_R080_C01,PG_BOOL_R080,Y4,range_type,1,base_predicate,6,=,"UPPER(RANGE(INT, INT, STR)) = INT",526933abb7018bb29a1c8f94,required_tokens + skeleton_family + delimiter_integrity + boolean_signal
PG_BOOL_R080_C02,PG_BOOL_R080,Y4,range_type,2,parenthesized_predicate,6,=,"(UPPER(RANGE(INT, INT, STR)) = INT)",fed58e9c451d64a9eed70bed,required_tokens + skeleton_family + delimiter_integrity + boolean_signal
PG_BOOL_R080_C03,PG_BOOL_R080,Y4,range_type,3,negated_inverse_predicate,6,=|NOT,"NOT (UPPER(RANGE(INT, INT, STR)) = INT)",9b4ba9c34543bb3fa7b9d246,required_tokens + skeleton_family + delimiter_integrity + boolean_signal
PG_BOOL_R080_C04,PG_BOOL_R080,Y4,range_type,4,is_true_wrapper,6,=|IS|TRUE,"(UPPER(RANGE(INT, INT, STR)) = INT) IS TRUE",4627f8ddce87e4d6b77a0f36,required_tokens + skeleton_family + delimiter_integrity + boolean_signal
PG_BOOL_R080_C05,PG_BOOL_R080,Y4,range_type,5,is_not_false_wrapper,6,=|FALSE|IS|NOT,"(UPPER(RANGE(INT, INT, STR)) = INT) IS NOT FALSE",dbb9b4c878c2a79bfaa03594,required_tokens + skeleton_family + delimiter_integrity + boolean_signal
PG_BOOL_R080_C06,PG_BOOL_R080,Y4,range_type,6,case_boolean_wrapper,6,=|CASE|ELSE|END|FALSE|THEN|TRUE|WHEN,"CASE WHEN (UPPER(RANGE(INT, INT, STR)) = INT) THEN TRUE ELSE FALSE END",aa29ba7242824e9a795381b1,required_tokens + skeleton_family + delimiter_integrity + boolean_signal
PG_BOOL_R080_C07,PG_BOOL_R080,Y4,range_type,7,and_true_guard,6,=|AND,"(UPPER(RANGE(INT, INT, STR)) = INT) AND (INT = INT)",47a1a8780f4f1d3975b3b5f3,required_tokens + skeleton_family + delimiter_integrity + boolean_signal
PG_BOOL_R080_C08,PG_BOOL_R080,Y4,range_type,8,or_false_guard,6,<|<>|=|>|OR,"(UPPER(RANGE(INT, INT, STR)) = INT) OR (INT <> INT)",d7d4afda19e229d299035fa1,required_tokens + skeleton_family + delimiter_integrity + boolean_signal
PG_BOOL_R080_C09,PG_BOOL_R080,Y4,range_type,9,equals_true_wrapper,6,=|TRUE,"((UPPER(RANGE(INT, INT, STR)) = INT) = TRUE)",a6f94b1513e70200fc3fef37,required_tokens + skeleton_family + delimiter_integrity + boolean_signal
PG_BOOL_R080_C10,PG_BOOL_R080,Y4,range_type,10,coalesce_false_wrapper,6,=|COALESCE|FALSE,"COALESCE((UPPER(RANGE(INT, INT, STR)) = INT), FALSE)",5b4d484209d14d6e4937b883,required_tokens + skeleton_family + delimiter_integrity + boolean_signal
PG_BOOL_R081_C01,PG_BOOL_R081,Y4,network_inet,1,base_predicate,6,<,INET << INET,d388c43ee83af5f7f8589bf0,required_tokens + skeleton_family + delimiter_integrity + boolean_signal
PG_BOOL_R081_C02,PG_BOOL_R081,Y4,network_inet,2,parenthesized_predicate,6,<,(INET << INET),4c6de18b9850824da31f33db,required_tokens + skeleton_family + delimiter_integrity + boolean_signal
PG_BOOL_R081_C03,PG_BOOL_R081,Y4,network_inet,3,negated_inverse_predicate,6,<|NOT,NOT (INET << INET),35149e89fb962b73155986ec,required_tokens + skeleton_family + delimiter_integrity + boolean_signal
PG_BOOL_R081_C04,PG_BOOL_R081,Y4,network_inet,4,is_true_wrapper,6,<|IS|TRUE,(INET << INET) IS TRUE,fc823df555002392bf52878b,required_tokens + skeleton_family + delimiter_integrity + boolean_signal
PG_BOOL_R081_C05,PG_BOOL_R081,Y4,network_inet,5,is_not_false_wrapper,6,<|FALSE|IS|NOT,(INET << INET) IS NOT FALSE,3702aa5fc2b7597a2e94efe7,required_tokens + skeleton_family + delimiter_integrity + boolean_signal
PG_BOOL_R081_C06,PG_BOOL_R081,Y4,network_inet,6,case_boolean_wrapper,6,<|CASE|ELSE|END|FALSE|THEN|TRUE|WHEN,CASE WHEN (INET << INET) THEN TRUE ELSE FALSE END,c467e8bf72615d9b34b3774e,required_tokens + skeleton_family + delimiter_integrity + boolean_signal
PG_BOOL_R081_C07,PG_BOOL_R081,Y4,network_inet,7,and_true_guard,6,<|=|AND,(INET << INET) AND (INT = INT),a76fa54d32b0f333c30840ac,required_tokens + skeleton_family + delimiter_integrity + boolean_signal
PG_BOOL_R081_C08,PG_BOOL_R081,Y4,network_inet,8,or_false_guard,6,<|<>|>|OR,(INET << INET) OR (INT <> INT),50c2461aebf2c5e7d201682b,required_tokens + skeleton_family + delimiter_integrity + boolean_signal
PG_BOOL_R081_C09,PG_BOOL_R081,Y4,network_inet,9,equals_true_wrapper,6,<|=|TRUE,((INET << INET) = TRUE),29cdb0279cdb48cf2b581e61,required_tokens + skeleton_family + delimiter_integrity + boolean_signal
PG_BOOL_R081_C10,PG_BOOL_R081,Y4,network_inet,10,coalesce_false_wrapper,6,<|COALESCE|FALSE,"COALESCE((INET << INET), FALSE)",86b114079fbf52d30207f3e7,required_tokens + skeleton_family + delimiter_integrity + boolean_signal
PG_BOOL_R082_C01,PG_BOOL_R082,Y4,network_inet,1,base_predicate,6,=|>|>=,INET >>= INET,6c2c2ea12f7bd2062596325b,required_tokens + skeleton_family + delimiter_integrity + boolean_signal
PG_BOOL_R082_C02,PG_BOOL_R082,Y4,network_inet,2,parenthesized_predicate,6,=|>|>=,(INET >>= INET),1a6939e3fe5048f620c80cdf,required_tokens + skeleton_family + delimiter_integrity + boolean_signal
PG_BOOL_R082_C03,PG_BOOL_R082,Y4,network_inet,3,negated_inverse_predicate,6,=|>|>=|NOT,NOT (INET >>= INET),bd1eaac5e7bb2a7f87be654a,required_tokens + skeleton_family + delimiter_integrity + boolean_signal
PG_BOOL_R082_C04,PG_BOOL_R082,Y4,network_inet,4,is_true_wrapper,6,=|>|>=|IS|TRUE,(INET >>= INET) IS TRUE,3d3a6dff151d7058112422c0,required_tokens + skeleton_family + delimiter_integrity + boolean_signal
PG_BOOL_R082_C05,PG_BOOL_R082,Y4,network_inet,5,is_not_false_wrapper,6,=|>|>=|FALSE|IS|NOT,(INET >>= INET) IS NOT FALSE,d15e26ef38e7f93fbbd7924c,required_tokens + skeleton_family + delimiter_integrity + boolean_signal
PG_BOOL_R082_C06,PG_BOOL_R082,Y4,network_inet,6,case_boolean_wrapper,6,=|>|>=|CASE|ELSE|END|FALSE|THEN|TRUE|WHEN,CASE WHEN (INET >>= INET) THEN TRUE ELSE FALSE END,f06f34c12e64aac55880f793,required_tokens + skeleton_family + delimiter_integrity + boolean_signal
PG_BOOL_R082_C07,PG_BOOL_R082,Y4,network_inet,7,and_true_guard,6,=|>|>=|AND,(INET >>= INET) AND (INT = INT),84a95bad6721013e4a04040b,required_tokens + skeleton_family + delimiter_integrity + boolean_signal
PG_BOOL_R082_C08,PG_BOOL_R082,Y4,network_inet,8,or_false_guard,6,<|<>|=|>|>=|OR,(INET >>= INET) OR (INT <> INT),ec82f22c5d2752d89f2a4087,required_tokens + skeleton_family + delimiter_integrity + boolean_signal
PG_BOOL_R082_C09,PG_BOOL_R082,Y4,network_inet,9,equals_true_wrapper,6,=|>|>=|TRUE,((INET >>= INET) = TRUE),d332614f9ab3eda212c15ec3,required_tokens + skeleton_family + delimiter_integrity + boolean_signal
PG_BOOL_R082_C10,PG_BOOL_R082,Y4,network_inet,10,coalesce_false_wrapper,6,=|>|>=|COALESCE|FALSE,"COALESCE((INET >>= INET), FALSE)",dff3e40f3fea588c1b082d25,required_tokens + skeleton_family + delimiter_integrity + boolean_signal
PG_BOOL_R083_C01,PG_BOOL_R083,Y4,network_inet,1,base_predicate,6,=,HOST(INET) = STR,0f7bf51b30e818e732db5483,required_tokens + skeleton_family + delimiter_integrity + boolean_signal
PG_BOOL_R083_C02,PG_BOOL_R083,Y4,network_inet,2,parenthesized_predicate,6,=,(HOST(INET) = STR),6e049cffbab5da6afc0d306e,required_tokens + skeleton_family + delimiter_integrity + boolean_signal
PG_BOOL_R083_C03,PG_BOOL_R083,Y4,network_inet,3,negated_inverse_predicate,6,=|NOT,NOT (HOST(INET) = STR),d75326744405f4098eb6ed2d,required_tokens + skeleton_family + delimiter_integrity + boolean_signal
PG_BOOL_R083_C04,PG_BOOL_R083,Y4,network_inet,4,is_true_wrapper,6,=|IS|TRUE,(HOST(INET) = STR) IS TRUE,54cab16a59e91fd293f1040a,required_tokens + skeleton_family + delimiter_integrity + boolean_signal
PG_BOOL_R083_C05,PG_BOOL_R083,Y4,network_inet,5,is_not_false_wrapper,6,=|FALSE|IS|NOT,(HOST(INET) = STR) IS NOT FALSE,560ce5c470e87228c07a5fa1,required_tokens + skeleton_family + delimiter_integrity + boolean_signal
PG_BOOL_R083_C06,PG_BOOL_R083,Y4,network_inet,6,case_boolean_wrapper,6,=|CASE|ELSE|END|FALSE|THEN|TRUE|WHEN,CASE WHEN (HOST(INET) = STR) THEN TRUE ELSE FALSE END,01ae927b8039ec925ae1b1e4,required_tokens + skeleton_family + delimiter_integrity + boolean_signal
PG_BOOL_R083_C07,PG_BOOL_R083,Y4,network_inet,7,and_true_guard,6,=|AND,(HOST(INET) = STR) AND (INT = INT),11c2156d53add8e6c7da8abc,required_tokens + skeleton_family + delimiter_integrity + boolean_signal
PG_BOOL_R083_C08,PG_BOOL_R083,Y4,network_inet,8,or_false_guard,6,<|<>|=|>|OR,(HOST(INET) = STR) OR (INT <> INT),223a346784e43eba764c74ea,required_tokens + skeleton_family + delimiter_integrity + boolean_signal
PG_BOOL_R083_C09,PG_BOOL_R083,Y4,network_inet,9,equals_true_wrapper,6,=|TRUE,((HOST(INET) = STR) = TRUE),60224714cda4322a9af20b37,required_tokens + skeleton_family + delimiter_integrity + boolean_signal
PG_BOOL_R083_C10,PG_BOOL_R083,Y4,network_inet,10,coalesce_false_wrapper,6,=|COALESCE|FALSE,"COALESCE((HOST(INET) = STR), FALSE)",84dcf7b8475ac5255b1325a8,required_tokens + skeleton_family + delimiter_integrity + boolean_signal
PG_BOOL_R084_C01,PG_BOOL_R084,Y4,network_inet,1,base_predicate,6,=,FAMILY(INET) = INT,7db47b9236bd8d74141833fc,required_tokens + skeleton_family + delimiter_integrity + boolean_signal
PG_BOOL_R084_C02,PG_BOOL_R084,Y4,network_inet,2,parenthesized_predicate,6,=,(FAMILY(INET) = INT),57d5fc45d70acd53268b4178,required_tokens + skeleton_family + delimiter_integrity + boolean_signal
PG_BOOL_R084_C03,PG_BOOL_R084,Y4,network_inet,3,negated_inverse_predicate,6,=|NOT,NOT (FAMILY(INET) = INT),fab2bd639bd3e6f84dcb2a44,required_tokens + skeleton_family + delimiter_integrity + boolean_signal
PG_BOOL_R084_C04,PG_BOOL_R084,Y4,network_inet,4,is_true_wrapper,6,=|IS|TRUE,(FAMILY(INET) = INT) IS TRUE,ddbce3107ac22607f0a1356d,required_tokens + skeleton_family + delimiter_integrity + boolean_signal
PG_BOOL_R084_C05,PG_BOOL_R084,Y4,network_inet,5,is_not_false_wrapper,6,=|FALSE|IS|NOT,(FAMILY(INET) = INT) IS NOT FALSE,7dca5a0a20e2e7de342307af,required_tokens + skeleton_family + delimiter_integrity + boolean_signal
PG_BOOL_R084_C06,PG_BOOL_R084,Y4,network_inet,6,case_boolean_wrapper,6,=|CASE|ELSE|END|FALSE|THEN|TRUE|WHEN,CASE WHEN (FAMILY(INET) = INT) THEN TRUE ELSE FALSE END,5e75efce51f9e7c1ebe9518c,required_tokens + skeleton_family + delimiter_integrity + boolean_signal
PG_BOOL_R084_C07,PG_BOOL_R084,Y4,network_inet,7,and_true_guard,6,=|AND,(FAMILY(INET) = INT) AND (INT = INT),c55e90aeeec7adb41b4a7b1d,required_tokens + skeleton_family + delimiter_integrity + boolean_signal
PG_BOOL_R084_C08,PG_BOOL_R084,Y4,network_inet,8,or_false_guard,6,<|<>|=|>|OR,(FAMILY(INET) = INT) OR (INT <> INT),67926e7ab9eb22a2d69eb336,required_tokens + skeleton_family + delimiter_integrity + boolean_signal
PG_BOOL_R084_C09,PG_BOOL_R084,Y4,network_inet,9,equals_true_wrapper,6,=|TRUE,((FAMILY(INET) = INT) = TRUE),039a44cf23479ad1408fb9e0,required_tokens + skeleton_family + delimiter_integrity + boolean_signal
PG_BOOL_R084_C10,PG_BOOL_R084,Y4,network_inet,10,coalesce_false_wrapper,6,=|COALESCE|FALSE,"COALESCE((FAMILY(INET) = INT), FALSE)",5c3584e4e241a7b6522e3828,required_tokens + skeleton_family + delimiter_integrity + boolean_signal
PG_BOOL_R085_C01,PG_BOOL_R085,Y4,network_inet,1,base_predicate,6,=,"SET_MASKLEN(INET, INT) = INET",8abd3bff01f544f88efc7617,required_tokens + skeleton_family + delimiter_integrity + boolean_signal
PG_BOOL_R085_C02,PG_BOOL_R085,Y4,network_inet,2,parenthesized_predicate,6,=,"(SET_MASKLEN(INET, INT) = INET)",c0975836d29c419e3f0e8470,required_tokens + skeleton_family + delimiter_integrity + boolean_signal
PG_BOOL_R085_C03,PG_BOOL_R085,Y4,network_inet,3,negated_inverse_predicate,6,=|NOT,"NOT (SET_MASKLEN(INET, INT) = INET)",b6353afa559ee6b0951810ef,required_tokens + skeleton_family + delimiter_integrity + boolean_signal
PG_BOOL_R085_C04,PG_BOOL_R085,Y4,network_inet,4,is_true_wrapper,6,=|IS|TRUE,"(SET_MASKLEN(INET, INT) = INET) IS TRUE",14cb9028483e33a93304b640,required_tokens + skeleton_family + delimiter_integrity + boolean_signal
PG_BOOL_R085_C05,PG_BOOL_R085,Y4,network_inet,5,is_not_false_wrapper,6,=|FALSE|IS|NOT,"(SET_MASKLEN(INET, INT) = INET) IS NOT FALSE",3b8308e3fa91bd29e272ff1c,required_tokens + skeleton_family + delimiter_integrity + boolean_signal
PG_BOOL_R085_C06,PG_BOOL_R085,Y4,network_inet,6,case_boolean_wrapper,6,=|CASE|ELSE|END|FALSE|THEN|TRUE|WHEN,"CASE WHEN (SET_MASKLEN(INET, INT) = INET) THEN TRUE ELSE FALSE END",963422dc047f9d4b178b87b5,required_tokens + skeleton_family + delimiter_integrity + boolean_signal
PG_BOOL_R085_C07,PG_BOOL_R085,Y4,network_inet,7,and_true_guard,6,=|AND,"(SET_MASKLEN(INET, INT) = INET) AND (INT = INT)",fdcdb09e1ff43578c738b4e3,required_tokens + skeleton_family + delimiter_integrity + boolean_signal
PG_BOOL_R085_C08,PG_BOOL_R085,Y4,network_inet,8,or_false_guard,6,<|<>|=|>|OR,"(SET_MASKLEN(INET, INT) = INET) OR (INT <> INT)",86f26031df33febc3f91230f,required_tokens + skeleton_family + delimiter_integrity + boolean_signal
PG_BOOL_R085_C09,PG_BOOL_R085,Y4,network_inet,9,equals_true_wrapper,6,=|TRUE,"((SET_MASKLEN(INET, INT) = INET) = TRUE)",706b78dcb69e60305613d496,required_tokens + skeleton_family + delimiter_integrity + boolean_signal
PG_BOOL_R085_C10,PG_BOOL_R085,Y4,network_inet,10,coalesce_false_wrapper,6,=|COALESCE|FALSE,"COALESCE((SET_MASKLEN(INET, INT) = INET), FALSE)",045a5862372a530dc160d013,required_tokens + skeleton_family + delimiter_integrity + boolean_signal
PG_BOOL_R086_C01,PG_BOOL_R086,Y4,uuid_predicate,1,base_predicate,6,=,UUID = UUID,f660ebed0c66112d33b5dfcc,required_tokens + skeleton_family + delimiter_integrity + boolean_signal
PG_BOOL_R086_C02,PG_BOOL_R086,Y4,uuid_predicate,2,parenthesized_predicate,6,=,(UUID = UUID),5cfefeb65196cf20620ef2ef,required_tokens + skeleton_family + delimiter_integrity + boolean_signal
PG_BOOL_R086_C03,PG_BOOL_R086,Y4,uuid_predicate,3,negated_inverse_predicate,6,=|NOT,NOT (UUID = UUID),47e6dde0919cdc12f2fbc98b,required_tokens + skeleton_family + delimiter_integrity + boolean_signal
PG_BOOL_R086_C04,PG_BOOL_R086,Y4,uuid_predicate,4,is_true_wrapper,6,=|IS|TRUE,(UUID = UUID) IS TRUE,1ac40e3c7fdc446eddb64539,required_tokens + skeleton_family + delimiter_integrity + boolean_signal
PG_BOOL_R086_C05,PG_BOOL_R086,Y4,uuid_predicate,5,is_not_false_wrapper,6,=|FALSE|IS|NOT,(UUID = UUID) IS NOT FALSE,85d32470cdf5446abbba308f,required_tokens + skeleton_family + delimiter_integrity + boolean_signal
PG_BOOL_R086_C06,PG_BOOL_R086,Y4,uuid_predicate,6,case_boolean_wrapper,6,=|CASE|ELSE|END|FALSE|THEN|TRUE|WHEN,CASE WHEN (UUID = UUID) THEN TRUE ELSE FALSE END,56ba51110e5318433fe5ede0,required_tokens + skeleton_family + delimiter_integrity + boolean_signal
PG_BOOL_R086_C07,PG_BOOL_R086,Y4,uuid_predicate,7,and_true_guard,6,=|AND,(UUID = UUID) AND (INT = INT),1633397ed93d090b7b63bc35,required_tokens + skeleton_family + delimiter_integrity + boolean_signal
PG_BOOL_R086_C08,PG_BOOL_R086,Y4,uuid_predicate,8,or_false_guard,6,<|<>|=|>|OR,(UUID = UUID) OR (INT <> INT),7ffd693a57485d962f8ff55d,required_tokens + skeleton_family + delimiter_integrity + boolean_signal
PG_BOOL_R086_C09,PG_BOOL_R086,Y4,uuid_predicate,9,equals_true_wrapper,6,=|TRUE,((UUID = UUID) = TRUE),4caa35e57d469e6f70aafbf4,required_tokens + skeleton_family + delimiter_integrity + boolean_signal
PG_BOOL_R086_C10,PG_BOOL_R086,Y4,uuid_predicate,10,coalesce_false_wrapper,6,=|COALESCE|FALSE,"COALESCE((UUID = UUID), FALSE)",fde06d05a77d2b0377e9b527,required_tokens + skeleton_family + delimiter_integrity + boolean_signal
PG_BOOL_R087_C01,PG_BOOL_R087,Y4,uuid_predicate,1,base_predicate,6,<|<>|>,UUID <> UUID,7a77f096b5e79cc0e960fab6,required_tokens + skeleton_family + delimiter_integrity + boolean_signal
PG_BOOL_R087_C02,PG_BOOL_R087,Y4,uuid_predicate,2,parenthesized_predicate,6,<|<>|>,(UUID <> UUID),922ae460f1539a201d99837b,required_tokens + skeleton_family + delimiter_integrity + boolean_signal
PG_BOOL_R087_C03,PG_BOOL_R087,Y4,uuid_predicate,3,negated_inverse_predicate,6,<|<>|>|NOT,NOT (UUID <> UUID),45670e2921b679535c5633f4,required_tokens + skeleton_family + delimiter_integrity + boolean_signal
PG_BOOL_R087_C04,PG_BOOL_R087,Y4,uuid_predicate,4,is_true_wrapper,6,<|<>|>|IS|TRUE,(UUID <> UUID) IS TRUE,c73a5884c0923a2775e9e9ff,required_tokens + skeleton_family + delimiter_integrity + boolean_signal
PG_BOOL_R087_C05,PG_BOOL_R087,Y4,uuid_predicate,5,is_not_false_wrapper,6,<|<>|>|FALSE|IS|NOT,(UUID <> UUID) IS NOT FALSE,d032a319670ae84e0a10a117,required_tokens + skeleton_family + delimiter_integrity + boolean_signal
PG_BOOL_R087_C06,PG_BOOL_R087,Y4,uuid_predicate,6,case_boolean_wrapper,6,<|<>|>|CASE|ELSE|END|FALSE|THEN|TRUE|WHEN,CASE WHEN (UUID <> UUID) THEN TRUE ELSE FALSE END,769b131d6409610733d09680,required_tokens + skeleton_family + delimiter_integrity + boolean_signal
PG_BOOL_R087_C07,PG_BOOL_R087,Y4,uuid_predicate,7,and_true_guard,6,<|<>|=|>|AND,(UUID <> UUID) AND (INT = INT),3fe2e8c0c4552e5072346830,required_tokens + skeleton_family + delimiter_integrity + boolean_signal
PG_BOOL_R087_C08,PG_BOOL_R087,Y4,uuid_predicate,8,or_false_guard,6,<|<>|>|OR,(UUID <> UUID) OR (INT <> INT),fbbfe8080dbe44155af0b9fe,required_tokens + skeleton_family + delimiter_integrity + boolean_signal
PG_BOOL_R087_C09,PG_BOOL_R087,Y4,uuid_predicate,9,equals_true_wrapper,6,<|<>|=|>|TRUE,((UUID <> UUID) = TRUE),68441823c43a5cf017f73e7f,required_tokens + skeleton_family + delimiter_integrity + boolean_signal
PG_BOOL_R087_C10,PG_BOOL_R087,Y4,uuid_predicate,10,coalesce_false_wrapper,6,<|<>|>|COALESCE|FALSE,"COALESCE((UUID <> UUID), FALSE)",6de486e52c03359ae2890482,required_tokens + skeleton_family + delimiter_integrity + boolean_signal
PG_BOOL_R088_C01,PG_BOOL_R088,Y4,uuid_predicate,1,base_predicate,6,DISTINCT|FROM|IS|NOT,UUID IS NOT DISTINCT FROM UUID,ffe0e24d0de37097be6ad3d5,required_tokens + skeleton_family + delimiter_integrity + boolean_signal
PG_BOOL_R088_C02,PG_BOOL_R088,Y4,uuid_predicate,2,parenthesized_predicate,6,DISTINCT|FROM|IS|NOT,(UUID IS NOT DISTINCT FROM UUID),2bb25b4b11f1241da53afc77,required_tokens + skeleton_family + delimiter_integrity + boolean_signal
PG_BOOL_R088_C03,PG_BOOL_R088,Y4,uuid_predicate,3,negated_inverse_predicate,6,DISTINCT|FROM|IS|NOT,NOT (UUID IS DISTINCT FROM UUID),505e5247ef3d89dbf24cea93,required_tokens + skeleton_family + delimiter_integrity + boolean_signal
PG_BOOL_R088_C04,PG_BOOL_R088,Y4,uuid_predicate,4,is_true_wrapper,6,DISTINCT|FROM|IS|NOT|TRUE,(UUID IS NOT DISTINCT FROM UUID) IS TRUE,47d05af5d6ce5a5e4067e04f,required_tokens + skeleton_family + delimiter_integrity + boolean_signal
PG_BOOL_R088_C05,PG_BOOL_R088,Y4,uuid_predicate,5,is_not_false_wrapper,6,DISTINCT|FALSE|FROM|IS|NOT,(UUID IS NOT DISTINCT FROM UUID) IS NOT FALSE,63fa5dc88547c0e41764649c,required_tokens + skeleton_family + delimiter_integrity + boolean_signal
PG_BOOL_R088_C06,PG_BOOL_R088,Y4,uuid_predicate,6,case_boolean_wrapper,6,CASE|DISTINCT|ELSE|END|FALSE|FROM|IS|NOT|THEN|TRUE|WHEN,CASE WHEN (UUID IS NOT DISTINCT FROM UUID) THEN TRUE ELSE FALSE END,83ac4ec69f59cf72d059f08a,required_tokens + skeleton_family + delimiter_integrity + boolean_signal
PG_BOOL_R088_C07,PG_BOOL_R088,Y4,uuid_predicate,7,and_true_guard,6,=|AND|DISTINCT|FROM|IS|NOT,(UUID IS NOT DISTINCT FROM UUID) AND (INT = INT),126d782de2dc7f92cb57a42c,required_tokens + skeleton_family + delimiter_integrity + boolean_signal
PG_BOOL_R088_C08,PG_BOOL_R088,Y4,uuid_predicate,8,or_false_guard,6,<|<>|>|DISTINCT|FROM|IS|NOT|OR,(UUID IS NOT DISTINCT FROM UUID) OR (INT <> INT),d21cb0fd48906481573d5f94,required_tokens + skeleton_family + delimiter_integrity + boolean_signal
PG_BOOL_R088_C09,PG_BOOL_R088,Y4,uuid_predicate,9,equals_true_wrapper,6,=|DISTINCT|FROM|IS|NOT|TRUE,((UUID IS NOT DISTINCT FROM UUID) = TRUE),8caa05d998f207a8f34824fc,required_tokens + skeleton_family + delimiter_integrity + boolean_signal
PG_BOOL_R088_C10,PG_BOOL_R088,Y4,uuid_predicate,10,coalesce_false_wrapper,6,COALESCE|DISTINCT|FALSE|FROM|IS|NOT,"COALESCE((UUID IS NOT DISTINCT FROM UUID), FALSE)",22a17405d97e637fa7bca676,required_tokens + skeleton_family + delimiter_integrity + boolean_signal
PG_BOOL_R089_C01,PG_BOOL_R089,Y4,uuid_predicate,1,base_predicate,6,LIKE,UUID LIKE STR,2a46269b94bb7f20aeccc462,required_tokens + skeleton_family + delimiter_integrity + boolean_signal
PG_BOOL_R089_C02,PG_BOOL_R089,Y4,uuid_predicate,2,parenthesized_predicate,6,LIKE,(UUID LIKE STR),2514d2accba55f27e8569d8d,required_tokens + skeleton_family + delimiter_integrity + boolean_signal
PG_BOOL_R089_C03,PG_BOOL_R089,Y4,uuid_predicate,3,negated_inverse_predicate,6,LIKE|NOT,NOT (UUID LIKE STR),d6f6ec1b35899a9584947e32,required_tokens + skeleton_family + delimiter_integrity + boolean_signal
PG_BOOL_R089_C04,PG_BOOL_R089,Y4,uuid_predicate,4,is_true_wrapper,6,IS|LIKE|TRUE,(UUID LIKE STR) IS TRUE,ed24060de37a5f951149ebf8,required_tokens + skeleton_family + delimiter_integrity + boolean_signal
PG_BOOL_R089_C05,PG_BOOL_R089,Y4,uuid_predicate,5,is_not_false_wrapper,6,FALSE|IS|LIKE|NOT,(UUID LIKE STR) IS NOT FALSE,fe9b7737ff37d92e876c72e5,required_tokens + skeleton_family + delimiter_integrity + boolean_signal
PG_BOOL_R089_C06,PG_BOOL_R089,Y4,uuid_predicate,6,case_boolean_wrapper,6,CASE|ELSE|END|FALSE|LIKE|THEN|TRUE|WHEN,CASE WHEN (UUID LIKE STR) THEN TRUE ELSE FALSE END,6f39d254a6b9f68e5e1a78c9,required_tokens + skeleton_family + delimiter_integrity + boolean_signal
PG_BOOL_R089_C07,PG_BOOL_R089,Y4,uuid_predicate,7,and_true_guard,6,=|AND|LIKE,(UUID LIKE STR) AND (INT = INT),fa6cbc2bf694f2f6f9da0496,required_tokens + skeleton_family + delimiter_integrity + boolean_signal
PG_BOOL_R089_C08,PG_BOOL_R089,Y4,uuid_predicate,8,or_false_guard,6,<|<>|>|LIKE|OR,(UUID LIKE STR) OR (INT <> INT),316926d622c45c645e4e3155,required_tokens + skeleton_family + delimiter_integrity + boolean_signal
PG_BOOL_R089_C09,PG_BOOL_R089,Y4,uuid_predicate,9,equals_true_wrapper,6,=|LIKE|TRUE,((UUID LIKE STR) = TRUE),b499956c0e9f48699c6cbfdc,required_tokens + skeleton_family + delimiter_integrity + boolean_signal
PG_BOOL_R089_C10,PG_BOOL_R089,Y4,uuid_predicate,10,coalesce_false_wrapper,6,COALESCE|FALSE|LIKE,"COALESCE((UUID LIKE STR), FALSE)",f4e038fdb1d9bfd64f1eb586,required_tokens + skeleton_family + delimiter_integrity + boolean_signal
PG_BOOL_R090_C01,PG_BOOL_R090,Y4,uuid_predicate,1,base_predicate,6,=,LENGTH(UUID) = INT,71982cde9b1a80ea6f16c0cd,required_tokens + skeleton_family + delimiter_integrity + boolean_signal
PG_BOOL_R090_C02,PG_BOOL_R090,Y4,uuid_predicate,2,parenthesized_predicate,6,=,(LENGTH(UUID) = INT),4f70bb3c70e3538592c1bb19,required_tokens + skeleton_family + delimiter_integrity + boolean_signal
PG_BOOL_R090_C03,PG_BOOL_R090,Y4,uuid_predicate,3,negated_inverse_predicate,6,=|NOT,NOT (LENGTH(UUID) = INT),bb6d9a32494995e437c6861b,required_tokens + skeleton_family + delimiter_integrity + boolean_signal
PG_BOOL_R090_C04,PG_BOOL_R090,Y4,uuid_predicate,4,is_true_wrapper,6,=|IS|TRUE,(LENGTH(UUID) = INT) IS TRUE,ab606f5253bf3d29f99cf76f,required_tokens + skeleton_family + delimiter_integrity + boolean_signal
PG_BOOL_R090_C05,PG_BOOL_R090,Y4,uuid_predicate,5,is_not_false_wrapper,6,=|FALSE|IS|NOT,(LENGTH(UUID) = INT) IS NOT FALSE,8d12c04f74bdc8fc88778e08,required_tokens + skeleton_family + delimiter_integrity + boolean_signal
PG_BOOL_R090_C06,PG_BOOL_R090,Y4,uuid_predicate,6,case_boolean_wrapper,6,=|CASE|ELSE|END|FALSE|THEN|TRUE|WHEN,CASE WHEN (LENGTH(UUID) = INT) THEN TRUE ELSE FALSE END,2e1eeef10ffd549c5d63429d,required_tokens + skeleton_family + delimiter_integrity + boolean_signal
PG_BOOL_R090_C07,PG_BOOL_R090,Y4,uuid_predicate,7,and_true_guard,6,=|AND,(LENGTH(UUID) = INT) AND (INT = INT),00ae61b73cfd83af27479177,required_tokens + skeleton_family + delimiter_integrity + boolean_signal
PG_BOOL_R090_C08,PG_BOOL_R090,Y4,uuid_predicate,8,or_false_guard,6,<|<>|=|>|OR,(LENGTH(UUID) = INT) OR (INT <> INT),f0651e6cce232a50fc98ed7e,required_tokens + skeleton_family + delimiter_integrity + boolean_signal
PG_BOOL_R090_C09,PG_BOOL_R090,Y4,uuid_predicate,9,equals_true_wrapper,6,=|TRUE,((LENGTH(UUID) = INT) = TRUE),fbfcea953380c8e829bf51bf,required_tokens + skeleton_family + delimiter_integrity + boolean_signal
PG_BOOL_R090_C10,PG_BOOL_R090,Y4,uuid_predicate,10,coalesce_false_wrapper,6,=|COALESCE|FALSE,"COALESCE((LENGTH(UUID) = INT), FALSE)",c17bee6218b187b09e646e2b,required_tokens + skeleton_family + delimiter_integrity + boolean_signal
PG_BOOL_R091_C01,PG_BOOL_R091,Y4,full_text_predicate,1,base_predicate,6,@@,"TO_TSVECTOR(STR, STR) @@ PLAINTO_TSQUERY(STR, STR)",39109f7a3ecec79d1eedf61c,required_tokens + skeleton_family + delimiter_integrity + boolean_signal
PG_BOOL_R091_C02,PG_BOOL_R091,Y4,full_text_predicate,2,parenthesized_predicate,6,@@,"(TO_TSVECTOR(STR, STR) @@ PLAINTO_TSQUERY(STR, STR))",975d0d911f57d02cad87e875,required_tokens + skeleton_family + delimiter_integrity + boolean_signal
PG_BOOL_R091_C03,PG_BOOL_R091,Y4,full_text_predicate,3,negated_inverse_predicate,6,@@|NOT,"NOT (TO_TSVECTOR(STR, STR) @@ PLAINTO_TSQUERY(STR, STR))",edfb656ec4d4a9a0b1432123,required_tokens + skeleton_family + delimiter_integrity + boolean_signal
PG_BOOL_R091_C04,PG_BOOL_R091,Y4,full_text_predicate,4,is_true_wrapper,6,@@|IS|TRUE,"(TO_TSVECTOR(STR, STR) @@ PLAINTO_TSQUERY(STR, STR)) IS TRUE",355e2e7ab35b448708d17fe1,required_tokens + skeleton_family + delimiter_integrity + boolean_signal
PG_BOOL_R091_C05,PG_BOOL_R091,Y4,full_text_predicate,5,is_not_false_wrapper,6,@@|FALSE|IS|NOT,"(TO_TSVECTOR(STR, STR) @@ PLAINTO_TSQUERY(STR, STR)) IS NOT FALSE",76fba435cf1803f879a97e96,required_tokens + skeleton_family + delimiter_integrity + boolean_signal
PG_BOOL_R091_C06,PG_BOOL_R091,Y4,full_text_predicate,6,case_boolean_wrapper,6,@@|CASE|ELSE|END|FALSE|THEN|TRUE|WHEN,"CASE WHEN (TO_TSVECTOR(STR, STR) @@ PLAINTO_TSQUERY(STR, STR)) THEN TRUE ELSE FALSE END",839a9b910bb542a3cee3651a,required_tokens + skeleton_family + delimiter_integrity + boolean_signal
PG_BOOL_R091_C07,PG_BOOL_R091,Y4,full_text_predicate,7,and_true_guard,6,=|@@|AND,"(TO_TSVECTOR(STR, STR) @@ PLAINTO_TSQUERY(STR, STR)) AND (INT = INT)",1e6b4578cecc6ce6a3c8ba59,required_tokens + skeleton_family + delimiter_integrity + boolean_signal
PG_BOOL_R091_C08,PG_BOOL_R091,Y4,full_text_predicate,8,or_false_guard,6,<|<>|>|@@|OR,"(TO_TSVECTOR(STR, STR) @@ PLAINTO_TSQUERY(STR, STR)) OR (INT <> INT)",599f6eb4d27cee03e3f4dc3b,required_tokens + skeleton_family + delimiter_integrity + boolean_signal
PG_BOOL_R091_C09,PG_BOOL_R091,Y4,full_text_predicate,9,equals_true_wrapper,6,=|@@|TRUE,"((TO_TSVECTOR(STR, STR) @@ PLAINTO_TSQUERY(STR, STR)) = TRUE)",48d3f821b4a8fb64f2ed9b67,required_tokens + skeleton_family + delimiter_integrity + boolean_signal
PG_BOOL_R091_C10,PG_BOOL_R091,Y4,full_text_predicate,10,coalesce_false_wrapper,6,@@|COALESCE|FALSE,"COALESCE((TO_TSVECTOR(STR, STR) @@ PLAINTO_TSQUERY(STR, STR)), FALSE)",a6246714f8197cfaf13ed013,required_tokens + skeleton_family + delimiter_integrity + boolean_signal
PG_BOOL_R092_C01,PG_BOOL_R092,Y4,full_text_predicate,1,base_predicate,6,@@,"TO_TSVECTOR(STR, STR) @@ TO_TSQUERY(STR, STR)",eb134cae41a913b2bcdb8b09,required_tokens + skeleton_family + delimiter_integrity + boolean_signal
PG_BOOL_R092_C02,PG_BOOL_R092,Y4,full_text_predicate,2,parenthesized_predicate,6,@@,"(TO_TSVECTOR(STR, STR) @@ TO_TSQUERY(STR, STR))",df5f640ebe40c6b805dc19b6,required_tokens + skeleton_family + delimiter_integrity + boolean_signal
PG_BOOL_R092_C03,PG_BOOL_R092,Y4,full_text_predicate,3,negated_inverse_predicate,6,@@|NOT,"NOT (TO_TSVECTOR(STR, STR) @@ TO_TSQUERY(STR, STR))",e704b70300a42c3ab12ce96c,required_tokens + skeleton_family + delimiter_integrity + boolean_signal
PG_BOOL_R092_C04,PG_BOOL_R092,Y4,full_text_predicate,4,is_true_wrapper,6,@@|IS|TRUE,"(TO_TSVECTOR(STR, STR) @@ TO_TSQUERY(STR, STR)) IS TRUE",2e0ff430756467a6363f99ba,required_tokens + skeleton_family + delimiter_integrity + boolean_signal
PG_BOOL_R092_C05,PG_BOOL_R092,Y4,full_text_predicate,5,is_not_false_wrapper,6,@@|FALSE|IS|NOT,"(TO_TSVECTOR(STR, STR) @@ TO_TSQUERY(STR, STR)) IS NOT FALSE",281f3c0cb71a8837d90d1f42,required_tokens + skeleton_family + delimiter_integrity + boolean_signal
PG_BOOL_R092_C06,PG_BOOL_R092,Y4,full_text_predicate,6,case_boolean_wrapper,6,@@|CASE|ELSE|END|FALSE|THEN|TRUE|WHEN,"CASE WHEN (TO_TSVECTOR(STR, STR) @@ TO_TSQUERY(STR, STR)) THEN TRUE ELSE FALSE END",053b04b949037e1892015ef5,required_tokens + skeleton_family + delimiter_integrity + boolean_signal
PG_BOOL_R092_C07,PG_BOOL_R092,Y4,full_text_predicate,7,and_true_guard,6,=|@@|AND,"(TO_TSVECTOR(STR, STR) @@ TO_TSQUERY(STR, STR)) AND (INT = INT)",e2b1c5779fcbd726c8a35f36,required_tokens + skeleton_family + delimiter_integrity + boolean_signal
PG_BOOL_R092_C08,PG_BOOL_R092,Y4,full_text_predicate,8,or_false_guard,6,<|<>|>|@@|OR,"(TO_TSVECTOR(STR, STR) @@ TO_TSQUERY(STR, STR)) OR (INT <> INT)",6762be5ee96b276ab37f72a9,required_tokens + skeleton_family + delimiter_integrity + boolean_signal
PG_BOOL_R092_C09,PG_BOOL_R092,Y4,full_text_predicate,9,equals_true_wrapper,6,=|@@|TRUE,"((TO_TSVECTOR(STR, STR) @@ TO_TSQUERY(STR, STR)) = TRUE)",aaa18d3a60d4b81212d06630,required_tokens + skeleton_family + delimiter_integrity + boolean_signal
PG_BOOL_R092_C10,PG_BOOL_R092,Y4,full_text_predicate,10,coalesce_false_wrapper,6,@@|COALESCE|FALSE,"COALESCE((TO_TSVECTOR(STR, STR) @@ TO_TSQUERY(STR, STR)), FALSE)",116620c10a5428c12fcfe754,required_tokens + skeleton_family + delimiter_integrity + boolean_signal
PG_BOOL_R093_C01,PG_BOOL_R093,Y4,full_text_predicate,1,base_predicate,6,=,"NUMNODE(PLAINTO_TSQUERY(STR, STR)) = INT",6f5449a212db8a726dba916f,required_tokens + skeleton_family + delimiter_integrity + boolean_signal
PG_BOOL_R093_C02,PG_BOOL_R093,Y4,full_text_predicate,2,parenthesized_predicate,6,=,"(NUMNODE(PLAINTO_TSQUERY(STR, STR)) = INT)",1cfd33d1eb90f2a9d0efce0e,required_tokens + skeleton_family + delimiter_integrity + boolean_signal
PG_BOOL_R093_C03,PG_BOOL_R093,Y4,full_text_predicate,3,negated_inverse_predicate,6,=|NOT,"NOT (NUMNODE(PLAINTO_TSQUERY(STR, STR)) = INT)",9c0fd4e92174530e630e93c3,required_tokens + skeleton_family + delimiter_integrity + boolean_signal
PG_BOOL_R093_C04,PG_BOOL_R093,Y4,full_text_predicate,4,is_true_wrapper,6,=|IS|TRUE,"(NUMNODE(PLAINTO_TSQUERY(STR, STR)) = INT) IS TRUE",04d86cb07d87d985f213da8e,required_tokens + skeleton_family + delimiter_integrity + boolean_signal
PG_BOOL_R093_C05,PG_BOOL_R093,Y4,full_text_predicate,5,is_not_false_wrapper,6,=|FALSE|IS|NOT,"(NUMNODE(PLAINTO_TSQUERY(STR, STR)) = INT) IS NOT FALSE",cc2794128d9fcc1b53fe785d,required_tokens + skeleton_family + delimiter_integrity + boolean_signal
PG_BOOL_R093_C06,PG_BOOL_R093,Y4,full_text_predicate,6,case_boolean_wrapper,6,=|CASE|ELSE|END|FALSE|THEN|TRUE|WHEN,"CASE WHEN (NUMNODE(PLAINTO_TSQUERY(STR, STR)) = INT) THEN TRUE ELSE FALSE END",9050d1f9d37d81ac0b41b085,required_tokens + skeleton_family + delimiter_integrity + boolean_signal
PG_BOOL_R093_C07,PG_BOOL_R093,Y4,full_text_predicate,7,and_true_guard,6,=|AND,"(NUMNODE(PLAINTO_TSQUERY(STR, STR)) = INT) AND (INT = INT)",1e13a44dfae941a8b5f0be30,required_tokens + skeleton_family + delimiter_integrity + boolean_signal
PG_BOOL_R093_C08,PG_BOOL_R093,Y4,full_text_predicate,8,or_false_guard,6,<|<>|=|>|OR,"(NUMNODE(PLAINTO_TSQUERY(STR, STR)) = INT) OR (INT <> INT)",79d7d5678158634740b27557,required_tokens + skeleton_family + delimiter_integrity + boolean_signal
PG_BOOL_R093_C09,PG_BOOL_R093,Y4,full_text_predicate,9,equals_true_wrapper,6,=|TRUE,"((NUMNODE(PLAINTO_TSQUERY(STR, STR)) = INT) = TRUE)",bade351afc0cd51fa97b26b1,required_tokens + skeleton_family + delimiter_integrity + boolean_signal
PG_BOOL_R093_C10,PG_BOOL_R093,Y4,full_text_predicate,10,coalesce_false_wrapper,6,=|COALESCE|FALSE,"COALESCE((NUMNODE(PLAINTO_TSQUERY(STR, STR)) = INT), FALSE)",ac0f4a780e4cbaf0e01c789b,required_tokens + skeleton_family + delimiter_integrity + boolean_signal
PG_BOOL_R094_C01,PG_BOOL_R094,Y4,full_text_predicate,1,base_predicate,6,<|<>|>,"QUERYTREE(PLAINTO_TSQUERY(STR, STR)) <> STR",0c06faca5659eab2c08c82ba,required_tokens + skeleton_family + delimiter_integrity + boolean_signal
PG_BOOL_R094_C02,PG_BOOL_R094,Y4,full_text_predicate,2,parenthesized_predicate,6,<|<>|>,"(QUERYTREE(PLAINTO_TSQUERY(STR, STR)) <> STR)",fb3b1c9df28d2fc8e5734868,required_tokens + skeleton_family + delimiter_integrity + boolean_signal
PG_BOOL_R094_C03,PG_BOOL_R094,Y4,full_text_predicate,3,negated_inverse_predicate,6,<|<>|>|NOT,"NOT (QUERYTREE(PLAINTO_TSQUERY(STR, STR)) <> STR)",fbff92188956c6d3fc754371,required_tokens + skeleton_family + delimiter_integrity + boolean_signal
PG_BOOL_R094_C04,PG_BOOL_R094,Y4,full_text_predicate,4,is_true_wrapper,6,<|<>|>|IS|TRUE,"(QUERYTREE(PLAINTO_TSQUERY(STR, STR)) <> STR) IS TRUE",d416c4d156c00e3cc45f7893,required_tokens + skeleton_family + delimiter_integrity + boolean_signal
PG_BOOL_R094_C05,PG_BOOL_R094,Y4,full_text_predicate,5,is_not_false_wrapper,6,<|<>|>|FALSE|IS|NOT,"(QUERYTREE(PLAINTO_TSQUERY(STR, STR)) <> STR) IS NOT FALSE",633c1a8fd32cc07c4289bd2b,required_tokens + skeleton_family + delimiter_integrity + boolean_signal
PG_BOOL_R094_C06,PG_BOOL_R094,Y4,full_text_predicate,6,case_boolean_wrapper,6,<|<>|>|CASE|ELSE|END|FALSE|THEN|TRUE|WHEN,"CASE WHEN (QUERYTREE(PLAINTO_TSQUERY(STR, STR)) <> STR) THEN TRUE ELSE FALSE END",891c88a04dedb12a06c6da72,required_tokens + skeleton_family + delimiter_integrity + boolean_signal
PG_BOOL_R094_C07,PG_BOOL_R094,Y4,full_text_predicate,7,and_true_guard,6,<|<>|=|>|AND,"(QUERYTREE(PLAINTO_TSQUERY(STR, STR)) <> STR) AND (INT = INT)",97a3474359c515e0d6e7c05c,required_tokens + skeleton_family + delimiter_integrity + boolean_signal
PG_BOOL_R094_C08,PG_BOOL_R094,Y4,full_text_predicate,8,or_false_guard,6,<|<>|>|OR,"(QUERYTREE(PLAINTO_TSQUERY(STR, STR)) <> STR) OR (INT <> INT)",b5d7937daac1059f0bbf49d4,required_tokens + skeleton_family + delimiter_integrity + boolean_signal
PG_BOOL_R094_C09,PG_BOOL_R094,Y4,full_text_predicate,9,equals_true_wrapper,6,<|<>|=|>|TRUE,"((QUERYTREE(PLAINTO_TSQUERY(STR, STR)) <> STR) = TRUE)",bd03dd90f7d6a319bbf5fe17,required_tokens + skeleton_family + delimiter_integrity + boolean_signal
PG_BOOL_R094_C10,PG_BOOL_R094,Y4,full_text_predicate,10,coalesce_false_wrapper,6,<|<>|>|COALESCE|FALSE,"COALESCE((QUERYTREE(PLAINTO_TSQUERY(STR, STR)) <> STR), FALSE)",f3d10bd9dba3f5c02935ed03,required_tokens + skeleton_family + delimiter_integrity + boolean_signal
PG_BOOL_R095_C01,PG_BOOL_R095,Y4,full_text_predicate,1,base_predicate,6,@@,TO_TSVECTOR(STR) @@ WEBSEARCH_TO_TSQUERY(STR),a63324bfed68fead0c9f271a,required_tokens + skeleton_family + delimiter_integrity + boolean_signal
PG_BOOL_R095_C02,PG_BOOL_R095,Y4,full_text_predicate,2,parenthesized_predicate,6,@@,(TO_TSVECTOR(STR) @@ WEBSEARCH_TO_TSQUERY(STR)),c969dbead3e08e846dd206db,required_tokens + skeleton_family + delimiter_integrity + boolean_signal
PG_BOOL_R095_C03,PG_BOOL_R095,Y4,full_text_predicate,3,negated_inverse_predicate,6,@@|NOT,NOT (TO_TSVECTOR(STR) @@ WEBSEARCH_TO_TSQUERY(STR)),305089aa18d2499ed876bf36,required_tokens + skeleton_family + delimiter_integrity + boolean_signal
PG_BOOL_R095_C04,PG_BOOL_R095,Y4,full_text_predicate,4,is_true_wrapper,6,@@|IS|TRUE,(TO_TSVECTOR(STR) @@ WEBSEARCH_TO_TSQUERY(STR)) IS TRUE,2d02a40858c4d65b0702ebad,required_tokens + skeleton_family + delimiter_integrity + boolean_signal
PG_BOOL_R095_C05,PG_BOOL_R095,Y4,full_text_predicate,5,is_not_false_wrapper,6,@@|FALSE|IS|NOT,(TO_TSVECTOR(STR) @@ WEBSEARCH_TO_TSQUERY(STR)) IS NOT FALSE,b221f2b1493c8cc641df62a6,required_tokens + skeleton_family + delimiter_integrity + boolean_signal
PG_BOOL_R095_C06,PG_BOOL_R095,Y4,full_text_predicate,6,case_boolean_wrapper,6,@@|CASE|ELSE|END|FALSE|THEN|TRUE|WHEN,CASE WHEN (TO_TSVECTOR(STR) @@ WEBSEARCH_TO_TSQUERY(STR)) THEN TRUE ELSE FALSE END,3421e8dc1a3278bacfabe380,required_tokens + skeleton_family + delimiter_integrity + boolean_signal
PG_BOOL_R095_C07,PG_BOOL_R095,Y4,full_text_predicate,7,and_true_guard,6,=|@@|AND,(TO_TSVECTOR(STR) @@ WEBSEARCH_TO_TSQUERY(STR)) AND (INT = INT),32021db55ba1dd60f0b171ac,required_tokens + skeleton_family + delimiter_integrity + boolean_signal
PG_BOOL_R095_C08,PG_BOOL_R095,Y4,full_text_predicate,8,or_false_guard,6,<|<>|>|@@|OR,(TO_TSVECTOR(STR) @@ WEBSEARCH_TO_TSQUERY(STR)) OR (INT <> INT),632910d2922481e535b9011d,required_tokens + skeleton_family + delimiter_integrity + boolean_signal
PG_BOOL_R095_C09,PG_BOOL_R095,Y4,full_text_predicate,9,equals_true_wrapper,6,=|@@|TRUE,((TO_TSVECTOR(STR) @@ WEBSEARCH_TO_TSQUERY(STR)) = TRUE),63dae7205f19bafef3e494e7,required_tokens + skeleton_family + delimiter_integrity + boolean_signal
PG_BOOL_R095_C10,PG_BOOL_R095,Y4,full_text_predicate,10,coalesce_false_wrapper,6,@@|COALESCE|FALSE,"COALESCE((TO_TSVECTOR(STR) @@ WEBSEARCH_TO_TSQUERY(STR)), FALSE)",080f990baaf2cda4263db197,required_tokens + skeleton_family + delimiter_integrity + boolean_signal
PG_BOOL_R096_C01,PG_BOOL_R096,Y4,logical_composition,1,base_predicate,6,=|AND,(INT = INT) AND (INT = INT),f70115f4f38e2a61b23c7aff,required_tokens + skeleton_family + delimiter_integrity + boolean_signal
PG_BOOL_R096_C02,PG_BOOL_R096,Y4,logical_composition,2,parenthesized_predicate,6,=|AND,((INT = INT) AND (INT = INT)),652312a82f5b68f4c7d208e9,required_tokens + skeleton_family + delimiter_integrity + boolean_signal
PG_BOOL_R096_C03,PG_BOOL_R096,Y4,logical_composition,3,negated_inverse_predicate,6,=|AND|NOT,NOT ((INT = INT) AND (INT = INT)),64787b049b923a87e1566b62,required_tokens + skeleton_family + delimiter_integrity + boolean_signal
PG_BOOL_R096_C04,PG_BOOL_R096,Y4,logical_composition,4,is_true_wrapper,6,=|AND|IS|TRUE,((INT = INT) AND (INT = INT)) IS TRUE,6e71ba068c3daceb47d32ce1,required_tokens + skeleton_family + delimiter_integrity + boolean_signal
PG_BOOL_R096_C05,PG_BOOL_R096,Y4,logical_composition,5,is_not_false_wrapper,6,=|AND|FALSE|IS|NOT,((INT = INT) AND (INT = INT)) IS NOT FALSE,b1469e6f45199a353628d005,required_tokens + skeleton_family + delimiter_integrity + boolean_signal
PG_BOOL_R096_C06,PG_BOOL_R096,Y4,logical_composition,6,case_boolean_wrapper,6,=|AND|CASE|ELSE|END|FALSE|THEN|TRUE|WHEN,CASE WHEN ((INT = INT) AND (INT = INT)) THEN TRUE ELSE FALSE END,ec8e7ff5dfa8f32b96d7c010,required_tokens + skeleton_family + delimiter_integrity + boolean_signal
PG_BOOL_R096_C07,PG_BOOL_R096,Y4,logical_composition,7,and_true_guard,6,=|AND,((INT = INT) AND (INT = INT)) AND (INT = INT),06705553bd54349bf2c9f45b,required_tokens + skeleton_family + delimiter_integrity + boolean_signal
PG_BOOL_R096_C08,PG_BOOL_R096,Y4,logical_composition,8,or_false_guard,6,<|<>|=|>|AND|OR,((INT = INT) AND (INT = INT)) OR (INT <> INT),98dc56e0ece08ed8f8e9e3fd,required_tokens + skeleton_family + delimiter_integrity + boolean_signal
PG_BOOL_R096_C09,PG_BOOL_R096,Y4,logical_composition,9,equals_true_wrapper,6,=|AND|TRUE,(((INT = INT) AND (INT = INT)) = TRUE),7bf6fb46ae8893988f1f55f2,required_tokens + skeleton_family + delimiter_integrity + boolean_signal
PG_BOOL_R096_C10,PG_BOOL_R096,Y4,logical_composition,10,coalesce_false_wrapper,6,=|AND|COALESCE|FALSE,"COALESCE(((INT = INT) AND (INT = INT)), FALSE)",20e0bce7bdd59d58f1538b24,required_tokens + skeleton_family + delimiter_integrity + boolean_signal
PG_BOOL_R097_C01,PG_BOOL_R097,Y4,logical_composition,1,base_predicate,6,=|OR,(INT = INT) OR (INT = INT),ee02d8fecf3527df8dca44b0,required_tokens + skeleton_family + delimiter_integrity + boolean_signal
PG_BOOL_R097_C02,PG_BOOL_R097,Y4,logical_composition,2,parenthesized_predicate,6,=|OR,((INT = INT) OR (INT = INT)),fb2edc0f088d1998abe61393,required_tokens + skeleton_family + delimiter_integrity + boolean_signal
PG_BOOL_R097_C03,PG_BOOL_R097,Y4,logical_composition,3,negated_inverse_predicate,6,=|NOT|OR,NOT ((INT = INT) OR (INT = INT)),4bb5c0601e1634924dcc6531,required_tokens + skeleton_family + delimiter_integrity + boolean_signal
PG_BOOL_R097_C04,PG_BOOL_R097,Y4,logical_composition,4,is_true_wrapper,6,=|IS|OR|TRUE,((INT = INT) OR (INT = INT)) IS TRUE,bf664829ab62d9c78f163bff,required_tokens + skeleton_family + delimiter_integrity + boolean_signal
PG_BOOL_R097_C05,PG_BOOL_R097,Y4,logical_composition,5,is_not_false_wrapper,6,=|FALSE|IS|NOT|OR,((INT = INT) OR (INT = INT)) IS NOT FALSE,201a38850bccfb34c34e7fff,required_tokens + skeleton_family + delimiter_integrity + boolean_signal
PG_BOOL_R097_C06,PG_BOOL_R097,Y4,logical_composition,6,case_boolean_wrapper,6,=|CASE|ELSE|END|FALSE|OR|THEN|TRUE|WHEN,CASE WHEN ((INT = INT) OR (INT = INT)) THEN TRUE ELSE FALSE END,0be448bda88c21eedbb58d18,required_tokens + skeleton_family + delimiter_integrity + boolean_signal
PG_BOOL_R097_C07,PG_BOOL_R097,Y4,logical_composition,7,and_true_guard,6,=|AND|OR,((INT = INT) OR (INT = INT)) AND (INT = INT),dae7d9d36a26bcaca34f7511,required_tokens + skeleton_family + delimiter_integrity + boolean_signal
PG_BOOL_R097_C08,PG_BOOL_R097,Y4,logical_composition,8,or_false_guard,6,<|<>|=|>|OR,((INT = INT) OR (INT = INT)) OR (INT <> INT),cfe092ba2339694a4203ccd2,required_tokens + skeleton_family + delimiter_integrity + boolean_signal
PG_BOOL_R097_C09,PG_BOOL_R097,Y4,logical_composition,9,equals_true_wrapper,6,=|OR|TRUE,(((INT = INT) OR (INT = INT)) = TRUE),9810417ec2c0abf293f19733,required_tokens + skeleton_family + delimiter_integrity + boolean_signal
PG_BOOL_R097_C10,PG_BOOL_R097,Y4,logical_composition,10,coalesce_false_wrapper,6,=|COALESCE|FALSE|OR,"COALESCE(((INT = INT) OR (INT = INT)), FALSE)",0e2fdbaaf167e129818cd5db,required_tokens + skeleton_family + delimiter_integrity + boolean_signal
PG_BOOL_R098_C01,PG_BOOL_R098,Y4,logical_composition,1,base_predicate,6,=|NOT,NOT (INT = INT),e3dd5d6770625b580a0d5932,required_tokens + skeleton_family + delimiter_integrity + boolean_signal
PG_BOOL_R098_C02,PG_BOOL_R098,Y4,logical_composition,2,parenthesized_predicate,6,=|NOT,(NOT (INT = INT)),99ad8c5c6d1abfb9e9dd5ada,required_tokens + skeleton_family + delimiter_integrity + boolean_signal
PG_BOOL_R098_C03,PG_BOOL_R098,Y4,logical_composition,3,negated_inverse_predicate,6,=|NOT,NOT (NOT (INT = INT)),bfe5b0fdb925e1bdde3d91eb,required_tokens + skeleton_family + delimiter_integrity + boolean_signal
PG_BOOL_R098_C04,PG_BOOL_R098,Y4,logical_composition,4,is_true_wrapper,6,=|IS|NOT|TRUE,(NOT (INT = INT)) IS TRUE,3f9c06394892489da7600783,required_tokens + skeleton_family + delimiter_integrity + boolean_signal
PG_BOOL_R098_C05,PG_BOOL_R098,Y4,logical_composition,5,is_not_false_wrapper,6,=|FALSE|IS|NOT,(NOT (INT = INT)) IS NOT FALSE,f1e28e4476a4a39dc2ef2620,required_tokens + skeleton_family + delimiter_integrity + boolean_signal
PG_BOOL_R098_C06,PG_BOOL_R098,Y4,logical_composition,6,case_boolean_wrapper,6,=|CASE|ELSE|END|FALSE|NOT|THEN|TRUE|WHEN,CASE WHEN (NOT (INT = INT)) THEN TRUE ELSE FALSE END,65e767af40d75d23d63fc865,required_tokens + skeleton_family + delimiter_integrity + boolean_signal
PG_BOOL_R098_C07,PG_BOOL_R098,Y4,logical_composition,7,and_true_guard,6,=|AND|NOT,(NOT (INT = INT)) AND (INT = INT),45435a8e5c3c100059917eb8,required_tokens + skeleton_family + delimiter_integrity + boolean_signal
PG_BOOL_R098_C08,PG_BOOL_R098,Y4,logical_composition,8,or_false_guard,6,<|<>|=|>|NOT|OR,(NOT (INT = INT)) OR (INT <> INT),908e5e129f933dbc85b88437,required_tokens + skeleton_family + delimiter_integrity + boolean_signal
PG_BOOL_R098_C09,PG_BOOL_R098,Y4,logical_composition,9,equals_true_wrapper,6,=|NOT|TRUE,((NOT (INT = INT)) = TRUE),17c7538a2e2d058996b63dea,required_tokens + skeleton_family + delimiter_integrity + boolean_signal
PG_BOOL_R098_C10,PG_BOOL_R098,Y4,logical_composition,10,coalesce_false_wrapper,6,=|COALESCE|FALSE|NOT,"COALESCE((NOT (INT = INT)), FALSE)",e7092c43b3c3f2e03d83c0c2,required_tokens + skeleton_family + delimiter_integrity + boolean_signal
PG_BOOL_R099_C01,PG_BOOL_R099,Y4,logical_composition,1,base_predicate,6,=|AND|IS|TRUE,((INT = INT) AND (INT = INT)) IS TRUE,746db57381351e2a9d5fda5c,required_tokens + skeleton_family + delimiter_integrity + boolean_signal
PG_BOOL_R099_C02,PG_BOOL_R099,Y4,logical_composition,2,parenthesized_predicate,6,=|AND|IS|TRUE,(((INT = INT) AND (INT = INT)) IS TRUE),33df3e7bccf1409c725b591b,required_tokens + skeleton_family + delimiter_integrity + boolean_signal
PG_BOOL_R099_C03,PG_BOOL_R099,Y4,logical_composition,3,negated_inverse_predicate,6,=|AND|FALSE|IS|NOT,NOT (((INT = INT) AND (INT = INT)) IS FALSE),9bb618d8b58ca69a58f5be14,required_tokens + skeleton_family + delimiter_integrity + boolean_signal
PG_BOOL_R099_C04,PG_BOOL_R099,Y4,logical_composition,4,is_true_wrapper,6,=|AND|IS|TRUE,(((INT = INT) AND (INT = INT)) IS TRUE) IS TRUE,7bb419d67e768b20821d7fe0,required_tokens + skeleton_family + delimiter_integrity + boolean_signal
PG_BOOL_R099_C05,PG_BOOL_R099,Y4,logical_composition,5,is_not_false_wrapper,6,=|AND|FALSE|IS|NOT|TRUE,(((INT = INT) AND (INT = INT)) IS TRUE) IS NOT FALSE,24e164f63f3c73dd67575726,required_tokens + skeleton_family + delimiter_integrity + boolean_signal
PG_BOOL_R099_C06,PG_BOOL_R099,Y4,logical_composition,6,case_boolean_wrapper,6,=|AND|CASE|ELSE|END|FALSE|IS|THEN|TRUE|WHEN,CASE WHEN (((INT = INT) AND (INT = INT)) IS TRUE) THEN TRUE ELSE FALSE END,b638fc2b5075a9c2b7715b93,required_tokens + skeleton_family + delimiter_integrity + boolean_signal
PG_BOOL_R099_C07,PG_BOOL_R099,Y4,logical_composition,7,and_true_guard,6,=|AND|IS|TRUE,(((INT = INT) AND (INT = INT)) IS TRUE) AND (INT = INT),db0c2db0b5f606a203c82352,required_tokens + skeleton_family + delimiter_integrity + boolean_signal
PG_BOOL_R099_C08,PG_BOOL_R099,Y4,logical_composition,8,or_false_guard,6,<|<>|=|>|AND|IS|OR|TRUE,(((INT = INT) AND (INT = INT)) IS TRUE) OR (INT <> INT),a9486cf8895b1cce0ceb1469,required_tokens + skeleton_family + delimiter_integrity + boolean_signal
PG_BOOL_R099_C09,PG_BOOL_R099,Y4,logical_composition,9,equals_true_wrapper,6,=|AND|IS|TRUE,((((INT = INT) AND (INT = INT)) IS TRUE) = TRUE),3bb1e61e729d9e48a6db7010,required_tokens + skeleton_family + delimiter_integrity + boolean_signal
PG_BOOL_R099_C10,PG_BOOL_R099,Y4,logical_composition,10,coalesce_false_wrapper,6,=|AND|COALESCE|FALSE|IS|TRUE,"COALESCE((((INT = INT) AND (INT = INT)) IS TRUE), FALSE)",07a63fe45e72e06dfc6fa208,required_tokens + skeleton_family + delimiter_integrity + boolean_signal
PG_BOOL_R100_C01,PG_BOOL_R100,Y4,logical_composition,1,base_predicate,6,=|AND|OR,((INT = INT) OR (INT = INT)) AND (INT = INT),4f4820161e107dd3001133f7,required_tokens + skeleton_family + delimiter_integrity + boolean_signal
PG_BOOL_R100_C02,PG_BOOL_R100,Y4,logical_composition,2,parenthesized_predicate,6,=|AND|OR,(((INT = INT) OR (INT = INT)) AND (INT = INT)),f5510d1a7bd3b9afb64fbdaa,required_tokens + skeleton_family + delimiter_integrity + boolean_signal
PG_BOOL_R100_C03,PG_BOOL_R100,Y4,logical_composition,3,negated_inverse_predicate,6,=|AND|NOT|OR,NOT (((INT = INT) OR (INT = INT)) AND (INT = INT)),35e804c38b8b900608ed6c8b,required_tokens + skeleton_family + delimiter_integrity + boolean_signal
PG_BOOL_R100_C04,PG_BOOL_R100,Y4,logical_composition,4,is_true_wrapper,6,=|AND|IS|OR|TRUE,(((INT = INT) OR (INT = INT)) AND (INT = INT)) IS TRUE,79fe28a54a0eda33459bd4bd,required_tokens + skeleton_family + delimiter_integrity + boolean_signal
PG_BOOL_R100_C05,PG_BOOL_R100,Y4,logical_composition,5,is_not_false_wrapper,6,=|AND|FALSE|IS|NOT|OR,(((INT = INT) OR (INT = INT)) AND (INT = INT)) IS NOT FALSE,a67608fcafdede4031ad4723,required_tokens + skeleton_family + delimiter_integrity + boolean_signal
PG_BOOL_R100_C06,PG_BOOL_R100,Y4,logical_composition,6,case_boolean_wrapper,6,=|AND|CASE|ELSE|END|FALSE|OR|THEN|TRUE|WHEN,CASE WHEN (((INT = INT) OR (INT = INT)) AND (INT = INT)) THEN TRUE ELSE FALSE END,c511bdfc26de4f99a5d04dcc,required_tokens + skeleton_family + delimiter_integrity + boolean_signal
PG_BOOL_R100_C07,PG_BOOL_R100,Y4,logical_composition,7,and_true_guard,6,=|AND|OR,(((INT = INT) OR (INT = INT)) AND (INT = INT)) AND (INT = INT),f32da5b18dbcdf162c4fb4c3,required_tokens + skeleton_family + delimiter_integrity + boolean_signal
PG_BOOL_R100_C08,PG_BOOL_R100,Y4,logical_composition,8,or_false_guard,6,<|<>|=|>|AND|OR,(((INT = INT) OR (INT = INT)) AND (INT = INT)) OR (INT <> INT),327b061a0f96120d4db2e894,required_tokens + skeleton_family + delimiter_integrity + boolean_signal
PG_BOOL_R100_C09,PG_BOOL_R100,Y4,logical_composition,9,equals_true_wrapper,6,=|AND|OR|TRUE,((((INT = INT) OR (INT = INT)) AND (INT = INT)) = TRUE),4a20e15c19aaa376acc9b1d7,required_tokens + skeleton_family + delimiter_integrity + boolean_signal
PG_BOOL_R100_C10,PG_BOOL_R100,Y4,logical_composition,10,coalesce_false_wrapper,6,=|AND|COALESCE|FALSE|OR,"COALESCE((((INT = INT) OR (INT = INT)) AND (INT = INT)), FALSE)",30bb5664094f54cec98848fc,required_tokens + skeleton_family + delimiter_integrity + boolean_signal
