run_id,cell_ruleset_id,root_id,structure_cell_id,module_id,semantic_family,target_quota,generated_count,unique_count,accepted_count,ruleset_match_rate,skeleton_match_rate,slot_match_rate,off_ruleset_rate,near_duplicate_rate,mean_reward_total,mean_nearest_train_similarity,failure_top1,failure_top2
BOOTSTRAP_V4_1_TO_V5_RULESET_CONDITIONED,RS_Y1_R001_C01,PG_BOOL_R001,PG_BOOL_R001_C01,Y1_basic_boolean,comparison_numeric,6,6,6,6,1.0,1.0,1.0,0.0,0.0,0.9350000000000002,0.0,none,not_computed
BOOTSTRAP_V4_1_TO_V5_RULESET_CONDITIONED,RS_Y1_R001_C02,PG_BOOL_R001,PG_BOOL_R001_C02,Y1_basic_boolean,comparison_numeric,6,6,6,6,1.0,1.0,1.0,0.0,0.0,0.9350000000000002,0.0,none,not_computed
BOOTSTRAP_V4_1_TO_V5_RULESET_CONDITIONED,RS_Y1_R001_C03,PG_BOOL_R001,PG_BOOL_R001_C03,Y1_basic_boolean,comparison_numeric,6,6,6,6,1.0,1.0,1.0,0.0,0.0,0.9350000000000002,0.0,none,not_computed
BOOTSTRAP_V4_1_TO_V5_RULESET_CONDITIONED,RS_Y1_R001_C04,PG_BOOL_R001,PG_BOOL_R001_C04,Y1_basic_boolean,comparison_numeric,6,6,6,6,1.0,1.0,1.0,0.0,0.0,0.9350000000000002,0.0,none,not_computed
BOOTSTRAP_V4_1_TO_V5_RULESET_CONDITIONED,RS_Y1_R001_C05,PG_BOOL_R001,PG_BOOL_R001_C05,Y1_basic_boolean,comparison_numeric,6,6,6,6,1.0,1.0,1.0,0.0,0.0,0.9350000000000002,0.0,none,not_computed
BOOTSTRAP_V4_1_TO_V5_RULESET_CONDITIONED,RS_Y1_R001_C06,PG_BOOL_R001,PG_BOOL_R001_C06,Y1_basic_boolean,comparison_numeric,6,6,6,6,1.0,1.0,1.0,0.0,0.0,0.9350000000000002,0.0,none,not_computed
BOOTSTRAP_V4_1_TO_V5_RULESET_CONDITIONED,RS_Y1_R001_C07,PG_BOOL_R001,PG_BOOL_R001_C07,Y1_basic_boolean,comparison_numeric,6,6,6,6,1.0,1.0,1.0,0.0,0.0,0.9350000000000002,0.0,none,not_computed
BOOTSTRAP_V4_1_TO_V5_RULESET_CONDITIONED,RS_Y1_R001_C08,PG_BOOL_R001,PG_BOOL_R001_C08,Y1_basic_boolean,comparison_numeric,6,6,6,6,1.0,1.0,1.0,0.0,0.0,0.9350000000000002,0.0,none,not_computed
BOOTSTRAP_V4_1_TO_V5_RULESET_CONDITIONED,RS_Y1_R001_C09,PG_BOOL_R001,PG_BOOL_R001_C09,Y1_basic_boolean,comparison_numeric,6,6,6,6,1.0,1.0,1.0,0.0,0.0,0.9350000000000002,0.0,none,not_computed
BOOTSTRAP_V4_1_TO_V5_RULESET_CONDITIONED,RS_Y1_R001_C10,PG_BOOL_R001,PG_BOOL_R001_C10,Y1_basic_boolean,comparison_numeric,6,6,6,6,1.0,1.0,1.0,0.0,0.0,0.9350000000000002,0.0,none,not_computed
BOOTSTRAP_V4_1_TO_V5_RULESET_CONDITIONED,RS_Y1_R002_C01,PG_BOOL_R002,PG_BOOL_R002_C01,Y1_basic_boolean,comparison_numeric,6,6,6,6,1.0,1.0,1.0,0.0,0.0,0.9350000000000002,0.0,none,not_computed
BOOTSTRAP_V4_1_TO_V5_RULESET_CONDITIONED,RS_Y1_R002_C02,PG_BOOL_R002,PG_BOOL_R002_C02,Y1_basic_boolean,comparison_numeric,6,6,6,6,1.0,1.0,1.0,0.0,0.0,0.9350000000000002,0.0,none,not_computed
BOOTSTRAP_V4_1_TO_V5_RULESET_CONDITIONED,RS_Y1_R002_C03,PG_BOOL_R002,PG_BOOL_R002_C03,Y1_basic_boolean,comparison_numeric,6,6,6,6,1.0,1.0,1.0,0.0,0.0,0.9350000000000002,0.0,none,not_computed
BOOTSTRAP_V4_1_TO_V5_RULESET_CONDITIONED,RS_Y1_R002_C04,PG_BOOL_R002,PG_BOOL_R002_C04,Y1_basic_boolean,comparison_numeric,6,6,6,6,1.0,1.0,1.0,0.0,0.0,0.9350000000000002,0.0,none,not_computed
BOOTSTRAP_V4_1_TO_V5_RULESET_CONDITIONED,RS_Y1_R002_C05,PG_BOOL_R002,PG_BOOL_R002_C05,Y1_basic_boolean,comparison_numeric,6,6,6,6,1.0,1.0,1.0,0.0,0.0,0.9350000000000002,0.0,none,not_computed
BOOTSTRAP_V4_1_TO_V5_RULESET_CONDITIONED,RS_Y1_R002_C06,PG_BOOL_R002,PG_BOOL_R002_C06,Y1_basic_boolean,comparison_numeric,6,6,6,6,1.0,1.0,1.0,0.0,0.0,0.9350000000000002,0.0,none,not_computed
BOOTSTRAP_V4_1_TO_V5_RULESET_CONDITIONED,RS_Y1_R002_C07,PG_BOOL_R002,PG_BOOL_R002_C07,Y1_basic_boolean,comparison_numeric,6,6,6,6,1.0,1.0,1.0,0.0,0.0,0.9350000000000002,0.0,none,not_computed
BOOTSTRAP_V4_1_TO_V5_RULESET_CONDITIONED,RS_Y1_R002_C08,PG_BOOL_R002,PG_BOOL_R002_C08,Y1_basic_boolean,comparison_numeric,6,6,6,6,1.0,1.0,1.0,0.0,0.0,0.9350000000000002,0.0,none,not_computed
BOOTSTRAP_V4_1_TO_V5_RULESET_CONDITIONED,RS_Y1_R002_C09,PG_BOOL_R002,PG_BOOL_R002_C09,Y1_basic_boolean,comparison_numeric,6,6,6,6,1.0,1.0,1.0,0.0,0.0,0.9350000000000002,0.0,none,not_computed
BOOTSTRAP_V4_1_TO_V5_RULESET_CONDITIONED,RS_Y1_R002_C10,PG_BOOL_R002,PG_BOOL_R002_C10,Y1_basic_boolean,comparison_numeric,6,6,6,6,1.0,1.0,1.0,0.0,0.0,0.9350000000000002,0.0,none,not_computed
BOOTSTRAP_V4_1_TO_V5_RULESET_CONDITIONED,RS_Y1_R003_C01,PG_BOOL_R003,PG_BOOL_R003_C01,Y1_basic_boolean,comparison_numeric,6,6,6,6,1.0,1.0,1.0,0.0,0.0,0.9350000000000002,0.0,none,not_computed
BOOTSTRAP_V4_1_TO_V5_RULESET_CONDITIONED,RS_Y1_R003_C02,PG_BOOL_R003,PG_BOOL_R003_C02,Y1_basic_boolean,comparison_numeric,6,6,6,6,1.0,1.0,1.0,0.0,0.0,0.9350000000000002,0.0,none,not_computed
BOOTSTRAP_V4_1_TO_V5_RULESET_CONDITIONED,RS_Y1_R003_C03,PG_BOOL_R003,PG_BOOL_R003_C03,Y1_basic_boolean,comparison_numeric,6,6,6,6,1.0,1.0,1.0,0.0,0.0,0.9350000000000002,0.0,none,not_computed
BOOTSTRAP_V4_1_TO_V5_RULESET_CONDITIONED,RS_Y1_R003_C04,PG_BOOL_R003,PG_BOOL_R003_C04,Y1_basic_boolean,comparison_numeric,6,6,6,6,1.0,1.0,1.0,0.0,0.0,0.9350000000000002,0.0,none,not_computed
BOOTSTRAP_V4_1_TO_V5_RULESET_CONDITIONED,RS_Y1_R003_C05,PG_BOOL_R003,PG_BOOL_R003_C05,Y1_basic_boolean,comparison_numeric,6,6,6,6,1.0,1.0,1.0,0.0,0.0,0.9350000000000002,0.0,none,not_computed
BOOTSTRAP_V4_1_TO_V5_RULESET_CONDITIONED,RS_Y1_R003_C06,PG_BOOL_R003,PG_BOOL_R003_C06,Y1_basic_boolean,comparison_numeric,6,6,6,6,1.0,1.0,1.0,0.0,0.0,0.9350000000000002,0.0,none,not_computed
BOOTSTRAP_V4_1_TO_V5_RULESET_CONDITIONED,RS_Y1_R003_C07,PG_BOOL_R003,PG_BOOL_R003_C07,Y1_basic_boolean,comparison_numeric,6,6,6,6,1.0,1.0,1.0,0.0,0.0,0.9350000000000002,0.0,none,not_computed
BOOTSTRAP_V4_1_TO_V5_RULESET_CONDITIONED,RS_Y1_R003_C08,PG_BOOL_R003,PG_BOOL_R003_C08,Y1_basic_boolean,comparison_numeric,6,6,6,6,1.0,1.0,1.0,0.0,0.0,0.9350000000000002,0.0,none,not_computed
BOOTSTRAP_V4_1_TO_V5_RULESET_CONDITIONED,RS_Y1_R003_C09,PG_BOOL_R003,PG_BOOL_R003_C09,Y1_basic_boolean,comparison_numeric,6,6,6,6,1.0,1.0,1.0,0.0,0.0,0.9350000000000002,0.0,none,not_computed
BOOTSTRAP_V4_1_TO_V5_RULESET_CONDITIONED,RS_Y1_R003_C10,PG_BOOL_R003,PG_BOOL_R003_C10,Y1_basic_boolean,comparison_numeric,6,6,6,6,1.0,1.0,1.0,0.0,0.0,0.9350000000000002,0.0,none,not_computed
BOOTSTRAP_V4_1_TO_V5_RULESET_CONDITIONED,RS_Y1_R004_C01,PG_BOOL_R004,PG_BOOL_R004_C01,Y1_basic_boolean,comparison_numeric,6,6,6,6,1.0,1.0,1.0,0.0,0.0,0.9350000000000002,0.0,none,not_computed
BOOTSTRAP_V4_1_TO_V5_RULESET_CONDITIONED,RS_Y1_R004_C02,PG_BOOL_R004,PG_BOOL_R004_C02,Y1_basic_boolean,comparison_numeric,6,6,6,6,1.0,1.0,1.0,0.0,0.0,0.9350000000000002,0.0,none,not_computed
BOOTSTRAP_V4_1_TO_V5_RULESET_CONDITIONED,RS_Y1_R004_C03,PG_BOOL_R004,PG_BOOL_R004_C03,Y1_basic_boolean,comparison_numeric,6,6,6,6,1.0,1.0,1.0,0.0,0.0,0.9350000000000002,0.0,none,not_computed
BOOTSTRAP_V4_1_TO_V5_RULESET_CONDITIONED,RS_Y1_R004_C04,PG_BOOL_R004,PG_BOOL_R004_C04,Y1_basic_boolean,comparison_numeric,6,6,6,6,1.0,1.0,1.0,0.0,0.0,0.9350000000000002,0.0,none,not_computed
BOOTSTRAP_V4_1_TO_V5_RULESET_CONDITIONED,RS_Y1_R004_C05,PG_BOOL_R004,PG_BOOL_R004_C05,Y1_basic_boolean,comparison_numeric,6,6,6,6,1.0,1.0,1.0,0.0,0.0,0.9350000000000002,0.0,none,not_computed
BOOTSTRAP_V4_1_TO_V5_RULESET_CONDITIONED,RS_Y1_R004_C06,PG_BOOL_R004,PG_BOOL_R004_C06,Y1_basic_boolean,comparison_numeric,6,6,6,6,1.0,1.0,1.0,0.0,0.0,0.9350000000000002,0.0,none,not_computed
BOOTSTRAP_V4_1_TO_V5_RULESET_CONDITIONED,RS_Y1_R004_C07,PG_BOOL_R004,PG_BOOL_R004_C07,Y1_basic_boolean,comparison_numeric,6,6,6,6,1.0,1.0,1.0,0.0,0.0,0.9350000000000002,0.0,none,not_computed
BOOTSTRAP_V4_1_TO_V5_RULESET_CONDITIONED,RS_Y1_R004_C08,PG_BOOL_R004,PG_BOOL_R004_C08,Y1_basic_boolean,comparison_numeric,6,6,6,6,1.0,1.0,1.0,0.0,0.0,0.9350000000000002,0.0,none,not_computed
BOOTSTRAP_V4_1_TO_V5_RULESET_CONDITIONED,RS_Y1_R004_C09,PG_BOOL_R004,PG_BOOL_R004_C09,Y1_basic_boolean,comparison_numeric,6,6,6,6,1.0,1.0,1.0,0.0,0.0,0.9350000000000002,0.0,none,not_computed
BOOTSTRAP_V4_1_TO_V5_RULESET_CONDITIONED,RS_Y1_R004_C10,PG_BOOL_R004,PG_BOOL_R004_C10,Y1_basic_boolean,comparison_numeric,6,6,6,6,1.0,1.0,1.0,0.0,0.0,0.9350000000000002,0.0,none,not_computed
BOOTSTRAP_V4_1_TO_V5_RULESET_CONDITIONED,RS_Y1_R005_C01,PG_BOOL_R005,PG_BOOL_R005_C01,Y1_basic_boolean,comparison_numeric,6,6,6,6,1.0,1.0,1.0,0.0,0.0,0.9350000000000002,0.0,none,not_computed
BOOTSTRAP_V4_1_TO_V5_RULESET_CONDITIONED,RS_Y1_R005_C02,PG_BOOL_R005,PG_BOOL_R005_C02,Y1_basic_boolean,comparison_numeric,6,6,6,6,1.0,1.0,1.0,0.0,0.0,0.9350000000000002,0.0,none,not_computed
BOOTSTRAP_V4_1_TO_V5_RULESET_CONDITIONED,RS_Y1_R005_C03,PG_BOOL_R005,PG_BOOL_R005_C03,Y1_basic_boolean,comparison_numeric,6,6,6,6,1.0,1.0,1.0,0.0,0.0,0.9350000000000002,0.0,none,not_computed
BOOTSTRAP_V4_1_TO_V5_RULESET_CONDITIONED,RS_Y1_R005_C04,PG_BOOL_R005,PG_BOOL_R005_C04,Y1_basic_boolean,comparison_numeric,6,6,6,6,1.0,1.0,1.0,0.0,0.0,0.9350000000000002,0.0,none,not_computed
BOOTSTRAP_V4_1_TO_V5_RULESET_CONDITIONED,RS_Y1_R005_C05,PG_BOOL_R005,PG_BOOL_R005_C05,Y1_basic_boolean,comparison_numeric,6,6,6,6,1.0,1.0,1.0,0.0,0.0,0.9350000000000002,0.0,none,not_computed
BOOTSTRAP_V4_1_TO_V5_RULESET_CONDITIONED,RS_Y1_R005_C06,PG_BOOL_R005,PG_BOOL_R005_C06,Y1_basic_boolean,comparison_numeric,6,6,6,6,1.0,1.0,1.0,0.0,0.0,0.9350000000000002,0.0,none,not_computed
BOOTSTRAP_V4_1_TO_V5_RULESET_CONDITIONED,RS_Y1_R005_C07,PG_BOOL_R005,PG_BOOL_R005_C07,Y1_basic_boolean,comparison_numeric,6,6,6,6,1.0,1.0,1.0,0.0,0.0,0.9350000000000002,0.0,none,not_computed
BOOTSTRAP_V4_1_TO_V5_RULESET_CONDITIONED,RS_Y1_R005_C08,PG_BOOL_R005,PG_BOOL_R005_C08,Y1_basic_boolean,comparison_numeric,6,6,6,6,1.0,1.0,1.0,0.0,0.0,0.9350000000000002,0.0,none,not_computed
BOOTSTRAP_V4_1_TO_V5_RULESET_CONDITIONED,RS_Y1_R005_C09,PG_BOOL_R005,PG_BOOL_R005_C09,Y1_basic_boolean,comparison_numeric,6,6,6,6,1.0,1.0,1.0,0.0,0.0,0.9350000000000002,0.0,none,not_computed
BOOTSTRAP_V4_1_TO_V5_RULESET_CONDITIONED,RS_Y1_R005_C10,PG_BOOL_R005,PG_BOOL_R005_C10,Y1_basic_boolean,comparison_numeric,6,6,6,6,1.0,1.0,1.0,0.0,0.0,0.9350000000000002,0.0,none,not_computed
BOOTSTRAP_V4_1_TO_V5_RULESET_CONDITIONED,RS_Y1_R006_C01,PG_BOOL_R006,PG_BOOL_R006_C01,Y1_basic_boolean,comparison_text,6,6,6,6,1.0,1.0,1.0,0.0,0.0,0.9350000000000002,0.0,none,not_computed
BOOTSTRAP_V4_1_TO_V5_RULESET_CONDITIONED,RS_Y1_R006_C02,PG_BOOL_R006,PG_BOOL_R006_C02,Y1_basic_boolean,comparison_text,6,6,6,6,1.0,1.0,1.0,0.0,0.0,0.9350000000000002,0.0,none,not_computed
BOOTSTRAP_V4_1_TO_V5_RULESET_CONDITIONED,RS_Y1_R006_C03,PG_BOOL_R006,PG_BOOL_R006_C03,Y1_basic_boolean,comparison_text,6,6,6,6,1.0,1.0,1.0,0.0,0.0,0.9350000000000002,0.0,none,not_computed
BOOTSTRAP_V4_1_TO_V5_RULESET_CONDITIONED,RS_Y1_R006_C04,PG_BOOL_R006,PG_BOOL_R006_C04,Y1_basic_boolean,comparison_text,6,6,6,6,1.0,1.0,1.0,0.0,0.0,0.9350000000000002,0.0,none,not_computed
BOOTSTRAP_V4_1_TO_V5_RULESET_CONDITIONED,RS_Y1_R006_C05,PG_BOOL_R006,PG_BOOL_R006_C05,Y1_basic_boolean,comparison_text,6,6,6,6,1.0,1.0,1.0,0.0,0.0,0.9350000000000002,0.0,none,not_computed
BOOTSTRAP_V4_1_TO_V5_RULESET_CONDITIONED,RS_Y1_R006_C06,PG_BOOL_R006,PG_BOOL_R006_C06,Y1_basic_boolean,comparison_text,6,6,6,6,1.0,1.0,1.0,0.0,0.0,0.9350000000000002,0.0,none,not_computed
BOOTSTRAP_V4_1_TO_V5_RULESET_CONDITIONED,RS_Y1_R006_C07,PG_BOOL_R006,PG_BOOL_R006_C07,Y1_basic_boolean,comparison_text,6,6,6,6,1.0,1.0,1.0,0.0,0.0,0.9350000000000002,0.0,none,not_computed
BOOTSTRAP_V4_1_TO_V5_RULESET_CONDITIONED,RS_Y1_R006_C08,PG_BOOL_R006,PG_BOOL_R006_C08,Y1_basic_boolean,comparison_text,6,6,6,6,1.0,1.0,1.0,0.0,0.0,0.9350000000000002,0.0,none,not_computed
BOOTSTRAP_V4_1_TO_V5_RULESET_CONDITIONED,RS_Y1_R006_C09,PG_BOOL_R006,PG_BOOL_R006_C09,Y1_basic_boolean,comparison_text,6,6,6,6,1.0,1.0,1.0,0.0,0.0,0.9350000000000002,0.0,none,not_computed
BOOTSTRAP_V4_1_TO_V5_RULESET_CONDITIONED,RS_Y1_R006_C10,PG_BOOL_R006,PG_BOOL_R006_C10,Y1_basic_boolean,comparison_text,6,6,6,6,1.0,1.0,1.0,0.0,0.0,0.9350000000000002,0.0,none,not_computed
BOOTSTRAP_V4_1_TO_V5_RULESET_CONDITIONED,RS_Y1_R007_C01,PG_BOOL_R007,PG_BOOL_R007_C01,Y1_basic_boolean,comparison_text,6,6,6,6,1.0,1.0,1.0,0.0,0.0,0.9350000000000002,0.0,none,not_computed
BOOTSTRAP_V4_1_TO_V5_RULESET_CONDITIONED,RS_Y1_R007_C02,PG_BOOL_R007,PG_BOOL_R007_C02,Y1_basic_boolean,comparison_text,6,6,6,6,1.0,1.0,1.0,0.0,0.0,0.9350000000000002,0.0,none,not_computed
BOOTSTRAP_V4_1_TO_V5_RULESET_CONDITIONED,RS_Y1_R007_C03,PG_BOOL_R007,PG_BOOL_R007_C03,Y1_basic_boolean,comparison_text,6,6,6,6,1.0,1.0,1.0,0.0,0.0,0.9350000000000002,0.0,none,not_computed
BOOTSTRAP_V4_1_TO_V5_RULESET_CONDITIONED,RS_Y1_R007_C04,PG_BOOL_R007,PG_BOOL_R007_C04,Y1_basic_boolean,comparison_text,6,6,6,6,1.0,1.0,1.0,0.0,0.0,0.9350000000000002,0.0,none,not_computed
BOOTSTRAP_V4_1_TO_V5_RULESET_CONDITIONED,RS_Y1_R007_C05,PG_BOOL_R007,PG_BOOL_R007_C05,Y1_basic_boolean,comparison_text,6,6,6,6,1.0,1.0,1.0,0.0,0.0,0.9350000000000002,0.0,none,not_computed
BOOTSTRAP_V4_1_TO_V5_RULESET_CONDITIONED,RS_Y1_R007_C06,PG_BOOL_R007,PG_BOOL_R007_C06,Y1_basic_boolean,comparison_text,6,6,6,6,1.0,1.0,1.0,0.0,0.0,0.9350000000000002,0.0,none,not_computed
BOOTSTRAP_V4_1_TO_V5_RULESET_CONDITIONED,RS_Y1_R007_C07,PG_BOOL_R007,PG_BOOL_R007_C07,Y1_basic_boolean,comparison_text,6,6,6,6,1.0,1.0,1.0,0.0,0.0,0.9350000000000002,0.0,none,not_computed
BOOTSTRAP_V4_1_TO_V5_RULESET_CONDITIONED,RS_Y1_R007_C08,PG_BOOL_R007,PG_BOOL_R007_C08,Y1_basic_boolean,comparison_text,6,6,6,6,1.0,1.0,1.0,0.0,0.0,0.9350000000000002,0.0,none,not_computed
BOOTSTRAP_V4_1_TO_V5_RULESET_CONDITIONED,RS_Y1_R007_C09,PG_BOOL_R007,PG_BOOL_R007_C09,Y1_basic_boolean,comparison_text,6,6,6,6,1.0,1.0,1.0,0.0,0.0,0.9350000000000002,0.0,none,not_computed
BOOTSTRAP_V4_1_TO_V5_RULESET_CONDITIONED,RS_Y1_R007_C10,PG_BOOL_R007,PG_BOOL_R007_C10,Y1_basic_boolean,comparison_text,6,6,6,6,1.0,1.0,1.0,0.0,0.0,0.9350000000000002,0.0,none,not_computed
BOOTSTRAP_V4_1_TO_V5_RULESET_CONDITIONED,RS_Y1_R008_C01,PG_BOOL_R008,PG_BOOL_R008_C01,Y1_basic_boolean,comparison_text,6,6,6,6,1.0,1.0,1.0,0.0,0.0,0.9350000000000002,0.0,none,not_computed
BOOTSTRAP_V4_1_TO_V5_RULESET_CONDITIONED,RS_Y1_R008_C02,PG_BOOL_R008,PG_BOOL_R008_C02,Y1_basic_boolean,comparison_text,6,6,6,6,1.0,1.0,1.0,0.0,0.0,0.9350000000000002,0.0,none,not_computed
BOOTSTRAP_V4_1_TO_V5_RULESET_CONDITIONED,RS_Y1_R008_C03,PG_BOOL_R008,PG_BOOL_R008_C03,Y1_basic_boolean,comparison_text,6,6,6,6,1.0,1.0,1.0,0.0,0.0,0.9350000000000002,0.0,none,not_computed
BOOTSTRAP_V4_1_TO_V5_RULESET_CONDITIONED,RS_Y1_R008_C04,PG_BOOL_R008,PG_BOOL_R008_C04,Y1_basic_boolean,comparison_text,6,6,6,6,1.0,1.0,1.0,0.0,0.0,0.9350000000000002,0.0,none,not_computed
BOOTSTRAP_V4_1_TO_V5_RULESET_CONDITIONED,RS_Y1_R008_C05,PG_BOOL_R008,PG_BOOL_R008_C05,Y1_basic_boolean,comparison_text,6,6,6,6,1.0,1.0,1.0,0.0,0.0,0.9350000000000002,0.0,none,not_computed
BOOTSTRAP_V4_1_TO_V5_RULESET_CONDITIONED,RS_Y1_R008_C06,PG_BOOL_R008,PG_BOOL_R008_C06,Y1_basic_boolean,comparison_text,6,6,6,6,1.0,1.0,1.0,0.0,0.0,0.9350000000000002,0.0,none,not_computed
BOOTSTRAP_V4_1_TO_V5_RULESET_CONDITIONED,RS_Y1_R008_C07,PG_BOOL_R008,PG_BOOL_R008_C07,Y1_basic_boolean,comparison_text,6,6,6,6,1.0,1.0,1.0,0.0,0.0,0.9350000000000002,0.0,none,not_computed
BOOTSTRAP_V4_1_TO_V5_RULESET_CONDITIONED,RS_Y1_R008_C08,PG_BOOL_R008,PG_BOOL_R008_C08,Y1_basic_boolean,comparison_text,6,6,6,6,1.0,1.0,1.0,0.0,0.0,0.9350000000000002,0.0,none,not_computed
BOOTSTRAP_V4_1_TO_V5_RULESET_CONDITIONED,RS_Y1_R008_C09,PG_BOOL_R008,PG_BOOL_R008_C09,Y1_basic_boolean,comparison_text,6,6,6,6,1.0,1.0,1.0,0.0,0.0,0.9350000000000002,0.0,none,not_computed
BOOTSTRAP_V4_1_TO_V5_RULESET_CONDITIONED,RS_Y1_R008_C10,PG_BOOL_R008,PG_BOOL_R008_C10,Y1_basic_boolean,comparison_text,6,6,6,6,1.0,1.0,1.0,0.0,0.0,0.9350000000000002,0.0,none,not_computed
BOOTSTRAP_V4_1_TO_V5_RULESET_CONDITIONED,RS_Y1_R009_C01,PG_BOOL_R009,PG_BOOL_R009_C01,Y1_basic_boolean,comparison_text,6,6,6,6,1.0,1.0,1.0,0.0,0.0,0.9350000000000002,0.0,none,not_computed
BOOTSTRAP_V4_1_TO_V5_RULESET_CONDITIONED,RS_Y1_R009_C02,PG_BOOL_R009,PG_BOOL_R009_C02,Y1_basic_boolean,comparison_text,6,6,6,6,1.0,1.0,1.0,0.0,0.0,0.9350000000000002,0.0,none,not_computed
BOOTSTRAP_V4_1_TO_V5_RULESET_CONDITIONED,RS_Y1_R009_C03,PG_BOOL_R009,PG_BOOL_R009_C03,Y1_basic_boolean,comparison_text,6,6,6,6,1.0,1.0,1.0,0.0,0.0,0.9350000000000002,0.0,none,not_computed
BOOTSTRAP_V4_1_TO_V5_RULESET_CONDITIONED,RS_Y1_R009_C04,PG_BOOL_R009,PG_BOOL_R009_C04,Y1_basic_boolean,comparison_text,6,6,6,6,1.0,1.0,1.0,0.0,0.0,0.9350000000000002,0.0,none,not_computed
BOOTSTRAP_V4_1_TO_V5_RULESET_CONDITIONED,RS_Y1_R009_C05,PG_BOOL_R009,PG_BOOL_R009_C05,Y1_basic_boolean,comparison_text,6,6,6,6,1.0,1.0,1.0,0.0,0.0,0.9350000000000002,0.0,none,not_computed
BOOTSTRAP_V4_1_TO_V5_RULESET_CONDITIONED,RS_Y1_R009_C06,PG_BOOL_R009,PG_BOOL_R009_C06,Y1_basic_boolean,comparison_text,6,6,6,6,1.0,1.0,1.0,0.0,0.0,0.9350000000000002,0.0,none,not_computed
BOOTSTRAP_V4_1_TO_V5_RULESET_CONDITIONED,RS_Y1_R009_C07,PG_BOOL_R009,PG_BOOL_R009_C07,Y1_basic_boolean,comparison_text,6,6,6,6,1.0,1.0,1.0,0.0,0.0,0.9350000000000002,0.0,none,not_computed
BOOTSTRAP_V4_1_TO_V5_RULESET_CONDITIONED,RS_Y1_R009_C08,PG_BOOL_R009,PG_BOOL_R009_C08,Y1_basic_boolean,comparison_text,6,6,6,6,1.0,1.0,1.0,0.0,0.0,0.9350000000000002,0.0,none,not_computed
BOOTSTRAP_V4_1_TO_V5_RULESET_CONDITIONED,RS_Y1_R009_C09,PG_BOOL_R009,PG_BOOL_R009_C09,Y1_basic_boolean,comparison_text,6,6,6,6,1.0,1.0,1.0,0.0,0.0,0.9350000000000002,0.0,none,not_computed
BOOTSTRAP_V4_1_TO_V5_RULESET_CONDITIONED,RS_Y1_R009_C10,PG_BOOL_R009,PG_BOOL_R009_C10,Y1_basic_boolean,comparison_text,6,6,6,6,1.0,1.0,1.0,0.0,0.0,0.9350000000000002,0.0,none,not_computed
BOOTSTRAP_V4_1_TO_V5_RULESET_CONDITIONED,RS_Y1_R010_C01,PG_BOOL_R010,PG_BOOL_R010_C01,Y1_basic_boolean,comparison_text,6,6,6,6,1.0,1.0,1.0,0.0,0.0,0.9350000000000002,0.0,none,not_computed
BOOTSTRAP_V4_1_TO_V5_RULESET_CONDITIONED,RS_Y1_R010_C02,PG_BOOL_R010,PG_BOOL_R010_C02,Y1_basic_boolean,comparison_text,6,6,6,6,1.0,1.0,1.0,0.0,0.0,0.9350000000000002,0.0,none,not_computed
BOOTSTRAP_V4_1_TO_V5_RULESET_CONDITIONED,RS_Y1_R010_C03,PG_BOOL_R010,PG_BOOL_R010_C03,Y1_basic_boolean,comparison_text,6,6,6,6,1.0,1.0,1.0,0.0,0.0,0.9350000000000002,0.0,none,not_computed
BOOTSTRAP_V4_1_TO_V5_RULESET_CONDITIONED,RS_Y1_R010_C04,PG_BOOL_R010,PG_BOOL_R010_C04,Y1_basic_boolean,comparison_text,6,6,6,6,1.0,1.0,1.0,0.0,0.0,0.9350000000000002,0.0,none,not_computed
BOOTSTRAP_V4_1_TO_V5_RULESET_CONDITIONED,RS_Y1_R010_C05,PG_BOOL_R010,PG_BOOL_R010_C05,Y1_basic_boolean,comparison_text,6,6,6,6,1.0,1.0,1.0,0.0,0.0,0.9350000000000002,0.0,none,not_computed
BOOTSTRAP_V4_1_TO_V5_RULESET_CONDITIONED,RS_Y1_R010_C06,PG_BOOL_R010,PG_BOOL_R010_C06,Y1_basic_boolean,comparison_text,6,6,6,6,1.0,1.0,1.0,0.0,0.0,0.9350000000000002,0.0,none,not_computed
BOOTSTRAP_V4_1_TO_V5_RULESET_CONDITIONED,RS_Y1_R010_C07,PG_BOOL_R010,PG_BOOL_R010_C07,Y1_basic_boolean,comparison_text,6,6,6,6,1.0,1.0,1.0,0.0,0.0,0.9350000000000002,0.0,none,not_computed
BOOTSTRAP_V4_1_TO_V5_RULESET_CONDITIONED,RS_Y1_R010_C08,PG_BOOL_R010,PG_BOOL_R010_C08,Y1_basic_boolean,comparison_text,6,6,6,6,1.0,1.0,1.0,0.0,0.0,0.9350000000000002,0.0,none,not_computed
BOOTSTRAP_V4_1_TO_V5_RULESET_CONDITIONED,RS_Y1_R010_C09,PG_BOOL_R010,PG_BOOL_R010_C09,Y1_basic_boolean,comparison_text,6,6,6,6,1.0,1.0,1.0,0.0,0.0,0.9350000000000002,0.0,none,not_computed
BOOTSTRAP_V4_1_TO_V5_RULESET_CONDITIONED,RS_Y1_R010_C10,PG_BOOL_R010,PG_BOOL_R010_C10,Y1_basic_boolean,comparison_text,6,6,6,6,1.0,1.0,1.0,0.0,0.0,0.9350000000000002,0.0,none,not_computed
BOOTSTRAP_V4_1_TO_V5_RULESET_CONDITIONED,RS_Y1_R011_C01,PG_BOOL_R011,PG_BOOL_R011_C01,Y1_basic_boolean,null_boolean,6,6,2,6,1.0,1.0,1.0,0.0,0.0,0.85,0.0,none,not_computed
BOOTSTRAP_V4_1_TO_V5_RULESET_CONDITIONED,RS_Y1_R011_C02,PG_BOOL_R011,PG_BOOL_R011_C02,Y1_basic_boolean,null_boolean,6,6,2,6,1.0,1.0,1.0,0.0,0.0,0.85,0.0,none,not_computed
BOOTSTRAP_V4_1_TO_V5_RULESET_CONDITIONED,RS_Y1_R011_C03,PG_BOOL_R011,PG_BOOL_R011_C03,Y1_basic_boolean,null_boolean,6,6,2,6,1.0,1.0,1.0,0.0,0.0,0.85,0.0,none,not_computed
BOOTSTRAP_V4_1_TO_V5_RULESET_CONDITIONED,RS_Y1_R011_C04,PG_BOOL_R011,PG_BOOL_R011_C04,Y1_basic_boolean,null_boolean,6,6,2,6,1.0,1.0,1.0,0.0,0.0,0.85,0.0,none,not_computed
BOOTSTRAP_V4_1_TO_V5_RULESET_CONDITIONED,RS_Y1_R011_C05,PG_BOOL_R011,PG_BOOL_R011_C05,Y1_basic_boolean,null_boolean,6,6,2,6,1.0,1.0,1.0,0.0,0.0,0.85,0.0,none,not_computed
BOOTSTRAP_V4_1_TO_V5_RULESET_CONDITIONED,RS_Y1_R011_C06,PG_BOOL_R011,PG_BOOL_R011_C06,Y1_basic_boolean,null_boolean,6,6,2,6,1.0,1.0,1.0,0.0,0.0,0.85,0.0,none,not_computed
BOOTSTRAP_V4_1_TO_V5_RULESET_CONDITIONED,RS_Y1_R011_C07,PG_BOOL_R011,PG_BOOL_R011_C07,Y1_basic_boolean,null_boolean,6,6,6,6,1.0,1.0,1.0,0.0,0.0,0.9350000000000002,0.0,none,not_computed
BOOTSTRAP_V4_1_TO_V5_RULESET_CONDITIONED,RS_Y1_R011_C08,PG_BOOL_R011,PG_BOOL_R011_C08,Y1_basic_boolean,null_boolean,6,6,6,6,1.0,1.0,1.0,0.0,0.0,0.9350000000000002,0.0,none,not_computed
BOOTSTRAP_V4_1_TO_V5_RULESET_CONDITIONED,RS_Y1_R011_C09,PG_BOOL_R011,PG_BOOL_R011_C09,Y1_basic_boolean,null_boolean,6,6,2,6,1.0,1.0,1.0,0.0,0.0,0.85,0.0,none,not_computed
BOOTSTRAP_V4_1_TO_V5_RULESET_CONDITIONED,RS_Y1_R011_C10,PG_BOOL_R011,PG_BOOL_R011_C10,Y1_basic_boolean,null_boolean,6,6,2,6,1.0,1.0,1.0,0.0,0.0,0.85,0.0,none,not_computed
BOOTSTRAP_V4_1_TO_V5_RULESET_CONDITIONED,RS_Y1_R012_C01,PG_BOOL_R012,PG_BOOL_R012_C01,Y1_basic_boolean,null_boolean,6,6,2,6,1.0,1.0,1.0,0.0,0.0,0.85,0.0,none,not_computed
BOOTSTRAP_V4_1_TO_V5_RULESET_CONDITIONED,RS_Y1_R012_C02,PG_BOOL_R012,PG_BOOL_R012_C02,Y1_basic_boolean,null_boolean,6,6,2,6,1.0,1.0,1.0,0.0,0.0,0.85,0.0,none,not_computed
BOOTSTRAP_V4_1_TO_V5_RULESET_CONDITIONED,RS_Y1_R012_C03,PG_BOOL_R012,PG_BOOL_R012_C03,Y1_basic_boolean,null_boolean,6,6,2,6,1.0,1.0,1.0,0.0,0.0,0.85,0.0,none,not_computed
BOOTSTRAP_V4_1_TO_V5_RULESET_CONDITIONED,RS_Y1_R012_C04,PG_BOOL_R012,PG_BOOL_R012_C04,Y1_basic_boolean,null_boolean,6,6,2,6,1.0,1.0,1.0,0.0,0.0,0.85,0.0,none,not_computed
BOOTSTRAP_V4_1_TO_V5_RULESET_CONDITIONED,RS_Y1_R012_C05,PG_BOOL_R012,PG_BOOL_R012_C05,Y1_basic_boolean,null_boolean,6,6,2,6,1.0,1.0,1.0,0.0,0.0,0.85,0.0,none,not_computed
BOOTSTRAP_V4_1_TO_V5_RULESET_CONDITIONED,RS_Y1_R012_C06,PG_BOOL_R012,PG_BOOL_R012_C06,Y1_basic_boolean,null_boolean,6,6,2,6,1.0,1.0,1.0,0.0,0.0,0.85,0.0,none,not_computed
BOOTSTRAP_V4_1_TO_V5_RULESET_CONDITIONED,RS_Y1_R012_C07,PG_BOOL_R012,PG_BOOL_R012_C07,Y1_basic_boolean,null_boolean,6,6,6,6,1.0,1.0,1.0,0.0,0.0,0.9350000000000002,0.0,none,not_computed
BOOTSTRAP_V4_1_TO_V5_RULESET_CONDITIONED,RS_Y1_R012_C08,PG_BOOL_R012,PG_BOOL_R012_C08,Y1_basic_boolean,null_boolean,6,6,6,6,1.0,1.0,1.0,0.0,0.0,0.9350000000000002,0.0,none,not_computed
BOOTSTRAP_V4_1_TO_V5_RULESET_CONDITIONED,RS_Y1_R012_C09,PG_BOOL_R012,PG_BOOL_R012_C09,Y1_basic_boolean,null_boolean,6,6,2,6,1.0,1.0,1.0,0.0,0.0,0.85,0.0,none,not_computed
BOOTSTRAP_V4_1_TO_V5_RULESET_CONDITIONED,RS_Y1_R012_C10,PG_BOOL_R012,PG_BOOL_R012_C10,Y1_basic_boolean,null_boolean,6,6,2,6,1.0,1.0,1.0,0.0,0.0,0.85,0.0,none,not_computed
BOOTSTRAP_V4_1_TO_V5_RULESET_CONDITIONED,RS_Y1_R013_C01,PG_BOOL_R013,PG_BOOL_R013_C01,Y1_basic_boolean,null_boolean,6,6,2,6,1.0,1.0,1.0,0.0,0.0,0.85,0.0,none,not_computed
BOOTSTRAP_V4_1_TO_V5_RULESET_CONDITIONED,RS_Y1_R013_C02,PG_BOOL_R013,PG_BOOL_R013_C02,Y1_basic_boolean,null_boolean,6,6,2,6,1.0,1.0,1.0,0.0,0.0,0.85,0.0,none,not_computed
BOOTSTRAP_V4_1_TO_V5_RULESET_CONDITIONED,RS_Y1_R013_C03,PG_BOOL_R013,PG_BOOL_R013_C03,Y1_basic_boolean,null_boolean,6,6,2,6,1.0,1.0,1.0,0.0,0.0,0.85,0.0,none,not_computed
BOOTSTRAP_V4_1_TO_V5_RULESET_CONDITIONED,RS_Y1_R013_C04,PG_BOOL_R013,PG_BOOL_R013_C04,Y1_basic_boolean,null_boolean,6,6,2,6,1.0,1.0,1.0,0.0,0.0,0.85,0.0,none,not_computed
BOOTSTRAP_V4_1_TO_V5_RULESET_CONDITIONED,RS_Y1_R013_C05,PG_BOOL_R013,PG_BOOL_R013_C05,Y1_basic_boolean,null_boolean,6,6,2,6,1.0,1.0,1.0,0.0,0.0,0.85,0.0,none,not_computed
BOOTSTRAP_V4_1_TO_V5_RULESET_CONDITIONED,RS_Y1_R013_C06,PG_BOOL_R013,PG_BOOL_R013_C06,Y1_basic_boolean,null_boolean,6,6,2,6,1.0,1.0,1.0,0.0,0.0,0.85,0.0,none,not_computed
BOOTSTRAP_V4_1_TO_V5_RULESET_CONDITIONED,RS_Y1_R013_C07,PG_BOOL_R013,PG_BOOL_R013_C07,Y1_basic_boolean,null_boolean,6,6,6,6,1.0,1.0,1.0,0.0,0.0,0.9350000000000002,0.0,none,not_computed
BOOTSTRAP_V4_1_TO_V5_RULESET_CONDITIONED,RS_Y1_R013_C08,PG_BOOL_R013,PG_BOOL_R013_C08,Y1_basic_boolean,null_boolean,6,6,6,6,1.0,1.0,1.0,0.0,0.0,0.9350000000000002,0.0,none,not_computed
BOOTSTRAP_V4_1_TO_V5_RULESET_CONDITIONED,RS_Y1_R013_C09,PG_BOOL_R013,PG_BOOL_R013_C09,Y1_basic_boolean,null_boolean,6,6,2,6,1.0,1.0,1.0,0.0,0.0,0.85,0.0,none,not_computed
BOOTSTRAP_V4_1_TO_V5_RULESET_CONDITIONED,RS_Y1_R013_C10,PG_BOOL_R013,PG_BOOL_R013_C10,Y1_basic_boolean,null_boolean,6,6,2,6,1.0,1.0,1.0,0.0,0.0,0.85,0.0,none,not_computed
BOOTSTRAP_V4_1_TO_V5_RULESET_CONDITIONED,RS_Y1_R014_C01,PG_BOOL_R014,PG_BOOL_R014_C01,Y1_basic_boolean,null_boolean,6,6,6,6,1.0,1.0,1.0,0.0,0.0,0.9350000000000002,0.0,none,not_computed
BOOTSTRAP_V4_1_TO_V5_RULESET_CONDITIONED,RS_Y1_R014_C02,PG_BOOL_R014,PG_BOOL_R014_C02,Y1_basic_boolean,null_boolean,6,6,6,6,1.0,1.0,1.0,0.0,0.0,0.9350000000000002,0.0,none,not_computed
BOOTSTRAP_V4_1_TO_V5_RULESET_CONDITIONED,RS_Y1_R014_C03,PG_BOOL_R014,PG_BOOL_R014_C03,Y1_basic_boolean,null_boolean,6,6,6,6,1.0,1.0,1.0,0.0,0.0,0.9350000000000002,0.0,none,not_computed
BOOTSTRAP_V4_1_TO_V5_RULESET_CONDITIONED,RS_Y1_R014_C04,PG_BOOL_R014,PG_BOOL_R014_C04,Y1_basic_boolean,null_boolean,6,6,6,6,1.0,1.0,1.0,0.0,0.0,0.9350000000000002,0.0,none,not_computed
BOOTSTRAP_V4_1_TO_V5_RULESET_CONDITIONED,RS_Y1_R014_C05,PG_BOOL_R014,PG_BOOL_R014_C05,Y1_basic_boolean,null_boolean,6,6,6,6,1.0,1.0,1.0,0.0,0.0,0.9350000000000002,0.0,none,not_computed
BOOTSTRAP_V4_1_TO_V5_RULESET_CONDITIONED,RS_Y1_R014_C06,PG_BOOL_R014,PG_BOOL_R014_C06,Y1_basic_boolean,null_boolean,6,6,6,6,1.0,1.0,1.0,0.0,0.0,0.9350000000000002,0.0,none,not_computed
BOOTSTRAP_V4_1_TO_V5_RULESET_CONDITIONED,RS_Y1_R014_C07,PG_BOOL_R014,PG_BOOL_R014_C07,Y1_basic_boolean,null_boolean,6,6,6,6,1.0,1.0,1.0,0.0,0.0,0.9350000000000002,0.0,none,not_computed
BOOTSTRAP_V4_1_TO_V5_RULESET_CONDITIONED,RS_Y1_R014_C08,PG_BOOL_R014,PG_BOOL_R014_C08,Y1_basic_boolean,null_boolean,6,6,6,6,1.0,1.0,1.0,0.0,0.0,0.9350000000000002,0.0,none,not_computed
BOOTSTRAP_V4_1_TO_V5_RULESET_CONDITIONED,RS_Y1_R014_C09,PG_BOOL_R014,PG_BOOL_R014_C09,Y1_basic_boolean,null_boolean,6,6,6,6,1.0,1.0,1.0,0.0,0.0,0.9350000000000002,0.0,none,not_computed
BOOTSTRAP_V4_1_TO_V5_RULESET_CONDITIONED,RS_Y1_R014_C10,PG_BOOL_R014,PG_BOOL_R014_C10,Y1_basic_boolean,null_boolean,6,6,6,6,1.0,1.0,1.0,0.0,0.0,0.9350000000000002,0.0,none,not_computed
BOOTSTRAP_V4_1_TO_V5_RULESET_CONDITIONED,RS_Y1_R015_C01,PG_BOOL_R015,PG_BOOL_R015_C01,Y1_basic_boolean,null_boolean,6,6,6,6,1.0,1.0,1.0,0.0,0.0,0.9350000000000002,0.0,none,not_computed
BOOTSTRAP_V4_1_TO_V5_RULESET_CONDITIONED,RS_Y1_R015_C02,PG_BOOL_R015,PG_BOOL_R015_C02,Y1_basic_boolean,null_boolean,6,6,6,6,1.0,1.0,1.0,0.0,0.0,0.9350000000000002,0.0,none,not_computed
BOOTSTRAP_V4_1_TO_V5_RULESET_CONDITIONED,RS_Y1_R015_C03,PG_BOOL_R015,PG_BOOL_R015_C03,Y1_basic_boolean,null_boolean,6,6,6,6,1.0,1.0,1.0,0.0,0.0,0.9350000000000002,0.0,none,not_computed
BOOTSTRAP_V4_1_TO_V5_RULESET_CONDITIONED,RS_Y1_R015_C04,PG_BOOL_R015,PG_BOOL_R015_C04,Y1_basic_boolean,null_boolean,6,6,6,6,1.0,1.0,1.0,0.0,0.0,0.9350000000000002,0.0,none,not_computed
BOOTSTRAP_V4_1_TO_V5_RULESET_CONDITIONED,RS_Y1_R015_C05,PG_BOOL_R015,PG_BOOL_R015_C05,Y1_basic_boolean,null_boolean,6,6,6,6,1.0,1.0,1.0,0.0,0.0,0.9350000000000002,0.0,none,not_computed
BOOTSTRAP_V4_1_TO_V5_RULESET_CONDITIONED,RS_Y1_R015_C06,PG_BOOL_R015,PG_BOOL_R015_C06,Y1_basic_boolean,null_boolean,6,6,6,6,1.0,1.0,1.0,0.0,0.0,0.9350000000000002,0.0,none,not_computed
BOOTSTRAP_V4_1_TO_V5_RULESET_CONDITIONED,RS_Y1_R015_C07,PG_BOOL_R015,PG_BOOL_R015_C07,Y1_basic_boolean,null_boolean,6,6,6,6,1.0,1.0,1.0,0.0,0.0,0.9350000000000002,0.0,none,not_computed
BOOTSTRAP_V4_1_TO_V5_RULESET_CONDITIONED,RS_Y1_R015_C08,PG_BOOL_R015,PG_BOOL_R015_C08,Y1_basic_boolean,null_boolean,6,6,6,6,1.0,1.0,1.0,0.0,0.0,0.9350000000000002,0.0,none,not_computed
BOOTSTRAP_V4_1_TO_V5_RULESET_CONDITIONED,RS_Y1_R015_C09,PG_BOOL_R015,PG_BOOL_R015_C09,Y1_basic_boolean,null_boolean,6,6,6,6,1.0,1.0,1.0,0.0,0.0,0.9350000000000002,0.0,none,not_computed
BOOTSTRAP_V4_1_TO_V5_RULESET_CONDITIONED,RS_Y1_R015_C10,PG_BOOL_R015,PG_BOOL_R015_C10,Y1_basic_boolean,null_boolean,6,6,6,6,1.0,1.0,1.0,0.0,0.0,0.9350000000000002,0.0,none,not_computed
BOOTSTRAP_V4_1_TO_V5_RULESET_CONDITIONED,RS_Y1_R016_C01,PG_BOOL_R016,PG_BOOL_R016_C01,Y1_basic_boolean,between_range,6,6,6,6,1.0,1.0,1.0,0.0,0.0,0.9350000000000002,0.0,none,not_computed
BOOTSTRAP_V4_1_TO_V5_RULESET_CONDITIONED,RS_Y1_R016_C02,PG_BOOL_R016,PG_BOOL_R016_C02,Y1_basic_boolean,between_range,6,6,6,6,1.0,1.0,1.0,0.0,0.0,0.9350000000000002,0.0,none,not_computed
BOOTSTRAP_V4_1_TO_V5_RULESET_CONDITIONED,RS_Y1_R016_C03,PG_BOOL_R016,PG_BOOL_R016_C03,Y1_basic_boolean,between_range,6,6,6,6,1.0,1.0,1.0,0.0,0.0,0.9350000000000002,0.0,none,not_computed
BOOTSTRAP_V4_1_TO_V5_RULESET_CONDITIONED,RS_Y1_R016_C04,PG_BOOL_R016,PG_BOOL_R016_C04,Y1_basic_boolean,between_range,6,6,6,6,1.0,1.0,1.0,0.0,0.0,0.9350000000000002,0.0,none,not_computed
BOOTSTRAP_V4_1_TO_V5_RULESET_CONDITIONED,RS_Y1_R016_C05,PG_BOOL_R016,PG_BOOL_R016_C05,Y1_basic_boolean,between_range,6,6,6,6,1.0,1.0,1.0,0.0,0.0,0.9350000000000002,0.0,none,not_computed
BOOTSTRAP_V4_1_TO_V5_RULESET_CONDITIONED,RS_Y1_R016_C06,PG_BOOL_R016,PG_BOOL_R016_C06,Y1_basic_boolean,between_range,6,6,6,6,1.0,1.0,1.0,0.0,0.0,0.9350000000000002,0.0,none,not_computed
BOOTSTRAP_V4_1_TO_V5_RULESET_CONDITIONED,RS_Y1_R016_C07,PG_BOOL_R016,PG_BOOL_R016_C07,Y1_basic_boolean,between_range,6,6,6,6,1.0,1.0,1.0,0.0,0.0,0.9350000000000002,0.0,none,not_computed
BOOTSTRAP_V4_1_TO_V5_RULESET_CONDITIONED,RS_Y1_R016_C08,PG_BOOL_R016,PG_BOOL_R016_C08,Y1_basic_boolean,between_range,6,6,6,6,1.0,1.0,1.0,0.0,0.0,0.9350000000000002,0.0,none,not_computed
BOOTSTRAP_V4_1_TO_V5_RULESET_CONDITIONED,RS_Y1_R016_C09,PG_BOOL_R016,PG_BOOL_R016_C09,Y1_basic_boolean,between_range,6,6,6,6,1.0,1.0,1.0,0.0,0.0,0.9350000000000002,0.0,none,not_computed
BOOTSTRAP_V4_1_TO_V5_RULESET_CONDITIONED,RS_Y1_R016_C10,PG_BOOL_R016,PG_BOOL_R016_C10,Y1_basic_boolean,between_range,6,6,6,6,1.0,1.0,1.0,0.0,0.0,0.9350000000000002,0.0,none,not_computed
BOOTSTRAP_V4_1_TO_V5_RULESET_CONDITIONED,RS_Y1_R017_C01,PG_BOOL_R017,PG_BOOL_R017_C01,Y1_basic_boolean,between_range,6,6,6,6,1.0,1.0,1.0,0.0,0.0,0.9350000000000002,0.0,none,not_computed
BOOTSTRAP_V4_1_TO_V5_RULESET_CONDITIONED,RS_Y1_R017_C02,PG_BOOL_R017,PG_BOOL_R017_C02,Y1_basic_boolean,between_range,6,6,6,6,1.0,1.0,1.0,0.0,0.0,0.9350000000000002,0.0,none,not_computed
BOOTSTRAP_V4_1_TO_V5_RULESET_CONDITIONED,RS_Y1_R017_C03,PG_BOOL_R017,PG_BOOL_R017_C03,Y1_basic_boolean,between_range,6,6,6,6,1.0,1.0,1.0,0.0,0.0,0.9350000000000002,0.0,none,not_computed
BOOTSTRAP_V4_1_TO_V5_RULESET_CONDITIONED,RS_Y1_R017_C04,PG_BOOL_R017,PG_BOOL_R017_C04,Y1_basic_boolean,between_range,6,6,6,6,1.0,1.0,1.0,0.0,0.0,0.9350000000000002,0.0,none,not_computed
BOOTSTRAP_V4_1_TO_V5_RULESET_CONDITIONED,RS_Y1_R017_C05,PG_BOOL_R017,PG_BOOL_R017_C05,Y1_basic_boolean,between_range,6,6,6,6,1.0,1.0,1.0,0.0,0.0,0.9350000000000002,0.0,none,not_computed
BOOTSTRAP_V4_1_TO_V5_RULESET_CONDITIONED,RS_Y1_R017_C06,PG_BOOL_R017,PG_BOOL_R017_C06,Y1_basic_boolean,between_range,6,6,6,6,1.0,1.0,1.0,0.0,0.0,0.9350000000000002,0.0,none,not_computed
BOOTSTRAP_V4_1_TO_V5_RULESET_CONDITIONED,RS_Y1_R017_C07,PG_BOOL_R017,PG_BOOL_R017_C07,Y1_basic_boolean,between_range,6,6,6,6,1.0,1.0,1.0,0.0,0.0,0.9350000000000002,0.0,none,not_computed
BOOTSTRAP_V4_1_TO_V5_RULESET_CONDITIONED,RS_Y1_R017_C08,PG_BOOL_R017,PG_BOOL_R017_C08,Y1_basic_boolean,between_range,6,6,6,6,1.0,1.0,1.0,0.0,0.0,0.9350000000000002,0.0,none,not_computed
BOOTSTRAP_V4_1_TO_V5_RULESET_CONDITIONED,RS_Y1_R017_C09,PG_BOOL_R017,PG_BOOL_R017_C09,Y1_basic_boolean,between_range,6,6,6,6,1.0,1.0,1.0,0.0,0.0,0.9350000000000002,0.0,none,not_computed
BOOTSTRAP_V4_1_TO_V5_RULESET_CONDITIONED,RS_Y1_R017_C10,PG_BOOL_R017,PG_BOOL_R017_C10,Y1_basic_boolean,between_range,6,6,6,6,1.0,1.0,1.0,0.0,0.0,0.9350000000000002,0.0,none,not_computed
BOOTSTRAP_V4_1_TO_V5_RULESET_CONDITIONED,RS_Y1_R018_C01,PG_BOOL_R018,PG_BOOL_R018_C01,Y1_basic_boolean,between_range,6,6,6,6,1.0,1.0,1.0,0.0,0.0,0.9350000000000002,0.0,none,not_computed
BOOTSTRAP_V4_1_TO_V5_RULESET_CONDITIONED,RS_Y1_R018_C02,PG_BOOL_R018,PG_BOOL_R018_C02,Y1_basic_boolean,between_range,6,6,6,6,1.0,1.0,1.0,0.0,0.0,0.9350000000000002,0.0,none,not_computed
BOOTSTRAP_V4_1_TO_V5_RULESET_CONDITIONED,RS_Y1_R018_C03,PG_BOOL_R018,PG_BOOL_R018_C03,Y1_basic_boolean,between_range,6,6,6,6,1.0,1.0,1.0,0.0,0.0,0.9350000000000002,0.0,none,not_computed
BOOTSTRAP_V4_1_TO_V5_RULESET_CONDITIONED,RS_Y1_R018_C04,PG_BOOL_R018,PG_BOOL_R018_C04,Y1_basic_boolean,between_range,6,6,6,6,1.0,1.0,1.0,0.0,0.0,0.9350000000000002,0.0,none,not_computed
BOOTSTRAP_V4_1_TO_V5_RULESET_CONDITIONED,RS_Y1_R018_C05,PG_BOOL_R018,PG_BOOL_R018_C05,Y1_basic_boolean,between_range,6,6,6,6,1.0,1.0,1.0,0.0,0.0,0.9350000000000002,0.0,none,not_computed
BOOTSTRAP_V4_1_TO_V5_RULESET_CONDITIONED,RS_Y1_R018_C06,PG_BOOL_R018,PG_BOOL_R018_C06,Y1_basic_boolean,between_range,6,6,6,6,1.0,1.0,1.0,0.0,0.0,0.9350000000000002,0.0,none,not_computed
BOOTSTRAP_V4_1_TO_V5_RULESET_CONDITIONED,RS_Y1_R018_C07,PG_BOOL_R018,PG_BOOL_R018_C07,Y1_basic_boolean,between_range,6,6,6,6,1.0,1.0,1.0,0.0,0.0,0.9350000000000002,0.0,none,not_computed
BOOTSTRAP_V4_1_TO_V5_RULESET_CONDITIONED,RS_Y1_R018_C08,PG_BOOL_R018,PG_BOOL_R018_C08,Y1_basic_boolean,between_range,6,6,6,6,1.0,1.0,1.0,0.0,0.0,0.9350000000000002,0.0,none,not_computed
BOOTSTRAP_V4_1_TO_V5_RULESET_CONDITIONED,RS_Y1_R018_C09,PG_BOOL_R018,PG_BOOL_R018_C09,Y1_basic_boolean,between_range,6,6,6,6,1.0,1.0,1.0,0.0,0.0,0.9350000000000002,0.0,none,not_computed
BOOTSTRAP_V4_1_TO_V5_RULESET_CONDITIONED,RS_Y1_R018_C10,PG_BOOL_R018,PG_BOOL_R018_C10,Y1_basic_boolean,between_range,6,6,6,6,1.0,1.0,1.0,0.0,0.0,0.9350000000000002,0.0,none,not_computed
BOOTSTRAP_V4_1_TO_V5_RULESET_CONDITIONED,RS_Y1_R019_C01,PG_BOOL_R019,PG_BOOL_R019_C01,Y1_basic_boolean,between_range,6,6,6,6,1.0,1.0,1.0,0.0,0.0,0.9350000000000002,0.0,none,not_computed
BOOTSTRAP_V4_1_TO_V5_RULESET_CONDITIONED,RS_Y1_R019_C02,PG_BOOL_R019,PG_BOOL_R019_C02,Y1_basic_boolean,between_range,6,6,6,6,1.0,1.0,1.0,0.0,0.0,0.9350000000000002,0.0,none,not_computed
BOOTSTRAP_V4_1_TO_V5_RULESET_CONDITIONED,RS_Y1_R019_C03,PG_BOOL_R019,PG_BOOL_R019_C03,Y1_basic_boolean,between_range,6,6,6,6,1.0,1.0,1.0,0.0,0.0,0.9350000000000002,0.0,none,not_computed
BOOTSTRAP_V4_1_TO_V5_RULESET_CONDITIONED,RS_Y1_R019_C04,PG_BOOL_R019,PG_BOOL_R019_C04,Y1_basic_boolean,between_range,6,6,6,6,1.0,1.0,1.0,0.0,0.0,0.9350000000000002,0.0,none,not_computed
BOOTSTRAP_V4_1_TO_V5_RULESET_CONDITIONED,RS_Y1_R019_C05,PG_BOOL_R019,PG_BOOL_R019_C05,Y1_basic_boolean,between_range,6,6,6,6,1.0,1.0,1.0,0.0,0.0,0.9350000000000002,0.0,none,not_computed
BOOTSTRAP_V4_1_TO_V5_RULESET_CONDITIONED,RS_Y1_R019_C06,PG_BOOL_R019,PG_BOOL_R019_C06,Y1_basic_boolean,between_range,6,6,6,6,1.0,1.0,1.0,0.0,0.0,0.9350000000000002,0.0,none,not_computed
BOOTSTRAP_V4_1_TO_V5_RULESET_CONDITIONED,RS_Y1_R019_C07,PG_BOOL_R019,PG_BOOL_R019_C07,Y1_basic_boolean,between_range,6,6,6,6,1.0,1.0,1.0,0.0,0.0,0.9350000000000002,0.0,none,not_computed
BOOTSTRAP_V4_1_TO_V5_RULESET_CONDITIONED,RS_Y1_R019_C08,PG_BOOL_R019,PG_BOOL_R019_C08,Y1_basic_boolean,between_range,6,6,6,6,1.0,1.0,1.0,0.0,0.0,0.9350000000000002,0.0,none,not_computed
BOOTSTRAP_V4_1_TO_V5_RULESET_CONDITIONED,RS_Y1_R019_C09,PG_BOOL_R019,PG_BOOL_R019_C09,Y1_basic_boolean,between_range,6,6,6,6,1.0,1.0,1.0,0.0,0.0,0.9350000000000002,0.0,none,not_computed
BOOTSTRAP_V4_1_TO_V5_RULESET_CONDITIONED,RS_Y1_R019_C10,PG_BOOL_R019,PG_BOOL_R019_C10,Y1_basic_boolean,between_range,6,6,6,6,1.0,1.0,1.0,0.0,0.0,0.9350000000000002,0.0,none,not_computed
BOOTSTRAP_V4_1_TO_V5_RULESET_CONDITIONED,RS_Y1_R020_C01,PG_BOOL_R020,PG_BOOL_R020_C01,Y1_basic_boolean,between_range,6,6,6,6,1.0,1.0,1.0,0.0,0.0,0.9350000000000002,0.0,none,not_computed
BOOTSTRAP_V4_1_TO_V5_RULESET_CONDITIONED,RS_Y1_R020_C02,PG_BOOL_R020,PG_BOOL_R020_C02,Y1_basic_boolean,between_range,6,6,6,6,1.0,1.0,1.0,0.0,0.0,0.9350000000000002,0.0,none,not_computed
BOOTSTRAP_V4_1_TO_V5_RULESET_CONDITIONED,RS_Y1_R020_C03,PG_BOOL_R020,PG_BOOL_R020_C03,Y1_basic_boolean,between_range,6,6,6,6,1.0,1.0,1.0,0.0,0.0,0.9350000000000002,0.0,none,not_computed
BOOTSTRAP_V4_1_TO_V5_RULESET_CONDITIONED,RS_Y1_R020_C04,PG_BOOL_R020,PG_BOOL_R020_C04,Y1_basic_boolean,between_range,6,6,6,6,1.0,1.0,1.0,0.0,0.0,0.9350000000000002,0.0,none,not_computed
BOOTSTRAP_V4_1_TO_V5_RULESET_CONDITIONED,RS_Y1_R020_C05,PG_BOOL_R020,PG_BOOL_R020_C05,Y1_basic_boolean,between_range,6,6,6,6,1.0,1.0,1.0,0.0,0.0,0.9350000000000002,0.0,none,not_computed
BOOTSTRAP_V4_1_TO_V5_RULESET_CONDITIONED,RS_Y1_R020_C06,PG_BOOL_R020,PG_BOOL_R020_C06,Y1_basic_boolean,between_range,6,6,6,6,1.0,1.0,1.0,0.0,0.0,0.9350000000000002,0.0,none,not_computed
BOOTSTRAP_V4_1_TO_V5_RULESET_CONDITIONED,RS_Y1_R020_C07,PG_BOOL_R020,PG_BOOL_R020_C07,Y1_basic_boolean,between_range,6,6,6,6,1.0,1.0,1.0,0.0,0.0,0.9350000000000002,0.0,none,not_computed
BOOTSTRAP_V4_1_TO_V5_RULESET_CONDITIONED,RS_Y1_R020_C08,PG_BOOL_R020,PG_BOOL_R020_C08,Y1_basic_boolean,between_range,6,6,6,6,1.0,1.0,1.0,0.0,0.0,0.9350000000000002,0.0,none,not_computed
BOOTSTRAP_V4_1_TO_V5_RULESET_CONDITIONED,RS_Y1_R020_C09,PG_BOOL_R020,PG_BOOL_R020_C09,Y1_basic_boolean,between_range,6,6,6,6,1.0,1.0,1.0,0.0,0.0,0.9350000000000002,0.0,none,not_computed
BOOTSTRAP_V4_1_TO_V5_RULESET_CONDITIONED,RS_Y1_R020_C10,PG_BOOL_R020,PG_BOOL_R020_C10,Y1_basic_boolean,between_range,6,6,6,6,1.0,1.0,1.0,0.0,0.0,0.9350000000000002,0.0,none,not_computed
BOOTSTRAP_V4_1_TO_V5_RULESET_CONDITIONED,RS_Y1_R021_C01,PG_BOOL_R021,PG_BOOL_R021_C01,Y1_basic_boolean,membership_list,6,6,6,6,1.0,1.0,1.0,0.0,0.0,0.9350000000000002,0.0,none,not_computed
BOOTSTRAP_V4_1_TO_V5_RULESET_CONDITIONED,RS_Y1_R021_C02,PG_BOOL_R021,PG_BOOL_R021_C02,Y1_basic_boolean,membership_list,6,6,6,6,1.0,1.0,1.0,0.0,0.0,0.9350000000000002,0.0,none,not_computed
BOOTSTRAP_V4_1_TO_V5_RULESET_CONDITIONED,RS_Y1_R021_C03,PG_BOOL_R021,PG_BOOL_R021_C03,Y1_basic_boolean,membership_list,6,6,6,6,1.0,1.0,1.0,0.0,0.0,0.9350000000000002,0.0,none,not_computed
BOOTSTRAP_V4_1_TO_V5_RULESET_CONDITIONED,RS_Y1_R021_C04,PG_BOOL_R021,PG_BOOL_R021_C04,Y1_basic_boolean,membership_list,6,6,6,6,1.0,1.0,1.0,0.0,0.0,0.9350000000000002,0.0,none,not_computed
BOOTSTRAP_V4_1_TO_V5_RULESET_CONDITIONED,RS_Y1_R021_C05,PG_BOOL_R021,PG_BOOL_R021_C05,Y1_basic_boolean,membership_list,6,6,6,6,1.0,1.0,1.0,0.0,0.0,0.9350000000000002,0.0,none,not_computed
BOOTSTRAP_V4_1_TO_V5_RULESET_CONDITIONED,RS_Y1_R021_C06,PG_BOOL_R021,PG_BOOL_R021_C06,Y1_basic_boolean,membership_list,6,6,6,6,1.0,1.0,1.0,0.0,0.0,0.9350000000000002,0.0,none,not_computed
BOOTSTRAP_V4_1_TO_V5_RULESET_CONDITIONED,RS_Y1_R021_C07,PG_BOOL_R021,PG_BOOL_R021_C07,Y1_basic_boolean,membership_list,6,6,6,6,1.0,1.0,1.0,0.0,0.0,0.9350000000000002,0.0,none,not_computed
BOOTSTRAP_V4_1_TO_V5_RULESET_CONDITIONED,RS_Y1_R021_C08,PG_BOOL_R021,PG_BOOL_R021_C08,Y1_basic_boolean,membership_list,6,6,6,6,1.0,1.0,1.0,0.0,0.0,0.9350000000000002,0.0,none,not_computed
BOOTSTRAP_V4_1_TO_V5_RULESET_CONDITIONED,RS_Y1_R021_C09,PG_BOOL_R021,PG_BOOL_R021_C09,Y1_basic_boolean,membership_list,6,6,6,6,1.0,1.0,1.0,0.0,0.0,0.9350000000000002,0.0,none,not_computed
BOOTSTRAP_V4_1_TO_V5_RULESET_CONDITIONED,RS_Y1_R021_C10,PG_BOOL_R021,PG_BOOL_R021_C10,Y1_basic_boolean,membership_list,6,6,6,6,1.0,1.0,1.0,0.0,0.0,0.9350000000000002,0.0,none,not_computed
BOOTSTRAP_V4_1_TO_V5_RULESET_CONDITIONED,RS_Y1_R022_C01,PG_BOOL_R022,PG_BOOL_R022_C01,Y1_basic_boolean,membership_list,6,6,6,6,1.0,1.0,1.0,0.0,0.0,0.9350000000000002,0.0,none,not_computed
BOOTSTRAP_V4_1_TO_V5_RULESET_CONDITIONED,RS_Y1_R022_C02,PG_BOOL_R022,PG_BOOL_R022_C02,Y1_basic_boolean,membership_list,6,6,6,6,1.0,1.0,1.0,0.0,0.0,0.9350000000000002,0.0,none,not_computed
BOOTSTRAP_V4_1_TO_V5_RULESET_CONDITIONED,RS_Y1_R022_C03,PG_BOOL_R022,PG_BOOL_R022_C03,Y1_basic_boolean,membership_list,6,6,6,6,1.0,1.0,1.0,0.0,0.0,0.9350000000000002,0.0,none,not_computed
BOOTSTRAP_V4_1_TO_V5_RULESET_CONDITIONED,RS_Y1_R022_C04,PG_BOOL_R022,PG_BOOL_R022_C04,Y1_basic_boolean,membership_list,6,6,6,6,1.0,1.0,1.0,0.0,0.0,0.9350000000000002,0.0,none,not_computed
BOOTSTRAP_V4_1_TO_V5_RULESET_CONDITIONED,RS_Y1_R022_C05,PG_BOOL_R022,PG_BOOL_R022_C05,Y1_basic_boolean,membership_list,6,6,6,6,1.0,1.0,1.0,0.0,0.0,0.9350000000000002,0.0,none,not_computed
BOOTSTRAP_V4_1_TO_V5_RULESET_CONDITIONED,RS_Y1_R022_C06,PG_BOOL_R022,PG_BOOL_R022_C06,Y1_basic_boolean,membership_list,6,6,6,6,1.0,1.0,1.0,0.0,0.0,0.9350000000000002,0.0,none,not_computed
BOOTSTRAP_V4_1_TO_V5_RULESET_CONDITIONED,RS_Y1_R022_C07,PG_BOOL_R022,PG_BOOL_R022_C07,Y1_basic_boolean,membership_list,6,6,6,6,1.0,1.0,1.0,0.0,0.0,0.9350000000000002,0.0,none,not_computed
BOOTSTRAP_V4_1_TO_V5_RULESET_CONDITIONED,RS_Y1_R022_C08,PG_BOOL_R022,PG_BOOL_R022_C08,Y1_basic_boolean,membership_list,6,6,6,6,1.0,1.0,1.0,0.0,0.0,0.9350000000000002,0.0,none,not_computed
BOOTSTRAP_V4_1_TO_V5_RULESET_CONDITIONED,RS_Y1_R022_C09,PG_BOOL_R022,PG_BOOL_R022_C09,Y1_basic_boolean,membership_list,6,6,6,6,1.0,1.0,1.0,0.0,0.0,0.9350000000000002,0.0,none,not_computed
BOOTSTRAP_V4_1_TO_V5_RULESET_CONDITIONED,RS_Y1_R022_C10,PG_BOOL_R022,PG_BOOL_R022_C10,Y1_basic_boolean,membership_list,6,6,6,6,1.0,1.0,1.0,0.0,0.0,0.9350000000000002,0.0,none,not_computed
BOOTSTRAP_V4_1_TO_V5_RULESET_CONDITIONED,RS_Y1_R023_C01,PG_BOOL_R023,PG_BOOL_R023_C01,Y1_basic_boolean,membership_list,6,6,6,6,1.0,1.0,1.0,0.0,0.0,0.9350000000000002,0.0,none,not_computed
BOOTSTRAP_V4_1_TO_V5_RULESET_CONDITIONED,RS_Y1_R023_C02,PG_BOOL_R023,PG_BOOL_R023_C02,Y1_basic_boolean,membership_list,6,6,6,6,1.0,1.0,1.0,0.0,0.0,0.9350000000000002,0.0,none,not_computed
BOOTSTRAP_V4_1_TO_V5_RULESET_CONDITIONED,RS_Y1_R023_C03,PG_BOOL_R023,PG_BOOL_R023_C03,Y1_basic_boolean,membership_list,6,6,6,6,1.0,1.0,1.0,0.0,0.0,0.9350000000000002,0.0,none,not_computed
BOOTSTRAP_V4_1_TO_V5_RULESET_CONDITIONED,RS_Y1_R023_C04,PG_BOOL_R023,PG_BOOL_R023_C04,Y1_basic_boolean,membership_list,6,6,6,6,1.0,1.0,1.0,0.0,0.0,0.9350000000000002,0.0,none,not_computed
BOOTSTRAP_V4_1_TO_V5_RULESET_CONDITIONED,RS_Y1_R023_C05,PG_BOOL_R023,PG_BOOL_R023_C05,Y1_basic_boolean,membership_list,6,6,6,6,1.0,1.0,1.0,0.0,0.0,0.9350000000000002,0.0,none,not_computed
BOOTSTRAP_V4_1_TO_V5_RULESET_CONDITIONED,RS_Y1_R023_C06,PG_BOOL_R023,PG_BOOL_R023_C06,Y1_basic_boolean,membership_list,6,6,6,6,1.0,1.0,1.0,0.0,0.0,0.9350000000000002,0.0,none,not_computed
BOOTSTRAP_V4_1_TO_V5_RULESET_CONDITIONED,RS_Y1_R023_C07,PG_BOOL_R023,PG_BOOL_R023_C07,Y1_basic_boolean,membership_list,6,6,6,6,1.0,1.0,1.0,0.0,0.0,0.9350000000000002,0.0,none,not_computed
BOOTSTRAP_V4_1_TO_V5_RULESET_CONDITIONED,RS_Y1_R023_C08,PG_BOOL_R023,PG_BOOL_R023_C08,Y1_basic_boolean,membership_list,6,6,6,6,1.0,1.0,1.0,0.0,0.0,0.9350000000000002,0.0,none,not_computed
BOOTSTRAP_V4_1_TO_V5_RULESET_CONDITIONED,RS_Y1_R023_C09,PG_BOOL_R023,PG_BOOL_R023_C09,Y1_basic_boolean,membership_list,6,6,6,6,1.0,1.0,1.0,0.0,0.0,0.9350000000000002,0.0,none,not_computed
BOOTSTRAP_V4_1_TO_V5_RULESET_CONDITIONED,RS_Y1_R023_C10,PG_BOOL_R023,PG_BOOL_R023_C10,Y1_basic_boolean,membership_list,6,6,6,6,1.0,1.0,1.0,0.0,0.0,0.9350000000000002,0.0,none,not_computed
BOOTSTRAP_V4_1_TO_V5_RULESET_CONDITIONED,RS_Y1_R024_C01,PG_BOOL_R024,PG_BOOL_R024_C01,Y1_basic_boolean,membership_list,6,6,6,6,1.0,1.0,1.0,0.0,0.0,0.9350000000000002,0.0,none,not_computed
BOOTSTRAP_V4_1_TO_V5_RULESET_CONDITIONED,RS_Y1_R024_C02,PG_BOOL_R024,PG_BOOL_R024_C02,Y1_basic_boolean,membership_list,6,6,6,6,1.0,1.0,1.0,0.0,0.0,0.9350000000000002,0.0,none,not_computed
BOOTSTRAP_V4_1_TO_V5_RULESET_CONDITIONED,RS_Y1_R024_C03,PG_BOOL_R024,PG_BOOL_R024_C03,Y1_basic_boolean,membership_list,6,6,6,6,1.0,1.0,1.0,0.0,0.0,0.9350000000000002,0.0,none,not_computed
BOOTSTRAP_V4_1_TO_V5_RULESET_CONDITIONED,RS_Y1_R024_C04,PG_BOOL_R024,PG_BOOL_R024_C04,Y1_basic_boolean,membership_list,6,6,6,6,1.0,1.0,1.0,0.0,0.0,0.9350000000000002,0.0,none,not_computed
BOOTSTRAP_V4_1_TO_V5_RULESET_CONDITIONED,RS_Y1_R024_C05,PG_BOOL_R024,PG_BOOL_R024_C05,Y1_basic_boolean,membership_list,6,6,6,6,1.0,1.0,1.0,0.0,0.0,0.9350000000000002,0.0,none,not_computed
BOOTSTRAP_V4_1_TO_V5_RULESET_CONDITIONED,RS_Y1_R024_C06,PG_BOOL_R024,PG_BOOL_R024_C06,Y1_basic_boolean,membership_list,6,6,6,6,1.0,1.0,1.0,0.0,0.0,0.9350000000000002,0.0,none,not_computed
BOOTSTRAP_V4_1_TO_V5_RULESET_CONDITIONED,RS_Y1_R024_C07,PG_BOOL_R024,PG_BOOL_R024_C07,Y1_basic_boolean,membership_list,6,6,6,6,1.0,1.0,1.0,0.0,0.0,0.9350000000000002,0.0,none,not_computed
BOOTSTRAP_V4_1_TO_V5_RULESET_CONDITIONED,RS_Y1_R024_C08,PG_BOOL_R024,PG_BOOL_R024_C08,Y1_basic_boolean,membership_list,6,6,6,6,1.0,1.0,1.0,0.0,0.0,0.9350000000000002,0.0,none,not_computed
BOOTSTRAP_V4_1_TO_V5_RULESET_CONDITIONED,RS_Y1_R024_C09,PG_BOOL_R024,PG_BOOL_R024_C09,Y1_basic_boolean,membership_list,6,6,6,6,1.0,1.0,1.0,0.0,0.0,0.9350000000000002,0.0,none,not_computed
BOOTSTRAP_V4_1_TO_V5_RULESET_CONDITIONED,RS_Y1_R024_C10,PG_BOOL_R024,PG_BOOL_R024_C10,Y1_basic_boolean,membership_list,6,6,6,6,1.0,1.0,1.0,0.0,0.0,0.9350000000000002,0.0,none,not_computed
BOOTSTRAP_V4_1_TO_V5_RULESET_CONDITIONED,RS_Y1_R025_C01,PG_BOOL_R025,PG_BOOL_R025_C01,Y1_basic_boolean,membership_list,6,6,6,6,1.0,1.0,1.0,0.0,0.0,0.9350000000000002,0.0,none,not_computed
BOOTSTRAP_V4_1_TO_V5_RULESET_CONDITIONED,RS_Y1_R025_C02,PG_BOOL_R025,PG_BOOL_R025_C02,Y1_basic_boolean,membership_list,6,6,6,6,1.0,1.0,1.0,0.0,0.0,0.9350000000000002,0.0,none,not_computed
BOOTSTRAP_V4_1_TO_V5_RULESET_CONDITIONED,RS_Y1_R025_C03,PG_BOOL_R025,PG_BOOL_R025_C03,Y1_basic_boolean,membership_list,6,6,6,6,1.0,1.0,1.0,0.0,0.0,0.9350000000000002,0.0,none,not_computed
BOOTSTRAP_V4_1_TO_V5_RULESET_CONDITIONED,RS_Y1_R025_C04,PG_BOOL_R025,PG_BOOL_R025_C04,Y1_basic_boolean,membership_list,6,6,6,6,1.0,1.0,1.0,0.0,0.0,0.9350000000000002,0.0,none,not_computed
BOOTSTRAP_V4_1_TO_V5_RULESET_CONDITIONED,RS_Y1_R025_C05,PG_BOOL_R025,PG_BOOL_R025_C05,Y1_basic_boolean,membership_list,6,6,6,6,1.0,1.0,1.0,0.0,0.0,0.9350000000000002,0.0,none,not_computed
BOOTSTRAP_V4_1_TO_V5_RULESET_CONDITIONED,RS_Y1_R025_C06,PG_BOOL_R025,PG_BOOL_R025_C06,Y1_basic_boolean,membership_list,6,6,6,6,1.0,1.0,1.0,0.0,0.0,0.9350000000000002,0.0,none,not_computed
BOOTSTRAP_V4_1_TO_V5_RULESET_CONDITIONED,RS_Y1_R025_C07,PG_BOOL_R025,PG_BOOL_R025_C07,Y1_basic_boolean,membership_list,6,6,6,6,1.0,1.0,1.0,0.0,0.0,0.9350000000000002,0.0,none,not_computed
BOOTSTRAP_V4_1_TO_V5_RULESET_CONDITIONED,RS_Y1_R025_C08,PG_BOOL_R025,PG_BOOL_R025_C08,Y1_basic_boolean,membership_list,6,6,6,6,1.0,1.0,1.0,0.0,0.0,0.9350000000000002,0.0,none,not_computed
BOOTSTRAP_V4_1_TO_V5_RULESET_CONDITIONED,RS_Y1_R025_C09,PG_BOOL_R025,PG_BOOL_R025_C09,Y1_basic_boolean,membership_list,6,6,6,6,1.0,1.0,1.0,0.0,0.0,0.9350000000000002,0.0,none,not_computed
BOOTSTRAP_V4_1_TO_V5_RULESET_CONDITIONED,RS_Y1_R025_C10,PG_BOOL_R025,PG_BOOL_R025_C10,Y1_basic_boolean,membership_list,6,6,6,6,1.0,1.0,1.0,0.0,0.0,0.9350000000000002,0.0,none,not_computed
BOOTSTRAP_V4_1_TO_V5_RULESET_CONDITIONED,RS_Y1_R026_C01,PG_BOOL_R026,PG_BOOL_R026_C01,Y1_basic_boolean,any_all_array,6,6,6,6,1.0,1.0,1.0,0.0,0.0,0.9350000000000002,0.0,none,not_computed
BOOTSTRAP_V4_1_TO_V5_RULESET_CONDITIONED,RS_Y1_R026_C02,PG_BOOL_R026,PG_BOOL_R026_C02,Y1_basic_boolean,any_all_array,6,6,6,6,1.0,1.0,1.0,0.0,0.0,0.9350000000000002,0.0,none,not_computed
BOOTSTRAP_V4_1_TO_V5_RULESET_CONDITIONED,RS_Y1_R026_C03,PG_BOOL_R026,PG_BOOL_R026_C03,Y1_basic_boolean,any_all_array,6,6,6,6,1.0,1.0,1.0,0.0,0.0,0.9350000000000002,0.0,none,not_computed
BOOTSTRAP_V4_1_TO_V5_RULESET_CONDITIONED,RS_Y1_R026_C04,PG_BOOL_R026,PG_BOOL_R026_C04,Y1_basic_boolean,any_all_array,6,6,6,6,1.0,1.0,1.0,0.0,0.0,0.9350000000000002,0.0,none,not_computed
BOOTSTRAP_V4_1_TO_V5_RULESET_CONDITIONED,RS_Y1_R026_C05,PG_BOOL_R026,PG_BOOL_R026_C05,Y1_basic_boolean,any_all_array,6,6,6,6,1.0,1.0,1.0,0.0,0.0,0.9350000000000002,0.0,none,not_computed
BOOTSTRAP_V4_1_TO_V5_RULESET_CONDITIONED,RS_Y1_R026_C06,PG_BOOL_R026,PG_BOOL_R026_C06,Y1_basic_boolean,any_all_array,6,6,6,6,1.0,1.0,1.0,0.0,0.0,0.9350000000000002,0.0,none,not_computed
BOOTSTRAP_V4_1_TO_V5_RULESET_CONDITIONED,RS_Y1_R026_C07,PG_BOOL_R026,PG_BOOL_R026_C07,Y1_basic_boolean,any_all_array,6,6,6,6,1.0,1.0,1.0,0.0,0.0,0.9350000000000002,0.0,none,not_computed
BOOTSTRAP_V4_1_TO_V5_RULESET_CONDITIONED,RS_Y1_R026_C08,PG_BOOL_R026,PG_BOOL_R026_C08,Y1_basic_boolean,any_all_array,6,6,6,6,1.0,1.0,1.0,0.0,0.0,0.9350000000000002,0.0,none,not_computed
BOOTSTRAP_V4_1_TO_V5_RULESET_CONDITIONED,RS_Y1_R026_C09,PG_BOOL_R026,PG_BOOL_R026_C09,Y1_basic_boolean,any_all_array,6,6,6,6,1.0,1.0,1.0,0.0,0.0,0.9350000000000002,0.0,none,not_computed
BOOTSTRAP_V4_1_TO_V5_RULESET_CONDITIONED,RS_Y1_R026_C10,PG_BOOL_R026,PG_BOOL_R026_C10,Y1_basic_boolean,any_all_array,6,6,6,6,1.0,1.0,1.0,0.0,0.0,0.9350000000000002,0.0,none,not_computed
BOOTSTRAP_V4_1_TO_V5_RULESET_CONDITIONED,RS_Y1_R027_C01,PG_BOOL_R027,PG_BOOL_R027_C01,Y1_basic_boolean,any_all_array,6,6,6,6,1.0,1.0,1.0,0.0,0.0,0.9350000000000002,0.0,none,not_computed
BOOTSTRAP_V4_1_TO_V5_RULESET_CONDITIONED,RS_Y1_R027_C02,PG_BOOL_R027,PG_BOOL_R027_C02,Y1_basic_boolean,any_all_array,6,6,6,6,1.0,1.0,1.0,0.0,0.0,0.9350000000000002,0.0,none,not_computed
BOOTSTRAP_V4_1_TO_V5_RULESET_CONDITIONED,RS_Y1_R027_C03,PG_BOOL_R027,PG_BOOL_R027_C03,Y1_basic_boolean,any_all_array,6,6,6,6,1.0,1.0,1.0,0.0,0.0,0.9350000000000002,0.0,none,not_computed
BOOTSTRAP_V4_1_TO_V5_RULESET_CONDITIONED,RS_Y1_R027_C04,PG_BOOL_R027,PG_BOOL_R027_C04,Y1_basic_boolean,any_all_array,6,6,6,6,1.0,1.0,1.0,0.0,0.0,0.9350000000000002,0.0,none,not_computed
BOOTSTRAP_V4_1_TO_V5_RULESET_CONDITIONED,RS_Y1_R027_C05,PG_BOOL_R027,PG_BOOL_R027_C05,Y1_basic_boolean,any_all_array,6,6,6,6,1.0,1.0,1.0,0.0,0.0,0.9350000000000002,0.0,none,not_computed
BOOTSTRAP_V4_1_TO_V5_RULESET_CONDITIONED,RS_Y1_R027_C06,PG_BOOL_R027,PG_BOOL_R027_C06,Y1_basic_boolean,any_all_array,6,6,6,6,1.0,1.0,1.0,0.0,0.0,0.9350000000000002,0.0,none,not_computed
BOOTSTRAP_V4_1_TO_V5_RULESET_CONDITIONED,RS_Y1_R027_C07,PG_BOOL_R027,PG_BOOL_R027_C07,Y1_basic_boolean,any_all_array,6,6,6,6,1.0,1.0,1.0,0.0,0.0,0.9350000000000002,0.0,none,not_computed
BOOTSTRAP_V4_1_TO_V5_RULESET_CONDITIONED,RS_Y1_R027_C08,PG_BOOL_R027,PG_BOOL_R027_C08,Y1_basic_boolean,any_all_array,6,6,6,6,1.0,1.0,1.0,0.0,0.0,0.9350000000000002,0.0,none,not_computed
BOOTSTRAP_V4_1_TO_V5_RULESET_CONDITIONED,RS_Y1_R027_C09,PG_BOOL_R027,PG_BOOL_R027_C09,Y1_basic_boolean,any_all_array,6,6,6,6,1.0,1.0,1.0,0.0,0.0,0.9350000000000002,0.0,none,not_computed
BOOTSTRAP_V4_1_TO_V5_RULESET_CONDITIONED,RS_Y1_R027_C10,PG_BOOL_R027,PG_BOOL_R027_C10,Y1_basic_boolean,any_all_array,6,6,6,6,1.0,1.0,1.0,0.0,0.0,0.9350000000000002,0.0,none,not_computed
BOOTSTRAP_V4_1_TO_V5_RULESET_CONDITIONED,RS_Y1_R028_C01,PG_BOOL_R028,PG_BOOL_R028_C01,Y1_basic_boolean,any_all_array,6,6,6,6,1.0,1.0,1.0,0.0,0.0,0.9350000000000002,0.0,none,not_computed
BOOTSTRAP_V4_1_TO_V5_RULESET_CONDITIONED,RS_Y1_R028_C02,PG_BOOL_R028,PG_BOOL_R028_C02,Y1_basic_boolean,any_all_array,6,6,6,6,1.0,1.0,1.0,0.0,0.0,0.9350000000000002,0.0,none,not_computed
BOOTSTRAP_V4_1_TO_V5_RULESET_CONDITIONED,RS_Y1_R028_C03,PG_BOOL_R028,PG_BOOL_R028_C03,Y1_basic_boolean,any_all_array,6,6,6,6,1.0,1.0,1.0,0.0,0.0,0.9350000000000002,0.0,none,not_computed
BOOTSTRAP_V4_1_TO_V5_RULESET_CONDITIONED,RS_Y1_R028_C04,PG_BOOL_R028,PG_BOOL_R028_C04,Y1_basic_boolean,any_all_array,6,6,6,6,1.0,1.0,1.0,0.0,0.0,0.9350000000000002,0.0,none,not_computed
BOOTSTRAP_V4_1_TO_V5_RULESET_CONDITIONED,RS_Y1_R028_C05,PG_BOOL_R028,PG_BOOL_R028_C05,Y1_basic_boolean,any_all_array,6,6,6,6,1.0,1.0,1.0,0.0,0.0,0.9350000000000002,0.0,none,not_computed
BOOTSTRAP_V4_1_TO_V5_RULESET_CONDITIONED,RS_Y1_R028_C06,PG_BOOL_R028,PG_BOOL_R028_C06,Y1_basic_boolean,any_all_array,6,6,6,6,1.0,1.0,1.0,0.0,0.0,0.9350000000000002,0.0,none,not_computed
BOOTSTRAP_V4_1_TO_V5_RULESET_CONDITIONED,RS_Y1_R028_C07,PG_BOOL_R028,PG_BOOL_R028_C07,Y1_basic_boolean,any_all_array,6,6,6,6,1.0,1.0,1.0,0.0,0.0,0.9350000000000002,0.0,none,not_computed
BOOTSTRAP_V4_1_TO_V5_RULESET_CONDITIONED,RS_Y1_R028_C08,PG_BOOL_R028,PG_BOOL_R028_C08,Y1_basic_boolean,any_all_array,6,6,6,6,1.0,1.0,1.0,0.0,0.0,0.9350000000000002,0.0,none,not_computed
BOOTSTRAP_V4_1_TO_V5_RULESET_CONDITIONED,RS_Y1_R028_C09,PG_BOOL_R028,PG_BOOL_R028_C09,Y1_basic_boolean,any_all_array,6,6,6,6,1.0,1.0,1.0,0.0,0.0,0.9350000000000002,0.0,none,not_computed
BOOTSTRAP_V4_1_TO_V5_RULESET_CONDITIONED,RS_Y1_R028_C10,PG_BOOL_R028,PG_BOOL_R028_C10,Y1_basic_boolean,any_all_array,6,6,6,6,1.0,1.0,1.0,0.0,0.0,0.9350000000000002,0.0,none,not_computed
BOOTSTRAP_V4_1_TO_V5_RULESET_CONDITIONED,RS_Y1_R029_C01,PG_BOOL_R029,PG_BOOL_R029_C01,Y1_basic_boolean,any_all_array,6,6,6,6,1.0,1.0,1.0,0.0,0.0,0.9350000000000002,0.0,none,not_computed
BOOTSTRAP_V4_1_TO_V5_RULESET_CONDITIONED,RS_Y1_R029_C02,PG_BOOL_R029,PG_BOOL_R029_C02,Y1_basic_boolean,any_all_array,6,6,6,6,1.0,1.0,1.0,0.0,0.0,0.9350000000000002,0.0,none,not_computed
BOOTSTRAP_V4_1_TO_V5_RULESET_CONDITIONED,RS_Y1_R029_C03,PG_BOOL_R029,PG_BOOL_R029_C03,Y1_basic_boolean,any_all_array,6,6,6,6,1.0,1.0,1.0,0.0,0.0,0.9350000000000002,0.0,none,not_computed
BOOTSTRAP_V4_1_TO_V5_RULESET_CONDITIONED,RS_Y1_R029_C04,PG_BOOL_R029,PG_BOOL_R029_C04,Y1_basic_boolean,any_all_array,6,6,6,6,1.0,1.0,1.0,0.0,0.0,0.9350000000000002,0.0,none,not_computed
BOOTSTRAP_V4_1_TO_V5_RULESET_CONDITIONED,RS_Y1_R029_C05,PG_BOOL_R029,PG_BOOL_R029_C05,Y1_basic_boolean,any_all_array,6,6,6,6,1.0,1.0,1.0,0.0,0.0,0.9350000000000002,0.0,none,not_computed
BOOTSTRAP_V4_1_TO_V5_RULESET_CONDITIONED,RS_Y1_R029_C06,PG_BOOL_R029,PG_BOOL_R029_C06,Y1_basic_boolean,any_all_array,6,6,6,6,1.0,1.0,1.0,0.0,0.0,0.9350000000000002,0.0,none,not_computed
BOOTSTRAP_V4_1_TO_V5_RULESET_CONDITIONED,RS_Y1_R029_C07,PG_BOOL_R029,PG_BOOL_R029_C07,Y1_basic_boolean,any_all_array,6,6,6,6,1.0,1.0,1.0,0.0,0.0,0.9350000000000002,0.0,none,not_computed
BOOTSTRAP_V4_1_TO_V5_RULESET_CONDITIONED,RS_Y1_R029_C08,PG_BOOL_R029,PG_BOOL_R029_C08,Y1_basic_boolean,any_all_array,6,6,6,6,1.0,1.0,1.0,0.0,0.0,0.9350000000000002,0.0,none,not_computed
BOOTSTRAP_V4_1_TO_V5_RULESET_CONDITIONED,RS_Y1_R029_C09,PG_BOOL_R029,PG_BOOL_R029_C09,Y1_basic_boolean,any_all_array,6,6,6,6,1.0,1.0,1.0,0.0,0.0,0.9350000000000002,0.0,none,not_computed
BOOTSTRAP_V4_1_TO_V5_RULESET_CONDITIONED,RS_Y1_R029_C10,PG_BOOL_R029,PG_BOOL_R029_C10,Y1_basic_boolean,any_all_array,6,6,6,6,1.0,1.0,1.0,0.0,0.0,0.9350000000000002,0.0,none,not_computed
BOOTSTRAP_V4_1_TO_V5_RULESET_CONDITIONED,RS_Y1_R030_C01,PG_BOOL_R030,PG_BOOL_R030_C01,Y1_basic_boolean,any_all_array,6,6,6,6,1.0,1.0,1.0,0.0,0.0,0.9350000000000002,0.0,none,not_computed
BOOTSTRAP_V4_1_TO_V5_RULESET_CONDITIONED,RS_Y1_R030_C02,PG_BOOL_R030,PG_BOOL_R030_C02,Y1_basic_boolean,any_all_array,6,6,6,6,1.0,1.0,1.0,0.0,0.0,0.9350000000000002,0.0,none,not_computed
BOOTSTRAP_V4_1_TO_V5_RULESET_CONDITIONED,RS_Y1_R030_C03,PG_BOOL_R030,PG_BOOL_R030_C03,Y1_basic_boolean,any_all_array,6,6,6,6,1.0,1.0,1.0,0.0,0.0,0.9350000000000002,0.0,none,not_computed
BOOTSTRAP_V4_1_TO_V5_RULESET_CONDITIONED,RS_Y1_R030_C04,PG_BOOL_R030,PG_BOOL_R030_C04,Y1_basic_boolean,any_all_array,6,6,6,6,1.0,1.0,1.0,0.0,0.0,0.9350000000000002,0.0,none,not_computed
BOOTSTRAP_V4_1_TO_V5_RULESET_CONDITIONED,RS_Y1_R030_C05,PG_BOOL_R030,PG_BOOL_R030_C05,Y1_basic_boolean,any_all_array,6,6,6,6,1.0,1.0,1.0,0.0,0.0,0.9350000000000002,0.0,none,not_computed
BOOTSTRAP_V4_1_TO_V5_RULESET_CONDITIONED,RS_Y1_R030_C06,PG_BOOL_R030,PG_BOOL_R030_C06,Y1_basic_boolean,any_all_array,6,6,6,6,1.0,1.0,1.0,0.0,0.0,0.9350000000000002,0.0,none,not_computed
BOOTSTRAP_V4_1_TO_V5_RULESET_CONDITIONED,RS_Y1_R030_C07,PG_BOOL_R030,PG_BOOL_R030_C07,Y1_basic_boolean,any_all_array,6,6,6,6,1.0,1.0,1.0,0.0,0.0,0.9350000000000002,0.0,none,not_computed
BOOTSTRAP_V4_1_TO_V5_RULESET_CONDITIONED,RS_Y1_R030_C08,PG_BOOL_R030,PG_BOOL_R030_C08,Y1_basic_boolean,any_all_array,6,6,6,6,1.0,1.0,1.0,0.0,0.0,0.9350000000000002,0.0,none,not_computed
BOOTSTRAP_V4_1_TO_V5_RULESET_CONDITIONED,RS_Y1_R030_C09,PG_BOOL_R030,PG_BOOL_R030_C09,Y1_basic_boolean,any_all_array,6,6,6,6,1.0,1.0,1.0,0.0,0.0,0.9350000000000002,0.0,none,not_computed
BOOTSTRAP_V4_1_TO_V5_RULESET_CONDITIONED,RS_Y1_R030_C10,PG_BOOL_R030,PG_BOOL_R030_C10,Y1_basic_boolean,any_all_array,6,6,6,6,1.0,1.0,1.0,0.0,0.0,0.9350000000000002,0.0,none,not_computed
BOOTSTRAP_V4_1_TO_V5_RULESET_CONDITIONED,RS_Y1_R031_C01,PG_BOOL_R031,PG_BOOL_R031_C01,Y1_basic_boolean,like_ilike,6,6,6,0,1.0,1.0,1.0,0.0,0.0,0.9350000000000002,0.0,ok,not_computed
BOOTSTRAP_V4_1_TO_V5_RULESET_CONDITIONED,RS_Y1_R031_C02,PG_BOOL_R031,PG_BOOL_R031_C02,Y1_basic_boolean,like_ilike,6,6,6,0,1.0,1.0,1.0,0.0,0.0,0.9350000000000002,0.0,ok,not_computed
BOOTSTRAP_V4_1_TO_V5_RULESET_CONDITIONED,RS_Y1_R031_C03,PG_BOOL_R031,PG_BOOL_R031_C03,Y1_basic_boolean,like_ilike,6,6,6,0,1.0,1.0,1.0,0.0,0.0,0.9350000000000002,0.0,ok,not_computed
BOOTSTRAP_V4_1_TO_V5_RULESET_CONDITIONED,RS_Y1_R031_C04,PG_BOOL_R031,PG_BOOL_R031_C04,Y1_basic_boolean,like_ilike,6,6,6,0,1.0,1.0,1.0,0.0,0.0,0.9350000000000002,0.0,ok,not_computed
BOOTSTRAP_V4_1_TO_V5_RULESET_CONDITIONED,RS_Y1_R031_C05,PG_BOOL_R031,PG_BOOL_R031_C05,Y1_basic_boolean,like_ilike,6,6,6,0,1.0,1.0,1.0,0.0,0.0,0.9350000000000002,0.0,ok,not_computed
BOOTSTRAP_V4_1_TO_V5_RULESET_CONDITIONED,RS_Y1_R031_C06,PG_BOOL_R031,PG_BOOL_R031_C06,Y1_basic_boolean,like_ilike,6,6,6,0,1.0,1.0,1.0,0.0,0.0,0.9350000000000002,0.0,ok,not_computed
BOOTSTRAP_V4_1_TO_V5_RULESET_CONDITIONED,RS_Y1_R031_C07,PG_BOOL_R031,PG_BOOL_R031_C07,Y1_basic_boolean,like_ilike,6,6,6,0,1.0,1.0,1.0,0.0,0.0,0.9350000000000002,0.0,ok,not_computed
BOOTSTRAP_V4_1_TO_V5_RULESET_CONDITIONED,RS_Y1_R031_C08,PG_BOOL_R031,PG_BOOL_R031_C08,Y1_basic_boolean,like_ilike,6,6,6,0,1.0,1.0,1.0,0.0,0.0,0.9350000000000002,0.0,ok,not_computed
BOOTSTRAP_V4_1_TO_V5_RULESET_CONDITIONED,RS_Y1_R031_C09,PG_BOOL_R031,PG_BOOL_R031_C09,Y1_basic_boolean,like_ilike,6,6,6,0,1.0,1.0,1.0,0.0,0.0,0.9350000000000002,0.0,ok,not_computed
BOOTSTRAP_V4_1_TO_V5_RULESET_CONDITIONED,RS_Y1_R031_C10,PG_BOOL_R031,PG_BOOL_R031_C10,Y1_basic_boolean,like_ilike,6,6,6,0,1.0,1.0,1.0,0.0,0.0,0.9350000000000002,0.0,ok,not_computed
BOOTSTRAP_V4_1_TO_V5_RULESET_CONDITIONED,RS_Y1_R032_C01,PG_BOOL_R032,PG_BOOL_R032_C01,Y1_basic_boolean,like_ilike,6,6,6,0,1.0,1.0,1.0,0.0,0.0,0.9350000000000002,0.0,ok,not_computed
BOOTSTRAP_V4_1_TO_V5_RULESET_CONDITIONED,RS_Y1_R032_C02,PG_BOOL_R032,PG_BOOL_R032_C02,Y1_basic_boolean,like_ilike,6,6,6,0,1.0,1.0,1.0,0.0,0.0,0.9350000000000002,0.0,ok,not_computed
BOOTSTRAP_V4_1_TO_V5_RULESET_CONDITIONED,RS_Y1_R032_C03,PG_BOOL_R032,PG_BOOL_R032_C03,Y1_basic_boolean,like_ilike,6,6,6,0,1.0,1.0,1.0,0.0,0.0,0.9350000000000002,0.0,ok,not_computed
BOOTSTRAP_V4_1_TO_V5_RULESET_CONDITIONED,RS_Y1_R032_C04,PG_BOOL_R032,PG_BOOL_R032_C04,Y1_basic_boolean,like_ilike,6,6,6,0,1.0,1.0,1.0,0.0,0.0,0.9350000000000002,0.0,ok,not_computed
BOOTSTRAP_V4_1_TO_V5_RULESET_CONDITIONED,RS_Y1_R032_C05,PG_BOOL_R032,PG_BOOL_R032_C05,Y1_basic_boolean,like_ilike,6,6,6,0,1.0,1.0,1.0,0.0,0.0,0.9350000000000002,0.0,ok,not_computed
BOOTSTRAP_V4_1_TO_V5_RULESET_CONDITIONED,RS_Y1_R032_C06,PG_BOOL_R032,PG_BOOL_R032_C06,Y1_basic_boolean,like_ilike,6,6,6,0,1.0,1.0,1.0,0.0,0.0,0.9350000000000002,0.0,ok,not_computed
BOOTSTRAP_V4_1_TO_V5_RULESET_CONDITIONED,RS_Y1_R032_C07,PG_BOOL_R032,PG_BOOL_R032_C07,Y1_basic_boolean,like_ilike,6,6,6,0,1.0,1.0,1.0,0.0,0.0,0.9350000000000002,0.0,ok,not_computed
BOOTSTRAP_V4_1_TO_V5_RULESET_CONDITIONED,RS_Y1_R032_C08,PG_BOOL_R032,PG_BOOL_R032_C08,Y1_basic_boolean,like_ilike,6,6,6,0,1.0,1.0,1.0,0.0,0.0,0.9350000000000002,0.0,ok,not_computed
BOOTSTRAP_V4_1_TO_V5_RULESET_CONDITIONED,RS_Y1_R032_C09,PG_BOOL_R032,PG_BOOL_R032_C09,Y1_basic_boolean,like_ilike,6,6,6,0,1.0,1.0,1.0,0.0,0.0,0.9350000000000002,0.0,ok,not_computed
BOOTSTRAP_V4_1_TO_V5_RULESET_CONDITIONED,RS_Y1_R032_C10,PG_BOOL_R032,PG_BOOL_R032_C10,Y1_basic_boolean,like_ilike,6,6,6,0,1.0,1.0,1.0,0.0,0.0,0.9350000000000002,0.0,ok,not_computed
BOOTSTRAP_V4_1_TO_V5_RULESET_CONDITIONED,RS_Y1_R033_C01,PG_BOOL_R033,PG_BOOL_R033_C01,Y1_basic_boolean,like_ilike,6,6,6,0,1.0,1.0,1.0,0.0,0.0,0.9350000000000002,0.0,ok,not_computed
BOOTSTRAP_V4_1_TO_V5_RULESET_CONDITIONED,RS_Y1_R033_C02,PG_BOOL_R033,PG_BOOL_R033_C02,Y1_basic_boolean,like_ilike,6,6,6,0,1.0,1.0,1.0,0.0,0.0,0.9350000000000002,0.0,ok,not_computed
BOOTSTRAP_V4_1_TO_V5_RULESET_CONDITIONED,RS_Y1_R033_C03,PG_BOOL_R033,PG_BOOL_R033_C03,Y1_basic_boolean,like_ilike,6,6,6,0,1.0,1.0,1.0,0.0,0.0,0.9350000000000002,0.0,ok,not_computed
BOOTSTRAP_V4_1_TO_V5_RULESET_CONDITIONED,RS_Y1_R033_C04,PG_BOOL_R033,PG_BOOL_R033_C04,Y1_basic_boolean,like_ilike,6,6,6,0,1.0,1.0,1.0,0.0,0.0,0.9350000000000002,0.0,ok,not_computed
BOOTSTRAP_V4_1_TO_V5_RULESET_CONDITIONED,RS_Y1_R033_C05,PG_BOOL_R033,PG_BOOL_R033_C05,Y1_basic_boolean,like_ilike,6,6,6,0,1.0,1.0,1.0,0.0,0.0,0.9350000000000002,0.0,ok,not_computed
BOOTSTRAP_V4_1_TO_V5_RULESET_CONDITIONED,RS_Y1_R033_C06,PG_BOOL_R033,PG_BOOL_R033_C06,Y1_basic_boolean,like_ilike,6,6,6,0,1.0,1.0,1.0,0.0,0.0,0.9350000000000002,0.0,ok,not_computed
BOOTSTRAP_V4_1_TO_V5_RULESET_CONDITIONED,RS_Y1_R033_C07,PG_BOOL_R033,PG_BOOL_R033_C07,Y1_basic_boolean,like_ilike,6,6,6,0,1.0,1.0,1.0,0.0,0.0,0.9350000000000002,0.0,ok,not_computed
BOOTSTRAP_V4_1_TO_V5_RULESET_CONDITIONED,RS_Y1_R033_C08,PG_BOOL_R033,PG_BOOL_R033_C08,Y1_basic_boolean,like_ilike,6,6,6,0,1.0,1.0,1.0,0.0,0.0,0.9350000000000002,0.0,ok,not_computed
BOOTSTRAP_V4_1_TO_V5_RULESET_CONDITIONED,RS_Y1_R033_C09,PG_BOOL_R033,PG_BOOL_R033_C09,Y1_basic_boolean,like_ilike,6,6,6,0,1.0,1.0,1.0,0.0,0.0,0.9350000000000002,0.0,ok,not_computed
BOOTSTRAP_V4_1_TO_V5_RULESET_CONDITIONED,RS_Y1_R033_C10,PG_BOOL_R033,PG_BOOL_R033_C10,Y1_basic_boolean,like_ilike,6,6,6,0,1.0,1.0,1.0,0.0,0.0,0.9350000000000002,0.0,ok,not_computed
BOOTSTRAP_V4_1_TO_V5_RULESET_CONDITIONED,RS_Y1_R034_C01,PG_BOOL_R034,PG_BOOL_R034_C01,Y1_basic_boolean,like_ilike,6,6,6,0,1.0,1.0,1.0,0.0,0.0,0.9350000000000002,0.0,ok,not_computed
BOOTSTRAP_V4_1_TO_V5_RULESET_CONDITIONED,RS_Y1_R034_C02,PG_BOOL_R034,PG_BOOL_R034_C02,Y1_basic_boolean,like_ilike,6,6,6,0,1.0,1.0,1.0,0.0,0.0,0.9350000000000002,0.0,ok,not_computed
BOOTSTRAP_V4_1_TO_V5_RULESET_CONDITIONED,RS_Y1_R034_C03,PG_BOOL_R034,PG_BOOL_R034_C03,Y1_basic_boolean,like_ilike,6,6,6,0,1.0,1.0,1.0,0.0,0.0,0.9350000000000002,0.0,ok,not_computed
BOOTSTRAP_V4_1_TO_V5_RULESET_CONDITIONED,RS_Y1_R034_C04,PG_BOOL_R034,PG_BOOL_R034_C04,Y1_basic_boolean,like_ilike,6,6,6,0,1.0,1.0,1.0,0.0,0.0,0.9350000000000002,0.0,ok,not_computed
BOOTSTRAP_V4_1_TO_V5_RULESET_CONDITIONED,RS_Y1_R034_C05,PG_BOOL_R034,PG_BOOL_R034_C05,Y1_basic_boolean,like_ilike,6,6,6,0,1.0,1.0,1.0,0.0,0.0,0.9350000000000002,0.0,ok,not_computed
BOOTSTRAP_V4_1_TO_V5_RULESET_CONDITIONED,RS_Y1_R034_C06,PG_BOOL_R034,PG_BOOL_R034_C06,Y1_basic_boolean,like_ilike,6,6,6,0,1.0,1.0,1.0,0.0,0.0,0.9350000000000002,0.0,ok,not_computed
BOOTSTRAP_V4_1_TO_V5_RULESET_CONDITIONED,RS_Y1_R034_C07,PG_BOOL_R034,PG_BOOL_R034_C07,Y1_basic_boolean,like_ilike,6,6,6,0,1.0,1.0,1.0,0.0,0.0,0.9350000000000002,0.0,ok,not_computed
BOOTSTRAP_V4_1_TO_V5_RULESET_CONDITIONED,RS_Y1_R034_C08,PG_BOOL_R034,PG_BOOL_R034_C08,Y1_basic_boolean,like_ilike,6,6,6,0,1.0,1.0,1.0,0.0,0.0,0.9350000000000002,0.0,ok,not_computed
BOOTSTRAP_V4_1_TO_V5_RULESET_CONDITIONED,RS_Y1_R034_C09,PG_BOOL_R034,PG_BOOL_R034_C09,Y1_basic_boolean,like_ilike,6,6,6,0,1.0,1.0,1.0,0.0,0.0,0.9350000000000002,0.0,ok,not_computed
BOOTSTRAP_V4_1_TO_V5_RULESET_CONDITIONED,RS_Y1_R034_C10,PG_BOOL_R034,PG_BOOL_R034_C10,Y1_basic_boolean,like_ilike,6,6,6,0,1.0,1.0,1.0,0.0,0.0,0.9350000000000002,0.0,ok,not_computed
BOOTSTRAP_V4_1_TO_V5_RULESET_CONDITIONED,RS_Y1_R035_C01,PG_BOOL_R035,PG_BOOL_R035_C01,Y1_basic_boolean,like_ilike,6,6,6,0,1.0,1.0,1.0,0.0,0.0,0.9350000000000002,0.0,ok,not_computed
BOOTSTRAP_V4_1_TO_V5_RULESET_CONDITIONED,RS_Y1_R035_C02,PG_BOOL_R035,PG_BOOL_R035_C02,Y1_basic_boolean,like_ilike,6,6,6,0,1.0,1.0,1.0,0.0,0.0,0.9350000000000002,0.0,ok,not_computed
BOOTSTRAP_V4_1_TO_V5_RULESET_CONDITIONED,RS_Y1_R035_C03,PG_BOOL_R035,PG_BOOL_R035_C03,Y1_basic_boolean,like_ilike,6,6,6,0,1.0,1.0,1.0,0.0,0.0,0.9350000000000002,0.0,ok,not_computed
BOOTSTRAP_V4_1_TO_V5_RULESET_CONDITIONED,RS_Y1_R035_C04,PG_BOOL_R035,PG_BOOL_R035_C04,Y1_basic_boolean,like_ilike,6,6,6,0,1.0,1.0,1.0,0.0,0.0,0.9350000000000002,0.0,ok,not_computed
BOOTSTRAP_V4_1_TO_V5_RULESET_CONDITIONED,RS_Y1_R035_C05,PG_BOOL_R035,PG_BOOL_R035_C05,Y1_basic_boolean,like_ilike,6,6,6,0,1.0,1.0,1.0,0.0,0.0,0.9350000000000002,0.0,ok,not_computed
BOOTSTRAP_V4_1_TO_V5_RULESET_CONDITIONED,RS_Y1_R035_C06,PG_BOOL_R035,PG_BOOL_R035_C06,Y1_basic_boolean,like_ilike,6,6,6,0,1.0,1.0,1.0,0.0,0.0,0.9350000000000002,0.0,ok,not_computed
BOOTSTRAP_V4_1_TO_V5_RULESET_CONDITIONED,RS_Y1_R035_C07,PG_BOOL_R035,PG_BOOL_R035_C07,Y1_basic_boolean,like_ilike,6,6,6,0,1.0,1.0,1.0,0.0,0.0,0.9350000000000002,0.0,ok,not_computed
BOOTSTRAP_V4_1_TO_V5_RULESET_CONDITIONED,RS_Y1_R035_C08,PG_BOOL_R035,PG_BOOL_R035_C08,Y1_basic_boolean,like_ilike,6,6,6,0,1.0,1.0,1.0,0.0,0.0,0.9350000000000002,0.0,ok,not_computed
BOOTSTRAP_V4_1_TO_V5_RULESET_CONDITIONED,RS_Y1_R035_C09,PG_BOOL_R035,PG_BOOL_R035_C09,Y1_basic_boolean,like_ilike,6,6,6,0,1.0,1.0,1.0,0.0,0.0,0.9350000000000002,0.0,ok,not_computed
BOOTSTRAP_V4_1_TO_V5_RULESET_CONDITIONED,RS_Y1_R035_C10,PG_BOOL_R035,PG_BOOL_R035_C10,Y1_basic_boolean,like_ilike,6,6,6,0,1.0,1.0,1.0,0.0,0.0,0.9350000000000002,0.0,ok,not_computed
BOOTSTRAP_V4_1_TO_V5_RULESET_CONDITIONED,RS_Y1_R036_C01,PG_BOOL_R036,PG_BOOL_R036_C01,Y1_basic_boolean,regex_match,6,6,6,0,1.0,1.0,1.0,0.0,0.0,0.585,0.0,boolean,not_computed
BOOTSTRAP_V4_1_TO_V5_RULESET_CONDITIONED,RS_Y1_R036_C02,PG_BOOL_R036,PG_BOOL_R036_C02,Y1_basic_boolean,regex_match,6,6,6,0,1.0,1.0,1.0,0.0,0.0,0.585,0.0,boolean,not_computed
BOOTSTRAP_V4_1_TO_V5_RULESET_CONDITIONED,RS_Y1_R036_C03,PG_BOOL_R036,PG_BOOL_R036_C03,Y1_basic_boolean,regex_match,6,6,6,6,1.0,1.0,1.0,0.0,0.0,0.9350000000000002,0.0,none,not_computed
BOOTSTRAP_V4_1_TO_V5_RULESET_CONDITIONED,RS_Y1_R036_C04,PG_BOOL_R036,PG_BOOL_R036_C04,Y1_basic_boolean,regex_match,6,6,6,6,1.0,1.0,1.0,0.0,0.0,0.9350000000000002,0.0,none,not_computed
BOOTSTRAP_V4_1_TO_V5_RULESET_CONDITIONED,RS_Y1_R036_C05,PG_BOOL_R036,PG_BOOL_R036_C05,Y1_basic_boolean,regex_match,6,6,6,6,1.0,1.0,1.0,0.0,0.0,0.9350000000000002,0.0,none,not_computed
BOOTSTRAP_V4_1_TO_V5_RULESET_CONDITIONED,RS_Y1_R036_C06,PG_BOOL_R036,PG_BOOL_R036_C06,Y1_basic_boolean,regex_match,6,6,6,0,1.0,1.0,1.0,0.0,0.0,0.585,0.0,boolean,not_computed
BOOTSTRAP_V4_1_TO_V5_RULESET_CONDITIONED,RS_Y1_R036_C07,PG_BOOL_R036,PG_BOOL_R036_C07,Y1_basic_boolean,regex_match,6,6,6,6,1.0,1.0,1.0,0.0,0.0,0.9350000000000002,0.0,none,not_computed
BOOTSTRAP_V4_1_TO_V5_RULESET_CONDITIONED,RS_Y1_R036_C08,PG_BOOL_R036,PG_BOOL_R036_C08,Y1_basic_boolean,regex_match,6,6,6,6,1.0,1.0,1.0,0.0,0.0,0.9350000000000002,0.0,none,not_computed
BOOTSTRAP_V4_1_TO_V5_RULESET_CONDITIONED,RS_Y1_R036_C09,PG_BOOL_R036,PG_BOOL_R036_C09,Y1_basic_boolean,regex_match,6,6,6,6,1.0,1.0,1.0,0.0,0.0,0.9350000000000002,0.0,none,not_computed
BOOTSTRAP_V4_1_TO_V5_RULESET_CONDITIONED,RS_Y1_R036_C10,PG_BOOL_R036,PG_BOOL_R036_C10,Y1_basic_boolean,regex_match,6,6,6,0,1.0,1.0,1.0,0.0,0.0,0.585,0.0,boolean,not_computed
BOOTSTRAP_V4_1_TO_V5_RULESET_CONDITIONED,RS_Y1_R037_C01,PG_BOOL_R037,PG_BOOL_R037_C01,Y1_basic_boolean,regex_match,6,6,6,0,1.0,1.0,1.0,0.0,0.0,0.585,0.0,boolean,not_computed
BOOTSTRAP_V4_1_TO_V5_RULESET_CONDITIONED,RS_Y1_R037_C02,PG_BOOL_R037,PG_BOOL_R037_C02,Y1_basic_boolean,regex_match,6,6,6,0,1.0,1.0,1.0,0.0,0.0,0.585,0.0,boolean,not_computed
BOOTSTRAP_V4_1_TO_V5_RULESET_CONDITIONED,RS_Y1_R037_C03,PG_BOOL_R037,PG_BOOL_R037_C03,Y1_basic_boolean,regex_match,6,6,6,6,1.0,1.0,1.0,0.0,0.0,0.9350000000000002,0.0,none,not_computed
BOOTSTRAP_V4_1_TO_V5_RULESET_CONDITIONED,RS_Y1_R037_C04,PG_BOOL_R037,PG_BOOL_R037_C04,Y1_basic_boolean,regex_match,6,6,6,6,1.0,1.0,1.0,0.0,0.0,0.9350000000000002,0.0,none,not_computed
BOOTSTRAP_V4_1_TO_V5_RULESET_CONDITIONED,RS_Y1_R037_C05,PG_BOOL_R037,PG_BOOL_R037_C05,Y1_basic_boolean,regex_match,6,6,6,6,1.0,1.0,1.0,0.0,0.0,0.9350000000000002,0.0,none,not_computed
BOOTSTRAP_V4_1_TO_V5_RULESET_CONDITIONED,RS_Y1_R037_C06,PG_BOOL_R037,PG_BOOL_R037_C06,Y1_basic_boolean,regex_match,6,6,6,0,1.0,1.0,1.0,0.0,0.0,0.585,0.0,boolean,not_computed
BOOTSTRAP_V4_1_TO_V5_RULESET_CONDITIONED,RS_Y1_R037_C07,PG_BOOL_R037,PG_BOOL_R037_C07,Y1_basic_boolean,regex_match,6,6,6,6,1.0,1.0,1.0,0.0,0.0,0.9350000000000002,0.0,none,not_computed
BOOTSTRAP_V4_1_TO_V5_RULESET_CONDITIONED,RS_Y1_R037_C08,PG_BOOL_R037,PG_BOOL_R037_C08,Y1_basic_boolean,regex_match,6,6,6,6,1.0,1.0,1.0,0.0,0.0,0.9350000000000002,0.0,none,not_computed
BOOTSTRAP_V4_1_TO_V5_RULESET_CONDITIONED,RS_Y1_R037_C09,PG_BOOL_R037,PG_BOOL_R037_C09,Y1_basic_boolean,regex_match,6,6,6,6,1.0,1.0,1.0,0.0,0.0,0.9350000000000002,0.0,none,not_computed
BOOTSTRAP_V4_1_TO_V5_RULESET_CONDITIONED,RS_Y1_R037_C10,PG_BOOL_R037,PG_BOOL_R037_C10,Y1_basic_boolean,regex_match,6,6,6,0,1.0,1.0,1.0,0.0,0.0,0.585,0.0,boolean,not_computed
BOOTSTRAP_V4_1_TO_V5_RULESET_CONDITIONED,RS_Y1_R038_C01,PG_BOOL_R038,PG_BOOL_R038_C01,Y1_basic_boolean,regex_match,6,6,6,0,1.0,1.0,1.0,0.0,0.0,0.585,0.0,boolean,not_computed
BOOTSTRAP_V4_1_TO_V5_RULESET_CONDITIONED,RS_Y1_R038_C02,PG_BOOL_R038,PG_BOOL_R038_C02,Y1_basic_boolean,regex_match,6,6,6,0,1.0,1.0,1.0,0.0,0.0,0.585,0.0,boolean,not_computed
BOOTSTRAP_V4_1_TO_V5_RULESET_CONDITIONED,RS_Y1_R038_C03,PG_BOOL_R038,PG_BOOL_R038_C03,Y1_basic_boolean,regex_match,6,6,6,6,1.0,1.0,1.0,0.0,0.0,0.9350000000000002,0.0,none,not_computed
BOOTSTRAP_V4_1_TO_V5_RULESET_CONDITIONED,RS_Y1_R038_C04,PG_BOOL_R038,PG_BOOL_R038_C04,Y1_basic_boolean,regex_match,6,6,6,6,1.0,1.0,1.0,0.0,0.0,0.9350000000000002,0.0,none,not_computed
BOOTSTRAP_V4_1_TO_V5_RULESET_CONDITIONED,RS_Y1_R038_C05,PG_BOOL_R038,PG_BOOL_R038_C05,Y1_basic_boolean,regex_match,6,6,6,6,1.0,1.0,1.0,0.0,0.0,0.9350000000000002,0.0,none,not_computed
BOOTSTRAP_V4_1_TO_V5_RULESET_CONDITIONED,RS_Y1_R038_C06,PG_BOOL_R038,PG_BOOL_R038_C06,Y1_basic_boolean,regex_match,6,6,6,0,1.0,1.0,1.0,0.0,0.0,0.585,0.0,boolean,not_computed
BOOTSTRAP_V4_1_TO_V5_RULESET_CONDITIONED,RS_Y1_R038_C07,PG_BOOL_R038,PG_BOOL_R038_C07,Y1_basic_boolean,regex_match,6,6,6,6,1.0,1.0,1.0,0.0,0.0,0.9350000000000002,0.0,none,not_computed
BOOTSTRAP_V4_1_TO_V5_RULESET_CONDITIONED,RS_Y1_R038_C08,PG_BOOL_R038,PG_BOOL_R038_C08,Y1_basic_boolean,regex_match,6,6,6,6,1.0,1.0,1.0,0.0,0.0,0.9350000000000002,0.0,none,not_computed
BOOTSTRAP_V4_1_TO_V5_RULESET_CONDITIONED,RS_Y1_R038_C09,PG_BOOL_R038,PG_BOOL_R038_C09,Y1_basic_boolean,regex_match,6,6,6,6,1.0,1.0,1.0,0.0,0.0,0.9350000000000002,0.0,none,not_computed
BOOTSTRAP_V4_1_TO_V5_RULESET_CONDITIONED,RS_Y1_R038_C10,PG_BOOL_R038,PG_BOOL_R038_C10,Y1_basic_boolean,regex_match,6,6,6,0,1.0,1.0,1.0,0.0,0.0,0.585,0.0,boolean,not_computed
BOOTSTRAP_V4_1_TO_V5_RULESET_CONDITIONED,RS_Y1_R039_C01,PG_BOOL_R039,PG_BOOL_R039_C01,Y1_basic_boolean,regex_match,6,6,6,0,1.0,0.0,1.0,0.0,0.0,0.35000000000000003,0.0,boolean+required_token,not_computed
BOOTSTRAP_V4_1_TO_V5_RULESET_CONDITIONED,RS_Y1_R039_C02,PG_BOOL_R039,PG_BOOL_R039_C02,Y1_basic_boolean,regex_match,6,6,6,0,1.0,0.0,1.0,0.0,0.0,0.35000000000000003,0.0,boolean+required_token,not_computed
BOOTSTRAP_V4_1_TO_V5_RULESET_CONDITIONED,RS_Y1_R039_C03,PG_BOOL_R039,PG_BOOL_R039_C03,Y1_basic_boolean,regex_match,6,6,6,0,1.0,1.0,1.0,0.0,0.0,0.9350000000000002,0.0,ok,not_computed
BOOTSTRAP_V4_1_TO_V5_RULESET_CONDITIONED,RS_Y1_R039_C04,PG_BOOL_R039,PG_BOOL_R039_C04,Y1_basic_boolean,regex_match,6,6,6,0,1.0,1.0,1.0,0.0,0.0,0.9350000000000002,0.0,ok,not_computed
BOOTSTRAP_V4_1_TO_V5_RULESET_CONDITIONED,RS_Y1_R039_C05,PG_BOOL_R039,PG_BOOL_R039_C05,Y1_basic_boolean,regex_match,6,6,6,0,1.0,1.0,1.0,0.0,0.0,0.9350000000000002,0.0,ok,not_computed
BOOTSTRAP_V4_1_TO_V5_RULESET_CONDITIONED,RS_Y1_R039_C06,PG_BOOL_R039,PG_BOOL_R039_C06,Y1_basic_boolean,regex_match,6,6,6,0,1.0,1.0,1.0,0.0,0.0,0.585,0.0,boolean,not_computed
BOOTSTRAP_V4_1_TO_V5_RULESET_CONDITIONED,RS_Y1_R039_C07,PG_BOOL_R039,PG_BOOL_R039_C07,Y1_basic_boolean,regex_match,6,6,6,0,1.0,1.0,1.0,0.0,0.0,0.9350000000000002,0.0,ok,not_computed
BOOTSTRAP_V4_1_TO_V5_RULESET_CONDITIONED,RS_Y1_R039_C08,PG_BOOL_R039,PG_BOOL_R039_C08,Y1_basic_boolean,regex_match,6,6,6,0,1.0,1.0,1.0,0.0,0.0,0.9350000000000002,0.0,ok,not_computed
BOOTSTRAP_V4_1_TO_V5_RULESET_CONDITIONED,RS_Y1_R039_C09,PG_BOOL_R039,PG_BOOL_R039_C09,Y1_basic_boolean,regex_match,6,6,6,0,1.0,1.0,1.0,0.0,0.0,0.9350000000000002,0.0,ok,not_computed
BOOTSTRAP_V4_1_TO_V5_RULESET_CONDITIONED,RS_Y1_R039_C10,PG_BOOL_R039,PG_BOOL_R039_C10,Y1_basic_boolean,regex_match,6,6,6,0,1.0,1.0,1.0,0.0,0.0,0.5,0.0,boolean,not_computed
BOOTSTRAP_V4_1_TO_V5_RULESET_CONDITIONED,RS_Y1_R040_C01,PG_BOOL_R040,PG_BOOL_R040_C01,Y1_basic_boolean,regex_match,6,6,6,0,1.0,1.0,1.0,0.0,0.0,0.9350000000000002,0.0,ok,not_computed
BOOTSTRAP_V4_1_TO_V5_RULESET_CONDITIONED,RS_Y1_R040_C02,PG_BOOL_R040,PG_BOOL_R040_C02,Y1_basic_boolean,regex_match,6,6,6,0,1.0,1.0,1.0,0.0,0.0,0.9350000000000002,0.0,ok,not_computed
BOOTSTRAP_V4_1_TO_V5_RULESET_CONDITIONED,RS_Y1_R040_C03,PG_BOOL_R040,PG_BOOL_R040_C03,Y1_basic_boolean,regex_match,6,6,6,0,1.0,1.0,1.0,0.0,0.0,0.9350000000000002,0.0,ok,not_computed
BOOTSTRAP_V4_1_TO_V5_RULESET_CONDITIONED,RS_Y1_R040_C04,PG_BOOL_R040,PG_BOOL_R040_C04,Y1_basic_boolean,regex_match,6,6,6,0,1.0,1.0,1.0,0.0,0.0,0.9350000000000002,0.0,ok,not_computed
BOOTSTRAP_V4_1_TO_V5_RULESET_CONDITIONED,RS_Y1_R040_C05,PG_BOOL_R040,PG_BOOL_R040_C05,Y1_basic_boolean,regex_match,6,6,6,0,1.0,1.0,1.0,0.0,0.0,0.9350000000000002,0.0,ok,not_computed
BOOTSTRAP_V4_1_TO_V5_RULESET_CONDITIONED,RS_Y1_R040_C06,PG_BOOL_R040,PG_BOOL_R040_C06,Y1_basic_boolean,regex_match,6,6,6,0,1.0,1.0,1.0,0.0,0.0,0.9350000000000002,0.0,ok,not_computed
BOOTSTRAP_V4_1_TO_V5_RULESET_CONDITIONED,RS_Y1_R040_C07,PG_BOOL_R040,PG_BOOL_R040_C07,Y1_basic_boolean,regex_match,6,6,6,0,1.0,1.0,1.0,0.0,0.0,0.9350000000000002,0.0,ok,not_computed
BOOTSTRAP_V4_1_TO_V5_RULESET_CONDITIONED,RS_Y1_R040_C08,PG_BOOL_R040,PG_BOOL_R040_C08,Y1_basic_boolean,regex_match,6,6,6,0,1.0,1.0,1.0,0.0,0.0,0.9350000000000002,0.0,ok,not_computed
BOOTSTRAP_V4_1_TO_V5_RULESET_CONDITIONED,RS_Y1_R040_C09,PG_BOOL_R040,PG_BOOL_R040_C09,Y1_basic_boolean,regex_match,6,6,6,0,1.0,1.0,1.0,0.0,0.0,0.9350000000000002,0.0,ok,not_computed
BOOTSTRAP_V4_1_TO_V5_RULESET_CONDITIONED,RS_Y1_R040_C10,PG_BOOL_R040,PG_BOOL_R040_C10,Y1_basic_boolean,regex_match,6,6,6,0,1.0,1.0,1.0,0.0,0.0,0.9350000000000002,0.0,ok,not_computed
BOOTSTRAP_V4_1_TO_V5_RULESET_CONDITIONED,RS_Y1_R041_C01,PG_BOOL_R041,PG_BOOL_R041_C01,Y1_basic_boolean,string_function,6,6,6,6,1.0,1.0,1.0,0.0,0.0,0.9350000000000002,0.0,none,not_computed
BOOTSTRAP_V4_1_TO_V5_RULESET_CONDITIONED,RS_Y1_R041_C02,PG_BOOL_R041,PG_BOOL_R041_C02,Y1_basic_boolean,string_function,6,6,6,6,1.0,1.0,1.0,0.0,0.0,0.9350000000000002,0.0,none,not_computed
BOOTSTRAP_V4_1_TO_V5_RULESET_CONDITIONED,RS_Y1_R041_C03,PG_BOOL_R041,PG_BOOL_R041_C03,Y1_basic_boolean,string_function,6,6,6,6,1.0,1.0,1.0,0.0,0.0,0.9350000000000002,0.0,none,not_computed
BOOTSTRAP_V4_1_TO_V5_RULESET_CONDITIONED,RS_Y1_R041_C04,PG_BOOL_R041,PG_BOOL_R041_C04,Y1_basic_boolean,string_function,6,6,6,6,1.0,1.0,1.0,0.0,0.0,0.9350000000000002,0.0,none,not_computed
BOOTSTRAP_V4_1_TO_V5_RULESET_CONDITIONED,RS_Y1_R041_C05,PG_BOOL_R041,PG_BOOL_R041_C05,Y1_basic_boolean,string_function,6,6,6,6,1.0,1.0,1.0,0.0,0.0,0.9350000000000002,0.0,none,not_computed
BOOTSTRAP_V4_1_TO_V5_RULESET_CONDITIONED,RS_Y1_R041_C06,PG_BOOL_R041,PG_BOOL_R041_C06,Y1_basic_boolean,string_function,6,6,6,6,1.0,1.0,1.0,0.0,0.0,0.9350000000000002,0.0,none,not_computed
BOOTSTRAP_V4_1_TO_V5_RULESET_CONDITIONED,RS_Y1_R041_C07,PG_BOOL_R041,PG_BOOL_R041_C07,Y1_basic_boolean,string_function,6,6,6,6,1.0,1.0,1.0,0.0,0.0,0.9350000000000002,0.0,none,not_computed
BOOTSTRAP_V4_1_TO_V5_RULESET_CONDITIONED,RS_Y1_R041_C08,PG_BOOL_R041,PG_BOOL_R041_C08,Y1_basic_boolean,string_function,6,6,6,6,1.0,1.0,1.0,0.0,0.0,0.9350000000000002,0.0,none,not_computed
BOOTSTRAP_V4_1_TO_V5_RULESET_CONDITIONED,RS_Y1_R041_C09,PG_BOOL_R041,PG_BOOL_R041_C09,Y1_basic_boolean,string_function,6,6,6,6,1.0,1.0,1.0,0.0,0.0,0.9350000000000002,0.0,none,not_computed
BOOTSTRAP_V4_1_TO_V5_RULESET_CONDITIONED,RS_Y1_R041_C10,PG_BOOL_R041,PG_BOOL_R041_C10,Y1_basic_boolean,string_function,6,6,6,6,1.0,1.0,1.0,0.0,0.0,0.9350000000000002,0.0,none,not_computed
BOOTSTRAP_V4_1_TO_V5_RULESET_CONDITIONED,RS_Y1_R042_C01,PG_BOOL_R042,PG_BOOL_R042_C01,Y1_basic_boolean,string_function,6,6,6,6,1.0,1.0,1.0,0.0,0.0,0.9350000000000002,0.0,none,not_computed
BOOTSTRAP_V4_1_TO_V5_RULESET_CONDITIONED,RS_Y1_R042_C02,PG_BOOL_R042,PG_BOOL_R042_C02,Y1_basic_boolean,string_function,6,6,6,6,1.0,1.0,1.0,0.0,0.0,0.9350000000000002,0.0,none,not_computed
BOOTSTRAP_V4_1_TO_V5_RULESET_CONDITIONED,RS_Y1_R042_C03,PG_BOOL_R042,PG_BOOL_R042_C03,Y1_basic_boolean,string_function,6,6,6,6,1.0,1.0,1.0,0.0,0.0,0.9350000000000002,0.0,none,not_computed
BOOTSTRAP_V4_1_TO_V5_RULESET_CONDITIONED,RS_Y1_R042_C04,PG_BOOL_R042,PG_BOOL_R042_C04,Y1_basic_boolean,string_function,6,6,6,6,1.0,1.0,1.0,0.0,0.0,0.9350000000000002,0.0,none,not_computed
BOOTSTRAP_V4_1_TO_V5_RULESET_CONDITIONED,RS_Y1_R042_C05,PG_BOOL_R042,PG_BOOL_R042_C05,Y1_basic_boolean,string_function,6,6,6,6,1.0,1.0,1.0,0.0,0.0,0.9350000000000002,0.0,none,not_computed
BOOTSTRAP_V4_1_TO_V5_RULESET_CONDITIONED,RS_Y1_R042_C06,PG_BOOL_R042,PG_BOOL_R042_C06,Y1_basic_boolean,string_function,6,6,6,6,1.0,1.0,1.0,0.0,0.0,0.9350000000000002,0.0,none,not_computed
BOOTSTRAP_V4_1_TO_V5_RULESET_CONDITIONED,RS_Y1_R042_C07,PG_BOOL_R042,PG_BOOL_R042_C07,Y1_basic_boolean,string_function,6,6,6,6,1.0,1.0,1.0,0.0,0.0,0.9350000000000002,0.0,none,not_computed
BOOTSTRAP_V4_1_TO_V5_RULESET_CONDITIONED,RS_Y1_R042_C08,PG_BOOL_R042,PG_BOOL_R042_C08,Y1_basic_boolean,string_function,6,6,6,6,1.0,1.0,1.0,0.0,0.0,0.9350000000000002,0.0,none,not_computed
BOOTSTRAP_V4_1_TO_V5_RULESET_CONDITIONED,RS_Y1_R042_C09,PG_BOOL_R042,PG_BOOL_R042_C09,Y1_basic_boolean,string_function,6,6,6,6,1.0,1.0,1.0,0.0,0.0,0.9350000000000002,0.0,none,not_computed
BOOTSTRAP_V4_1_TO_V5_RULESET_CONDITIONED,RS_Y1_R042_C10,PG_BOOL_R042,PG_BOOL_R042_C10,Y1_basic_boolean,string_function,6,6,6,6,1.0,1.0,1.0,0.0,0.0,0.9350000000000002,0.0,none,not_computed
BOOTSTRAP_V4_1_TO_V5_RULESET_CONDITIONED,RS_Y1_R043_C01,PG_BOOL_R043,PG_BOOL_R043_C01,Y1_basic_boolean,string_function,6,6,6,6,1.0,1.0,1.0,0.0,0.0,0.9350000000000002,0.0,none,not_computed
BOOTSTRAP_V4_1_TO_V5_RULESET_CONDITIONED,RS_Y1_R043_C02,PG_BOOL_R043,PG_BOOL_R043_C02,Y1_basic_boolean,string_function,6,6,6,6,1.0,1.0,1.0,0.0,0.0,0.9350000000000002,0.0,none,not_computed
BOOTSTRAP_V4_1_TO_V5_RULESET_CONDITIONED,RS_Y1_R043_C03,PG_BOOL_R043,PG_BOOL_R043_C03,Y1_basic_boolean,string_function,6,6,6,6,1.0,1.0,1.0,0.0,0.0,0.9350000000000002,0.0,none,not_computed
BOOTSTRAP_V4_1_TO_V5_RULESET_CONDITIONED,RS_Y1_R043_C04,PG_BOOL_R043,PG_BOOL_R043_C04,Y1_basic_boolean,string_function,6,6,6,6,1.0,1.0,1.0,0.0,0.0,0.9350000000000002,0.0,none,not_computed
BOOTSTRAP_V4_1_TO_V5_RULESET_CONDITIONED,RS_Y1_R043_C05,PG_BOOL_R043,PG_BOOL_R043_C05,Y1_basic_boolean,string_function,6,6,6,6,1.0,1.0,1.0,0.0,0.0,0.9350000000000002,0.0,none,not_computed
BOOTSTRAP_V4_1_TO_V5_RULESET_CONDITIONED,RS_Y1_R043_C06,PG_BOOL_R043,PG_BOOL_R043_C06,Y1_basic_boolean,string_function,6,6,6,6,1.0,1.0,1.0,0.0,0.0,0.9350000000000002,0.0,none,not_computed
BOOTSTRAP_V4_1_TO_V5_RULESET_CONDITIONED,RS_Y1_R043_C07,PG_BOOL_R043,PG_BOOL_R043_C07,Y1_basic_boolean,string_function,6,6,6,6,1.0,1.0,1.0,0.0,0.0,0.9350000000000002,0.0,none,not_computed
BOOTSTRAP_V4_1_TO_V5_RULESET_CONDITIONED,RS_Y1_R043_C08,PG_BOOL_R043,PG_BOOL_R043_C08,Y1_basic_boolean,string_function,6,6,6,6,1.0,1.0,1.0,0.0,0.0,0.9350000000000002,0.0,none,not_computed
BOOTSTRAP_V4_1_TO_V5_RULESET_CONDITIONED,RS_Y1_R043_C09,PG_BOOL_R043,PG_BOOL_R043_C09,Y1_basic_boolean,string_function,6,6,6,6,1.0,1.0,1.0,0.0,0.0,0.9350000000000002,0.0,none,not_computed
BOOTSTRAP_V4_1_TO_V5_RULESET_CONDITIONED,RS_Y1_R043_C10,PG_BOOL_R043,PG_BOOL_R043_C10,Y1_basic_boolean,string_function,6,6,6,6,1.0,1.0,1.0,0.0,0.0,0.9350000000000002,0.0,none,not_computed
BOOTSTRAP_V4_1_TO_V5_RULESET_CONDITIONED,RS_Y1_R044_C01,PG_BOOL_R044,PG_BOOL_R044_C01,Y1_basic_boolean,string_function,6,6,6,6,1.0,1.0,1.0,0.0,0.0,0.9350000000000002,0.0,none,not_computed
BOOTSTRAP_V4_1_TO_V5_RULESET_CONDITIONED,RS_Y1_R044_C02,PG_BOOL_R044,PG_BOOL_R044_C02,Y1_basic_boolean,string_function,6,6,6,6,1.0,1.0,1.0,0.0,0.0,0.9350000000000002,0.0,none,not_computed
BOOTSTRAP_V4_1_TO_V5_RULESET_CONDITIONED,RS_Y1_R044_C03,PG_BOOL_R044,PG_BOOL_R044_C03,Y1_basic_boolean,string_function,6,6,6,6,1.0,1.0,1.0,0.0,0.0,0.9350000000000002,0.0,none,not_computed
BOOTSTRAP_V4_1_TO_V5_RULESET_CONDITIONED,RS_Y1_R044_C04,PG_BOOL_R044,PG_BOOL_R044_C04,Y1_basic_boolean,string_function,6,6,6,6,1.0,1.0,1.0,0.0,0.0,0.9350000000000002,0.0,none,not_computed
BOOTSTRAP_V4_1_TO_V5_RULESET_CONDITIONED,RS_Y1_R044_C05,PG_BOOL_R044,PG_BOOL_R044_C05,Y1_basic_boolean,string_function,6,6,6,6,1.0,1.0,1.0,0.0,0.0,0.9350000000000002,0.0,none,not_computed
BOOTSTRAP_V4_1_TO_V5_RULESET_CONDITIONED,RS_Y1_R044_C06,PG_BOOL_R044,PG_BOOL_R044_C06,Y1_basic_boolean,string_function,6,6,6,6,1.0,1.0,1.0,0.0,0.0,0.9350000000000002,0.0,none,not_computed
BOOTSTRAP_V4_1_TO_V5_RULESET_CONDITIONED,RS_Y1_R044_C07,PG_BOOL_R044,PG_BOOL_R044_C07,Y1_basic_boolean,string_function,6,6,6,6,1.0,1.0,1.0,0.0,0.0,0.9350000000000002,0.0,none,not_computed
BOOTSTRAP_V4_1_TO_V5_RULESET_CONDITIONED,RS_Y1_R044_C08,PG_BOOL_R044,PG_BOOL_R044_C08,Y1_basic_boolean,string_function,6,6,6,6,1.0,1.0,1.0,0.0,0.0,0.9350000000000002,0.0,none,not_computed
BOOTSTRAP_V4_1_TO_V5_RULESET_CONDITIONED,RS_Y1_R044_C09,PG_BOOL_R044,PG_BOOL_R044_C09,Y1_basic_boolean,string_function,6,6,6,6,1.0,1.0,1.0,0.0,0.0,0.9350000000000002,0.0,none,not_computed
BOOTSTRAP_V4_1_TO_V5_RULESET_CONDITIONED,RS_Y1_R044_C10,PG_BOOL_R044,PG_BOOL_R044_C10,Y1_basic_boolean,string_function,6,6,6,6,1.0,1.0,1.0,0.0,0.0,0.9350000000000002,0.0,none,not_computed
BOOTSTRAP_V4_1_TO_V5_RULESET_CONDITIONED,RS_Y1_R045_C01,PG_BOOL_R045,PG_BOOL_R045_C01,Y1_basic_boolean,string_function,6,6,6,6,1.0,1.0,1.0,0.0,0.0,0.9350000000000002,0.0,none,not_computed
BOOTSTRAP_V4_1_TO_V5_RULESET_CONDITIONED,RS_Y1_R045_C02,PG_BOOL_R045,PG_BOOL_R045_C02,Y1_basic_boolean,string_function,6,6,6,6,1.0,1.0,1.0,0.0,0.0,0.9350000000000002,0.0,none,not_computed
BOOTSTRAP_V4_1_TO_V5_RULESET_CONDITIONED,RS_Y1_R045_C03,PG_BOOL_R045,PG_BOOL_R045_C03,Y1_basic_boolean,string_function,6,6,6,6,1.0,1.0,1.0,0.0,0.0,0.9350000000000002,0.0,none,not_computed
BOOTSTRAP_V4_1_TO_V5_RULESET_CONDITIONED,RS_Y1_R045_C04,PG_BOOL_R045,PG_BOOL_R045_C04,Y1_basic_boolean,string_function,6,6,6,6,1.0,1.0,1.0,0.0,0.0,0.9350000000000002,0.0,none,not_computed
BOOTSTRAP_V4_1_TO_V5_RULESET_CONDITIONED,RS_Y1_R045_C05,PG_BOOL_R045,PG_BOOL_R045_C05,Y1_basic_boolean,string_function,6,6,6,6,1.0,1.0,1.0,0.0,0.0,0.9350000000000002,0.0,none,not_computed
BOOTSTRAP_V4_1_TO_V5_RULESET_CONDITIONED,RS_Y1_R045_C06,PG_BOOL_R045,PG_BOOL_R045_C06,Y1_basic_boolean,string_function,6,6,6,6,1.0,1.0,1.0,0.0,0.0,0.9350000000000002,0.0,none,not_computed
BOOTSTRAP_V4_1_TO_V5_RULESET_CONDITIONED,RS_Y1_R045_C07,PG_BOOL_R045,PG_BOOL_R045_C07,Y1_basic_boolean,string_function,6,6,6,6,1.0,1.0,1.0,0.0,0.0,0.9350000000000002,0.0,none,not_computed
BOOTSTRAP_V4_1_TO_V5_RULESET_CONDITIONED,RS_Y1_R045_C08,PG_BOOL_R045,PG_BOOL_R045_C08,Y1_basic_boolean,string_function,6,6,6,6,1.0,1.0,1.0,0.0,0.0,0.9350000000000002,0.0,none,not_computed
BOOTSTRAP_V4_1_TO_V5_RULESET_CONDITIONED,RS_Y1_R045_C09,PG_BOOL_R045,PG_BOOL_R045_C09,Y1_basic_boolean,string_function,6,6,6,6,1.0,1.0,1.0,0.0,0.0,0.9350000000000002,0.0,none,not_computed
BOOTSTRAP_V4_1_TO_V5_RULESET_CONDITIONED,RS_Y1_R045_C10,PG_BOOL_R045,PG_BOOL_R045_C10,Y1_basic_boolean,string_function,6,6,6,6,1.0,1.0,1.0,0.0,0.0,0.9350000000000002,0.0,none,not_computed
BOOTSTRAP_V4_1_TO_V5_RULESET_CONDITIONED,RS_Y1_R046_C01,PG_BOOL_R046,PG_BOOL_R046_C01,Y1_basic_boolean,arithmetic_expression,6,6,6,6,1.0,1.0,1.0,0.0,0.0,0.9350000000000002,0.0,none,not_computed
BOOTSTRAP_V4_1_TO_V5_RULESET_CONDITIONED,RS_Y1_R046_C02,PG_BOOL_R046,PG_BOOL_R046_C02,Y1_basic_boolean,arithmetic_expression,6,6,6,6,1.0,1.0,1.0,0.0,0.0,0.9350000000000002,0.0,none,not_computed
BOOTSTRAP_V4_1_TO_V5_RULESET_CONDITIONED,RS_Y1_R046_C03,PG_BOOL_R046,PG_BOOL_R046_C03,Y1_basic_boolean,arithmetic_expression,6,6,6,6,1.0,1.0,1.0,0.0,0.0,0.9350000000000002,0.0,none,not_computed
BOOTSTRAP_V4_1_TO_V5_RULESET_CONDITIONED,RS_Y1_R046_C04,PG_BOOL_R046,PG_BOOL_R046_C04,Y1_basic_boolean,arithmetic_expression,6,6,6,6,1.0,1.0,1.0,0.0,0.0,0.9350000000000002,0.0,none,not_computed
BOOTSTRAP_V4_1_TO_V5_RULESET_CONDITIONED,RS_Y1_R046_C05,PG_BOOL_R046,PG_BOOL_R046_C05,Y1_basic_boolean,arithmetic_expression,6,6,6,6,1.0,1.0,1.0,0.0,0.0,0.9350000000000002,0.0,none,not_computed
BOOTSTRAP_V4_1_TO_V5_RULESET_CONDITIONED,RS_Y1_R046_C06,PG_BOOL_R046,PG_BOOL_R046_C06,Y1_basic_boolean,arithmetic_expression,6,6,6,6,1.0,1.0,1.0,0.0,0.0,0.9350000000000002,0.0,none,not_computed
BOOTSTRAP_V4_1_TO_V5_RULESET_CONDITIONED,RS_Y1_R046_C07,PG_BOOL_R046,PG_BOOL_R046_C07,Y1_basic_boolean,arithmetic_expression,6,6,6,6,1.0,1.0,1.0,0.0,0.0,0.9350000000000002,0.0,none,not_computed
BOOTSTRAP_V4_1_TO_V5_RULESET_CONDITIONED,RS_Y1_R046_C08,PG_BOOL_R046,PG_BOOL_R046_C08,Y1_basic_boolean,arithmetic_expression,6,6,6,6,1.0,1.0,1.0,0.0,0.0,0.9350000000000002,0.0,none,not_computed
BOOTSTRAP_V4_1_TO_V5_RULESET_CONDITIONED,RS_Y1_R046_C09,PG_BOOL_R046,PG_BOOL_R046_C09,Y1_basic_boolean,arithmetic_expression,6,6,6,6,1.0,1.0,1.0,0.0,0.0,0.9350000000000002,0.0,none,not_computed
BOOTSTRAP_V4_1_TO_V5_RULESET_CONDITIONED,RS_Y1_R046_C10,PG_BOOL_R046,PG_BOOL_R046_C10,Y1_basic_boolean,arithmetic_expression,6,6,6,6,1.0,1.0,1.0,0.0,0.0,0.9350000000000002,0.0,none,not_computed
BOOTSTRAP_V4_1_TO_V5_RULESET_CONDITIONED,RS_Y1_R047_C01,PG_BOOL_R047,PG_BOOL_R047_C01,Y1_basic_boolean,arithmetic_expression,6,6,6,6,1.0,1.0,1.0,0.0,0.0,0.9350000000000002,0.0,none,not_computed
BOOTSTRAP_V4_1_TO_V5_RULESET_CONDITIONED,RS_Y1_R047_C02,PG_BOOL_R047,PG_BOOL_R047_C02,Y1_basic_boolean,arithmetic_expression,6,6,6,6,1.0,1.0,1.0,0.0,0.0,0.9350000000000002,0.0,none,not_computed
BOOTSTRAP_V4_1_TO_V5_RULESET_CONDITIONED,RS_Y1_R047_C03,PG_BOOL_R047,PG_BOOL_R047_C03,Y1_basic_boolean,arithmetic_expression,6,6,6,6,1.0,1.0,1.0,0.0,0.0,0.9350000000000002,0.0,none,not_computed
BOOTSTRAP_V4_1_TO_V5_RULESET_CONDITIONED,RS_Y1_R047_C04,PG_BOOL_R047,PG_BOOL_R047_C04,Y1_basic_boolean,arithmetic_expression,6,6,6,6,1.0,1.0,1.0,0.0,0.0,0.9350000000000002,0.0,none,not_computed
BOOTSTRAP_V4_1_TO_V5_RULESET_CONDITIONED,RS_Y1_R047_C05,PG_BOOL_R047,PG_BOOL_R047_C05,Y1_basic_boolean,arithmetic_expression,6,6,6,6,1.0,1.0,1.0,0.0,0.0,0.9350000000000002,0.0,none,not_computed
BOOTSTRAP_V4_1_TO_V5_RULESET_CONDITIONED,RS_Y1_R047_C06,PG_BOOL_R047,PG_BOOL_R047_C06,Y1_basic_boolean,arithmetic_expression,6,6,6,6,1.0,1.0,1.0,0.0,0.0,0.9350000000000002,0.0,none,not_computed
BOOTSTRAP_V4_1_TO_V5_RULESET_CONDITIONED,RS_Y1_R047_C07,PG_BOOL_R047,PG_BOOL_R047_C07,Y1_basic_boolean,arithmetic_expression,6,6,6,6,1.0,1.0,1.0,0.0,0.0,0.9350000000000002,0.0,none,not_computed
BOOTSTRAP_V4_1_TO_V5_RULESET_CONDITIONED,RS_Y1_R047_C08,PG_BOOL_R047,PG_BOOL_R047_C08,Y1_basic_boolean,arithmetic_expression,6,6,6,6,1.0,1.0,1.0,0.0,0.0,0.9350000000000002,0.0,none,not_computed
BOOTSTRAP_V4_1_TO_V5_RULESET_CONDITIONED,RS_Y1_R047_C09,PG_BOOL_R047,PG_BOOL_R047_C09,Y1_basic_boolean,arithmetic_expression,6,6,6,6,1.0,1.0,1.0,0.0,0.0,0.9350000000000002,0.0,none,not_computed
BOOTSTRAP_V4_1_TO_V5_RULESET_CONDITIONED,RS_Y1_R047_C10,PG_BOOL_R047,PG_BOOL_R047_C10,Y1_basic_boolean,arithmetic_expression,6,6,6,6,1.0,1.0,1.0,0.0,0.0,0.9350000000000002,0.0,none,not_computed
BOOTSTRAP_V4_1_TO_V5_RULESET_CONDITIONED,RS_Y1_R048_C01,PG_BOOL_R048,PG_BOOL_R048_C01,Y1_basic_boolean,arithmetic_expression,6,6,6,6,1.0,1.0,1.0,0.0,0.0,0.9350000000000002,0.0,none,not_computed
BOOTSTRAP_V4_1_TO_V5_RULESET_CONDITIONED,RS_Y1_R048_C02,PG_BOOL_R048,PG_BOOL_R048_C02,Y1_basic_boolean,arithmetic_expression,6,6,6,6,1.0,1.0,1.0,0.0,0.0,0.9350000000000002,0.0,none,not_computed
BOOTSTRAP_V4_1_TO_V5_RULESET_CONDITIONED,RS_Y1_R048_C03,PG_BOOL_R048,PG_BOOL_R048_C03,Y1_basic_boolean,arithmetic_expression,6,6,6,6,1.0,1.0,1.0,0.0,0.0,0.9350000000000002,0.0,none,not_computed
BOOTSTRAP_V4_1_TO_V5_RULESET_CONDITIONED,RS_Y1_R048_C04,PG_BOOL_R048,PG_BOOL_R048_C04,Y1_basic_boolean,arithmetic_expression,6,6,6,6,1.0,1.0,1.0,0.0,0.0,0.9350000000000002,0.0,none,not_computed
BOOTSTRAP_V4_1_TO_V5_RULESET_CONDITIONED,RS_Y1_R048_C05,PG_BOOL_R048,PG_BOOL_R048_C05,Y1_basic_boolean,arithmetic_expression,6,6,6,6,1.0,1.0,1.0,0.0,0.0,0.9350000000000002,0.0,none,not_computed
BOOTSTRAP_V4_1_TO_V5_RULESET_CONDITIONED,RS_Y1_R048_C06,PG_BOOL_R048,PG_BOOL_R048_C06,Y1_basic_boolean,arithmetic_expression,6,6,6,6,1.0,1.0,1.0,0.0,0.0,0.9350000000000002,0.0,none,not_computed
BOOTSTRAP_V4_1_TO_V5_RULESET_CONDITIONED,RS_Y1_R048_C07,PG_BOOL_R048,PG_BOOL_R048_C07,Y1_basic_boolean,arithmetic_expression,6,6,6,6,1.0,1.0,1.0,0.0,0.0,0.9350000000000002,0.0,none,not_computed
BOOTSTRAP_V4_1_TO_V5_RULESET_CONDITIONED,RS_Y1_R048_C08,PG_BOOL_R048,PG_BOOL_R048_C08,Y1_basic_boolean,arithmetic_expression,6,6,6,6,1.0,1.0,1.0,0.0,0.0,0.9350000000000002,0.0,none,not_computed
BOOTSTRAP_V4_1_TO_V5_RULESET_CONDITIONED,RS_Y1_R048_C09,PG_BOOL_R048,PG_BOOL_R048_C09,Y1_basic_boolean,arithmetic_expression,6,6,6,6,1.0,1.0,1.0,0.0,0.0,0.9350000000000002,0.0,none,not_computed
BOOTSTRAP_V4_1_TO_V5_RULESET_CONDITIONED,RS_Y1_R048_C10,PG_BOOL_R048,PG_BOOL_R048_C10,Y1_basic_boolean,arithmetic_expression,6,6,6,6,1.0,1.0,1.0,0.0,0.0,0.9350000000000002,0.0,none,not_computed
BOOTSTRAP_V4_1_TO_V5_RULESET_CONDITIONED,RS_Y1_R049_C01,PG_BOOL_R049,PG_BOOL_R049_C01,Y1_basic_boolean,arithmetic_expression,6,6,6,0,1.0,1.0,1.0,0.0,0.0,0.9350000000000002,0.0,ok,not_computed
BOOTSTRAP_V4_1_TO_V5_RULESET_CONDITIONED,RS_Y1_R049_C02,PG_BOOL_R049,PG_BOOL_R049_C02,Y1_basic_boolean,arithmetic_expression,6,6,6,0,1.0,1.0,1.0,0.0,0.0,0.9350000000000002,0.0,ok,not_computed
BOOTSTRAP_V4_1_TO_V5_RULESET_CONDITIONED,RS_Y1_R049_C03,PG_BOOL_R049,PG_BOOL_R049_C03,Y1_basic_boolean,arithmetic_expression,6,6,6,0,1.0,1.0,1.0,0.0,0.0,0.9350000000000002,0.0,ok,not_computed
BOOTSTRAP_V4_1_TO_V5_RULESET_CONDITIONED,RS_Y1_R049_C04,PG_BOOL_R049,PG_BOOL_R049_C04,Y1_basic_boolean,arithmetic_expression,6,6,6,0,1.0,1.0,1.0,0.0,0.0,0.9350000000000002,0.0,ok,not_computed
BOOTSTRAP_V4_1_TO_V5_RULESET_CONDITIONED,RS_Y1_R049_C05,PG_BOOL_R049,PG_BOOL_R049_C05,Y1_basic_boolean,arithmetic_expression,6,6,6,0,1.0,1.0,1.0,0.0,0.0,0.9350000000000002,0.0,ok,not_computed
BOOTSTRAP_V4_1_TO_V5_RULESET_CONDITIONED,RS_Y1_R049_C06,PG_BOOL_R049,PG_BOOL_R049_C06,Y1_basic_boolean,arithmetic_expression,6,6,6,0,1.0,1.0,1.0,0.0,0.0,0.9350000000000002,0.0,ok,not_computed
BOOTSTRAP_V4_1_TO_V5_RULESET_CONDITIONED,RS_Y1_R049_C07,PG_BOOL_R049,PG_BOOL_R049_C07,Y1_basic_boolean,arithmetic_expression,6,6,6,0,1.0,1.0,1.0,0.0,0.0,0.9350000000000002,0.0,ok,not_computed
BOOTSTRAP_V4_1_TO_V5_RULESET_CONDITIONED,RS_Y1_R049_C08,PG_BOOL_R049,PG_BOOL_R049_C08,Y1_basic_boolean,arithmetic_expression,6,6,6,0,1.0,1.0,1.0,0.0,0.0,0.9350000000000002,0.0,ok,not_computed
BOOTSTRAP_V4_1_TO_V5_RULESET_CONDITIONED,RS_Y1_R049_C09,PG_BOOL_R049,PG_BOOL_R049_C09,Y1_basic_boolean,arithmetic_expression,6,6,6,0,1.0,1.0,1.0,0.0,0.0,0.9350000000000002,0.0,ok,not_computed
BOOTSTRAP_V4_1_TO_V5_RULESET_CONDITIONED,RS_Y1_R049_C10,PG_BOOL_R049,PG_BOOL_R049_C10,Y1_basic_boolean,arithmetic_expression,6,6,6,0,1.0,1.0,1.0,0.0,0.0,0.9350000000000002,0.0,ok,not_computed
BOOTSTRAP_V4_1_TO_V5_RULESET_CONDITIONED,RS_Y1_R050_C01,PG_BOOL_R050,PG_BOOL_R050_C01,Y1_basic_boolean,arithmetic_expression,6,6,6,6,1.0,1.0,1.0,0.0,0.0,0.9350000000000002,0.0,none,not_computed
BOOTSTRAP_V4_1_TO_V5_RULESET_CONDITIONED,RS_Y1_R050_C02,PG_BOOL_R050,PG_BOOL_R050_C02,Y1_basic_boolean,arithmetic_expression,6,6,6,6,1.0,1.0,1.0,0.0,0.0,0.9350000000000002,0.0,none,not_computed
BOOTSTRAP_V4_1_TO_V5_RULESET_CONDITIONED,RS_Y1_R050_C03,PG_BOOL_R050,PG_BOOL_R050_C03,Y1_basic_boolean,arithmetic_expression,6,6,6,6,1.0,1.0,1.0,0.0,0.0,0.9350000000000002,0.0,none,not_computed
BOOTSTRAP_V4_1_TO_V5_RULESET_CONDITIONED,RS_Y1_R050_C04,PG_BOOL_R050,PG_BOOL_R050_C04,Y1_basic_boolean,arithmetic_expression,6,6,6,6,1.0,1.0,1.0,0.0,0.0,0.9350000000000002,0.0,none,not_computed
BOOTSTRAP_V4_1_TO_V5_RULESET_CONDITIONED,RS_Y1_R050_C05,PG_BOOL_R050,PG_BOOL_R050_C05,Y1_basic_boolean,arithmetic_expression,6,6,6,6,1.0,1.0,1.0,0.0,0.0,0.9350000000000002,0.0,none,not_computed
BOOTSTRAP_V4_1_TO_V5_RULESET_CONDITIONED,RS_Y1_R050_C06,PG_BOOL_R050,PG_BOOL_R050_C06,Y1_basic_boolean,arithmetic_expression,6,6,6,6,1.0,1.0,1.0,0.0,0.0,0.9350000000000002,0.0,none,not_computed
BOOTSTRAP_V4_1_TO_V5_RULESET_CONDITIONED,RS_Y1_R050_C07,PG_BOOL_R050,PG_BOOL_R050_C07,Y1_basic_boolean,arithmetic_expression,6,6,6,6,1.0,1.0,1.0,0.0,0.0,0.9350000000000002,0.0,none,not_computed
BOOTSTRAP_V4_1_TO_V5_RULESET_CONDITIONED,RS_Y1_R050_C08,PG_BOOL_R050,PG_BOOL_R050_C08,Y1_basic_boolean,arithmetic_expression,6,6,6,6,1.0,1.0,1.0,0.0,0.0,0.9350000000000002,0.0,none,not_computed
BOOTSTRAP_V4_1_TO_V5_RULESET_CONDITIONED,RS_Y1_R050_C09,PG_BOOL_R050,PG_BOOL_R050_C09,Y1_basic_boolean,arithmetic_expression,6,6,6,6,1.0,1.0,1.0,0.0,0.0,0.9350000000000002,0.0,none,not_computed
BOOTSTRAP_V4_1_TO_V5_RULESET_CONDITIONED,RS_Y1_R050_C10,PG_BOOL_R050,PG_BOOL_R050_C10,Y1_basic_boolean,arithmetic_expression,6,6,6,6,1.0,1.0,1.0,0.0,0.0,0.9350000000000002,0.0,none,not_computed
BOOTSTRAP_V4_1_TO_V5_RULESET_CONDITIONED,RS_Y1_R051_C01,PG_BOOL_R051,PG_BOOL_R051_C01,Y1_basic_boolean,array_operator,6,6,6,6,1.0,1.0,1.0,0.0,0.0,0.9350000000000002,0.0,none,not_computed
BOOTSTRAP_V4_1_TO_V5_RULESET_CONDITIONED,RS_Y1_R051_C02,PG_BOOL_R051,PG_BOOL_R051_C02,Y1_basic_boolean,array_operator,6,6,6,6,1.0,1.0,1.0,0.0,0.0,0.9350000000000002,0.0,none,not_computed
BOOTSTRAP_V4_1_TO_V5_RULESET_CONDITIONED,RS_Y1_R051_C03,PG_BOOL_R051,PG_BOOL_R051_C03,Y1_basic_boolean,array_operator,6,6,6,6,1.0,1.0,1.0,0.0,0.0,0.9350000000000002,0.0,none,not_computed
BOOTSTRAP_V4_1_TO_V5_RULESET_CONDITIONED,RS_Y1_R051_C04,PG_BOOL_R051,PG_BOOL_R051_C04,Y1_basic_boolean,array_operator,6,6,6,6,1.0,1.0,1.0,0.0,0.0,0.9350000000000002,0.0,none,not_computed
BOOTSTRAP_V4_1_TO_V5_RULESET_CONDITIONED,RS_Y1_R051_C05,PG_BOOL_R051,PG_BOOL_R051_C05,Y1_basic_boolean,array_operator,6,6,6,6,1.0,1.0,1.0,0.0,0.0,0.9350000000000002,0.0,none,not_computed
BOOTSTRAP_V4_1_TO_V5_RULESET_CONDITIONED,RS_Y1_R051_C06,PG_BOOL_R051,PG_BOOL_R051_C06,Y1_basic_boolean,array_operator,6,6,6,6,1.0,1.0,1.0,0.0,0.0,0.9350000000000002,0.0,none,not_computed
BOOTSTRAP_V4_1_TO_V5_RULESET_CONDITIONED,RS_Y1_R051_C07,PG_BOOL_R051,PG_BOOL_R051_C07,Y1_basic_boolean,array_operator,6,6,6,6,1.0,1.0,1.0,0.0,0.0,0.9350000000000002,0.0,none,not_computed
BOOTSTRAP_V4_1_TO_V5_RULESET_CONDITIONED,RS_Y1_R051_C08,PG_BOOL_R051,PG_BOOL_R051_C08,Y1_basic_boolean,array_operator,6,6,6,6,1.0,1.0,1.0,0.0,0.0,0.9350000000000002,0.0,none,not_computed
BOOTSTRAP_V4_1_TO_V5_RULESET_CONDITIONED,RS_Y1_R051_C09,PG_BOOL_R051,PG_BOOL_R051_C09,Y1_basic_boolean,array_operator,6,6,6,6,1.0,1.0,1.0,0.0,0.0,0.9350000000000002,0.0,none,not_computed
BOOTSTRAP_V4_1_TO_V5_RULESET_CONDITIONED,RS_Y1_R051_C10,PG_BOOL_R051,PG_BOOL_R051_C10,Y1_basic_boolean,array_operator,6,6,6,6,1.0,1.0,1.0,0.0,0.0,0.9350000000000002,0.0,none,not_computed
BOOTSTRAP_V4_1_TO_V5_RULESET_CONDITIONED,RS_Y1_R052_C01,PG_BOOL_R052,PG_BOOL_R052_C01,Y1_basic_boolean,array_operator,6,6,6,6,1.0,1.0,1.0,0.0,0.0,0.9350000000000002,0.0,none,not_computed
BOOTSTRAP_V4_1_TO_V5_RULESET_CONDITIONED,RS_Y1_R052_C02,PG_BOOL_R052,PG_BOOL_R052_C02,Y1_basic_boolean,array_operator,6,6,6,6,1.0,1.0,1.0,0.0,0.0,0.9350000000000002,0.0,none,not_computed
BOOTSTRAP_V4_1_TO_V5_RULESET_CONDITIONED,RS_Y1_R052_C03,PG_BOOL_R052,PG_BOOL_R052_C03,Y1_basic_boolean,array_operator,6,6,6,6,1.0,1.0,1.0,0.0,0.0,0.9350000000000002,0.0,none,not_computed
BOOTSTRAP_V4_1_TO_V5_RULESET_CONDITIONED,RS_Y1_R052_C04,PG_BOOL_R052,PG_BOOL_R052_C04,Y1_basic_boolean,array_operator,6,6,6,6,1.0,1.0,1.0,0.0,0.0,0.9350000000000002,0.0,none,not_computed
BOOTSTRAP_V4_1_TO_V5_RULESET_CONDITIONED,RS_Y1_R052_C05,PG_BOOL_R052,PG_BOOL_R052_C05,Y1_basic_boolean,array_operator,6,6,6,6,1.0,1.0,1.0,0.0,0.0,0.9350000000000002,0.0,none,not_computed
BOOTSTRAP_V4_1_TO_V5_RULESET_CONDITIONED,RS_Y1_R052_C06,PG_BOOL_R052,PG_BOOL_R052_C06,Y1_basic_boolean,array_operator,6,6,6,6,1.0,1.0,1.0,0.0,0.0,0.9350000000000002,0.0,none,not_computed
BOOTSTRAP_V4_1_TO_V5_RULESET_CONDITIONED,RS_Y1_R052_C07,PG_BOOL_R052,PG_BOOL_R052_C07,Y1_basic_boolean,array_operator,6,6,6,6,1.0,1.0,1.0,0.0,0.0,0.9350000000000002,0.0,none,not_computed
BOOTSTRAP_V4_1_TO_V5_RULESET_CONDITIONED,RS_Y1_R052_C08,PG_BOOL_R052,PG_BOOL_R052_C08,Y1_basic_boolean,array_operator,6,6,6,6,1.0,1.0,1.0,0.0,0.0,0.9350000000000002,0.0,none,not_computed
BOOTSTRAP_V4_1_TO_V5_RULESET_CONDITIONED,RS_Y1_R052_C09,PG_BOOL_R052,PG_BOOL_R052_C09,Y1_basic_boolean,array_operator,6,6,6,6,1.0,1.0,1.0,0.0,0.0,0.9350000000000002,0.0,none,not_computed
BOOTSTRAP_V4_1_TO_V5_RULESET_CONDITIONED,RS_Y1_R052_C10,PG_BOOL_R052,PG_BOOL_R052_C10,Y1_basic_boolean,array_operator,6,6,6,6,1.0,1.0,1.0,0.0,0.0,0.9350000000000002,0.0,none,not_computed
BOOTSTRAP_V4_1_TO_V5_RULESET_CONDITIONED,RS_Y1_R053_C01,PG_BOOL_R053,PG_BOOL_R053_C01,Y1_basic_boolean,array_operator,6,6,6,0,1.0,1.0,1.0,0.0,0.0,0.585,0.0,boolean,not_computed
BOOTSTRAP_V4_1_TO_V5_RULESET_CONDITIONED,RS_Y1_R053_C02,PG_BOOL_R053,PG_BOOL_R053_C02,Y1_basic_boolean,array_operator,6,6,6,0,1.0,1.0,1.0,0.0,0.0,0.585,0.0,boolean,not_computed
BOOTSTRAP_V4_1_TO_V5_RULESET_CONDITIONED,RS_Y1_R053_C03,PG_BOOL_R053,PG_BOOL_R053_C03,Y1_basic_boolean,array_operator,6,6,6,6,1.0,1.0,1.0,0.0,0.0,0.9350000000000002,0.0,none,not_computed
BOOTSTRAP_V4_1_TO_V5_RULESET_CONDITIONED,RS_Y1_R053_C04,PG_BOOL_R053,PG_BOOL_R053_C04,Y1_basic_boolean,array_operator,6,6,6,6,1.0,1.0,1.0,0.0,0.0,0.9350000000000002,0.0,none,not_computed
BOOTSTRAP_V4_1_TO_V5_RULESET_CONDITIONED,RS_Y1_R053_C05,PG_BOOL_R053,PG_BOOL_R053_C05,Y1_basic_boolean,array_operator,6,6,6,6,1.0,1.0,1.0,0.0,0.0,0.9350000000000002,0.0,none,not_computed
BOOTSTRAP_V4_1_TO_V5_RULESET_CONDITIONED,RS_Y1_R053_C06,PG_BOOL_R053,PG_BOOL_R053_C06,Y1_basic_boolean,array_operator,6,6,6,0,1.0,1.0,1.0,0.0,0.0,0.585,0.0,boolean,not_computed
BOOTSTRAP_V4_1_TO_V5_RULESET_CONDITIONED,RS_Y1_R053_C07,PG_BOOL_R053,PG_BOOL_R053_C07,Y1_basic_boolean,array_operator,6,6,6,6,1.0,1.0,1.0,0.0,0.0,0.9350000000000002,0.0,none,not_computed
BOOTSTRAP_V4_1_TO_V5_RULESET_CONDITIONED,RS_Y1_R053_C08,PG_BOOL_R053,PG_BOOL_R053_C08,Y1_basic_boolean,array_operator,6,6,6,6,1.0,1.0,1.0,0.0,0.0,0.9350000000000002,0.0,none,not_computed
BOOTSTRAP_V4_1_TO_V5_RULESET_CONDITIONED,RS_Y1_R053_C09,PG_BOOL_R053,PG_BOOL_R053_C09,Y1_basic_boolean,array_operator,6,6,6,6,1.0,1.0,1.0,0.0,0.0,0.9350000000000002,0.0,none,not_computed
BOOTSTRAP_V4_1_TO_V5_RULESET_CONDITIONED,RS_Y1_R053_C10,PG_BOOL_R053,PG_BOOL_R053_C10,Y1_basic_boolean,array_operator,6,6,6,0,1.0,1.0,1.0,0.0,0.0,0.585,0.0,boolean,not_computed
BOOTSTRAP_V4_1_TO_V5_RULESET_CONDITIONED,RS_Y1_R054_C01,PG_BOOL_R054,PG_BOOL_R054_C01,Y1_basic_boolean,array_operator,6,6,6,6,1.0,1.0,1.0,0.0,0.0,0.9350000000000002,0.0,none,not_computed
BOOTSTRAP_V4_1_TO_V5_RULESET_CONDITIONED,RS_Y1_R054_C02,PG_BOOL_R054,PG_BOOL_R054_C02,Y1_basic_boolean,array_operator,6,6,6,6,1.0,1.0,1.0,0.0,0.0,0.9350000000000002,0.0,none,not_computed
BOOTSTRAP_V4_1_TO_V5_RULESET_CONDITIONED,RS_Y1_R054_C03,PG_BOOL_R054,PG_BOOL_R054_C03,Y1_basic_boolean,array_operator,6,6,6,6,1.0,1.0,1.0,0.0,0.0,0.9350000000000002,0.0,none,not_computed
BOOTSTRAP_V4_1_TO_V5_RULESET_CONDITIONED,RS_Y1_R054_C04,PG_BOOL_R054,PG_BOOL_R054_C04,Y1_basic_boolean,array_operator,6,6,6,6,1.0,1.0,1.0,0.0,0.0,0.9350000000000002,0.0,none,not_computed
BOOTSTRAP_V4_1_TO_V5_RULESET_CONDITIONED,RS_Y1_R054_C05,PG_BOOL_R054,PG_BOOL_R054_C05,Y1_basic_boolean,array_operator,6,6,6,6,1.0,1.0,1.0,0.0,0.0,0.9350000000000002,0.0,none,not_computed
BOOTSTRAP_V4_1_TO_V5_RULESET_CONDITIONED,RS_Y1_R054_C06,PG_BOOL_R054,PG_BOOL_R054_C06,Y1_basic_boolean,array_operator,6,6,6,6,1.0,1.0,1.0,0.0,0.0,0.9350000000000002,0.0,none,not_computed
BOOTSTRAP_V4_1_TO_V5_RULESET_CONDITIONED,RS_Y1_R054_C07,PG_BOOL_R054,PG_BOOL_R054_C07,Y1_basic_boolean,array_operator,6,6,6,6,1.0,1.0,1.0,0.0,0.0,0.9350000000000002,0.0,none,not_computed
BOOTSTRAP_V4_1_TO_V5_RULESET_CONDITIONED,RS_Y1_R054_C08,PG_BOOL_R054,PG_BOOL_R054_C08,Y1_basic_boolean,array_operator,6,6,6,6,1.0,1.0,1.0,0.0,0.0,0.9350000000000002,0.0,none,not_computed
BOOTSTRAP_V4_1_TO_V5_RULESET_CONDITIONED,RS_Y1_R054_C09,PG_BOOL_R054,PG_BOOL_R054_C09,Y1_basic_boolean,array_operator,6,6,6,6,1.0,1.0,1.0,0.0,0.0,0.9350000000000002,0.0,none,not_computed
BOOTSTRAP_V4_1_TO_V5_RULESET_CONDITIONED,RS_Y1_R054_C10,PG_BOOL_R054,PG_BOOL_R054_C10,Y1_basic_boolean,array_operator,6,6,6,6,1.0,1.0,1.0,0.0,0.0,0.9350000000000002,0.0,none,not_computed
BOOTSTRAP_V4_1_TO_V5_RULESET_CONDITIONED,RS_Y1_R055_C01,PG_BOOL_R055,PG_BOOL_R055_C01,Y1_basic_boolean,array_operator,6,6,6,6,1.0,1.0,1.0,0.0,0.0,0.9350000000000002,0.0,none,not_computed
BOOTSTRAP_V4_1_TO_V5_RULESET_CONDITIONED,RS_Y1_R055_C02,PG_BOOL_R055,PG_BOOL_R055_C02,Y1_basic_boolean,array_operator,6,6,6,6,1.0,1.0,1.0,0.0,0.0,0.9350000000000002,0.0,none,not_computed
BOOTSTRAP_V4_1_TO_V5_RULESET_CONDITIONED,RS_Y1_R055_C03,PG_BOOL_R055,PG_BOOL_R055_C03,Y1_basic_boolean,array_operator,6,6,6,6,1.0,1.0,1.0,0.0,0.0,0.9350000000000002,0.0,none,not_computed
BOOTSTRAP_V4_1_TO_V5_RULESET_CONDITIONED,RS_Y1_R055_C04,PG_BOOL_R055,PG_BOOL_R055_C04,Y1_basic_boolean,array_operator,6,6,6,6,1.0,1.0,1.0,0.0,0.0,0.9350000000000002,0.0,none,not_computed
BOOTSTRAP_V4_1_TO_V5_RULESET_CONDITIONED,RS_Y1_R055_C05,PG_BOOL_R055,PG_BOOL_R055_C05,Y1_basic_boolean,array_operator,6,6,6,6,1.0,1.0,1.0,0.0,0.0,0.9350000000000002,0.0,none,not_computed
BOOTSTRAP_V4_1_TO_V5_RULESET_CONDITIONED,RS_Y1_R055_C06,PG_BOOL_R055,PG_BOOL_R055_C06,Y1_basic_boolean,array_operator,6,6,6,6,1.0,1.0,1.0,0.0,0.0,0.9350000000000002,0.0,none,not_computed
BOOTSTRAP_V4_1_TO_V5_RULESET_CONDITIONED,RS_Y1_R055_C07,PG_BOOL_R055,PG_BOOL_R055_C07,Y1_basic_boolean,array_operator,6,6,6,6,1.0,1.0,1.0,0.0,0.0,0.9350000000000002,0.0,none,not_computed
BOOTSTRAP_V4_1_TO_V5_RULESET_CONDITIONED,RS_Y1_R055_C08,PG_BOOL_R055,PG_BOOL_R055_C08,Y1_basic_boolean,array_operator,6,6,6,6,1.0,1.0,1.0,0.0,0.0,0.9350000000000002,0.0,none,not_computed
BOOTSTRAP_V4_1_TO_V5_RULESET_CONDITIONED,RS_Y1_R055_C09,PG_BOOL_R055,PG_BOOL_R055_C09,Y1_basic_boolean,array_operator,6,6,6,6,1.0,1.0,1.0,0.0,0.0,0.9350000000000002,0.0,none,not_computed
BOOTSTRAP_V4_1_TO_V5_RULESET_CONDITIONED,RS_Y1_R055_C10,PG_BOOL_R055,PG_BOOL_R055_C10,Y1_basic_boolean,array_operator,6,6,6,6,1.0,1.0,1.0,0.0,0.0,0.9350000000000002,0.0,none,not_computed
BOOTSTRAP_V4_1_TO_V5_RULESET_CONDITIONED,RS_Y1_R056_C01,PG_BOOL_R056,PG_BOOL_R056_C01,Y1_basic_boolean,row_comparison,6,6,6,6,1.0,1.0,1.0,0.0,0.0,0.9350000000000002,0.0,none,not_computed
BOOTSTRAP_V4_1_TO_V5_RULESET_CONDITIONED,RS_Y1_R056_C02,PG_BOOL_R056,PG_BOOL_R056_C02,Y1_basic_boolean,row_comparison,6,6,6,6,1.0,1.0,1.0,0.0,0.0,0.9350000000000002,0.0,none,not_computed
BOOTSTRAP_V4_1_TO_V5_RULESET_CONDITIONED,RS_Y1_R056_C03,PG_BOOL_R056,PG_BOOL_R056_C03,Y1_basic_boolean,row_comparison,6,6,6,6,1.0,1.0,1.0,0.0,0.0,0.9350000000000002,0.0,none,not_computed
BOOTSTRAP_V4_1_TO_V5_RULESET_CONDITIONED,RS_Y1_R056_C04,PG_BOOL_R056,PG_BOOL_R056_C04,Y1_basic_boolean,row_comparison,6,6,6,6,1.0,1.0,1.0,0.0,0.0,0.9350000000000002,0.0,none,not_computed
BOOTSTRAP_V4_1_TO_V5_RULESET_CONDITIONED,RS_Y1_R056_C05,PG_BOOL_R056,PG_BOOL_R056_C05,Y1_basic_boolean,row_comparison,6,6,6,6,1.0,1.0,1.0,0.0,0.0,0.9350000000000002,0.0,none,not_computed
BOOTSTRAP_V4_1_TO_V5_RULESET_CONDITIONED,RS_Y1_R056_C06,PG_BOOL_R056,PG_BOOL_R056_C06,Y1_basic_boolean,row_comparison,6,6,6,6,1.0,1.0,1.0,0.0,0.0,0.9350000000000002,0.0,none,not_computed
BOOTSTRAP_V4_1_TO_V5_RULESET_CONDITIONED,RS_Y1_R056_C07,PG_BOOL_R056,PG_BOOL_R056_C07,Y1_basic_boolean,row_comparison,6,6,6,6,1.0,1.0,1.0,0.0,0.0,0.9350000000000002,0.0,none,not_computed
BOOTSTRAP_V4_1_TO_V5_RULESET_CONDITIONED,RS_Y1_R056_C08,PG_BOOL_R056,PG_BOOL_R056_C08,Y1_basic_boolean,row_comparison,6,6,6,6,1.0,1.0,1.0,0.0,0.0,0.9350000000000002,0.0,none,not_computed
BOOTSTRAP_V4_1_TO_V5_RULESET_CONDITIONED,RS_Y1_R056_C09,PG_BOOL_R056,PG_BOOL_R056_C09,Y1_basic_boolean,row_comparison,6,6,6,6,1.0,1.0,1.0,0.0,0.0,0.9350000000000002,0.0,none,not_computed
BOOTSTRAP_V4_1_TO_V5_RULESET_CONDITIONED,RS_Y1_R056_C10,PG_BOOL_R056,PG_BOOL_R056_C10,Y1_basic_boolean,row_comparison,6,6,6,6,1.0,1.0,1.0,0.0,0.0,0.9350000000000002,0.0,none,not_computed
BOOTSTRAP_V4_1_TO_V5_RULESET_CONDITIONED,RS_Y1_R057_C01,PG_BOOL_R057,PG_BOOL_R057_C01,Y1_basic_boolean,row_comparison,6,6,6,6,1.0,1.0,1.0,0.0,0.0,0.9350000000000002,0.0,none,not_computed
BOOTSTRAP_V4_1_TO_V5_RULESET_CONDITIONED,RS_Y1_R057_C02,PG_BOOL_R057,PG_BOOL_R057_C02,Y1_basic_boolean,row_comparison,6,6,6,6,1.0,1.0,1.0,0.0,0.0,0.9350000000000002,0.0,none,not_computed
BOOTSTRAP_V4_1_TO_V5_RULESET_CONDITIONED,RS_Y1_R057_C03,PG_BOOL_R057,PG_BOOL_R057_C03,Y1_basic_boolean,row_comparison,6,6,6,6,1.0,1.0,1.0,0.0,0.0,0.9350000000000002,0.0,none,not_computed
BOOTSTRAP_V4_1_TO_V5_RULESET_CONDITIONED,RS_Y1_R057_C04,PG_BOOL_R057,PG_BOOL_R057_C04,Y1_basic_boolean,row_comparison,6,6,6,6,1.0,1.0,1.0,0.0,0.0,0.9350000000000002,0.0,none,not_computed
BOOTSTRAP_V4_1_TO_V5_RULESET_CONDITIONED,RS_Y1_R057_C05,PG_BOOL_R057,PG_BOOL_R057_C05,Y1_basic_boolean,row_comparison,6,6,6,6,1.0,1.0,1.0,0.0,0.0,0.9350000000000002,0.0,none,not_computed
BOOTSTRAP_V4_1_TO_V5_RULESET_CONDITIONED,RS_Y1_R057_C06,PG_BOOL_R057,PG_BOOL_R057_C06,Y1_basic_boolean,row_comparison,6,6,6,6,1.0,1.0,1.0,0.0,0.0,0.9350000000000002,0.0,none,not_computed
BOOTSTRAP_V4_1_TO_V5_RULESET_CONDITIONED,RS_Y1_R057_C07,PG_BOOL_R057,PG_BOOL_R057_C07,Y1_basic_boolean,row_comparison,6,6,6,6,1.0,1.0,1.0,0.0,0.0,0.9350000000000002,0.0,none,not_computed
BOOTSTRAP_V4_1_TO_V5_RULESET_CONDITIONED,RS_Y1_R057_C08,PG_BOOL_R057,PG_BOOL_R057_C08,Y1_basic_boolean,row_comparison,6,6,6,6,1.0,1.0,1.0,0.0,0.0,0.9350000000000002,0.0,none,not_computed
BOOTSTRAP_V4_1_TO_V5_RULESET_CONDITIONED,RS_Y1_R057_C09,PG_BOOL_R057,PG_BOOL_R057_C09,Y1_basic_boolean,row_comparison,6,6,6,6,1.0,1.0,1.0,0.0,0.0,0.9350000000000002,0.0,none,not_computed
BOOTSTRAP_V4_1_TO_V5_RULESET_CONDITIONED,RS_Y1_R057_C10,PG_BOOL_R057,PG_BOOL_R057_C10,Y1_basic_boolean,row_comparison,6,6,6,6,1.0,1.0,1.0,0.0,0.0,0.9350000000000002,0.0,none,not_computed
BOOTSTRAP_V4_1_TO_V5_RULESET_CONDITIONED,RS_Y1_R058_C01,PG_BOOL_R058,PG_BOOL_R058_C01,Y1_basic_boolean,row_comparison,6,6,6,3,1.0,1.0,1.0,0.0,0.0,0.7600000000000001,0.0,boolean,not_computed
BOOTSTRAP_V4_1_TO_V5_RULESET_CONDITIONED,RS_Y1_R058_C02,PG_BOOL_R058,PG_BOOL_R058_C02,Y1_basic_boolean,row_comparison,6,6,6,3,1.0,1.0,1.0,0.0,0.0,0.7600000000000001,0.0,boolean,not_computed
BOOTSTRAP_V4_1_TO_V5_RULESET_CONDITIONED,RS_Y1_R058_C03,PG_BOOL_R058,PG_BOOL_R058_C03,Y1_basic_boolean,row_comparison,6,6,6,6,1.0,1.0,1.0,0.0,0.0,0.9350000000000002,0.0,none,not_computed
BOOTSTRAP_V4_1_TO_V5_RULESET_CONDITIONED,RS_Y1_R058_C04,PG_BOOL_R058,PG_BOOL_R058_C04,Y1_basic_boolean,row_comparison,6,6,6,6,1.0,1.0,1.0,0.0,0.0,0.9350000000000002,0.0,none,not_computed
BOOTSTRAP_V4_1_TO_V5_RULESET_CONDITIONED,RS_Y1_R058_C05,PG_BOOL_R058,PG_BOOL_R058_C05,Y1_basic_boolean,row_comparison,6,6,6,6,1.0,1.0,1.0,0.0,0.0,0.9350000000000002,0.0,none,not_computed
BOOTSTRAP_V4_1_TO_V5_RULESET_CONDITIONED,RS_Y1_R058_C06,PG_BOOL_R058,PG_BOOL_R058_C06,Y1_basic_boolean,row_comparison,6,6,6,3,1.0,1.0,1.0,0.0,0.0,0.7600000000000001,0.0,boolean,not_computed
BOOTSTRAP_V4_1_TO_V5_RULESET_CONDITIONED,RS_Y1_R058_C07,PG_BOOL_R058,PG_BOOL_R058_C07,Y1_basic_boolean,row_comparison,6,6,6,6,1.0,1.0,1.0,0.0,0.0,0.9350000000000002,0.0,none,not_computed
BOOTSTRAP_V4_1_TO_V5_RULESET_CONDITIONED,RS_Y1_R058_C08,PG_BOOL_R058,PG_BOOL_R058_C08,Y1_basic_boolean,row_comparison,6,6,6,6,1.0,1.0,1.0,0.0,0.0,0.9350000000000002,0.0,none,not_computed
BOOTSTRAP_V4_1_TO_V5_RULESET_CONDITIONED,RS_Y1_R058_C09,PG_BOOL_R058,PG_BOOL_R058_C09,Y1_basic_boolean,row_comparison,6,6,6,6,1.0,1.0,1.0,0.0,0.0,0.9350000000000002,0.0,none,not_computed
BOOTSTRAP_V4_1_TO_V5_RULESET_CONDITIONED,RS_Y1_R058_C10,PG_BOOL_R058,PG_BOOL_R058_C10,Y1_basic_boolean,row_comparison,6,6,6,3,1.0,1.0,1.0,0.0,0.0,0.7600000000000001,0.0,boolean,not_computed
BOOTSTRAP_V4_1_TO_V5_RULESET_CONDITIONED,RS_Y1_R059_C01,PG_BOOL_R059,PG_BOOL_R059_C01,Y1_basic_boolean,row_comparison,6,6,6,6,1.0,1.0,1.0,0.0,0.0,0.9350000000000002,0.0,none,not_computed
BOOTSTRAP_V4_1_TO_V5_RULESET_CONDITIONED,RS_Y1_R059_C02,PG_BOOL_R059,PG_BOOL_R059_C02,Y1_basic_boolean,row_comparison,6,6,6,6,1.0,1.0,1.0,0.0,0.0,0.9350000000000002,0.0,none,not_computed
BOOTSTRAP_V4_1_TO_V5_RULESET_CONDITIONED,RS_Y1_R059_C03,PG_BOOL_R059,PG_BOOL_R059_C03,Y1_basic_boolean,row_comparison,6,6,6,6,1.0,1.0,1.0,0.0,0.0,0.9350000000000002,0.0,none,not_computed
BOOTSTRAP_V4_1_TO_V5_RULESET_CONDITIONED,RS_Y1_R059_C04,PG_BOOL_R059,PG_BOOL_R059_C04,Y1_basic_boolean,row_comparison,6,6,6,6,1.0,1.0,1.0,0.0,0.0,0.9350000000000002,0.0,none,not_computed
BOOTSTRAP_V4_1_TO_V5_RULESET_CONDITIONED,RS_Y1_R059_C05,PG_BOOL_R059,PG_BOOL_R059_C05,Y1_basic_boolean,row_comparison,6,6,6,6,1.0,1.0,1.0,0.0,0.0,0.9350000000000002,0.0,none,not_computed
BOOTSTRAP_V4_1_TO_V5_RULESET_CONDITIONED,RS_Y1_R059_C06,PG_BOOL_R059,PG_BOOL_R059_C06,Y1_basic_boolean,row_comparison,6,6,6,6,1.0,1.0,1.0,0.0,0.0,0.9350000000000002,0.0,none,not_computed
BOOTSTRAP_V4_1_TO_V5_RULESET_CONDITIONED,RS_Y1_R059_C07,PG_BOOL_R059,PG_BOOL_R059_C07,Y1_basic_boolean,row_comparison,6,6,6,6,1.0,1.0,1.0,0.0,0.0,0.9350000000000002,0.0,none,not_computed
BOOTSTRAP_V4_1_TO_V5_RULESET_CONDITIONED,RS_Y1_R059_C08,PG_BOOL_R059,PG_BOOL_R059_C08,Y1_basic_boolean,row_comparison,6,6,6,6,1.0,1.0,1.0,0.0,0.0,0.9350000000000002,0.0,none,not_computed
BOOTSTRAP_V4_1_TO_V5_RULESET_CONDITIONED,RS_Y1_R059_C09,PG_BOOL_R059,PG_BOOL_R059_C09,Y1_basic_boolean,row_comparison,6,6,6,6,1.0,1.0,1.0,0.0,0.0,0.9350000000000002,0.0,none,not_computed
BOOTSTRAP_V4_1_TO_V5_RULESET_CONDITIONED,RS_Y1_R059_C10,PG_BOOL_R059,PG_BOOL_R059_C10,Y1_basic_boolean,row_comparison,6,6,6,6,1.0,1.0,1.0,0.0,0.0,0.9350000000000002,0.0,none,not_computed
BOOTSTRAP_V4_1_TO_V5_RULESET_CONDITIONED,RS_Y1_R060_C01,PG_BOOL_R060,PG_BOOL_R060_C01,Y1_basic_boolean,row_comparison,6,6,6,3,1.0,1.0,1.0,0.0,0.0,0.7600000000000001,0.0,boolean,not_computed
BOOTSTRAP_V4_1_TO_V5_RULESET_CONDITIONED,RS_Y1_R060_C02,PG_BOOL_R060,PG_BOOL_R060_C02,Y1_basic_boolean,row_comparison,6,6,6,3,1.0,1.0,1.0,0.0,0.0,0.7600000000000001,0.0,boolean,not_computed
BOOTSTRAP_V4_1_TO_V5_RULESET_CONDITIONED,RS_Y1_R060_C03,PG_BOOL_R060,PG_BOOL_R060_C03,Y1_basic_boolean,row_comparison,6,6,6,6,1.0,1.0,1.0,0.0,0.0,0.9350000000000002,0.0,none,not_computed
BOOTSTRAP_V4_1_TO_V5_RULESET_CONDITIONED,RS_Y1_R060_C04,PG_BOOL_R060,PG_BOOL_R060_C04,Y1_basic_boolean,row_comparison,6,6,6,6,1.0,1.0,1.0,0.0,0.0,0.9350000000000002,0.0,none,not_computed
BOOTSTRAP_V4_1_TO_V5_RULESET_CONDITIONED,RS_Y1_R060_C05,PG_BOOL_R060,PG_BOOL_R060_C05,Y1_basic_boolean,row_comparison,6,6,6,6,1.0,1.0,1.0,0.0,0.0,0.9350000000000002,0.0,none,not_computed
BOOTSTRAP_V4_1_TO_V5_RULESET_CONDITIONED,RS_Y1_R060_C06,PG_BOOL_R060,PG_BOOL_R060_C06,Y1_basic_boolean,row_comparison,6,6,6,3,1.0,1.0,1.0,0.0,0.0,0.7600000000000001,0.0,boolean,not_computed
BOOTSTRAP_V4_1_TO_V5_RULESET_CONDITIONED,RS_Y1_R060_C07,PG_BOOL_R060,PG_BOOL_R060_C07,Y1_basic_boolean,row_comparison,6,6,6,6,1.0,1.0,1.0,0.0,0.0,0.9350000000000002,0.0,none,not_computed
BOOTSTRAP_V4_1_TO_V5_RULESET_CONDITIONED,RS_Y1_R060_C08,PG_BOOL_R060,PG_BOOL_R060_C08,Y1_basic_boolean,row_comparison,6,6,6,6,1.0,1.0,1.0,0.0,0.0,0.9350000000000002,0.0,none,not_computed
BOOTSTRAP_V4_1_TO_V5_RULESET_CONDITIONED,RS_Y1_R060_C09,PG_BOOL_R060,PG_BOOL_R060_C09,Y1_basic_boolean,row_comparison,6,6,6,6,1.0,1.0,1.0,0.0,0.0,0.9350000000000002,0.0,none,not_computed
BOOTSTRAP_V4_1_TO_V5_RULESET_CONDITIONED,RS_Y1_R060_C10,PG_BOOL_R060,PG_BOOL_R060_C10,Y1_basic_boolean,row_comparison,6,6,6,3,1.0,1.0,1.0,0.0,0.0,0.7600000000000001,0.0,boolean,not_computed
BOOTSTRAP_V4_1_TO_V5_RULESET_CONDITIONED,RS_Y1_R061_C01,PG_BOOL_R061,PG_BOOL_R061_C01,Y1_basic_boolean,conditional_expression,6,6,6,6,1.0,1.0,1.0,0.0,0.0,0.9350000000000002,0.0,none,not_computed
BOOTSTRAP_V4_1_TO_V5_RULESET_CONDITIONED,RS_Y1_R061_C02,PG_BOOL_R061,PG_BOOL_R061_C02,Y1_basic_boolean,conditional_expression,6,6,6,6,1.0,1.0,1.0,0.0,0.0,0.9350000000000002,0.0,none,not_computed
BOOTSTRAP_V4_1_TO_V5_RULESET_CONDITIONED,RS_Y1_R061_C03,PG_BOOL_R061,PG_BOOL_R061_C03,Y1_basic_boolean,conditional_expression,6,6,6,6,1.0,1.0,1.0,0.0,0.0,0.9350000000000002,0.0,none,not_computed
BOOTSTRAP_V4_1_TO_V5_RULESET_CONDITIONED,RS_Y1_R061_C04,PG_BOOL_R061,PG_BOOL_R061_C04,Y1_basic_boolean,conditional_expression,6,6,6,6,1.0,1.0,1.0,0.0,0.0,0.9350000000000002,0.0,none,not_computed
BOOTSTRAP_V4_1_TO_V5_RULESET_CONDITIONED,RS_Y1_R061_C05,PG_BOOL_R061,PG_BOOL_R061_C05,Y1_basic_boolean,conditional_expression,6,6,6,6,1.0,1.0,1.0,0.0,0.0,0.9350000000000002,0.0,none,not_computed
BOOTSTRAP_V4_1_TO_V5_RULESET_CONDITIONED,RS_Y1_R061_C06,PG_BOOL_R061,PG_BOOL_R061_C06,Y1_basic_boolean,conditional_expression,6,6,6,6,1.0,1.0,1.0,0.0,0.0,0.9350000000000002,0.0,none,not_computed
BOOTSTRAP_V4_1_TO_V5_RULESET_CONDITIONED,RS_Y1_R061_C07,PG_BOOL_R061,PG_BOOL_R061_C07,Y1_basic_boolean,conditional_expression,6,6,6,6,1.0,1.0,1.0,0.0,0.0,0.9350000000000002,0.0,none,not_computed
BOOTSTRAP_V4_1_TO_V5_RULESET_CONDITIONED,RS_Y1_R061_C08,PG_BOOL_R061,PG_BOOL_R061_C08,Y1_basic_boolean,conditional_expression,6,6,6,6,1.0,1.0,1.0,0.0,0.0,0.9350000000000002,0.0,none,not_computed
BOOTSTRAP_V4_1_TO_V5_RULESET_CONDITIONED,RS_Y1_R061_C09,PG_BOOL_R061,PG_BOOL_R061_C09,Y1_basic_boolean,conditional_expression,6,6,6,6,1.0,1.0,1.0,0.0,0.0,0.9350000000000002,0.0,none,not_computed
BOOTSTRAP_V4_1_TO_V5_RULESET_CONDITIONED,RS_Y1_R061_C10,PG_BOOL_R061,PG_BOOL_R061_C10,Y1_basic_boolean,conditional_expression,6,6,6,6,1.0,1.0,1.0,0.0,0.0,0.9350000000000002,0.0,none,not_computed
BOOTSTRAP_V4_1_TO_V5_RULESET_CONDITIONED,RS_Y1_R062_C01,PG_BOOL_R062,PG_BOOL_R062_C01,Y1_basic_boolean,conditional_expression,6,6,6,6,1.0,1.0,1.0,0.0,0.0,0.9350000000000002,0.0,none,not_computed
BOOTSTRAP_V4_1_TO_V5_RULESET_CONDITIONED,RS_Y1_R062_C02,PG_BOOL_R062,PG_BOOL_R062_C02,Y1_basic_boolean,conditional_expression,6,6,6,6,1.0,1.0,1.0,0.0,0.0,0.9350000000000002,0.0,none,not_computed
BOOTSTRAP_V4_1_TO_V5_RULESET_CONDITIONED,RS_Y1_R062_C03,PG_BOOL_R062,PG_BOOL_R062_C03,Y1_basic_boolean,conditional_expression,6,6,6,6,1.0,1.0,1.0,0.0,0.0,0.9350000000000002,0.0,none,not_computed
BOOTSTRAP_V4_1_TO_V5_RULESET_CONDITIONED,RS_Y1_R062_C04,PG_BOOL_R062,PG_BOOL_R062_C04,Y1_basic_boolean,conditional_expression,6,6,6,6,1.0,1.0,1.0,0.0,0.0,0.9350000000000002,0.0,none,not_computed
BOOTSTRAP_V4_1_TO_V5_RULESET_CONDITIONED,RS_Y1_R062_C05,PG_BOOL_R062,PG_BOOL_R062_C05,Y1_basic_boolean,conditional_expression,6,6,6,6,1.0,1.0,1.0,0.0,0.0,0.9350000000000002,0.0,none,not_computed
BOOTSTRAP_V4_1_TO_V5_RULESET_CONDITIONED,RS_Y1_R062_C06,PG_BOOL_R062,PG_BOOL_R062_C06,Y1_basic_boolean,conditional_expression,6,6,6,6,1.0,1.0,1.0,0.0,0.0,0.9350000000000002,0.0,none,not_computed
BOOTSTRAP_V4_1_TO_V5_RULESET_CONDITIONED,RS_Y1_R062_C07,PG_BOOL_R062,PG_BOOL_R062_C07,Y1_basic_boolean,conditional_expression,6,6,6,6,1.0,1.0,1.0,0.0,0.0,0.9350000000000002,0.0,none,not_computed
BOOTSTRAP_V4_1_TO_V5_RULESET_CONDITIONED,RS_Y1_R062_C08,PG_BOOL_R062,PG_BOOL_R062_C08,Y1_basic_boolean,conditional_expression,6,6,6,6,1.0,1.0,1.0,0.0,0.0,0.9350000000000002,0.0,none,not_computed
BOOTSTRAP_V4_1_TO_V5_RULESET_CONDITIONED,RS_Y1_R062_C09,PG_BOOL_R062,PG_BOOL_R062_C09,Y1_basic_boolean,conditional_expression,6,6,6,6,1.0,1.0,1.0,0.0,0.0,0.9350000000000002,0.0,none,not_computed
BOOTSTRAP_V4_1_TO_V5_RULESET_CONDITIONED,RS_Y1_R062_C10,PG_BOOL_R062,PG_BOOL_R062_C10,Y1_basic_boolean,conditional_expression,6,6,6,6,1.0,1.0,1.0,0.0,0.0,0.9350000000000002,0.0,none,not_computed
BOOTSTRAP_V4_1_TO_V5_RULESET_CONDITIONED,RS_Y1_R063_C01,PG_BOOL_R063,PG_BOOL_R063_C01,Y1_basic_boolean,conditional_expression,6,6,6,6,1.0,1.0,1.0,0.0,0.0,0.9350000000000002,0.0,none,not_computed
BOOTSTRAP_V4_1_TO_V5_RULESET_CONDITIONED,RS_Y1_R063_C02,PG_BOOL_R063,PG_BOOL_R063_C02,Y1_basic_boolean,conditional_expression,6,6,6,6,1.0,1.0,1.0,0.0,0.0,0.9350000000000002,0.0,none,not_computed
BOOTSTRAP_V4_1_TO_V5_RULESET_CONDITIONED,RS_Y1_R063_C03,PG_BOOL_R063,PG_BOOL_R063_C03,Y1_basic_boolean,conditional_expression,6,6,6,6,1.0,1.0,1.0,0.0,0.0,0.9350000000000002,0.0,none,not_computed
BOOTSTRAP_V4_1_TO_V5_RULESET_CONDITIONED,RS_Y1_R063_C04,PG_BOOL_R063,PG_BOOL_R063_C04,Y1_basic_boolean,conditional_expression,6,6,6,6,1.0,1.0,1.0,0.0,0.0,0.9350000000000002,0.0,none,not_computed
BOOTSTRAP_V4_1_TO_V5_RULESET_CONDITIONED,RS_Y1_R063_C05,PG_BOOL_R063,PG_BOOL_R063_C05,Y1_basic_boolean,conditional_expression,6,6,6,6,1.0,1.0,1.0,0.0,0.0,0.9350000000000002,0.0,none,not_computed
BOOTSTRAP_V4_1_TO_V5_RULESET_CONDITIONED,RS_Y1_R063_C06,PG_BOOL_R063,PG_BOOL_R063_C06,Y1_basic_boolean,conditional_expression,6,6,6,6,1.0,1.0,1.0,0.0,0.0,0.9350000000000002,0.0,none,not_computed
BOOTSTRAP_V4_1_TO_V5_RULESET_CONDITIONED,RS_Y1_R063_C07,PG_BOOL_R063,PG_BOOL_R063_C07,Y1_basic_boolean,conditional_expression,6,6,6,6,1.0,1.0,1.0,0.0,0.0,0.9350000000000002,0.0,none,not_computed
BOOTSTRAP_V4_1_TO_V5_RULESET_CONDITIONED,RS_Y1_R063_C08,PG_BOOL_R063,PG_BOOL_R063_C08,Y1_basic_boolean,conditional_expression,6,6,6,6,1.0,1.0,1.0,0.0,0.0,0.9350000000000002,0.0,none,not_computed
BOOTSTRAP_V4_1_TO_V5_RULESET_CONDITIONED,RS_Y1_R063_C09,PG_BOOL_R063,PG_BOOL_R063_C09,Y1_basic_boolean,conditional_expression,6,6,6,6,1.0,1.0,1.0,0.0,0.0,0.9350000000000002,0.0,none,not_computed
BOOTSTRAP_V4_1_TO_V5_RULESET_CONDITIONED,RS_Y1_R063_C10,PG_BOOL_R063,PG_BOOL_R063_C10,Y1_basic_boolean,conditional_expression,6,6,6,6,1.0,1.0,1.0,0.0,0.0,0.9350000000000002,0.0,none,not_computed
BOOTSTRAP_V4_1_TO_V5_RULESET_CONDITIONED,RS_Y1_R064_C01,PG_BOOL_R064,PG_BOOL_R064_C01,Y1_basic_boolean,conditional_expression,6,6,6,6,1.0,1.0,1.0,0.0,0.0,0.9350000000000002,0.0,none,not_computed
BOOTSTRAP_V4_1_TO_V5_RULESET_CONDITIONED,RS_Y1_R064_C02,PG_BOOL_R064,PG_BOOL_R064_C02,Y1_basic_boolean,conditional_expression,6,6,6,6,1.0,1.0,1.0,0.0,0.0,0.9350000000000002,0.0,none,not_computed
BOOTSTRAP_V4_1_TO_V5_RULESET_CONDITIONED,RS_Y1_R064_C03,PG_BOOL_R064,PG_BOOL_R064_C03,Y1_basic_boolean,conditional_expression,6,6,6,6,1.0,1.0,1.0,0.0,0.0,0.9350000000000002,0.0,none,not_computed
BOOTSTRAP_V4_1_TO_V5_RULESET_CONDITIONED,RS_Y1_R064_C04,PG_BOOL_R064,PG_BOOL_R064_C04,Y1_basic_boolean,conditional_expression,6,6,6,6,1.0,1.0,1.0,0.0,0.0,0.9350000000000002,0.0,none,not_computed
BOOTSTRAP_V4_1_TO_V5_RULESET_CONDITIONED,RS_Y1_R064_C05,PG_BOOL_R064,PG_BOOL_R064_C05,Y1_basic_boolean,conditional_expression,6,6,6,6,1.0,1.0,1.0,0.0,0.0,0.9350000000000002,0.0,none,not_computed
BOOTSTRAP_V4_1_TO_V5_RULESET_CONDITIONED,RS_Y1_R064_C06,PG_BOOL_R064,PG_BOOL_R064_C06,Y1_basic_boolean,conditional_expression,6,6,6,6,1.0,1.0,1.0,0.0,0.0,0.9350000000000002,0.0,none,not_computed
BOOTSTRAP_V4_1_TO_V5_RULESET_CONDITIONED,RS_Y1_R064_C07,PG_BOOL_R064,PG_BOOL_R064_C07,Y1_basic_boolean,conditional_expression,6,6,6,6,1.0,1.0,1.0,0.0,0.0,0.9350000000000002,0.0,none,not_computed
BOOTSTRAP_V4_1_TO_V5_RULESET_CONDITIONED,RS_Y1_R064_C08,PG_BOOL_R064,PG_BOOL_R064_C08,Y1_basic_boolean,conditional_expression,6,6,6,6,1.0,1.0,1.0,0.0,0.0,0.9350000000000002,0.0,none,not_computed
BOOTSTRAP_V4_1_TO_V5_RULESET_CONDITIONED,RS_Y1_R064_C09,PG_BOOL_R064,PG_BOOL_R064_C09,Y1_basic_boolean,conditional_expression,6,6,6,6,1.0,1.0,1.0,0.0,0.0,0.9350000000000002,0.0,none,not_computed
BOOTSTRAP_V4_1_TO_V5_RULESET_CONDITIONED,RS_Y1_R064_C10,PG_BOOL_R064,PG_BOOL_R064_C10,Y1_basic_boolean,conditional_expression,6,6,6,6,1.0,1.0,1.0,0.0,0.0,0.9350000000000002,0.0,none,not_computed
BOOTSTRAP_V4_1_TO_V5_RULESET_CONDITIONED,RS_Y1_R065_C01,PG_BOOL_R065,PG_BOOL_R065_C01,Y1_basic_boolean,conditional_expression,6,6,6,6,1.0,1.0,1.0,0.0,0.0,0.9350000000000002,0.0,none,not_computed
BOOTSTRAP_V4_1_TO_V5_RULESET_CONDITIONED,RS_Y1_R065_C02,PG_BOOL_R065,PG_BOOL_R065_C02,Y1_basic_boolean,conditional_expression,6,6,6,6,1.0,1.0,1.0,0.0,0.0,0.9350000000000002,0.0,none,not_computed
BOOTSTRAP_V4_1_TO_V5_RULESET_CONDITIONED,RS_Y1_R065_C03,PG_BOOL_R065,PG_BOOL_R065_C03,Y1_basic_boolean,conditional_expression,6,6,6,6,1.0,1.0,1.0,0.0,0.0,0.9350000000000002,0.0,none,not_computed
BOOTSTRAP_V4_1_TO_V5_RULESET_CONDITIONED,RS_Y1_R065_C04,PG_BOOL_R065,PG_BOOL_R065_C04,Y1_basic_boolean,conditional_expression,6,6,6,6,1.0,1.0,1.0,0.0,0.0,0.9350000000000002,0.0,none,not_computed
BOOTSTRAP_V4_1_TO_V5_RULESET_CONDITIONED,RS_Y1_R065_C05,PG_BOOL_R065,PG_BOOL_R065_C05,Y1_basic_boolean,conditional_expression,6,6,6,6,1.0,1.0,1.0,0.0,0.0,0.9350000000000002,0.0,none,not_computed
BOOTSTRAP_V4_1_TO_V5_RULESET_CONDITIONED,RS_Y1_R065_C06,PG_BOOL_R065,PG_BOOL_R065_C06,Y1_basic_boolean,conditional_expression,6,6,6,6,1.0,1.0,1.0,0.0,0.0,0.9350000000000002,0.0,none,not_computed
BOOTSTRAP_V4_1_TO_V5_RULESET_CONDITIONED,RS_Y1_R065_C07,PG_BOOL_R065,PG_BOOL_R065_C07,Y1_basic_boolean,conditional_expression,6,6,6,6,1.0,1.0,1.0,0.0,0.0,0.9350000000000002,0.0,none,not_computed
BOOTSTRAP_V4_1_TO_V5_RULESET_CONDITIONED,RS_Y1_R065_C08,PG_BOOL_R065,PG_BOOL_R065_C08,Y1_basic_boolean,conditional_expression,6,6,6,6,1.0,1.0,1.0,0.0,0.0,0.9350000000000002,0.0,none,not_computed
BOOTSTRAP_V4_1_TO_V5_RULESET_CONDITIONED,RS_Y1_R065_C09,PG_BOOL_R065,PG_BOOL_R065_C09,Y1_basic_boolean,conditional_expression,6,6,6,6,1.0,1.0,1.0,0.0,0.0,0.9350000000000002,0.0,none,not_computed
BOOTSTRAP_V4_1_TO_V5_RULESET_CONDITIONED,RS_Y1_R065_C10,PG_BOOL_R065,PG_BOOL_R065_C10,Y1_basic_boolean,conditional_expression,6,6,6,6,1.0,1.0,1.0,0.0,0.0,0.9350000000000002,0.0,none,not_computed
BOOTSTRAP_V4_1_TO_V5_RULESET_CONDITIONED,RS_Y1_R066_C01,PG_BOOL_R066,PG_BOOL_R066_C01,Y1_basic_boolean,cast_expression,6,6,6,6,1.0,1.0,1.0,0.0,0.0,0.9350000000000002,0.0,none,not_computed
BOOTSTRAP_V4_1_TO_V5_RULESET_CONDITIONED,RS_Y1_R066_C02,PG_BOOL_R066,PG_BOOL_R066_C02,Y1_basic_boolean,cast_expression,6,6,6,6,1.0,1.0,1.0,0.0,0.0,0.9350000000000002,0.0,none,not_computed
BOOTSTRAP_V4_1_TO_V5_RULESET_CONDITIONED,RS_Y1_R066_C03,PG_BOOL_R066,PG_BOOL_R066_C03,Y1_basic_boolean,cast_expression,6,6,6,6,1.0,1.0,1.0,0.0,0.0,0.9350000000000002,0.0,none,not_computed
BOOTSTRAP_V4_1_TO_V5_RULESET_CONDITIONED,RS_Y1_R066_C04,PG_BOOL_R066,PG_BOOL_R066_C04,Y1_basic_boolean,cast_expression,6,6,6,6,1.0,1.0,1.0,0.0,0.0,0.9350000000000002,0.0,none,not_computed
BOOTSTRAP_V4_1_TO_V5_RULESET_CONDITIONED,RS_Y1_R066_C05,PG_BOOL_R066,PG_BOOL_R066_C05,Y1_basic_boolean,cast_expression,6,6,6,6,1.0,1.0,1.0,0.0,0.0,0.9350000000000002,0.0,none,not_computed
BOOTSTRAP_V4_1_TO_V5_RULESET_CONDITIONED,RS_Y1_R066_C06,PG_BOOL_R066,PG_BOOL_R066_C06,Y1_basic_boolean,cast_expression,6,6,6,6,1.0,1.0,1.0,0.0,0.0,0.9350000000000002,0.0,none,not_computed
BOOTSTRAP_V4_1_TO_V5_RULESET_CONDITIONED,RS_Y1_R066_C07,PG_BOOL_R066,PG_BOOL_R066_C07,Y1_basic_boolean,cast_expression,6,6,6,6,1.0,1.0,1.0,0.0,0.0,0.9350000000000002,0.0,none,not_computed
BOOTSTRAP_V4_1_TO_V5_RULESET_CONDITIONED,RS_Y1_R066_C08,PG_BOOL_R066,PG_BOOL_R066_C08,Y1_basic_boolean,cast_expression,6,6,6,6,1.0,1.0,1.0,0.0,0.0,0.9350000000000002,0.0,none,not_computed
BOOTSTRAP_V4_1_TO_V5_RULESET_CONDITIONED,RS_Y1_R066_C09,PG_BOOL_R066,PG_BOOL_R066_C09,Y1_basic_boolean,cast_expression,6,6,6,6,1.0,1.0,1.0,0.0,0.0,0.9350000000000002,0.0,none,not_computed
BOOTSTRAP_V4_1_TO_V5_RULESET_CONDITIONED,RS_Y1_R066_C10,PG_BOOL_R066,PG_BOOL_R066_C10,Y1_basic_boolean,cast_expression,6,6,6,6,1.0,1.0,1.0,0.0,0.0,0.9350000000000002,0.0,none,not_computed
BOOTSTRAP_V4_1_TO_V5_RULESET_CONDITIONED,RS_Y1_R067_C01,PG_BOOL_R067,PG_BOOL_R067_C01,Y1_basic_boolean,cast_expression,6,6,6,6,1.0,1.0,1.0,0.0,0.0,0.9350000000000002,0.0,none,not_computed
BOOTSTRAP_V4_1_TO_V5_RULESET_CONDITIONED,RS_Y1_R067_C02,PG_BOOL_R067,PG_BOOL_R067_C02,Y1_basic_boolean,cast_expression,6,6,6,6,1.0,1.0,1.0,0.0,0.0,0.9350000000000002,0.0,none,not_computed
BOOTSTRAP_V4_1_TO_V5_RULESET_CONDITIONED,RS_Y1_R067_C03,PG_BOOL_R067,PG_BOOL_R067_C03,Y1_basic_boolean,cast_expression,6,6,6,6,1.0,1.0,1.0,0.0,0.0,0.9350000000000002,0.0,none,not_computed
BOOTSTRAP_V4_1_TO_V5_RULESET_CONDITIONED,RS_Y1_R067_C04,PG_BOOL_R067,PG_BOOL_R067_C04,Y1_basic_boolean,cast_expression,6,6,6,6,1.0,1.0,1.0,0.0,0.0,0.9350000000000002,0.0,none,not_computed
BOOTSTRAP_V4_1_TO_V5_RULESET_CONDITIONED,RS_Y1_R067_C05,PG_BOOL_R067,PG_BOOL_R067_C05,Y1_basic_boolean,cast_expression,6,6,6,6,1.0,1.0,1.0,0.0,0.0,0.9350000000000002,0.0,none,not_computed
BOOTSTRAP_V4_1_TO_V5_RULESET_CONDITIONED,RS_Y1_R067_C06,PG_BOOL_R067,PG_BOOL_R067_C06,Y1_basic_boolean,cast_expression,6,6,6,6,1.0,1.0,1.0,0.0,0.0,0.9350000000000002,0.0,none,not_computed
BOOTSTRAP_V4_1_TO_V5_RULESET_CONDITIONED,RS_Y1_R067_C07,PG_BOOL_R067,PG_BOOL_R067_C07,Y1_basic_boolean,cast_expression,6,6,6,6,1.0,1.0,1.0,0.0,0.0,0.9350000000000002,0.0,none,not_computed
BOOTSTRAP_V4_1_TO_V5_RULESET_CONDITIONED,RS_Y1_R067_C08,PG_BOOL_R067,PG_BOOL_R067_C08,Y1_basic_boolean,cast_expression,6,6,6,6,1.0,1.0,1.0,0.0,0.0,0.9350000000000002,0.0,none,not_computed
BOOTSTRAP_V4_1_TO_V5_RULESET_CONDITIONED,RS_Y1_R067_C09,PG_BOOL_R067,PG_BOOL_R067_C09,Y1_basic_boolean,cast_expression,6,6,6,6,1.0,1.0,1.0,0.0,0.0,0.9350000000000002,0.0,none,not_computed
BOOTSTRAP_V4_1_TO_V5_RULESET_CONDITIONED,RS_Y1_R067_C10,PG_BOOL_R067,PG_BOOL_R067_C10,Y1_basic_boolean,cast_expression,6,6,6,6,1.0,1.0,1.0,0.0,0.0,0.9350000000000002,0.0,none,not_computed
BOOTSTRAP_V4_1_TO_V5_RULESET_CONDITIONED,RS_Y1_R068_C01,PG_BOOL_R068,PG_BOOL_R068_C01,Y1_basic_boolean,cast_expression,6,6,2,6,1.0,1.0,1.0,0.0,0.0,0.85,0.0,none,not_computed
BOOTSTRAP_V4_1_TO_V5_RULESET_CONDITIONED,RS_Y1_R068_C02,PG_BOOL_R068,PG_BOOL_R068_C02,Y1_basic_boolean,cast_expression,6,6,2,6,1.0,1.0,1.0,0.0,0.0,0.85,0.0,none,not_computed
BOOTSTRAP_V4_1_TO_V5_RULESET_CONDITIONED,RS_Y1_R068_C03,PG_BOOL_R068,PG_BOOL_R068_C03,Y1_basic_boolean,cast_expression,6,6,2,6,1.0,1.0,1.0,0.0,0.0,0.85,0.0,none,not_computed
BOOTSTRAP_V4_1_TO_V5_RULESET_CONDITIONED,RS_Y1_R068_C04,PG_BOOL_R068,PG_BOOL_R068_C04,Y1_basic_boolean,cast_expression,6,6,2,6,1.0,1.0,1.0,0.0,0.0,0.85,0.0,none,not_computed
BOOTSTRAP_V4_1_TO_V5_RULESET_CONDITIONED,RS_Y1_R068_C05,PG_BOOL_R068,PG_BOOL_R068_C05,Y1_basic_boolean,cast_expression,6,6,2,6,1.0,1.0,1.0,0.0,0.0,0.85,0.0,none,not_computed
BOOTSTRAP_V4_1_TO_V5_RULESET_CONDITIONED,RS_Y1_R068_C06,PG_BOOL_R068,PG_BOOL_R068_C06,Y1_basic_boolean,cast_expression,6,6,2,6,1.0,1.0,1.0,0.0,0.0,0.85,0.0,none,not_computed
BOOTSTRAP_V4_1_TO_V5_RULESET_CONDITIONED,RS_Y1_R068_C07,PG_BOOL_R068,PG_BOOL_R068_C07,Y1_basic_boolean,cast_expression,6,6,6,6,1.0,1.0,1.0,0.0,0.0,0.9350000000000002,0.0,none,not_computed
BOOTSTRAP_V4_1_TO_V5_RULESET_CONDITIONED,RS_Y1_R068_C08,PG_BOOL_R068,PG_BOOL_R068_C08,Y1_basic_boolean,cast_expression,6,6,6,6,1.0,1.0,1.0,0.0,0.0,0.9350000000000002,0.0,none,not_computed
BOOTSTRAP_V4_1_TO_V5_RULESET_CONDITIONED,RS_Y1_R068_C09,PG_BOOL_R068,PG_BOOL_R068_C09,Y1_basic_boolean,cast_expression,6,6,2,6,1.0,1.0,1.0,0.0,0.0,0.85,0.0,none,not_computed
BOOTSTRAP_V4_1_TO_V5_RULESET_CONDITIONED,RS_Y1_R068_C10,PG_BOOL_R068,PG_BOOL_R068_C10,Y1_basic_boolean,cast_expression,6,6,2,6,1.0,1.0,1.0,0.0,0.0,0.85,0.0,none,not_computed
BOOTSTRAP_V4_1_TO_V5_RULESET_CONDITIONED,RS_Y1_R069_C01,PG_BOOL_R069,PG_BOOL_R069_C01,Y1_basic_boolean,cast_expression,6,6,6,6,1.0,1.0,1.0,0.0,0.0,0.9350000000000002,0.0,none,not_computed
BOOTSTRAP_V4_1_TO_V5_RULESET_CONDITIONED,RS_Y1_R069_C02,PG_BOOL_R069,PG_BOOL_R069_C02,Y1_basic_boolean,cast_expression,6,6,6,6,1.0,1.0,1.0,0.0,0.0,0.9350000000000002,0.0,none,not_computed
BOOTSTRAP_V4_1_TO_V5_RULESET_CONDITIONED,RS_Y1_R069_C03,PG_BOOL_R069,PG_BOOL_R069_C03,Y1_basic_boolean,cast_expression,6,6,6,6,1.0,1.0,1.0,0.0,0.0,0.9350000000000002,0.0,none,not_computed
BOOTSTRAP_V4_1_TO_V5_RULESET_CONDITIONED,RS_Y1_R069_C04,PG_BOOL_R069,PG_BOOL_R069_C04,Y1_basic_boolean,cast_expression,6,6,6,6,1.0,1.0,1.0,0.0,0.0,0.9350000000000002,0.0,none,not_computed
BOOTSTRAP_V4_1_TO_V5_RULESET_CONDITIONED,RS_Y1_R069_C05,PG_BOOL_R069,PG_BOOL_R069_C05,Y1_basic_boolean,cast_expression,6,6,6,6,1.0,1.0,1.0,0.0,0.0,0.9350000000000002,0.0,none,not_computed
BOOTSTRAP_V4_1_TO_V5_RULESET_CONDITIONED,RS_Y1_R069_C06,PG_BOOL_R069,PG_BOOL_R069_C06,Y1_basic_boolean,cast_expression,6,6,6,6,1.0,1.0,1.0,0.0,0.0,0.9350000000000002,0.0,none,not_computed
BOOTSTRAP_V4_1_TO_V5_RULESET_CONDITIONED,RS_Y1_R069_C07,PG_BOOL_R069,PG_BOOL_R069_C07,Y1_basic_boolean,cast_expression,6,6,6,6,1.0,1.0,1.0,0.0,0.0,0.9350000000000002,0.0,none,not_computed
BOOTSTRAP_V4_1_TO_V5_RULESET_CONDITIONED,RS_Y1_R069_C08,PG_BOOL_R069,PG_BOOL_R069_C08,Y1_basic_boolean,cast_expression,6,6,6,6,1.0,1.0,1.0,0.0,0.0,0.9350000000000002,0.0,none,not_computed
BOOTSTRAP_V4_1_TO_V5_RULESET_CONDITIONED,RS_Y1_R069_C09,PG_BOOL_R069,PG_BOOL_R069_C09,Y1_basic_boolean,cast_expression,6,6,6,6,1.0,1.0,1.0,0.0,0.0,0.9350000000000002,0.0,none,not_computed
BOOTSTRAP_V4_1_TO_V5_RULESET_CONDITIONED,RS_Y1_R069_C10,PG_BOOL_R069,PG_BOOL_R069_C10,Y1_basic_boolean,cast_expression,6,6,6,6,1.0,1.0,1.0,0.0,0.0,0.9350000000000002,0.0,none,not_computed
BOOTSTRAP_V4_1_TO_V5_RULESET_CONDITIONED,RS_Y1_R070_C01,PG_BOOL_R070,PG_BOOL_R070_C01,Y1_basic_boolean,cast_expression,6,6,6,6,1.0,1.0,1.0,0.0,0.0,0.9350000000000002,0.0,none,not_computed
BOOTSTRAP_V4_1_TO_V5_RULESET_CONDITIONED,RS_Y1_R070_C02,PG_BOOL_R070,PG_BOOL_R070_C02,Y1_basic_boolean,cast_expression,6,6,6,6,1.0,1.0,1.0,0.0,0.0,0.9350000000000002,0.0,none,not_computed
BOOTSTRAP_V4_1_TO_V5_RULESET_CONDITIONED,RS_Y1_R070_C03,PG_BOOL_R070,PG_BOOL_R070_C03,Y1_basic_boolean,cast_expression,6,6,6,6,1.0,1.0,1.0,0.0,0.0,0.9350000000000002,0.0,none,not_computed
BOOTSTRAP_V4_1_TO_V5_RULESET_CONDITIONED,RS_Y1_R070_C04,PG_BOOL_R070,PG_BOOL_R070_C04,Y1_basic_boolean,cast_expression,6,6,6,6,1.0,1.0,1.0,0.0,0.0,0.9350000000000002,0.0,none,not_computed
BOOTSTRAP_V4_1_TO_V5_RULESET_CONDITIONED,RS_Y1_R070_C05,PG_BOOL_R070,PG_BOOL_R070_C05,Y1_basic_boolean,cast_expression,6,6,6,6,1.0,1.0,1.0,0.0,0.0,0.9350000000000002,0.0,none,not_computed
BOOTSTRAP_V4_1_TO_V5_RULESET_CONDITIONED,RS_Y1_R070_C06,PG_BOOL_R070,PG_BOOL_R070_C06,Y1_basic_boolean,cast_expression,6,6,6,6,1.0,1.0,1.0,0.0,0.0,0.9350000000000002,0.0,none,not_computed
BOOTSTRAP_V4_1_TO_V5_RULESET_CONDITIONED,RS_Y1_R070_C07,PG_BOOL_R070,PG_BOOL_R070_C07,Y1_basic_boolean,cast_expression,6,6,6,6,1.0,1.0,1.0,0.0,0.0,0.9350000000000002,0.0,none,not_computed
BOOTSTRAP_V4_1_TO_V5_RULESET_CONDITIONED,RS_Y1_R070_C08,PG_BOOL_R070,PG_BOOL_R070_C08,Y1_basic_boolean,cast_expression,6,6,6,6,1.0,1.0,1.0,0.0,0.0,0.9350000000000002,0.0,none,not_computed
BOOTSTRAP_V4_1_TO_V5_RULESET_CONDITIONED,RS_Y1_R070_C09,PG_BOOL_R070,PG_BOOL_R070_C09,Y1_basic_boolean,cast_expression,6,6,6,6,1.0,1.0,1.0,0.0,0.0,0.9350000000000002,0.0,none,not_computed
BOOTSTRAP_V4_1_TO_V5_RULESET_CONDITIONED,RS_Y1_R070_C10,PG_BOOL_R070,PG_BOOL_R070_C10,Y1_basic_boolean,cast_expression,6,6,6,6,1.0,1.0,1.0,0.0,0.0,0.9350000000000002,0.0,none,not_computed
BOOTSTRAP_V4_1_TO_V5_RULESET_CONDITIONED,RS_Y1_R071_C01,PG_BOOL_R071,PG_BOOL_R071_C01,Y1_basic_boolean,jsonb_predicate,6,6,6,0,1.0,0.0,1.0,0.0,0.0,0.35000000000000003,0.0,boolean+required_token,not_computed
BOOTSTRAP_V4_1_TO_V5_RULESET_CONDITIONED,RS_Y1_R071_C02,PG_BOOL_R071,PG_BOOL_R071_C02,Y1_basic_boolean,jsonb_predicate,6,6,6,0,1.0,0.0,1.0,0.0,0.0,0.35000000000000003,0.0,boolean+required_token,not_computed
BOOTSTRAP_V4_1_TO_V5_RULESET_CONDITIONED,RS_Y1_R071_C03,PG_BOOL_R071,PG_BOOL_R071_C03,Y1_basic_boolean,jsonb_predicate,6,6,6,6,1.0,1.0,1.0,0.0,0.0,0.9350000000000002,0.0,none,not_computed
BOOTSTRAP_V4_1_TO_V5_RULESET_CONDITIONED,RS_Y1_R071_C04,PG_BOOL_R071,PG_BOOL_R071_C04,Y1_basic_boolean,jsonb_predicate,6,6,6,6,1.0,1.0,1.0,0.0,0.0,0.9350000000000002,0.0,none,not_computed
BOOTSTRAP_V4_1_TO_V5_RULESET_CONDITIONED,RS_Y1_R071_C05,PG_BOOL_R071,PG_BOOL_R071_C05,Y1_basic_boolean,jsonb_predicate,6,6,6,6,1.0,1.0,1.0,0.0,0.0,0.9350000000000002,0.0,none,not_computed
BOOTSTRAP_V4_1_TO_V5_RULESET_CONDITIONED,RS_Y1_R071_C06,PG_BOOL_R071,PG_BOOL_R071_C06,Y1_basic_boolean,jsonb_predicate,6,6,6,0,1.0,1.0,1.0,0.0,0.0,0.585,0.0,boolean,not_computed
BOOTSTRAP_V4_1_TO_V5_RULESET_CONDITIONED,RS_Y1_R071_C07,PG_BOOL_R071,PG_BOOL_R071_C07,Y1_basic_boolean,jsonb_predicate,6,6,6,6,1.0,1.0,1.0,0.0,0.0,0.9350000000000002,0.0,none,not_computed
BOOTSTRAP_V4_1_TO_V5_RULESET_CONDITIONED,RS_Y1_R071_C08,PG_BOOL_R071,PG_BOOL_R071_C08,Y1_basic_boolean,jsonb_predicate,6,6,6,6,1.0,1.0,1.0,0.0,0.0,0.9350000000000002,0.0,none,not_computed
BOOTSTRAP_V4_1_TO_V5_RULESET_CONDITIONED,RS_Y1_R071_C09,PG_BOOL_R071,PG_BOOL_R071_C09,Y1_basic_boolean,jsonb_predicate,6,6,6,6,1.0,1.0,1.0,0.0,0.0,0.9350000000000002,0.0,none,not_computed
BOOTSTRAP_V4_1_TO_V5_RULESET_CONDITIONED,RS_Y1_R071_C10,PG_BOOL_R071,PG_BOOL_R071_C10,Y1_basic_boolean,jsonb_predicate,6,6,6,0,1.0,1.0,1.0,0.0,0.0,0.5,0.0,boolean,not_computed
BOOTSTRAP_V4_1_TO_V5_RULESET_CONDITIONED,RS_Y1_R072_C01,PG_BOOL_R072,PG_BOOL_R072_C01,Y1_basic_boolean,jsonb_predicate,6,6,6,6,1.0,1.0,1.0,0.0,0.0,0.9350000000000002,0.0,none,not_computed
BOOTSTRAP_V4_1_TO_V5_RULESET_CONDITIONED,RS_Y1_R072_C02,PG_BOOL_R072,PG_BOOL_R072_C02,Y1_basic_boolean,jsonb_predicate,6,6,6,6,1.0,1.0,1.0,0.0,0.0,0.9350000000000002,0.0,none,not_computed
BOOTSTRAP_V4_1_TO_V5_RULESET_CONDITIONED,RS_Y1_R072_C03,PG_BOOL_R072,PG_BOOL_R072_C03,Y1_basic_boolean,jsonb_predicate,6,6,6,6,1.0,1.0,1.0,0.0,0.0,0.9350000000000002,0.0,none,not_computed
BOOTSTRAP_V4_1_TO_V5_RULESET_CONDITIONED,RS_Y1_R072_C04,PG_BOOL_R072,PG_BOOL_R072_C04,Y1_basic_boolean,jsonb_predicate,6,6,6,6,1.0,1.0,1.0,0.0,0.0,0.9350000000000002,0.0,none,not_computed
BOOTSTRAP_V4_1_TO_V5_RULESET_CONDITIONED,RS_Y1_R072_C05,PG_BOOL_R072,PG_BOOL_R072_C05,Y1_basic_boolean,jsonb_predicate,6,6,6,6,1.0,1.0,1.0,0.0,0.0,0.9350000000000002,0.0,none,not_computed
BOOTSTRAP_V4_1_TO_V5_RULESET_CONDITIONED,RS_Y1_R072_C06,PG_BOOL_R072,PG_BOOL_R072_C06,Y1_basic_boolean,jsonb_predicate,6,6,6,6,1.0,1.0,1.0,0.0,0.0,0.9350000000000002,0.0,none,not_computed
BOOTSTRAP_V4_1_TO_V5_RULESET_CONDITIONED,RS_Y1_R072_C07,PG_BOOL_R072,PG_BOOL_R072_C07,Y1_basic_boolean,jsonb_predicate,6,6,6,6,1.0,1.0,1.0,0.0,0.0,0.9350000000000002,0.0,none,not_computed
BOOTSTRAP_V4_1_TO_V5_RULESET_CONDITIONED,RS_Y1_R072_C08,PG_BOOL_R072,PG_BOOL_R072_C08,Y1_basic_boolean,jsonb_predicate,6,6,6,6,1.0,1.0,1.0,0.0,0.0,0.9350000000000002,0.0,none,not_computed
BOOTSTRAP_V4_1_TO_V5_RULESET_CONDITIONED,RS_Y1_R072_C09,PG_BOOL_R072,PG_BOOL_R072_C09,Y1_basic_boolean,jsonb_predicate,6,6,6,6,1.0,1.0,1.0,0.0,0.0,0.9350000000000002,0.0,none,not_computed
BOOTSTRAP_V4_1_TO_V5_RULESET_CONDITIONED,RS_Y1_R072_C10,PG_BOOL_R072,PG_BOOL_R072_C10,Y1_basic_boolean,jsonb_predicate,6,6,6,6,1.0,1.0,1.0,0.0,0.0,0.9350000000000002,0.0,none,not_computed
BOOTSTRAP_V4_1_TO_V5_RULESET_CONDITIONED,RS_Y1_R073_C01,PG_BOOL_R073,PG_BOOL_R073_C01,Y1_basic_boolean,jsonb_predicate,6,6,6,6,1.0,1.0,1.0,0.0,0.0,0.9350000000000002,0.0,none,not_computed
BOOTSTRAP_V4_1_TO_V5_RULESET_CONDITIONED,RS_Y1_R073_C02,PG_BOOL_R073,PG_BOOL_R073_C02,Y1_basic_boolean,jsonb_predicate,6,6,6,6,1.0,1.0,1.0,0.0,0.0,0.9350000000000002,0.0,none,not_computed
BOOTSTRAP_V4_1_TO_V5_RULESET_CONDITIONED,RS_Y1_R073_C03,PG_BOOL_R073,PG_BOOL_R073_C03,Y1_basic_boolean,jsonb_predicate,6,6,6,6,1.0,1.0,1.0,0.0,0.0,0.9350000000000002,0.0,none,not_computed
BOOTSTRAP_V4_1_TO_V5_RULESET_CONDITIONED,RS_Y1_R073_C04,PG_BOOL_R073,PG_BOOL_R073_C04,Y1_basic_boolean,jsonb_predicate,6,6,6,6,1.0,1.0,1.0,0.0,0.0,0.9350000000000002,0.0,none,not_computed
BOOTSTRAP_V4_1_TO_V5_RULESET_CONDITIONED,RS_Y1_R073_C05,PG_BOOL_R073,PG_BOOL_R073_C05,Y1_basic_boolean,jsonb_predicate,6,6,6,6,1.0,1.0,1.0,0.0,0.0,0.9350000000000002,0.0,none,not_computed
BOOTSTRAP_V4_1_TO_V5_RULESET_CONDITIONED,RS_Y1_R073_C06,PG_BOOL_R073,PG_BOOL_R073_C06,Y1_basic_boolean,jsonb_predicate,6,6,6,6,1.0,1.0,1.0,0.0,0.0,0.9350000000000002,0.0,none,not_computed
BOOTSTRAP_V4_1_TO_V5_RULESET_CONDITIONED,RS_Y1_R073_C07,PG_BOOL_R073,PG_BOOL_R073_C07,Y1_basic_boolean,jsonb_predicate,6,6,6,6,1.0,1.0,1.0,0.0,0.0,0.9350000000000002,0.0,none,not_computed
BOOTSTRAP_V4_1_TO_V5_RULESET_CONDITIONED,RS_Y1_R073_C08,PG_BOOL_R073,PG_BOOL_R073_C08,Y1_basic_boolean,jsonb_predicate,6,6,6,6,1.0,1.0,1.0,0.0,0.0,0.9350000000000002,0.0,none,not_computed
BOOTSTRAP_V4_1_TO_V5_RULESET_CONDITIONED,RS_Y1_R073_C09,PG_BOOL_R073,PG_BOOL_R073_C09,Y1_basic_boolean,jsonb_predicate,6,6,6,6,1.0,1.0,1.0,0.0,0.0,0.9350000000000002,0.0,none,not_computed
BOOTSTRAP_V4_1_TO_V5_RULESET_CONDITIONED,RS_Y1_R073_C10,PG_BOOL_R073,PG_BOOL_R073_C10,Y1_basic_boolean,jsonb_predicate,6,6,6,6,1.0,1.0,1.0,0.0,0.0,0.9350000000000002,0.0,none,not_computed
BOOTSTRAP_V4_1_TO_V5_RULESET_CONDITIONED,RS_Y1_R074_C01,PG_BOOL_R074,PG_BOOL_R074_C01,Y1_basic_boolean,jsonb_predicate,6,6,6,6,1.0,1.0,1.0,0.0,0.0,0.9350000000000002,0.0,none,not_computed
BOOTSTRAP_V4_1_TO_V5_RULESET_CONDITIONED,RS_Y1_R074_C02,PG_BOOL_R074,PG_BOOL_R074_C02,Y1_basic_boolean,jsonb_predicate,6,6,6,6,1.0,1.0,1.0,0.0,0.0,0.9350000000000002,0.0,none,not_computed
BOOTSTRAP_V4_1_TO_V5_RULESET_CONDITIONED,RS_Y1_R074_C03,PG_BOOL_R074,PG_BOOL_R074_C03,Y1_basic_boolean,jsonb_predicate,6,6,6,6,1.0,1.0,1.0,0.0,0.0,0.9350000000000002,0.0,none,not_computed
BOOTSTRAP_V4_1_TO_V5_RULESET_CONDITIONED,RS_Y1_R074_C04,PG_BOOL_R074,PG_BOOL_R074_C04,Y1_basic_boolean,jsonb_predicate,6,6,6,6,1.0,1.0,1.0,0.0,0.0,0.9350000000000002,0.0,none,not_computed
BOOTSTRAP_V4_1_TO_V5_RULESET_CONDITIONED,RS_Y1_R074_C05,PG_BOOL_R074,PG_BOOL_R074_C05,Y1_basic_boolean,jsonb_predicate,6,6,6,6,1.0,1.0,1.0,0.0,0.0,0.9350000000000002,0.0,none,not_computed
BOOTSTRAP_V4_1_TO_V5_RULESET_CONDITIONED,RS_Y1_R074_C06,PG_BOOL_R074,PG_BOOL_R074_C06,Y1_basic_boolean,jsonb_predicate,6,6,6,6,1.0,1.0,1.0,0.0,0.0,0.9350000000000002,0.0,none,not_computed
BOOTSTRAP_V4_1_TO_V5_RULESET_CONDITIONED,RS_Y1_R074_C07,PG_BOOL_R074,PG_BOOL_R074_C07,Y1_basic_boolean,jsonb_predicate,6,6,6,6,1.0,1.0,1.0,0.0,0.0,0.9350000000000002,0.0,none,not_computed
BOOTSTRAP_V4_1_TO_V5_RULESET_CONDITIONED,RS_Y1_R074_C08,PG_BOOL_R074,PG_BOOL_R074_C08,Y1_basic_boolean,jsonb_predicate,6,6,6,6,1.0,1.0,1.0,0.0,0.0,0.9350000000000002,0.0,none,not_computed
BOOTSTRAP_V4_1_TO_V5_RULESET_CONDITIONED,RS_Y1_R074_C09,PG_BOOL_R074,PG_BOOL_R074_C09,Y1_basic_boolean,jsonb_predicate,6,6,6,6,1.0,1.0,1.0,0.0,0.0,0.9350000000000002,0.0,none,not_computed
BOOTSTRAP_V4_1_TO_V5_RULESET_CONDITIONED,RS_Y1_R074_C10,PG_BOOL_R074,PG_BOOL_R074_C10,Y1_basic_boolean,jsonb_predicate,6,6,6,6,1.0,1.0,1.0,0.0,0.0,0.9350000000000002,0.0,none,not_computed
BOOTSTRAP_V4_1_TO_V5_RULESET_CONDITIONED,RS_Y1_R075_C01,PG_BOOL_R075,PG_BOOL_R075_C01,Y1_basic_boolean,jsonb_predicate,6,6,2,6,1.0,1.0,1.0,0.0,0.0,0.85,0.0,none,not_computed
BOOTSTRAP_V4_1_TO_V5_RULESET_CONDITIONED,RS_Y1_R075_C02,PG_BOOL_R075,PG_BOOL_R075_C02,Y1_basic_boolean,jsonb_predicate,6,6,2,6,1.0,1.0,1.0,0.0,0.0,0.85,0.0,none,not_computed
BOOTSTRAP_V4_1_TO_V5_RULESET_CONDITIONED,RS_Y1_R075_C03,PG_BOOL_R075,PG_BOOL_R075_C03,Y1_basic_boolean,jsonb_predicate,6,6,2,6,1.0,1.0,1.0,0.0,0.0,0.85,0.0,none,not_computed
BOOTSTRAP_V4_1_TO_V5_RULESET_CONDITIONED,RS_Y1_R075_C04,PG_BOOL_R075,PG_BOOL_R075_C04,Y1_basic_boolean,jsonb_predicate,6,6,2,6,1.0,1.0,1.0,0.0,0.0,0.85,0.0,none,not_computed
BOOTSTRAP_V4_1_TO_V5_RULESET_CONDITIONED,RS_Y1_R075_C05,PG_BOOL_R075,PG_BOOL_R075_C05,Y1_basic_boolean,jsonb_predicate,6,6,2,6,1.0,1.0,1.0,0.0,0.0,0.85,0.0,none,not_computed
BOOTSTRAP_V4_1_TO_V5_RULESET_CONDITIONED,RS_Y1_R075_C06,PG_BOOL_R075,PG_BOOL_R075_C06,Y1_basic_boolean,jsonb_predicate,6,6,2,6,1.0,1.0,1.0,0.0,0.0,0.85,0.0,none,not_computed
BOOTSTRAP_V4_1_TO_V5_RULESET_CONDITIONED,RS_Y1_R075_C07,PG_BOOL_R075,PG_BOOL_R075_C07,Y1_basic_boolean,jsonb_predicate,6,6,6,6,1.0,1.0,1.0,0.0,0.0,0.9350000000000002,0.0,none,not_computed
BOOTSTRAP_V4_1_TO_V5_RULESET_CONDITIONED,RS_Y1_R075_C08,PG_BOOL_R075,PG_BOOL_R075_C08,Y1_basic_boolean,jsonb_predicate,6,6,6,6,1.0,1.0,1.0,0.0,0.0,0.9350000000000002,0.0,none,not_computed
BOOTSTRAP_V4_1_TO_V5_RULESET_CONDITIONED,RS_Y1_R075_C09,PG_BOOL_R075,PG_BOOL_R075_C09,Y1_basic_boolean,jsonb_predicate,6,6,2,6,1.0,1.0,1.0,0.0,0.0,0.85,0.0,none,not_computed
BOOTSTRAP_V4_1_TO_V5_RULESET_CONDITIONED,RS_Y1_R075_C10,PG_BOOL_R075,PG_BOOL_R075_C10,Y1_basic_boolean,jsonb_predicate,6,6,2,6,1.0,1.0,1.0,0.0,0.0,0.85,0.0,none,not_computed
BOOTSTRAP_V4_1_TO_V5_RULESET_CONDITIONED,RS_Y1_R076_C01,PG_BOOL_R076,PG_BOOL_R076_C01,Y1_basic_boolean,range_type,6,6,6,6,1.0,1.0,1.0,0.0,0.0,0.9350000000000002,0.0,none,not_computed
BOOTSTRAP_V4_1_TO_V5_RULESET_CONDITIONED,RS_Y1_R076_C02,PG_BOOL_R076,PG_BOOL_R076_C02,Y1_basic_boolean,range_type,6,6,6,6,1.0,1.0,1.0,0.0,0.0,0.9350000000000002,0.0,none,not_computed
BOOTSTRAP_V4_1_TO_V5_RULESET_CONDITIONED,RS_Y1_R076_C03,PG_BOOL_R076,PG_BOOL_R076_C03,Y1_basic_boolean,range_type,6,6,6,6,1.0,1.0,1.0,0.0,0.0,0.9350000000000002,0.0,none,not_computed
BOOTSTRAP_V4_1_TO_V5_RULESET_CONDITIONED,RS_Y1_R076_C04,PG_BOOL_R076,PG_BOOL_R076_C04,Y1_basic_boolean,range_type,6,6,6,6,1.0,1.0,1.0,0.0,0.0,0.9350000000000002,0.0,none,not_computed
BOOTSTRAP_V4_1_TO_V5_RULESET_CONDITIONED,RS_Y1_R076_C05,PG_BOOL_R076,PG_BOOL_R076_C05,Y1_basic_boolean,range_type,6,6,6,6,1.0,1.0,1.0,0.0,0.0,0.9350000000000002,0.0,none,not_computed
BOOTSTRAP_V4_1_TO_V5_RULESET_CONDITIONED,RS_Y1_R076_C06,PG_BOOL_R076,PG_BOOL_R076_C06,Y1_basic_boolean,range_type,6,6,6,6,1.0,1.0,1.0,0.0,0.0,0.9350000000000002,0.0,none,not_computed
BOOTSTRAP_V4_1_TO_V5_RULESET_CONDITIONED,RS_Y1_R076_C07,PG_BOOL_R076,PG_BOOL_R076_C07,Y1_basic_boolean,range_type,6,6,6,6,1.0,1.0,1.0,0.0,0.0,0.9350000000000002,0.0,none,not_computed
BOOTSTRAP_V4_1_TO_V5_RULESET_CONDITIONED,RS_Y1_R076_C08,PG_BOOL_R076,PG_BOOL_R076_C08,Y1_basic_boolean,range_type,6,6,6,6,1.0,1.0,1.0,0.0,0.0,0.9350000000000002,0.0,none,not_computed
BOOTSTRAP_V4_1_TO_V5_RULESET_CONDITIONED,RS_Y1_R076_C09,PG_BOOL_R076,PG_BOOL_R076_C09,Y1_basic_boolean,range_type,6,6,6,6,1.0,1.0,1.0,0.0,0.0,0.9350000000000002,0.0,none,not_computed
BOOTSTRAP_V4_1_TO_V5_RULESET_CONDITIONED,RS_Y1_R076_C10,PG_BOOL_R076,PG_BOOL_R076_C10,Y1_basic_boolean,range_type,6,6,6,6,1.0,1.0,1.0,0.0,0.0,0.9350000000000002,0.0,none,not_computed
BOOTSTRAP_V4_1_TO_V5_RULESET_CONDITIONED,RS_Y1_R077_C01,PG_BOOL_R077,PG_BOOL_R077_C01,Y1_basic_boolean,range_type,6,6,6,0,1.0,1.0,1.0,0.0,0.0,0.585,0.0,boolean,not_computed
BOOTSTRAP_V4_1_TO_V5_RULESET_CONDITIONED,RS_Y1_R077_C02,PG_BOOL_R077,PG_BOOL_R077_C02,Y1_basic_boolean,range_type,6,6,6,0,1.0,1.0,1.0,0.0,0.0,0.585,0.0,boolean,not_computed
BOOTSTRAP_V4_1_TO_V5_RULESET_CONDITIONED,RS_Y1_R077_C03,PG_BOOL_R077,PG_BOOL_R077_C03,Y1_basic_boolean,range_type,6,6,6,6,1.0,1.0,1.0,0.0,0.0,0.9350000000000002,0.0,none,not_computed
BOOTSTRAP_V4_1_TO_V5_RULESET_CONDITIONED,RS_Y1_R077_C04,PG_BOOL_R077,PG_BOOL_R077_C04,Y1_basic_boolean,range_type,6,6,6,6,1.0,1.0,1.0,0.0,0.0,0.9350000000000002,0.0,none,not_computed
BOOTSTRAP_V4_1_TO_V5_RULESET_CONDITIONED,RS_Y1_R077_C05,PG_BOOL_R077,PG_BOOL_R077_C05,Y1_basic_boolean,range_type,6,6,6,6,1.0,1.0,1.0,0.0,0.0,0.9350000000000002,0.0,none,not_computed
BOOTSTRAP_V4_1_TO_V5_RULESET_CONDITIONED,RS_Y1_R077_C06,PG_BOOL_R077,PG_BOOL_R077_C06,Y1_basic_boolean,range_type,6,6,6,0,1.0,1.0,1.0,0.0,0.0,0.585,0.0,boolean,not_computed
BOOTSTRAP_V4_1_TO_V5_RULESET_CONDITIONED,RS_Y1_R077_C07,PG_BOOL_R077,PG_BOOL_R077_C07,Y1_basic_boolean,range_type,6,6,6,6,1.0,1.0,1.0,0.0,0.0,0.9350000000000002,0.0,none,not_computed
BOOTSTRAP_V4_1_TO_V5_RULESET_CONDITIONED,RS_Y1_R077_C08,PG_BOOL_R077,PG_BOOL_R077_C08,Y1_basic_boolean,range_type,6,6,6,6,1.0,1.0,1.0,0.0,0.0,0.9350000000000002,0.0,none,not_computed
BOOTSTRAP_V4_1_TO_V5_RULESET_CONDITIONED,RS_Y1_R077_C09,PG_BOOL_R077,PG_BOOL_R077_C09,Y1_basic_boolean,range_type,6,6,6,6,1.0,1.0,1.0,0.0,0.0,0.9350000000000002,0.0,none,not_computed
BOOTSTRAP_V4_1_TO_V5_RULESET_CONDITIONED,RS_Y1_R077_C10,PG_BOOL_R077,PG_BOOL_R077_C10,Y1_basic_boolean,range_type,6,6,6,0,1.0,1.0,1.0,0.0,0.0,0.585,0.0,boolean,not_computed
BOOTSTRAP_V4_1_TO_V5_RULESET_CONDITIONED,RS_Y1_R078_C01,PG_BOOL_R078,PG_BOOL_R078_C01,Y1_basic_boolean,range_type,6,6,6,6,1.0,1.0,1.0,0.0,0.0,0.9350000000000002,0.0,none,not_computed
BOOTSTRAP_V4_1_TO_V5_RULESET_CONDITIONED,RS_Y1_R078_C02,PG_BOOL_R078,PG_BOOL_R078_C02,Y1_basic_boolean,range_type,6,6,6,6,1.0,1.0,1.0,0.0,0.0,0.9350000000000002,0.0,none,not_computed
BOOTSTRAP_V4_1_TO_V5_RULESET_CONDITIONED,RS_Y1_R078_C03,PG_BOOL_R078,PG_BOOL_R078_C03,Y1_basic_boolean,range_type,6,6,6,6,1.0,1.0,1.0,0.0,0.0,0.9350000000000002,0.0,none,not_computed
BOOTSTRAP_V4_1_TO_V5_RULESET_CONDITIONED,RS_Y1_R078_C04,PG_BOOL_R078,PG_BOOL_R078_C04,Y1_basic_boolean,range_type,6,6,6,6,1.0,1.0,1.0,0.0,0.0,0.9350000000000002,0.0,none,not_computed
BOOTSTRAP_V4_1_TO_V5_RULESET_CONDITIONED,RS_Y1_R078_C05,PG_BOOL_R078,PG_BOOL_R078_C05,Y1_basic_boolean,range_type,6,6,6,6,1.0,1.0,1.0,0.0,0.0,0.9350000000000002,0.0,none,not_computed
BOOTSTRAP_V4_1_TO_V5_RULESET_CONDITIONED,RS_Y1_R078_C06,PG_BOOL_R078,PG_BOOL_R078_C06,Y1_basic_boolean,range_type,6,6,6,6,1.0,1.0,1.0,0.0,0.0,0.9350000000000002,0.0,none,not_computed
BOOTSTRAP_V4_1_TO_V5_RULESET_CONDITIONED,RS_Y1_R078_C07,PG_BOOL_R078,PG_BOOL_R078_C07,Y1_basic_boolean,range_type,6,6,6,6,1.0,1.0,1.0,0.0,0.0,0.9350000000000002,0.0,none,not_computed
BOOTSTRAP_V4_1_TO_V5_RULESET_CONDITIONED,RS_Y1_R078_C08,PG_BOOL_R078,PG_BOOL_R078_C08,Y1_basic_boolean,range_type,6,6,6,6,1.0,1.0,1.0,0.0,0.0,0.9350000000000002,0.0,none,not_computed
BOOTSTRAP_V4_1_TO_V5_RULESET_CONDITIONED,RS_Y1_R078_C09,PG_BOOL_R078,PG_BOOL_R078_C09,Y1_basic_boolean,range_type,6,6,6,6,1.0,1.0,1.0,0.0,0.0,0.9350000000000002,0.0,none,not_computed
BOOTSTRAP_V4_1_TO_V5_RULESET_CONDITIONED,RS_Y1_R078_C10,PG_BOOL_R078,PG_BOOL_R078_C10,Y1_basic_boolean,range_type,6,6,6,6,1.0,1.0,1.0,0.0,0.0,0.9350000000000002,0.0,none,not_computed
BOOTSTRAP_V4_1_TO_V5_RULESET_CONDITIONED,RS_Y1_R079_C01,PG_BOOL_R079,PG_BOOL_R079_C01,Y1_basic_boolean,range_type,6,6,6,6,1.0,1.0,1.0,0.0,0.0,0.9350000000000002,0.0,none,not_computed
BOOTSTRAP_V4_1_TO_V5_RULESET_CONDITIONED,RS_Y1_R079_C02,PG_BOOL_R079,PG_BOOL_R079_C02,Y1_basic_boolean,range_type,6,6,6,6,1.0,1.0,1.0,0.0,0.0,0.9350000000000002,0.0,none,not_computed
BOOTSTRAP_V4_1_TO_V5_RULESET_CONDITIONED,RS_Y1_R079_C03,PG_BOOL_R079,PG_BOOL_R079_C03,Y1_basic_boolean,range_type,6,6,6,6,1.0,1.0,1.0,0.0,0.0,0.9350000000000002,0.0,none,not_computed
BOOTSTRAP_V4_1_TO_V5_RULESET_CONDITIONED,RS_Y1_R079_C04,PG_BOOL_R079,PG_BOOL_R079_C04,Y1_basic_boolean,range_type,6,6,6,6,1.0,1.0,1.0,0.0,0.0,0.9350000000000002,0.0,none,not_computed
BOOTSTRAP_V4_1_TO_V5_RULESET_CONDITIONED,RS_Y1_R079_C05,PG_BOOL_R079,PG_BOOL_R079_C05,Y1_basic_boolean,range_type,6,6,6,6,1.0,1.0,1.0,0.0,0.0,0.9350000000000002,0.0,none,not_computed
BOOTSTRAP_V4_1_TO_V5_RULESET_CONDITIONED,RS_Y1_R079_C06,PG_BOOL_R079,PG_BOOL_R079_C06,Y1_basic_boolean,range_type,6,6,6,6,1.0,1.0,1.0,0.0,0.0,0.9350000000000002,0.0,none,not_computed
BOOTSTRAP_V4_1_TO_V5_RULESET_CONDITIONED,RS_Y1_R079_C07,PG_BOOL_R079,PG_BOOL_R079_C07,Y1_basic_boolean,range_type,6,6,6,6,1.0,1.0,1.0,0.0,0.0,0.9350000000000002,0.0,none,not_computed
BOOTSTRAP_V4_1_TO_V5_RULESET_CONDITIONED,RS_Y1_R079_C08,PG_BOOL_R079,PG_BOOL_R079_C08,Y1_basic_boolean,range_type,6,6,6,6,1.0,1.0,1.0,0.0,0.0,0.9350000000000002,0.0,none,not_computed
BOOTSTRAP_V4_1_TO_V5_RULESET_CONDITIONED,RS_Y1_R079_C09,PG_BOOL_R079,PG_BOOL_R079_C09,Y1_basic_boolean,range_type,6,6,6,6,1.0,1.0,1.0,0.0,0.0,0.9350000000000002,0.0,none,not_computed
BOOTSTRAP_V4_1_TO_V5_RULESET_CONDITIONED,RS_Y1_R079_C10,PG_BOOL_R079,PG_BOOL_R079_C10,Y1_basic_boolean,range_type,6,6,6,6,1.0,1.0,1.0,0.0,0.0,0.9350000000000002,0.0,none,not_computed
BOOTSTRAP_V4_1_TO_V5_RULESET_CONDITIONED,RS_Y1_R080_C01,PG_BOOL_R080,PG_BOOL_R080_C01,Y1_basic_boolean,range_type,6,6,6,6,1.0,1.0,1.0,0.0,0.0,0.9350000000000002,0.0,none,not_computed
BOOTSTRAP_V4_1_TO_V5_RULESET_CONDITIONED,RS_Y1_R080_C02,PG_BOOL_R080,PG_BOOL_R080_C02,Y1_basic_boolean,range_type,6,6,6,6,1.0,1.0,1.0,0.0,0.0,0.9350000000000002,0.0,none,not_computed
BOOTSTRAP_V4_1_TO_V5_RULESET_CONDITIONED,RS_Y1_R080_C03,PG_BOOL_R080,PG_BOOL_R080_C03,Y1_basic_boolean,range_type,6,6,6,6,1.0,1.0,1.0,0.0,0.0,0.9350000000000002,0.0,none,not_computed
BOOTSTRAP_V4_1_TO_V5_RULESET_CONDITIONED,RS_Y1_R080_C04,PG_BOOL_R080,PG_BOOL_R080_C04,Y1_basic_boolean,range_type,6,6,6,6,1.0,1.0,1.0,0.0,0.0,0.9350000000000002,0.0,none,not_computed
BOOTSTRAP_V4_1_TO_V5_RULESET_CONDITIONED,RS_Y1_R080_C05,PG_BOOL_R080,PG_BOOL_R080_C05,Y1_basic_boolean,range_type,6,6,6,6,1.0,1.0,1.0,0.0,0.0,0.9350000000000002,0.0,none,not_computed
BOOTSTRAP_V4_1_TO_V5_RULESET_CONDITIONED,RS_Y1_R080_C06,PG_BOOL_R080,PG_BOOL_R080_C06,Y1_basic_boolean,range_type,6,6,6,6,1.0,1.0,1.0,0.0,0.0,0.9350000000000002,0.0,none,not_computed
BOOTSTRAP_V4_1_TO_V5_RULESET_CONDITIONED,RS_Y1_R080_C07,PG_BOOL_R080,PG_BOOL_R080_C07,Y1_basic_boolean,range_type,6,6,6,6,1.0,1.0,1.0,0.0,0.0,0.9350000000000002,0.0,none,not_computed
BOOTSTRAP_V4_1_TO_V5_RULESET_CONDITIONED,RS_Y1_R080_C08,PG_BOOL_R080,PG_BOOL_R080_C08,Y1_basic_boolean,range_type,6,6,6,6,1.0,1.0,1.0,0.0,0.0,0.9350000000000002,0.0,none,not_computed
BOOTSTRAP_V4_1_TO_V5_RULESET_CONDITIONED,RS_Y1_R080_C09,PG_BOOL_R080,PG_BOOL_R080_C09,Y1_basic_boolean,range_type,6,6,6,6,1.0,1.0,1.0,0.0,0.0,0.9350000000000002,0.0,none,not_computed
BOOTSTRAP_V4_1_TO_V5_RULESET_CONDITIONED,RS_Y1_R080_C10,PG_BOOL_R080,PG_BOOL_R080_C10,Y1_basic_boolean,range_type,6,6,6,6,1.0,1.0,1.0,0.0,0.0,0.9350000000000002,0.0,none,not_computed
BOOTSTRAP_V4_1_TO_V5_RULESET_CONDITIONED,RS_Y1_R081_C01,PG_BOOL_R081,PG_BOOL_R081_C01,Y1_basic_boolean,network_inet,6,6,6,6,1.0,1.0,1.0,0.0,0.0,0.9350000000000002,0.0,none,not_computed
BOOTSTRAP_V4_1_TO_V5_RULESET_CONDITIONED,RS_Y1_R081_C02,PG_BOOL_R081,PG_BOOL_R081_C02,Y1_basic_boolean,network_inet,6,6,6,6,1.0,1.0,1.0,0.0,0.0,0.9350000000000002,0.0,none,not_computed
BOOTSTRAP_V4_1_TO_V5_RULESET_CONDITIONED,RS_Y1_R081_C03,PG_BOOL_R081,PG_BOOL_R081_C03,Y1_basic_boolean,network_inet,6,6,6,6,1.0,1.0,1.0,0.0,0.0,0.9350000000000002,0.0,none,not_computed
BOOTSTRAP_V4_1_TO_V5_RULESET_CONDITIONED,RS_Y1_R081_C04,PG_BOOL_R081,PG_BOOL_R081_C04,Y1_basic_boolean,network_inet,6,6,6,6,1.0,1.0,1.0,0.0,0.0,0.9350000000000002,0.0,none,not_computed
BOOTSTRAP_V4_1_TO_V5_RULESET_CONDITIONED,RS_Y1_R081_C05,PG_BOOL_R081,PG_BOOL_R081_C05,Y1_basic_boolean,network_inet,6,6,6,6,1.0,1.0,1.0,0.0,0.0,0.9350000000000002,0.0,none,not_computed
BOOTSTRAP_V4_1_TO_V5_RULESET_CONDITIONED,RS_Y1_R081_C06,PG_BOOL_R081,PG_BOOL_R081_C06,Y1_basic_boolean,network_inet,6,6,6,6,1.0,1.0,1.0,0.0,0.0,0.9350000000000002,0.0,none,not_computed
BOOTSTRAP_V4_1_TO_V5_RULESET_CONDITIONED,RS_Y1_R081_C07,PG_BOOL_R081,PG_BOOL_R081_C07,Y1_basic_boolean,network_inet,6,6,6,6,1.0,1.0,1.0,0.0,0.0,0.9350000000000002,0.0,none,not_computed
BOOTSTRAP_V4_1_TO_V5_RULESET_CONDITIONED,RS_Y1_R081_C08,PG_BOOL_R081,PG_BOOL_R081_C08,Y1_basic_boolean,network_inet,6,6,6,6,1.0,1.0,1.0,0.0,0.0,0.9350000000000002,0.0,none,not_computed
BOOTSTRAP_V4_1_TO_V5_RULESET_CONDITIONED,RS_Y1_R081_C09,PG_BOOL_R081,PG_BOOL_R081_C09,Y1_basic_boolean,network_inet,6,6,6,6,1.0,1.0,1.0,0.0,0.0,0.9350000000000002,0.0,none,not_computed
BOOTSTRAP_V4_1_TO_V5_RULESET_CONDITIONED,RS_Y1_R081_C10,PG_BOOL_R081,PG_BOOL_R081_C10,Y1_basic_boolean,network_inet,6,6,6,6,1.0,1.0,1.0,0.0,0.0,0.9350000000000002,0.0,none,not_computed
BOOTSTRAP_V4_1_TO_V5_RULESET_CONDITIONED,RS_Y1_R082_C01,PG_BOOL_R082,PG_BOOL_R082_C01,Y1_basic_boolean,network_inet,6,6,6,6,1.0,1.0,1.0,0.0,0.0,0.9350000000000002,0.0,none,not_computed
BOOTSTRAP_V4_1_TO_V5_RULESET_CONDITIONED,RS_Y1_R082_C02,PG_BOOL_R082,PG_BOOL_R082_C02,Y1_basic_boolean,network_inet,6,6,6,6,1.0,1.0,1.0,0.0,0.0,0.9350000000000002,0.0,none,not_computed
BOOTSTRAP_V4_1_TO_V5_RULESET_CONDITIONED,RS_Y1_R082_C03,PG_BOOL_R082,PG_BOOL_R082_C03,Y1_basic_boolean,network_inet,6,6,6,6,1.0,1.0,1.0,0.0,0.0,0.9350000000000002,0.0,none,not_computed
BOOTSTRAP_V4_1_TO_V5_RULESET_CONDITIONED,RS_Y1_R082_C04,PG_BOOL_R082,PG_BOOL_R082_C04,Y1_basic_boolean,network_inet,6,6,6,6,1.0,1.0,1.0,0.0,0.0,0.9350000000000002,0.0,none,not_computed
BOOTSTRAP_V4_1_TO_V5_RULESET_CONDITIONED,RS_Y1_R082_C05,PG_BOOL_R082,PG_BOOL_R082_C05,Y1_basic_boolean,network_inet,6,6,6,6,1.0,1.0,1.0,0.0,0.0,0.9350000000000002,0.0,none,not_computed
BOOTSTRAP_V4_1_TO_V5_RULESET_CONDITIONED,RS_Y1_R082_C06,PG_BOOL_R082,PG_BOOL_R082_C06,Y1_basic_boolean,network_inet,6,6,6,6,1.0,1.0,1.0,0.0,0.0,0.9350000000000002,0.0,none,not_computed
BOOTSTRAP_V4_1_TO_V5_RULESET_CONDITIONED,RS_Y1_R082_C07,PG_BOOL_R082,PG_BOOL_R082_C07,Y1_basic_boolean,network_inet,6,6,6,6,1.0,1.0,1.0,0.0,0.0,0.9350000000000002,0.0,none,not_computed
BOOTSTRAP_V4_1_TO_V5_RULESET_CONDITIONED,RS_Y1_R082_C08,PG_BOOL_R082,PG_BOOL_R082_C08,Y1_basic_boolean,network_inet,6,6,6,6,1.0,1.0,1.0,0.0,0.0,0.9350000000000002,0.0,none,not_computed
BOOTSTRAP_V4_1_TO_V5_RULESET_CONDITIONED,RS_Y1_R082_C09,PG_BOOL_R082,PG_BOOL_R082_C09,Y1_basic_boolean,network_inet,6,6,6,6,1.0,1.0,1.0,0.0,0.0,0.9350000000000002,0.0,none,not_computed
BOOTSTRAP_V4_1_TO_V5_RULESET_CONDITIONED,RS_Y1_R082_C10,PG_BOOL_R082,PG_BOOL_R082_C10,Y1_basic_boolean,network_inet,6,6,6,6,1.0,1.0,1.0,0.0,0.0,0.9350000000000002,0.0,none,not_computed
BOOTSTRAP_V4_1_TO_V5_RULESET_CONDITIONED,RS_Y1_R083_C01,PG_BOOL_R083,PG_BOOL_R083_C01,Y1_basic_boolean,network_inet,6,6,6,6,1.0,1.0,1.0,0.0,0.0,0.9350000000000002,0.0,none,not_computed
BOOTSTRAP_V4_1_TO_V5_RULESET_CONDITIONED,RS_Y1_R083_C02,PG_BOOL_R083,PG_BOOL_R083_C02,Y1_basic_boolean,network_inet,6,6,6,6,1.0,1.0,1.0,0.0,0.0,0.9350000000000002,0.0,none,not_computed
BOOTSTRAP_V4_1_TO_V5_RULESET_CONDITIONED,RS_Y1_R083_C03,PG_BOOL_R083,PG_BOOL_R083_C03,Y1_basic_boolean,network_inet,6,6,6,6,1.0,1.0,1.0,0.0,0.0,0.9350000000000002,0.0,none,not_computed
BOOTSTRAP_V4_1_TO_V5_RULESET_CONDITIONED,RS_Y1_R083_C04,PG_BOOL_R083,PG_BOOL_R083_C04,Y1_basic_boolean,network_inet,6,6,6,6,1.0,1.0,1.0,0.0,0.0,0.9350000000000002,0.0,none,not_computed
BOOTSTRAP_V4_1_TO_V5_RULESET_CONDITIONED,RS_Y1_R083_C05,PG_BOOL_R083,PG_BOOL_R083_C05,Y1_basic_boolean,network_inet,6,6,6,6,1.0,1.0,1.0,0.0,0.0,0.9350000000000002,0.0,none,not_computed
BOOTSTRAP_V4_1_TO_V5_RULESET_CONDITIONED,RS_Y1_R083_C06,PG_BOOL_R083,PG_BOOL_R083_C06,Y1_basic_boolean,network_inet,6,6,6,6,1.0,1.0,1.0,0.0,0.0,0.9350000000000002,0.0,none,not_computed
BOOTSTRAP_V4_1_TO_V5_RULESET_CONDITIONED,RS_Y1_R083_C07,PG_BOOL_R083,PG_BOOL_R083_C07,Y1_basic_boolean,network_inet,6,6,6,6,1.0,1.0,1.0,0.0,0.0,0.9350000000000002,0.0,none,not_computed
BOOTSTRAP_V4_1_TO_V5_RULESET_CONDITIONED,RS_Y1_R083_C08,PG_BOOL_R083,PG_BOOL_R083_C08,Y1_basic_boolean,network_inet,6,6,6,6,1.0,1.0,1.0,0.0,0.0,0.9350000000000002,0.0,none,not_computed
BOOTSTRAP_V4_1_TO_V5_RULESET_CONDITIONED,RS_Y1_R083_C09,PG_BOOL_R083,PG_BOOL_R083_C09,Y1_basic_boolean,network_inet,6,6,6,6,1.0,1.0,1.0,0.0,0.0,0.9350000000000002,0.0,none,not_computed
BOOTSTRAP_V4_1_TO_V5_RULESET_CONDITIONED,RS_Y1_R083_C10,PG_BOOL_R083,PG_BOOL_R083_C10,Y1_basic_boolean,network_inet,6,6,6,6,1.0,1.0,1.0,0.0,0.0,0.9350000000000002,0.0,none,not_computed
BOOTSTRAP_V4_1_TO_V5_RULESET_CONDITIONED,RS_Y1_R084_C01,PG_BOOL_R084,PG_BOOL_R084_C01,Y1_basic_boolean,network_inet,6,6,6,6,1.0,1.0,1.0,0.0,0.0,0.9350000000000002,0.0,none,not_computed
BOOTSTRAP_V4_1_TO_V5_RULESET_CONDITIONED,RS_Y1_R084_C02,PG_BOOL_R084,PG_BOOL_R084_C02,Y1_basic_boolean,network_inet,6,6,6,6,1.0,1.0,1.0,0.0,0.0,0.9350000000000002,0.0,none,not_computed
BOOTSTRAP_V4_1_TO_V5_RULESET_CONDITIONED,RS_Y1_R084_C03,PG_BOOL_R084,PG_BOOL_R084_C03,Y1_basic_boolean,network_inet,6,6,6,6,1.0,1.0,1.0,0.0,0.0,0.9350000000000002,0.0,none,not_computed
BOOTSTRAP_V4_1_TO_V5_RULESET_CONDITIONED,RS_Y1_R084_C04,PG_BOOL_R084,PG_BOOL_R084_C04,Y1_basic_boolean,network_inet,6,6,6,6,1.0,1.0,1.0,0.0,0.0,0.9350000000000002,0.0,none,not_computed
BOOTSTRAP_V4_1_TO_V5_RULESET_CONDITIONED,RS_Y1_R084_C05,PG_BOOL_R084,PG_BOOL_R084_C05,Y1_basic_boolean,network_inet,6,6,6,6,1.0,1.0,1.0,0.0,0.0,0.9350000000000002,0.0,none,not_computed
BOOTSTRAP_V4_1_TO_V5_RULESET_CONDITIONED,RS_Y1_R084_C06,PG_BOOL_R084,PG_BOOL_R084_C06,Y1_basic_boolean,network_inet,6,6,6,6,1.0,1.0,1.0,0.0,0.0,0.9350000000000002,0.0,none,not_computed
BOOTSTRAP_V4_1_TO_V5_RULESET_CONDITIONED,RS_Y1_R084_C07,PG_BOOL_R084,PG_BOOL_R084_C07,Y1_basic_boolean,network_inet,6,6,6,6,1.0,1.0,1.0,0.0,0.0,0.9350000000000002,0.0,none,not_computed
BOOTSTRAP_V4_1_TO_V5_RULESET_CONDITIONED,RS_Y1_R084_C08,PG_BOOL_R084,PG_BOOL_R084_C08,Y1_basic_boolean,network_inet,6,6,6,6,1.0,1.0,1.0,0.0,0.0,0.9350000000000002,0.0,none,not_computed
BOOTSTRAP_V4_1_TO_V5_RULESET_CONDITIONED,RS_Y1_R084_C09,PG_BOOL_R084,PG_BOOL_R084_C09,Y1_basic_boolean,network_inet,6,6,6,6,1.0,1.0,1.0,0.0,0.0,0.9350000000000002,0.0,none,not_computed
BOOTSTRAP_V4_1_TO_V5_RULESET_CONDITIONED,RS_Y1_R084_C10,PG_BOOL_R084,PG_BOOL_R084_C10,Y1_basic_boolean,network_inet,6,6,6,6,1.0,1.0,1.0,0.0,0.0,0.9350000000000002,0.0,none,not_computed
BOOTSTRAP_V4_1_TO_V5_RULESET_CONDITIONED,RS_Y1_R085_C01,PG_BOOL_R085,PG_BOOL_R085_C01,Y1_basic_boolean,network_inet,6,6,6,6,1.0,1.0,1.0,0.0,0.0,0.9350000000000002,0.0,none,not_computed
BOOTSTRAP_V4_1_TO_V5_RULESET_CONDITIONED,RS_Y1_R085_C02,PG_BOOL_R085,PG_BOOL_R085_C02,Y1_basic_boolean,network_inet,6,6,6,6,1.0,1.0,1.0,0.0,0.0,0.9350000000000002,0.0,none,not_computed
BOOTSTRAP_V4_1_TO_V5_RULESET_CONDITIONED,RS_Y1_R085_C03,PG_BOOL_R085,PG_BOOL_R085_C03,Y1_basic_boolean,network_inet,6,6,6,6,1.0,1.0,1.0,0.0,0.0,0.9350000000000002,0.0,none,not_computed
BOOTSTRAP_V4_1_TO_V5_RULESET_CONDITIONED,RS_Y1_R085_C04,PG_BOOL_R085,PG_BOOL_R085_C04,Y1_basic_boolean,network_inet,6,6,6,6,1.0,1.0,1.0,0.0,0.0,0.9350000000000002,0.0,none,not_computed
BOOTSTRAP_V4_1_TO_V5_RULESET_CONDITIONED,RS_Y1_R085_C05,PG_BOOL_R085,PG_BOOL_R085_C05,Y1_basic_boolean,network_inet,6,6,6,6,1.0,1.0,1.0,0.0,0.0,0.9350000000000002,0.0,none,not_computed
BOOTSTRAP_V4_1_TO_V5_RULESET_CONDITIONED,RS_Y1_R085_C06,PG_BOOL_R085,PG_BOOL_R085_C06,Y1_basic_boolean,network_inet,6,6,6,6,1.0,1.0,1.0,0.0,0.0,0.9350000000000002,0.0,none,not_computed
BOOTSTRAP_V4_1_TO_V5_RULESET_CONDITIONED,RS_Y1_R085_C07,PG_BOOL_R085,PG_BOOL_R085_C07,Y1_basic_boolean,network_inet,6,6,6,6,1.0,1.0,1.0,0.0,0.0,0.9350000000000002,0.0,none,not_computed
BOOTSTRAP_V4_1_TO_V5_RULESET_CONDITIONED,RS_Y1_R085_C08,PG_BOOL_R085,PG_BOOL_R085_C08,Y1_basic_boolean,network_inet,6,6,6,6,1.0,1.0,1.0,0.0,0.0,0.9350000000000002,0.0,none,not_computed
BOOTSTRAP_V4_1_TO_V5_RULESET_CONDITIONED,RS_Y1_R085_C09,PG_BOOL_R085,PG_BOOL_R085_C09,Y1_basic_boolean,network_inet,6,6,6,6,1.0,1.0,1.0,0.0,0.0,0.9350000000000002,0.0,none,not_computed
BOOTSTRAP_V4_1_TO_V5_RULESET_CONDITIONED,RS_Y1_R085_C10,PG_BOOL_R085,PG_BOOL_R085_C10,Y1_basic_boolean,network_inet,6,6,6,6,1.0,1.0,1.0,0.0,0.0,0.9350000000000002,0.0,none,not_computed
BOOTSTRAP_V4_1_TO_V5_RULESET_CONDITIONED,RS_Y1_R086_C01,PG_BOOL_R086,PG_BOOL_R086_C01,Y1_basic_boolean,uuid_predicate,6,6,6,0,1.0,1.0,0.0,0.0,0.0,0.535,0.0,slot,not_computed
BOOTSTRAP_V4_1_TO_V5_RULESET_CONDITIONED,RS_Y1_R086_C02,PG_BOOL_R086,PG_BOOL_R086_C02,Y1_basic_boolean,uuid_predicate,6,6,6,0,1.0,1.0,0.0,0.0,0.0,0.535,0.0,slot,not_computed
BOOTSTRAP_V4_1_TO_V5_RULESET_CONDITIONED,RS_Y1_R086_C03,PG_BOOL_R086,PG_BOOL_R086_C03,Y1_basic_boolean,uuid_predicate,6,6,6,0,1.0,1.0,0.0,0.0,0.0,0.535,0.0,slot,not_computed
BOOTSTRAP_V4_1_TO_V5_RULESET_CONDITIONED,RS_Y1_R086_C04,PG_BOOL_R086,PG_BOOL_R086_C04,Y1_basic_boolean,uuid_predicate,6,6,6,0,1.0,1.0,0.0,0.0,0.0,0.535,0.0,slot,not_computed
BOOTSTRAP_V4_1_TO_V5_RULESET_CONDITIONED,RS_Y1_R086_C05,PG_BOOL_R086,PG_BOOL_R086_C05,Y1_basic_boolean,uuid_predicate,6,6,6,0,1.0,1.0,0.0,0.0,0.0,0.535,0.0,slot,not_computed
BOOTSTRAP_V4_1_TO_V5_RULESET_CONDITIONED,RS_Y1_R086_C06,PG_BOOL_R086,PG_BOOL_R086_C06,Y1_basic_boolean,uuid_predicate,6,6,6,0,1.0,1.0,0.0,0.0,0.0,0.535,0.0,slot,not_computed
BOOTSTRAP_V4_1_TO_V5_RULESET_CONDITIONED,RS_Y1_R086_C07,PG_BOOL_R086,PG_BOOL_R086_C07,Y1_basic_boolean,uuid_predicate,6,6,6,0,1.0,1.0,0.0,0.0,0.0,0.535,0.0,slot,not_computed
BOOTSTRAP_V4_1_TO_V5_RULESET_CONDITIONED,RS_Y1_R086_C08,PG_BOOL_R086,PG_BOOL_R086_C08,Y1_basic_boolean,uuid_predicate,6,6,6,0,1.0,1.0,0.0,0.0,0.0,0.535,0.0,slot,not_computed
BOOTSTRAP_V4_1_TO_V5_RULESET_CONDITIONED,RS_Y1_R086_C09,PG_BOOL_R086,PG_BOOL_R086_C09,Y1_basic_boolean,uuid_predicate,6,6,6,0,1.0,1.0,0.0,0.0,0.0,0.535,0.0,slot,not_computed
BOOTSTRAP_V4_1_TO_V5_RULESET_CONDITIONED,RS_Y1_R086_C10,PG_BOOL_R086,PG_BOOL_R086_C10,Y1_basic_boolean,uuid_predicate,6,6,6,0,1.0,1.0,0.0,0.0,0.0,0.535,0.0,slot,not_computed
BOOTSTRAP_V4_1_TO_V5_RULESET_CONDITIONED,RS_Y1_R087_C01,PG_BOOL_R087,PG_BOOL_R087_C01,Y1_basic_boolean,uuid_predicate,6,6,6,0,1.0,1.0,0.0,0.0,0.0,0.535,0.0,slot,not_computed
BOOTSTRAP_V4_1_TO_V5_RULESET_CONDITIONED,RS_Y1_R087_C02,PG_BOOL_R087,PG_BOOL_R087_C02,Y1_basic_boolean,uuid_predicate,6,6,6,0,1.0,1.0,0.0,0.0,0.0,0.535,0.0,slot,not_computed
BOOTSTRAP_V4_1_TO_V5_RULESET_CONDITIONED,RS_Y1_R087_C03,PG_BOOL_R087,PG_BOOL_R087_C03,Y1_basic_boolean,uuid_predicate,6,6,6,0,1.0,1.0,0.0,0.0,0.0,0.535,0.0,slot,not_computed
BOOTSTRAP_V4_1_TO_V5_RULESET_CONDITIONED,RS_Y1_R087_C04,PG_BOOL_R087,PG_BOOL_R087_C04,Y1_basic_boolean,uuid_predicate,6,6,6,0,1.0,1.0,0.0,0.0,0.0,0.535,0.0,slot,not_computed
BOOTSTRAP_V4_1_TO_V5_RULESET_CONDITIONED,RS_Y1_R087_C05,PG_BOOL_R087,PG_BOOL_R087_C05,Y1_basic_boolean,uuid_predicate,6,6,6,0,1.0,1.0,0.0,0.0,0.0,0.535,0.0,slot,not_computed
BOOTSTRAP_V4_1_TO_V5_RULESET_CONDITIONED,RS_Y1_R087_C06,PG_BOOL_R087,PG_BOOL_R087_C06,Y1_basic_boolean,uuid_predicate,6,6,6,0,1.0,1.0,0.0,0.0,0.0,0.535,0.0,slot,not_computed
BOOTSTRAP_V4_1_TO_V5_RULESET_CONDITIONED,RS_Y1_R087_C07,PG_BOOL_R087,PG_BOOL_R087_C07,Y1_basic_boolean,uuid_predicate,6,6,6,0,1.0,1.0,0.0,0.0,0.0,0.535,0.0,slot,not_computed
BOOTSTRAP_V4_1_TO_V5_RULESET_CONDITIONED,RS_Y1_R087_C08,PG_BOOL_R087,PG_BOOL_R087_C08,Y1_basic_boolean,uuid_predicate,6,6,6,0,1.0,1.0,0.0,0.0,0.0,0.535,0.0,slot,not_computed
BOOTSTRAP_V4_1_TO_V5_RULESET_CONDITIONED,RS_Y1_R087_C09,PG_BOOL_R087,PG_BOOL_R087_C09,Y1_basic_boolean,uuid_predicate,6,6,6,0,1.0,1.0,0.0,0.0,0.0,0.535,0.0,slot,not_computed
BOOTSTRAP_V4_1_TO_V5_RULESET_CONDITIONED,RS_Y1_R087_C10,PG_BOOL_R087,PG_BOOL_R087_C10,Y1_basic_boolean,uuid_predicate,6,6,6,0,1.0,1.0,0.0,0.0,0.0,0.535,0.0,slot,not_computed
BOOTSTRAP_V4_1_TO_V5_RULESET_CONDITIONED,RS_Y1_R088_C01,PG_BOOL_R088,PG_BOOL_R088_C01,Y1_basic_boolean,uuid_predicate,6,6,6,0,1.0,1.0,0.0,0.0,0.0,0.48500000000000004,0.0,boolean+slot,not_computed
BOOTSTRAP_V4_1_TO_V5_RULESET_CONDITIONED,RS_Y1_R088_C02,PG_BOOL_R088,PG_BOOL_R088_C02,Y1_basic_boolean,uuid_predicate,6,6,6,0,1.0,1.0,0.0,0.0,0.0,0.48500000000000004,0.0,boolean+slot,not_computed
BOOTSTRAP_V4_1_TO_V5_RULESET_CONDITIONED,RS_Y1_R088_C03,PG_BOOL_R088,PG_BOOL_R088_C03,Y1_basic_boolean,uuid_predicate,6,6,6,0,1.0,1.0,0.0,0.0,0.0,0.535,0.0,slot,not_computed
BOOTSTRAP_V4_1_TO_V5_RULESET_CONDITIONED,RS_Y1_R088_C04,PG_BOOL_R088,PG_BOOL_R088_C04,Y1_basic_boolean,uuid_predicate,6,6,6,0,1.0,1.0,0.0,0.0,0.0,0.535,0.0,slot,not_computed
BOOTSTRAP_V4_1_TO_V5_RULESET_CONDITIONED,RS_Y1_R088_C05,PG_BOOL_R088,PG_BOOL_R088_C05,Y1_basic_boolean,uuid_predicate,6,6,6,0,1.0,1.0,0.0,0.0,0.0,0.535,0.0,slot,not_computed
BOOTSTRAP_V4_1_TO_V5_RULESET_CONDITIONED,RS_Y1_R088_C06,PG_BOOL_R088,PG_BOOL_R088_C06,Y1_basic_boolean,uuid_predicate,6,6,6,0,1.0,1.0,0.0,0.0,0.0,0.48500000000000004,0.0,boolean+slot,not_computed
BOOTSTRAP_V4_1_TO_V5_RULESET_CONDITIONED,RS_Y1_R088_C07,PG_BOOL_R088,PG_BOOL_R088_C07,Y1_basic_boolean,uuid_predicate,6,6,6,0,1.0,1.0,0.0,0.0,0.0,0.535,0.0,slot,not_computed
BOOTSTRAP_V4_1_TO_V5_RULESET_CONDITIONED,RS_Y1_R088_C08,PG_BOOL_R088,PG_BOOL_R088_C08,Y1_basic_boolean,uuid_predicate,6,6,6,0,1.0,1.0,0.0,0.0,0.0,0.535,0.0,slot,not_computed
BOOTSTRAP_V4_1_TO_V5_RULESET_CONDITIONED,RS_Y1_R088_C09,PG_BOOL_R088,PG_BOOL_R088_C09,Y1_basic_boolean,uuid_predicate,6,6,6,0,1.0,1.0,0.0,0.0,0.0,0.535,0.0,slot,not_computed
BOOTSTRAP_V4_1_TO_V5_RULESET_CONDITIONED,RS_Y1_R088_C10,PG_BOOL_R088,PG_BOOL_R088_C10,Y1_basic_boolean,uuid_predicate,6,6,6,0,1.0,1.0,0.0,0.0,0.0,0.48500000000000004,0.0,boolean+slot,not_computed
BOOTSTRAP_V4_1_TO_V5_RULESET_CONDITIONED,RS_Y1_R089_C01,PG_BOOL_R089,PG_BOOL_R089_C01,Y1_basic_boolean,uuid_predicate,6,6,6,0,1.0,1.0,0.0,0.0,0.0,0.535,0.0,slot,not_computed
BOOTSTRAP_V4_1_TO_V5_RULESET_CONDITIONED,RS_Y1_R089_C02,PG_BOOL_R089,PG_BOOL_R089_C02,Y1_basic_boolean,uuid_predicate,6,6,6,0,1.0,1.0,0.0,0.0,0.0,0.535,0.0,slot,not_computed
BOOTSTRAP_V4_1_TO_V5_RULESET_CONDITIONED,RS_Y1_R089_C03,PG_BOOL_R089,PG_BOOL_R089_C03,Y1_basic_boolean,uuid_predicate,6,6,6,0,1.0,1.0,0.0,0.0,0.0,0.535,0.0,slot,not_computed
BOOTSTRAP_V4_1_TO_V5_RULESET_CONDITIONED,RS_Y1_R089_C04,PG_BOOL_R089,PG_BOOL_R089_C04,Y1_basic_boolean,uuid_predicate,6,6,6,0,1.0,1.0,0.0,0.0,0.0,0.535,0.0,slot,not_computed
BOOTSTRAP_V4_1_TO_V5_RULESET_CONDITIONED,RS_Y1_R089_C05,PG_BOOL_R089,PG_BOOL_R089_C05,Y1_basic_boolean,uuid_predicate,6,6,6,0,1.0,1.0,0.0,0.0,0.0,0.535,0.0,slot,not_computed
BOOTSTRAP_V4_1_TO_V5_RULESET_CONDITIONED,RS_Y1_R089_C06,PG_BOOL_R089,PG_BOOL_R089_C06,Y1_basic_boolean,uuid_predicate,6,6,6,0,1.0,1.0,0.0,0.0,0.0,0.535,0.0,slot,not_computed
BOOTSTRAP_V4_1_TO_V5_RULESET_CONDITIONED,RS_Y1_R089_C07,PG_BOOL_R089,PG_BOOL_R089_C07,Y1_basic_boolean,uuid_predicate,6,6,6,0,1.0,1.0,0.0,0.0,0.0,0.535,0.0,slot,not_computed
BOOTSTRAP_V4_1_TO_V5_RULESET_CONDITIONED,RS_Y1_R089_C08,PG_BOOL_R089,PG_BOOL_R089_C08,Y1_basic_boolean,uuid_predicate,6,6,6,0,1.0,1.0,0.0,0.0,0.0,0.535,0.0,slot,not_computed
BOOTSTRAP_V4_1_TO_V5_RULESET_CONDITIONED,RS_Y1_R089_C09,PG_BOOL_R089,PG_BOOL_R089_C09,Y1_basic_boolean,uuid_predicate,6,6,6,0,1.0,1.0,0.0,0.0,0.0,0.535,0.0,slot,not_computed
BOOTSTRAP_V4_1_TO_V5_RULESET_CONDITIONED,RS_Y1_R089_C10,PG_BOOL_R089,PG_BOOL_R089_C10,Y1_basic_boolean,uuid_predicate,6,6,6,0,1.0,1.0,0.0,0.0,0.0,0.535,0.0,slot,not_computed
BOOTSTRAP_V4_1_TO_V5_RULESET_CONDITIONED,RS_Y1_R090_C01,PG_BOOL_R090,PG_BOOL_R090_C01,Y1_basic_boolean,uuid_predicate,6,6,6,0,1.0,1.0,0.0,0.0,0.0,0.535,0.0,slot,not_computed
BOOTSTRAP_V4_1_TO_V5_RULESET_CONDITIONED,RS_Y1_R090_C02,PG_BOOL_R090,PG_BOOL_R090_C02,Y1_basic_boolean,uuid_predicate,6,6,6,0,1.0,1.0,0.0,0.0,0.0,0.535,0.0,slot,not_computed
BOOTSTRAP_V4_1_TO_V5_RULESET_CONDITIONED,RS_Y1_R090_C03,PG_BOOL_R090,PG_BOOL_R090_C03,Y1_basic_boolean,uuid_predicate,6,6,6,0,1.0,1.0,0.0,0.0,0.0,0.535,0.0,slot,not_computed
BOOTSTRAP_V4_1_TO_V5_RULESET_CONDITIONED,RS_Y1_R090_C04,PG_BOOL_R090,PG_BOOL_R090_C04,Y1_basic_boolean,uuid_predicate,6,6,6,0,1.0,1.0,0.0,0.0,0.0,0.535,0.0,slot,not_computed
BOOTSTRAP_V4_1_TO_V5_RULESET_CONDITIONED,RS_Y1_R090_C05,PG_BOOL_R090,PG_BOOL_R090_C05,Y1_basic_boolean,uuid_predicate,6,6,6,0,1.0,1.0,0.0,0.0,0.0,0.535,0.0,slot,not_computed
BOOTSTRAP_V4_1_TO_V5_RULESET_CONDITIONED,RS_Y1_R090_C06,PG_BOOL_R090,PG_BOOL_R090_C06,Y1_basic_boolean,uuid_predicate,6,6,6,0,1.0,1.0,0.0,0.0,0.0,0.535,0.0,slot,not_computed
BOOTSTRAP_V4_1_TO_V5_RULESET_CONDITIONED,RS_Y1_R090_C07,PG_BOOL_R090,PG_BOOL_R090_C07,Y1_basic_boolean,uuid_predicate,6,6,6,0,1.0,1.0,0.0,0.0,0.0,0.535,0.0,slot,not_computed
BOOTSTRAP_V4_1_TO_V5_RULESET_CONDITIONED,RS_Y1_R090_C08,PG_BOOL_R090,PG_BOOL_R090_C08,Y1_basic_boolean,uuid_predicate,6,6,6,0,1.0,1.0,0.0,0.0,0.0,0.535,0.0,slot,not_computed
BOOTSTRAP_V4_1_TO_V5_RULESET_CONDITIONED,RS_Y1_R090_C09,PG_BOOL_R090,PG_BOOL_R090_C09,Y1_basic_boolean,uuid_predicate,6,6,6,0,1.0,1.0,0.0,0.0,0.0,0.535,0.0,slot,not_computed
BOOTSTRAP_V4_1_TO_V5_RULESET_CONDITIONED,RS_Y1_R090_C10,PG_BOOL_R090,PG_BOOL_R090_C10,Y1_basic_boolean,uuid_predicate,6,6,6,0,1.0,1.0,0.0,0.0,0.0,0.535,0.0,slot,not_computed
BOOTSTRAP_V4_1_TO_V5_RULESET_CONDITIONED,RS_Y1_R091_C01,PG_BOOL_R091,PG_BOOL_R091_C01,Y1_basic_boolean,full_text_predicate,6,6,6,0,1.0,1.0,1.0,0.0,0.0,0.585,0.0,boolean,not_computed
BOOTSTRAP_V4_1_TO_V5_RULESET_CONDITIONED,RS_Y1_R091_C02,PG_BOOL_R091,PG_BOOL_R091_C02,Y1_basic_boolean,full_text_predicate,6,6,6,0,1.0,1.0,1.0,0.0,0.0,0.585,0.0,boolean,not_computed
BOOTSTRAP_V4_1_TO_V5_RULESET_CONDITIONED,RS_Y1_R091_C03,PG_BOOL_R091,PG_BOOL_R091_C03,Y1_basic_boolean,full_text_predicate,6,6,6,6,1.0,1.0,1.0,0.0,0.0,0.9350000000000002,0.0,none,not_computed
BOOTSTRAP_V4_1_TO_V5_RULESET_CONDITIONED,RS_Y1_R091_C04,PG_BOOL_R091,PG_BOOL_R091_C04,Y1_basic_boolean,full_text_predicate,6,6,6,6,1.0,1.0,1.0,0.0,0.0,0.9350000000000002,0.0,none,not_computed
BOOTSTRAP_V4_1_TO_V5_RULESET_CONDITIONED,RS_Y1_R091_C05,PG_BOOL_R091,PG_BOOL_R091_C05,Y1_basic_boolean,full_text_predicate,6,6,6,6,1.0,1.0,1.0,0.0,0.0,0.9350000000000002,0.0,none,not_computed
BOOTSTRAP_V4_1_TO_V5_RULESET_CONDITIONED,RS_Y1_R091_C06,PG_BOOL_R091,PG_BOOL_R091_C06,Y1_basic_boolean,full_text_predicate,6,6,6,0,1.0,1.0,1.0,0.0,0.0,0.585,0.0,boolean,not_computed
BOOTSTRAP_V4_1_TO_V5_RULESET_CONDITIONED,RS_Y1_R091_C07,PG_BOOL_R091,PG_BOOL_R091_C07,Y1_basic_boolean,full_text_predicate,6,6,6,6,1.0,1.0,1.0,0.0,0.0,0.9350000000000002,0.0,none,not_computed
BOOTSTRAP_V4_1_TO_V5_RULESET_CONDITIONED,RS_Y1_R091_C08,PG_BOOL_R091,PG_BOOL_R091_C08,Y1_basic_boolean,full_text_predicate,6,6,6,6,1.0,1.0,1.0,0.0,0.0,0.9350000000000002,0.0,none,not_computed
BOOTSTRAP_V4_1_TO_V5_RULESET_CONDITIONED,RS_Y1_R091_C09,PG_BOOL_R091,PG_BOOL_R091_C09,Y1_basic_boolean,full_text_predicate,6,6,6,6,1.0,1.0,1.0,0.0,0.0,0.9350000000000002,0.0,none,not_computed
BOOTSTRAP_V4_1_TO_V5_RULESET_CONDITIONED,RS_Y1_R091_C10,PG_BOOL_R091,PG_BOOL_R091_C10,Y1_basic_boolean,full_text_predicate,6,6,6,0,1.0,1.0,1.0,0.0,0.0,0.585,0.0,boolean,not_computed
BOOTSTRAP_V4_1_TO_V5_RULESET_CONDITIONED,RS_Y1_R092_C01,PG_BOOL_R092,PG_BOOL_R092_C01,Y1_basic_boolean,full_text_predicate,6,6,6,0,1.0,1.0,1.0,0.0,0.0,0.585,0.0,boolean,not_computed
BOOTSTRAP_V4_1_TO_V5_RULESET_CONDITIONED,RS_Y1_R092_C02,PG_BOOL_R092,PG_BOOL_R092_C02,Y1_basic_boolean,full_text_predicate,6,6,6,0,1.0,1.0,1.0,0.0,0.0,0.585,0.0,boolean,not_computed
BOOTSTRAP_V4_1_TO_V5_RULESET_CONDITIONED,RS_Y1_R092_C03,PG_BOOL_R092,PG_BOOL_R092_C03,Y1_basic_boolean,full_text_predicate,6,6,6,6,1.0,1.0,1.0,0.0,0.0,0.9350000000000002,0.0,none,not_computed
BOOTSTRAP_V4_1_TO_V5_RULESET_CONDITIONED,RS_Y1_R092_C04,PG_BOOL_R092,PG_BOOL_R092_C04,Y1_basic_boolean,full_text_predicate,6,6,6,6,1.0,1.0,1.0,0.0,0.0,0.9350000000000002,0.0,none,not_computed
BOOTSTRAP_V4_1_TO_V5_RULESET_CONDITIONED,RS_Y1_R092_C05,PG_BOOL_R092,PG_BOOL_R092_C05,Y1_basic_boolean,full_text_predicate,6,6,6,6,1.0,1.0,1.0,0.0,0.0,0.9350000000000002,0.0,none,not_computed
BOOTSTRAP_V4_1_TO_V5_RULESET_CONDITIONED,RS_Y1_R092_C06,PG_BOOL_R092,PG_BOOL_R092_C06,Y1_basic_boolean,full_text_predicate,6,6,6,0,1.0,1.0,1.0,0.0,0.0,0.585,0.0,boolean,not_computed
BOOTSTRAP_V4_1_TO_V5_RULESET_CONDITIONED,RS_Y1_R092_C07,PG_BOOL_R092,PG_BOOL_R092_C07,Y1_basic_boolean,full_text_predicate,6,6,6,6,1.0,1.0,1.0,0.0,0.0,0.9350000000000002,0.0,none,not_computed
BOOTSTRAP_V4_1_TO_V5_RULESET_CONDITIONED,RS_Y1_R092_C08,PG_BOOL_R092,PG_BOOL_R092_C08,Y1_basic_boolean,full_text_predicate,6,6,6,6,1.0,1.0,1.0,0.0,0.0,0.9350000000000002,0.0,none,not_computed
BOOTSTRAP_V4_1_TO_V5_RULESET_CONDITIONED,RS_Y1_R092_C09,PG_BOOL_R092,PG_BOOL_R092_C09,Y1_basic_boolean,full_text_predicate,6,6,6,6,1.0,1.0,1.0,0.0,0.0,0.9350000000000002,0.0,none,not_computed
BOOTSTRAP_V4_1_TO_V5_RULESET_CONDITIONED,RS_Y1_R092_C10,PG_BOOL_R092,PG_BOOL_R092_C10,Y1_basic_boolean,full_text_predicate,6,6,6,0,1.0,1.0,1.0,0.0,0.0,0.585,0.0,boolean,not_computed
BOOTSTRAP_V4_1_TO_V5_RULESET_CONDITIONED,RS_Y1_R093_C01,PG_BOOL_R093,PG_BOOL_R093_C01,Y1_basic_boolean,full_text_predicate,6,6,6,6,1.0,1.0,1.0,0.0,0.0,0.9350000000000002,0.0,none,not_computed
BOOTSTRAP_V4_1_TO_V5_RULESET_CONDITIONED,RS_Y1_R093_C02,PG_BOOL_R093,PG_BOOL_R093_C02,Y1_basic_boolean,full_text_predicate,6,6,6,6,1.0,1.0,1.0,0.0,0.0,0.9350000000000002,0.0,none,not_computed
BOOTSTRAP_V4_1_TO_V5_RULESET_CONDITIONED,RS_Y1_R093_C03,PG_BOOL_R093,PG_BOOL_R093_C03,Y1_basic_boolean,full_text_predicate,6,6,6,6,1.0,1.0,1.0,0.0,0.0,0.9350000000000002,0.0,none,not_computed
BOOTSTRAP_V4_1_TO_V5_RULESET_CONDITIONED,RS_Y1_R093_C04,PG_BOOL_R093,PG_BOOL_R093_C04,Y1_basic_boolean,full_text_predicate,6,6,6,6,1.0,1.0,1.0,0.0,0.0,0.9350000000000002,0.0,none,not_computed
BOOTSTRAP_V4_1_TO_V5_RULESET_CONDITIONED,RS_Y1_R093_C05,PG_BOOL_R093,PG_BOOL_R093_C05,Y1_basic_boolean,full_text_predicate,6,6,6,6,1.0,1.0,1.0,0.0,0.0,0.9350000000000002,0.0,none,not_computed
BOOTSTRAP_V4_1_TO_V5_RULESET_CONDITIONED,RS_Y1_R093_C06,PG_BOOL_R093,PG_BOOL_R093_C06,Y1_basic_boolean,full_text_predicate,6,6,6,6,1.0,1.0,1.0,0.0,0.0,0.9350000000000002,0.0,none,not_computed
BOOTSTRAP_V4_1_TO_V5_RULESET_CONDITIONED,RS_Y1_R093_C07,PG_BOOL_R093,PG_BOOL_R093_C07,Y1_basic_boolean,full_text_predicate,6,6,6,6,1.0,1.0,1.0,0.0,0.0,0.9350000000000002,0.0,none,not_computed
BOOTSTRAP_V4_1_TO_V5_RULESET_CONDITIONED,RS_Y1_R093_C08,PG_BOOL_R093,PG_BOOL_R093_C08,Y1_basic_boolean,full_text_predicate,6,6,6,6,1.0,1.0,1.0,0.0,0.0,0.9350000000000002,0.0,none,not_computed
BOOTSTRAP_V4_1_TO_V5_RULESET_CONDITIONED,RS_Y1_R093_C09,PG_BOOL_R093,PG_BOOL_R093_C09,Y1_basic_boolean,full_text_predicate,6,6,6,6,1.0,1.0,1.0,0.0,0.0,0.9350000000000002,0.0,none,not_computed
BOOTSTRAP_V4_1_TO_V5_RULESET_CONDITIONED,RS_Y1_R093_C10,PG_BOOL_R093,PG_BOOL_R093_C10,Y1_basic_boolean,full_text_predicate,6,6,6,6,1.0,1.0,1.0,0.0,0.0,0.9350000000000002,0.0,none,not_computed
BOOTSTRAP_V4_1_TO_V5_RULESET_CONDITIONED,RS_Y1_R094_C01,PG_BOOL_R094,PG_BOOL_R094_C01,Y1_basic_boolean,full_text_predicate,6,6,6,6,1.0,1.0,1.0,0.0,0.0,0.9350000000000002,0.0,none,not_computed
BOOTSTRAP_V4_1_TO_V5_RULESET_CONDITIONED,RS_Y1_R094_C02,PG_BOOL_R094,PG_BOOL_R094_C02,Y1_basic_boolean,full_text_predicate,6,6,6,6,1.0,1.0,1.0,0.0,0.0,0.9350000000000002,0.0,none,not_computed
BOOTSTRAP_V4_1_TO_V5_RULESET_CONDITIONED,RS_Y1_R094_C03,PG_BOOL_R094,PG_BOOL_R094_C03,Y1_basic_boolean,full_text_predicate,6,6,6,6,1.0,1.0,1.0,0.0,0.0,0.9350000000000002,0.0,none,not_computed
BOOTSTRAP_V4_1_TO_V5_RULESET_CONDITIONED,RS_Y1_R094_C04,PG_BOOL_R094,PG_BOOL_R094_C04,Y1_basic_boolean,full_text_predicate,6,6,6,6,1.0,1.0,1.0,0.0,0.0,0.9350000000000002,0.0,none,not_computed
BOOTSTRAP_V4_1_TO_V5_RULESET_CONDITIONED,RS_Y1_R094_C05,PG_BOOL_R094,PG_BOOL_R094_C05,Y1_basic_boolean,full_text_predicate,6,6,6,6,1.0,1.0,1.0,0.0,0.0,0.9350000000000002,0.0,none,not_computed
BOOTSTRAP_V4_1_TO_V5_RULESET_CONDITIONED,RS_Y1_R094_C06,PG_BOOL_R094,PG_BOOL_R094_C06,Y1_basic_boolean,full_text_predicate,6,6,6,6,1.0,1.0,1.0,0.0,0.0,0.9350000000000002,0.0,none,not_computed
BOOTSTRAP_V4_1_TO_V5_RULESET_CONDITIONED,RS_Y1_R094_C07,PG_BOOL_R094,PG_BOOL_R094_C07,Y1_basic_boolean,full_text_predicate,6,6,6,6,1.0,1.0,1.0,0.0,0.0,0.9350000000000002,0.0,none,not_computed
BOOTSTRAP_V4_1_TO_V5_RULESET_CONDITIONED,RS_Y1_R094_C08,PG_BOOL_R094,PG_BOOL_R094_C08,Y1_basic_boolean,full_text_predicate,6,6,6,6,1.0,1.0,1.0,0.0,0.0,0.9350000000000002,0.0,none,not_computed
BOOTSTRAP_V4_1_TO_V5_RULESET_CONDITIONED,RS_Y1_R094_C09,PG_BOOL_R094,PG_BOOL_R094_C09,Y1_basic_boolean,full_text_predicate,6,6,6,6,1.0,1.0,1.0,0.0,0.0,0.9350000000000002,0.0,none,not_computed
BOOTSTRAP_V4_1_TO_V5_RULESET_CONDITIONED,RS_Y1_R094_C10,PG_BOOL_R094,PG_BOOL_R094_C10,Y1_basic_boolean,full_text_predicate,6,6,6,6,1.0,1.0,1.0,0.0,0.0,0.9350000000000002,0.0,none,not_computed
BOOTSTRAP_V4_1_TO_V5_RULESET_CONDITIONED,RS_Y1_R095_C01,PG_BOOL_R095,PG_BOOL_R095_C01,Y1_basic_boolean,full_text_predicate,6,6,6,0,1.0,1.0,1.0,0.0,0.0,0.585,0.0,boolean,not_computed
BOOTSTRAP_V4_1_TO_V5_RULESET_CONDITIONED,RS_Y1_R095_C02,PG_BOOL_R095,PG_BOOL_R095_C02,Y1_basic_boolean,full_text_predicate,6,6,6,0,1.0,1.0,1.0,0.0,0.0,0.585,0.0,boolean,not_computed
BOOTSTRAP_V4_1_TO_V5_RULESET_CONDITIONED,RS_Y1_R095_C03,PG_BOOL_R095,PG_BOOL_R095_C03,Y1_basic_boolean,full_text_predicate,6,6,6,6,1.0,1.0,1.0,0.0,0.0,0.9350000000000002,0.0,none,not_computed
BOOTSTRAP_V4_1_TO_V5_RULESET_CONDITIONED,RS_Y1_R095_C04,PG_BOOL_R095,PG_BOOL_R095_C04,Y1_basic_boolean,full_text_predicate,6,6,6,6,1.0,1.0,1.0,0.0,0.0,0.9350000000000002,0.0,none,not_computed
BOOTSTRAP_V4_1_TO_V5_RULESET_CONDITIONED,RS_Y1_R095_C05,PG_BOOL_R095,PG_BOOL_R095_C05,Y1_basic_boolean,full_text_predicate,6,6,6,6,1.0,1.0,1.0,0.0,0.0,0.9350000000000002,0.0,none,not_computed
BOOTSTRAP_V4_1_TO_V5_RULESET_CONDITIONED,RS_Y1_R095_C06,PG_BOOL_R095,PG_BOOL_R095_C06,Y1_basic_boolean,full_text_predicate,6,6,6,0,1.0,1.0,1.0,0.0,0.0,0.585,0.0,boolean,not_computed
BOOTSTRAP_V4_1_TO_V5_RULESET_CONDITIONED,RS_Y1_R095_C07,PG_BOOL_R095,PG_BOOL_R095_C07,Y1_basic_boolean,full_text_predicate,6,6,6,6,1.0,1.0,1.0,0.0,0.0,0.9350000000000002,0.0,none,not_computed
BOOTSTRAP_V4_1_TO_V5_RULESET_CONDITIONED,RS_Y1_R095_C08,PG_BOOL_R095,PG_BOOL_R095_C08,Y1_basic_boolean,full_text_predicate,6,6,6,6,1.0,1.0,1.0,0.0,0.0,0.9350000000000002,0.0,none,not_computed
BOOTSTRAP_V4_1_TO_V5_RULESET_CONDITIONED,RS_Y1_R095_C09,PG_BOOL_R095,PG_BOOL_R095_C09,Y1_basic_boolean,full_text_predicate,6,6,6,6,1.0,1.0,1.0,0.0,0.0,0.9350000000000002,0.0,none,not_computed
BOOTSTRAP_V4_1_TO_V5_RULESET_CONDITIONED,RS_Y1_R095_C10,PG_BOOL_R095,PG_BOOL_R095_C10,Y1_basic_boolean,full_text_predicate,6,6,6,0,1.0,1.0,1.0,0.0,0.0,0.585,0.0,boolean,not_computed
BOOTSTRAP_V4_1_TO_V5_RULESET_CONDITIONED,RS_Y1_R096_C01,PG_BOOL_R096,PG_BOOL_R096_C01,Y1_basic_boolean,logical_composition,6,6,6,6,1.0,1.0,1.0,0.0,0.0,0.9350000000000002,0.0,none,not_computed
BOOTSTRAP_V4_1_TO_V5_RULESET_CONDITIONED,RS_Y1_R096_C02,PG_BOOL_R096,PG_BOOL_R096_C02,Y1_basic_boolean,logical_composition,6,6,6,6,1.0,1.0,1.0,0.0,0.0,0.9350000000000002,0.0,none,not_computed
BOOTSTRAP_V4_1_TO_V5_RULESET_CONDITIONED,RS_Y1_R096_C03,PG_BOOL_R096,PG_BOOL_R096_C03,Y1_basic_boolean,logical_composition,6,6,6,6,1.0,1.0,1.0,0.0,0.0,0.9350000000000002,0.0,none,not_computed
BOOTSTRAP_V4_1_TO_V5_RULESET_CONDITIONED,RS_Y1_R096_C04,PG_BOOL_R096,PG_BOOL_R096_C04,Y1_basic_boolean,logical_composition,6,6,6,6,1.0,1.0,1.0,0.0,0.0,0.9350000000000002,0.0,none,not_computed
BOOTSTRAP_V4_1_TO_V5_RULESET_CONDITIONED,RS_Y1_R096_C05,PG_BOOL_R096,PG_BOOL_R096_C05,Y1_basic_boolean,logical_composition,6,6,6,6,1.0,1.0,1.0,0.0,0.0,0.9350000000000002,0.0,none,not_computed
BOOTSTRAP_V4_1_TO_V5_RULESET_CONDITIONED,RS_Y1_R096_C06,PG_BOOL_R096,PG_BOOL_R096_C06,Y1_basic_boolean,logical_composition,6,6,6,6,1.0,1.0,1.0,0.0,0.0,0.9350000000000002,0.0,none,not_computed
BOOTSTRAP_V4_1_TO_V5_RULESET_CONDITIONED,RS_Y1_R096_C07,PG_BOOL_R096,PG_BOOL_R096_C07,Y1_basic_boolean,logical_composition,6,6,6,6,1.0,1.0,1.0,0.0,0.0,0.9350000000000002,0.0,none,not_computed
BOOTSTRAP_V4_1_TO_V5_RULESET_CONDITIONED,RS_Y1_R096_C08,PG_BOOL_R096,PG_BOOL_R096_C08,Y1_basic_boolean,logical_composition,6,6,6,6,1.0,1.0,1.0,0.0,0.0,0.9350000000000002,0.0,none,not_computed
BOOTSTRAP_V4_1_TO_V5_RULESET_CONDITIONED,RS_Y1_R096_C09,PG_BOOL_R096,PG_BOOL_R096_C09,Y1_basic_boolean,logical_composition,6,6,6,6,1.0,1.0,1.0,0.0,0.0,0.9350000000000002,0.0,none,not_computed
BOOTSTRAP_V4_1_TO_V5_RULESET_CONDITIONED,RS_Y1_R096_C10,PG_BOOL_R096,PG_BOOL_R096_C10,Y1_basic_boolean,logical_composition,6,6,6,6,1.0,1.0,1.0,0.0,0.0,0.9350000000000002,0.0,none,not_computed
BOOTSTRAP_V4_1_TO_V5_RULESET_CONDITIONED,RS_Y1_R097_C01,PG_BOOL_R097,PG_BOOL_R097_C01,Y1_basic_boolean,logical_composition,6,6,6,6,1.0,1.0,1.0,0.0,0.0,0.9350000000000002,0.0,none,not_computed
BOOTSTRAP_V4_1_TO_V5_RULESET_CONDITIONED,RS_Y1_R097_C02,PG_BOOL_R097,PG_BOOL_R097_C02,Y1_basic_boolean,logical_composition,6,6,6,6,1.0,1.0,1.0,0.0,0.0,0.9350000000000002,0.0,none,not_computed
BOOTSTRAP_V4_1_TO_V5_RULESET_CONDITIONED,RS_Y1_R097_C03,PG_BOOL_R097,PG_BOOL_R097_C03,Y1_basic_boolean,logical_composition,6,6,6,6,1.0,1.0,1.0,0.0,0.0,0.9350000000000002,0.0,none,not_computed
BOOTSTRAP_V4_1_TO_V5_RULESET_CONDITIONED,RS_Y1_R097_C04,PG_BOOL_R097,PG_BOOL_R097_C04,Y1_basic_boolean,logical_composition,6,6,6,6,1.0,1.0,1.0,0.0,0.0,0.9350000000000002,0.0,none,not_computed
BOOTSTRAP_V4_1_TO_V5_RULESET_CONDITIONED,RS_Y1_R097_C05,PG_BOOL_R097,PG_BOOL_R097_C05,Y1_basic_boolean,logical_composition,6,6,6,6,1.0,1.0,1.0,0.0,0.0,0.9350000000000002,0.0,none,not_computed
BOOTSTRAP_V4_1_TO_V5_RULESET_CONDITIONED,RS_Y1_R097_C06,PG_BOOL_R097,PG_BOOL_R097_C06,Y1_basic_boolean,logical_composition,6,6,6,6,1.0,1.0,1.0,0.0,0.0,0.9350000000000002,0.0,none,not_computed
BOOTSTRAP_V4_1_TO_V5_RULESET_CONDITIONED,RS_Y1_R097_C07,PG_BOOL_R097,PG_BOOL_R097_C07,Y1_basic_boolean,logical_composition,6,6,6,6,1.0,1.0,1.0,0.0,0.0,0.9350000000000002,0.0,none,not_computed
BOOTSTRAP_V4_1_TO_V5_RULESET_CONDITIONED,RS_Y1_R097_C08,PG_BOOL_R097,PG_BOOL_R097_C08,Y1_basic_boolean,logical_composition,6,6,6,6,1.0,1.0,1.0,0.0,0.0,0.9350000000000002,0.0,none,not_computed
BOOTSTRAP_V4_1_TO_V5_RULESET_CONDITIONED,RS_Y1_R097_C09,PG_BOOL_R097,PG_BOOL_R097_C09,Y1_basic_boolean,logical_composition,6,6,6,6,1.0,1.0,1.0,0.0,0.0,0.9350000000000002,0.0,none,not_computed
BOOTSTRAP_V4_1_TO_V5_RULESET_CONDITIONED,RS_Y1_R097_C10,PG_BOOL_R097,PG_BOOL_R097_C10,Y1_basic_boolean,logical_composition,6,6,6,6,1.0,1.0,1.0,0.0,0.0,0.9350000000000002,0.0,none,not_computed
BOOTSTRAP_V4_1_TO_V5_RULESET_CONDITIONED,RS_Y1_R098_C01,PG_BOOL_R098,PG_BOOL_R098_C01,Y1_basic_boolean,logical_composition,6,6,6,6,1.0,1.0,1.0,0.0,0.0,0.9350000000000002,0.0,none,not_computed
BOOTSTRAP_V4_1_TO_V5_RULESET_CONDITIONED,RS_Y1_R098_C02,PG_BOOL_R098,PG_BOOL_R098_C02,Y1_basic_boolean,logical_composition,6,6,6,6,1.0,1.0,1.0,0.0,0.0,0.9350000000000002,0.0,none,not_computed
BOOTSTRAP_V4_1_TO_V5_RULESET_CONDITIONED,RS_Y1_R098_C03,PG_BOOL_R098,PG_BOOL_R098_C03,Y1_basic_boolean,logical_composition,6,6,6,6,1.0,1.0,1.0,0.0,0.0,0.9350000000000002,0.0,none,not_computed
BOOTSTRAP_V4_1_TO_V5_RULESET_CONDITIONED,RS_Y1_R098_C04,PG_BOOL_R098,PG_BOOL_R098_C04,Y1_basic_boolean,logical_composition,6,6,6,6,1.0,1.0,1.0,0.0,0.0,0.9350000000000002,0.0,none,not_computed
BOOTSTRAP_V4_1_TO_V5_RULESET_CONDITIONED,RS_Y1_R098_C05,PG_BOOL_R098,PG_BOOL_R098_C05,Y1_basic_boolean,logical_composition,6,6,6,6,1.0,1.0,1.0,0.0,0.0,0.9350000000000002,0.0,none,not_computed
BOOTSTRAP_V4_1_TO_V5_RULESET_CONDITIONED,RS_Y1_R098_C06,PG_BOOL_R098,PG_BOOL_R098_C06,Y1_basic_boolean,logical_composition,6,6,6,6,1.0,1.0,1.0,0.0,0.0,0.9350000000000002,0.0,none,not_computed
BOOTSTRAP_V4_1_TO_V5_RULESET_CONDITIONED,RS_Y1_R098_C07,PG_BOOL_R098,PG_BOOL_R098_C07,Y1_basic_boolean,logical_composition,6,6,6,6,1.0,1.0,1.0,0.0,0.0,0.9350000000000002,0.0,none,not_computed
BOOTSTRAP_V4_1_TO_V5_RULESET_CONDITIONED,RS_Y1_R098_C08,PG_BOOL_R098,PG_BOOL_R098_C08,Y1_basic_boolean,logical_composition,6,6,6,6,1.0,1.0,1.0,0.0,0.0,0.9350000000000002,0.0,none,not_computed
BOOTSTRAP_V4_1_TO_V5_RULESET_CONDITIONED,RS_Y1_R098_C09,PG_BOOL_R098,PG_BOOL_R098_C09,Y1_basic_boolean,logical_composition,6,6,6,6,1.0,1.0,1.0,0.0,0.0,0.9350000000000002,0.0,none,not_computed
BOOTSTRAP_V4_1_TO_V5_RULESET_CONDITIONED,RS_Y1_R098_C10,PG_BOOL_R098,PG_BOOL_R098_C10,Y1_basic_boolean,logical_composition,6,6,6,6,1.0,1.0,1.0,0.0,0.0,0.9350000000000002,0.0,none,not_computed
BOOTSTRAP_V4_1_TO_V5_RULESET_CONDITIONED,RS_Y1_R099_C01,PG_BOOL_R099,PG_BOOL_R099_C01,Y1_basic_boolean,logical_composition,6,6,6,6,1.0,1.0,1.0,0.0,0.0,0.9350000000000002,0.0,none,not_computed
BOOTSTRAP_V4_1_TO_V5_RULESET_CONDITIONED,RS_Y1_R099_C02,PG_BOOL_R099,PG_BOOL_R099_C02,Y1_basic_boolean,logical_composition,6,6,6,6,1.0,1.0,1.0,0.0,0.0,0.9350000000000002,0.0,none,not_computed
BOOTSTRAP_V4_1_TO_V5_RULESET_CONDITIONED,RS_Y1_R099_C03,PG_BOOL_R099,PG_BOOL_R099_C03,Y1_basic_boolean,logical_composition,6,6,6,6,1.0,1.0,1.0,0.0,0.0,0.9350000000000002,0.0,none,not_computed
BOOTSTRAP_V4_1_TO_V5_RULESET_CONDITIONED,RS_Y1_R099_C04,PG_BOOL_R099,PG_BOOL_R099_C04,Y1_basic_boolean,logical_composition,6,6,6,6,1.0,1.0,1.0,0.0,0.0,0.9350000000000002,0.0,none,not_computed
BOOTSTRAP_V4_1_TO_V5_RULESET_CONDITIONED,RS_Y1_R099_C05,PG_BOOL_R099,PG_BOOL_R099_C05,Y1_basic_boolean,logical_composition,6,6,6,6,1.0,1.0,1.0,0.0,0.0,0.9350000000000002,0.0,none,not_computed
BOOTSTRAP_V4_1_TO_V5_RULESET_CONDITIONED,RS_Y1_R099_C06,PG_BOOL_R099,PG_BOOL_R099_C06,Y1_basic_boolean,logical_composition,6,6,6,6,1.0,1.0,1.0,0.0,0.0,0.9350000000000002,0.0,none,not_computed
BOOTSTRAP_V4_1_TO_V5_RULESET_CONDITIONED,RS_Y1_R099_C07,PG_BOOL_R099,PG_BOOL_R099_C07,Y1_basic_boolean,logical_composition,6,6,6,6,1.0,1.0,1.0,0.0,0.0,0.9350000000000002,0.0,none,not_computed
BOOTSTRAP_V4_1_TO_V5_RULESET_CONDITIONED,RS_Y1_R099_C08,PG_BOOL_R099,PG_BOOL_R099_C08,Y1_basic_boolean,logical_composition,6,6,6,6,1.0,1.0,1.0,0.0,0.0,0.9350000000000002,0.0,none,not_computed
BOOTSTRAP_V4_1_TO_V5_RULESET_CONDITIONED,RS_Y1_R099_C09,PG_BOOL_R099,PG_BOOL_R099_C09,Y1_basic_boolean,logical_composition,6,6,6,6,1.0,1.0,1.0,0.0,0.0,0.9350000000000002,0.0,none,not_computed
BOOTSTRAP_V4_1_TO_V5_RULESET_CONDITIONED,RS_Y1_R099_C10,PG_BOOL_R099,PG_BOOL_R099_C10,Y1_basic_boolean,logical_composition,6,6,6,6,1.0,1.0,1.0,0.0,0.0,0.9350000000000002,0.0,none,not_computed
BOOTSTRAP_V4_1_TO_V5_RULESET_CONDITIONED,RS_Y1_R100_C01,PG_BOOL_R100,PG_BOOL_R100_C01,Y1_basic_boolean,logical_composition,6,6,6,6,1.0,1.0,1.0,0.0,0.0,0.9350000000000002,0.0,none,not_computed
BOOTSTRAP_V4_1_TO_V5_RULESET_CONDITIONED,RS_Y1_R100_C02,PG_BOOL_R100,PG_BOOL_R100_C02,Y1_basic_boolean,logical_composition,6,6,6,6,1.0,1.0,1.0,0.0,0.0,0.9350000000000002,0.0,none,not_computed
BOOTSTRAP_V4_1_TO_V5_RULESET_CONDITIONED,RS_Y1_R100_C03,PG_BOOL_R100,PG_BOOL_R100_C03,Y1_basic_boolean,logical_composition,6,6,6,6,1.0,1.0,1.0,0.0,0.0,0.9350000000000002,0.0,none,not_computed
BOOTSTRAP_V4_1_TO_V5_RULESET_CONDITIONED,RS_Y1_R100_C04,PG_BOOL_R100,PG_BOOL_R100_C04,Y1_basic_boolean,logical_composition,6,6,6,6,1.0,1.0,1.0,0.0,0.0,0.9350000000000002,0.0,none,not_computed
BOOTSTRAP_V4_1_TO_V5_RULESET_CONDITIONED,RS_Y1_R100_C05,PG_BOOL_R100,PG_BOOL_R100_C05,Y1_basic_boolean,logical_composition,6,6,6,6,1.0,1.0,1.0,0.0,0.0,0.9350000000000002,0.0,none,not_computed
BOOTSTRAP_V4_1_TO_V5_RULESET_CONDITIONED,RS_Y1_R100_C06,PG_BOOL_R100,PG_BOOL_R100_C06,Y1_basic_boolean,logical_composition,6,6,6,6,1.0,1.0,1.0,0.0,0.0,0.9350000000000002,0.0,none,not_computed
BOOTSTRAP_V4_1_TO_V5_RULESET_CONDITIONED,RS_Y1_R100_C07,PG_BOOL_R100,PG_BOOL_R100_C07,Y1_basic_boolean,logical_composition,6,6,6,6,1.0,1.0,1.0,0.0,0.0,0.9350000000000002,0.0,none,not_computed
BOOTSTRAP_V4_1_TO_V5_RULESET_CONDITIONED,RS_Y1_R100_C08,PG_BOOL_R100,PG_BOOL_R100_C08,Y1_basic_boolean,logical_composition,6,6,6,6,1.0,1.0,1.0,0.0,0.0,0.9350000000000002,0.0,none,not_computed
BOOTSTRAP_V4_1_TO_V5_RULESET_CONDITIONED,RS_Y1_R100_C09,PG_BOOL_R100,PG_BOOL_R100_C09,Y1_basic_boolean,logical_composition,6,6,6,6,1.0,1.0,1.0,0.0,0.0,0.9350000000000002,0.0,none,not_computed
BOOTSTRAP_V4_1_TO_V5_RULESET_CONDITIONED,RS_Y1_R100_C10,PG_BOOL_R100,PG_BOOL_R100_C10,Y1_basic_boolean,logical_composition,6,6,6,6,1.0,1.0,1.0,0.0,0.0,0.9350000000000002,0.0,none,not_computed
BOOTSTRAP_V4_1_TO_V5_RULESET_CONDITIONED,RS_Y2_R001_C01,PG_BOOL_R001,PG_BOOL_R001_C01,Y2_boolean_variation,comparison_numeric,6,6,6,6,1.0,1.0,1.0,0.0,0.0,0.9350000000000002,0.0,none,not_computed
BOOTSTRAP_V4_1_TO_V5_RULESET_CONDITIONED,RS_Y2_R001_C02,PG_BOOL_R001,PG_BOOL_R001_C02,Y2_boolean_variation,comparison_numeric,6,6,6,6,1.0,1.0,1.0,0.0,0.0,0.9350000000000002,0.0,none,not_computed
BOOTSTRAP_V4_1_TO_V5_RULESET_CONDITIONED,RS_Y2_R001_C03,PG_BOOL_R001,PG_BOOL_R001_C03,Y2_boolean_variation,comparison_numeric,6,6,6,6,1.0,1.0,1.0,0.0,0.0,0.9350000000000002,0.0,none,not_computed
BOOTSTRAP_V4_1_TO_V5_RULESET_CONDITIONED,RS_Y2_R001_C04,PG_BOOL_R001,PG_BOOL_R001_C04,Y2_boolean_variation,comparison_numeric,6,6,6,6,1.0,1.0,1.0,0.0,0.0,0.9350000000000002,0.0,none,not_computed
BOOTSTRAP_V4_1_TO_V5_RULESET_CONDITIONED,RS_Y2_R001_C05,PG_BOOL_R001,PG_BOOL_R001_C05,Y2_boolean_variation,comparison_numeric,6,6,6,6,1.0,1.0,1.0,0.0,0.0,0.9350000000000002,0.0,none,not_computed
BOOTSTRAP_V4_1_TO_V5_RULESET_CONDITIONED,RS_Y2_R001_C06,PG_BOOL_R001,PG_BOOL_R001_C06,Y2_boolean_variation,comparison_numeric,6,6,6,6,1.0,1.0,1.0,0.0,0.0,0.9350000000000002,0.0,none,not_computed
BOOTSTRAP_V4_1_TO_V5_RULESET_CONDITIONED,RS_Y2_R001_C07,PG_BOOL_R001,PG_BOOL_R001_C07,Y2_boolean_variation,comparison_numeric,6,6,6,6,1.0,1.0,1.0,0.0,0.0,0.9350000000000002,0.0,none,not_computed
BOOTSTRAP_V4_1_TO_V5_RULESET_CONDITIONED,RS_Y2_R001_C08,PG_BOOL_R001,PG_BOOL_R001_C08,Y2_boolean_variation,comparison_numeric,6,6,6,6,1.0,1.0,1.0,0.0,0.0,0.9350000000000002,0.0,none,not_computed
BOOTSTRAP_V4_1_TO_V5_RULESET_CONDITIONED,RS_Y2_R001_C09,PG_BOOL_R001,PG_BOOL_R001_C09,Y2_boolean_variation,comparison_numeric,6,6,6,6,1.0,1.0,1.0,0.0,0.0,0.9350000000000002,0.0,none,not_computed
BOOTSTRAP_V4_1_TO_V5_RULESET_CONDITIONED,RS_Y2_R001_C10,PG_BOOL_R001,PG_BOOL_R001_C10,Y2_boolean_variation,comparison_numeric,6,6,6,6,1.0,1.0,1.0,0.0,0.0,0.9350000000000002,0.0,none,not_computed
BOOTSTRAP_V4_1_TO_V5_RULESET_CONDITIONED,RS_Y2_R002_C01,PG_BOOL_R002,PG_BOOL_R002_C01,Y2_boolean_variation,comparison_numeric,6,6,6,6,1.0,1.0,1.0,0.0,0.0,0.9350000000000002,0.0,none,not_computed
BOOTSTRAP_V4_1_TO_V5_RULESET_CONDITIONED,RS_Y2_R002_C02,PG_BOOL_R002,PG_BOOL_R002_C02,Y2_boolean_variation,comparison_numeric,6,6,6,6,1.0,1.0,1.0,0.0,0.0,0.9350000000000002,0.0,none,not_computed
BOOTSTRAP_V4_1_TO_V5_RULESET_CONDITIONED,RS_Y2_R002_C03,PG_BOOL_R002,PG_BOOL_R002_C03,Y2_boolean_variation,comparison_numeric,6,6,6,6,1.0,1.0,1.0,0.0,0.0,0.9350000000000002,0.0,none,not_computed
BOOTSTRAP_V4_1_TO_V5_RULESET_CONDITIONED,RS_Y2_R002_C04,PG_BOOL_R002,PG_BOOL_R002_C04,Y2_boolean_variation,comparison_numeric,6,6,6,6,1.0,1.0,1.0,0.0,0.0,0.9350000000000002,0.0,none,not_computed
BOOTSTRAP_V4_1_TO_V5_RULESET_CONDITIONED,RS_Y2_R002_C05,PG_BOOL_R002,PG_BOOL_R002_C05,Y2_boolean_variation,comparison_numeric,6,6,6,6,1.0,1.0,1.0,0.0,0.0,0.9350000000000002,0.0,none,not_computed
BOOTSTRAP_V4_1_TO_V5_RULESET_CONDITIONED,RS_Y2_R002_C06,PG_BOOL_R002,PG_BOOL_R002_C06,Y2_boolean_variation,comparison_numeric,6,6,6,6,1.0,1.0,1.0,0.0,0.0,0.9350000000000002,0.0,none,not_computed
BOOTSTRAP_V4_1_TO_V5_RULESET_CONDITIONED,RS_Y2_R002_C07,PG_BOOL_R002,PG_BOOL_R002_C07,Y2_boolean_variation,comparison_numeric,6,6,6,6,1.0,1.0,1.0,0.0,0.0,0.9350000000000002,0.0,none,not_computed
BOOTSTRAP_V4_1_TO_V5_RULESET_CONDITIONED,RS_Y2_R002_C08,PG_BOOL_R002,PG_BOOL_R002_C08,Y2_boolean_variation,comparison_numeric,6,6,6,6,1.0,1.0,1.0,0.0,0.0,0.9350000000000002,0.0,none,not_computed
BOOTSTRAP_V4_1_TO_V5_RULESET_CONDITIONED,RS_Y2_R002_C09,PG_BOOL_R002,PG_BOOL_R002_C09,Y2_boolean_variation,comparison_numeric,6,6,6,6,1.0,1.0,1.0,0.0,0.0,0.9350000000000002,0.0,none,not_computed
BOOTSTRAP_V4_1_TO_V5_RULESET_CONDITIONED,RS_Y2_R002_C10,PG_BOOL_R002,PG_BOOL_R002_C10,Y2_boolean_variation,comparison_numeric,6,6,6,6,1.0,1.0,1.0,0.0,0.0,0.9350000000000002,0.0,none,not_computed
BOOTSTRAP_V4_1_TO_V5_RULESET_CONDITIONED,RS_Y2_R003_C01,PG_BOOL_R003,PG_BOOL_R003_C01,Y2_boolean_variation,comparison_numeric,6,6,6,6,1.0,1.0,1.0,0.0,0.0,0.9350000000000002,0.0,none,not_computed
BOOTSTRAP_V4_1_TO_V5_RULESET_CONDITIONED,RS_Y2_R003_C02,PG_BOOL_R003,PG_BOOL_R003_C02,Y2_boolean_variation,comparison_numeric,6,6,6,6,1.0,1.0,1.0,0.0,0.0,0.9350000000000002,0.0,none,not_computed
BOOTSTRAP_V4_1_TO_V5_RULESET_CONDITIONED,RS_Y2_R003_C03,PG_BOOL_R003,PG_BOOL_R003_C03,Y2_boolean_variation,comparison_numeric,6,6,6,6,1.0,1.0,1.0,0.0,0.0,0.9350000000000002,0.0,none,not_computed
BOOTSTRAP_V4_1_TO_V5_RULESET_CONDITIONED,RS_Y2_R003_C04,PG_BOOL_R003,PG_BOOL_R003_C04,Y2_boolean_variation,comparison_numeric,6,6,6,6,1.0,1.0,1.0,0.0,0.0,0.9350000000000002,0.0,none,not_computed
BOOTSTRAP_V4_1_TO_V5_RULESET_CONDITIONED,RS_Y2_R003_C05,PG_BOOL_R003,PG_BOOL_R003_C05,Y2_boolean_variation,comparison_numeric,6,6,6,6,1.0,1.0,1.0,0.0,0.0,0.9350000000000002,0.0,none,not_computed
BOOTSTRAP_V4_1_TO_V5_RULESET_CONDITIONED,RS_Y2_R003_C06,PG_BOOL_R003,PG_BOOL_R003_C06,Y2_boolean_variation,comparison_numeric,6,6,6,6,1.0,1.0,1.0,0.0,0.0,0.9350000000000002,0.0,none,not_computed
BOOTSTRAP_V4_1_TO_V5_RULESET_CONDITIONED,RS_Y2_R003_C07,PG_BOOL_R003,PG_BOOL_R003_C07,Y2_boolean_variation,comparison_numeric,6,6,6,6,1.0,1.0,1.0,0.0,0.0,0.9350000000000002,0.0,none,not_computed
BOOTSTRAP_V4_1_TO_V5_RULESET_CONDITIONED,RS_Y2_R003_C08,PG_BOOL_R003,PG_BOOL_R003_C08,Y2_boolean_variation,comparison_numeric,6,6,6,6,1.0,1.0,1.0,0.0,0.0,0.9350000000000002,0.0,none,not_computed
BOOTSTRAP_V4_1_TO_V5_RULESET_CONDITIONED,RS_Y2_R003_C09,PG_BOOL_R003,PG_BOOL_R003_C09,Y2_boolean_variation,comparison_numeric,6,6,6,6,1.0,1.0,1.0,0.0,0.0,0.9350000000000002,0.0,none,not_computed
BOOTSTRAP_V4_1_TO_V5_RULESET_CONDITIONED,RS_Y2_R003_C10,PG_BOOL_R003,PG_BOOL_R003_C10,Y2_boolean_variation,comparison_numeric,6,6,6,6,1.0,1.0,1.0,0.0,0.0,0.9350000000000002,0.0,none,not_computed
BOOTSTRAP_V4_1_TO_V5_RULESET_CONDITIONED,RS_Y2_R004_C01,PG_BOOL_R004,PG_BOOL_R004_C01,Y2_boolean_variation,comparison_numeric,6,6,6,6,1.0,1.0,1.0,0.0,0.0,0.9350000000000002,0.0,none,not_computed
BOOTSTRAP_V4_1_TO_V5_RULESET_CONDITIONED,RS_Y2_R004_C02,PG_BOOL_R004,PG_BOOL_R004_C02,Y2_boolean_variation,comparison_numeric,6,6,6,6,1.0,1.0,1.0,0.0,0.0,0.9350000000000002,0.0,none,not_computed
BOOTSTRAP_V4_1_TO_V5_RULESET_CONDITIONED,RS_Y2_R004_C03,PG_BOOL_R004,PG_BOOL_R004_C03,Y2_boolean_variation,comparison_numeric,6,6,6,6,1.0,1.0,1.0,0.0,0.0,0.9350000000000002,0.0,none,not_computed
BOOTSTRAP_V4_1_TO_V5_RULESET_CONDITIONED,RS_Y2_R004_C04,PG_BOOL_R004,PG_BOOL_R004_C04,Y2_boolean_variation,comparison_numeric,6,6,6,6,1.0,1.0,1.0,0.0,0.0,0.9350000000000002,0.0,none,not_computed
BOOTSTRAP_V4_1_TO_V5_RULESET_CONDITIONED,RS_Y2_R004_C05,PG_BOOL_R004,PG_BOOL_R004_C05,Y2_boolean_variation,comparison_numeric,6,6,6,6,1.0,1.0,1.0,0.0,0.0,0.9350000000000002,0.0,none,not_computed
BOOTSTRAP_V4_1_TO_V5_RULESET_CONDITIONED,RS_Y2_R004_C06,PG_BOOL_R004,PG_BOOL_R004_C06,Y2_boolean_variation,comparison_numeric,6,6,6,6,1.0,1.0,1.0,0.0,0.0,0.9350000000000002,0.0,none,not_computed
BOOTSTRAP_V4_1_TO_V5_RULESET_CONDITIONED,RS_Y2_R004_C07,PG_BOOL_R004,PG_BOOL_R004_C07,Y2_boolean_variation,comparison_numeric,6,6,6,6,1.0,1.0,1.0,0.0,0.0,0.9350000000000002,0.0,none,not_computed
BOOTSTRAP_V4_1_TO_V5_RULESET_CONDITIONED,RS_Y2_R004_C08,PG_BOOL_R004,PG_BOOL_R004_C08,Y2_boolean_variation,comparison_numeric,6,6,6,6,1.0,1.0,1.0,0.0,0.0,0.9350000000000002,0.0,none,not_computed
BOOTSTRAP_V4_1_TO_V5_RULESET_CONDITIONED,RS_Y2_R004_C09,PG_BOOL_R004,PG_BOOL_R004_C09,Y2_boolean_variation,comparison_numeric,6,6,6,6,1.0,1.0,1.0,0.0,0.0,0.9350000000000002,0.0,none,not_computed
BOOTSTRAP_V4_1_TO_V5_RULESET_CONDITIONED,RS_Y2_R004_C10,PG_BOOL_R004,PG_BOOL_R004_C10,Y2_boolean_variation,comparison_numeric,6,6,6,6,1.0,1.0,1.0,0.0,0.0,0.9350000000000002,0.0,none,not_computed
BOOTSTRAP_V4_1_TO_V5_RULESET_CONDITIONED,RS_Y2_R005_C01,PG_BOOL_R005,PG_BOOL_R005_C01,Y2_boolean_variation,comparison_numeric,6,6,6,6,1.0,1.0,1.0,0.0,0.0,0.9350000000000002,0.0,none,not_computed
BOOTSTRAP_V4_1_TO_V5_RULESET_CONDITIONED,RS_Y2_R005_C02,PG_BOOL_R005,PG_BOOL_R005_C02,Y2_boolean_variation,comparison_numeric,6,6,6,6,1.0,1.0,1.0,0.0,0.0,0.9350000000000002,0.0,none,not_computed
BOOTSTRAP_V4_1_TO_V5_RULESET_CONDITIONED,RS_Y2_R005_C03,PG_BOOL_R005,PG_BOOL_R005_C03,Y2_boolean_variation,comparison_numeric,6,6,6,6,1.0,1.0,1.0,0.0,0.0,0.9350000000000002,0.0,none,not_computed
BOOTSTRAP_V4_1_TO_V5_RULESET_CONDITIONED,RS_Y2_R005_C04,PG_BOOL_R005,PG_BOOL_R005_C04,Y2_boolean_variation,comparison_numeric,6,6,6,6,1.0,1.0,1.0,0.0,0.0,0.9350000000000002,0.0,none,not_computed
BOOTSTRAP_V4_1_TO_V5_RULESET_CONDITIONED,RS_Y2_R005_C05,PG_BOOL_R005,PG_BOOL_R005_C05,Y2_boolean_variation,comparison_numeric,6,6,6,6,1.0,1.0,1.0,0.0,0.0,0.9350000000000002,0.0,none,not_computed
BOOTSTRAP_V4_1_TO_V5_RULESET_CONDITIONED,RS_Y2_R005_C06,PG_BOOL_R005,PG_BOOL_R005_C06,Y2_boolean_variation,comparison_numeric,6,6,6,6,1.0,1.0,1.0,0.0,0.0,0.9350000000000002,0.0,none,not_computed
BOOTSTRAP_V4_1_TO_V5_RULESET_CONDITIONED,RS_Y2_R005_C07,PG_BOOL_R005,PG_BOOL_R005_C07,Y2_boolean_variation,comparison_numeric,6,6,6,6,1.0,1.0,1.0,0.0,0.0,0.9350000000000002,0.0,none,not_computed
BOOTSTRAP_V4_1_TO_V5_RULESET_CONDITIONED,RS_Y2_R005_C08,PG_BOOL_R005,PG_BOOL_R005_C08,Y2_boolean_variation,comparison_numeric,6,6,6,6,1.0,1.0,1.0,0.0,0.0,0.9350000000000002,0.0,none,not_computed
BOOTSTRAP_V4_1_TO_V5_RULESET_CONDITIONED,RS_Y2_R005_C09,PG_BOOL_R005,PG_BOOL_R005_C09,Y2_boolean_variation,comparison_numeric,6,6,6,6,1.0,1.0,1.0,0.0,0.0,0.9350000000000002,0.0,none,not_computed
BOOTSTRAP_V4_1_TO_V5_RULESET_CONDITIONED,RS_Y2_R005_C10,PG_BOOL_R005,PG_BOOL_R005_C10,Y2_boolean_variation,comparison_numeric,6,6,6,6,1.0,1.0,1.0,0.0,0.0,0.9350000000000002,0.0,none,not_computed
BOOTSTRAP_V4_1_TO_V5_RULESET_CONDITIONED,RS_Y2_R006_C01,PG_BOOL_R006,PG_BOOL_R006_C01,Y2_boolean_variation,comparison_text,6,6,6,6,1.0,1.0,1.0,0.0,0.0,0.9350000000000002,0.0,none,not_computed
BOOTSTRAP_V4_1_TO_V5_RULESET_CONDITIONED,RS_Y2_R006_C02,PG_BOOL_R006,PG_BOOL_R006_C02,Y2_boolean_variation,comparison_text,6,6,6,6,1.0,1.0,1.0,0.0,0.0,0.9350000000000002,0.0,none,not_computed
BOOTSTRAP_V4_1_TO_V5_RULESET_CONDITIONED,RS_Y2_R006_C03,PG_BOOL_R006,PG_BOOL_R006_C03,Y2_boolean_variation,comparison_text,6,6,6,6,1.0,1.0,1.0,0.0,0.0,0.9350000000000002,0.0,none,not_computed
BOOTSTRAP_V4_1_TO_V5_RULESET_CONDITIONED,RS_Y2_R006_C04,PG_BOOL_R006,PG_BOOL_R006_C04,Y2_boolean_variation,comparison_text,6,6,6,6,1.0,1.0,1.0,0.0,0.0,0.9350000000000002,0.0,none,not_computed
BOOTSTRAP_V4_1_TO_V5_RULESET_CONDITIONED,RS_Y2_R006_C05,PG_BOOL_R006,PG_BOOL_R006_C05,Y2_boolean_variation,comparison_text,6,6,6,6,1.0,1.0,1.0,0.0,0.0,0.9350000000000002,0.0,none,not_computed
BOOTSTRAP_V4_1_TO_V5_RULESET_CONDITIONED,RS_Y2_R006_C06,PG_BOOL_R006,PG_BOOL_R006_C06,Y2_boolean_variation,comparison_text,6,6,6,6,1.0,1.0,1.0,0.0,0.0,0.9350000000000002,0.0,none,not_computed
BOOTSTRAP_V4_1_TO_V5_RULESET_CONDITIONED,RS_Y2_R006_C07,PG_BOOL_R006,PG_BOOL_R006_C07,Y2_boolean_variation,comparison_text,6,6,6,6,1.0,1.0,1.0,0.0,0.0,0.9350000000000002,0.0,none,not_computed
BOOTSTRAP_V4_1_TO_V5_RULESET_CONDITIONED,RS_Y2_R006_C08,PG_BOOL_R006,PG_BOOL_R006_C08,Y2_boolean_variation,comparison_text,6,6,6,6,1.0,1.0,1.0,0.0,0.0,0.9350000000000002,0.0,none,not_computed
BOOTSTRAP_V4_1_TO_V5_RULESET_CONDITIONED,RS_Y2_R006_C09,PG_BOOL_R006,PG_BOOL_R006_C09,Y2_boolean_variation,comparison_text,6,6,6,6,1.0,1.0,1.0,0.0,0.0,0.9350000000000002,0.0,none,not_computed
BOOTSTRAP_V4_1_TO_V5_RULESET_CONDITIONED,RS_Y2_R006_C10,PG_BOOL_R006,PG_BOOL_R006_C10,Y2_boolean_variation,comparison_text,6,6,6,6,1.0,1.0,1.0,0.0,0.0,0.9350000000000002,0.0,none,not_computed
BOOTSTRAP_V4_1_TO_V5_RULESET_CONDITIONED,RS_Y2_R007_C01,PG_BOOL_R007,PG_BOOL_R007_C01,Y2_boolean_variation,comparison_text,6,6,6,6,1.0,1.0,1.0,0.0,0.0,0.9350000000000002,0.0,none,not_computed
BOOTSTRAP_V4_1_TO_V5_RULESET_CONDITIONED,RS_Y2_R007_C02,PG_BOOL_R007,PG_BOOL_R007_C02,Y2_boolean_variation,comparison_text,6,6,6,6,1.0,1.0,1.0,0.0,0.0,0.9350000000000002,0.0,none,not_computed
BOOTSTRAP_V4_1_TO_V5_RULESET_CONDITIONED,RS_Y2_R007_C03,PG_BOOL_R007,PG_BOOL_R007_C03,Y2_boolean_variation,comparison_text,6,6,6,6,1.0,1.0,1.0,0.0,0.0,0.9350000000000002,0.0,none,not_computed
BOOTSTRAP_V4_1_TO_V5_RULESET_CONDITIONED,RS_Y2_R007_C04,PG_BOOL_R007,PG_BOOL_R007_C04,Y2_boolean_variation,comparison_text,6,6,6,6,1.0,1.0,1.0,0.0,0.0,0.9350000000000002,0.0,none,not_computed
BOOTSTRAP_V4_1_TO_V5_RULESET_CONDITIONED,RS_Y2_R007_C05,PG_BOOL_R007,PG_BOOL_R007_C05,Y2_boolean_variation,comparison_text,6,6,6,6,1.0,1.0,1.0,0.0,0.0,0.9350000000000002,0.0,none,not_computed
BOOTSTRAP_V4_1_TO_V5_RULESET_CONDITIONED,RS_Y2_R007_C06,PG_BOOL_R007,PG_BOOL_R007_C06,Y2_boolean_variation,comparison_text,6,6,6,6,1.0,1.0,1.0,0.0,0.0,0.9350000000000002,0.0,none,not_computed
BOOTSTRAP_V4_1_TO_V5_RULESET_CONDITIONED,RS_Y2_R007_C07,PG_BOOL_R007,PG_BOOL_R007_C07,Y2_boolean_variation,comparison_text,6,6,6,6,1.0,1.0,1.0,0.0,0.0,0.9350000000000002,0.0,none,not_computed
BOOTSTRAP_V4_1_TO_V5_RULESET_CONDITIONED,RS_Y2_R007_C08,PG_BOOL_R007,PG_BOOL_R007_C08,Y2_boolean_variation,comparison_text,6,6,6,6,1.0,1.0,1.0,0.0,0.0,0.9350000000000002,0.0,none,not_computed
BOOTSTRAP_V4_1_TO_V5_RULESET_CONDITIONED,RS_Y2_R007_C09,PG_BOOL_R007,PG_BOOL_R007_C09,Y2_boolean_variation,comparison_text,6,6,6,6,1.0,1.0,1.0,0.0,0.0,0.9350000000000002,0.0,none,not_computed
BOOTSTRAP_V4_1_TO_V5_RULESET_CONDITIONED,RS_Y2_R007_C10,PG_BOOL_R007,PG_BOOL_R007_C10,Y2_boolean_variation,comparison_text,6,6,6,6,1.0,1.0,1.0,0.0,0.0,0.9350000000000002,0.0,none,not_computed
BOOTSTRAP_V4_1_TO_V5_RULESET_CONDITIONED,RS_Y2_R008_C01,PG_BOOL_R008,PG_BOOL_R008_C01,Y2_boolean_variation,comparison_text,6,6,6,6,1.0,1.0,1.0,0.0,0.0,0.9350000000000002,0.0,none,not_computed
BOOTSTRAP_V4_1_TO_V5_RULESET_CONDITIONED,RS_Y2_R008_C02,PG_BOOL_R008,PG_BOOL_R008_C02,Y2_boolean_variation,comparison_text,6,6,6,6,1.0,1.0,1.0,0.0,0.0,0.9350000000000002,0.0,none,not_computed
BOOTSTRAP_V4_1_TO_V5_RULESET_CONDITIONED,RS_Y2_R008_C03,PG_BOOL_R008,PG_BOOL_R008_C03,Y2_boolean_variation,comparison_text,6,6,6,6,1.0,1.0,1.0,0.0,0.0,0.9350000000000002,0.0,none,not_computed
BOOTSTRAP_V4_1_TO_V5_RULESET_CONDITIONED,RS_Y2_R008_C04,PG_BOOL_R008,PG_BOOL_R008_C04,Y2_boolean_variation,comparison_text,6,6,6,6,1.0,1.0,1.0,0.0,0.0,0.9350000000000002,0.0,none,not_computed
BOOTSTRAP_V4_1_TO_V5_RULESET_CONDITIONED,RS_Y2_R008_C05,PG_BOOL_R008,PG_BOOL_R008_C05,Y2_boolean_variation,comparison_text,6,6,6,6,1.0,1.0,1.0,0.0,0.0,0.9350000000000002,0.0,none,not_computed
BOOTSTRAP_V4_1_TO_V5_RULESET_CONDITIONED,RS_Y2_R008_C06,PG_BOOL_R008,PG_BOOL_R008_C06,Y2_boolean_variation,comparison_text,6,6,6,6,1.0,1.0,1.0,0.0,0.0,0.9350000000000002,0.0,none,not_computed
BOOTSTRAP_V4_1_TO_V5_RULESET_CONDITIONED,RS_Y2_R008_C07,PG_BOOL_R008,PG_BOOL_R008_C07,Y2_boolean_variation,comparison_text,6,6,6,6,1.0,1.0,1.0,0.0,0.0,0.9350000000000002,0.0,none,not_computed
BOOTSTRAP_V4_1_TO_V5_RULESET_CONDITIONED,RS_Y2_R008_C08,PG_BOOL_R008,PG_BOOL_R008_C08,Y2_boolean_variation,comparison_text,6,6,6,6,1.0,1.0,1.0,0.0,0.0,0.9350000000000002,0.0,none,not_computed
BOOTSTRAP_V4_1_TO_V5_RULESET_CONDITIONED,RS_Y2_R008_C09,PG_BOOL_R008,PG_BOOL_R008_C09,Y2_boolean_variation,comparison_text,6,6,6,6,1.0,1.0,1.0,0.0,0.0,0.9350000000000002,0.0,none,not_computed
BOOTSTRAP_V4_1_TO_V5_RULESET_CONDITIONED,RS_Y2_R008_C10,PG_BOOL_R008,PG_BOOL_R008_C10,Y2_boolean_variation,comparison_text,6,6,6,6,1.0,1.0,1.0,0.0,0.0,0.9350000000000002,0.0,none,not_computed
BOOTSTRAP_V4_1_TO_V5_RULESET_CONDITIONED,RS_Y2_R009_C01,PG_BOOL_R009,PG_BOOL_R009_C01,Y2_boolean_variation,comparison_text,6,6,6,6,1.0,1.0,1.0,0.0,0.0,0.9350000000000002,0.0,none,not_computed
BOOTSTRAP_V4_1_TO_V5_RULESET_CONDITIONED,RS_Y2_R009_C02,PG_BOOL_R009,PG_BOOL_R009_C02,Y2_boolean_variation,comparison_text,6,6,6,6,1.0,1.0,1.0,0.0,0.0,0.9350000000000002,0.0,none,not_computed
BOOTSTRAP_V4_1_TO_V5_RULESET_CONDITIONED,RS_Y2_R009_C03,PG_BOOL_R009,PG_BOOL_R009_C03,Y2_boolean_variation,comparison_text,6,6,6,6,1.0,1.0,1.0,0.0,0.0,0.9350000000000002,0.0,none,not_computed
BOOTSTRAP_V4_1_TO_V5_RULESET_CONDITIONED,RS_Y2_R009_C04,PG_BOOL_R009,PG_BOOL_R009_C04,Y2_boolean_variation,comparison_text,6,6,6,6,1.0,1.0,1.0,0.0,0.0,0.9350000000000002,0.0,none,not_computed
BOOTSTRAP_V4_1_TO_V5_RULESET_CONDITIONED,RS_Y2_R009_C05,PG_BOOL_R009,PG_BOOL_R009_C05,Y2_boolean_variation,comparison_text,6,6,6,6,1.0,1.0,1.0,0.0,0.0,0.9350000000000002,0.0,none,not_computed
BOOTSTRAP_V4_1_TO_V5_RULESET_CONDITIONED,RS_Y2_R009_C06,PG_BOOL_R009,PG_BOOL_R009_C06,Y2_boolean_variation,comparison_text,6,6,6,6,1.0,1.0,1.0,0.0,0.0,0.9350000000000002,0.0,none,not_computed
BOOTSTRAP_V4_1_TO_V5_RULESET_CONDITIONED,RS_Y2_R009_C07,PG_BOOL_R009,PG_BOOL_R009_C07,Y2_boolean_variation,comparison_text,6,6,6,6,1.0,1.0,1.0,0.0,0.0,0.9350000000000002,0.0,none,not_computed
BOOTSTRAP_V4_1_TO_V5_RULESET_CONDITIONED,RS_Y2_R009_C08,PG_BOOL_R009,PG_BOOL_R009_C08,Y2_boolean_variation,comparison_text,6,6,6,6,1.0,1.0,1.0,0.0,0.0,0.9350000000000002,0.0,none,not_computed
BOOTSTRAP_V4_1_TO_V5_RULESET_CONDITIONED,RS_Y2_R009_C09,PG_BOOL_R009,PG_BOOL_R009_C09,Y2_boolean_variation,comparison_text,6,6,6,6,1.0,1.0,1.0,0.0,0.0,0.9350000000000002,0.0,none,not_computed
BOOTSTRAP_V4_1_TO_V5_RULESET_CONDITIONED,RS_Y2_R009_C10,PG_BOOL_R009,PG_BOOL_R009_C10,Y2_boolean_variation,comparison_text,6,6,6,6,1.0,1.0,1.0,0.0,0.0,0.9350000000000002,0.0,none,not_computed
BOOTSTRAP_V4_1_TO_V5_RULESET_CONDITIONED,RS_Y2_R010_C01,PG_BOOL_R010,PG_BOOL_R010_C01,Y2_boolean_variation,comparison_text,6,6,6,6,1.0,1.0,1.0,0.0,0.0,0.9350000000000002,0.0,none,not_computed
BOOTSTRAP_V4_1_TO_V5_RULESET_CONDITIONED,RS_Y2_R010_C02,PG_BOOL_R010,PG_BOOL_R010_C02,Y2_boolean_variation,comparison_text,6,6,6,6,1.0,1.0,1.0,0.0,0.0,0.9350000000000002,0.0,none,not_computed
BOOTSTRAP_V4_1_TO_V5_RULESET_CONDITIONED,RS_Y2_R010_C03,PG_BOOL_R010,PG_BOOL_R010_C03,Y2_boolean_variation,comparison_text,6,6,6,6,1.0,1.0,1.0,0.0,0.0,0.9350000000000002,0.0,none,not_computed
BOOTSTRAP_V4_1_TO_V5_RULESET_CONDITIONED,RS_Y2_R010_C04,PG_BOOL_R010,PG_BOOL_R010_C04,Y2_boolean_variation,comparison_text,6,6,6,6,1.0,1.0,1.0,0.0,0.0,0.9350000000000002,0.0,none,not_computed
BOOTSTRAP_V4_1_TO_V5_RULESET_CONDITIONED,RS_Y2_R010_C05,PG_BOOL_R010,PG_BOOL_R010_C05,Y2_boolean_variation,comparison_text,6,6,6,6,1.0,1.0,1.0,0.0,0.0,0.9350000000000002,0.0,none,not_computed
BOOTSTRAP_V4_1_TO_V5_RULESET_CONDITIONED,RS_Y2_R010_C06,PG_BOOL_R010,PG_BOOL_R010_C06,Y2_boolean_variation,comparison_text,6,6,6,6,1.0,1.0,1.0,0.0,0.0,0.9350000000000002,0.0,none,not_computed
BOOTSTRAP_V4_1_TO_V5_RULESET_CONDITIONED,RS_Y2_R010_C07,PG_BOOL_R010,PG_BOOL_R010_C07,Y2_boolean_variation,comparison_text,6,6,6,6,1.0,1.0,1.0,0.0,0.0,0.9350000000000002,0.0,none,not_computed
BOOTSTRAP_V4_1_TO_V5_RULESET_CONDITIONED,RS_Y2_R010_C08,PG_BOOL_R010,PG_BOOL_R010_C08,Y2_boolean_variation,comparison_text,6,6,6,6,1.0,1.0,1.0,0.0,0.0,0.9350000000000002,0.0,none,not_computed
BOOTSTRAP_V4_1_TO_V5_RULESET_CONDITIONED,RS_Y2_R010_C09,PG_BOOL_R010,PG_BOOL_R010_C09,Y2_boolean_variation,comparison_text,6,6,6,6,1.0,1.0,1.0,0.0,0.0,0.9350000000000002,0.0,none,not_computed
BOOTSTRAP_V4_1_TO_V5_RULESET_CONDITIONED,RS_Y2_R010_C10,PG_BOOL_R010,PG_BOOL_R010_C10,Y2_boolean_variation,comparison_text,6,6,6,6,1.0,1.0,1.0,0.0,0.0,0.9350000000000002,0.0,none,not_computed
BOOTSTRAP_V4_1_TO_V5_RULESET_CONDITIONED,RS_Y2_R011_C01,PG_BOOL_R011,PG_BOOL_R011_C01,Y2_boolean_variation,null_boolean,6,6,4,6,1.0,1.0,1.0,0.0,0.0,0.9350000000000002,0.0,none,not_computed
BOOTSTRAP_V4_1_TO_V5_RULESET_CONDITIONED,RS_Y2_R011_C02,PG_BOOL_R011,PG_BOOL_R011_C02,Y2_boolean_variation,null_boolean,6,6,4,6,1.0,1.0,1.0,0.0,0.0,0.9350000000000002,0.0,none,not_computed
BOOTSTRAP_V4_1_TO_V5_RULESET_CONDITIONED,RS_Y2_R011_C03,PG_BOOL_R011,PG_BOOL_R011_C03,Y2_boolean_variation,null_boolean,6,6,4,6,1.0,1.0,1.0,0.0,0.0,0.9350000000000002,0.0,none,not_computed
BOOTSTRAP_V4_1_TO_V5_RULESET_CONDITIONED,RS_Y2_R011_C04,PG_BOOL_R011,PG_BOOL_R011_C04,Y2_boolean_variation,null_boolean,6,6,4,6,1.0,1.0,1.0,0.0,0.0,0.9350000000000002,0.0,none,not_computed
BOOTSTRAP_V4_1_TO_V5_RULESET_CONDITIONED,RS_Y2_R011_C05,PG_BOOL_R011,PG_BOOL_R011_C05,Y2_boolean_variation,null_boolean,6,6,4,6,1.0,1.0,1.0,0.0,0.0,0.9350000000000002,0.0,none,not_computed
BOOTSTRAP_V4_1_TO_V5_RULESET_CONDITIONED,RS_Y2_R011_C06,PG_BOOL_R011,PG_BOOL_R011_C06,Y2_boolean_variation,null_boolean,6,6,4,6,1.0,1.0,1.0,0.0,0.0,0.9350000000000002,0.0,none,not_computed
BOOTSTRAP_V4_1_TO_V5_RULESET_CONDITIONED,RS_Y2_R011_C07,PG_BOOL_R011,PG_BOOL_R011_C07,Y2_boolean_variation,null_boolean,6,6,6,6,1.0,1.0,1.0,0.0,0.0,0.9350000000000002,0.0,none,not_computed
BOOTSTRAP_V4_1_TO_V5_RULESET_CONDITIONED,RS_Y2_R011_C08,PG_BOOL_R011,PG_BOOL_R011_C08,Y2_boolean_variation,null_boolean,6,6,6,6,1.0,1.0,1.0,0.0,0.0,0.9350000000000002,0.0,none,not_computed
BOOTSTRAP_V4_1_TO_V5_RULESET_CONDITIONED,RS_Y2_R011_C09,PG_BOOL_R011,PG_BOOL_R011_C09,Y2_boolean_variation,null_boolean,6,6,4,6,1.0,1.0,1.0,0.0,0.0,0.9350000000000002,0.0,none,not_computed
BOOTSTRAP_V4_1_TO_V5_RULESET_CONDITIONED,RS_Y2_R011_C10,PG_BOOL_R011,PG_BOOL_R011_C10,Y2_boolean_variation,null_boolean,6,6,4,6,1.0,1.0,1.0,0.0,0.0,0.9350000000000002,0.0,none,not_computed
BOOTSTRAP_V4_1_TO_V5_RULESET_CONDITIONED,RS_Y2_R012_C01,PG_BOOL_R012,PG_BOOL_R012_C01,Y2_boolean_variation,null_boolean,6,6,4,6,1.0,1.0,1.0,0.0,0.0,0.9350000000000002,0.0,none,not_computed
BOOTSTRAP_V4_1_TO_V5_RULESET_CONDITIONED,RS_Y2_R012_C02,PG_BOOL_R012,PG_BOOL_R012_C02,Y2_boolean_variation,null_boolean,6,6,4,6,1.0,1.0,1.0,0.0,0.0,0.9350000000000002,0.0,none,not_computed
BOOTSTRAP_V4_1_TO_V5_RULESET_CONDITIONED,RS_Y2_R012_C03,PG_BOOL_R012,PG_BOOL_R012_C03,Y2_boolean_variation,null_boolean,6,6,4,6,1.0,1.0,1.0,0.0,0.0,0.9350000000000002,0.0,none,not_computed
BOOTSTRAP_V4_1_TO_V5_RULESET_CONDITIONED,RS_Y2_R012_C04,PG_BOOL_R012,PG_BOOL_R012_C04,Y2_boolean_variation,null_boolean,6,6,4,6,1.0,1.0,1.0,0.0,0.0,0.9350000000000002,0.0,none,not_computed
BOOTSTRAP_V4_1_TO_V5_RULESET_CONDITIONED,RS_Y2_R012_C05,PG_BOOL_R012,PG_BOOL_R012_C05,Y2_boolean_variation,null_boolean,6,6,4,6,1.0,1.0,1.0,0.0,0.0,0.9350000000000002,0.0,none,not_computed
BOOTSTRAP_V4_1_TO_V5_RULESET_CONDITIONED,RS_Y2_R012_C06,PG_BOOL_R012,PG_BOOL_R012_C06,Y2_boolean_variation,null_boolean,6,6,4,6,1.0,1.0,1.0,0.0,0.0,0.9350000000000002,0.0,none,not_computed
BOOTSTRAP_V4_1_TO_V5_RULESET_CONDITIONED,RS_Y2_R012_C07,PG_BOOL_R012,PG_BOOL_R012_C07,Y2_boolean_variation,null_boolean,6,6,6,6,1.0,1.0,1.0,0.0,0.0,0.9350000000000002,0.0,none,not_computed
BOOTSTRAP_V4_1_TO_V5_RULESET_CONDITIONED,RS_Y2_R012_C08,PG_BOOL_R012,PG_BOOL_R012_C08,Y2_boolean_variation,null_boolean,6,6,6,6,1.0,1.0,1.0,0.0,0.0,0.9350000000000002,0.0,none,not_computed
BOOTSTRAP_V4_1_TO_V5_RULESET_CONDITIONED,RS_Y2_R012_C09,PG_BOOL_R012,PG_BOOL_R012_C09,Y2_boolean_variation,null_boolean,6,6,4,6,1.0,1.0,1.0,0.0,0.0,0.9350000000000002,0.0,none,not_computed
BOOTSTRAP_V4_1_TO_V5_RULESET_CONDITIONED,RS_Y2_R012_C10,PG_BOOL_R012,PG_BOOL_R012_C10,Y2_boolean_variation,null_boolean,6,6,4,6,1.0,1.0,1.0,0.0,0.0,0.9350000000000002,0.0,none,not_computed
BOOTSTRAP_V4_1_TO_V5_RULESET_CONDITIONED,RS_Y2_R013_C01,PG_BOOL_R013,PG_BOOL_R013_C01,Y2_boolean_variation,null_boolean,6,6,4,6,1.0,1.0,1.0,0.0,0.0,0.8783333333333333,0.0,none,not_computed
BOOTSTRAP_V4_1_TO_V5_RULESET_CONDITIONED,RS_Y2_R013_C02,PG_BOOL_R013,PG_BOOL_R013_C02,Y2_boolean_variation,null_boolean,6,6,4,6,1.0,1.0,1.0,0.0,0.0,0.8783333333333333,0.0,none,not_computed
BOOTSTRAP_V4_1_TO_V5_RULESET_CONDITIONED,RS_Y2_R013_C03,PG_BOOL_R013,PG_BOOL_R013_C03,Y2_boolean_variation,null_boolean,6,6,4,6,1.0,1.0,1.0,0.0,0.0,0.8783333333333333,0.0,none,not_computed
BOOTSTRAP_V4_1_TO_V5_RULESET_CONDITIONED,RS_Y2_R013_C04,PG_BOOL_R013,PG_BOOL_R013_C04,Y2_boolean_variation,null_boolean,6,6,4,6,1.0,1.0,1.0,0.0,0.0,0.8783333333333333,0.0,none,not_computed
BOOTSTRAP_V4_1_TO_V5_RULESET_CONDITIONED,RS_Y2_R013_C05,PG_BOOL_R013,PG_BOOL_R013_C05,Y2_boolean_variation,null_boolean,6,6,4,6,1.0,1.0,1.0,0.0,0.0,0.8783333333333333,0.0,none,not_computed
BOOTSTRAP_V4_1_TO_V5_RULESET_CONDITIONED,RS_Y2_R013_C06,PG_BOOL_R013,PG_BOOL_R013_C06,Y2_boolean_variation,null_boolean,6,6,4,6,1.0,1.0,1.0,0.0,0.0,0.8783333333333333,0.0,none,not_computed
BOOTSTRAP_V4_1_TO_V5_RULESET_CONDITIONED,RS_Y2_R013_C07,PG_BOOL_R013,PG_BOOL_R013_C07,Y2_boolean_variation,null_boolean,6,6,6,6,1.0,1.0,1.0,0.0,0.0,0.9350000000000002,0.0,none,not_computed
BOOTSTRAP_V4_1_TO_V5_RULESET_CONDITIONED,RS_Y2_R013_C08,PG_BOOL_R013,PG_BOOL_R013_C08,Y2_boolean_variation,null_boolean,6,6,6,6,1.0,1.0,1.0,0.0,0.0,0.9350000000000002,0.0,none,not_computed
BOOTSTRAP_V4_1_TO_V5_RULESET_CONDITIONED,RS_Y2_R013_C09,PG_BOOL_R013,PG_BOOL_R013_C09,Y2_boolean_variation,null_boolean,6,6,4,6,1.0,1.0,1.0,0.0,0.0,0.8783333333333333,0.0,none,not_computed
BOOTSTRAP_V4_1_TO_V5_RULESET_CONDITIONED,RS_Y2_R013_C10,PG_BOOL_R013,PG_BOOL_R013_C10,Y2_boolean_variation,null_boolean,6,6,4,6,1.0,1.0,1.0,0.0,0.0,0.8783333333333333,0.0,none,not_computed
BOOTSTRAP_V4_1_TO_V5_RULESET_CONDITIONED,RS_Y2_R014_C01,PG_BOOL_R014,PG_BOOL_R014_C01,Y2_boolean_variation,null_boolean,6,6,6,6,1.0,1.0,1.0,0.0,0.0,0.9350000000000002,0.0,none,not_computed
BOOTSTRAP_V4_1_TO_V5_RULESET_CONDITIONED,RS_Y2_R014_C02,PG_BOOL_R014,PG_BOOL_R014_C02,Y2_boolean_variation,null_boolean,6,6,6,6,1.0,1.0,1.0,0.0,0.0,0.9350000000000002,0.0,none,not_computed
BOOTSTRAP_V4_1_TO_V5_RULESET_CONDITIONED,RS_Y2_R014_C03,PG_BOOL_R014,PG_BOOL_R014_C03,Y2_boolean_variation,null_boolean,6,6,6,6,1.0,1.0,1.0,0.0,0.0,0.9350000000000002,0.0,none,not_computed
BOOTSTRAP_V4_1_TO_V5_RULESET_CONDITIONED,RS_Y2_R014_C04,PG_BOOL_R014,PG_BOOL_R014_C04,Y2_boolean_variation,null_boolean,6,6,6,6,1.0,1.0,1.0,0.0,0.0,0.9350000000000002,0.0,none,not_computed
BOOTSTRAP_V4_1_TO_V5_RULESET_CONDITIONED,RS_Y2_R014_C05,PG_BOOL_R014,PG_BOOL_R014_C05,Y2_boolean_variation,null_boolean,6,6,6,6,1.0,1.0,1.0,0.0,0.0,0.9350000000000002,0.0,none,not_computed
BOOTSTRAP_V4_1_TO_V5_RULESET_CONDITIONED,RS_Y2_R014_C06,PG_BOOL_R014,PG_BOOL_R014_C06,Y2_boolean_variation,null_boolean,6,6,6,6,1.0,1.0,1.0,0.0,0.0,0.9350000000000002,0.0,none,not_computed
BOOTSTRAP_V4_1_TO_V5_RULESET_CONDITIONED,RS_Y2_R014_C07,PG_BOOL_R014,PG_BOOL_R014_C07,Y2_boolean_variation,null_boolean,6,6,6,6,1.0,1.0,1.0,0.0,0.0,0.9350000000000002,0.0,none,not_computed
BOOTSTRAP_V4_1_TO_V5_RULESET_CONDITIONED,RS_Y2_R014_C08,PG_BOOL_R014,PG_BOOL_R014_C08,Y2_boolean_variation,null_boolean,6,6,6,6,1.0,1.0,1.0,0.0,0.0,0.9350000000000002,0.0,none,not_computed
BOOTSTRAP_V4_1_TO_V5_RULESET_CONDITIONED,RS_Y2_R014_C09,PG_BOOL_R014,PG_BOOL_R014_C09,Y2_boolean_variation,null_boolean,6,6,6,6,1.0,1.0,1.0,0.0,0.0,0.9350000000000002,0.0,none,not_computed
BOOTSTRAP_V4_1_TO_V5_RULESET_CONDITIONED,RS_Y2_R014_C10,PG_BOOL_R014,PG_BOOL_R014_C10,Y2_boolean_variation,null_boolean,6,6,6,6,1.0,1.0,1.0,0.0,0.0,0.9350000000000002,0.0,none,not_computed
BOOTSTRAP_V4_1_TO_V5_RULESET_CONDITIONED,RS_Y2_R015_C01,PG_BOOL_R015,PG_BOOL_R015_C01,Y2_boolean_variation,null_boolean,6,6,6,6,1.0,1.0,1.0,0.0,0.0,0.9350000000000002,0.0,none,not_computed
BOOTSTRAP_V4_1_TO_V5_RULESET_CONDITIONED,RS_Y2_R015_C02,PG_BOOL_R015,PG_BOOL_R015_C02,Y2_boolean_variation,null_boolean,6,6,6,6,1.0,1.0,1.0,0.0,0.0,0.9350000000000002,0.0,none,not_computed
BOOTSTRAP_V4_1_TO_V5_RULESET_CONDITIONED,RS_Y2_R015_C03,PG_BOOL_R015,PG_BOOL_R015_C03,Y2_boolean_variation,null_boolean,6,6,6,6,1.0,1.0,1.0,0.0,0.0,0.9350000000000002,0.0,none,not_computed
BOOTSTRAP_V4_1_TO_V5_RULESET_CONDITIONED,RS_Y2_R015_C04,PG_BOOL_R015,PG_BOOL_R015_C04,Y2_boolean_variation,null_boolean,6,6,6,6,1.0,1.0,1.0,0.0,0.0,0.9350000000000002,0.0,none,not_computed
BOOTSTRAP_V4_1_TO_V5_RULESET_CONDITIONED,RS_Y2_R015_C05,PG_BOOL_R015,PG_BOOL_R015_C05,Y2_boolean_variation,null_boolean,6,6,6,6,1.0,1.0,1.0,0.0,0.0,0.9350000000000002,0.0,none,not_computed
BOOTSTRAP_V4_1_TO_V5_RULESET_CONDITIONED,RS_Y2_R015_C06,PG_BOOL_R015,PG_BOOL_R015_C06,Y2_boolean_variation,null_boolean,6,6,6,6,1.0,1.0,1.0,0.0,0.0,0.9350000000000002,0.0,none,not_computed
BOOTSTRAP_V4_1_TO_V5_RULESET_CONDITIONED,RS_Y2_R015_C07,PG_BOOL_R015,PG_BOOL_R015_C07,Y2_boolean_variation,null_boolean,6,6,6,6,1.0,1.0,1.0,0.0,0.0,0.9350000000000002,0.0,none,not_computed
BOOTSTRAP_V4_1_TO_V5_RULESET_CONDITIONED,RS_Y2_R015_C08,PG_BOOL_R015,PG_BOOL_R015_C08,Y2_boolean_variation,null_boolean,6,6,6,6,1.0,1.0,1.0,0.0,0.0,0.9350000000000002,0.0,none,not_computed
BOOTSTRAP_V4_1_TO_V5_RULESET_CONDITIONED,RS_Y2_R015_C09,PG_BOOL_R015,PG_BOOL_R015_C09,Y2_boolean_variation,null_boolean,6,6,6,6,1.0,1.0,1.0,0.0,0.0,0.9350000000000002,0.0,none,not_computed
BOOTSTRAP_V4_1_TO_V5_RULESET_CONDITIONED,RS_Y2_R015_C10,PG_BOOL_R015,PG_BOOL_R015_C10,Y2_boolean_variation,null_boolean,6,6,6,6,1.0,1.0,1.0,0.0,0.0,0.9350000000000002,0.0,none,not_computed
BOOTSTRAP_V4_1_TO_V5_RULESET_CONDITIONED,RS_Y2_R016_C01,PG_BOOL_R016,PG_BOOL_R016_C01,Y2_boolean_variation,between_range,6,6,6,6,1.0,1.0,1.0,0.0,0.0,0.9350000000000002,0.0,none,not_computed
BOOTSTRAP_V4_1_TO_V5_RULESET_CONDITIONED,RS_Y2_R016_C02,PG_BOOL_R016,PG_BOOL_R016_C02,Y2_boolean_variation,between_range,6,6,6,6,1.0,1.0,1.0,0.0,0.0,0.9350000000000002,0.0,none,not_computed
BOOTSTRAP_V4_1_TO_V5_RULESET_CONDITIONED,RS_Y2_R016_C03,PG_BOOL_R016,PG_BOOL_R016_C03,Y2_boolean_variation,between_range,6,6,6,6,1.0,1.0,1.0,0.0,0.0,0.9350000000000002,0.0,none,not_computed
BOOTSTRAP_V4_1_TO_V5_RULESET_CONDITIONED,RS_Y2_R016_C04,PG_BOOL_R016,PG_BOOL_R016_C04,Y2_boolean_variation,between_range,6,6,6,6,1.0,1.0,1.0,0.0,0.0,0.9350000000000002,0.0,none,not_computed
BOOTSTRAP_V4_1_TO_V5_RULESET_CONDITIONED,RS_Y2_R016_C05,PG_BOOL_R016,PG_BOOL_R016_C05,Y2_boolean_variation,between_range,6,6,6,6,1.0,1.0,1.0,0.0,0.0,0.9350000000000002,0.0,none,not_computed
BOOTSTRAP_V4_1_TO_V5_RULESET_CONDITIONED,RS_Y2_R016_C06,PG_BOOL_R016,PG_BOOL_R016_C06,Y2_boolean_variation,between_range,6,6,6,6,1.0,1.0,1.0,0.0,0.0,0.9350000000000002,0.0,none,not_computed
BOOTSTRAP_V4_1_TO_V5_RULESET_CONDITIONED,RS_Y2_R016_C07,PG_BOOL_R016,PG_BOOL_R016_C07,Y2_boolean_variation,between_range,6,6,6,6,1.0,1.0,1.0,0.0,0.0,0.9350000000000002,0.0,none,not_computed
BOOTSTRAP_V4_1_TO_V5_RULESET_CONDITIONED,RS_Y2_R016_C08,PG_BOOL_R016,PG_BOOL_R016_C08,Y2_boolean_variation,between_range,6,6,6,6,1.0,1.0,1.0,0.0,0.0,0.9350000000000002,0.0,none,not_computed
BOOTSTRAP_V4_1_TO_V5_RULESET_CONDITIONED,RS_Y2_R016_C09,PG_BOOL_R016,PG_BOOL_R016_C09,Y2_boolean_variation,between_range,6,6,6,6,1.0,1.0,1.0,0.0,0.0,0.9350000000000002,0.0,none,not_computed
BOOTSTRAP_V4_1_TO_V5_RULESET_CONDITIONED,RS_Y2_R016_C10,PG_BOOL_R016,PG_BOOL_R016_C10,Y2_boolean_variation,between_range,6,6,6,6,1.0,1.0,1.0,0.0,0.0,0.9350000000000002,0.0,none,not_computed
BOOTSTRAP_V4_1_TO_V5_RULESET_CONDITIONED,RS_Y2_R017_C01,PG_BOOL_R017,PG_BOOL_R017_C01,Y2_boolean_variation,between_range,6,6,6,6,1.0,1.0,1.0,0.0,0.0,0.9350000000000002,0.0,none,not_computed
BOOTSTRAP_V4_1_TO_V5_RULESET_CONDITIONED,RS_Y2_R017_C02,PG_BOOL_R017,PG_BOOL_R017_C02,Y2_boolean_variation,between_range,6,6,6,6,1.0,1.0,1.0,0.0,0.0,0.9350000000000002,0.0,none,not_computed
BOOTSTRAP_V4_1_TO_V5_RULESET_CONDITIONED,RS_Y2_R017_C03,PG_BOOL_R017,PG_BOOL_R017_C03,Y2_boolean_variation,between_range,6,6,6,6,1.0,1.0,1.0,0.0,0.0,0.9350000000000002,0.0,none,not_computed
BOOTSTRAP_V4_1_TO_V5_RULESET_CONDITIONED,RS_Y2_R017_C04,PG_BOOL_R017,PG_BOOL_R017_C04,Y2_boolean_variation,between_range,6,6,6,6,1.0,1.0,1.0,0.0,0.0,0.9350000000000002,0.0,none,not_computed
BOOTSTRAP_V4_1_TO_V5_RULESET_CONDITIONED,RS_Y2_R017_C05,PG_BOOL_R017,PG_BOOL_R017_C05,Y2_boolean_variation,between_range,6,6,6,6,1.0,1.0,1.0,0.0,0.0,0.9350000000000002,0.0,none,not_computed
BOOTSTRAP_V4_1_TO_V5_RULESET_CONDITIONED,RS_Y2_R017_C06,PG_BOOL_R017,PG_BOOL_R017_C06,Y2_boolean_variation,between_range,6,6,6,6,1.0,1.0,1.0,0.0,0.0,0.9350000000000002,0.0,none,not_computed
BOOTSTRAP_V4_1_TO_V5_RULESET_CONDITIONED,RS_Y2_R017_C07,PG_BOOL_R017,PG_BOOL_R017_C07,Y2_boolean_variation,between_range,6,6,6,6,1.0,1.0,1.0,0.0,0.0,0.9350000000000002,0.0,none,not_computed
BOOTSTRAP_V4_1_TO_V5_RULESET_CONDITIONED,RS_Y2_R017_C08,PG_BOOL_R017,PG_BOOL_R017_C08,Y2_boolean_variation,between_range,6,6,6,6,1.0,1.0,1.0,0.0,0.0,0.9350000000000002,0.0,none,not_computed
BOOTSTRAP_V4_1_TO_V5_RULESET_CONDITIONED,RS_Y2_R017_C09,PG_BOOL_R017,PG_BOOL_R017_C09,Y2_boolean_variation,between_range,6,6,6,6,1.0,1.0,1.0,0.0,0.0,0.9350000000000002,0.0,none,not_computed
BOOTSTRAP_V4_1_TO_V5_RULESET_CONDITIONED,RS_Y2_R017_C10,PG_BOOL_R017,PG_BOOL_R017_C10,Y2_boolean_variation,between_range,6,6,6,6,1.0,1.0,1.0,0.0,0.0,0.9350000000000002,0.0,none,not_computed
BOOTSTRAP_V4_1_TO_V5_RULESET_CONDITIONED,RS_Y2_R018_C01,PG_BOOL_R018,PG_BOOL_R018_C01,Y2_boolean_variation,between_range,6,6,6,6,1.0,1.0,1.0,0.0,0.0,0.9350000000000002,0.0,none,not_computed
BOOTSTRAP_V4_1_TO_V5_RULESET_CONDITIONED,RS_Y2_R018_C02,PG_BOOL_R018,PG_BOOL_R018_C02,Y2_boolean_variation,between_range,6,6,6,6,1.0,1.0,1.0,0.0,0.0,0.9350000000000002,0.0,none,not_computed
BOOTSTRAP_V4_1_TO_V5_RULESET_CONDITIONED,RS_Y2_R018_C03,PG_BOOL_R018,PG_BOOL_R018_C03,Y2_boolean_variation,between_range,6,6,6,6,1.0,1.0,1.0,0.0,0.0,0.9350000000000002,0.0,none,not_computed
BOOTSTRAP_V4_1_TO_V5_RULESET_CONDITIONED,RS_Y2_R018_C04,PG_BOOL_R018,PG_BOOL_R018_C04,Y2_boolean_variation,between_range,6,6,6,6,1.0,1.0,1.0,0.0,0.0,0.9350000000000002,0.0,none,not_computed
BOOTSTRAP_V4_1_TO_V5_RULESET_CONDITIONED,RS_Y2_R018_C05,PG_BOOL_R018,PG_BOOL_R018_C05,Y2_boolean_variation,between_range,6,6,6,6,1.0,1.0,1.0,0.0,0.0,0.9350000000000002,0.0,none,not_computed
BOOTSTRAP_V4_1_TO_V5_RULESET_CONDITIONED,RS_Y2_R018_C06,PG_BOOL_R018,PG_BOOL_R018_C06,Y2_boolean_variation,between_range,6,6,6,6,1.0,1.0,1.0,0.0,0.0,0.9350000000000002,0.0,none,not_computed
BOOTSTRAP_V4_1_TO_V5_RULESET_CONDITIONED,RS_Y2_R018_C07,PG_BOOL_R018,PG_BOOL_R018_C07,Y2_boolean_variation,between_range,6,6,6,6,1.0,1.0,1.0,0.0,0.0,0.9350000000000002,0.0,none,not_computed
BOOTSTRAP_V4_1_TO_V5_RULESET_CONDITIONED,RS_Y2_R018_C08,PG_BOOL_R018,PG_BOOL_R018_C08,Y2_boolean_variation,between_range,6,6,6,6,1.0,1.0,1.0,0.0,0.0,0.9350000000000002,0.0,none,not_computed
BOOTSTRAP_V4_1_TO_V5_RULESET_CONDITIONED,RS_Y2_R018_C09,PG_BOOL_R018,PG_BOOL_R018_C09,Y2_boolean_variation,between_range,6,6,6,6,1.0,1.0,1.0,0.0,0.0,0.9350000000000002,0.0,none,not_computed
BOOTSTRAP_V4_1_TO_V5_RULESET_CONDITIONED,RS_Y2_R018_C10,PG_BOOL_R018,PG_BOOL_R018_C10,Y2_boolean_variation,between_range,6,6,6,6,1.0,1.0,1.0,0.0,0.0,0.9350000000000002,0.0,none,not_computed
BOOTSTRAP_V4_1_TO_V5_RULESET_CONDITIONED,RS_Y2_R019_C01,PG_BOOL_R019,PG_BOOL_R019_C01,Y2_boolean_variation,between_range,6,6,6,6,1.0,1.0,1.0,0.0,0.0,0.9350000000000002,0.0,none,not_computed
BOOTSTRAP_V4_1_TO_V5_RULESET_CONDITIONED,RS_Y2_R019_C02,PG_BOOL_R019,PG_BOOL_R019_C02,Y2_boolean_variation,between_range,6,6,6,6,1.0,1.0,1.0,0.0,0.0,0.9350000000000002,0.0,none,not_computed
BOOTSTRAP_V4_1_TO_V5_RULESET_CONDITIONED,RS_Y2_R019_C03,PG_BOOL_R019,PG_BOOL_R019_C03,Y2_boolean_variation,between_range,6,6,6,6,1.0,1.0,1.0,0.0,0.0,0.9350000000000002,0.0,none,not_computed
BOOTSTRAP_V4_1_TO_V5_RULESET_CONDITIONED,RS_Y2_R019_C04,PG_BOOL_R019,PG_BOOL_R019_C04,Y2_boolean_variation,between_range,6,6,6,6,1.0,1.0,1.0,0.0,0.0,0.9350000000000002,0.0,none,not_computed
BOOTSTRAP_V4_1_TO_V5_RULESET_CONDITIONED,RS_Y2_R019_C05,PG_BOOL_R019,PG_BOOL_R019_C05,Y2_boolean_variation,between_range,6,6,6,6,1.0,1.0,1.0,0.0,0.0,0.9350000000000002,0.0,none,not_computed
BOOTSTRAP_V4_1_TO_V5_RULESET_CONDITIONED,RS_Y2_R019_C06,PG_BOOL_R019,PG_BOOL_R019_C06,Y2_boolean_variation,between_range,6,6,6,6,1.0,1.0,1.0,0.0,0.0,0.9350000000000002,0.0,none,not_computed
BOOTSTRAP_V4_1_TO_V5_RULESET_CONDITIONED,RS_Y2_R019_C07,PG_BOOL_R019,PG_BOOL_R019_C07,Y2_boolean_variation,between_range,6,6,6,6,1.0,1.0,1.0,0.0,0.0,0.9350000000000002,0.0,none,not_computed
BOOTSTRAP_V4_1_TO_V5_RULESET_CONDITIONED,RS_Y2_R019_C08,PG_BOOL_R019,PG_BOOL_R019_C08,Y2_boolean_variation,between_range,6,6,6,6,1.0,1.0,1.0,0.0,0.0,0.9350000000000002,0.0,none,not_computed
BOOTSTRAP_V4_1_TO_V5_RULESET_CONDITIONED,RS_Y2_R019_C09,PG_BOOL_R019,PG_BOOL_R019_C09,Y2_boolean_variation,between_range,6,6,6,6,1.0,1.0,1.0,0.0,0.0,0.9350000000000002,0.0,none,not_computed
BOOTSTRAP_V4_1_TO_V5_RULESET_CONDITIONED,RS_Y2_R019_C10,PG_BOOL_R019,PG_BOOL_R019_C10,Y2_boolean_variation,between_range,6,6,6,6,1.0,1.0,1.0,0.0,0.0,0.9350000000000002,0.0,none,not_computed
BOOTSTRAP_V4_1_TO_V5_RULESET_CONDITIONED,RS_Y2_R020_C01,PG_BOOL_R020,PG_BOOL_R020_C01,Y2_boolean_variation,between_range,6,6,6,6,1.0,1.0,1.0,0.0,0.0,0.9350000000000002,0.0,none,not_computed
BOOTSTRAP_V4_1_TO_V5_RULESET_CONDITIONED,RS_Y2_R020_C02,PG_BOOL_R020,PG_BOOL_R020_C02,Y2_boolean_variation,between_range,6,6,6,6,1.0,1.0,1.0,0.0,0.0,0.9350000000000002,0.0,none,not_computed
BOOTSTRAP_V4_1_TO_V5_RULESET_CONDITIONED,RS_Y2_R020_C03,PG_BOOL_R020,PG_BOOL_R020_C03,Y2_boolean_variation,between_range,6,6,6,6,1.0,1.0,1.0,0.0,0.0,0.9350000000000002,0.0,none,not_computed
BOOTSTRAP_V4_1_TO_V5_RULESET_CONDITIONED,RS_Y2_R020_C04,PG_BOOL_R020,PG_BOOL_R020_C04,Y2_boolean_variation,between_range,6,6,6,6,1.0,1.0,1.0,0.0,0.0,0.9350000000000002,0.0,none,not_computed
BOOTSTRAP_V4_1_TO_V5_RULESET_CONDITIONED,RS_Y2_R020_C05,PG_BOOL_R020,PG_BOOL_R020_C05,Y2_boolean_variation,between_range,6,6,6,6,1.0,1.0,1.0,0.0,0.0,0.9350000000000002,0.0,none,not_computed
BOOTSTRAP_V4_1_TO_V5_RULESET_CONDITIONED,RS_Y2_R020_C06,PG_BOOL_R020,PG_BOOL_R020_C06,Y2_boolean_variation,between_range,6,6,6,6,1.0,1.0,1.0,0.0,0.0,0.9350000000000002,0.0,none,not_computed
BOOTSTRAP_V4_1_TO_V5_RULESET_CONDITIONED,RS_Y2_R020_C07,PG_BOOL_R020,PG_BOOL_R020_C07,Y2_boolean_variation,between_range,6,6,6,6,1.0,1.0,1.0,0.0,0.0,0.9350000000000002,0.0,none,not_computed
BOOTSTRAP_V4_1_TO_V5_RULESET_CONDITIONED,RS_Y2_R020_C08,PG_BOOL_R020,PG_BOOL_R020_C08,Y2_boolean_variation,between_range,6,6,6,6,1.0,1.0,1.0,0.0,0.0,0.9350000000000002,0.0,none,not_computed
BOOTSTRAP_V4_1_TO_V5_RULESET_CONDITIONED,RS_Y2_R020_C09,PG_BOOL_R020,PG_BOOL_R020_C09,Y2_boolean_variation,between_range,6,6,6,6,1.0,1.0,1.0,0.0,0.0,0.9350000000000002,0.0,none,not_computed
BOOTSTRAP_V4_1_TO_V5_RULESET_CONDITIONED,RS_Y2_R020_C10,PG_BOOL_R020,PG_BOOL_R020_C10,Y2_boolean_variation,between_range,6,6,6,6,1.0,1.0,1.0,0.0,0.0,0.9350000000000002,0.0,none,not_computed
BOOTSTRAP_V4_1_TO_V5_RULESET_CONDITIONED,RS_Y2_R021_C01,PG_BOOL_R021,PG_BOOL_R021_C01,Y2_boolean_variation,membership_list,6,6,6,6,1.0,1.0,1.0,0.0,0.0,0.9350000000000002,0.0,none,not_computed
BOOTSTRAP_V4_1_TO_V5_RULESET_CONDITIONED,RS_Y2_R021_C02,PG_BOOL_R021,PG_BOOL_R021_C02,Y2_boolean_variation,membership_list,6,6,6,6,1.0,1.0,1.0,0.0,0.0,0.9350000000000002,0.0,none,not_computed
BOOTSTRAP_V4_1_TO_V5_RULESET_CONDITIONED,RS_Y2_R021_C03,PG_BOOL_R021,PG_BOOL_R021_C03,Y2_boolean_variation,membership_list,6,6,6,6,1.0,1.0,1.0,0.0,0.0,0.9350000000000002,0.0,none,not_computed
BOOTSTRAP_V4_1_TO_V5_RULESET_CONDITIONED,RS_Y2_R021_C04,PG_BOOL_R021,PG_BOOL_R021_C04,Y2_boolean_variation,membership_list,6,6,6,6,1.0,1.0,1.0,0.0,0.0,0.9350000000000002,0.0,none,not_computed
BOOTSTRAP_V4_1_TO_V5_RULESET_CONDITIONED,RS_Y2_R021_C05,PG_BOOL_R021,PG_BOOL_R021_C05,Y2_boolean_variation,membership_list,6,6,6,6,1.0,1.0,1.0,0.0,0.0,0.9350000000000002,0.0,none,not_computed
BOOTSTRAP_V4_1_TO_V5_RULESET_CONDITIONED,RS_Y2_R021_C06,PG_BOOL_R021,PG_BOOL_R021_C06,Y2_boolean_variation,membership_list,6,6,6,6,1.0,1.0,1.0,0.0,0.0,0.9350000000000002,0.0,none,not_computed
BOOTSTRAP_V4_1_TO_V5_RULESET_CONDITIONED,RS_Y2_R021_C07,PG_BOOL_R021,PG_BOOL_R021_C07,Y2_boolean_variation,membership_list,6,6,6,6,1.0,1.0,1.0,0.0,0.0,0.9350000000000002,0.0,none,not_computed
BOOTSTRAP_V4_1_TO_V5_RULESET_CONDITIONED,RS_Y2_R021_C08,PG_BOOL_R021,PG_BOOL_R021_C08,Y2_boolean_variation,membership_list,6,6,6,6,1.0,1.0,1.0,0.0,0.0,0.9350000000000002,0.0,none,not_computed
BOOTSTRAP_V4_1_TO_V5_RULESET_CONDITIONED,RS_Y2_R021_C09,PG_BOOL_R021,PG_BOOL_R021_C09,Y2_boolean_variation,membership_list,6,6,6,6,1.0,1.0,1.0,0.0,0.0,0.9350000000000002,0.0,none,not_computed
BOOTSTRAP_V4_1_TO_V5_RULESET_CONDITIONED,RS_Y2_R021_C10,PG_BOOL_R021,PG_BOOL_R021_C10,Y2_boolean_variation,membership_list,6,6,6,6,1.0,1.0,1.0,0.0,0.0,0.9350000000000002,0.0,none,not_computed
BOOTSTRAP_V4_1_TO_V5_RULESET_CONDITIONED,RS_Y2_R022_C01,PG_BOOL_R022,PG_BOOL_R022_C01,Y2_boolean_variation,membership_list,6,6,6,6,1.0,1.0,1.0,0.0,0.0,0.9350000000000002,0.0,none,not_computed
BOOTSTRAP_V4_1_TO_V5_RULESET_CONDITIONED,RS_Y2_R022_C02,PG_BOOL_R022,PG_BOOL_R022_C02,Y2_boolean_variation,membership_list,6,6,6,6,1.0,1.0,1.0,0.0,0.0,0.9350000000000002,0.0,none,not_computed
BOOTSTRAP_V4_1_TO_V5_RULESET_CONDITIONED,RS_Y2_R022_C03,PG_BOOL_R022,PG_BOOL_R022_C03,Y2_boolean_variation,membership_list,6,6,6,6,1.0,1.0,1.0,0.0,0.0,0.9350000000000002,0.0,none,not_computed
BOOTSTRAP_V4_1_TO_V5_RULESET_CONDITIONED,RS_Y2_R022_C04,PG_BOOL_R022,PG_BOOL_R022_C04,Y2_boolean_variation,membership_list,6,6,6,6,1.0,1.0,1.0,0.0,0.0,0.9350000000000002,0.0,none,not_computed
BOOTSTRAP_V4_1_TO_V5_RULESET_CONDITIONED,RS_Y2_R022_C05,PG_BOOL_R022,PG_BOOL_R022_C05,Y2_boolean_variation,membership_list,6,6,6,6,1.0,1.0,1.0,0.0,0.0,0.9350000000000002,0.0,none,not_computed
BOOTSTRAP_V4_1_TO_V5_RULESET_CONDITIONED,RS_Y2_R022_C06,PG_BOOL_R022,PG_BOOL_R022_C06,Y2_boolean_variation,membership_list,6,6,6,6,1.0,1.0,1.0,0.0,0.0,0.9350000000000002,0.0,none,not_computed
BOOTSTRAP_V4_1_TO_V5_RULESET_CONDITIONED,RS_Y2_R022_C07,PG_BOOL_R022,PG_BOOL_R022_C07,Y2_boolean_variation,membership_list,6,6,6,6,1.0,1.0,1.0,0.0,0.0,0.9350000000000002,0.0,none,not_computed
BOOTSTRAP_V4_1_TO_V5_RULESET_CONDITIONED,RS_Y2_R022_C08,PG_BOOL_R022,PG_BOOL_R022_C08,Y2_boolean_variation,membership_list,6,6,6,6,1.0,1.0,1.0,0.0,0.0,0.9350000000000002,0.0,none,not_computed
BOOTSTRAP_V4_1_TO_V5_RULESET_CONDITIONED,RS_Y2_R022_C09,PG_BOOL_R022,PG_BOOL_R022_C09,Y2_boolean_variation,membership_list,6,6,6,6,1.0,1.0,1.0,0.0,0.0,0.9350000000000002,0.0,none,not_computed
BOOTSTRAP_V4_1_TO_V5_RULESET_CONDITIONED,RS_Y2_R022_C10,PG_BOOL_R022,PG_BOOL_R022_C10,Y2_boolean_variation,membership_list,6,6,6,6,1.0,1.0,1.0,0.0,0.0,0.9350000000000002,0.0,none,not_computed
BOOTSTRAP_V4_1_TO_V5_RULESET_CONDITIONED,RS_Y2_R023_C01,PG_BOOL_R023,PG_BOOL_R023_C01,Y2_boolean_variation,membership_list,6,6,6,6,1.0,1.0,1.0,0.0,0.0,0.9350000000000002,0.0,none,not_computed
BOOTSTRAP_V4_1_TO_V5_RULESET_CONDITIONED,RS_Y2_R023_C02,PG_BOOL_R023,PG_BOOL_R023_C02,Y2_boolean_variation,membership_list,6,6,6,6,1.0,1.0,1.0,0.0,0.0,0.9350000000000002,0.0,none,not_computed
BOOTSTRAP_V4_1_TO_V5_RULESET_CONDITIONED,RS_Y2_R023_C03,PG_BOOL_R023,PG_BOOL_R023_C03,Y2_boolean_variation,membership_list,6,6,6,6,1.0,1.0,1.0,0.0,0.0,0.9350000000000002,0.0,none,not_computed
BOOTSTRAP_V4_1_TO_V5_RULESET_CONDITIONED,RS_Y2_R023_C04,PG_BOOL_R023,PG_BOOL_R023_C04,Y2_boolean_variation,membership_list,6,6,6,6,1.0,1.0,1.0,0.0,0.0,0.9350000000000002,0.0,none,not_computed
BOOTSTRAP_V4_1_TO_V5_RULESET_CONDITIONED,RS_Y2_R023_C05,PG_BOOL_R023,PG_BOOL_R023_C05,Y2_boolean_variation,membership_list,6,6,6,6,1.0,1.0,1.0,0.0,0.0,0.9350000000000002,0.0,none,not_computed
BOOTSTRAP_V4_1_TO_V5_RULESET_CONDITIONED,RS_Y2_R023_C06,PG_BOOL_R023,PG_BOOL_R023_C06,Y2_boolean_variation,membership_list,6,6,6,6,1.0,1.0,1.0,0.0,0.0,0.9350000000000002,0.0,none,not_computed
BOOTSTRAP_V4_1_TO_V5_RULESET_CONDITIONED,RS_Y2_R023_C07,PG_BOOL_R023,PG_BOOL_R023_C07,Y2_boolean_variation,membership_list,6,6,6,6,1.0,1.0,1.0,0.0,0.0,0.9350000000000002,0.0,none,not_computed
BOOTSTRAP_V4_1_TO_V5_RULESET_CONDITIONED,RS_Y2_R023_C08,PG_BOOL_R023,PG_BOOL_R023_C08,Y2_boolean_variation,membership_list,6,6,6,6,1.0,1.0,1.0,0.0,0.0,0.9350000000000002,0.0,none,not_computed
BOOTSTRAP_V4_1_TO_V5_RULESET_CONDITIONED,RS_Y2_R023_C09,PG_BOOL_R023,PG_BOOL_R023_C09,Y2_boolean_variation,membership_list,6,6,6,6,1.0,1.0,1.0,0.0,0.0,0.9350000000000002,0.0,none,not_computed
BOOTSTRAP_V4_1_TO_V5_RULESET_CONDITIONED,RS_Y2_R023_C10,PG_BOOL_R023,PG_BOOL_R023_C10,Y2_boolean_variation,membership_list,6,6,6,6,1.0,1.0,1.0,0.0,0.0,0.9350000000000002,0.0,none,not_computed
BOOTSTRAP_V4_1_TO_V5_RULESET_CONDITIONED,RS_Y2_R024_C01,PG_BOOL_R024,PG_BOOL_R024_C01,Y2_boolean_variation,membership_list,6,6,6,6,1.0,1.0,1.0,0.0,0.0,0.9350000000000002,0.0,none,not_computed
BOOTSTRAP_V4_1_TO_V5_RULESET_CONDITIONED,RS_Y2_R024_C02,PG_BOOL_R024,PG_BOOL_R024_C02,Y2_boolean_variation,membership_list,6,6,6,6,1.0,1.0,1.0,0.0,0.0,0.9350000000000002,0.0,none,not_computed
BOOTSTRAP_V4_1_TO_V5_RULESET_CONDITIONED,RS_Y2_R024_C03,PG_BOOL_R024,PG_BOOL_R024_C03,Y2_boolean_variation,membership_list,6,6,6,6,1.0,1.0,1.0,0.0,0.0,0.9350000000000002,0.0,none,not_computed
BOOTSTRAP_V4_1_TO_V5_RULESET_CONDITIONED,RS_Y2_R024_C04,PG_BOOL_R024,PG_BOOL_R024_C04,Y2_boolean_variation,membership_list,6,6,6,6,1.0,1.0,1.0,0.0,0.0,0.9350000000000002,0.0,none,not_computed
BOOTSTRAP_V4_1_TO_V5_RULESET_CONDITIONED,RS_Y2_R024_C05,PG_BOOL_R024,PG_BOOL_R024_C05,Y2_boolean_variation,membership_list,6,6,6,6,1.0,1.0,1.0,0.0,0.0,0.9350000000000002,0.0,none,not_computed
BOOTSTRAP_V4_1_TO_V5_RULESET_CONDITIONED,RS_Y2_R024_C06,PG_BOOL_R024,PG_BOOL_R024_C06,Y2_boolean_variation,membership_list,6,6,6,6,1.0,1.0,1.0,0.0,0.0,0.9350000000000002,0.0,none,not_computed
BOOTSTRAP_V4_1_TO_V5_RULESET_CONDITIONED,RS_Y2_R024_C07,PG_BOOL_R024,PG_BOOL_R024_C07,Y2_boolean_variation,membership_list,6,6,6,6,1.0,1.0,1.0,0.0,0.0,0.9350000000000002,0.0,none,not_computed
BOOTSTRAP_V4_1_TO_V5_RULESET_CONDITIONED,RS_Y2_R024_C08,PG_BOOL_R024,PG_BOOL_R024_C08,Y2_boolean_variation,membership_list,6,6,6,6,1.0,1.0,1.0,0.0,0.0,0.9350000000000002,0.0,none,not_computed
BOOTSTRAP_V4_1_TO_V5_RULESET_CONDITIONED,RS_Y2_R024_C09,PG_BOOL_R024,PG_BOOL_R024_C09,Y2_boolean_variation,membership_list,6,6,6,6,1.0,1.0,1.0,0.0,0.0,0.9350000000000002,0.0,none,not_computed
BOOTSTRAP_V4_1_TO_V5_RULESET_CONDITIONED,RS_Y2_R024_C10,PG_BOOL_R024,PG_BOOL_R024_C10,Y2_boolean_variation,membership_list,6,6,6,6,1.0,1.0,1.0,0.0,0.0,0.9350000000000002,0.0,none,not_computed
BOOTSTRAP_V4_1_TO_V5_RULESET_CONDITIONED,RS_Y2_R025_C01,PG_BOOL_R025,PG_BOOL_R025_C01,Y2_boolean_variation,membership_list,6,6,6,6,1.0,1.0,1.0,0.0,0.0,0.9350000000000002,0.0,none,not_computed
BOOTSTRAP_V4_1_TO_V5_RULESET_CONDITIONED,RS_Y2_R025_C02,PG_BOOL_R025,PG_BOOL_R025_C02,Y2_boolean_variation,membership_list,6,6,6,6,1.0,1.0,1.0,0.0,0.0,0.9350000000000002,0.0,none,not_computed
BOOTSTRAP_V4_1_TO_V5_RULESET_CONDITIONED,RS_Y2_R025_C03,PG_BOOL_R025,PG_BOOL_R025_C03,Y2_boolean_variation,membership_list,6,6,6,6,1.0,1.0,1.0,0.0,0.0,0.9350000000000002,0.0,none,not_computed
BOOTSTRAP_V4_1_TO_V5_RULESET_CONDITIONED,RS_Y2_R025_C04,PG_BOOL_R025,PG_BOOL_R025_C04,Y2_boolean_variation,membership_list,6,6,6,6,1.0,1.0,1.0,0.0,0.0,0.9350000000000002,0.0,none,not_computed
BOOTSTRAP_V4_1_TO_V5_RULESET_CONDITIONED,RS_Y2_R025_C05,PG_BOOL_R025,PG_BOOL_R025_C05,Y2_boolean_variation,membership_list,6,6,6,6,1.0,1.0,1.0,0.0,0.0,0.9350000000000002,0.0,none,not_computed
BOOTSTRAP_V4_1_TO_V5_RULESET_CONDITIONED,RS_Y2_R025_C06,PG_BOOL_R025,PG_BOOL_R025_C06,Y2_boolean_variation,membership_list,6,6,6,6,1.0,1.0,1.0,0.0,0.0,0.9350000000000002,0.0,none,not_computed
BOOTSTRAP_V4_1_TO_V5_RULESET_CONDITIONED,RS_Y2_R025_C07,PG_BOOL_R025,PG_BOOL_R025_C07,Y2_boolean_variation,membership_list,6,6,6,6,1.0,1.0,1.0,0.0,0.0,0.9350000000000002,0.0,none,not_computed
BOOTSTRAP_V4_1_TO_V5_RULESET_CONDITIONED,RS_Y2_R025_C08,PG_BOOL_R025,PG_BOOL_R025_C08,Y2_boolean_variation,membership_list,6,6,6,6,1.0,1.0,1.0,0.0,0.0,0.9350000000000002,0.0,none,not_computed
BOOTSTRAP_V4_1_TO_V5_RULESET_CONDITIONED,RS_Y2_R025_C09,PG_BOOL_R025,PG_BOOL_R025_C09,Y2_boolean_variation,membership_list,6,6,6,6,1.0,1.0,1.0,0.0,0.0,0.9350000000000002,0.0,none,not_computed
BOOTSTRAP_V4_1_TO_V5_RULESET_CONDITIONED,RS_Y2_R025_C10,PG_BOOL_R025,PG_BOOL_R025_C10,Y2_boolean_variation,membership_list,6,6,6,6,1.0,1.0,1.0,0.0,0.0,0.9350000000000002,0.0,none,not_computed
BOOTSTRAP_V4_1_TO_V5_RULESET_CONDITIONED,RS_Y2_R026_C01,PG_BOOL_R026,PG_BOOL_R026_C01,Y2_boolean_variation,any_all_array,6,6,6,6,1.0,1.0,1.0,0.0,0.0,0.9350000000000002,0.0,none,not_computed
BOOTSTRAP_V4_1_TO_V5_RULESET_CONDITIONED,RS_Y2_R026_C02,PG_BOOL_R026,PG_BOOL_R026_C02,Y2_boolean_variation,any_all_array,6,6,6,6,1.0,1.0,1.0,0.0,0.0,0.9350000000000002,0.0,none,not_computed
BOOTSTRAP_V4_1_TO_V5_RULESET_CONDITIONED,RS_Y2_R026_C03,PG_BOOL_R026,PG_BOOL_R026_C03,Y2_boolean_variation,any_all_array,6,6,6,6,1.0,1.0,1.0,0.0,0.0,0.9350000000000002,0.0,none,not_computed
BOOTSTRAP_V4_1_TO_V5_RULESET_CONDITIONED,RS_Y2_R026_C04,PG_BOOL_R026,PG_BOOL_R026_C04,Y2_boolean_variation,any_all_array,6,6,6,6,1.0,1.0,1.0,0.0,0.0,0.9350000000000002,0.0,none,not_computed
BOOTSTRAP_V4_1_TO_V5_RULESET_CONDITIONED,RS_Y2_R026_C05,PG_BOOL_R026,PG_BOOL_R026_C05,Y2_boolean_variation,any_all_array,6,6,6,6,1.0,1.0,1.0,0.0,0.0,0.9350000000000002,0.0,none,not_computed
BOOTSTRAP_V4_1_TO_V5_RULESET_CONDITIONED,RS_Y2_R026_C06,PG_BOOL_R026,PG_BOOL_R026_C06,Y2_boolean_variation,any_all_array,6,6,6,6,1.0,1.0,1.0,0.0,0.0,0.9350000000000002,0.0,none,not_computed
BOOTSTRAP_V4_1_TO_V5_RULESET_CONDITIONED,RS_Y2_R026_C07,PG_BOOL_R026,PG_BOOL_R026_C07,Y2_boolean_variation,any_all_array,6,6,6,6,1.0,1.0,1.0,0.0,0.0,0.9350000000000002,0.0,none,not_computed
BOOTSTRAP_V4_1_TO_V5_RULESET_CONDITIONED,RS_Y2_R026_C08,PG_BOOL_R026,PG_BOOL_R026_C08,Y2_boolean_variation,any_all_array,6,6,6,6,1.0,1.0,1.0,0.0,0.0,0.9350000000000002,0.0,none,not_computed
BOOTSTRAP_V4_1_TO_V5_RULESET_CONDITIONED,RS_Y2_R026_C09,PG_BOOL_R026,PG_BOOL_R026_C09,Y2_boolean_variation,any_all_array,6,6,6,6,1.0,1.0,1.0,0.0,0.0,0.9350000000000002,0.0,none,not_computed
BOOTSTRAP_V4_1_TO_V5_RULESET_CONDITIONED,RS_Y2_R026_C10,PG_BOOL_R026,PG_BOOL_R026_C10,Y2_boolean_variation,any_all_array,6,6,6,6,1.0,1.0,1.0,0.0,0.0,0.9350000000000002,0.0,none,not_computed
BOOTSTRAP_V4_1_TO_V5_RULESET_CONDITIONED,RS_Y2_R027_C01,PG_BOOL_R027,PG_BOOL_R027_C01,Y2_boolean_variation,any_all_array,6,6,6,6,1.0,1.0,1.0,0.0,0.0,0.9350000000000002,0.0,none,not_computed
BOOTSTRAP_V4_1_TO_V5_RULESET_CONDITIONED,RS_Y2_R027_C02,PG_BOOL_R027,PG_BOOL_R027_C02,Y2_boolean_variation,any_all_array,6,6,6,6,1.0,1.0,1.0,0.0,0.0,0.9350000000000002,0.0,none,not_computed
BOOTSTRAP_V4_1_TO_V5_RULESET_CONDITIONED,RS_Y2_R027_C03,PG_BOOL_R027,PG_BOOL_R027_C03,Y2_boolean_variation,any_all_array,6,6,6,6,1.0,1.0,1.0,0.0,0.0,0.9350000000000002,0.0,none,not_computed
BOOTSTRAP_V4_1_TO_V5_RULESET_CONDITIONED,RS_Y2_R027_C04,PG_BOOL_R027,PG_BOOL_R027_C04,Y2_boolean_variation,any_all_array,6,6,6,6,1.0,1.0,1.0,0.0,0.0,0.9350000000000002,0.0,none,not_computed
BOOTSTRAP_V4_1_TO_V5_RULESET_CONDITIONED,RS_Y2_R027_C05,PG_BOOL_R027,PG_BOOL_R027_C05,Y2_boolean_variation,any_all_array,6,6,6,6,1.0,1.0,1.0,0.0,0.0,0.9350000000000002,0.0,none,not_computed
BOOTSTRAP_V4_1_TO_V5_RULESET_CONDITIONED,RS_Y2_R027_C06,PG_BOOL_R027,PG_BOOL_R027_C06,Y2_boolean_variation,any_all_array,6,6,6,6,1.0,1.0,1.0,0.0,0.0,0.9350000000000002,0.0,none,not_computed
BOOTSTRAP_V4_1_TO_V5_RULESET_CONDITIONED,RS_Y2_R027_C07,PG_BOOL_R027,PG_BOOL_R027_C07,Y2_boolean_variation,any_all_array,6,6,6,6,1.0,1.0,1.0,0.0,0.0,0.9350000000000002,0.0,none,not_computed
BOOTSTRAP_V4_1_TO_V5_RULESET_CONDITIONED,RS_Y2_R027_C08,PG_BOOL_R027,PG_BOOL_R027_C08,Y2_boolean_variation,any_all_array,6,6,6,6,1.0,1.0,1.0,0.0,0.0,0.9350000000000002,0.0,none,not_computed
BOOTSTRAP_V4_1_TO_V5_RULESET_CONDITIONED,RS_Y2_R027_C09,PG_BOOL_R027,PG_BOOL_R027_C09,Y2_boolean_variation,any_all_array,6,6,6,6,1.0,1.0,1.0,0.0,0.0,0.9350000000000002,0.0,none,not_computed
BOOTSTRAP_V4_1_TO_V5_RULESET_CONDITIONED,RS_Y2_R027_C10,PG_BOOL_R027,PG_BOOL_R027_C10,Y2_boolean_variation,any_all_array,6,6,6,6,1.0,1.0,1.0,0.0,0.0,0.9350000000000002,0.0,none,not_computed
BOOTSTRAP_V4_1_TO_V5_RULESET_CONDITIONED,RS_Y2_R028_C01,PG_BOOL_R028,PG_BOOL_R028_C01,Y2_boolean_variation,any_all_array,6,6,6,6,1.0,1.0,1.0,0.0,0.0,0.9350000000000002,0.0,none,not_computed
BOOTSTRAP_V4_1_TO_V5_RULESET_CONDITIONED,RS_Y2_R028_C02,PG_BOOL_R028,PG_BOOL_R028_C02,Y2_boolean_variation,any_all_array,6,6,6,6,1.0,1.0,1.0,0.0,0.0,0.9350000000000002,0.0,none,not_computed
BOOTSTRAP_V4_1_TO_V5_RULESET_CONDITIONED,RS_Y2_R028_C03,PG_BOOL_R028,PG_BOOL_R028_C03,Y2_boolean_variation,any_all_array,6,6,6,6,1.0,1.0,1.0,0.0,0.0,0.9350000000000002,0.0,none,not_computed
BOOTSTRAP_V4_1_TO_V5_RULESET_CONDITIONED,RS_Y2_R028_C04,PG_BOOL_R028,PG_BOOL_R028_C04,Y2_boolean_variation,any_all_array,6,6,6,6,1.0,1.0,1.0,0.0,0.0,0.9350000000000002,0.0,none,not_computed
BOOTSTRAP_V4_1_TO_V5_RULESET_CONDITIONED,RS_Y2_R028_C05,PG_BOOL_R028,PG_BOOL_R028_C05,Y2_boolean_variation,any_all_array,6,6,6,6,1.0,1.0,1.0,0.0,0.0,0.9350000000000002,0.0,none,not_computed
BOOTSTRAP_V4_1_TO_V5_RULESET_CONDITIONED,RS_Y2_R028_C06,PG_BOOL_R028,PG_BOOL_R028_C06,Y2_boolean_variation,any_all_array,6,6,6,6,1.0,1.0,1.0,0.0,0.0,0.9350000000000002,0.0,none,not_computed
BOOTSTRAP_V4_1_TO_V5_RULESET_CONDITIONED,RS_Y2_R028_C07,PG_BOOL_R028,PG_BOOL_R028_C07,Y2_boolean_variation,any_all_array,6,6,6,6,1.0,1.0,1.0,0.0,0.0,0.9350000000000002,0.0,none,not_computed
BOOTSTRAP_V4_1_TO_V5_RULESET_CONDITIONED,RS_Y2_R028_C08,PG_BOOL_R028,PG_BOOL_R028_C08,Y2_boolean_variation,any_all_array,6,6,6,6,1.0,1.0,1.0,0.0,0.0,0.9350000000000002,0.0,none,not_computed
BOOTSTRAP_V4_1_TO_V5_RULESET_CONDITIONED,RS_Y2_R028_C09,PG_BOOL_R028,PG_BOOL_R028_C09,Y2_boolean_variation,any_all_array,6,6,6,6,1.0,1.0,1.0,0.0,0.0,0.9350000000000002,0.0,none,not_computed
BOOTSTRAP_V4_1_TO_V5_RULESET_CONDITIONED,RS_Y2_R028_C10,PG_BOOL_R028,PG_BOOL_R028_C10,Y2_boolean_variation,any_all_array,6,6,6,6,1.0,1.0,1.0,0.0,0.0,0.9350000000000002,0.0,none,not_computed
BOOTSTRAP_V4_1_TO_V5_RULESET_CONDITIONED,RS_Y2_R029_C01,PG_BOOL_R029,PG_BOOL_R029_C01,Y2_boolean_variation,any_all_array,6,6,6,6,1.0,1.0,1.0,0.0,0.0,0.9350000000000002,0.0,none,not_computed
BOOTSTRAP_V4_1_TO_V5_RULESET_CONDITIONED,RS_Y2_R029_C02,PG_BOOL_R029,PG_BOOL_R029_C02,Y2_boolean_variation,any_all_array,6,6,6,6,1.0,1.0,1.0,0.0,0.0,0.9350000000000002,0.0,none,not_computed
BOOTSTRAP_V4_1_TO_V5_RULESET_CONDITIONED,RS_Y2_R029_C03,PG_BOOL_R029,PG_BOOL_R029_C03,Y2_boolean_variation,any_all_array,6,6,6,6,1.0,1.0,1.0,0.0,0.0,0.9350000000000002,0.0,none,not_computed
BOOTSTRAP_V4_1_TO_V5_RULESET_CONDITIONED,RS_Y2_R029_C04,PG_BOOL_R029,PG_BOOL_R029_C04,Y2_boolean_variation,any_all_array,6,6,6,6,1.0,1.0,1.0,0.0,0.0,0.9350000000000002,0.0,none,not_computed
BOOTSTRAP_V4_1_TO_V5_RULESET_CONDITIONED,RS_Y2_R029_C05,PG_BOOL_R029,PG_BOOL_R029_C05,Y2_boolean_variation,any_all_array,6,6,6,6,1.0,1.0,1.0,0.0,0.0,0.9350000000000002,0.0,none,not_computed
BOOTSTRAP_V4_1_TO_V5_RULESET_CONDITIONED,RS_Y2_R029_C06,PG_BOOL_R029,PG_BOOL_R029_C06,Y2_boolean_variation,any_all_array,6,6,6,6,1.0,1.0,1.0,0.0,0.0,0.9350000000000002,0.0,none,not_computed
BOOTSTRAP_V4_1_TO_V5_RULESET_CONDITIONED,RS_Y2_R029_C07,PG_BOOL_R029,PG_BOOL_R029_C07,Y2_boolean_variation,any_all_array,6,6,6,6,1.0,1.0,1.0,0.0,0.0,0.9350000000000002,0.0,none,not_computed
BOOTSTRAP_V4_1_TO_V5_RULESET_CONDITIONED,RS_Y2_R029_C08,PG_BOOL_R029,PG_BOOL_R029_C08,Y2_boolean_variation,any_all_array,6,6,6,6,1.0,1.0,1.0,0.0,0.0,0.9350000000000002,0.0,none,not_computed
BOOTSTRAP_V4_1_TO_V5_RULESET_CONDITIONED,RS_Y2_R029_C09,PG_BOOL_R029,PG_BOOL_R029_C09,Y2_boolean_variation,any_all_array,6,6,6,6,1.0,1.0,1.0,0.0,0.0,0.9350000000000002,0.0,none,not_computed
BOOTSTRAP_V4_1_TO_V5_RULESET_CONDITIONED,RS_Y2_R029_C10,PG_BOOL_R029,PG_BOOL_R029_C10,Y2_boolean_variation,any_all_array,6,6,6,6,1.0,1.0,1.0,0.0,0.0,0.9350000000000002,0.0,none,not_computed
BOOTSTRAP_V4_1_TO_V5_RULESET_CONDITIONED,RS_Y2_R030_C01,PG_BOOL_R030,PG_BOOL_R030_C01,Y2_boolean_variation,any_all_array,6,6,6,6,1.0,1.0,1.0,0.0,0.0,0.9350000000000002,0.0,none,not_computed
BOOTSTRAP_V4_1_TO_V5_RULESET_CONDITIONED,RS_Y2_R030_C02,PG_BOOL_R030,PG_BOOL_R030_C02,Y2_boolean_variation,any_all_array,6,6,6,6,1.0,1.0,1.0,0.0,0.0,0.9350000000000002,0.0,none,not_computed
BOOTSTRAP_V4_1_TO_V5_RULESET_CONDITIONED,RS_Y2_R030_C03,PG_BOOL_R030,PG_BOOL_R030_C03,Y2_boolean_variation,any_all_array,6,6,6,6,1.0,1.0,1.0,0.0,0.0,0.9350000000000002,0.0,none,not_computed
BOOTSTRAP_V4_1_TO_V5_RULESET_CONDITIONED,RS_Y2_R030_C04,PG_BOOL_R030,PG_BOOL_R030_C04,Y2_boolean_variation,any_all_array,6,6,6,6,1.0,1.0,1.0,0.0,0.0,0.9350000000000002,0.0,none,not_computed
BOOTSTRAP_V4_1_TO_V5_RULESET_CONDITIONED,RS_Y2_R030_C05,PG_BOOL_R030,PG_BOOL_R030_C05,Y2_boolean_variation,any_all_array,6,6,6,6,1.0,1.0,1.0,0.0,0.0,0.9350000000000002,0.0,none,not_computed
BOOTSTRAP_V4_1_TO_V5_RULESET_CONDITIONED,RS_Y2_R030_C06,PG_BOOL_R030,PG_BOOL_R030_C06,Y2_boolean_variation,any_all_array,6,6,6,6,1.0,1.0,1.0,0.0,0.0,0.9350000000000002,0.0,none,not_computed
BOOTSTRAP_V4_1_TO_V5_RULESET_CONDITIONED,RS_Y2_R030_C07,PG_BOOL_R030,PG_BOOL_R030_C07,Y2_boolean_variation,any_all_array,6,6,6,6,1.0,1.0,1.0,0.0,0.0,0.9350000000000002,0.0,none,not_computed
BOOTSTRAP_V4_1_TO_V5_RULESET_CONDITIONED,RS_Y2_R030_C08,PG_BOOL_R030,PG_BOOL_R030_C08,Y2_boolean_variation,any_all_array,6,6,6,6,1.0,1.0,1.0,0.0,0.0,0.9350000000000002,0.0,none,not_computed
BOOTSTRAP_V4_1_TO_V5_RULESET_CONDITIONED,RS_Y2_R030_C09,PG_BOOL_R030,PG_BOOL_R030_C09,Y2_boolean_variation,any_all_array,6,6,6,6,1.0,1.0,1.0,0.0,0.0,0.9350000000000002,0.0,none,not_computed
BOOTSTRAP_V4_1_TO_V5_RULESET_CONDITIONED,RS_Y2_R030_C10,PG_BOOL_R030,PG_BOOL_R030_C10,Y2_boolean_variation,any_all_array,6,6,6,6,1.0,1.0,1.0,0.0,0.0,0.9350000000000002,0.0,none,not_computed
BOOTSTRAP_V4_1_TO_V5_RULESET_CONDITIONED,RS_Y2_R031_C01,PG_BOOL_R031,PG_BOOL_R031_C01,Y2_boolean_variation,like_ilike,6,6,6,0,1.0,1.0,1.0,0.0,0.0,0.9350000000000002,0.0,ok,not_computed
BOOTSTRAP_V4_1_TO_V5_RULESET_CONDITIONED,RS_Y2_R031_C02,PG_BOOL_R031,PG_BOOL_R031_C02,Y2_boolean_variation,like_ilike,6,6,6,0,1.0,1.0,1.0,0.0,0.0,0.9350000000000002,0.0,ok,not_computed
BOOTSTRAP_V4_1_TO_V5_RULESET_CONDITIONED,RS_Y2_R031_C03,PG_BOOL_R031,PG_BOOL_R031_C03,Y2_boolean_variation,like_ilike,6,6,6,0,1.0,1.0,1.0,0.0,0.0,0.9350000000000002,0.0,ok,not_computed
BOOTSTRAP_V4_1_TO_V5_RULESET_CONDITIONED,RS_Y2_R031_C04,PG_BOOL_R031,PG_BOOL_R031_C04,Y2_boolean_variation,like_ilike,6,6,6,0,1.0,1.0,1.0,0.0,0.0,0.9350000000000002,0.0,ok,not_computed
BOOTSTRAP_V4_1_TO_V5_RULESET_CONDITIONED,RS_Y2_R031_C05,PG_BOOL_R031,PG_BOOL_R031_C05,Y2_boolean_variation,like_ilike,6,6,6,0,1.0,1.0,1.0,0.0,0.0,0.9350000000000002,0.0,ok,not_computed
BOOTSTRAP_V4_1_TO_V5_RULESET_CONDITIONED,RS_Y2_R031_C06,PG_BOOL_R031,PG_BOOL_R031_C06,Y2_boolean_variation,like_ilike,6,6,6,0,1.0,1.0,1.0,0.0,0.0,0.9350000000000002,0.0,ok,not_computed
BOOTSTRAP_V4_1_TO_V5_RULESET_CONDITIONED,RS_Y2_R031_C07,PG_BOOL_R031,PG_BOOL_R031_C07,Y2_boolean_variation,like_ilike,6,6,6,0,1.0,1.0,1.0,0.0,0.0,0.9350000000000002,0.0,ok,not_computed
BOOTSTRAP_V4_1_TO_V5_RULESET_CONDITIONED,RS_Y2_R031_C08,PG_BOOL_R031,PG_BOOL_R031_C08,Y2_boolean_variation,like_ilike,6,6,6,0,1.0,1.0,1.0,0.0,0.0,0.9350000000000002,0.0,ok,not_computed
BOOTSTRAP_V4_1_TO_V5_RULESET_CONDITIONED,RS_Y2_R031_C09,PG_BOOL_R031,PG_BOOL_R031_C09,Y2_boolean_variation,like_ilike,6,6,6,0,1.0,1.0,1.0,0.0,0.0,0.9350000000000002,0.0,ok,not_computed
BOOTSTRAP_V4_1_TO_V5_RULESET_CONDITIONED,RS_Y2_R031_C10,PG_BOOL_R031,PG_BOOL_R031_C10,Y2_boolean_variation,like_ilike,6,6,6,0,1.0,1.0,1.0,0.0,0.0,0.9350000000000002,0.0,ok,not_computed
BOOTSTRAP_V4_1_TO_V5_RULESET_CONDITIONED,RS_Y2_R032_C01,PG_BOOL_R032,PG_BOOL_R032_C01,Y2_boolean_variation,like_ilike,6,6,6,0,1.0,1.0,1.0,0.0,0.0,0.9350000000000002,0.0,ok,not_computed
BOOTSTRAP_V4_1_TO_V5_RULESET_CONDITIONED,RS_Y2_R032_C02,PG_BOOL_R032,PG_BOOL_R032_C02,Y2_boolean_variation,like_ilike,6,6,6,0,1.0,1.0,1.0,0.0,0.0,0.9350000000000002,0.0,ok,not_computed
BOOTSTRAP_V4_1_TO_V5_RULESET_CONDITIONED,RS_Y2_R032_C03,PG_BOOL_R032,PG_BOOL_R032_C03,Y2_boolean_variation,like_ilike,6,6,6,0,1.0,1.0,1.0,0.0,0.0,0.9350000000000002,0.0,ok,not_computed
BOOTSTRAP_V4_1_TO_V5_RULESET_CONDITIONED,RS_Y2_R032_C04,PG_BOOL_R032,PG_BOOL_R032_C04,Y2_boolean_variation,like_ilike,6,6,6,0,1.0,1.0,1.0,0.0,0.0,0.9350000000000002,0.0,ok,not_computed
BOOTSTRAP_V4_1_TO_V5_RULESET_CONDITIONED,RS_Y2_R032_C05,PG_BOOL_R032,PG_BOOL_R032_C05,Y2_boolean_variation,like_ilike,6,6,6,0,1.0,1.0,1.0,0.0,0.0,0.9350000000000002,0.0,ok,not_computed
BOOTSTRAP_V4_1_TO_V5_RULESET_CONDITIONED,RS_Y2_R032_C06,PG_BOOL_R032,PG_BOOL_R032_C06,Y2_boolean_variation,like_ilike,6,6,6,0,1.0,1.0,1.0,0.0,0.0,0.9350000000000002,0.0,ok,not_computed
BOOTSTRAP_V4_1_TO_V5_RULESET_CONDITIONED,RS_Y2_R032_C07,PG_BOOL_R032,PG_BOOL_R032_C07,Y2_boolean_variation,like_ilike,6,6,6,0,1.0,1.0,1.0,0.0,0.0,0.9350000000000002,0.0,ok,not_computed
BOOTSTRAP_V4_1_TO_V5_RULESET_CONDITIONED,RS_Y2_R032_C08,PG_BOOL_R032,PG_BOOL_R032_C08,Y2_boolean_variation,like_ilike,6,6,6,0,1.0,1.0,1.0,0.0,0.0,0.9350000000000002,0.0,ok,not_computed
BOOTSTRAP_V4_1_TO_V5_RULESET_CONDITIONED,RS_Y2_R032_C09,PG_BOOL_R032,PG_BOOL_R032_C09,Y2_boolean_variation,like_ilike,6,6,6,0,1.0,1.0,1.0,0.0,0.0,0.9350000000000002,0.0,ok,not_computed
BOOTSTRAP_V4_1_TO_V5_RULESET_CONDITIONED,RS_Y2_R032_C10,PG_BOOL_R032,PG_BOOL_R032_C10,Y2_boolean_variation,like_ilike,6,6,6,0,1.0,1.0,1.0,0.0,0.0,0.9350000000000002,0.0,ok,not_computed
BOOTSTRAP_V4_1_TO_V5_RULESET_CONDITIONED,RS_Y2_R033_C01,PG_BOOL_R033,PG_BOOL_R033_C01,Y2_boolean_variation,like_ilike,6,6,6,0,1.0,1.0,1.0,0.0,0.0,0.9350000000000002,0.0,ok,not_computed
BOOTSTRAP_V4_1_TO_V5_RULESET_CONDITIONED,RS_Y2_R033_C02,PG_BOOL_R033,PG_BOOL_R033_C02,Y2_boolean_variation,like_ilike,6,6,6,0,1.0,1.0,1.0,0.0,0.0,0.9350000000000002,0.0,ok,not_computed
BOOTSTRAP_V4_1_TO_V5_RULESET_CONDITIONED,RS_Y2_R033_C03,PG_BOOL_R033,PG_BOOL_R033_C03,Y2_boolean_variation,like_ilike,6,6,6,0,1.0,1.0,1.0,0.0,0.0,0.9350000000000002,0.0,ok,not_computed
BOOTSTRAP_V4_1_TO_V5_RULESET_CONDITIONED,RS_Y2_R033_C04,PG_BOOL_R033,PG_BOOL_R033_C04,Y2_boolean_variation,like_ilike,6,6,6,0,1.0,1.0,1.0,0.0,0.0,0.9350000000000002,0.0,ok,not_computed
BOOTSTRAP_V4_1_TO_V5_RULESET_CONDITIONED,RS_Y2_R033_C05,PG_BOOL_R033,PG_BOOL_R033_C05,Y2_boolean_variation,like_ilike,6,6,6,0,1.0,1.0,1.0,0.0,0.0,0.9350000000000002,0.0,ok,not_computed
BOOTSTRAP_V4_1_TO_V5_RULESET_CONDITIONED,RS_Y2_R033_C06,PG_BOOL_R033,PG_BOOL_R033_C06,Y2_boolean_variation,like_ilike,6,6,6,0,1.0,1.0,1.0,0.0,0.0,0.9350000000000002,0.0,ok,not_computed
BOOTSTRAP_V4_1_TO_V5_RULESET_CONDITIONED,RS_Y2_R033_C07,PG_BOOL_R033,PG_BOOL_R033_C07,Y2_boolean_variation,like_ilike,6,6,6,0,1.0,1.0,1.0,0.0,0.0,0.9350000000000002,0.0,ok,not_computed
BOOTSTRAP_V4_1_TO_V5_RULESET_CONDITIONED,RS_Y2_R033_C08,PG_BOOL_R033,PG_BOOL_R033_C08,Y2_boolean_variation,like_ilike,6,6,6,0,1.0,1.0,1.0,0.0,0.0,0.9350000000000002,0.0,ok,not_computed
BOOTSTRAP_V4_1_TO_V5_RULESET_CONDITIONED,RS_Y2_R033_C09,PG_BOOL_R033,PG_BOOL_R033_C09,Y2_boolean_variation,like_ilike,6,6,6,0,1.0,1.0,1.0,0.0,0.0,0.9350000000000002,0.0,ok,not_computed
BOOTSTRAP_V4_1_TO_V5_RULESET_CONDITIONED,RS_Y2_R033_C10,PG_BOOL_R033,PG_BOOL_R033_C10,Y2_boolean_variation,like_ilike,6,6,6,0,1.0,1.0,1.0,0.0,0.0,0.9350000000000002,0.0,ok,not_computed
BOOTSTRAP_V4_1_TO_V5_RULESET_CONDITIONED,RS_Y2_R034_C01,PG_BOOL_R034,PG_BOOL_R034_C01,Y2_boolean_variation,like_ilike,6,6,6,0,1.0,1.0,1.0,0.0,0.0,0.9350000000000002,0.0,ok,not_computed
BOOTSTRAP_V4_1_TO_V5_RULESET_CONDITIONED,RS_Y2_R034_C02,PG_BOOL_R034,PG_BOOL_R034_C02,Y2_boolean_variation,like_ilike,6,6,6,0,1.0,1.0,1.0,0.0,0.0,0.9350000000000002,0.0,ok,not_computed
BOOTSTRAP_V4_1_TO_V5_RULESET_CONDITIONED,RS_Y2_R034_C03,PG_BOOL_R034,PG_BOOL_R034_C03,Y2_boolean_variation,like_ilike,6,6,6,0,1.0,1.0,1.0,0.0,0.0,0.9350000000000002,0.0,ok,not_computed
BOOTSTRAP_V4_1_TO_V5_RULESET_CONDITIONED,RS_Y2_R034_C04,PG_BOOL_R034,PG_BOOL_R034_C04,Y2_boolean_variation,like_ilike,6,6,6,0,1.0,1.0,1.0,0.0,0.0,0.9350000000000002,0.0,ok,not_computed
BOOTSTRAP_V4_1_TO_V5_RULESET_CONDITIONED,RS_Y2_R034_C05,PG_BOOL_R034,PG_BOOL_R034_C05,Y2_boolean_variation,like_ilike,6,6,6,0,1.0,1.0,1.0,0.0,0.0,0.9350000000000002,0.0,ok,not_computed
BOOTSTRAP_V4_1_TO_V5_RULESET_CONDITIONED,RS_Y2_R034_C06,PG_BOOL_R034,PG_BOOL_R034_C06,Y2_boolean_variation,like_ilike,6,6,6,0,1.0,1.0,1.0,0.0,0.0,0.9350000000000002,0.0,ok,not_computed
BOOTSTRAP_V4_1_TO_V5_RULESET_CONDITIONED,RS_Y2_R034_C07,PG_BOOL_R034,PG_BOOL_R034_C07,Y2_boolean_variation,like_ilike,6,6,6,0,1.0,1.0,1.0,0.0,0.0,0.9350000000000002,0.0,ok,not_computed
BOOTSTRAP_V4_1_TO_V5_RULESET_CONDITIONED,RS_Y2_R034_C08,PG_BOOL_R034,PG_BOOL_R034_C08,Y2_boolean_variation,like_ilike,6,6,6,0,1.0,1.0,1.0,0.0,0.0,0.9350000000000002,0.0,ok,not_computed
BOOTSTRAP_V4_1_TO_V5_RULESET_CONDITIONED,RS_Y2_R034_C09,PG_BOOL_R034,PG_BOOL_R034_C09,Y2_boolean_variation,like_ilike,6,6,6,0,1.0,1.0,1.0,0.0,0.0,0.9350000000000002,0.0,ok,not_computed
BOOTSTRAP_V4_1_TO_V5_RULESET_CONDITIONED,RS_Y2_R034_C10,PG_BOOL_R034,PG_BOOL_R034_C10,Y2_boolean_variation,like_ilike,6,6,6,0,1.0,1.0,1.0,0.0,0.0,0.9350000000000002,0.0,ok,not_computed
BOOTSTRAP_V4_1_TO_V5_RULESET_CONDITIONED,RS_Y2_R035_C01,PG_BOOL_R035,PG_BOOL_R035_C01,Y2_boolean_variation,like_ilike,6,6,6,0,1.0,1.0,1.0,0.0,0.0,0.9350000000000002,0.0,ok,not_computed
BOOTSTRAP_V4_1_TO_V5_RULESET_CONDITIONED,RS_Y2_R035_C02,PG_BOOL_R035,PG_BOOL_R035_C02,Y2_boolean_variation,like_ilike,6,6,6,0,1.0,1.0,1.0,0.0,0.0,0.9350000000000002,0.0,ok,not_computed
BOOTSTRAP_V4_1_TO_V5_RULESET_CONDITIONED,RS_Y2_R035_C03,PG_BOOL_R035,PG_BOOL_R035_C03,Y2_boolean_variation,like_ilike,6,6,6,0,1.0,1.0,1.0,0.0,0.0,0.9350000000000002,0.0,ok,not_computed
BOOTSTRAP_V4_1_TO_V5_RULESET_CONDITIONED,RS_Y2_R035_C04,PG_BOOL_R035,PG_BOOL_R035_C04,Y2_boolean_variation,like_ilike,6,6,6,0,1.0,1.0,1.0,0.0,0.0,0.9350000000000002,0.0,ok,not_computed
BOOTSTRAP_V4_1_TO_V5_RULESET_CONDITIONED,RS_Y2_R035_C05,PG_BOOL_R035,PG_BOOL_R035_C05,Y2_boolean_variation,like_ilike,6,6,6,0,1.0,1.0,1.0,0.0,0.0,0.9350000000000002,0.0,ok,not_computed
BOOTSTRAP_V4_1_TO_V5_RULESET_CONDITIONED,RS_Y2_R035_C06,PG_BOOL_R035,PG_BOOL_R035_C06,Y2_boolean_variation,like_ilike,6,6,6,0,1.0,1.0,1.0,0.0,0.0,0.9350000000000002,0.0,ok,not_computed
BOOTSTRAP_V4_1_TO_V5_RULESET_CONDITIONED,RS_Y2_R035_C07,PG_BOOL_R035,PG_BOOL_R035_C07,Y2_boolean_variation,like_ilike,6,6,6,0,1.0,1.0,1.0,0.0,0.0,0.9350000000000002,0.0,ok,not_computed
BOOTSTRAP_V4_1_TO_V5_RULESET_CONDITIONED,RS_Y2_R035_C08,PG_BOOL_R035,PG_BOOL_R035_C08,Y2_boolean_variation,like_ilike,6,6,6,0,1.0,1.0,1.0,0.0,0.0,0.9350000000000002,0.0,ok,not_computed
BOOTSTRAP_V4_1_TO_V5_RULESET_CONDITIONED,RS_Y2_R035_C09,PG_BOOL_R035,PG_BOOL_R035_C09,Y2_boolean_variation,like_ilike,6,6,6,0,1.0,1.0,1.0,0.0,0.0,0.9350000000000002,0.0,ok,not_computed
BOOTSTRAP_V4_1_TO_V5_RULESET_CONDITIONED,RS_Y2_R035_C10,PG_BOOL_R035,PG_BOOL_R035_C10,Y2_boolean_variation,like_ilike,6,6,6,0,1.0,1.0,1.0,0.0,0.0,0.9350000000000002,0.0,ok,not_computed
BOOTSTRAP_V4_1_TO_V5_RULESET_CONDITIONED,RS_Y2_R036_C01,PG_BOOL_R036,PG_BOOL_R036_C01,Y2_boolean_variation,regex_match,6,6,6,0,1.0,1.0,1.0,0.0,0.0,0.585,0.0,boolean,not_computed
BOOTSTRAP_V4_1_TO_V5_RULESET_CONDITIONED,RS_Y2_R036_C02,PG_BOOL_R036,PG_BOOL_R036_C02,Y2_boolean_variation,regex_match,6,6,6,0,1.0,1.0,1.0,0.0,0.0,0.585,0.0,boolean,not_computed
BOOTSTRAP_V4_1_TO_V5_RULESET_CONDITIONED,RS_Y2_R036_C03,PG_BOOL_R036,PG_BOOL_R036_C03,Y2_boolean_variation,regex_match,6,6,6,6,1.0,1.0,1.0,0.0,0.0,0.9350000000000002,0.0,none,not_computed
BOOTSTRAP_V4_1_TO_V5_RULESET_CONDITIONED,RS_Y2_R036_C04,PG_BOOL_R036,PG_BOOL_R036_C04,Y2_boolean_variation,regex_match,6,6,6,6,1.0,1.0,1.0,0.0,0.0,0.9350000000000002,0.0,none,not_computed
BOOTSTRAP_V4_1_TO_V5_RULESET_CONDITIONED,RS_Y2_R036_C05,PG_BOOL_R036,PG_BOOL_R036_C05,Y2_boolean_variation,regex_match,6,6,6,6,1.0,1.0,1.0,0.0,0.0,0.9350000000000002,0.0,none,not_computed
BOOTSTRAP_V4_1_TO_V5_RULESET_CONDITIONED,RS_Y2_R036_C06,PG_BOOL_R036,PG_BOOL_R036_C06,Y2_boolean_variation,regex_match,6,6,6,0,1.0,1.0,1.0,0.0,0.0,0.585,0.0,boolean,not_computed
BOOTSTRAP_V4_1_TO_V5_RULESET_CONDITIONED,RS_Y2_R036_C07,PG_BOOL_R036,PG_BOOL_R036_C07,Y2_boolean_variation,regex_match,6,6,6,6,1.0,1.0,1.0,0.0,0.0,0.9350000000000002,0.0,none,not_computed
BOOTSTRAP_V4_1_TO_V5_RULESET_CONDITIONED,RS_Y2_R036_C08,PG_BOOL_R036,PG_BOOL_R036_C08,Y2_boolean_variation,regex_match,6,6,6,6,1.0,1.0,1.0,0.0,0.0,0.9350000000000002,0.0,none,not_computed
BOOTSTRAP_V4_1_TO_V5_RULESET_CONDITIONED,RS_Y2_R036_C09,PG_BOOL_R036,PG_BOOL_R036_C09,Y2_boolean_variation,regex_match,6,6,6,6,1.0,1.0,1.0,0.0,0.0,0.9350000000000002,0.0,none,not_computed
BOOTSTRAP_V4_1_TO_V5_RULESET_CONDITIONED,RS_Y2_R036_C10,PG_BOOL_R036,PG_BOOL_R036_C10,Y2_boolean_variation,regex_match,6,6,6,0,1.0,1.0,1.0,0.0,0.0,0.585,0.0,boolean,not_computed
BOOTSTRAP_V4_1_TO_V5_RULESET_CONDITIONED,RS_Y2_R037_C01,PG_BOOL_R037,PG_BOOL_R037_C01,Y2_boolean_variation,regex_match,6,6,6,0,1.0,1.0,1.0,0.0,0.0,0.585,0.0,boolean,not_computed
BOOTSTRAP_V4_1_TO_V5_RULESET_CONDITIONED,RS_Y2_R037_C02,PG_BOOL_R037,PG_BOOL_R037_C02,Y2_boolean_variation,regex_match,6,6,6,0,1.0,1.0,1.0,0.0,0.0,0.585,0.0,boolean,not_computed
BOOTSTRAP_V4_1_TO_V5_RULESET_CONDITIONED,RS_Y2_R037_C03,PG_BOOL_R037,PG_BOOL_R037_C03,Y2_boolean_variation,regex_match,6,6,6,6,1.0,1.0,1.0,0.0,0.0,0.9350000000000002,0.0,none,not_computed
BOOTSTRAP_V4_1_TO_V5_RULESET_CONDITIONED,RS_Y2_R037_C04,PG_BOOL_R037,PG_BOOL_R037_C04,Y2_boolean_variation,regex_match,6,6,6,6,1.0,1.0,1.0,0.0,0.0,0.9350000000000002,0.0,none,not_computed
BOOTSTRAP_V4_1_TO_V5_RULESET_CONDITIONED,RS_Y2_R037_C05,PG_BOOL_R037,PG_BOOL_R037_C05,Y2_boolean_variation,regex_match,6,6,6,6,1.0,1.0,1.0,0.0,0.0,0.9350000000000002,0.0,none,not_computed
BOOTSTRAP_V4_1_TO_V5_RULESET_CONDITIONED,RS_Y2_R037_C06,PG_BOOL_R037,PG_BOOL_R037_C06,Y2_boolean_variation,regex_match,6,6,6,0,1.0,1.0,1.0,0.0,0.0,0.585,0.0,boolean,not_computed
BOOTSTRAP_V4_1_TO_V5_RULESET_CONDITIONED,RS_Y2_R037_C07,PG_BOOL_R037,PG_BOOL_R037_C07,Y2_boolean_variation,regex_match,6,6,6,6,1.0,1.0,1.0,0.0,0.0,0.9350000000000002,0.0,none,not_computed
BOOTSTRAP_V4_1_TO_V5_RULESET_CONDITIONED,RS_Y2_R037_C08,PG_BOOL_R037,PG_BOOL_R037_C08,Y2_boolean_variation,regex_match,6,6,6,6,1.0,1.0,1.0,0.0,0.0,0.9350000000000002,0.0,none,not_computed
BOOTSTRAP_V4_1_TO_V5_RULESET_CONDITIONED,RS_Y2_R037_C09,PG_BOOL_R037,PG_BOOL_R037_C09,Y2_boolean_variation,regex_match,6,6,6,6,1.0,1.0,1.0,0.0,0.0,0.9350000000000002,0.0,none,not_computed
BOOTSTRAP_V4_1_TO_V5_RULESET_CONDITIONED,RS_Y2_R037_C10,PG_BOOL_R037,PG_BOOL_R037_C10,Y2_boolean_variation,regex_match,6,6,6,0,1.0,1.0,1.0,0.0,0.0,0.585,0.0,boolean,not_computed
BOOTSTRAP_V4_1_TO_V5_RULESET_CONDITIONED,RS_Y2_R038_C01,PG_BOOL_R038,PG_BOOL_R038_C01,Y2_boolean_variation,regex_match,6,6,6,0,1.0,1.0,1.0,0.0,0.0,0.585,0.0,boolean,not_computed
BOOTSTRAP_V4_1_TO_V5_RULESET_CONDITIONED,RS_Y2_R038_C02,PG_BOOL_R038,PG_BOOL_R038_C02,Y2_boolean_variation,regex_match,6,6,6,0,1.0,1.0,1.0,0.0,0.0,0.585,0.0,boolean,not_computed
BOOTSTRAP_V4_1_TO_V5_RULESET_CONDITIONED,RS_Y2_R038_C03,PG_BOOL_R038,PG_BOOL_R038_C03,Y2_boolean_variation,regex_match,6,6,6,6,1.0,1.0,1.0,0.0,0.0,0.9350000000000002,0.0,none,not_computed
BOOTSTRAP_V4_1_TO_V5_RULESET_CONDITIONED,RS_Y2_R038_C04,PG_BOOL_R038,PG_BOOL_R038_C04,Y2_boolean_variation,regex_match,6,6,6,6,1.0,1.0,1.0,0.0,0.0,0.9350000000000002,0.0,none,not_computed
BOOTSTRAP_V4_1_TO_V5_RULESET_CONDITIONED,RS_Y2_R038_C05,PG_BOOL_R038,PG_BOOL_R038_C05,Y2_boolean_variation,regex_match,6,6,6,6,1.0,1.0,1.0,0.0,0.0,0.9350000000000002,0.0,none,not_computed
BOOTSTRAP_V4_1_TO_V5_RULESET_CONDITIONED,RS_Y2_R038_C06,PG_BOOL_R038,PG_BOOL_R038_C06,Y2_boolean_variation,regex_match,6,6,6,0,1.0,1.0,1.0,0.0,0.0,0.585,0.0,boolean,not_computed
BOOTSTRAP_V4_1_TO_V5_RULESET_CONDITIONED,RS_Y2_R038_C07,PG_BOOL_R038,PG_BOOL_R038_C07,Y2_boolean_variation,regex_match,6,6,6,6,1.0,1.0,1.0,0.0,0.0,0.9350000000000002,0.0,none,not_computed
BOOTSTRAP_V4_1_TO_V5_RULESET_CONDITIONED,RS_Y2_R038_C08,PG_BOOL_R038,PG_BOOL_R038_C08,Y2_boolean_variation,regex_match,6,6,6,6,1.0,1.0,1.0,0.0,0.0,0.9350000000000002,0.0,none,not_computed
BOOTSTRAP_V4_1_TO_V5_RULESET_CONDITIONED,RS_Y2_R038_C09,PG_BOOL_R038,PG_BOOL_R038_C09,Y2_boolean_variation,regex_match,6,6,6,6,1.0,1.0,1.0,0.0,0.0,0.9350000000000002,0.0,none,not_computed
BOOTSTRAP_V4_1_TO_V5_RULESET_CONDITIONED,RS_Y2_R038_C10,PG_BOOL_R038,PG_BOOL_R038_C10,Y2_boolean_variation,regex_match,6,6,6,0,1.0,1.0,1.0,0.0,0.0,0.585,0.0,boolean,not_computed
BOOTSTRAP_V4_1_TO_V5_RULESET_CONDITIONED,RS_Y2_R039_C01,PG_BOOL_R039,PG_BOOL_R039_C01,Y2_boolean_variation,regex_match,6,6,6,0,1.0,0.0,1.0,0.0,0.0,0.35000000000000003,0.0,boolean+required_token,not_computed
BOOTSTRAP_V4_1_TO_V5_RULESET_CONDITIONED,RS_Y2_R039_C02,PG_BOOL_R039,PG_BOOL_R039_C02,Y2_boolean_variation,regex_match,6,6,6,0,1.0,0.0,1.0,0.0,0.0,0.35000000000000003,0.0,boolean+required_token,not_computed
BOOTSTRAP_V4_1_TO_V5_RULESET_CONDITIONED,RS_Y2_R039_C03,PG_BOOL_R039,PG_BOOL_R039_C03,Y2_boolean_variation,regex_match,6,6,6,0,1.0,1.0,1.0,0.0,0.0,0.9350000000000002,0.0,ok,not_computed
BOOTSTRAP_V4_1_TO_V5_RULESET_CONDITIONED,RS_Y2_R039_C04,PG_BOOL_R039,PG_BOOL_R039_C04,Y2_boolean_variation,regex_match,6,6,6,0,1.0,1.0,1.0,0.0,0.0,0.9350000000000002,0.0,ok,not_computed
BOOTSTRAP_V4_1_TO_V5_RULESET_CONDITIONED,RS_Y2_R039_C05,PG_BOOL_R039,PG_BOOL_R039_C05,Y2_boolean_variation,regex_match,6,6,6,0,1.0,1.0,1.0,0.0,0.0,0.9350000000000002,0.0,ok,not_computed
BOOTSTRAP_V4_1_TO_V5_RULESET_CONDITIONED,RS_Y2_R039_C06,PG_BOOL_R039,PG_BOOL_R039_C06,Y2_boolean_variation,regex_match,6,6,6,0,1.0,1.0,1.0,0.0,0.0,0.585,0.0,boolean,not_computed
BOOTSTRAP_V4_1_TO_V5_RULESET_CONDITIONED,RS_Y2_R039_C07,PG_BOOL_R039,PG_BOOL_R039_C07,Y2_boolean_variation,regex_match,6,6,6,0,1.0,1.0,1.0,0.0,0.0,0.9350000000000002,0.0,ok,not_computed
BOOTSTRAP_V4_1_TO_V5_RULESET_CONDITIONED,RS_Y2_R039_C08,PG_BOOL_R039,PG_BOOL_R039_C08,Y2_boolean_variation,regex_match,6,6,6,0,1.0,1.0,1.0,0.0,0.0,0.9350000000000002,0.0,ok,not_computed
BOOTSTRAP_V4_1_TO_V5_RULESET_CONDITIONED,RS_Y2_R039_C09,PG_BOOL_R039,PG_BOOL_R039_C09,Y2_boolean_variation,regex_match,6,6,6,0,1.0,1.0,1.0,0.0,0.0,0.9350000000000002,0.0,ok,not_computed
BOOTSTRAP_V4_1_TO_V5_RULESET_CONDITIONED,RS_Y2_R039_C10,PG_BOOL_R039,PG_BOOL_R039_C10,Y2_boolean_variation,regex_match,6,6,6,0,1.0,1.0,1.0,0.0,0.0,0.5,0.0,boolean,not_computed
BOOTSTRAP_V4_1_TO_V5_RULESET_CONDITIONED,RS_Y2_R040_C01,PG_BOOL_R040,PG_BOOL_R040_C01,Y2_boolean_variation,regex_match,6,6,6,0,1.0,1.0,1.0,0.0,0.0,0.9350000000000002,0.0,ok,not_computed
BOOTSTRAP_V4_1_TO_V5_RULESET_CONDITIONED,RS_Y2_R040_C02,PG_BOOL_R040,PG_BOOL_R040_C02,Y2_boolean_variation,regex_match,6,6,6,0,1.0,1.0,1.0,0.0,0.0,0.9350000000000002,0.0,ok,not_computed
BOOTSTRAP_V4_1_TO_V5_RULESET_CONDITIONED,RS_Y2_R040_C03,PG_BOOL_R040,PG_BOOL_R040_C03,Y2_boolean_variation,regex_match,6,6,6,0,1.0,1.0,1.0,0.0,0.0,0.9350000000000002,0.0,ok,not_computed
BOOTSTRAP_V4_1_TO_V5_RULESET_CONDITIONED,RS_Y2_R040_C04,PG_BOOL_R040,PG_BOOL_R040_C04,Y2_boolean_variation,regex_match,6,6,6,0,1.0,1.0,1.0,0.0,0.0,0.9350000000000002,0.0,ok,not_computed
BOOTSTRAP_V4_1_TO_V5_RULESET_CONDITIONED,RS_Y2_R040_C05,PG_BOOL_R040,PG_BOOL_R040_C05,Y2_boolean_variation,regex_match,6,6,6,0,1.0,1.0,1.0,0.0,0.0,0.9350000000000002,0.0,ok,not_computed
BOOTSTRAP_V4_1_TO_V5_RULESET_CONDITIONED,RS_Y2_R040_C06,PG_BOOL_R040,PG_BOOL_R040_C06,Y2_boolean_variation,regex_match,6,6,6,0,1.0,1.0,1.0,0.0,0.0,0.9350000000000002,0.0,ok,not_computed
BOOTSTRAP_V4_1_TO_V5_RULESET_CONDITIONED,RS_Y2_R040_C07,PG_BOOL_R040,PG_BOOL_R040_C07,Y2_boolean_variation,regex_match,6,6,6,0,1.0,1.0,1.0,0.0,0.0,0.9350000000000002,0.0,ok,not_computed
BOOTSTRAP_V4_1_TO_V5_RULESET_CONDITIONED,RS_Y2_R040_C08,PG_BOOL_R040,PG_BOOL_R040_C08,Y2_boolean_variation,regex_match,6,6,6,0,1.0,1.0,1.0,0.0,0.0,0.9350000000000002,0.0,ok,not_computed
BOOTSTRAP_V4_1_TO_V5_RULESET_CONDITIONED,RS_Y2_R040_C09,PG_BOOL_R040,PG_BOOL_R040_C09,Y2_boolean_variation,regex_match,6,6,6,0,1.0,1.0,1.0,0.0,0.0,0.9350000000000002,0.0,ok,not_computed
BOOTSTRAP_V4_1_TO_V5_RULESET_CONDITIONED,RS_Y2_R040_C10,PG_BOOL_R040,PG_BOOL_R040_C10,Y2_boolean_variation,regex_match,6,6,6,0,1.0,1.0,1.0,0.0,0.0,0.9350000000000002,0.0,ok,not_computed
BOOTSTRAP_V4_1_TO_V5_RULESET_CONDITIONED,RS_Y2_R041_C01,PG_BOOL_R041,PG_BOOL_R041_C01,Y2_boolean_variation,string_function,6,6,6,6,1.0,1.0,1.0,0.0,0.0,0.9350000000000002,0.0,none,not_computed
BOOTSTRAP_V4_1_TO_V5_RULESET_CONDITIONED,RS_Y2_R041_C02,PG_BOOL_R041,PG_BOOL_R041_C02,Y2_boolean_variation,string_function,6,6,6,6,1.0,1.0,1.0,0.0,0.0,0.9350000000000002,0.0,none,not_computed
BOOTSTRAP_V4_1_TO_V5_RULESET_CONDITIONED,RS_Y2_R041_C03,PG_BOOL_R041,PG_BOOL_R041_C03,Y2_boolean_variation,string_function,6,6,6,6,1.0,1.0,1.0,0.0,0.0,0.9350000000000002,0.0,none,not_computed
BOOTSTRAP_V4_1_TO_V5_RULESET_CONDITIONED,RS_Y2_R041_C04,PG_BOOL_R041,PG_BOOL_R041_C04,Y2_boolean_variation,string_function,6,6,6,6,1.0,1.0,1.0,0.0,0.0,0.9350000000000002,0.0,none,not_computed
BOOTSTRAP_V4_1_TO_V5_RULESET_CONDITIONED,RS_Y2_R041_C05,PG_BOOL_R041,PG_BOOL_R041_C05,Y2_boolean_variation,string_function,6,6,6,6,1.0,1.0,1.0,0.0,0.0,0.9350000000000002,0.0,none,not_computed
BOOTSTRAP_V4_1_TO_V5_RULESET_CONDITIONED,RS_Y2_R041_C06,PG_BOOL_R041,PG_BOOL_R041_C06,Y2_boolean_variation,string_function,6,6,6,6,1.0,1.0,1.0,0.0,0.0,0.9350000000000002,0.0,none,not_computed
BOOTSTRAP_V4_1_TO_V5_RULESET_CONDITIONED,RS_Y2_R041_C07,PG_BOOL_R041,PG_BOOL_R041_C07,Y2_boolean_variation,string_function,6,6,6,6,1.0,1.0,1.0,0.0,0.0,0.9350000000000002,0.0,none,not_computed
BOOTSTRAP_V4_1_TO_V5_RULESET_CONDITIONED,RS_Y2_R041_C08,PG_BOOL_R041,PG_BOOL_R041_C08,Y2_boolean_variation,string_function,6,6,6,6,1.0,1.0,1.0,0.0,0.0,0.9350000000000002,0.0,none,not_computed
BOOTSTRAP_V4_1_TO_V5_RULESET_CONDITIONED,RS_Y2_R041_C09,PG_BOOL_R041,PG_BOOL_R041_C09,Y2_boolean_variation,string_function,6,6,6,6,1.0,1.0,1.0,0.0,0.0,0.9350000000000002,0.0,none,not_computed
BOOTSTRAP_V4_1_TO_V5_RULESET_CONDITIONED,RS_Y2_R041_C10,PG_BOOL_R041,PG_BOOL_R041_C10,Y2_boolean_variation,string_function,6,6,6,6,1.0,1.0,1.0,0.0,0.0,0.9350000000000002,0.0,none,not_computed
BOOTSTRAP_V4_1_TO_V5_RULESET_CONDITIONED,RS_Y2_R042_C01,PG_BOOL_R042,PG_BOOL_R042_C01,Y2_boolean_variation,string_function,6,6,6,6,1.0,1.0,1.0,0.0,0.0,0.9350000000000002,0.0,none,not_computed
BOOTSTRAP_V4_1_TO_V5_RULESET_CONDITIONED,RS_Y2_R042_C02,PG_BOOL_R042,PG_BOOL_R042_C02,Y2_boolean_variation,string_function,6,6,6,6,1.0,1.0,1.0,0.0,0.0,0.9350000000000002,0.0,none,not_computed
BOOTSTRAP_V4_1_TO_V5_RULESET_CONDITIONED,RS_Y2_R042_C03,PG_BOOL_R042,PG_BOOL_R042_C03,Y2_boolean_variation,string_function,6,6,6,6,1.0,1.0,1.0,0.0,0.0,0.9350000000000002,0.0,none,not_computed
BOOTSTRAP_V4_1_TO_V5_RULESET_CONDITIONED,RS_Y2_R042_C04,PG_BOOL_R042,PG_BOOL_R042_C04,Y2_boolean_variation,string_function,6,6,6,6,1.0,1.0,1.0,0.0,0.0,0.9350000000000002,0.0,none,not_computed
BOOTSTRAP_V4_1_TO_V5_RULESET_CONDITIONED,RS_Y2_R042_C05,PG_BOOL_R042,PG_BOOL_R042_C05,Y2_boolean_variation,string_function,6,6,6,6,1.0,1.0,1.0,0.0,0.0,0.9350000000000002,0.0,none,not_computed
BOOTSTRAP_V4_1_TO_V5_RULESET_CONDITIONED,RS_Y2_R042_C06,PG_BOOL_R042,PG_BOOL_R042_C06,Y2_boolean_variation,string_function,6,6,6,6,1.0,1.0,1.0,0.0,0.0,0.9350000000000002,0.0,none,not_computed
BOOTSTRAP_V4_1_TO_V5_RULESET_CONDITIONED,RS_Y2_R042_C07,PG_BOOL_R042,PG_BOOL_R042_C07,Y2_boolean_variation,string_function,6,6,6,6,1.0,1.0,1.0,0.0,0.0,0.9350000000000002,0.0,none,not_computed
BOOTSTRAP_V4_1_TO_V5_RULESET_CONDITIONED,RS_Y2_R042_C08,PG_BOOL_R042,PG_BOOL_R042_C08,Y2_boolean_variation,string_function,6,6,6,6,1.0,1.0,1.0,0.0,0.0,0.9350000000000002,0.0,none,not_computed
BOOTSTRAP_V4_1_TO_V5_RULESET_CONDITIONED,RS_Y2_R042_C09,PG_BOOL_R042,PG_BOOL_R042_C09,Y2_boolean_variation,string_function,6,6,6,6,1.0,1.0,1.0,0.0,0.0,0.9350000000000002,0.0,none,not_computed
BOOTSTRAP_V4_1_TO_V5_RULESET_CONDITIONED,RS_Y2_R042_C10,PG_BOOL_R042,PG_BOOL_R042_C10,Y2_boolean_variation,string_function,6,6,6,6,1.0,1.0,1.0,0.0,0.0,0.9350000000000002,0.0,none,not_computed
BOOTSTRAP_V4_1_TO_V5_RULESET_CONDITIONED,RS_Y2_R043_C01,PG_BOOL_R043,PG_BOOL_R043_C01,Y2_boolean_variation,string_function,6,6,6,6,1.0,1.0,1.0,0.0,0.0,0.9350000000000002,0.0,none,not_computed
BOOTSTRAP_V4_1_TO_V5_RULESET_CONDITIONED,RS_Y2_R043_C02,PG_BOOL_R043,PG_BOOL_R043_C02,Y2_boolean_variation,string_function,6,6,6,6,1.0,1.0,1.0,0.0,0.0,0.9350000000000002,0.0,none,not_computed
BOOTSTRAP_V4_1_TO_V5_RULESET_CONDITIONED,RS_Y2_R043_C03,PG_BOOL_R043,PG_BOOL_R043_C03,Y2_boolean_variation,string_function,6,6,6,6,1.0,1.0,1.0,0.0,0.0,0.9350000000000002,0.0,none,not_computed
BOOTSTRAP_V4_1_TO_V5_RULESET_CONDITIONED,RS_Y2_R043_C04,PG_BOOL_R043,PG_BOOL_R043_C04,Y2_boolean_variation,string_function,6,6,6,6,1.0,1.0,1.0,0.0,0.0,0.9350000000000002,0.0,none,not_computed
BOOTSTRAP_V4_1_TO_V5_RULESET_CONDITIONED,RS_Y2_R043_C05,PG_BOOL_R043,PG_BOOL_R043_C05,Y2_boolean_variation,string_function,6,6,6,6,1.0,1.0,1.0,0.0,0.0,0.9350000000000002,0.0,none,not_computed
BOOTSTRAP_V4_1_TO_V5_RULESET_CONDITIONED,RS_Y2_R043_C06,PG_BOOL_R043,PG_BOOL_R043_C06,Y2_boolean_variation,string_function,6,6,6,6,1.0,1.0,1.0,0.0,0.0,0.9350000000000002,0.0,none,not_computed
BOOTSTRAP_V4_1_TO_V5_RULESET_CONDITIONED,RS_Y2_R043_C07,PG_BOOL_R043,PG_BOOL_R043_C07,Y2_boolean_variation,string_function,6,6,6,6,1.0,1.0,1.0,0.0,0.0,0.9350000000000002,0.0,none,not_computed
BOOTSTRAP_V4_1_TO_V5_RULESET_CONDITIONED,RS_Y2_R043_C08,PG_BOOL_R043,PG_BOOL_R043_C08,Y2_boolean_variation,string_function,6,6,6,6,1.0,1.0,1.0,0.0,0.0,0.9350000000000002,0.0,none,not_computed
BOOTSTRAP_V4_1_TO_V5_RULESET_CONDITIONED,RS_Y2_R043_C09,PG_BOOL_R043,PG_BOOL_R043_C09,Y2_boolean_variation,string_function,6,6,6,6,1.0,1.0,1.0,0.0,0.0,0.9350000000000002,0.0,none,not_computed
BOOTSTRAP_V4_1_TO_V5_RULESET_CONDITIONED,RS_Y2_R043_C10,PG_BOOL_R043,PG_BOOL_R043_C10,Y2_boolean_variation,string_function,6,6,6,6,1.0,1.0,1.0,0.0,0.0,0.9350000000000002,0.0,none,not_computed
BOOTSTRAP_V4_1_TO_V5_RULESET_CONDITIONED,RS_Y2_R044_C01,PG_BOOL_R044,PG_BOOL_R044_C01,Y2_boolean_variation,string_function,6,6,6,6,1.0,1.0,1.0,0.0,0.0,0.9350000000000002,0.0,none,not_computed
BOOTSTRAP_V4_1_TO_V5_RULESET_CONDITIONED,RS_Y2_R044_C02,PG_BOOL_R044,PG_BOOL_R044_C02,Y2_boolean_variation,string_function,6,6,6,6,1.0,1.0,1.0,0.0,0.0,0.9350000000000002,0.0,none,not_computed
BOOTSTRAP_V4_1_TO_V5_RULESET_CONDITIONED,RS_Y2_R044_C03,PG_BOOL_R044,PG_BOOL_R044_C03,Y2_boolean_variation,string_function,6,6,6,6,1.0,1.0,1.0,0.0,0.0,0.9350000000000002,0.0,none,not_computed
BOOTSTRAP_V4_1_TO_V5_RULESET_CONDITIONED,RS_Y2_R044_C04,PG_BOOL_R044,PG_BOOL_R044_C04,Y2_boolean_variation,string_function,6,6,6,6,1.0,1.0,1.0,0.0,0.0,0.9350000000000002,0.0,none,not_computed
BOOTSTRAP_V4_1_TO_V5_RULESET_CONDITIONED,RS_Y2_R044_C05,PG_BOOL_R044,PG_BOOL_R044_C05,Y2_boolean_variation,string_function,6,6,6,6,1.0,1.0,1.0,0.0,0.0,0.9350000000000002,0.0,none,not_computed
BOOTSTRAP_V4_1_TO_V5_RULESET_CONDITIONED,RS_Y2_R044_C06,PG_BOOL_R044,PG_BOOL_R044_C06,Y2_boolean_variation,string_function,6,6,6,6,1.0,1.0,1.0,0.0,0.0,0.9350000000000002,0.0,none,not_computed
BOOTSTRAP_V4_1_TO_V5_RULESET_CONDITIONED,RS_Y2_R044_C07,PG_BOOL_R044,PG_BOOL_R044_C07,Y2_boolean_variation,string_function,6,6,6,6,1.0,1.0,1.0,0.0,0.0,0.9350000000000002,0.0,none,not_computed
BOOTSTRAP_V4_1_TO_V5_RULESET_CONDITIONED,RS_Y2_R044_C08,PG_BOOL_R044,PG_BOOL_R044_C08,Y2_boolean_variation,string_function,6,6,6,6,1.0,1.0,1.0,0.0,0.0,0.9350000000000002,0.0,none,not_computed
BOOTSTRAP_V4_1_TO_V5_RULESET_CONDITIONED,RS_Y2_R044_C09,PG_BOOL_R044,PG_BOOL_R044_C09,Y2_boolean_variation,string_function,6,6,6,6,1.0,1.0,1.0,0.0,0.0,0.9350000000000002,0.0,none,not_computed
BOOTSTRAP_V4_1_TO_V5_RULESET_CONDITIONED,RS_Y2_R044_C10,PG_BOOL_R044,PG_BOOL_R044_C10,Y2_boolean_variation,string_function,6,6,6,6,1.0,1.0,1.0,0.0,0.0,0.9350000000000002,0.0,none,not_computed
BOOTSTRAP_V4_1_TO_V5_RULESET_CONDITIONED,RS_Y2_R045_C01,PG_BOOL_R045,PG_BOOL_R045_C01,Y2_boolean_variation,string_function,6,6,6,6,1.0,1.0,1.0,0.0,0.0,0.9350000000000002,0.0,none,not_computed
BOOTSTRAP_V4_1_TO_V5_RULESET_CONDITIONED,RS_Y2_R045_C02,PG_BOOL_R045,PG_BOOL_R045_C02,Y2_boolean_variation,string_function,6,6,6,6,1.0,1.0,1.0,0.0,0.0,0.9350000000000002,0.0,none,not_computed
BOOTSTRAP_V4_1_TO_V5_RULESET_CONDITIONED,RS_Y2_R045_C03,PG_BOOL_R045,PG_BOOL_R045_C03,Y2_boolean_variation,string_function,6,6,6,6,1.0,1.0,1.0,0.0,0.0,0.9350000000000002,0.0,none,not_computed
BOOTSTRAP_V4_1_TO_V5_RULESET_CONDITIONED,RS_Y2_R045_C04,PG_BOOL_R045,PG_BOOL_R045_C04,Y2_boolean_variation,string_function,6,6,6,6,1.0,1.0,1.0,0.0,0.0,0.9350000000000002,0.0,none,not_computed
BOOTSTRAP_V4_1_TO_V5_RULESET_CONDITIONED,RS_Y2_R045_C05,PG_BOOL_R045,PG_BOOL_R045_C05,Y2_boolean_variation,string_function,6,6,6,6,1.0,1.0,1.0,0.0,0.0,0.9350000000000002,0.0,none,not_computed
BOOTSTRAP_V4_1_TO_V5_RULESET_CONDITIONED,RS_Y2_R045_C06,PG_BOOL_R045,PG_BOOL_R045_C06,Y2_boolean_variation,string_function,6,6,6,6,1.0,1.0,1.0,0.0,0.0,0.9350000000000002,0.0,none,not_computed
BOOTSTRAP_V4_1_TO_V5_RULESET_CONDITIONED,RS_Y2_R045_C07,PG_BOOL_R045,PG_BOOL_R045_C07,Y2_boolean_variation,string_function,6,6,6,6,1.0,1.0,1.0,0.0,0.0,0.9350000000000002,0.0,none,not_computed
BOOTSTRAP_V4_1_TO_V5_RULESET_CONDITIONED,RS_Y2_R045_C08,PG_BOOL_R045,PG_BOOL_R045_C08,Y2_boolean_variation,string_function,6,6,6,6,1.0,1.0,1.0,0.0,0.0,0.9350000000000002,0.0,none,not_computed
BOOTSTRAP_V4_1_TO_V5_RULESET_CONDITIONED,RS_Y2_R045_C09,PG_BOOL_R045,PG_BOOL_R045_C09,Y2_boolean_variation,string_function,6,6,6,6,1.0,1.0,1.0,0.0,0.0,0.9350000000000002,0.0,none,not_computed
BOOTSTRAP_V4_1_TO_V5_RULESET_CONDITIONED,RS_Y2_R045_C10,PG_BOOL_R045,PG_BOOL_R045_C10,Y2_boolean_variation,string_function,6,6,6,6,1.0,1.0,1.0,0.0,0.0,0.9350000000000002,0.0,none,not_computed
BOOTSTRAP_V4_1_TO_V5_RULESET_CONDITIONED,RS_Y2_R046_C01,PG_BOOL_R046,PG_BOOL_R046_C01,Y2_boolean_variation,arithmetic_expression,6,6,6,6,1.0,1.0,1.0,0.0,0.0,0.9350000000000002,0.0,none,not_computed
BOOTSTRAP_V4_1_TO_V5_RULESET_CONDITIONED,RS_Y2_R046_C02,PG_BOOL_R046,PG_BOOL_R046_C02,Y2_boolean_variation,arithmetic_expression,6,6,6,6,1.0,1.0,1.0,0.0,0.0,0.9350000000000002,0.0,none,not_computed
BOOTSTRAP_V4_1_TO_V5_RULESET_CONDITIONED,RS_Y2_R046_C03,PG_BOOL_R046,PG_BOOL_R046_C03,Y2_boolean_variation,arithmetic_expression,6,6,6,6,1.0,1.0,1.0,0.0,0.0,0.9350000000000002,0.0,none,not_computed
BOOTSTRAP_V4_1_TO_V5_RULESET_CONDITIONED,RS_Y2_R046_C04,PG_BOOL_R046,PG_BOOL_R046_C04,Y2_boolean_variation,arithmetic_expression,6,6,6,6,1.0,1.0,1.0,0.0,0.0,0.9350000000000002,0.0,none,not_computed
BOOTSTRAP_V4_1_TO_V5_RULESET_CONDITIONED,RS_Y2_R046_C05,PG_BOOL_R046,PG_BOOL_R046_C05,Y2_boolean_variation,arithmetic_expression,6,6,6,6,1.0,1.0,1.0,0.0,0.0,0.9350000000000002,0.0,none,not_computed
BOOTSTRAP_V4_1_TO_V5_RULESET_CONDITIONED,RS_Y2_R046_C06,PG_BOOL_R046,PG_BOOL_R046_C06,Y2_boolean_variation,arithmetic_expression,6,6,6,6,1.0,1.0,1.0,0.0,0.0,0.9350000000000002,0.0,none,not_computed
BOOTSTRAP_V4_1_TO_V5_RULESET_CONDITIONED,RS_Y2_R046_C07,PG_BOOL_R046,PG_BOOL_R046_C07,Y2_boolean_variation,arithmetic_expression,6,6,6,6,1.0,1.0,1.0,0.0,0.0,0.9350000000000002,0.0,none,not_computed
BOOTSTRAP_V4_1_TO_V5_RULESET_CONDITIONED,RS_Y2_R046_C08,PG_BOOL_R046,PG_BOOL_R046_C08,Y2_boolean_variation,arithmetic_expression,6,6,6,6,1.0,1.0,1.0,0.0,0.0,0.9350000000000002,0.0,none,not_computed
BOOTSTRAP_V4_1_TO_V5_RULESET_CONDITIONED,RS_Y2_R046_C09,PG_BOOL_R046,PG_BOOL_R046_C09,Y2_boolean_variation,arithmetic_expression,6,6,6,6,1.0,1.0,1.0,0.0,0.0,0.9350000000000002,0.0,none,not_computed
BOOTSTRAP_V4_1_TO_V5_RULESET_CONDITIONED,RS_Y2_R046_C10,PG_BOOL_R046,PG_BOOL_R046_C10,Y2_boolean_variation,arithmetic_expression,6,6,6,6,1.0,1.0,1.0,0.0,0.0,0.9350000000000002,0.0,none,not_computed
BOOTSTRAP_V4_1_TO_V5_RULESET_CONDITIONED,RS_Y2_R047_C01,PG_BOOL_R047,PG_BOOL_R047_C01,Y2_boolean_variation,arithmetic_expression,6,6,6,6,1.0,1.0,1.0,0.0,0.0,0.9350000000000002,0.0,none,not_computed
BOOTSTRAP_V4_1_TO_V5_RULESET_CONDITIONED,RS_Y2_R047_C02,PG_BOOL_R047,PG_BOOL_R047_C02,Y2_boolean_variation,arithmetic_expression,6,6,6,6,1.0,1.0,1.0,0.0,0.0,0.9350000000000002,0.0,none,not_computed
BOOTSTRAP_V4_1_TO_V5_RULESET_CONDITIONED,RS_Y2_R047_C03,PG_BOOL_R047,PG_BOOL_R047_C03,Y2_boolean_variation,arithmetic_expression,6,6,6,6,1.0,1.0,1.0,0.0,0.0,0.9350000000000002,0.0,none,not_computed
BOOTSTRAP_V4_1_TO_V5_RULESET_CONDITIONED,RS_Y2_R047_C04,PG_BOOL_R047,PG_BOOL_R047_C04,Y2_boolean_variation,arithmetic_expression,6,6,6,6,1.0,1.0,1.0,0.0,0.0,0.9350000000000002,0.0,none,not_computed
BOOTSTRAP_V4_1_TO_V5_RULESET_CONDITIONED,RS_Y2_R047_C05,PG_BOOL_R047,PG_BOOL_R047_C05,Y2_boolean_variation,arithmetic_expression,6,6,6,6,1.0,1.0,1.0,0.0,0.0,0.9350000000000002,0.0,none,not_computed
BOOTSTRAP_V4_1_TO_V5_RULESET_CONDITIONED,RS_Y2_R047_C06,PG_BOOL_R047,PG_BOOL_R047_C06,Y2_boolean_variation,arithmetic_expression,6,6,6,6,1.0,1.0,1.0,0.0,0.0,0.9350000000000002,0.0,none,not_computed
BOOTSTRAP_V4_1_TO_V5_RULESET_CONDITIONED,RS_Y2_R047_C07,PG_BOOL_R047,PG_BOOL_R047_C07,Y2_boolean_variation,arithmetic_expression,6,6,6,6,1.0,1.0,1.0,0.0,0.0,0.9350000000000002,0.0,none,not_computed
BOOTSTRAP_V4_1_TO_V5_RULESET_CONDITIONED,RS_Y2_R047_C08,PG_BOOL_R047,PG_BOOL_R047_C08,Y2_boolean_variation,arithmetic_expression,6,6,6,6,1.0,1.0,1.0,0.0,0.0,0.9350000000000002,0.0,none,not_computed
BOOTSTRAP_V4_1_TO_V5_RULESET_CONDITIONED,RS_Y2_R047_C09,PG_BOOL_R047,PG_BOOL_R047_C09,Y2_boolean_variation,arithmetic_expression,6,6,6,6,1.0,1.0,1.0,0.0,0.0,0.9350000000000002,0.0,none,not_computed
BOOTSTRAP_V4_1_TO_V5_RULESET_CONDITIONED,RS_Y2_R047_C10,PG_BOOL_R047,PG_BOOL_R047_C10,Y2_boolean_variation,arithmetic_expression,6,6,6,6,1.0,1.0,1.0,0.0,0.0,0.9350000000000002,0.0,none,not_computed
BOOTSTRAP_V4_1_TO_V5_RULESET_CONDITIONED,RS_Y2_R048_C01,PG_BOOL_R048,PG_BOOL_R048_C01,Y2_boolean_variation,arithmetic_expression,6,6,6,6,1.0,1.0,1.0,0.0,0.0,0.9350000000000002,0.0,none,not_computed
BOOTSTRAP_V4_1_TO_V5_RULESET_CONDITIONED,RS_Y2_R048_C02,PG_BOOL_R048,PG_BOOL_R048_C02,Y2_boolean_variation,arithmetic_expression,6,6,6,6,1.0,1.0,1.0,0.0,0.0,0.9350000000000002,0.0,none,not_computed
BOOTSTRAP_V4_1_TO_V5_RULESET_CONDITIONED,RS_Y2_R048_C03,PG_BOOL_R048,PG_BOOL_R048_C03,Y2_boolean_variation,arithmetic_expression,6,6,6,6,1.0,1.0,1.0,0.0,0.0,0.9350000000000002,0.0,none,not_computed
BOOTSTRAP_V4_1_TO_V5_RULESET_CONDITIONED,RS_Y2_R048_C04,PG_BOOL_R048,PG_BOOL_R048_C04,Y2_boolean_variation,arithmetic_expression,6,6,6,6,1.0,1.0,1.0,0.0,0.0,0.9350000000000002,0.0,none,not_computed
BOOTSTRAP_V4_1_TO_V5_RULESET_CONDITIONED,RS_Y2_R048_C05,PG_BOOL_R048,PG_BOOL_R048_C05,Y2_boolean_variation,arithmetic_expression,6,6,6,6,1.0,1.0,1.0,0.0,0.0,0.9350000000000002,0.0,none,not_computed
BOOTSTRAP_V4_1_TO_V5_RULESET_CONDITIONED,RS_Y2_R048_C06,PG_BOOL_R048,PG_BOOL_R048_C06,Y2_boolean_variation,arithmetic_expression,6,6,6,6,1.0,1.0,1.0,0.0,0.0,0.9350000000000002,0.0,none,not_computed
BOOTSTRAP_V4_1_TO_V5_RULESET_CONDITIONED,RS_Y2_R048_C07,PG_BOOL_R048,PG_BOOL_R048_C07,Y2_boolean_variation,arithmetic_expression,6,6,6,6,1.0,1.0,1.0,0.0,0.0,0.9350000000000002,0.0,none,not_computed
BOOTSTRAP_V4_1_TO_V5_RULESET_CONDITIONED,RS_Y2_R048_C08,PG_BOOL_R048,PG_BOOL_R048_C08,Y2_boolean_variation,arithmetic_expression,6,6,6,6,1.0,1.0,1.0,0.0,0.0,0.9350000000000002,0.0,none,not_computed
BOOTSTRAP_V4_1_TO_V5_RULESET_CONDITIONED,RS_Y2_R048_C09,PG_BOOL_R048,PG_BOOL_R048_C09,Y2_boolean_variation,arithmetic_expression,6,6,6,6,1.0,1.0,1.0,0.0,0.0,0.9350000000000002,0.0,none,not_computed
BOOTSTRAP_V4_1_TO_V5_RULESET_CONDITIONED,RS_Y2_R048_C10,PG_BOOL_R048,PG_BOOL_R048_C10,Y2_boolean_variation,arithmetic_expression,6,6,6,6,1.0,1.0,1.0,0.0,0.0,0.9350000000000002,0.0,none,not_computed
BOOTSTRAP_V4_1_TO_V5_RULESET_CONDITIONED,RS_Y2_R049_C01,PG_BOOL_R049,PG_BOOL_R049_C01,Y2_boolean_variation,arithmetic_expression,6,6,6,0,1.0,1.0,1.0,0.0,0.0,0.9350000000000002,0.0,ok,not_computed
BOOTSTRAP_V4_1_TO_V5_RULESET_CONDITIONED,RS_Y2_R049_C02,PG_BOOL_R049,PG_BOOL_R049_C02,Y2_boolean_variation,arithmetic_expression,6,6,6,0,1.0,1.0,1.0,0.0,0.0,0.9350000000000002,0.0,ok,not_computed
BOOTSTRAP_V4_1_TO_V5_RULESET_CONDITIONED,RS_Y2_R049_C03,PG_BOOL_R049,PG_BOOL_R049_C03,Y2_boolean_variation,arithmetic_expression,6,6,6,0,1.0,1.0,1.0,0.0,0.0,0.9350000000000002,0.0,ok,not_computed
BOOTSTRAP_V4_1_TO_V5_RULESET_CONDITIONED,RS_Y2_R049_C04,PG_BOOL_R049,PG_BOOL_R049_C04,Y2_boolean_variation,arithmetic_expression,6,6,6,0,1.0,1.0,1.0,0.0,0.0,0.9350000000000002,0.0,ok,not_computed
BOOTSTRAP_V4_1_TO_V5_RULESET_CONDITIONED,RS_Y2_R049_C05,PG_BOOL_R049,PG_BOOL_R049_C05,Y2_boolean_variation,arithmetic_expression,6,6,6,0,1.0,1.0,1.0,0.0,0.0,0.9350000000000002,0.0,ok,not_computed
BOOTSTRAP_V4_1_TO_V5_RULESET_CONDITIONED,RS_Y2_R049_C06,PG_BOOL_R049,PG_BOOL_R049_C06,Y2_boolean_variation,arithmetic_expression,6,6,6,0,1.0,1.0,1.0,0.0,0.0,0.9350000000000002,0.0,ok,not_computed
BOOTSTRAP_V4_1_TO_V5_RULESET_CONDITIONED,RS_Y2_R049_C07,PG_BOOL_R049,PG_BOOL_R049_C07,Y2_boolean_variation,arithmetic_expression,6,6,6,0,1.0,1.0,1.0,0.0,0.0,0.9350000000000002,0.0,ok,not_computed
BOOTSTRAP_V4_1_TO_V5_RULESET_CONDITIONED,RS_Y2_R049_C08,PG_BOOL_R049,PG_BOOL_R049_C08,Y2_boolean_variation,arithmetic_expression,6,6,6,0,1.0,1.0,1.0,0.0,0.0,0.9350000000000002,0.0,ok,not_computed
BOOTSTRAP_V4_1_TO_V5_RULESET_CONDITIONED,RS_Y2_R049_C09,PG_BOOL_R049,PG_BOOL_R049_C09,Y2_boolean_variation,arithmetic_expression,6,6,6,0,1.0,1.0,1.0,0.0,0.0,0.9350000000000002,0.0,ok,not_computed
BOOTSTRAP_V4_1_TO_V5_RULESET_CONDITIONED,RS_Y2_R049_C10,PG_BOOL_R049,PG_BOOL_R049_C10,Y2_boolean_variation,arithmetic_expression,6,6,6,0,1.0,1.0,1.0,0.0,0.0,0.9350000000000002,0.0,ok,not_computed
BOOTSTRAP_V4_1_TO_V5_RULESET_CONDITIONED,RS_Y2_R050_C01,PG_BOOL_R050,PG_BOOL_R050_C01,Y2_boolean_variation,arithmetic_expression,6,6,6,6,1.0,1.0,1.0,0.0,0.0,0.9350000000000002,0.0,none,not_computed
BOOTSTRAP_V4_1_TO_V5_RULESET_CONDITIONED,RS_Y2_R050_C02,PG_BOOL_R050,PG_BOOL_R050_C02,Y2_boolean_variation,arithmetic_expression,6,6,6,6,1.0,1.0,1.0,0.0,0.0,0.9350000000000002,0.0,none,not_computed
BOOTSTRAP_V4_1_TO_V5_RULESET_CONDITIONED,RS_Y2_R050_C03,PG_BOOL_R050,PG_BOOL_R050_C03,Y2_boolean_variation,arithmetic_expression,6,6,6,6,1.0,1.0,1.0,0.0,0.0,0.9350000000000002,0.0,none,not_computed
BOOTSTRAP_V4_1_TO_V5_RULESET_CONDITIONED,RS_Y2_R050_C04,PG_BOOL_R050,PG_BOOL_R050_C04,Y2_boolean_variation,arithmetic_expression,6,6,6,6,1.0,1.0,1.0,0.0,0.0,0.9350000000000002,0.0,none,not_computed
BOOTSTRAP_V4_1_TO_V5_RULESET_CONDITIONED,RS_Y2_R050_C05,PG_BOOL_R050,PG_BOOL_R050_C05,Y2_boolean_variation,arithmetic_expression,6,6,6,6,1.0,1.0,1.0,0.0,0.0,0.9350000000000002,0.0,none,not_computed
BOOTSTRAP_V4_1_TO_V5_RULESET_CONDITIONED,RS_Y2_R050_C06,PG_BOOL_R050,PG_BOOL_R050_C06,Y2_boolean_variation,arithmetic_expression,6,6,6,6,1.0,1.0,1.0,0.0,0.0,0.9350000000000002,0.0,none,not_computed
BOOTSTRAP_V4_1_TO_V5_RULESET_CONDITIONED,RS_Y2_R050_C07,PG_BOOL_R050,PG_BOOL_R050_C07,Y2_boolean_variation,arithmetic_expression,6,6,6,6,1.0,1.0,1.0,0.0,0.0,0.9350000000000002,0.0,none,not_computed
BOOTSTRAP_V4_1_TO_V5_RULESET_CONDITIONED,RS_Y2_R050_C08,PG_BOOL_R050,PG_BOOL_R050_C08,Y2_boolean_variation,arithmetic_expression,6,6,6,6,1.0,1.0,1.0,0.0,0.0,0.9350000000000002,0.0,none,not_computed
BOOTSTRAP_V4_1_TO_V5_RULESET_CONDITIONED,RS_Y2_R050_C09,PG_BOOL_R050,PG_BOOL_R050_C09,Y2_boolean_variation,arithmetic_expression,6,6,6,6,1.0,1.0,1.0,0.0,0.0,0.9350000000000002,0.0,none,not_computed
BOOTSTRAP_V4_1_TO_V5_RULESET_CONDITIONED,RS_Y2_R050_C10,PG_BOOL_R050,PG_BOOL_R050_C10,Y2_boolean_variation,arithmetic_expression,6,6,6,6,1.0,1.0,1.0,0.0,0.0,0.9350000000000002,0.0,none,not_computed
BOOTSTRAP_V4_1_TO_V5_RULESET_CONDITIONED,RS_Y2_R051_C01,PG_BOOL_R051,PG_BOOL_R051_C01,Y2_boolean_variation,array_operator,6,6,6,6,1.0,1.0,1.0,0.0,0.0,0.9350000000000002,0.0,none,not_computed
BOOTSTRAP_V4_1_TO_V5_RULESET_CONDITIONED,RS_Y2_R051_C02,PG_BOOL_R051,PG_BOOL_R051_C02,Y2_boolean_variation,array_operator,6,6,6,6,1.0,1.0,1.0,0.0,0.0,0.9350000000000002,0.0,none,not_computed
BOOTSTRAP_V4_1_TO_V5_RULESET_CONDITIONED,RS_Y2_R051_C03,PG_BOOL_R051,PG_BOOL_R051_C03,Y2_boolean_variation,array_operator,6,6,6,6,1.0,1.0,1.0,0.0,0.0,0.9350000000000002,0.0,none,not_computed
BOOTSTRAP_V4_1_TO_V5_RULESET_CONDITIONED,RS_Y2_R051_C04,PG_BOOL_R051,PG_BOOL_R051_C04,Y2_boolean_variation,array_operator,6,6,6,6,1.0,1.0,1.0,0.0,0.0,0.9350000000000002,0.0,none,not_computed
BOOTSTRAP_V4_1_TO_V5_RULESET_CONDITIONED,RS_Y2_R051_C05,PG_BOOL_R051,PG_BOOL_R051_C05,Y2_boolean_variation,array_operator,6,6,6,6,1.0,1.0,1.0,0.0,0.0,0.9350000000000002,0.0,none,not_computed
BOOTSTRAP_V4_1_TO_V5_RULESET_CONDITIONED,RS_Y2_R051_C06,PG_BOOL_R051,PG_BOOL_R051_C06,Y2_boolean_variation,array_operator,6,6,6,6,1.0,1.0,1.0,0.0,0.0,0.9350000000000002,0.0,none,not_computed
BOOTSTRAP_V4_1_TO_V5_RULESET_CONDITIONED,RS_Y2_R051_C07,PG_BOOL_R051,PG_BOOL_R051_C07,Y2_boolean_variation,array_operator,6,6,6,6,1.0,1.0,1.0,0.0,0.0,0.9350000000000002,0.0,none,not_computed
BOOTSTRAP_V4_1_TO_V5_RULESET_CONDITIONED,RS_Y2_R051_C08,PG_BOOL_R051,PG_BOOL_R051_C08,Y2_boolean_variation,array_operator,6,6,6,6,1.0,1.0,1.0,0.0,0.0,0.9350000000000002,0.0,none,not_computed
BOOTSTRAP_V4_1_TO_V5_RULESET_CONDITIONED,RS_Y2_R051_C09,PG_BOOL_R051,PG_BOOL_R051_C09,Y2_boolean_variation,array_operator,6,6,6,6,1.0,1.0,1.0,0.0,0.0,0.9350000000000002,0.0,none,not_computed
BOOTSTRAP_V4_1_TO_V5_RULESET_CONDITIONED,RS_Y2_R051_C10,PG_BOOL_R051,PG_BOOL_R051_C10,Y2_boolean_variation,array_operator,6,6,6,6,1.0,1.0,1.0,0.0,0.0,0.9350000000000002,0.0,none,not_computed
BOOTSTRAP_V4_1_TO_V5_RULESET_CONDITIONED,RS_Y2_R052_C01,PG_BOOL_R052,PG_BOOL_R052_C01,Y2_boolean_variation,array_operator,6,6,6,6,1.0,1.0,1.0,0.0,0.0,0.9350000000000002,0.0,none,not_computed
BOOTSTRAP_V4_1_TO_V5_RULESET_CONDITIONED,RS_Y2_R052_C02,PG_BOOL_R052,PG_BOOL_R052_C02,Y2_boolean_variation,array_operator,6,6,6,6,1.0,1.0,1.0,0.0,0.0,0.9350000000000002,0.0,none,not_computed
BOOTSTRAP_V4_1_TO_V5_RULESET_CONDITIONED,RS_Y2_R052_C03,PG_BOOL_R052,PG_BOOL_R052_C03,Y2_boolean_variation,array_operator,6,6,6,6,1.0,1.0,1.0,0.0,0.0,0.9350000000000002,0.0,none,not_computed
BOOTSTRAP_V4_1_TO_V5_RULESET_CONDITIONED,RS_Y2_R052_C04,PG_BOOL_R052,PG_BOOL_R052_C04,Y2_boolean_variation,array_operator,6,6,6,6,1.0,1.0,1.0,0.0,0.0,0.9350000000000002,0.0,none,not_computed
BOOTSTRAP_V4_1_TO_V5_RULESET_CONDITIONED,RS_Y2_R052_C05,PG_BOOL_R052,PG_BOOL_R052_C05,Y2_boolean_variation,array_operator,6,6,6,6,1.0,1.0,1.0,0.0,0.0,0.9350000000000002,0.0,none,not_computed
BOOTSTRAP_V4_1_TO_V5_RULESET_CONDITIONED,RS_Y2_R052_C06,PG_BOOL_R052,PG_BOOL_R052_C06,Y2_boolean_variation,array_operator,6,6,6,6,1.0,1.0,1.0,0.0,0.0,0.9350000000000002,0.0,none,not_computed
BOOTSTRAP_V4_1_TO_V5_RULESET_CONDITIONED,RS_Y2_R052_C07,PG_BOOL_R052,PG_BOOL_R052_C07,Y2_boolean_variation,array_operator,6,6,6,6,1.0,1.0,1.0,0.0,0.0,0.9350000000000002,0.0,none,not_computed
BOOTSTRAP_V4_1_TO_V5_RULESET_CONDITIONED,RS_Y2_R052_C08,PG_BOOL_R052,PG_BOOL_R052_C08,Y2_boolean_variation,array_operator,6,6,6,6,1.0,1.0,1.0,0.0,0.0,0.9350000000000002,0.0,none,not_computed
BOOTSTRAP_V4_1_TO_V5_RULESET_CONDITIONED,RS_Y2_R052_C09,PG_BOOL_R052,PG_BOOL_R052_C09,Y2_boolean_variation,array_operator,6,6,6,6,1.0,1.0,1.0,0.0,0.0,0.9350000000000002,0.0,none,not_computed
BOOTSTRAP_V4_1_TO_V5_RULESET_CONDITIONED,RS_Y2_R052_C10,PG_BOOL_R052,PG_BOOL_R052_C10,Y2_boolean_variation,array_operator,6,6,6,6,1.0,1.0,1.0,0.0,0.0,0.9350000000000002,0.0,none,not_computed
BOOTSTRAP_V4_1_TO_V5_RULESET_CONDITIONED,RS_Y2_R053_C01,PG_BOOL_R053,PG_BOOL_R053_C01,Y2_boolean_variation,array_operator,6,6,6,0,1.0,1.0,1.0,0.0,0.0,0.585,0.0,boolean,not_computed
BOOTSTRAP_V4_1_TO_V5_RULESET_CONDITIONED,RS_Y2_R053_C02,PG_BOOL_R053,PG_BOOL_R053_C02,Y2_boolean_variation,array_operator,6,6,6,0,1.0,1.0,1.0,0.0,0.0,0.585,0.0,boolean,not_computed
BOOTSTRAP_V4_1_TO_V5_RULESET_CONDITIONED,RS_Y2_R053_C03,PG_BOOL_R053,PG_BOOL_R053_C03,Y2_boolean_variation,array_operator,6,6,6,6,1.0,1.0,1.0,0.0,0.0,0.9350000000000002,0.0,none,not_computed
BOOTSTRAP_V4_1_TO_V5_RULESET_CONDITIONED,RS_Y2_R053_C04,PG_BOOL_R053,PG_BOOL_R053_C04,Y2_boolean_variation,array_operator,6,6,6,6,1.0,1.0,1.0,0.0,0.0,0.9350000000000002,0.0,none,not_computed
BOOTSTRAP_V4_1_TO_V5_RULESET_CONDITIONED,RS_Y2_R053_C05,PG_BOOL_R053,PG_BOOL_R053_C05,Y2_boolean_variation,array_operator,6,6,6,6,1.0,1.0,1.0,0.0,0.0,0.9350000000000002,0.0,none,not_computed
BOOTSTRAP_V4_1_TO_V5_RULESET_CONDITIONED,RS_Y2_R053_C06,PG_BOOL_R053,PG_BOOL_R053_C06,Y2_boolean_variation,array_operator,6,6,6,0,1.0,1.0,1.0,0.0,0.0,0.585,0.0,boolean,not_computed
BOOTSTRAP_V4_1_TO_V5_RULESET_CONDITIONED,RS_Y2_R053_C07,PG_BOOL_R053,PG_BOOL_R053_C07,Y2_boolean_variation,array_operator,6,6,6,6,1.0,1.0,1.0,0.0,0.0,0.9350000000000002,0.0,none,not_computed
BOOTSTRAP_V4_1_TO_V5_RULESET_CONDITIONED,RS_Y2_R053_C08,PG_BOOL_R053,PG_BOOL_R053_C08,Y2_boolean_variation,array_operator,6,6,6,6,1.0,1.0,1.0,0.0,0.0,0.9350000000000002,0.0,none,not_computed
BOOTSTRAP_V4_1_TO_V5_RULESET_CONDITIONED,RS_Y2_R053_C09,PG_BOOL_R053,PG_BOOL_R053_C09,Y2_boolean_variation,array_operator,6,6,6,6,1.0,1.0,1.0,0.0,0.0,0.9350000000000002,0.0,none,not_computed
BOOTSTRAP_V4_1_TO_V5_RULESET_CONDITIONED,RS_Y2_R053_C10,PG_BOOL_R053,PG_BOOL_R053_C10,Y2_boolean_variation,array_operator,6,6,6,0,1.0,1.0,1.0,0.0,0.0,0.585,0.0,boolean,not_computed
BOOTSTRAP_V4_1_TO_V5_RULESET_CONDITIONED,RS_Y2_R054_C01,PG_BOOL_R054,PG_BOOL_R054_C01,Y2_boolean_variation,array_operator,6,6,6,6,1.0,1.0,1.0,0.0,0.0,0.9350000000000002,0.0,none,not_computed
BOOTSTRAP_V4_1_TO_V5_RULESET_CONDITIONED,RS_Y2_R054_C02,PG_BOOL_R054,PG_BOOL_R054_C02,Y2_boolean_variation,array_operator,6,6,6,6,1.0,1.0,1.0,0.0,0.0,0.9350000000000002,0.0,none,not_computed
BOOTSTRAP_V4_1_TO_V5_RULESET_CONDITIONED,RS_Y2_R054_C03,PG_BOOL_R054,PG_BOOL_R054_C03,Y2_boolean_variation,array_operator,6,6,6,6,1.0,1.0,1.0,0.0,0.0,0.9350000000000002,0.0,none,not_computed
BOOTSTRAP_V4_1_TO_V5_RULESET_CONDITIONED,RS_Y2_R054_C04,PG_BOOL_R054,PG_BOOL_R054_C04,Y2_boolean_variation,array_operator,6,6,6,6,1.0,1.0,1.0,0.0,0.0,0.9350000000000002,0.0,none,not_computed
BOOTSTRAP_V4_1_TO_V5_RULESET_CONDITIONED,RS_Y2_R054_C05,PG_BOOL_R054,PG_BOOL_R054_C05,Y2_boolean_variation,array_operator,6,6,6,6,1.0,1.0,1.0,0.0,0.0,0.9350000000000002,0.0,none,not_computed
BOOTSTRAP_V4_1_TO_V5_RULESET_CONDITIONED,RS_Y2_R054_C06,PG_BOOL_R054,PG_BOOL_R054_C06,Y2_boolean_variation,array_operator,6,6,6,6,1.0,1.0,1.0,0.0,0.0,0.9350000000000002,0.0,none,not_computed
BOOTSTRAP_V4_1_TO_V5_RULESET_CONDITIONED,RS_Y2_R054_C07,PG_BOOL_R054,PG_BOOL_R054_C07,Y2_boolean_variation,array_operator,6,6,6,6,1.0,1.0,1.0,0.0,0.0,0.9350000000000002,0.0,none,not_computed
BOOTSTRAP_V4_1_TO_V5_RULESET_CONDITIONED,RS_Y2_R054_C08,PG_BOOL_R054,PG_BOOL_R054_C08,Y2_boolean_variation,array_operator,6,6,6,6,1.0,1.0,1.0,0.0,0.0,0.9350000000000002,0.0,none,not_computed
BOOTSTRAP_V4_1_TO_V5_RULESET_CONDITIONED,RS_Y2_R054_C09,PG_BOOL_R054,PG_BOOL_R054_C09,Y2_boolean_variation,array_operator,6,6,6,6,1.0,1.0,1.0,0.0,0.0,0.9350000000000002,0.0,none,not_computed
BOOTSTRAP_V4_1_TO_V5_RULESET_CONDITIONED,RS_Y2_R054_C10,PG_BOOL_R054,PG_BOOL_R054_C10,Y2_boolean_variation,array_operator,6,6,6,6,1.0,1.0,1.0,0.0,0.0,0.9350000000000002,0.0,none,not_computed
BOOTSTRAP_V4_1_TO_V5_RULESET_CONDITIONED,RS_Y2_R055_C01,PG_BOOL_R055,PG_BOOL_R055_C01,Y2_boolean_variation,array_operator,6,6,6,6,1.0,1.0,1.0,0.0,0.0,0.9350000000000002,0.0,none,not_computed
BOOTSTRAP_V4_1_TO_V5_RULESET_CONDITIONED,RS_Y2_R055_C02,PG_BOOL_R055,PG_BOOL_R055_C02,Y2_boolean_variation,array_operator,6,6,6,6,1.0,1.0,1.0,0.0,0.0,0.9350000000000002,0.0,none,not_computed
BOOTSTRAP_V4_1_TO_V5_RULESET_CONDITIONED,RS_Y2_R055_C03,PG_BOOL_R055,PG_BOOL_R055_C03,Y2_boolean_variation,array_operator,6,6,6,6,1.0,1.0,1.0,0.0,0.0,0.9350000000000002,0.0,none,not_computed
BOOTSTRAP_V4_1_TO_V5_RULESET_CONDITIONED,RS_Y2_R055_C04,PG_BOOL_R055,PG_BOOL_R055_C04,Y2_boolean_variation,array_operator,6,6,6,6,1.0,1.0,1.0,0.0,0.0,0.9350000000000002,0.0,none,not_computed
BOOTSTRAP_V4_1_TO_V5_RULESET_CONDITIONED,RS_Y2_R055_C05,PG_BOOL_R055,PG_BOOL_R055_C05,Y2_boolean_variation,array_operator,6,6,6,6,1.0,1.0,1.0,0.0,0.0,0.9350000000000002,0.0,none,not_computed
BOOTSTRAP_V4_1_TO_V5_RULESET_CONDITIONED,RS_Y2_R055_C06,PG_BOOL_R055,PG_BOOL_R055_C06,Y2_boolean_variation,array_operator,6,6,6,6,1.0,1.0,1.0,0.0,0.0,0.9350000000000002,0.0,none,not_computed
BOOTSTRAP_V4_1_TO_V5_RULESET_CONDITIONED,RS_Y2_R055_C07,PG_BOOL_R055,PG_BOOL_R055_C07,Y2_boolean_variation,array_operator,6,6,6,6,1.0,1.0,1.0,0.0,0.0,0.9350000000000002,0.0,none,not_computed
BOOTSTRAP_V4_1_TO_V5_RULESET_CONDITIONED,RS_Y2_R055_C08,PG_BOOL_R055,PG_BOOL_R055_C08,Y2_boolean_variation,array_operator,6,6,6,6,1.0,1.0,1.0,0.0,0.0,0.9350000000000002,0.0,none,not_computed
BOOTSTRAP_V4_1_TO_V5_RULESET_CONDITIONED,RS_Y2_R055_C09,PG_BOOL_R055,PG_BOOL_R055_C09,Y2_boolean_variation,array_operator,6,6,6,6,1.0,1.0,1.0,0.0,0.0,0.9350000000000002,0.0,none,not_computed
BOOTSTRAP_V4_1_TO_V5_RULESET_CONDITIONED,RS_Y2_R055_C10,PG_BOOL_R055,PG_BOOL_R055_C10,Y2_boolean_variation,array_operator,6,6,6,6,1.0,1.0,1.0,0.0,0.0,0.9350000000000002,0.0,none,not_computed
BOOTSTRAP_V4_1_TO_V5_RULESET_CONDITIONED,RS_Y2_R056_C01,PG_BOOL_R056,PG_BOOL_R056_C01,Y2_boolean_variation,row_comparison,6,6,6,6,1.0,1.0,1.0,0.0,0.0,0.9350000000000002,0.0,none,not_computed
BOOTSTRAP_V4_1_TO_V5_RULESET_CONDITIONED,RS_Y2_R056_C02,PG_BOOL_R056,PG_BOOL_R056_C02,Y2_boolean_variation,row_comparison,6,6,6,6,1.0,1.0,1.0,0.0,0.0,0.9350000000000002,0.0,none,not_computed
BOOTSTRAP_V4_1_TO_V5_RULESET_CONDITIONED,RS_Y2_R056_C03,PG_BOOL_R056,PG_BOOL_R056_C03,Y2_boolean_variation,row_comparison,6,6,6,6,1.0,1.0,1.0,0.0,0.0,0.9350000000000002,0.0,none,not_computed
BOOTSTRAP_V4_1_TO_V5_RULESET_CONDITIONED,RS_Y2_R056_C04,PG_BOOL_R056,PG_BOOL_R056_C04,Y2_boolean_variation,row_comparison,6,6,6,6,1.0,1.0,1.0,0.0,0.0,0.9350000000000002,0.0,none,not_computed
BOOTSTRAP_V4_1_TO_V5_RULESET_CONDITIONED,RS_Y2_R056_C05,PG_BOOL_R056,PG_BOOL_R056_C05,Y2_boolean_variation,row_comparison,6,6,6,6,1.0,1.0,1.0,0.0,0.0,0.9350000000000002,0.0,none,not_computed
BOOTSTRAP_V4_1_TO_V5_RULESET_CONDITIONED,RS_Y2_R056_C06,PG_BOOL_R056,PG_BOOL_R056_C06,Y2_boolean_variation,row_comparison,6,6,6,6,1.0,1.0,1.0,0.0,0.0,0.9350000000000002,0.0,none,not_computed
BOOTSTRAP_V4_1_TO_V5_RULESET_CONDITIONED,RS_Y2_R056_C07,PG_BOOL_R056,PG_BOOL_R056_C07,Y2_boolean_variation,row_comparison,6,6,6,6,1.0,1.0,1.0,0.0,0.0,0.9350000000000002,0.0,none,not_computed
BOOTSTRAP_V4_1_TO_V5_RULESET_CONDITIONED,RS_Y2_R056_C08,PG_BOOL_R056,PG_BOOL_R056_C08,Y2_boolean_variation,row_comparison,6,6,6,6,1.0,1.0,1.0,0.0,0.0,0.9350000000000002,0.0,none,not_computed
BOOTSTRAP_V4_1_TO_V5_RULESET_CONDITIONED,RS_Y2_R056_C09,PG_BOOL_R056,PG_BOOL_R056_C09,Y2_boolean_variation,row_comparison,6,6,6,6,1.0,1.0,1.0,0.0,0.0,0.9350000000000002,0.0,none,not_computed
BOOTSTRAP_V4_1_TO_V5_RULESET_CONDITIONED,RS_Y2_R056_C10,PG_BOOL_R056,PG_BOOL_R056_C10,Y2_boolean_variation,row_comparison,6,6,6,6,1.0,1.0,1.0,0.0,0.0,0.9350000000000002,0.0,none,not_computed
BOOTSTRAP_V4_1_TO_V5_RULESET_CONDITIONED,RS_Y2_R057_C01,PG_BOOL_R057,PG_BOOL_R057_C01,Y2_boolean_variation,row_comparison,6,6,6,6,1.0,1.0,1.0,0.0,0.0,0.9350000000000002,0.0,none,not_computed
BOOTSTRAP_V4_1_TO_V5_RULESET_CONDITIONED,RS_Y2_R057_C02,PG_BOOL_R057,PG_BOOL_R057_C02,Y2_boolean_variation,row_comparison,6,6,6,6,1.0,1.0,1.0,0.0,0.0,0.9350000000000002,0.0,none,not_computed
BOOTSTRAP_V4_1_TO_V5_RULESET_CONDITIONED,RS_Y2_R057_C03,PG_BOOL_R057,PG_BOOL_R057_C03,Y2_boolean_variation,row_comparison,6,6,6,6,1.0,1.0,1.0,0.0,0.0,0.9350000000000002,0.0,none,not_computed
BOOTSTRAP_V4_1_TO_V5_RULESET_CONDITIONED,RS_Y2_R057_C04,PG_BOOL_R057,PG_BOOL_R057_C04,Y2_boolean_variation,row_comparison,6,6,6,6,1.0,1.0,1.0,0.0,0.0,0.9350000000000002,0.0,none,not_computed
BOOTSTRAP_V4_1_TO_V5_RULESET_CONDITIONED,RS_Y2_R057_C05,PG_BOOL_R057,PG_BOOL_R057_C05,Y2_boolean_variation,row_comparison,6,6,6,6,1.0,1.0,1.0,0.0,0.0,0.9350000000000002,0.0,none,not_computed
BOOTSTRAP_V4_1_TO_V5_RULESET_CONDITIONED,RS_Y2_R057_C06,PG_BOOL_R057,PG_BOOL_R057_C06,Y2_boolean_variation,row_comparison,6,6,6,6,1.0,1.0,1.0,0.0,0.0,0.9350000000000002,0.0,none,not_computed
BOOTSTRAP_V4_1_TO_V5_RULESET_CONDITIONED,RS_Y2_R057_C07,PG_BOOL_R057,PG_BOOL_R057_C07,Y2_boolean_variation,row_comparison,6,6,6,6,1.0,1.0,1.0,0.0,0.0,0.9350000000000002,0.0,none,not_computed
BOOTSTRAP_V4_1_TO_V5_RULESET_CONDITIONED,RS_Y2_R057_C08,PG_BOOL_R057,PG_BOOL_R057_C08,Y2_boolean_variation,row_comparison,6,6,6,6,1.0,1.0,1.0,0.0,0.0,0.9350000000000002,0.0,none,not_computed
BOOTSTRAP_V4_1_TO_V5_RULESET_CONDITIONED,RS_Y2_R057_C09,PG_BOOL_R057,PG_BOOL_R057_C09,Y2_boolean_variation,row_comparison,6,6,6,6,1.0,1.0,1.0,0.0,0.0,0.9350000000000002,0.0,none,not_computed
BOOTSTRAP_V4_1_TO_V5_RULESET_CONDITIONED,RS_Y2_R057_C10,PG_BOOL_R057,PG_BOOL_R057_C10,Y2_boolean_variation,row_comparison,6,6,6,6,1.0,1.0,1.0,0.0,0.0,0.9350000000000002,0.0,none,not_computed
BOOTSTRAP_V4_1_TO_V5_RULESET_CONDITIONED,RS_Y2_R058_C01,PG_BOOL_R058,PG_BOOL_R058_C01,Y2_boolean_variation,row_comparison,6,6,6,3,1.0,1.0,1.0,0.0,0.0,0.7600000000000001,0.0,boolean,not_computed
BOOTSTRAP_V4_1_TO_V5_RULESET_CONDITIONED,RS_Y2_R058_C02,PG_BOOL_R058,PG_BOOL_R058_C02,Y2_boolean_variation,row_comparison,6,6,6,3,1.0,1.0,1.0,0.0,0.0,0.7600000000000001,0.0,boolean,not_computed
BOOTSTRAP_V4_1_TO_V5_RULESET_CONDITIONED,RS_Y2_R058_C03,PG_BOOL_R058,PG_BOOL_R058_C03,Y2_boolean_variation,row_comparison,6,6,6,6,1.0,1.0,1.0,0.0,0.0,0.9350000000000002,0.0,none,not_computed
BOOTSTRAP_V4_1_TO_V5_RULESET_CONDITIONED,RS_Y2_R058_C04,PG_BOOL_R058,PG_BOOL_R058_C04,Y2_boolean_variation,row_comparison,6,6,6,6,1.0,1.0,1.0,0.0,0.0,0.9350000000000002,0.0,none,not_computed
BOOTSTRAP_V4_1_TO_V5_RULESET_CONDITIONED,RS_Y2_R058_C05,PG_BOOL_R058,PG_BOOL_R058_C05,Y2_boolean_variation,row_comparison,6,6,6,6,1.0,1.0,1.0,0.0,0.0,0.9350000000000002,0.0,none,not_computed
BOOTSTRAP_V4_1_TO_V5_RULESET_CONDITIONED,RS_Y2_R058_C06,PG_BOOL_R058,PG_BOOL_R058_C06,Y2_boolean_variation,row_comparison,6,6,6,3,1.0,1.0,1.0,0.0,0.0,0.7600000000000001,0.0,boolean,not_computed
BOOTSTRAP_V4_1_TO_V5_RULESET_CONDITIONED,RS_Y2_R058_C07,PG_BOOL_R058,PG_BOOL_R058_C07,Y2_boolean_variation,row_comparison,6,6,6,6,1.0,1.0,1.0,0.0,0.0,0.9350000000000002,0.0,none,not_computed
BOOTSTRAP_V4_1_TO_V5_RULESET_CONDITIONED,RS_Y2_R058_C08,PG_BOOL_R058,PG_BOOL_R058_C08,Y2_boolean_variation,row_comparison,6,6,6,6,1.0,1.0,1.0,0.0,0.0,0.9350000000000002,0.0,none,not_computed
BOOTSTRAP_V4_1_TO_V5_RULESET_CONDITIONED,RS_Y2_R058_C09,PG_BOOL_R058,PG_BOOL_R058_C09,Y2_boolean_variation,row_comparison,6,6,6,6,1.0,1.0,1.0,0.0,0.0,0.9350000000000002,0.0,none,not_computed
BOOTSTRAP_V4_1_TO_V5_RULESET_CONDITIONED,RS_Y2_R058_C10,PG_BOOL_R058,PG_BOOL_R058_C10,Y2_boolean_variation,row_comparison,6,6,6,3,1.0,1.0,1.0,0.0,0.0,0.7600000000000001,0.0,boolean,not_computed
BOOTSTRAP_V4_1_TO_V5_RULESET_CONDITIONED,RS_Y2_R059_C01,PG_BOOL_R059,PG_BOOL_R059_C01,Y2_boolean_variation,row_comparison,6,6,6,6,1.0,1.0,1.0,0.0,0.0,0.9350000000000002,0.0,none,not_computed
BOOTSTRAP_V4_1_TO_V5_RULESET_CONDITIONED,RS_Y2_R059_C02,PG_BOOL_R059,PG_BOOL_R059_C02,Y2_boolean_variation,row_comparison,6,6,6,6,1.0,1.0,1.0,0.0,0.0,0.9350000000000002,0.0,none,not_computed
BOOTSTRAP_V4_1_TO_V5_RULESET_CONDITIONED,RS_Y2_R059_C03,PG_BOOL_R059,PG_BOOL_R059_C03,Y2_boolean_variation,row_comparison,6,6,6,6,1.0,1.0,1.0,0.0,0.0,0.9350000000000002,0.0,none,not_computed
BOOTSTRAP_V4_1_TO_V5_RULESET_CONDITIONED,RS_Y2_R059_C04,PG_BOOL_R059,PG_BOOL_R059_C04,Y2_boolean_variation,row_comparison,6,6,6,6,1.0,1.0,1.0,0.0,0.0,0.9350000000000002,0.0,none,not_computed
BOOTSTRAP_V4_1_TO_V5_RULESET_CONDITIONED,RS_Y2_R059_C05,PG_BOOL_R059,PG_BOOL_R059_C05,Y2_boolean_variation,row_comparison,6,6,6,6,1.0,1.0,1.0,0.0,0.0,0.9350000000000002,0.0,none,not_computed
BOOTSTRAP_V4_1_TO_V5_RULESET_CONDITIONED,RS_Y2_R059_C06,PG_BOOL_R059,PG_BOOL_R059_C06,Y2_boolean_variation,row_comparison,6,6,6,6,1.0,1.0,1.0,0.0,0.0,0.9350000000000002,0.0,none,not_computed
BOOTSTRAP_V4_1_TO_V5_RULESET_CONDITIONED,RS_Y2_R059_C07,PG_BOOL_R059,PG_BOOL_R059_C07,Y2_boolean_variation,row_comparison,6,6,6,6,1.0,1.0,1.0,0.0,0.0,0.9350000000000002,0.0,none,not_computed
BOOTSTRAP_V4_1_TO_V5_RULESET_CONDITIONED,RS_Y2_R059_C08,PG_BOOL_R059,PG_BOOL_R059_C08,Y2_boolean_variation,row_comparison,6,6,6,6,1.0,1.0,1.0,0.0,0.0,0.9350000000000002,0.0,none,not_computed
BOOTSTRAP_V4_1_TO_V5_RULESET_CONDITIONED,RS_Y2_R059_C09,PG_BOOL_R059,PG_BOOL_R059_C09,Y2_boolean_variation,row_comparison,6,6,6,6,1.0,1.0,1.0,0.0,0.0,0.9350000000000002,0.0,none,not_computed
BOOTSTRAP_V4_1_TO_V5_RULESET_CONDITIONED,RS_Y2_R059_C10,PG_BOOL_R059,PG_BOOL_R059_C10,Y2_boolean_variation,row_comparison,6,6,6,6,1.0,1.0,1.0,0.0,0.0,0.9350000000000002,0.0,none,not_computed
BOOTSTRAP_V4_1_TO_V5_RULESET_CONDITIONED,RS_Y2_R060_C01,PG_BOOL_R060,PG_BOOL_R060_C01,Y2_boolean_variation,row_comparison,6,6,6,3,1.0,1.0,1.0,0.0,0.0,0.7600000000000001,0.0,boolean,not_computed
BOOTSTRAP_V4_1_TO_V5_RULESET_CONDITIONED,RS_Y2_R060_C02,PG_BOOL_R060,PG_BOOL_R060_C02,Y2_boolean_variation,row_comparison,6,6,6,3,1.0,1.0,1.0,0.0,0.0,0.7600000000000001,0.0,boolean,not_computed
BOOTSTRAP_V4_1_TO_V5_RULESET_CONDITIONED,RS_Y2_R060_C03,PG_BOOL_R060,PG_BOOL_R060_C03,Y2_boolean_variation,row_comparison,6,6,6,6,1.0,1.0,1.0,0.0,0.0,0.9350000000000002,0.0,none,not_computed
BOOTSTRAP_V4_1_TO_V5_RULESET_CONDITIONED,RS_Y2_R060_C04,PG_BOOL_R060,PG_BOOL_R060_C04,Y2_boolean_variation,row_comparison,6,6,6,6,1.0,1.0,1.0,0.0,0.0,0.9350000000000002,0.0,none,not_computed
BOOTSTRAP_V4_1_TO_V5_RULESET_CONDITIONED,RS_Y2_R060_C05,PG_BOOL_R060,PG_BOOL_R060_C05,Y2_boolean_variation,row_comparison,6,6,6,6,1.0,1.0,1.0,0.0,0.0,0.9350000000000002,0.0,none,not_computed
BOOTSTRAP_V4_1_TO_V5_RULESET_CONDITIONED,RS_Y2_R060_C06,PG_BOOL_R060,PG_BOOL_R060_C06,Y2_boolean_variation,row_comparison,6,6,6,3,1.0,1.0,1.0,0.0,0.0,0.7600000000000001,0.0,boolean,not_computed
BOOTSTRAP_V4_1_TO_V5_RULESET_CONDITIONED,RS_Y2_R060_C07,PG_BOOL_R060,PG_BOOL_R060_C07,Y2_boolean_variation,row_comparison,6,6,6,6,1.0,1.0,1.0,0.0,0.0,0.9350000000000002,0.0,none,not_computed
BOOTSTRAP_V4_1_TO_V5_RULESET_CONDITIONED,RS_Y2_R060_C08,PG_BOOL_R060,PG_BOOL_R060_C08,Y2_boolean_variation,row_comparison,6,6,6,6,1.0,1.0,1.0,0.0,0.0,0.9350000000000002,0.0,none,not_computed
BOOTSTRAP_V4_1_TO_V5_RULESET_CONDITIONED,RS_Y2_R060_C09,PG_BOOL_R060,PG_BOOL_R060_C09,Y2_boolean_variation,row_comparison,6,6,6,6,1.0,1.0,1.0,0.0,0.0,0.9350000000000002,0.0,none,not_computed
BOOTSTRAP_V4_1_TO_V5_RULESET_CONDITIONED,RS_Y2_R060_C10,PG_BOOL_R060,PG_BOOL_R060_C10,Y2_boolean_variation,row_comparison,6,6,6,3,1.0,1.0,1.0,0.0,0.0,0.7600000000000001,0.0,boolean,not_computed
BOOTSTRAP_V4_1_TO_V5_RULESET_CONDITIONED,RS_Y2_R061_C01,PG_BOOL_R061,PG_BOOL_R061_C01,Y2_boolean_variation,conditional_expression,6,6,6,6,1.0,1.0,1.0,0.0,0.0,0.9350000000000002,0.0,none,not_computed
BOOTSTRAP_V4_1_TO_V5_RULESET_CONDITIONED,RS_Y2_R061_C02,PG_BOOL_R061,PG_BOOL_R061_C02,Y2_boolean_variation,conditional_expression,6,6,6,6,1.0,1.0,1.0,0.0,0.0,0.9350000000000002,0.0,none,not_computed
BOOTSTRAP_V4_1_TO_V5_RULESET_CONDITIONED,RS_Y2_R061_C03,PG_BOOL_R061,PG_BOOL_R061_C03,Y2_boolean_variation,conditional_expression,6,6,6,6,1.0,1.0,1.0,0.0,0.0,0.9350000000000002,0.0,none,not_computed
BOOTSTRAP_V4_1_TO_V5_RULESET_CONDITIONED,RS_Y2_R061_C04,PG_BOOL_R061,PG_BOOL_R061_C04,Y2_boolean_variation,conditional_expression,6,6,6,6,1.0,1.0,1.0,0.0,0.0,0.9350000000000002,0.0,none,not_computed
BOOTSTRAP_V4_1_TO_V5_RULESET_CONDITIONED,RS_Y2_R061_C05,PG_BOOL_R061,PG_BOOL_R061_C05,Y2_boolean_variation,conditional_expression,6,6,6,6,1.0,1.0,1.0,0.0,0.0,0.9350000000000002,0.0,none,not_computed
BOOTSTRAP_V4_1_TO_V5_RULESET_CONDITIONED,RS_Y2_R061_C06,PG_BOOL_R061,PG_BOOL_R061_C06,Y2_boolean_variation,conditional_expression,6,6,6,6,1.0,1.0,1.0,0.0,0.0,0.9350000000000002,0.0,none,not_computed
BOOTSTRAP_V4_1_TO_V5_RULESET_CONDITIONED,RS_Y2_R061_C07,PG_BOOL_R061,PG_BOOL_R061_C07,Y2_boolean_variation,conditional_expression,6,6,6,6,1.0,1.0,1.0,0.0,0.0,0.9350000000000002,0.0,none,not_computed
BOOTSTRAP_V4_1_TO_V5_RULESET_CONDITIONED,RS_Y2_R061_C08,PG_BOOL_R061,PG_BOOL_R061_C08,Y2_boolean_variation,conditional_expression,6,6,6,6,1.0,1.0,1.0,0.0,0.0,0.9350000000000002,0.0,none,not_computed
BOOTSTRAP_V4_1_TO_V5_RULESET_CONDITIONED,RS_Y2_R061_C09,PG_BOOL_R061,PG_BOOL_R061_C09,Y2_boolean_variation,conditional_expression,6,6,6,6,1.0,1.0,1.0,0.0,0.0,0.9350000000000002,0.0,none,not_computed
BOOTSTRAP_V4_1_TO_V5_RULESET_CONDITIONED,RS_Y2_R061_C10,PG_BOOL_R061,PG_BOOL_R061_C10,Y2_boolean_variation,conditional_expression,6,6,6,6,1.0,1.0,1.0,0.0,0.0,0.9350000000000002,0.0,none,not_computed
BOOTSTRAP_V4_1_TO_V5_RULESET_CONDITIONED,RS_Y2_R062_C01,PG_BOOL_R062,PG_BOOL_R062_C01,Y2_boolean_variation,conditional_expression,6,6,6,6,1.0,1.0,1.0,0.0,0.0,0.9350000000000002,0.0,none,not_computed
BOOTSTRAP_V4_1_TO_V5_RULESET_CONDITIONED,RS_Y2_R062_C02,PG_BOOL_R062,PG_BOOL_R062_C02,Y2_boolean_variation,conditional_expression,6,6,6,6,1.0,1.0,1.0,0.0,0.0,0.9350000000000002,0.0,none,not_computed
BOOTSTRAP_V4_1_TO_V5_RULESET_CONDITIONED,RS_Y2_R062_C03,PG_BOOL_R062,PG_BOOL_R062_C03,Y2_boolean_variation,conditional_expression,6,6,6,6,1.0,1.0,1.0,0.0,0.0,0.9350000000000002,0.0,none,not_computed
BOOTSTRAP_V4_1_TO_V5_RULESET_CONDITIONED,RS_Y2_R062_C04,PG_BOOL_R062,PG_BOOL_R062_C04,Y2_boolean_variation,conditional_expression,6,6,6,6,1.0,1.0,1.0,0.0,0.0,0.9350000000000002,0.0,none,not_computed
BOOTSTRAP_V4_1_TO_V5_RULESET_CONDITIONED,RS_Y2_R062_C05,PG_BOOL_R062,PG_BOOL_R062_C05,Y2_boolean_variation,conditional_expression,6,6,6,6,1.0,1.0,1.0,0.0,0.0,0.9350000000000002,0.0,none,not_computed
BOOTSTRAP_V4_1_TO_V5_RULESET_CONDITIONED,RS_Y2_R062_C06,PG_BOOL_R062,PG_BOOL_R062_C06,Y2_boolean_variation,conditional_expression,6,6,6,6,1.0,1.0,1.0,0.0,0.0,0.9350000000000002,0.0,none,not_computed
BOOTSTRAP_V4_1_TO_V5_RULESET_CONDITIONED,RS_Y2_R062_C07,PG_BOOL_R062,PG_BOOL_R062_C07,Y2_boolean_variation,conditional_expression,6,6,6,6,1.0,1.0,1.0,0.0,0.0,0.9350000000000002,0.0,none,not_computed
BOOTSTRAP_V4_1_TO_V5_RULESET_CONDITIONED,RS_Y2_R062_C08,PG_BOOL_R062,PG_BOOL_R062_C08,Y2_boolean_variation,conditional_expression,6,6,6,6,1.0,1.0,1.0,0.0,0.0,0.9350000000000002,0.0,none,not_computed
BOOTSTRAP_V4_1_TO_V5_RULESET_CONDITIONED,RS_Y2_R062_C09,PG_BOOL_R062,PG_BOOL_R062_C09,Y2_boolean_variation,conditional_expression,6,6,6,6,1.0,1.0,1.0,0.0,0.0,0.9350000000000002,0.0,none,not_computed
BOOTSTRAP_V4_1_TO_V5_RULESET_CONDITIONED,RS_Y2_R062_C10,PG_BOOL_R062,PG_BOOL_R062_C10,Y2_boolean_variation,conditional_expression,6,6,6,6,1.0,1.0,1.0,0.0,0.0,0.9350000000000002,0.0,none,not_computed
BOOTSTRAP_V4_1_TO_V5_RULESET_CONDITIONED,RS_Y2_R063_C01,PG_BOOL_R063,PG_BOOL_R063_C01,Y2_boolean_variation,conditional_expression,6,6,6,6,1.0,1.0,1.0,0.0,0.0,0.9350000000000002,0.0,none,not_computed
BOOTSTRAP_V4_1_TO_V5_RULESET_CONDITIONED,RS_Y2_R063_C02,PG_BOOL_R063,PG_BOOL_R063_C02,Y2_boolean_variation,conditional_expression,6,6,6,6,1.0,1.0,1.0,0.0,0.0,0.9350000000000002,0.0,none,not_computed
BOOTSTRAP_V4_1_TO_V5_RULESET_CONDITIONED,RS_Y2_R063_C03,PG_BOOL_R063,PG_BOOL_R063_C03,Y2_boolean_variation,conditional_expression,6,6,6,6,1.0,1.0,1.0,0.0,0.0,0.9350000000000002,0.0,none,not_computed
BOOTSTRAP_V4_1_TO_V5_RULESET_CONDITIONED,RS_Y2_R063_C04,PG_BOOL_R063,PG_BOOL_R063_C04,Y2_boolean_variation,conditional_expression,6,6,6,6,1.0,1.0,1.0,0.0,0.0,0.9350000000000002,0.0,none,not_computed
BOOTSTRAP_V4_1_TO_V5_RULESET_CONDITIONED,RS_Y2_R063_C05,PG_BOOL_R063,PG_BOOL_R063_C05,Y2_boolean_variation,conditional_expression,6,6,6,6,1.0,1.0,1.0,0.0,0.0,0.9350000000000002,0.0,none,not_computed
BOOTSTRAP_V4_1_TO_V5_RULESET_CONDITIONED,RS_Y2_R063_C06,PG_BOOL_R063,PG_BOOL_R063_C06,Y2_boolean_variation,conditional_expression,6,6,6,6,1.0,1.0,1.0,0.0,0.0,0.9350000000000002,0.0,none,not_computed
BOOTSTRAP_V4_1_TO_V5_RULESET_CONDITIONED,RS_Y2_R063_C07,PG_BOOL_R063,PG_BOOL_R063_C07,Y2_boolean_variation,conditional_expression,6,6,6,6,1.0,1.0,1.0,0.0,0.0,0.9350000000000002,0.0,none,not_computed
BOOTSTRAP_V4_1_TO_V5_RULESET_CONDITIONED,RS_Y2_R063_C08,PG_BOOL_R063,PG_BOOL_R063_C08,Y2_boolean_variation,conditional_expression,6,6,6,6,1.0,1.0,1.0,0.0,0.0,0.9350000000000002,0.0,none,not_computed
BOOTSTRAP_V4_1_TO_V5_RULESET_CONDITIONED,RS_Y2_R063_C09,PG_BOOL_R063,PG_BOOL_R063_C09,Y2_boolean_variation,conditional_expression,6,6,6,6,1.0,1.0,1.0,0.0,0.0,0.9350000000000002,0.0,none,not_computed
BOOTSTRAP_V4_1_TO_V5_RULESET_CONDITIONED,RS_Y2_R063_C10,PG_BOOL_R063,PG_BOOL_R063_C10,Y2_boolean_variation,conditional_expression,6,6,6,6,1.0,1.0,1.0,0.0,0.0,0.9350000000000002,0.0,none,not_computed
BOOTSTRAP_V4_1_TO_V5_RULESET_CONDITIONED,RS_Y2_R064_C01,PG_BOOL_R064,PG_BOOL_R064_C01,Y2_boolean_variation,conditional_expression,6,6,6,6,1.0,1.0,1.0,0.0,0.0,0.9350000000000002,0.0,none,not_computed
BOOTSTRAP_V4_1_TO_V5_RULESET_CONDITIONED,RS_Y2_R064_C02,PG_BOOL_R064,PG_BOOL_R064_C02,Y2_boolean_variation,conditional_expression,6,6,6,6,1.0,1.0,1.0,0.0,0.0,0.9350000000000002,0.0,none,not_computed
BOOTSTRAP_V4_1_TO_V5_RULESET_CONDITIONED,RS_Y2_R064_C03,PG_BOOL_R064,PG_BOOL_R064_C03,Y2_boolean_variation,conditional_expression,6,6,6,6,1.0,1.0,1.0,0.0,0.0,0.9350000000000002,0.0,none,not_computed
BOOTSTRAP_V4_1_TO_V5_RULESET_CONDITIONED,RS_Y2_R064_C04,PG_BOOL_R064,PG_BOOL_R064_C04,Y2_boolean_variation,conditional_expression,6,6,6,6,1.0,1.0,1.0,0.0,0.0,0.9350000000000002,0.0,none,not_computed
BOOTSTRAP_V4_1_TO_V5_RULESET_CONDITIONED,RS_Y2_R064_C05,PG_BOOL_R064,PG_BOOL_R064_C05,Y2_boolean_variation,conditional_expression,6,6,6,6,1.0,1.0,1.0,0.0,0.0,0.9350000000000002,0.0,none,not_computed
BOOTSTRAP_V4_1_TO_V5_RULESET_CONDITIONED,RS_Y2_R064_C06,PG_BOOL_R064,PG_BOOL_R064_C06,Y2_boolean_variation,conditional_expression,6,6,6,6,1.0,1.0,1.0,0.0,0.0,0.9350000000000002,0.0,none,not_computed
BOOTSTRAP_V4_1_TO_V5_RULESET_CONDITIONED,RS_Y2_R064_C07,PG_BOOL_R064,PG_BOOL_R064_C07,Y2_boolean_variation,conditional_expression,6,6,6,6,1.0,1.0,1.0,0.0,0.0,0.9350000000000002,0.0,none,not_computed
BOOTSTRAP_V4_1_TO_V5_RULESET_CONDITIONED,RS_Y2_R064_C08,PG_BOOL_R064,PG_BOOL_R064_C08,Y2_boolean_variation,conditional_expression,6,6,6,6,1.0,1.0,1.0,0.0,0.0,0.9350000000000002,0.0,none,not_computed
BOOTSTRAP_V4_1_TO_V5_RULESET_CONDITIONED,RS_Y2_R064_C09,PG_BOOL_R064,PG_BOOL_R064_C09,Y2_boolean_variation,conditional_expression,6,6,6,6,1.0,1.0,1.0,0.0,0.0,0.9350000000000002,0.0,none,not_computed
BOOTSTRAP_V4_1_TO_V5_RULESET_CONDITIONED,RS_Y2_R064_C10,PG_BOOL_R064,PG_BOOL_R064_C10,Y2_boolean_variation,conditional_expression,6,6,6,6,1.0,1.0,1.0,0.0,0.0,0.9350000000000002,0.0,none,not_computed
BOOTSTRAP_V4_1_TO_V5_RULESET_CONDITIONED,RS_Y2_R065_C01,PG_BOOL_R065,PG_BOOL_R065_C01,Y2_boolean_variation,conditional_expression,6,6,6,6,1.0,1.0,1.0,0.0,0.0,0.9350000000000002,0.0,none,not_computed
BOOTSTRAP_V4_1_TO_V5_RULESET_CONDITIONED,RS_Y2_R065_C02,PG_BOOL_R065,PG_BOOL_R065_C02,Y2_boolean_variation,conditional_expression,6,6,6,6,1.0,1.0,1.0,0.0,0.0,0.9350000000000002,0.0,none,not_computed
BOOTSTRAP_V4_1_TO_V5_RULESET_CONDITIONED,RS_Y2_R065_C03,PG_BOOL_R065,PG_BOOL_R065_C03,Y2_boolean_variation,conditional_expression,6,6,6,6,1.0,1.0,1.0,0.0,0.0,0.9350000000000002,0.0,none,not_computed
BOOTSTRAP_V4_1_TO_V5_RULESET_CONDITIONED,RS_Y2_R065_C04,PG_BOOL_R065,PG_BOOL_R065_C04,Y2_boolean_variation,conditional_expression,6,6,6,6,1.0,1.0,1.0,0.0,0.0,0.9350000000000002,0.0,none,not_computed
BOOTSTRAP_V4_1_TO_V5_RULESET_CONDITIONED,RS_Y2_R065_C05,PG_BOOL_R065,PG_BOOL_R065_C05,Y2_boolean_variation,conditional_expression,6,6,6,6,1.0,1.0,1.0,0.0,0.0,0.9350000000000002,0.0,none,not_computed
BOOTSTRAP_V4_1_TO_V5_RULESET_CONDITIONED,RS_Y2_R065_C06,PG_BOOL_R065,PG_BOOL_R065_C06,Y2_boolean_variation,conditional_expression,6,6,6,6,1.0,1.0,1.0,0.0,0.0,0.9350000000000002,0.0,none,not_computed
BOOTSTRAP_V4_1_TO_V5_RULESET_CONDITIONED,RS_Y2_R065_C07,PG_BOOL_R065,PG_BOOL_R065_C07,Y2_boolean_variation,conditional_expression,6,6,6,6,1.0,1.0,1.0,0.0,0.0,0.9350000000000002,0.0,none,not_computed
BOOTSTRAP_V4_1_TO_V5_RULESET_CONDITIONED,RS_Y2_R065_C08,PG_BOOL_R065,PG_BOOL_R065_C08,Y2_boolean_variation,conditional_expression,6,6,6,6,1.0,1.0,1.0,0.0,0.0,0.9350000000000002,0.0,none,not_computed
BOOTSTRAP_V4_1_TO_V5_RULESET_CONDITIONED,RS_Y2_R065_C09,PG_BOOL_R065,PG_BOOL_R065_C09,Y2_boolean_variation,conditional_expression,6,6,6,6,1.0,1.0,1.0,0.0,0.0,0.9350000000000002,0.0,none,not_computed
BOOTSTRAP_V4_1_TO_V5_RULESET_CONDITIONED,RS_Y2_R065_C10,PG_BOOL_R065,PG_BOOL_R065_C10,Y2_boolean_variation,conditional_expression,6,6,6,6,1.0,1.0,1.0,0.0,0.0,0.9350000000000002,0.0,none,not_computed
BOOTSTRAP_V4_1_TO_V5_RULESET_CONDITIONED,RS_Y2_R066_C01,PG_BOOL_R066,PG_BOOL_R066_C01,Y2_boolean_variation,cast_expression,6,6,6,6,1.0,1.0,1.0,0.0,0.0,0.9350000000000002,0.0,none,not_computed
BOOTSTRAP_V4_1_TO_V5_RULESET_CONDITIONED,RS_Y2_R066_C02,PG_BOOL_R066,PG_BOOL_R066_C02,Y2_boolean_variation,cast_expression,6,6,6,6,1.0,1.0,1.0,0.0,0.0,0.9350000000000002,0.0,none,not_computed
BOOTSTRAP_V4_1_TO_V5_RULESET_CONDITIONED,RS_Y2_R066_C03,PG_BOOL_R066,PG_BOOL_R066_C03,Y2_boolean_variation,cast_expression,6,6,6,6,1.0,1.0,1.0,0.0,0.0,0.9350000000000002,0.0,none,not_computed
BOOTSTRAP_V4_1_TO_V5_RULESET_CONDITIONED,RS_Y2_R066_C04,PG_BOOL_R066,PG_BOOL_R066_C04,Y2_boolean_variation,cast_expression,6,6,6,6,1.0,1.0,1.0,0.0,0.0,0.9350000000000002,0.0,none,not_computed
BOOTSTRAP_V4_1_TO_V5_RULESET_CONDITIONED,RS_Y2_R066_C05,PG_BOOL_R066,PG_BOOL_R066_C05,Y2_boolean_variation,cast_expression,6,6,6,6,1.0,1.0,1.0,0.0,0.0,0.9350000000000002,0.0,none,not_computed
BOOTSTRAP_V4_1_TO_V5_RULESET_CONDITIONED,RS_Y2_R066_C06,PG_BOOL_R066,PG_BOOL_R066_C06,Y2_boolean_variation,cast_expression,6,6,6,6,1.0,1.0,1.0,0.0,0.0,0.9350000000000002,0.0,none,not_computed
BOOTSTRAP_V4_1_TO_V5_RULESET_CONDITIONED,RS_Y2_R066_C07,PG_BOOL_R066,PG_BOOL_R066_C07,Y2_boolean_variation,cast_expression,6,6,6,6,1.0,1.0,1.0,0.0,0.0,0.9350000000000002,0.0,none,not_computed
BOOTSTRAP_V4_1_TO_V5_RULESET_CONDITIONED,RS_Y2_R066_C08,PG_BOOL_R066,PG_BOOL_R066_C08,Y2_boolean_variation,cast_expression,6,6,6,6,1.0,1.0,1.0,0.0,0.0,0.9350000000000002,0.0,none,not_computed
BOOTSTRAP_V4_1_TO_V5_RULESET_CONDITIONED,RS_Y2_R066_C09,PG_BOOL_R066,PG_BOOL_R066_C09,Y2_boolean_variation,cast_expression,6,6,6,6,1.0,1.0,1.0,0.0,0.0,0.9350000000000002,0.0,none,not_computed
BOOTSTRAP_V4_1_TO_V5_RULESET_CONDITIONED,RS_Y2_R066_C10,PG_BOOL_R066,PG_BOOL_R066_C10,Y2_boolean_variation,cast_expression,6,6,6,6,1.0,1.0,1.0,0.0,0.0,0.9350000000000002,0.0,none,not_computed
BOOTSTRAP_V4_1_TO_V5_RULESET_CONDITIONED,RS_Y2_R067_C01,PG_BOOL_R067,PG_BOOL_R067_C01,Y2_boolean_variation,cast_expression,6,6,6,6,1.0,1.0,1.0,0.0,0.0,0.9350000000000002,0.0,none,not_computed
BOOTSTRAP_V4_1_TO_V5_RULESET_CONDITIONED,RS_Y2_R067_C02,PG_BOOL_R067,PG_BOOL_R067_C02,Y2_boolean_variation,cast_expression,6,6,6,6,1.0,1.0,1.0,0.0,0.0,0.9350000000000002,0.0,none,not_computed
BOOTSTRAP_V4_1_TO_V5_RULESET_CONDITIONED,RS_Y2_R067_C03,PG_BOOL_R067,PG_BOOL_R067_C03,Y2_boolean_variation,cast_expression,6,6,6,6,1.0,1.0,1.0,0.0,0.0,0.9350000000000002,0.0,none,not_computed
BOOTSTRAP_V4_1_TO_V5_RULESET_CONDITIONED,RS_Y2_R067_C04,PG_BOOL_R067,PG_BOOL_R067_C04,Y2_boolean_variation,cast_expression,6,6,6,6,1.0,1.0,1.0,0.0,0.0,0.9350000000000002,0.0,none,not_computed
BOOTSTRAP_V4_1_TO_V5_RULESET_CONDITIONED,RS_Y2_R067_C05,PG_BOOL_R067,PG_BOOL_R067_C05,Y2_boolean_variation,cast_expression,6,6,6,6,1.0,1.0,1.0,0.0,0.0,0.9350000000000002,0.0,none,not_computed
BOOTSTRAP_V4_1_TO_V5_RULESET_CONDITIONED,RS_Y2_R067_C06,PG_BOOL_R067,PG_BOOL_R067_C06,Y2_boolean_variation,cast_expression,6,6,6,6,1.0,1.0,1.0,0.0,0.0,0.9350000000000002,0.0,none,not_computed
BOOTSTRAP_V4_1_TO_V5_RULESET_CONDITIONED,RS_Y2_R067_C07,PG_BOOL_R067,PG_BOOL_R067_C07,Y2_boolean_variation,cast_expression,6,6,6,6,1.0,1.0,1.0,0.0,0.0,0.9350000000000002,0.0,none,not_computed
BOOTSTRAP_V4_1_TO_V5_RULESET_CONDITIONED,RS_Y2_R067_C08,PG_BOOL_R067,PG_BOOL_R067_C08,Y2_boolean_variation,cast_expression,6,6,6,6,1.0,1.0,1.0,0.0,0.0,0.9350000000000002,0.0,none,not_computed
BOOTSTRAP_V4_1_TO_V5_RULESET_CONDITIONED,RS_Y2_R067_C09,PG_BOOL_R067,PG_BOOL_R067_C09,Y2_boolean_variation,cast_expression,6,6,6,6,1.0,1.0,1.0,0.0,0.0,0.9350000000000002,0.0,none,not_computed
BOOTSTRAP_V4_1_TO_V5_RULESET_CONDITIONED,RS_Y2_R067_C10,PG_BOOL_R067,PG_BOOL_R067_C10,Y2_boolean_variation,cast_expression,6,6,6,6,1.0,1.0,1.0,0.0,0.0,0.9350000000000002,0.0,none,not_computed
BOOTSTRAP_V4_1_TO_V5_RULESET_CONDITIONED,RS_Y2_R068_C01,PG_BOOL_R068,PG_BOOL_R068_C01,Y2_boolean_variation,cast_expression,6,6,4,6,1.0,1.0,1.0,0.0,0.0,0.9350000000000002,0.0,none,not_computed
BOOTSTRAP_V4_1_TO_V5_RULESET_CONDITIONED,RS_Y2_R068_C02,PG_BOOL_R068,PG_BOOL_R068_C02,Y2_boolean_variation,cast_expression,6,6,4,6,1.0,1.0,1.0,0.0,0.0,0.9350000000000002,0.0,none,not_computed
BOOTSTRAP_V4_1_TO_V5_RULESET_CONDITIONED,RS_Y2_R068_C03,PG_BOOL_R068,PG_BOOL_R068_C03,Y2_boolean_variation,cast_expression,6,6,4,6,1.0,1.0,1.0,0.0,0.0,0.9350000000000002,0.0,none,not_computed
BOOTSTRAP_V4_1_TO_V5_RULESET_CONDITIONED,RS_Y2_R068_C04,PG_BOOL_R068,PG_BOOL_R068_C04,Y2_boolean_variation,cast_expression,6,6,4,6,1.0,1.0,1.0,0.0,0.0,0.9350000000000002,0.0,none,not_computed
BOOTSTRAP_V4_1_TO_V5_RULESET_CONDITIONED,RS_Y2_R068_C05,PG_BOOL_R068,PG_BOOL_R068_C05,Y2_boolean_variation,cast_expression,6,6,4,6,1.0,1.0,1.0,0.0,0.0,0.9350000000000002,0.0,none,not_computed
BOOTSTRAP_V4_1_TO_V5_RULESET_CONDITIONED,RS_Y2_R068_C06,PG_BOOL_R068,PG_BOOL_R068_C06,Y2_boolean_variation,cast_expression,6,6,4,6,1.0,1.0,1.0,0.0,0.0,0.9350000000000002,0.0,none,not_computed
BOOTSTRAP_V4_1_TO_V5_RULESET_CONDITIONED,RS_Y2_R068_C07,PG_BOOL_R068,PG_BOOL_R068_C07,Y2_boolean_variation,cast_expression,6,6,6,6,1.0,1.0,1.0,0.0,0.0,0.9350000000000002,0.0,none,not_computed
BOOTSTRAP_V4_1_TO_V5_RULESET_CONDITIONED,RS_Y2_R068_C08,PG_BOOL_R068,PG_BOOL_R068_C08,Y2_boolean_variation,cast_expression,6,6,6,6,1.0,1.0,1.0,0.0,0.0,0.9350000000000002,0.0,none,not_computed
BOOTSTRAP_V4_1_TO_V5_RULESET_CONDITIONED,RS_Y2_R068_C09,PG_BOOL_R068,PG_BOOL_R068_C09,Y2_boolean_variation,cast_expression,6,6,4,6,1.0,1.0,1.0,0.0,0.0,0.9350000000000002,0.0,none,not_computed
BOOTSTRAP_V4_1_TO_V5_RULESET_CONDITIONED,RS_Y2_R068_C10,PG_BOOL_R068,PG_BOOL_R068_C10,Y2_boolean_variation,cast_expression,6,6,4,6,1.0,1.0,1.0,0.0,0.0,0.9350000000000002,0.0,none,not_computed
BOOTSTRAP_V4_1_TO_V5_RULESET_CONDITIONED,RS_Y2_R069_C01,PG_BOOL_R069,PG_BOOL_R069_C01,Y2_boolean_variation,cast_expression,6,6,6,6,1.0,1.0,1.0,0.0,0.0,0.9350000000000002,0.0,none,not_computed
BOOTSTRAP_V4_1_TO_V5_RULESET_CONDITIONED,RS_Y2_R069_C02,PG_BOOL_R069,PG_BOOL_R069_C02,Y2_boolean_variation,cast_expression,6,6,6,6,1.0,1.0,1.0,0.0,0.0,0.9350000000000002,0.0,none,not_computed
BOOTSTRAP_V4_1_TO_V5_RULESET_CONDITIONED,RS_Y2_R069_C03,PG_BOOL_R069,PG_BOOL_R069_C03,Y2_boolean_variation,cast_expression,6,6,6,6,1.0,1.0,1.0,0.0,0.0,0.9350000000000002,0.0,none,not_computed
BOOTSTRAP_V4_1_TO_V5_RULESET_CONDITIONED,RS_Y2_R069_C04,PG_BOOL_R069,PG_BOOL_R069_C04,Y2_boolean_variation,cast_expression,6,6,6,6,1.0,1.0,1.0,0.0,0.0,0.9350000000000002,0.0,none,not_computed
BOOTSTRAP_V4_1_TO_V5_RULESET_CONDITIONED,RS_Y2_R069_C05,PG_BOOL_R069,PG_BOOL_R069_C05,Y2_boolean_variation,cast_expression,6,6,6,6,1.0,1.0,1.0,0.0,0.0,0.9350000000000002,0.0,none,not_computed
BOOTSTRAP_V4_1_TO_V5_RULESET_CONDITIONED,RS_Y2_R069_C06,PG_BOOL_R069,PG_BOOL_R069_C06,Y2_boolean_variation,cast_expression,6,6,6,6,1.0,1.0,1.0,0.0,0.0,0.9350000000000002,0.0,none,not_computed
BOOTSTRAP_V4_1_TO_V5_RULESET_CONDITIONED,RS_Y2_R069_C07,PG_BOOL_R069,PG_BOOL_R069_C07,Y2_boolean_variation,cast_expression,6,6,6,6,1.0,1.0,1.0,0.0,0.0,0.9350000000000002,0.0,none,not_computed
BOOTSTRAP_V4_1_TO_V5_RULESET_CONDITIONED,RS_Y2_R069_C08,PG_BOOL_R069,PG_BOOL_R069_C08,Y2_boolean_variation,cast_expression,6,6,6,6,1.0,1.0,1.0,0.0,0.0,0.9350000000000002,0.0,none,not_computed
BOOTSTRAP_V4_1_TO_V5_RULESET_CONDITIONED,RS_Y2_R069_C09,PG_BOOL_R069,PG_BOOL_R069_C09,Y2_boolean_variation,cast_expression,6,6,6,6,1.0,1.0,1.0,0.0,0.0,0.9350000000000002,0.0,none,not_computed
BOOTSTRAP_V4_1_TO_V5_RULESET_CONDITIONED,RS_Y2_R069_C10,PG_BOOL_R069,PG_BOOL_R069_C10,Y2_boolean_variation,cast_expression,6,6,6,6,1.0,1.0,1.0,0.0,0.0,0.9350000000000002,0.0,none,not_computed
BOOTSTRAP_V4_1_TO_V5_RULESET_CONDITIONED,RS_Y2_R070_C01,PG_BOOL_R070,PG_BOOL_R070_C01,Y2_boolean_variation,cast_expression,6,6,6,6,1.0,1.0,1.0,0.0,0.0,0.9350000000000002,0.0,none,not_computed
BOOTSTRAP_V4_1_TO_V5_RULESET_CONDITIONED,RS_Y2_R070_C02,PG_BOOL_R070,PG_BOOL_R070_C02,Y2_boolean_variation,cast_expression,6,6,6,6,1.0,1.0,1.0,0.0,0.0,0.9350000000000002,0.0,none,not_computed
BOOTSTRAP_V4_1_TO_V5_RULESET_CONDITIONED,RS_Y2_R070_C03,PG_BOOL_R070,PG_BOOL_R070_C03,Y2_boolean_variation,cast_expression,6,6,6,6,1.0,1.0,1.0,0.0,0.0,0.9350000000000002,0.0,none,not_computed
BOOTSTRAP_V4_1_TO_V5_RULESET_CONDITIONED,RS_Y2_R070_C04,PG_BOOL_R070,PG_BOOL_R070_C04,Y2_boolean_variation,cast_expression,6,6,6,6,1.0,1.0,1.0,0.0,0.0,0.9350000000000002,0.0,none,not_computed
BOOTSTRAP_V4_1_TO_V5_RULESET_CONDITIONED,RS_Y2_R070_C05,PG_BOOL_R070,PG_BOOL_R070_C05,Y2_boolean_variation,cast_expression,6,6,6,6,1.0,1.0,1.0,0.0,0.0,0.9350000000000002,0.0,none,not_computed
BOOTSTRAP_V4_1_TO_V5_RULESET_CONDITIONED,RS_Y2_R070_C06,PG_BOOL_R070,PG_BOOL_R070_C06,Y2_boolean_variation,cast_expression,6,6,6,6,1.0,1.0,1.0,0.0,0.0,0.9350000000000002,0.0,none,not_computed
BOOTSTRAP_V4_1_TO_V5_RULESET_CONDITIONED,RS_Y2_R070_C07,PG_BOOL_R070,PG_BOOL_R070_C07,Y2_boolean_variation,cast_expression,6,6,6,6,1.0,1.0,1.0,0.0,0.0,0.9350000000000002,0.0,none,not_computed
BOOTSTRAP_V4_1_TO_V5_RULESET_CONDITIONED,RS_Y2_R070_C08,PG_BOOL_R070,PG_BOOL_R070_C08,Y2_boolean_variation,cast_expression,6,6,6,6,1.0,1.0,1.0,0.0,0.0,0.9350000000000002,0.0,none,not_computed
BOOTSTRAP_V4_1_TO_V5_RULESET_CONDITIONED,RS_Y2_R070_C09,PG_BOOL_R070,PG_BOOL_R070_C09,Y2_boolean_variation,cast_expression,6,6,6,6,1.0,1.0,1.0,0.0,0.0,0.9350000000000002,0.0,none,not_computed
BOOTSTRAP_V4_1_TO_V5_RULESET_CONDITIONED,RS_Y2_R070_C10,PG_BOOL_R070,PG_BOOL_R070_C10,Y2_boolean_variation,cast_expression,6,6,6,6,1.0,1.0,1.0,0.0,0.0,0.9350000000000002,0.0,none,not_computed
BOOTSTRAP_V4_1_TO_V5_RULESET_CONDITIONED,RS_Y2_R071_C01,PG_BOOL_R071,PG_BOOL_R071_C01,Y2_boolean_variation,jsonb_predicate,6,6,6,0,1.0,0.0,1.0,0.0,0.0,0.35000000000000003,0.0,boolean+required_token,not_computed
BOOTSTRAP_V4_1_TO_V5_RULESET_CONDITIONED,RS_Y2_R071_C02,PG_BOOL_R071,PG_BOOL_R071_C02,Y2_boolean_variation,jsonb_predicate,6,6,6,0,1.0,0.0,1.0,0.0,0.0,0.35000000000000003,0.0,boolean+required_token,not_computed
BOOTSTRAP_V4_1_TO_V5_RULESET_CONDITIONED,RS_Y2_R071_C03,PG_BOOL_R071,PG_BOOL_R071_C03,Y2_boolean_variation,jsonb_predicate,6,6,6,6,1.0,1.0,1.0,0.0,0.0,0.9350000000000002,0.0,none,not_computed
BOOTSTRAP_V4_1_TO_V5_RULESET_CONDITIONED,RS_Y2_R071_C04,PG_BOOL_R071,PG_BOOL_R071_C04,Y2_boolean_variation,jsonb_predicate,6,6,6,6,1.0,1.0,1.0,0.0,0.0,0.9350000000000002,0.0,none,not_computed
BOOTSTRAP_V4_1_TO_V5_RULESET_CONDITIONED,RS_Y2_R071_C05,PG_BOOL_R071,PG_BOOL_R071_C05,Y2_boolean_variation,jsonb_predicate,6,6,6,6,1.0,1.0,1.0,0.0,0.0,0.9350000000000002,0.0,none,not_computed
BOOTSTRAP_V4_1_TO_V5_RULESET_CONDITIONED,RS_Y2_R071_C06,PG_BOOL_R071,PG_BOOL_R071_C06,Y2_boolean_variation,jsonb_predicate,6,6,6,0,1.0,1.0,1.0,0.0,0.0,0.585,0.0,boolean,not_computed
BOOTSTRAP_V4_1_TO_V5_RULESET_CONDITIONED,RS_Y2_R071_C07,PG_BOOL_R071,PG_BOOL_R071_C07,Y2_boolean_variation,jsonb_predicate,6,6,6,6,1.0,1.0,1.0,0.0,0.0,0.9350000000000002,0.0,none,not_computed
BOOTSTRAP_V4_1_TO_V5_RULESET_CONDITIONED,RS_Y2_R071_C08,PG_BOOL_R071,PG_BOOL_R071_C08,Y2_boolean_variation,jsonb_predicate,6,6,6,6,1.0,1.0,1.0,0.0,0.0,0.9350000000000002,0.0,none,not_computed
BOOTSTRAP_V4_1_TO_V5_RULESET_CONDITIONED,RS_Y2_R071_C09,PG_BOOL_R071,PG_BOOL_R071_C09,Y2_boolean_variation,jsonb_predicate,6,6,6,6,1.0,1.0,1.0,0.0,0.0,0.9350000000000002,0.0,none,not_computed
BOOTSTRAP_V4_1_TO_V5_RULESET_CONDITIONED,RS_Y2_R071_C10,PG_BOOL_R071,PG_BOOL_R071_C10,Y2_boolean_variation,jsonb_predicate,6,6,6,0,1.0,1.0,1.0,0.0,0.0,0.5,0.0,boolean,not_computed
BOOTSTRAP_V4_1_TO_V5_RULESET_CONDITIONED,RS_Y2_R072_C01,PG_BOOL_R072,PG_BOOL_R072_C01,Y2_boolean_variation,jsonb_predicate,6,6,6,6,1.0,1.0,1.0,0.0,0.0,0.9350000000000002,0.0,none,not_computed
BOOTSTRAP_V4_1_TO_V5_RULESET_CONDITIONED,RS_Y2_R072_C02,PG_BOOL_R072,PG_BOOL_R072_C02,Y2_boolean_variation,jsonb_predicate,6,6,6,6,1.0,1.0,1.0,0.0,0.0,0.9350000000000002,0.0,none,not_computed
BOOTSTRAP_V4_1_TO_V5_RULESET_CONDITIONED,RS_Y2_R072_C03,PG_BOOL_R072,PG_BOOL_R072_C03,Y2_boolean_variation,jsonb_predicate,6,6,6,6,1.0,1.0,1.0,0.0,0.0,0.9350000000000002,0.0,none,not_computed
BOOTSTRAP_V4_1_TO_V5_RULESET_CONDITIONED,RS_Y2_R072_C04,PG_BOOL_R072,PG_BOOL_R072_C04,Y2_boolean_variation,jsonb_predicate,6,6,6,6,1.0,1.0,1.0,0.0,0.0,0.9350000000000002,0.0,none,not_computed
BOOTSTRAP_V4_1_TO_V5_RULESET_CONDITIONED,RS_Y2_R072_C05,PG_BOOL_R072,PG_BOOL_R072_C05,Y2_boolean_variation,jsonb_predicate,6,6,6,6,1.0,1.0,1.0,0.0,0.0,0.9350000000000002,0.0,none,not_computed
BOOTSTRAP_V4_1_TO_V5_RULESET_CONDITIONED,RS_Y2_R072_C06,PG_BOOL_R072,PG_BOOL_R072_C06,Y2_boolean_variation,jsonb_predicate,6,6,6,6,1.0,1.0,1.0,0.0,0.0,0.9350000000000002,0.0,none,not_computed
BOOTSTRAP_V4_1_TO_V5_RULESET_CONDITIONED,RS_Y2_R072_C07,PG_BOOL_R072,PG_BOOL_R072_C07,Y2_boolean_variation,jsonb_predicate,6,6,6,6,1.0,1.0,1.0,0.0,0.0,0.9350000000000002,0.0,none,not_computed
BOOTSTRAP_V4_1_TO_V5_RULESET_CONDITIONED,RS_Y2_R072_C08,PG_BOOL_R072,PG_BOOL_R072_C08,Y2_boolean_variation,jsonb_predicate,6,6,6,6,1.0,1.0,1.0,0.0,0.0,0.9350000000000002,0.0,none,not_computed
BOOTSTRAP_V4_1_TO_V5_RULESET_CONDITIONED,RS_Y2_R072_C09,PG_BOOL_R072,PG_BOOL_R072_C09,Y2_boolean_variation,jsonb_predicate,6,6,6,6,1.0,1.0,1.0,0.0,0.0,0.9350000000000002,0.0,none,not_computed
BOOTSTRAP_V4_1_TO_V5_RULESET_CONDITIONED,RS_Y2_R072_C10,PG_BOOL_R072,PG_BOOL_R072_C10,Y2_boolean_variation,jsonb_predicate,6,6,6,6,1.0,1.0,1.0,0.0,0.0,0.9350000000000002,0.0,none,not_computed
BOOTSTRAP_V4_1_TO_V5_RULESET_CONDITIONED,RS_Y2_R073_C01,PG_BOOL_R073,PG_BOOL_R073_C01,Y2_boolean_variation,jsonb_predicate,6,6,6,6,1.0,1.0,1.0,0.0,0.0,0.9350000000000002,0.0,none,not_computed
BOOTSTRAP_V4_1_TO_V5_RULESET_CONDITIONED,RS_Y2_R073_C02,PG_BOOL_R073,PG_BOOL_R073_C02,Y2_boolean_variation,jsonb_predicate,6,6,6,6,1.0,1.0,1.0,0.0,0.0,0.9350000000000002,0.0,none,not_computed
BOOTSTRAP_V4_1_TO_V5_RULESET_CONDITIONED,RS_Y2_R073_C03,PG_BOOL_R073,PG_BOOL_R073_C03,Y2_boolean_variation,jsonb_predicate,6,6,6,6,1.0,1.0,1.0,0.0,0.0,0.9350000000000002,0.0,none,not_computed
BOOTSTRAP_V4_1_TO_V5_RULESET_CONDITIONED,RS_Y2_R073_C04,PG_BOOL_R073,PG_BOOL_R073_C04,Y2_boolean_variation,jsonb_predicate,6,6,6,6,1.0,1.0,1.0,0.0,0.0,0.9350000000000002,0.0,none,not_computed
BOOTSTRAP_V4_1_TO_V5_RULESET_CONDITIONED,RS_Y2_R073_C05,PG_BOOL_R073,PG_BOOL_R073_C05,Y2_boolean_variation,jsonb_predicate,6,6,6,6,1.0,1.0,1.0,0.0,0.0,0.9350000000000002,0.0,none,not_computed
BOOTSTRAP_V4_1_TO_V5_RULESET_CONDITIONED,RS_Y2_R073_C06,PG_BOOL_R073,PG_BOOL_R073_C06,Y2_boolean_variation,jsonb_predicate,6,6,6,6,1.0,1.0,1.0,0.0,0.0,0.9350000000000002,0.0,none,not_computed
BOOTSTRAP_V4_1_TO_V5_RULESET_CONDITIONED,RS_Y2_R073_C07,PG_BOOL_R073,PG_BOOL_R073_C07,Y2_boolean_variation,jsonb_predicate,6,6,6,6,1.0,1.0,1.0,0.0,0.0,0.9350000000000002,0.0,none,not_computed
BOOTSTRAP_V4_1_TO_V5_RULESET_CONDITIONED,RS_Y2_R073_C08,PG_BOOL_R073,PG_BOOL_R073_C08,Y2_boolean_variation,jsonb_predicate,6,6,6,6,1.0,1.0,1.0,0.0,0.0,0.9350000000000002,0.0,none,not_computed
BOOTSTRAP_V4_1_TO_V5_RULESET_CONDITIONED,RS_Y2_R073_C09,PG_BOOL_R073,PG_BOOL_R073_C09,Y2_boolean_variation,jsonb_predicate,6,6,6,6,1.0,1.0,1.0,0.0,0.0,0.9350000000000002,0.0,none,not_computed
BOOTSTRAP_V4_1_TO_V5_RULESET_CONDITIONED,RS_Y2_R073_C10,PG_BOOL_R073,PG_BOOL_R073_C10,Y2_boolean_variation,jsonb_predicate,6,6,6,6,1.0,1.0,1.0,0.0,0.0,0.9350000000000002,0.0,none,not_computed
BOOTSTRAP_V4_1_TO_V5_RULESET_CONDITIONED,RS_Y2_R074_C01,PG_BOOL_R074,PG_BOOL_R074_C01,Y2_boolean_variation,jsonb_predicate,6,6,6,6,1.0,1.0,1.0,0.0,0.0,0.9350000000000002,0.0,none,not_computed
BOOTSTRAP_V4_1_TO_V5_RULESET_CONDITIONED,RS_Y2_R074_C02,PG_BOOL_R074,PG_BOOL_R074_C02,Y2_boolean_variation,jsonb_predicate,6,6,6,6,1.0,1.0,1.0,0.0,0.0,0.9350000000000002,0.0,none,not_computed
BOOTSTRAP_V4_1_TO_V5_RULESET_CONDITIONED,RS_Y2_R074_C03,PG_BOOL_R074,PG_BOOL_R074_C03,Y2_boolean_variation,jsonb_predicate,6,6,6,6,1.0,1.0,1.0,0.0,0.0,0.9350000000000002,0.0,none,not_computed
BOOTSTRAP_V4_1_TO_V5_RULESET_CONDITIONED,RS_Y2_R074_C04,PG_BOOL_R074,PG_BOOL_R074_C04,Y2_boolean_variation,jsonb_predicate,6,6,6,6,1.0,1.0,1.0,0.0,0.0,0.9350000000000002,0.0,none,not_computed
BOOTSTRAP_V4_1_TO_V5_RULESET_CONDITIONED,RS_Y2_R074_C05,PG_BOOL_R074,PG_BOOL_R074_C05,Y2_boolean_variation,jsonb_predicate,6,6,6,6,1.0,1.0,1.0,0.0,0.0,0.9350000000000002,0.0,none,not_computed
BOOTSTRAP_V4_1_TO_V5_RULESET_CONDITIONED,RS_Y2_R074_C06,PG_BOOL_R074,PG_BOOL_R074_C06,Y2_boolean_variation,jsonb_predicate,6,6,6,6,1.0,1.0,1.0,0.0,0.0,0.9350000000000002,0.0,none,not_computed
BOOTSTRAP_V4_1_TO_V5_RULESET_CONDITIONED,RS_Y2_R074_C07,PG_BOOL_R074,PG_BOOL_R074_C07,Y2_boolean_variation,jsonb_predicate,6,6,6,6,1.0,1.0,1.0,0.0,0.0,0.9350000000000002,0.0,none,not_computed
BOOTSTRAP_V4_1_TO_V5_RULESET_CONDITIONED,RS_Y2_R074_C08,PG_BOOL_R074,PG_BOOL_R074_C08,Y2_boolean_variation,jsonb_predicate,6,6,6,6,1.0,1.0,1.0,0.0,0.0,0.9350000000000002,0.0,none,not_computed
BOOTSTRAP_V4_1_TO_V5_RULESET_CONDITIONED,RS_Y2_R074_C09,PG_BOOL_R074,PG_BOOL_R074_C09,Y2_boolean_variation,jsonb_predicate,6,6,6,6,1.0,1.0,1.0,0.0,0.0,0.9350000000000002,0.0,none,not_computed
BOOTSTRAP_V4_1_TO_V5_RULESET_CONDITIONED,RS_Y2_R074_C10,PG_BOOL_R074,PG_BOOL_R074_C10,Y2_boolean_variation,jsonb_predicate,6,6,6,6,1.0,1.0,1.0,0.0,0.0,0.9350000000000002,0.0,none,not_computed
BOOTSTRAP_V4_1_TO_V5_RULESET_CONDITIONED,RS_Y2_R075_C01,PG_BOOL_R075,PG_BOOL_R075_C01,Y2_boolean_variation,jsonb_predicate,6,6,4,6,1.0,1.0,1.0,0.0,0.0,0.9350000000000002,0.0,none,not_computed
BOOTSTRAP_V4_1_TO_V5_RULESET_CONDITIONED,RS_Y2_R075_C02,PG_BOOL_R075,PG_BOOL_R075_C02,Y2_boolean_variation,jsonb_predicate,6,6,4,6,1.0,1.0,1.0,0.0,0.0,0.9350000000000002,0.0,none,not_computed
BOOTSTRAP_V4_1_TO_V5_RULESET_CONDITIONED,RS_Y2_R075_C03,PG_BOOL_R075,PG_BOOL_R075_C03,Y2_boolean_variation,jsonb_predicate,6,6,4,6,1.0,1.0,1.0,0.0,0.0,0.9350000000000002,0.0,none,not_computed
BOOTSTRAP_V4_1_TO_V5_RULESET_CONDITIONED,RS_Y2_R075_C04,PG_BOOL_R075,PG_BOOL_R075_C04,Y2_boolean_variation,jsonb_predicate,6,6,4,6,1.0,1.0,1.0,0.0,0.0,0.9350000000000002,0.0,none,not_computed
BOOTSTRAP_V4_1_TO_V5_RULESET_CONDITIONED,RS_Y2_R075_C05,PG_BOOL_R075,PG_BOOL_R075_C05,Y2_boolean_variation,jsonb_predicate,6,6,4,6,1.0,1.0,1.0,0.0,0.0,0.9350000000000002,0.0,none,not_computed
BOOTSTRAP_V4_1_TO_V5_RULESET_CONDITIONED,RS_Y2_R075_C06,PG_BOOL_R075,PG_BOOL_R075_C06,Y2_boolean_variation,jsonb_predicate,6,6,4,6,1.0,1.0,1.0,0.0,0.0,0.9350000000000002,0.0,none,not_computed
BOOTSTRAP_V4_1_TO_V5_RULESET_CONDITIONED,RS_Y2_R075_C07,PG_BOOL_R075,PG_BOOL_R075_C07,Y2_boolean_variation,jsonb_predicate,6,6,6,6,1.0,1.0,1.0,0.0,0.0,0.9350000000000002,0.0,none,not_computed
BOOTSTRAP_V4_1_TO_V5_RULESET_CONDITIONED,RS_Y2_R075_C08,PG_BOOL_R075,PG_BOOL_R075_C08,Y2_boolean_variation,jsonb_predicate,6,6,6,6,1.0,1.0,1.0,0.0,0.0,0.9350000000000002,0.0,none,not_computed
BOOTSTRAP_V4_1_TO_V5_RULESET_CONDITIONED,RS_Y2_R075_C09,PG_BOOL_R075,PG_BOOL_R075_C09,Y2_boolean_variation,jsonb_predicate,6,6,4,6,1.0,1.0,1.0,0.0,0.0,0.9350000000000002,0.0,none,not_computed
BOOTSTRAP_V4_1_TO_V5_RULESET_CONDITIONED,RS_Y2_R075_C10,PG_BOOL_R075,PG_BOOL_R075_C10,Y2_boolean_variation,jsonb_predicate,6,6,4,6,1.0,1.0,1.0,0.0,0.0,0.9350000000000002,0.0,none,not_computed
BOOTSTRAP_V4_1_TO_V5_RULESET_CONDITIONED,RS_Y2_R076_C01,PG_BOOL_R076,PG_BOOL_R076_C01,Y2_boolean_variation,range_type,6,6,6,6,1.0,1.0,1.0,0.0,0.0,0.9350000000000002,0.0,none,not_computed
BOOTSTRAP_V4_1_TO_V5_RULESET_CONDITIONED,RS_Y2_R076_C02,PG_BOOL_R076,PG_BOOL_R076_C02,Y2_boolean_variation,range_type,6,6,6,6,1.0,1.0,1.0,0.0,0.0,0.9350000000000002,0.0,none,not_computed
BOOTSTRAP_V4_1_TO_V5_RULESET_CONDITIONED,RS_Y2_R076_C03,PG_BOOL_R076,PG_BOOL_R076_C03,Y2_boolean_variation,range_type,6,6,6,6,1.0,1.0,1.0,0.0,0.0,0.9350000000000002,0.0,none,not_computed
BOOTSTRAP_V4_1_TO_V5_RULESET_CONDITIONED,RS_Y2_R076_C04,PG_BOOL_R076,PG_BOOL_R076_C04,Y2_boolean_variation,range_type,6,6,6,6,1.0,1.0,1.0,0.0,0.0,0.9350000000000002,0.0,none,not_computed
BOOTSTRAP_V4_1_TO_V5_RULESET_CONDITIONED,RS_Y2_R076_C05,PG_BOOL_R076,PG_BOOL_R076_C05,Y2_boolean_variation,range_type,6,6,6,6,1.0,1.0,1.0,0.0,0.0,0.9350000000000002,0.0,none,not_computed
BOOTSTRAP_V4_1_TO_V5_RULESET_CONDITIONED,RS_Y2_R076_C06,PG_BOOL_R076,PG_BOOL_R076_C06,Y2_boolean_variation,range_type,6,6,6,6,1.0,1.0,1.0,0.0,0.0,0.9350000000000002,0.0,none,not_computed
BOOTSTRAP_V4_1_TO_V5_RULESET_CONDITIONED,RS_Y2_R076_C07,PG_BOOL_R076,PG_BOOL_R076_C07,Y2_boolean_variation,range_type,6,6,6,6,1.0,1.0,1.0,0.0,0.0,0.9350000000000002,0.0,none,not_computed
BOOTSTRAP_V4_1_TO_V5_RULESET_CONDITIONED,RS_Y2_R076_C08,PG_BOOL_R076,PG_BOOL_R076_C08,Y2_boolean_variation,range_type,6,6,6,6,1.0,1.0,1.0,0.0,0.0,0.9350000000000002,0.0,none,not_computed
BOOTSTRAP_V4_1_TO_V5_RULESET_CONDITIONED,RS_Y2_R076_C09,PG_BOOL_R076,PG_BOOL_R076_C09,Y2_boolean_variation,range_type,6,6,6,6,1.0,1.0,1.0,0.0,0.0,0.9350000000000002,0.0,none,not_computed
BOOTSTRAP_V4_1_TO_V5_RULESET_CONDITIONED,RS_Y2_R076_C10,PG_BOOL_R076,PG_BOOL_R076_C10,Y2_boolean_variation,range_type,6,6,6,6,1.0,1.0,1.0,0.0,0.0,0.9350000000000002,0.0,none,not_computed
BOOTSTRAP_V4_1_TO_V5_RULESET_CONDITIONED,RS_Y2_R077_C01,PG_BOOL_R077,PG_BOOL_R077_C01,Y2_boolean_variation,range_type,6,6,6,0,1.0,1.0,1.0,0.0,0.0,0.585,0.0,boolean,not_computed
BOOTSTRAP_V4_1_TO_V5_RULESET_CONDITIONED,RS_Y2_R077_C02,PG_BOOL_R077,PG_BOOL_R077_C02,Y2_boolean_variation,range_type,6,6,6,0,1.0,1.0,1.0,0.0,0.0,0.585,0.0,boolean,not_computed
BOOTSTRAP_V4_1_TO_V5_RULESET_CONDITIONED,RS_Y2_R077_C03,PG_BOOL_R077,PG_BOOL_R077_C03,Y2_boolean_variation,range_type,6,6,6,6,1.0,1.0,1.0,0.0,0.0,0.9350000000000002,0.0,none,not_computed
BOOTSTRAP_V4_1_TO_V5_RULESET_CONDITIONED,RS_Y2_R077_C04,PG_BOOL_R077,PG_BOOL_R077_C04,Y2_boolean_variation,range_type,6,6,6,6,1.0,1.0,1.0,0.0,0.0,0.9350000000000002,0.0,none,not_computed
BOOTSTRAP_V4_1_TO_V5_RULESET_CONDITIONED,RS_Y2_R077_C05,PG_BOOL_R077,PG_BOOL_R077_C05,Y2_boolean_variation,range_type,6,6,6,6,1.0,1.0,1.0,0.0,0.0,0.9350000000000002,0.0,none,not_computed
BOOTSTRAP_V4_1_TO_V5_RULESET_CONDITIONED,RS_Y2_R077_C06,PG_BOOL_R077,PG_BOOL_R077_C06,Y2_boolean_variation,range_type,6,6,6,0,1.0,1.0,1.0,0.0,0.0,0.585,0.0,boolean,not_computed
BOOTSTRAP_V4_1_TO_V5_RULESET_CONDITIONED,RS_Y2_R077_C07,PG_BOOL_R077,PG_BOOL_R077_C07,Y2_boolean_variation,range_type,6,6,6,6,1.0,1.0,1.0,0.0,0.0,0.9350000000000002,0.0,none,not_computed
BOOTSTRAP_V4_1_TO_V5_RULESET_CONDITIONED,RS_Y2_R077_C08,PG_BOOL_R077,PG_BOOL_R077_C08,Y2_boolean_variation,range_type,6,6,6,6,1.0,1.0,1.0,0.0,0.0,0.9350000000000002,0.0,none,not_computed
BOOTSTRAP_V4_1_TO_V5_RULESET_CONDITIONED,RS_Y2_R077_C09,PG_BOOL_R077,PG_BOOL_R077_C09,Y2_boolean_variation,range_type,6,6,6,6,1.0,1.0,1.0,0.0,0.0,0.9350000000000002,0.0,none,not_computed
BOOTSTRAP_V4_1_TO_V5_RULESET_CONDITIONED,RS_Y2_R077_C10,PG_BOOL_R077,PG_BOOL_R077_C10,Y2_boolean_variation,range_type,6,6,6,0,1.0,1.0,1.0,0.0,0.0,0.585,0.0,boolean,not_computed
BOOTSTRAP_V4_1_TO_V5_RULESET_CONDITIONED,RS_Y2_R078_C01,PG_BOOL_R078,PG_BOOL_R078_C01,Y2_boolean_variation,range_type,6,6,6,6,1.0,1.0,1.0,0.0,0.0,0.9350000000000002,0.0,none,not_computed
BOOTSTRAP_V4_1_TO_V5_RULESET_CONDITIONED,RS_Y2_R078_C02,PG_BOOL_R078,PG_BOOL_R078_C02,Y2_boolean_variation,range_type,6,6,6,6,1.0,1.0,1.0,0.0,0.0,0.9350000000000002,0.0,none,not_computed
BOOTSTRAP_V4_1_TO_V5_RULESET_CONDITIONED,RS_Y2_R078_C03,PG_BOOL_R078,PG_BOOL_R078_C03,Y2_boolean_variation,range_type,6,6,6,6,1.0,1.0,1.0,0.0,0.0,0.9350000000000002,0.0,none,not_computed
BOOTSTRAP_V4_1_TO_V5_RULESET_CONDITIONED,RS_Y2_R078_C04,PG_BOOL_R078,PG_BOOL_R078_C04,Y2_boolean_variation,range_type,6,6,6,6,1.0,1.0,1.0,0.0,0.0,0.9350000000000002,0.0,none,not_computed
BOOTSTRAP_V4_1_TO_V5_RULESET_CONDITIONED,RS_Y2_R078_C05,PG_BOOL_R078,PG_BOOL_R078_C05,Y2_boolean_variation,range_type,6,6,6,6,1.0,1.0,1.0,0.0,0.0,0.9350000000000002,0.0,none,not_computed
BOOTSTRAP_V4_1_TO_V5_RULESET_CONDITIONED,RS_Y2_R078_C06,PG_BOOL_R078,PG_BOOL_R078_C06,Y2_boolean_variation,range_type,6,6,6,6,1.0,1.0,1.0,0.0,0.0,0.9350000000000002,0.0,none,not_computed
BOOTSTRAP_V4_1_TO_V5_RULESET_CONDITIONED,RS_Y2_R078_C07,PG_BOOL_R078,PG_BOOL_R078_C07,Y2_boolean_variation,range_type,6,6,6,6,1.0,1.0,1.0,0.0,0.0,0.9350000000000002,0.0,none,not_computed
BOOTSTRAP_V4_1_TO_V5_RULESET_CONDITIONED,RS_Y2_R078_C08,PG_BOOL_R078,PG_BOOL_R078_C08,Y2_boolean_variation,range_type,6,6,6,6,1.0,1.0,1.0,0.0,0.0,0.9350000000000002,0.0,none,not_computed
BOOTSTRAP_V4_1_TO_V5_RULESET_CONDITIONED,RS_Y2_R078_C09,PG_BOOL_R078,PG_BOOL_R078_C09,Y2_boolean_variation,range_type,6,6,6,6,1.0,1.0,1.0,0.0,0.0,0.9350000000000002,0.0,none,not_computed
BOOTSTRAP_V4_1_TO_V5_RULESET_CONDITIONED,RS_Y2_R078_C10,PG_BOOL_R078,PG_BOOL_R078_C10,Y2_boolean_variation,range_type,6,6,6,6,1.0,1.0,1.0,0.0,0.0,0.9350000000000002,0.0,none,not_computed
BOOTSTRAP_V4_1_TO_V5_RULESET_CONDITIONED,RS_Y2_R079_C01,PG_BOOL_R079,PG_BOOL_R079_C01,Y2_boolean_variation,range_type,6,6,6,6,1.0,1.0,1.0,0.0,0.0,0.9350000000000002,0.0,none,not_computed
BOOTSTRAP_V4_1_TO_V5_RULESET_CONDITIONED,RS_Y2_R079_C02,PG_BOOL_R079,PG_BOOL_R079_C02,Y2_boolean_variation,range_type,6,6,6,6,1.0,1.0,1.0,0.0,0.0,0.9350000000000002,0.0,none,not_computed
BOOTSTRAP_V4_1_TO_V5_RULESET_CONDITIONED,RS_Y2_R079_C03,PG_BOOL_R079,PG_BOOL_R079_C03,Y2_boolean_variation,range_type,6,6,6,6,1.0,1.0,1.0,0.0,0.0,0.9350000000000002,0.0,none,not_computed
BOOTSTRAP_V4_1_TO_V5_RULESET_CONDITIONED,RS_Y2_R079_C04,PG_BOOL_R079,PG_BOOL_R079_C04,Y2_boolean_variation,range_type,6,6,6,6,1.0,1.0,1.0,0.0,0.0,0.9350000000000002,0.0,none,not_computed
BOOTSTRAP_V4_1_TO_V5_RULESET_CONDITIONED,RS_Y2_R079_C05,PG_BOOL_R079,PG_BOOL_R079_C05,Y2_boolean_variation,range_type,6,6,6,6,1.0,1.0,1.0,0.0,0.0,0.9350000000000002,0.0,none,not_computed
BOOTSTRAP_V4_1_TO_V5_RULESET_CONDITIONED,RS_Y2_R079_C06,PG_BOOL_R079,PG_BOOL_R079_C06,Y2_boolean_variation,range_type,6,6,6,6,1.0,1.0,1.0,0.0,0.0,0.9350000000000002,0.0,none,not_computed
BOOTSTRAP_V4_1_TO_V5_RULESET_CONDITIONED,RS_Y2_R079_C07,PG_BOOL_R079,PG_BOOL_R079_C07,Y2_boolean_variation,range_type,6,6,6,6,1.0,1.0,1.0,0.0,0.0,0.9350000000000002,0.0,none,not_computed
BOOTSTRAP_V4_1_TO_V5_RULESET_CONDITIONED,RS_Y2_R079_C08,PG_BOOL_R079,PG_BOOL_R079_C08,Y2_boolean_variation,range_type,6,6,6,6,1.0,1.0,1.0,0.0,0.0,0.9350000000000002,0.0,none,not_computed
BOOTSTRAP_V4_1_TO_V5_RULESET_CONDITIONED,RS_Y2_R079_C09,PG_BOOL_R079,PG_BOOL_R079_C09,Y2_boolean_variation,range_type,6,6,6,6,1.0,1.0,1.0,0.0,0.0,0.9350000000000002,0.0,none,not_computed
BOOTSTRAP_V4_1_TO_V5_RULESET_CONDITIONED,RS_Y2_R079_C10,PG_BOOL_R079,PG_BOOL_R079_C10,Y2_boolean_variation,range_type,6,6,6,6,1.0,1.0,1.0,0.0,0.0,0.9350000000000002,0.0,none,not_computed
BOOTSTRAP_V4_1_TO_V5_RULESET_CONDITIONED,RS_Y2_R080_C01,PG_BOOL_R080,PG_BOOL_R080_C01,Y2_boolean_variation,range_type,6,6,6,6,1.0,1.0,1.0,0.0,0.0,0.9350000000000002,0.0,none,not_computed
BOOTSTRAP_V4_1_TO_V5_RULESET_CONDITIONED,RS_Y2_R080_C02,PG_BOOL_R080,PG_BOOL_R080_C02,Y2_boolean_variation,range_type,6,6,6,6,1.0,1.0,1.0,0.0,0.0,0.9350000000000002,0.0,none,not_computed
BOOTSTRAP_V4_1_TO_V5_RULESET_CONDITIONED,RS_Y2_R080_C03,PG_BOOL_R080,PG_BOOL_R080_C03,Y2_boolean_variation,range_type,6,6,6,6,1.0,1.0,1.0,0.0,0.0,0.9350000000000002,0.0,none,not_computed
BOOTSTRAP_V4_1_TO_V5_RULESET_CONDITIONED,RS_Y2_R080_C04,PG_BOOL_R080,PG_BOOL_R080_C04,Y2_boolean_variation,range_type,6,6,6,6,1.0,1.0,1.0,0.0,0.0,0.9350000000000002,0.0,none,not_computed
BOOTSTRAP_V4_1_TO_V5_RULESET_CONDITIONED,RS_Y2_R080_C05,PG_BOOL_R080,PG_BOOL_R080_C05,Y2_boolean_variation,range_type,6,6,6,6,1.0,1.0,1.0,0.0,0.0,0.9350000000000002,0.0,none,not_computed
BOOTSTRAP_V4_1_TO_V5_RULESET_CONDITIONED,RS_Y2_R080_C06,PG_BOOL_R080,PG_BOOL_R080_C06,Y2_boolean_variation,range_type,6,6,6,6,1.0,1.0,1.0,0.0,0.0,0.9350000000000002,0.0,none,not_computed
BOOTSTRAP_V4_1_TO_V5_RULESET_CONDITIONED,RS_Y2_R080_C07,PG_BOOL_R080,PG_BOOL_R080_C07,Y2_boolean_variation,range_type,6,6,6,6,1.0,1.0,1.0,0.0,0.0,0.9350000000000002,0.0,none,not_computed
BOOTSTRAP_V4_1_TO_V5_RULESET_CONDITIONED,RS_Y2_R080_C08,PG_BOOL_R080,PG_BOOL_R080_C08,Y2_boolean_variation,range_type,6,6,6,6,1.0,1.0,1.0,0.0,0.0,0.9350000000000002,0.0,none,not_computed
BOOTSTRAP_V4_1_TO_V5_RULESET_CONDITIONED,RS_Y2_R080_C09,PG_BOOL_R080,PG_BOOL_R080_C09,Y2_boolean_variation,range_type,6,6,6,6,1.0,1.0,1.0,0.0,0.0,0.9350000000000002,0.0,none,not_computed
BOOTSTRAP_V4_1_TO_V5_RULESET_CONDITIONED,RS_Y2_R080_C10,PG_BOOL_R080,PG_BOOL_R080_C10,Y2_boolean_variation,range_type,6,6,6,6,1.0,1.0,1.0,0.0,0.0,0.9350000000000002,0.0,none,not_computed
BOOTSTRAP_V4_1_TO_V5_RULESET_CONDITIONED,RS_Y2_R081_C01,PG_BOOL_R081,PG_BOOL_R081_C01,Y2_boolean_variation,network_inet,6,6,6,6,1.0,1.0,1.0,0.0,0.0,0.9350000000000002,0.0,none,not_computed
BOOTSTRAP_V4_1_TO_V5_RULESET_CONDITIONED,RS_Y2_R081_C02,PG_BOOL_R081,PG_BOOL_R081_C02,Y2_boolean_variation,network_inet,6,6,6,6,1.0,1.0,1.0,0.0,0.0,0.9350000000000002,0.0,none,not_computed
BOOTSTRAP_V4_1_TO_V5_RULESET_CONDITIONED,RS_Y2_R081_C03,PG_BOOL_R081,PG_BOOL_R081_C03,Y2_boolean_variation,network_inet,6,6,6,6,1.0,1.0,1.0,0.0,0.0,0.9350000000000002,0.0,none,not_computed
BOOTSTRAP_V4_1_TO_V5_RULESET_CONDITIONED,RS_Y2_R081_C04,PG_BOOL_R081,PG_BOOL_R081_C04,Y2_boolean_variation,network_inet,6,6,6,6,1.0,1.0,1.0,0.0,0.0,0.9350000000000002,0.0,none,not_computed
BOOTSTRAP_V4_1_TO_V5_RULESET_CONDITIONED,RS_Y2_R081_C05,PG_BOOL_R081,PG_BOOL_R081_C05,Y2_boolean_variation,network_inet,6,6,6,6,1.0,1.0,1.0,0.0,0.0,0.9350000000000002,0.0,none,not_computed
BOOTSTRAP_V4_1_TO_V5_RULESET_CONDITIONED,RS_Y2_R081_C06,PG_BOOL_R081,PG_BOOL_R081_C06,Y2_boolean_variation,network_inet,6,6,6,6,1.0,1.0,1.0,0.0,0.0,0.9350000000000002,0.0,none,not_computed
BOOTSTRAP_V4_1_TO_V5_RULESET_CONDITIONED,RS_Y2_R081_C07,PG_BOOL_R081,PG_BOOL_R081_C07,Y2_boolean_variation,network_inet,6,6,6,6,1.0,1.0,1.0,0.0,0.0,0.9350000000000002,0.0,none,not_computed
BOOTSTRAP_V4_1_TO_V5_RULESET_CONDITIONED,RS_Y2_R081_C08,PG_BOOL_R081,PG_BOOL_R081_C08,Y2_boolean_variation,network_inet,6,6,6,6,1.0,1.0,1.0,0.0,0.0,0.9350000000000002,0.0,none,not_computed
BOOTSTRAP_V4_1_TO_V5_RULESET_CONDITIONED,RS_Y2_R081_C09,PG_BOOL_R081,PG_BOOL_R081_C09,Y2_boolean_variation,network_inet,6,6,6,6,1.0,1.0,1.0,0.0,0.0,0.9350000000000002,0.0,none,not_computed
BOOTSTRAP_V4_1_TO_V5_RULESET_CONDITIONED,RS_Y2_R081_C10,PG_BOOL_R081,PG_BOOL_R081_C10,Y2_boolean_variation,network_inet,6,6,6,6,1.0,1.0,1.0,0.0,0.0,0.9350000000000002,0.0,none,not_computed
BOOTSTRAP_V4_1_TO_V5_RULESET_CONDITIONED,RS_Y2_R082_C01,PG_BOOL_R082,PG_BOOL_R082_C01,Y2_boolean_variation,network_inet,6,6,6,6,1.0,1.0,1.0,0.0,0.0,0.9350000000000002,0.0,none,not_computed
BOOTSTRAP_V4_1_TO_V5_RULESET_CONDITIONED,RS_Y2_R082_C02,PG_BOOL_R082,PG_BOOL_R082_C02,Y2_boolean_variation,network_inet,6,6,6,6,1.0,1.0,1.0,0.0,0.0,0.9350000000000002,0.0,none,not_computed
BOOTSTRAP_V4_1_TO_V5_RULESET_CONDITIONED,RS_Y2_R082_C03,PG_BOOL_R082,PG_BOOL_R082_C03,Y2_boolean_variation,network_inet,6,6,6,6,1.0,1.0,1.0,0.0,0.0,0.9350000000000002,0.0,none,not_computed
BOOTSTRAP_V4_1_TO_V5_RULESET_CONDITIONED,RS_Y2_R082_C04,PG_BOOL_R082,PG_BOOL_R082_C04,Y2_boolean_variation,network_inet,6,6,6,6,1.0,1.0,1.0,0.0,0.0,0.9350000000000002,0.0,none,not_computed
BOOTSTRAP_V4_1_TO_V5_RULESET_CONDITIONED,RS_Y2_R082_C05,PG_BOOL_R082,PG_BOOL_R082_C05,Y2_boolean_variation,network_inet,6,6,6,6,1.0,1.0,1.0,0.0,0.0,0.9350000000000002,0.0,none,not_computed
BOOTSTRAP_V4_1_TO_V5_RULESET_CONDITIONED,RS_Y2_R082_C06,PG_BOOL_R082,PG_BOOL_R082_C06,Y2_boolean_variation,network_inet,6,6,6,6,1.0,1.0,1.0,0.0,0.0,0.9350000000000002,0.0,none,not_computed
BOOTSTRAP_V4_1_TO_V5_RULESET_CONDITIONED,RS_Y2_R082_C07,PG_BOOL_R082,PG_BOOL_R082_C07,Y2_boolean_variation,network_inet,6,6,6,6,1.0,1.0,1.0,0.0,0.0,0.9350000000000002,0.0,none,not_computed
BOOTSTRAP_V4_1_TO_V5_RULESET_CONDITIONED,RS_Y2_R082_C08,PG_BOOL_R082,PG_BOOL_R082_C08,Y2_boolean_variation,network_inet,6,6,6,6,1.0,1.0,1.0,0.0,0.0,0.9350000000000002,0.0,none,not_computed
BOOTSTRAP_V4_1_TO_V5_RULESET_CONDITIONED,RS_Y2_R082_C09,PG_BOOL_R082,PG_BOOL_R082_C09,Y2_boolean_variation,network_inet,6,6,6,6,1.0,1.0,1.0,0.0,0.0,0.9350000000000002,0.0,none,not_computed
BOOTSTRAP_V4_1_TO_V5_RULESET_CONDITIONED,RS_Y2_R082_C10,PG_BOOL_R082,PG_BOOL_R082_C10,Y2_boolean_variation,network_inet,6,6,6,6,1.0,1.0,1.0,0.0,0.0,0.9350000000000002,0.0,none,not_computed
BOOTSTRAP_V4_1_TO_V5_RULESET_CONDITIONED,RS_Y2_R083_C01,PG_BOOL_R083,PG_BOOL_R083_C01,Y2_boolean_variation,network_inet,6,6,6,6,1.0,1.0,1.0,0.0,0.0,0.9350000000000002,0.0,none,not_computed
BOOTSTRAP_V4_1_TO_V5_RULESET_CONDITIONED,RS_Y2_R083_C02,PG_BOOL_R083,PG_BOOL_R083_C02,Y2_boolean_variation,network_inet,6,6,6,6,1.0,1.0,1.0,0.0,0.0,0.9350000000000002,0.0,none,not_computed
BOOTSTRAP_V4_1_TO_V5_RULESET_CONDITIONED,RS_Y2_R083_C03,PG_BOOL_R083,PG_BOOL_R083_C03,Y2_boolean_variation,network_inet,6,6,6,6,1.0,1.0,1.0,0.0,0.0,0.9350000000000002,0.0,none,not_computed
BOOTSTRAP_V4_1_TO_V5_RULESET_CONDITIONED,RS_Y2_R083_C04,PG_BOOL_R083,PG_BOOL_R083_C04,Y2_boolean_variation,network_inet,6,6,6,6,1.0,1.0,1.0,0.0,0.0,0.9350000000000002,0.0,none,not_computed
BOOTSTRAP_V4_1_TO_V5_RULESET_CONDITIONED,RS_Y2_R083_C05,PG_BOOL_R083,PG_BOOL_R083_C05,Y2_boolean_variation,network_inet,6,6,6,6,1.0,1.0,1.0,0.0,0.0,0.9350000000000002,0.0,none,not_computed
BOOTSTRAP_V4_1_TO_V5_RULESET_CONDITIONED,RS_Y2_R083_C06,PG_BOOL_R083,PG_BOOL_R083_C06,Y2_boolean_variation,network_inet,6,6,6,6,1.0,1.0,1.0,0.0,0.0,0.9350000000000002,0.0,none,not_computed
BOOTSTRAP_V4_1_TO_V5_RULESET_CONDITIONED,RS_Y2_R083_C07,PG_BOOL_R083,PG_BOOL_R083_C07,Y2_boolean_variation,network_inet,6,6,6,6,1.0,1.0,1.0,0.0,0.0,0.9350000000000002,0.0,none,not_computed
BOOTSTRAP_V4_1_TO_V5_RULESET_CONDITIONED,RS_Y2_R083_C08,PG_BOOL_R083,PG_BOOL_R083_C08,Y2_boolean_variation,network_inet,6,6,6,6,1.0,1.0,1.0,0.0,0.0,0.9350000000000002,0.0,none,not_computed
BOOTSTRAP_V4_1_TO_V5_RULESET_CONDITIONED,RS_Y2_R083_C09,PG_BOOL_R083,PG_BOOL_R083_C09,Y2_boolean_variation,network_inet,6,6,6,6,1.0,1.0,1.0,0.0,0.0,0.9350000000000002,0.0,none,not_computed
BOOTSTRAP_V4_1_TO_V5_RULESET_CONDITIONED,RS_Y2_R083_C10,PG_BOOL_R083,PG_BOOL_R083_C10,Y2_boolean_variation,network_inet,6,6,6,6,1.0,1.0,1.0,0.0,0.0,0.9350000000000002,0.0,none,not_computed
BOOTSTRAP_V4_1_TO_V5_RULESET_CONDITIONED,RS_Y2_R084_C01,PG_BOOL_R084,PG_BOOL_R084_C01,Y2_boolean_variation,network_inet,6,6,6,6,1.0,1.0,1.0,0.0,0.0,0.9350000000000002,0.0,none,not_computed
BOOTSTRAP_V4_1_TO_V5_RULESET_CONDITIONED,RS_Y2_R084_C02,PG_BOOL_R084,PG_BOOL_R084_C02,Y2_boolean_variation,network_inet,6,6,6,6,1.0,1.0,1.0,0.0,0.0,0.9350000000000002,0.0,none,not_computed
BOOTSTRAP_V4_1_TO_V5_RULESET_CONDITIONED,RS_Y2_R084_C03,PG_BOOL_R084,PG_BOOL_R084_C03,Y2_boolean_variation,network_inet,6,6,6,6,1.0,1.0,1.0,0.0,0.0,0.9350000000000002,0.0,none,not_computed
BOOTSTRAP_V4_1_TO_V5_RULESET_CONDITIONED,RS_Y2_R084_C04,PG_BOOL_R084,PG_BOOL_R084_C04,Y2_boolean_variation,network_inet,6,6,6,6,1.0,1.0,1.0,0.0,0.0,0.9350000000000002,0.0,none,not_computed
BOOTSTRAP_V4_1_TO_V5_RULESET_CONDITIONED,RS_Y2_R084_C05,PG_BOOL_R084,PG_BOOL_R084_C05,Y2_boolean_variation,network_inet,6,6,6,6,1.0,1.0,1.0,0.0,0.0,0.9350000000000002,0.0,none,not_computed
BOOTSTRAP_V4_1_TO_V5_RULESET_CONDITIONED,RS_Y2_R084_C06,PG_BOOL_R084,PG_BOOL_R084_C06,Y2_boolean_variation,network_inet,6,6,6,6,1.0,1.0,1.0,0.0,0.0,0.9350000000000002,0.0,none,not_computed
BOOTSTRAP_V4_1_TO_V5_RULESET_CONDITIONED,RS_Y2_R084_C07,PG_BOOL_R084,PG_BOOL_R084_C07,Y2_boolean_variation,network_inet,6,6,6,6,1.0,1.0,1.0,0.0,0.0,0.9350000000000002,0.0,none,not_computed
BOOTSTRAP_V4_1_TO_V5_RULESET_CONDITIONED,RS_Y2_R084_C08,PG_BOOL_R084,PG_BOOL_R084_C08,Y2_boolean_variation,network_inet,6,6,6,6,1.0,1.0,1.0,0.0,0.0,0.9350000000000002,0.0,none,not_computed
BOOTSTRAP_V4_1_TO_V5_RULESET_CONDITIONED,RS_Y2_R084_C09,PG_BOOL_R084,PG_BOOL_R084_C09,Y2_boolean_variation,network_inet,6,6,6,6,1.0,1.0,1.0,0.0,0.0,0.9350000000000002,0.0,none,not_computed
BOOTSTRAP_V4_1_TO_V5_RULESET_CONDITIONED,RS_Y2_R084_C10,PG_BOOL_R084,PG_BOOL_R084_C10,Y2_boolean_variation,network_inet,6,6,6,6,1.0,1.0,1.0,0.0,0.0,0.9350000000000002,0.0,none,not_computed
BOOTSTRAP_V4_1_TO_V5_RULESET_CONDITIONED,RS_Y2_R085_C01,PG_BOOL_R085,PG_BOOL_R085_C01,Y2_boolean_variation,network_inet,6,6,6,6,1.0,1.0,1.0,0.0,0.0,0.9350000000000002,0.0,none,not_computed
BOOTSTRAP_V4_1_TO_V5_RULESET_CONDITIONED,RS_Y2_R085_C02,PG_BOOL_R085,PG_BOOL_R085_C02,Y2_boolean_variation,network_inet,6,6,6,6,1.0,1.0,1.0,0.0,0.0,0.9350000000000002,0.0,none,not_computed
BOOTSTRAP_V4_1_TO_V5_RULESET_CONDITIONED,RS_Y2_R085_C03,PG_BOOL_R085,PG_BOOL_R085_C03,Y2_boolean_variation,network_inet,6,6,6,6,1.0,1.0,1.0,0.0,0.0,0.9350000000000002,0.0,none,not_computed
BOOTSTRAP_V4_1_TO_V5_RULESET_CONDITIONED,RS_Y2_R085_C04,PG_BOOL_R085,PG_BOOL_R085_C04,Y2_boolean_variation,network_inet,6,6,6,6,1.0,1.0,1.0,0.0,0.0,0.9350000000000002,0.0,none,not_computed
BOOTSTRAP_V4_1_TO_V5_RULESET_CONDITIONED,RS_Y2_R085_C05,PG_BOOL_R085,PG_BOOL_R085_C05,Y2_boolean_variation,network_inet,6,6,6,6,1.0,1.0,1.0,0.0,0.0,0.9350000000000002,0.0,none,not_computed
BOOTSTRAP_V4_1_TO_V5_RULESET_CONDITIONED,RS_Y2_R085_C06,PG_BOOL_R085,PG_BOOL_R085_C06,Y2_boolean_variation,network_inet,6,6,6,6,1.0,1.0,1.0,0.0,0.0,0.9350000000000002,0.0,none,not_computed
BOOTSTRAP_V4_1_TO_V5_RULESET_CONDITIONED,RS_Y2_R085_C07,PG_BOOL_R085,PG_BOOL_R085_C07,Y2_boolean_variation,network_inet,6,6,6,6,1.0,1.0,1.0,0.0,0.0,0.9350000000000002,0.0,none,not_computed
BOOTSTRAP_V4_1_TO_V5_RULESET_CONDITIONED,RS_Y2_R085_C08,PG_BOOL_R085,PG_BOOL_R085_C08,Y2_boolean_variation,network_inet,6,6,6,6,1.0,1.0,1.0,0.0,0.0,0.9350000000000002,0.0,none,not_computed
BOOTSTRAP_V4_1_TO_V5_RULESET_CONDITIONED,RS_Y2_R085_C09,PG_BOOL_R085,PG_BOOL_R085_C09,Y2_boolean_variation,network_inet,6,6,6,6,1.0,1.0,1.0,0.0,0.0,0.9350000000000002,0.0,none,not_computed
BOOTSTRAP_V4_1_TO_V5_RULESET_CONDITIONED,RS_Y2_R085_C10,PG_BOOL_R085,PG_BOOL_R085_C10,Y2_boolean_variation,network_inet,6,6,6,6,1.0,1.0,1.0,0.0,0.0,0.9350000000000002,0.0,none,not_computed
BOOTSTRAP_V4_1_TO_V5_RULESET_CONDITIONED,RS_Y2_R086_C01,PG_BOOL_R086,PG_BOOL_R086_C01,Y2_boolean_variation,uuid_predicate,6,6,6,0,1.0,1.0,0.0,0.0,0.0,0.535,0.0,slot,not_computed
BOOTSTRAP_V4_1_TO_V5_RULESET_CONDITIONED,RS_Y2_R086_C02,PG_BOOL_R086,PG_BOOL_R086_C02,Y2_boolean_variation,uuid_predicate,6,6,6,0,1.0,1.0,0.0,0.0,0.0,0.535,0.0,slot,not_computed
BOOTSTRAP_V4_1_TO_V5_RULESET_CONDITIONED,RS_Y2_R086_C03,PG_BOOL_R086,PG_BOOL_R086_C03,Y2_boolean_variation,uuid_predicate,6,6,6,0,1.0,1.0,0.0,0.0,0.0,0.535,0.0,slot,not_computed
BOOTSTRAP_V4_1_TO_V5_RULESET_CONDITIONED,RS_Y2_R086_C04,PG_BOOL_R086,PG_BOOL_R086_C04,Y2_boolean_variation,uuid_predicate,6,6,6,0,1.0,1.0,0.0,0.0,0.0,0.535,0.0,slot,not_computed
BOOTSTRAP_V4_1_TO_V5_RULESET_CONDITIONED,RS_Y2_R086_C05,PG_BOOL_R086,PG_BOOL_R086_C05,Y2_boolean_variation,uuid_predicate,6,6,6,0,1.0,1.0,0.0,0.0,0.0,0.535,0.0,slot,not_computed
BOOTSTRAP_V4_1_TO_V5_RULESET_CONDITIONED,RS_Y2_R086_C06,PG_BOOL_R086,PG_BOOL_R086_C06,Y2_boolean_variation,uuid_predicate,6,6,6,0,1.0,1.0,0.0,0.0,0.0,0.535,0.0,slot,not_computed
BOOTSTRAP_V4_1_TO_V5_RULESET_CONDITIONED,RS_Y2_R086_C07,PG_BOOL_R086,PG_BOOL_R086_C07,Y2_boolean_variation,uuid_predicate,6,6,6,0,1.0,1.0,0.0,0.0,0.0,0.535,0.0,slot,not_computed
BOOTSTRAP_V4_1_TO_V5_RULESET_CONDITIONED,RS_Y2_R086_C08,PG_BOOL_R086,PG_BOOL_R086_C08,Y2_boolean_variation,uuid_predicate,6,6,6,0,1.0,1.0,0.0,0.0,0.0,0.535,0.0,slot,not_computed
BOOTSTRAP_V4_1_TO_V5_RULESET_CONDITIONED,RS_Y2_R086_C09,PG_BOOL_R086,PG_BOOL_R086_C09,Y2_boolean_variation,uuid_predicate,6,6,6,0,1.0,1.0,0.0,0.0,0.0,0.535,0.0,slot,not_computed
BOOTSTRAP_V4_1_TO_V5_RULESET_CONDITIONED,RS_Y2_R086_C10,PG_BOOL_R086,PG_BOOL_R086_C10,Y2_boolean_variation,uuid_predicate,6,6,6,0,1.0,1.0,0.0,0.0,0.0,0.535,0.0,slot,not_computed
BOOTSTRAP_V4_1_TO_V5_RULESET_CONDITIONED,RS_Y2_R087_C01,PG_BOOL_R087,PG_BOOL_R087_C01,Y2_boolean_variation,uuid_predicate,6,6,6,0,1.0,1.0,0.0,0.0,0.0,0.535,0.0,slot,not_computed
BOOTSTRAP_V4_1_TO_V5_RULESET_CONDITIONED,RS_Y2_R087_C02,PG_BOOL_R087,PG_BOOL_R087_C02,Y2_boolean_variation,uuid_predicate,6,6,6,0,1.0,1.0,0.0,0.0,0.0,0.535,0.0,slot,not_computed
BOOTSTRAP_V4_1_TO_V5_RULESET_CONDITIONED,RS_Y2_R087_C03,PG_BOOL_R087,PG_BOOL_R087_C03,Y2_boolean_variation,uuid_predicate,6,6,6,0,1.0,1.0,0.0,0.0,0.0,0.535,0.0,slot,not_computed
BOOTSTRAP_V4_1_TO_V5_RULESET_CONDITIONED,RS_Y2_R087_C04,PG_BOOL_R087,PG_BOOL_R087_C04,Y2_boolean_variation,uuid_predicate,6,6,6,0,1.0,1.0,0.0,0.0,0.0,0.535,0.0,slot,not_computed
BOOTSTRAP_V4_1_TO_V5_RULESET_CONDITIONED,RS_Y2_R087_C05,PG_BOOL_R087,PG_BOOL_R087_C05,Y2_boolean_variation,uuid_predicate,6,6,6,0,1.0,1.0,0.0,0.0,0.0,0.535,0.0,slot,not_computed
BOOTSTRAP_V4_1_TO_V5_RULESET_CONDITIONED,RS_Y2_R087_C06,PG_BOOL_R087,PG_BOOL_R087_C06,Y2_boolean_variation,uuid_predicate,6,6,6,0,1.0,1.0,0.0,0.0,0.0,0.535,0.0,slot,not_computed
BOOTSTRAP_V4_1_TO_V5_RULESET_CONDITIONED,RS_Y2_R087_C07,PG_BOOL_R087,PG_BOOL_R087_C07,Y2_boolean_variation,uuid_predicate,6,6,6,0,1.0,1.0,0.0,0.0,0.0,0.535,0.0,slot,not_computed
BOOTSTRAP_V4_1_TO_V5_RULESET_CONDITIONED,RS_Y2_R087_C08,PG_BOOL_R087,PG_BOOL_R087_C08,Y2_boolean_variation,uuid_predicate,6,6,6,0,1.0,1.0,0.0,0.0,0.0,0.535,0.0,slot,not_computed
BOOTSTRAP_V4_1_TO_V5_RULESET_CONDITIONED,RS_Y2_R087_C09,PG_BOOL_R087,PG_BOOL_R087_C09,Y2_boolean_variation,uuid_predicate,6,6,6,0,1.0,1.0,0.0,0.0,0.0,0.535,0.0,slot,not_computed
BOOTSTRAP_V4_1_TO_V5_RULESET_CONDITIONED,RS_Y2_R087_C10,PG_BOOL_R087,PG_BOOL_R087_C10,Y2_boolean_variation,uuid_predicate,6,6,6,0,1.0,1.0,0.0,0.0,0.0,0.535,0.0,slot,not_computed
BOOTSTRAP_V4_1_TO_V5_RULESET_CONDITIONED,RS_Y2_R088_C01,PG_BOOL_R088,PG_BOOL_R088_C01,Y2_boolean_variation,uuid_predicate,6,6,6,0,1.0,1.0,0.0,0.0,0.0,0.48500000000000004,0.0,boolean+slot,not_computed
BOOTSTRAP_V4_1_TO_V5_RULESET_CONDITIONED,RS_Y2_R088_C02,PG_BOOL_R088,PG_BOOL_R088_C02,Y2_boolean_variation,uuid_predicate,6,6,6,0,1.0,1.0,0.0,0.0,0.0,0.48500000000000004,0.0,boolean+slot,not_computed
BOOTSTRAP_V4_1_TO_V5_RULESET_CONDITIONED,RS_Y2_R088_C03,PG_BOOL_R088,PG_BOOL_R088_C03,Y2_boolean_variation,uuid_predicate,6,6,6,0,1.0,1.0,0.0,0.0,0.0,0.535,0.0,slot,not_computed
BOOTSTRAP_V4_1_TO_V5_RULESET_CONDITIONED,RS_Y2_R088_C04,PG_BOOL_R088,PG_BOOL_R088_C04,Y2_boolean_variation,uuid_predicate,6,6,6,0,1.0,1.0,0.0,0.0,0.0,0.535,0.0,slot,not_computed
BOOTSTRAP_V4_1_TO_V5_RULESET_CONDITIONED,RS_Y2_R088_C05,PG_BOOL_R088,PG_BOOL_R088_C05,Y2_boolean_variation,uuid_predicate,6,6,6,0,1.0,1.0,0.0,0.0,0.0,0.535,0.0,slot,not_computed
BOOTSTRAP_V4_1_TO_V5_RULESET_CONDITIONED,RS_Y2_R088_C06,PG_BOOL_R088,PG_BOOL_R088_C06,Y2_boolean_variation,uuid_predicate,6,6,6,0,1.0,1.0,0.0,0.0,0.0,0.48500000000000004,0.0,boolean+slot,not_computed
BOOTSTRAP_V4_1_TO_V5_RULESET_CONDITIONED,RS_Y2_R088_C07,PG_BOOL_R088,PG_BOOL_R088_C07,Y2_boolean_variation,uuid_predicate,6,6,6,0,1.0,1.0,0.0,0.0,0.0,0.535,0.0,slot,not_computed
BOOTSTRAP_V4_1_TO_V5_RULESET_CONDITIONED,RS_Y2_R088_C08,PG_BOOL_R088,PG_BOOL_R088_C08,Y2_boolean_variation,uuid_predicate,6,6,6,0,1.0,1.0,0.0,0.0,0.0,0.535,0.0,slot,not_computed
BOOTSTRAP_V4_1_TO_V5_RULESET_CONDITIONED,RS_Y2_R088_C09,PG_BOOL_R088,PG_BOOL_R088_C09,Y2_boolean_variation,uuid_predicate,6,6,6,0,1.0,1.0,0.0,0.0,0.0,0.535,0.0,slot,not_computed
BOOTSTRAP_V4_1_TO_V5_RULESET_CONDITIONED,RS_Y2_R088_C10,PG_BOOL_R088,PG_BOOL_R088_C10,Y2_boolean_variation,uuid_predicate,6,6,6,0,1.0,1.0,0.0,0.0,0.0,0.48500000000000004,0.0,boolean+slot,not_computed
BOOTSTRAP_V4_1_TO_V5_RULESET_CONDITIONED,RS_Y2_R089_C01,PG_BOOL_R089,PG_BOOL_R089_C01,Y2_boolean_variation,uuid_predicate,6,6,6,0,1.0,1.0,0.0,0.0,0.0,0.535,0.0,slot,not_computed
BOOTSTRAP_V4_1_TO_V5_RULESET_CONDITIONED,RS_Y2_R089_C02,PG_BOOL_R089,PG_BOOL_R089_C02,Y2_boolean_variation,uuid_predicate,6,6,6,0,1.0,1.0,0.0,0.0,0.0,0.535,0.0,slot,not_computed
BOOTSTRAP_V4_1_TO_V5_RULESET_CONDITIONED,RS_Y2_R089_C03,PG_BOOL_R089,PG_BOOL_R089_C03,Y2_boolean_variation,uuid_predicate,6,6,6,0,1.0,1.0,0.0,0.0,0.0,0.535,0.0,slot,not_computed
BOOTSTRAP_V4_1_TO_V5_RULESET_CONDITIONED,RS_Y2_R089_C04,PG_BOOL_R089,PG_BOOL_R089_C04,Y2_boolean_variation,uuid_predicate,6,6,6,0,1.0,1.0,0.0,0.0,0.0,0.535,0.0,slot,not_computed
BOOTSTRAP_V4_1_TO_V5_RULESET_CONDITIONED,RS_Y2_R089_C05,PG_BOOL_R089,PG_BOOL_R089_C05,Y2_boolean_variation,uuid_predicate,6,6,6,0,1.0,1.0,0.0,0.0,0.0,0.535,0.0,slot,not_computed
BOOTSTRAP_V4_1_TO_V5_RULESET_CONDITIONED,RS_Y2_R089_C06,PG_BOOL_R089,PG_BOOL_R089_C06,Y2_boolean_variation,uuid_predicate,6,6,6,0,1.0,1.0,0.0,0.0,0.0,0.535,0.0,slot,not_computed
BOOTSTRAP_V4_1_TO_V5_RULESET_CONDITIONED,RS_Y2_R089_C07,PG_BOOL_R089,PG_BOOL_R089_C07,Y2_boolean_variation,uuid_predicate,6,6,6,0,1.0,1.0,0.0,0.0,0.0,0.535,0.0,slot,not_computed
BOOTSTRAP_V4_1_TO_V5_RULESET_CONDITIONED,RS_Y2_R089_C08,PG_BOOL_R089,PG_BOOL_R089_C08,Y2_boolean_variation,uuid_predicate,6,6,6,0,1.0,1.0,0.0,0.0,0.0,0.535,0.0,slot,not_computed
BOOTSTRAP_V4_1_TO_V5_RULESET_CONDITIONED,RS_Y2_R089_C09,PG_BOOL_R089,PG_BOOL_R089_C09,Y2_boolean_variation,uuid_predicate,6,6,6,0,1.0,1.0,0.0,0.0,0.0,0.535,0.0,slot,not_computed
BOOTSTRAP_V4_1_TO_V5_RULESET_CONDITIONED,RS_Y2_R089_C10,PG_BOOL_R089,PG_BOOL_R089_C10,Y2_boolean_variation,uuid_predicate,6,6,6,0,1.0,1.0,0.0,0.0,0.0,0.535,0.0,slot,not_computed
BOOTSTRAP_V4_1_TO_V5_RULESET_CONDITIONED,RS_Y2_R090_C01,PG_BOOL_R090,PG_BOOL_R090_C01,Y2_boolean_variation,uuid_predicate,6,6,6,0,1.0,1.0,0.0,0.0,0.0,0.535,0.0,slot,not_computed
BOOTSTRAP_V4_1_TO_V5_RULESET_CONDITIONED,RS_Y2_R090_C02,PG_BOOL_R090,PG_BOOL_R090_C02,Y2_boolean_variation,uuid_predicate,6,6,6,0,1.0,1.0,0.0,0.0,0.0,0.535,0.0,slot,not_computed
BOOTSTRAP_V4_1_TO_V5_RULESET_CONDITIONED,RS_Y2_R090_C03,PG_BOOL_R090,PG_BOOL_R090_C03,Y2_boolean_variation,uuid_predicate,6,6,6,0,1.0,1.0,0.0,0.0,0.0,0.535,0.0,slot,not_computed
BOOTSTRAP_V4_1_TO_V5_RULESET_CONDITIONED,RS_Y2_R090_C04,PG_BOOL_R090,PG_BOOL_R090_C04,Y2_boolean_variation,uuid_predicate,6,6,6,0,1.0,1.0,0.0,0.0,0.0,0.535,0.0,slot,not_computed
BOOTSTRAP_V4_1_TO_V5_RULESET_CONDITIONED,RS_Y2_R090_C05,PG_BOOL_R090,PG_BOOL_R090_C05,Y2_boolean_variation,uuid_predicate,6,6,6,0,1.0,1.0,0.0,0.0,0.0,0.535,0.0,slot,not_computed
BOOTSTRAP_V4_1_TO_V5_RULESET_CONDITIONED,RS_Y2_R090_C06,PG_BOOL_R090,PG_BOOL_R090_C06,Y2_boolean_variation,uuid_predicate,6,6,6,0,1.0,1.0,0.0,0.0,0.0,0.535,0.0,slot,not_computed
BOOTSTRAP_V4_1_TO_V5_RULESET_CONDITIONED,RS_Y2_R090_C07,PG_BOOL_R090,PG_BOOL_R090_C07,Y2_boolean_variation,uuid_predicate,6,6,6,0,1.0,1.0,0.0,0.0,0.0,0.535,0.0,slot,not_computed
BOOTSTRAP_V4_1_TO_V5_RULESET_CONDITIONED,RS_Y2_R090_C08,PG_BOOL_R090,PG_BOOL_R090_C08,Y2_boolean_variation,uuid_predicate,6,6,6,0,1.0,1.0,0.0,0.0,0.0,0.535,0.0,slot,not_computed
BOOTSTRAP_V4_1_TO_V5_RULESET_CONDITIONED,RS_Y2_R090_C09,PG_BOOL_R090,PG_BOOL_R090_C09,Y2_boolean_variation,uuid_predicate,6,6,6,0,1.0,1.0,0.0,0.0,0.0,0.535,0.0,slot,not_computed
BOOTSTRAP_V4_1_TO_V5_RULESET_CONDITIONED,RS_Y2_R090_C10,PG_BOOL_R090,PG_BOOL_R090_C10,Y2_boolean_variation,uuid_predicate,6,6,6,0,1.0,1.0,0.0,0.0,0.0,0.535,0.0,slot,not_computed
BOOTSTRAP_V4_1_TO_V5_RULESET_CONDITIONED,RS_Y2_R091_C01,PG_BOOL_R091,PG_BOOL_R091_C01,Y2_boolean_variation,full_text_predicate,6,6,6,0,1.0,1.0,1.0,0.0,0.0,0.585,0.0,boolean,not_computed
BOOTSTRAP_V4_1_TO_V5_RULESET_CONDITIONED,RS_Y2_R091_C02,PG_BOOL_R091,PG_BOOL_R091_C02,Y2_boolean_variation,full_text_predicate,6,6,6,0,1.0,1.0,1.0,0.0,0.0,0.585,0.0,boolean,not_computed
BOOTSTRAP_V4_1_TO_V5_RULESET_CONDITIONED,RS_Y2_R091_C03,PG_BOOL_R091,PG_BOOL_R091_C03,Y2_boolean_variation,full_text_predicate,6,6,6,6,1.0,1.0,1.0,0.0,0.0,0.9350000000000002,0.0,none,not_computed
BOOTSTRAP_V4_1_TO_V5_RULESET_CONDITIONED,RS_Y2_R091_C04,PG_BOOL_R091,PG_BOOL_R091_C04,Y2_boolean_variation,full_text_predicate,6,6,6,6,1.0,1.0,1.0,0.0,0.0,0.9350000000000002,0.0,none,not_computed
BOOTSTRAP_V4_1_TO_V5_RULESET_CONDITIONED,RS_Y2_R091_C05,PG_BOOL_R091,PG_BOOL_R091_C05,Y2_boolean_variation,full_text_predicate,6,6,6,6,1.0,1.0,1.0,0.0,0.0,0.9350000000000002,0.0,none,not_computed
BOOTSTRAP_V4_1_TO_V5_RULESET_CONDITIONED,RS_Y2_R091_C06,PG_BOOL_R091,PG_BOOL_R091_C06,Y2_boolean_variation,full_text_predicate,6,6,6,0,1.0,1.0,1.0,0.0,0.0,0.585,0.0,boolean,not_computed
BOOTSTRAP_V4_1_TO_V5_RULESET_CONDITIONED,RS_Y2_R091_C07,PG_BOOL_R091,PG_BOOL_R091_C07,Y2_boolean_variation,full_text_predicate,6,6,6,6,1.0,1.0,1.0,0.0,0.0,0.9350000000000002,0.0,none,not_computed
BOOTSTRAP_V4_1_TO_V5_RULESET_CONDITIONED,RS_Y2_R091_C08,PG_BOOL_R091,PG_BOOL_R091_C08,Y2_boolean_variation,full_text_predicate,6,6,6,6,1.0,1.0,1.0,0.0,0.0,0.9350000000000002,0.0,none,not_computed
BOOTSTRAP_V4_1_TO_V5_RULESET_CONDITIONED,RS_Y2_R091_C09,PG_BOOL_R091,PG_BOOL_R091_C09,Y2_boolean_variation,full_text_predicate,6,6,6,6,1.0,1.0,1.0,0.0,0.0,0.9350000000000002,0.0,none,not_computed
BOOTSTRAP_V4_1_TO_V5_RULESET_CONDITIONED,RS_Y2_R091_C10,PG_BOOL_R091,PG_BOOL_R091_C10,Y2_boolean_variation,full_text_predicate,6,6,6,0,1.0,1.0,1.0,0.0,0.0,0.585,0.0,boolean,not_computed
BOOTSTRAP_V4_1_TO_V5_RULESET_CONDITIONED,RS_Y2_R092_C01,PG_BOOL_R092,PG_BOOL_R092_C01,Y2_boolean_variation,full_text_predicate,6,6,6,0,1.0,1.0,1.0,0.0,0.0,0.585,0.0,boolean,not_computed
BOOTSTRAP_V4_1_TO_V5_RULESET_CONDITIONED,RS_Y2_R092_C02,PG_BOOL_R092,PG_BOOL_R092_C02,Y2_boolean_variation,full_text_predicate,6,6,6,0,1.0,1.0,1.0,0.0,0.0,0.585,0.0,boolean,not_computed
BOOTSTRAP_V4_1_TO_V5_RULESET_CONDITIONED,RS_Y2_R092_C03,PG_BOOL_R092,PG_BOOL_R092_C03,Y2_boolean_variation,full_text_predicate,6,6,6,6,1.0,1.0,1.0,0.0,0.0,0.9350000000000002,0.0,none,not_computed
BOOTSTRAP_V4_1_TO_V5_RULESET_CONDITIONED,RS_Y2_R092_C04,PG_BOOL_R092,PG_BOOL_R092_C04,Y2_boolean_variation,full_text_predicate,6,6,6,6,1.0,1.0,1.0,0.0,0.0,0.9350000000000002,0.0,none,not_computed
BOOTSTRAP_V4_1_TO_V5_RULESET_CONDITIONED,RS_Y2_R092_C05,PG_BOOL_R092,PG_BOOL_R092_C05,Y2_boolean_variation,full_text_predicate,6,6,6,6,1.0,1.0,1.0,0.0,0.0,0.9350000000000002,0.0,none,not_computed
BOOTSTRAP_V4_1_TO_V5_RULESET_CONDITIONED,RS_Y2_R092_C06,PG_BOOL_R092,PG_BOOL_R092_C06,Y2_boolean_variation,full_text_predicate,6,6,6,0,1.0,1.0,1.0,0.0,0.0,0.585,0.0,boolean,not_computed
BOOTSTRAP_V4_1_TO_V5_RULESET_CONDITIONED,RS_Y2_R092_C07,PG_BOOL_R092,PG_BOOL_R092_C07,Y2_boolean_variation,full_text_predicate,6,6,6,6,1.0,1.0,1.0,0.0,0.0,0.9350000000000002,0.0,none,not_computed
BOOTSTRAP_V4_1_TO_V5_RULESET_CONDITIONED,RS_Y2_R092_C08,PG_BOOL_R092,PG_BOOL_R092_C08,Y2_boolean_variation,full_text_predicate,6,6,6,6,1.0,1.0,1.0,0.0,0.0,0.9350000000000002,0.0,none,not_computed
BOOTSTRAP_V4_1_TO_V5_RULESET_CONDITIONED,RS_Y2_R092_C09,PG_BOOL_R092,PG_BOOL_R092_C09,Y2_boolean_variation,full_text_predicate,6,6,6,6,1.0,1.0,1.0,0.0,0.0,0.9350000000000002,0.0,none,not_computed
BOOTSTRAP_V4_1_TO_V5_RULESET_CONDITIONED,RS_Y2_R092_C10,PG_BOOL_R092,PG_BOOL_R092_C10,Y2_boolean_variation,full_text_predicate,6,6,6,0,1.0,1.0,1.0,0.0,0.0,0.585,0.0,boolean,not_computed
BOOTSTRAP_V4_1_TO_V5_RULESET_CONDITIONED,RS_Y2_R093_C01,PG_BOOL_R093,PG_BOOL_R093_C01,Y2_boolean_variation,full_text_predicate,6,6,6,6,1.0,1.0,1.0,0.0,0.0,0.9350000000000002,0.0,none,not_computed
BOOTSTRAP_V4_1_TO_V5_RULESET_CONDITIONED,RS_Y2_R093_C02,PG_BOOL_R093,PG_BOOL_R093_C02,Y2_boolean_variation,full_text_predicate,6,6,6,6,1.0,1.0,1.0,0.0,0.0,0.9350000000000002,0.0,none,not_computed
BOOTSTRAP_V4_1_TO_V5_RULESET_CONDITIONED,RS_Y2_R093_C03,PG_BOOL_R093,PG_BOOL_R093_C03,Y2_boolean_variation,full_text_predicate,6,6,6,6,1.0,1.0,1.0,0.0,0.0,0.9350000000000002,0.0,none,not_computed
BOOTSTRAP_V4_1_TO_V5_RULESET_CONDITIONED,RS_Y2_R093_C04,PG_BOOL_R093,PG_BOOL_R093_C04,Y2_boolean_variation,full_text_predicate,6,6,6,6,1.0,1.0,1.0,0.0,0.0,0.9350000000000002,0.0,none,not_computed
BOOTSTRAP_V4_1_TO_V5_RULESET_CONDITIONED,RS_Y2_R093_C05,PG_BOOL_R093,PG_BOOL_R093_C05,Y2_boolean_variation,full_text_predicate,6,6,6,6,1.0,1.0,1.0,0.0,0.0,0.9350000000000002,0.0,none,not_computed
BOOTSTRAP_V4_1_TO_V5_RULESET_CONDITIONED,RS_Y2_R093_C06,PG_BOOL_R093,PG_BOOL_R093_C06,Y2_boolean_variation,full_text_predicate,6,6,6,6,1.0,1.0,1.0,0.0,0.0,0.9350000000000002,0.0,none,not_computed
BOOTSTRAP_V4_1_TO_V5_RULESET_CONDITIONED,RS_Y2_R093_C07,PG_BOOL_R093,PG_BOOL_R093_C07,Y2_boolean_variation,full_text_predicate,6,6,6,6,1.0,1.0,1.0,0.0,0.0,0.9350000000000002,0.0,none,not_computed
BOOTSTRAP_V4_1_TO_V5_RULESET_CONDITIONED,RS_Y2_R093_C08,PG_BOOL_R093,PG_BOOL_R093_C08,Y2_boolean_variation,full_text_predicate,6,6,6,6,1.0,1.0,1.0,0.0,0.0,0.9350000000000002,0.0,none,not_computed
BOOTSTRAP_V4_1_TO_V5_RULESET_CONDITIONED,RS_Y2_R093_C09,PG_BOOL_R093,PG_BOOL_R093_C09,Y2_boolean_variation,full_text_predicate,6,6,6,6,1.0,1.0,1.0,0.0,0.0,0.9350000000000002,0.0,none,not_computed
BOOTSTRAP_V4_1_TO_V5_RULESET_CONDITIONED,RS_Y2_R093_C10,PG_BOOL_R093,PG_BOOL_R093_C10,Y2_boolean_variation,full_text_predicate,6,6,6,6,1.0,1.0,1.0,0.0,0.0,0.9350000000000002,0.0,none,not_computed
BOOTSTRAP_V4_1_TO_V5_RULESET_CONDITIONED,RS_Y2_R094_C01,PG_BOOL_R094,PG_BOOL_R094_C01,Y2_boolean_variation,full_text_predicate,6,6,6,6,1.0,1.0,1.0,0.0,0.0,0.9350000000000002,0.0,none,not_computed
BOOTSTRAP_V4_1_TO_V5_RULESET_CONDITIONED,RS_Y2_R094_C02,PG_BOOL_R094,PG_BOOL_R094_C02,Y2_boolean_variation,full_text_predicate,6,6,6,6,1.0,1.0,1.0,0.0,0.0,0.9350000000000002,0.0,none,not_computed
BOOTSTRAP_V4_1_TO_V5_RULESET_CONDITIONED,RS_Y2_R094_C03,PG_BOOL_R094,PG_BOOL_R094_C03,Y2_boolean_variation,full_text_predicate,6,6,6,6,1.0,1.0,1.0,0.0,0.0,0.9350000000000002,0.0,none,not_computed
BOOTSTRAP_V4_1_TO_V5_RULESET_CONDITIONED,RS_Y2_R094_C04,PG_BOOL_R094,PG_BOOL_R094_C04,Y2_boolean_variation,full_text_predicate,6,6,6,6,1.0,1.0,1.0,0.0,0.0,0.9350000000000002,0.0,none,not_computed
BOOTSTRAP_V4_1_TO_V5_RULESET_CONDITIONED,RS_Y2_R094_C05,PG_BOOL_R094,PG_BOOL_R094_C05,Y2_boolean_variation,full_text_predicate,6,6,6,6,1.0,1.0,1.0,0.0,0.0,0.9350000000000002,0.0,none,not_computed
BOOTSTRAP_V4_1_TO_V5_RULESET_CONDITIONED,RS_Y2_R094_C06,PG_BOOL_R094,PG_BOOL_R094_C06,Y2_boolean_variation,full_text_predicate,6,6,6,6,1.0,1.0,1.0,0.0,0.0,0.9350000000000002,0.0,none,not_computed
BOOTSTRAP_V4_1_TO_V5_RULESET_CONDITIONED,RS_Y2_R094_C07,PG_BOOL_R094,PG_BOOL_R094_C07,Y2_boolean_variation,full_text_predicate,6,6,6,6,1.0,1.0,1.0,0.0,0.0,0.9350000000000002,0.0,none,not_computed
BOOTSTRAP_V4_1_TO_V5_RULESET_CONDITIONED,RS_Y2_R094_C08,PG_BOOL_R094,PG_BOOL_R094_C08,Y2_boolean_variation,full_text_predicate,6,6,6,6,1.0,1.0,1.0,0.0,0.0,0.9350000000000002,0.0,none,not_computed
BOOTSTRAP_V4_1_TO_V5_RULESET_CONDITIONED,RS_Y2_R094_C09,PG_BOOL_R094,PG_BOOL_R094_C09,Y2_boolean_variation,full_text_predicate,6,6,6,6,1.0,1.0,1.0,0.0,0.0,0.9350000000000002,0.0,none,not_computed
BOOTSTRAP_V4_1_TO_V5_RULESET_CONDITIONED,RS_Y2_R094_C10,PG_BOOL_R094,PG_BOOL_R094_C10,Y2_boolean_variation,full_text_predicate,6,6,6,6,1.0,1.0,1.0,0.0,0.0,0.9350000000000002,0.0,none,not_computed
BOOTSTRAP_V4_1_TO_V5_RULESET_CONDITIONED,RS_Y2_R095_C01,PG_BOOL_R095,PG_BOOL_R095_C01,Y2_boolean_variation,full_text_predicate,6,6,6,0,1.0,1.0,1.0,0.0,0.0,0.585,0.0,boolean,not_computed
BOOTSTRAP_V4_1_TO_V5_RULESET_CONDITIONED,RS_Y2_R095_C02,PG_BOOL_R095,PG_BOOL_R095_C02,Y2_boolean_variation,full_text_predicate,6,6,6,0,1.0,1.0,1.0,0.0,0.0,0.585,0.0,boolean,not_computed
BOOTSTRAP_V4_1_TO_V5_RULESET_CONDITIONED,RS_Y2_R095_C03,PG_BOOL_R095,PG_BOOL_R095_C03,Y2_boolean_variation,full_text_predicate,6,6,6,6,1.0,1.0,1.0,0.0,0.0,0.9350000000000002,0.0,none,not_computed
BOOTSTRAP_V4_1_TO_V5_RULESET_CONDITIONED,RS_Y2_R095_C04,PG_BOOL_R095,PG_BOOL_R095_C04,Y2_boolean_variation,full_text_predicate,6,6,6,6,1.0,1.0,1.0,0.0,0.0,0.9350000000000002,0.0,none,not_computed
BOOTSTRAP_V4_1_TO_V5_RULESET_CONDITIONED,RS_Y2_R095_C05,PG_BOOL_R095,PG_BOOL_R095_C05,Y2_boolean_variation,full_text_predicate,6,6,6,6,1.0,1.0,1.0,0.0,0.0,0.9350000000000002,0.0,none,not_computed
BOOTSTRAP_V4_1_TO_V5_RULESET_CONDITIONED,RS_Y2_R095_C06,PG_BOOL_R095,PG_BOOL_R095_C06,Y2_boolean_variation,full_text_predicate,6,6,6,0,1.0,1.0,1.0,0.0,0.0,0.585,0.0,boolean,not_computed
BOOTSTRAP_V4_1_TO_V5_RULESET_CONDITIONED,RS_Y2_R095_C07,PG_BOOL_R095,PG_BOOL_R095_C07,Y2_boolean_variation,full_text_predicate,6,6,6,6,1.0,1.0,1.0,0.0,0.0,0.9350000000000002,0.0,none,not_computed
BOOTSTRAP_V4_1_TO_V5_RULESET_CONDITIONED,RS_Y2_R095_C08,PG_BOOL_R095,PG_BOOL_R095_C08,Y2_boolean_variation,full_text_predicate,6,6,6,6,1.0,1.0,1.0,0.0,0.0,0.9350000000000002,0.0,none,not_computed
BOOTSTRAP_V4_1_TO_V5_RULESET_CONDITIONED,RS_Y2_R095_C09,PG_BOOL_R095,PG_BOOL_R095_C09,Y2_boolean_variation,full_text_predicate,6,6,6,6,1.0,1.0,1.0,0.0,0.0,0.9350000000000002,0.0,none,not_computed
BOOTSTRAP_V4_1_TO_V5_RULESET_CONDITIONED,RS_Y2_R095_C10,PG_BOOL_R095,PG_BOOL_R095_C10,Y2_boolean_variation,full_text_predicate,6,6,6,0,1.0,1.0,1.0,0.0,0.0,0.585,0.0,boolean,not_computed
BOOTSTRAP_V4_1_TO_V5_RULESET_CONDITIONED,RS_Y2_R096_C01,PG_BOOL_R096,PG_BOOL_R096_C01,Y2_boolean_variation,logical_composition,6,6,6,6,1.0,1.0,1.0,0.0,0.0,0.9350000000000002,0.0,none,not_computed
BOOTSTRAP_V4_1_TO_V5_RULESET_CONDITIONED,RS_Y2_R096_C02,PG_BOOL_R096,PG_BOOL_R096_C02,Y2_boolean_variation,logical_composition,6,6,6,6,1.0,1.0,1.0,0.0,0.0,0.9350000000000002,0.0,none,not_computed
BOOTSTRAP_V4_1_TO_V5_RULESET_CONDITIONED,RS_Y2_R096_C03,PG_BOOL_R096,PG_BOOL_R096_C03,Y2_boolean_variation,logical_composition,6,6,6,6,1.0,1.0,1.0,0.0,0.0,0.9350000000000002,0.0,none,not_computed
BOOTSTRAP_V4_1_TO_V5_RULESET_CONDITIONED,RS_Y2_R096_C04,PG_BOOL_R096,PG_BOOL_R096_C04,Y2_boolean_variation,logical_composition,6,6,6,6,1.0,1.0,1.0,0.0,0.0,0.9350000000000002,0.0,none,not_computed
BOOTSTRAP_V4_1_TO_V5_RULESET_CONDITIONED,RS_Y2_R096_C05,PG_BOOL_R096,PG_BOOL_R096_C05,Y2_boolean_variation,logical_composition,6,6,6,6,1.0,1.0,1.0,0.0,0.0,0.9350000000000002,0.0,none,not_computed
BOOTSTRAP_V4_1_TO_V5_RULESET_CONDITIONED,RS_Y2_R096_C06,PG_BOOL_R096,PG_BOOL_R096_C06,Y2_boolean_variation,logical_composition,6,6,6,6,1.0,1.0,1.0,0.0,0.0,0.9350000000000002,0.0,none,not_computed
BOOTSTRAP_V4_1_TO_V5_RULESET_CONDITIONED,RS_Y2_R096_C07,PG_BOOL_R096,PG_BOOL_R096_C07,Y2_boolean_variation,logical_composition,6,6,6,6,1.0,1.0,1.0,0.0,0.0,0.9350000000000002,0.0,none,not_computed
BOOTSTRAP_V4_1_TO_V5_RULESET_CONDITIONED,RS_Y2_R096_C08,PG_BOOL_R096,PG_BOOL_R096_C08,Y2_boolean_variation,logical_composition,6,6,6,6,1.0,1.0,1.0,0.0,0.0,0.9350000000000002,0.0,none,not_computed
BOOTSTRAP_V4_1_TO_V5_RULESET_CONDITIONED,RS_Y2_R096_C09,PG_BOOL_R096,PG_BOOL_R096_C09,Y2_boolean_variation,logical_composition,6,6,6,6,1.0,1.0,1.0,0.0,0.0,0.9350000000000002,0.0,none,not_computed
BOOTSTRAP_V4_1_TO_V5_RULESET_CONDITIONED,RS_Y2_R096_C10,PG_BOOL_R096,PG_BOOL_R096_C10,Y2_boolean_variation,logical_composition,6,6,6,6,1.0,1.0,1.0,0.0,0.0,0.9350000000000002,0.0,none,not_computed
BOOTSTRAP_V4_1_TO_V5_RULESET_CONDITIONED,RS_Y2_R097_C01,PG_BOOL_R097,PG_BOOL_R097_C01,Y2_boolean_variation,logical_composition,6,6,6,6,1.0,1.0,1.0,0.0,0.0,0.9350000000000002,0.0,none,not_computed
BOOTSTRAP_V4_1_TO_V5_RULESET_CONDITIONED,RS_Y2_R097_C02,PG_BOOL_R097,PG_BOOL_R097_C02,Y2_boolean_variation,logical_composition,6,6,6,6,1.0,1.0,1.0,0.0,0.0,0.9350000000000002,0.0,none,not_computed
BOOTSTRAP_V4_1_TO_V5_RULESET_CONDITIONED,RS_Y2_R097_C03,PG_BOOL_R097,PG_BOOL_R097_C03,Y2_boolean_variation,logical_composition,6,6,6,6,1.0,1.0,1.0,0.0,0.0,0.9350000000000002,0.0,none,not_computed
BOOTSTRAP_V4_1_TO_V5_RULESET_CONDITIONED,RS_Y2_R097_C04,PG_BOOL_R097,PG_BOOL_R097_C04,Y2_boolean_variation,logical_composition,6,6,6,6,1.0,1.0,1.0,0.0,0.0,0.9350000000000002,0.0,none,not_computed
BOOTSTRAP_V4_1_TO_V5_RULESET_CONDITIONED,RS_Y2_R097_C05,PG_BOOL_R097,PG_BOOL_R097_C05,Y2_boolean_variation,logical_composition,6,6,6,6,1.0,1.0,1.0,0.0,0.0,0.9350000000000002,0.0,none,not_computed
BOOTSTRAP_V4_1_TO_V5_RULESET_CONDITIONED,RS_Y2_R097_C06,PG_BOOL_R097,PG_BOOL_R097_C06,Y2_boolean_variation,logical_composition,6,6,6,6,1.0,1.0,1.0,0.0,0.0,0.9350000000000002,0.0,none,not_computed
BOOTSTRAP_V4_1_TO_V5_RULESET_CONDITIONED,RS_Y2_R097_C07,PG_BOOL_R097,PG_BOOL_R097_C07,Y2_boolean_variation,logical_composition,6,6,6,6,1.0,1.0,1.0,0.0,0.0,0.9350000000000002,0.0,none,not_computed
BOOTSTRAP_V4_1_TO_V5_RULESET_CONDITIONED,RS_Y2_R097_C08,PG_BOOL_R097,PG_BOOL_R097_C08,Y2_boolean_variation,logical_composition,6,6,6,6,1.0,1.0,1.0,0.0,0.0,0.9350000000000002,0.0,none,not_computed
BOOTSTRAP_V4_1_TO_V5_RULESET_CONDITIONED,RS_Y2_R097_C09,PG_BOOL_R097,PG_BOOL_R097_C09,Y2_boolean_variation,logical_composition,6,6,6,6,1.0,1.0,1.0,0.0,0.0,0.9350000000000002,0.0,none,not_computed
BOOTSTRAP_V4_1_TO_V5_RULESET_CONDITIONED,RS_Y2_R097_C10,PG_BOOL_R097,PG_BOOL_R097_C10,Y2_boolean_variation,logical_composition,6,6,6,6,1.0,1.0,1.0,0.0,0.0,0.9350000000000002,0.0,none,not_computed
BOOTSTRAP_V4_1_TO_V5_RULESET_CONDITIONED,RS_Y2_R098_C01,PG_BOOL_R098,PG_BOOL_R098_C01,Y2_boolean_variation,logical_composition,6,6,6,6,1.0,1.0,1.0,0.0,0.0,0.9350000000000002,0.0,none,not_computed
BOOTSTRAP_V4_1_TO_V5_RULESET_CONDITIONED,RS_Y2_R098_C02,PG_BOOL_R098,PG_BOOL_R098_C02,Y2_boolean_variation,logical_composition,6,6,6,6,1.0,1.0,1.0,0.0,0.0,0.9350000000000002,0.0,none,not_computed
BOOTSTRAP_V4_1_TO_V5_RULESET_CONDITIONED,RS_Y2_R098_C03,PG_BOOL_R098,PG_BOOL_R098_C03,Y2_boolean_variation,logical_composition,6,6,6,6,1.0,1.0,1.0,0.0,0.0,0.9350000000000002,0.0,none,not_computed
BOOTSTRAP_V4_1_TO_V5_RULESET_CONDITIONED,RS_Y2_R098_C04,PG_BOOL_R098,PG_BOOL_R098_C04,Y2_boolean_variation,logical_composition,6,6,6,6,1.0,1.0,1.0,0.0,0.0,0.9350000000000002,0.0,none,not_computed
BOOTSTRAP_V4_1_TO_V5_RULESET_CONDITIONED,RS_Y2_R098_C05,PG_BOOL_R098,PG_BOOL_R098_C05,Y2_boolean_variation,logical_composition,6,6,6,6,1.0,1.0,1.0,0.0,0.0,0.9350000000000002,0.0,none,not_computed
BOOTSTRAP_V4_1_TO_V5_RULESET_CONDITIONED,RS_Y2_R098_C06,PG_BOOL_R098,PG_BOOL_R098_C06,Y2_boolean_variation,logical_composition,6,6,6,6,1.0,1.0,1.0,0.0,0.0,0.9350000000000002,0.0,none,not_computed
BOOTSTRAP_V4_1_TO_V5_RULESET_CONDITIONED,RS_Y2_R098_C07,PG_BOOL_R098,PG_BOOL_R098_C07,Y2_boolean_variation,logical_composition,6,6,6,6,1.0,1.0,1.0,0.0,0.0,0.9350000000000002,0.0,none,not_computed
BOOTSTRAP_V4_1_TO_V5_RULESET_CONDITIONED,RS_Y2_R098_C08,PG_BOOL_R098,PG_BOOL_R098_C08,Y2_boolean_variation,logical_composition,6,6,6,6,1.0,1.0,1.0,0.0,0.0,0.9350000000000002,0.0,none,not_computed
BOOTSTRAP_V4_1_TO_V5_RULESET_CONDITIONED,RS_Y2_R098_C09,PG_BOOL_R098,PG_BOOL_R098_C09,Y2_boolean_variation,logical_composition,6,6,6,6,1.0,1.0,1.0,0.0,0.0,0.9350000000000002,0.0,none,not_computed
BOOTSTRAP_V4_1_TO_V5_RULESET_CONDITIONED,RS_Y2_R098_C10,PG_BOOL_R098,PG_BOOL_R098_C10,Y2_boolean_variation,logical_composition,6,6,6,6,1.0,1.0,1.0,0.0,0.0,0.9350000000000002,0.0,none,not_computed
BOOTSTRAP_V4_1_TO_V5_RULESET_CONDITIONED,RS_Y2_R099_C01,PG_BOOL_R099,PG_BOOL_R099_C01,Y2_boolean_variation,logical_composition,6,6,6,6,1.0,1.0,1.0,0.0,0.0,0.9350000000000002,0.0,none,not_computed
BOOTSTRAP_V4_1_TO_V5_RULESET_CONDITIONED,RS_Y2_R099_C02,PG_BOOL_R099,PG_BOOL_R099_C02,Y2_boolean_variation,logical_composition,6,6,6,6,1.0,1.0,1.0,0.0,0.0,0.9350000000000002,0.0,none,not_computed
BOOTSTRAP_V4_1_TO_V5_RULESET_CONDITIONED,RS_Y2_R099_C03,PG_BOOL_R099,PG_BOOL_R099_C03,Y2_boolean_variation,logical_composition,6,6,6,6,1.0,1.0,1.0,0.0,0.0,0.9350000000000002,0.0,none,not_computed
BOOTSTRAP_V4_1_TO_V5_RULESET_CONDITIONED,RS_Y2_R099_C04,PG_BOOL_R099,PG_BOOL_R099_C04,Y2_boolean_variation,logical_composition,6,6,6,6,1.0,1.0,1.0,0.0,0.0,0.9350000000000002,0.0,none,not_computed
BOOTSTRAP_V4_1_TO_V5_RULESET_CONDITIONED,RS_Y2_R099_C05,PG_BOOL_R099,PG_BOOL_R099_C05,Y2_boolean_variation,logical_composition,6,6,6,6,1.0,1.0,1.0,0.0,0.0,0.9350000000000002,0.0,none,not_computed
BOOTSTRAP_V4_1_TO_V5_RULESET_CONDITIONED,RS_Y2_R099_C06,PG_BOOL_R099,PG_BOOL_R099_C06,Y2_boolean_variation,logical_composition,6,6,6,6,1.0,1.0,1.0,0.0,0.0,0.9350000000000002,0.0,none,not_computed
BOOTSTRAP_V4_1_TO_V5_RULESET_CONDITIONED,RS_Y2_R099_C07,PG_BOOL_R099,PG_BOOL_R099_C07,Y2_boolean_variation,logical_composition,6,6,6,6,1.0,1.0,1.0,0.0,0.0,0.9350000000000002,0.0,none,not_computed
BOOTSTRAP_V4_1_TO_V5_RULESET_CONDITIONED,RS_Y2_R099_C08,PG_BOOL_R099,PG_BOOL_R099_C08,Y2_boolean_variation,logical_composition,6,6,6,6,1.0,1.0,1.0,0.0,0.0,0.9350000000000002,0.0,none,not_computed
BOOTSTRAP_V4_1_TO_V5_RULESET_CONDITIONED,RS_Y2_R099_C09,PG_BOOL_R099,PG_BOOL_R099_C09,Y2_boolean_variation,logical_composition,6,6,6,6,1.0,1.0,1.0,0.0,0.0,0.9350000000000002,0.0,none,not_computed
BOOTSTRAP_V4_1_TO_V5_RULESET_CONDITIONED,RS_Y2_R099_C10,PG_BOOL_R099,PG_BOOL_R099_C10,Y2_boolean_variation,logical_composition,6,6,6,6,1.0,1.0,1.0,0.0,0.0,0.9350000000000002,0.0,none,not_computed
BOOTSTRAP_V4_1_TO_V5_RULESET_CONDITIONED,RS_Y2_R100_C01,PG_BOOL_R100,PG_BOOL_R100_C01,Y2_boolean_variation,logical_composition,6,6,6,6,1.0,1.0,1.0,0.0,0.0,0.9350000000000002,0.0,none,not_computed
BOOTSTRAP_V4_1_TO_V5_RULESET_CONDITIONED,RS_Y2_R100_C02,PG_BOOL_R100,PG_BOOL_R100_C02,Y2_boolean_variation,logical_composition,6,6,6,6,1.0,1.0,1.0,0.0,0.0,0.9350000000000002,0.0,none,not_computed
BOOTSTRAP_V4_1_TO_V5_RULESET_CONDITIONED,RS_Y2_R100_C03,PG_BOOL_R100,PG_BOOL_R100_C03,Y2_boolean_variation,logical_composition,6,6,6,6,1.0,1.0,1.0,0.0,0.0,0.9350000000000002,0.0,none,not_computed
BOOTSTRAP_V4_1_TO_V5_RULESET_CONDITIONED,RS_Y2_R100_C04,PG_BOOL_R100,PG_BOOL_R100_C04,Y2_boolean_variation,logical_composition,6,6,6,6,1.0,1.0,1.0,0.0,0.0,0.9350000000000002,0.0,none,not_computed
BOOTSTRAP_V4_1_TO_V5_RULESET_CONDITIONED,RS_Y2_R100_C05,PG_BOOL_R100,PG_BOOL_R100_C05,Y2_boolean_variation,logical_composition,6,6,6,6,1.0,1.0,1.0,0.0,0.0,0.9350000000000002,0.0,none,not_computed
BOOTSTRAP_V4_1_TO_V5_RULESET_CONDITIONED,RS_Y2_R100_C06,PG_BOOL_R100,PG_BOOL_R100_C06,Y2_boolean_variation,logical_composition,6,6,6,6,1.0,1.0,1.0,0.0,0.0,0.9350000000000002,0.0,none,not_computed
BOOTSTRAP_V4_1_TO_V5_RULESET_CONDITIONED,RS_Y2_R100_C07,PG_BOOL_R100,PG_BOOL_R100_C07,Y2_boolean_variation,logical_composition,6,6,6,6,1.0,1.0,1.0,0.0,0.0,0.9350000000000002,0.0,none,not_computed
BOOTSTRAP_V4_1_TO_V5_RULESET_CONDITIONED,RS_Y2_R100_C08,PG_BOOL_R100,PG_BOOL_R100_C08,Y2_boolean_variation,logical_composition,6,6,6,6,1.0,1.0,1.0,0.0,0.0,0.9350000000000002,0.0,none,not_computed
BOOTSTRAP_V4_1_TO_V5_RULESET_CONDITIONED,RS_Y2_R100_C09,PG_BOOL_R100,PG_BOOL_R100_C09,Y2_boolean_variation,logical_composition,6,6,6,6,1.0,1.0,1.0,0.0,0.0,0.9350000000000002,0.0,none,not_computed
BOOTSTRAP_V4_1_TO_V5_RULESET_CONDITIONED,RS_Y2_R100_C10,PG_BOOL_R100,PG_BOOL_R100_C10,Y2_boolean_variation,logical_composition,6,6,6,6,1.0,1.0,1.0,0.0,0.0,0.9350000000000002,0.0,none,not_computed
BOOTSTRAP_V4_1_TO_V5_RULESET_CONDITIONED,RS_Y3_R001_C01,PG_BOOL_R001,PG_BOOL_R001_C01,Y3_encoded_boolean,comparison_numeric,6,6,6,6,1.0,1.0,1.0,0.0,0.0,0.9350000000000002,0.0,none,not_computed
BOOTSTRAP_V4_1_TO_V5_RULESET_CONDITIONED,RS_Y3_R001_C02,PG_BOOL_R001,PG_BOOL_R001_C02,Y3_encoded_boolean,comparison_numeric,6,6,6,6,1.0,1.0,1.0,0.0,0.0,0.9350000000000002,0.0,none,not_computed
BOOTSTRAP_V4_1_TO_V5_RULESET_CONDITIONED,RS_Y3_R001_C03,PG_BOOL_R001,PG_BOOL_R001_C03,Y3_encoded_boolean,comparison_numeric,6,6,6,6,1.0,1.0,1.0,0.0,0.0,0.9350000000000002,0.0,none,not_computed
BOOTSTRAP_V4_1_TO_V5_RULESET_CONDITIONED,RS_Y3_R001_C04,PG_BOOL_R001,PG_BOOL_R001_C04,Y3_encoded_boolean,comparison_numeric,6,6,6,6,1.0,1.0,1.0,0.0,0.0,0.9350000000000002,0.0,none,not_computed
BOOTSTRAP_V4_1_TO_V5_RULESET_CONDITIONED,RS_Y3_R001_C05,PG_BOOL_R001,PG_BOOL_R001_C05,Y3_encoded_boolean,comparison_numeric,6,6,6,6,1.0,1.0,1.0,0.0,0.0,0.9350000000000002,0.0,none,not_computed
BOOTSTRAP_V4_1_TO_V5_RULESET_CONDITIONED,RS_Y3_R001_C06,PG_BOOL_R001,PG_BOOL_R001_C06,Y3_encoded_boolean,comparison_numeric,6,6,6,6,1.0,1.0,1.0,0.0,0.0,0.9350000000000002,0.0,none,not_computed
BOOTSTRAP_V4_1_TO_V5_RULESET_CONDITIONED,RS_Y3_R001_C07,PG_BOOL_R001,PG_BOOL_R001_C07,Y3_encoded_boolean,comparison_numeric,6,6,6,6,1.0,1.0,1.0,0.0,0.0,0.9350000000000002,0.0,none,not_computed
BOOTSTRAP_V4_1_TO_V5_RULESET_CONDITIONED,RS_Y3_R001_C08,PG_BOOL_R001,PG_BOOL_R001_C08,Y3_encoded_boolean,comparison_numeric,6,6,6,6,1.0,1.0,1.0,0.0,0.0,0.9350000000000002,0.0,none,not_computed
BOOTSTRAP_V4_1_TO_V5_RULESET_CONDITIONED,RS_Y3_R001_C09,PG_BOOL_R001,PG_BOOL_R001_C09,Y3_encoded_boolean,comparison_numeric,6,6,6,6,1.0,1.0,1.0,0.0,0.0,0.9350000000000002,0.0,none,not_computed
BOOTSTRAP_V4_1_TO_V5_RULESET_CONDITIONED,RS_Y3_R001_C10,PG_BOOL_R001,PG_BOOL_R001_C10,Y3_encoded_boolean,comparison_numeric,6,6,6,6,1.0,1.0,1.0,0.0,0.0,0.9350000000000002,0.0,none,not_computed
BOOTSTRAP_V4_1_TO_V5_RULESET_CONDITIONED,RS_Y3_R002_C01,PG_BOOL_R002,PG_BOOL_R002_C01,Y3_encoded_boolean,comparison_numeric,6,6,6,6,1.0,1.0,1.0,0.0,0.0,0.9350000000000002,0.0,none,not_computed
BOOTSTRAP_V4_1_TO_V5_RULESET_CONDITIONED,RS_Y3_R002_C02,PG_BOOL_R002,PG_BOOL_R002_C02,Y3_encoded_boolean,comparison_numeric,6,6,6,6,1.0,1.0,1.0,0.0,0.0,0.9350000000000002,0.0,none,not_computed
BOOTSTRAP_V4_1_TO_V5_RULESET_CONDITIONED,RS_Y3_R002_C03,PG_BOOL_R002,PG_BOOL_R002_C03,Y3_encoded_boolean,comparison_numeric,6,6,6,6,1.0,1.0,1.0,0.0,0.0,0.9350000000000002,0.0,none,not_computed
BOOTSTRAP_V4_1_TO_V5_RULESET_CONDITIONED,RS_Y3_R002_C04,PG_BOOL_R002,PG_BOOL_R002_C04,Y3_encoded_boolean,comparison_numeric,6,6,6,6,1.0,1.0,1.0,0.0,0.0,0.9350000000000002,0.0,none,not_computed
BOOTSTRAP_V4_1_TO_V5_RULESET_CONDITIONED,RS_Y3_R002_C05,PG_BOOL_R002,PG_BOOL_R002_C05,Y3_encoded_boolean,comparison_numeric,6,6,6,6,1.0,1.0,1.0,0.0,0.0,0.9350000000000002,0.0,none,not_computed
BOOTSTRAP_V4_1_TO_V5_RULESET_CONDITIONED,RS_Y3_R002_C06,PG_BOOL_R002,PG_BOOL_R002_C06,Y3_encoded_boolean,comparison_numeric,6,6,6,6,1.0,1.0,1.0,0.0,0.0,0.9350000000000002,0.0,none,not_computed
BOOTSTRAP_V4_1_TO_V5_RULESET_CONDITIONED,RS_Y3_R002_C07,PG_BOOL_R002,PG_BOOL_R002_C07,Y3_encoded_boolean,comparison_numeric,6,6,6,6,1.0,1.0,1.0,0.0,0.0,0.9350000000000002,0.0,none,not_computed
BOOTSTRAP_V4_1_TO_V5_RULESET_CONDITIONED,RS_Y3_R002_C08,PG_BOOL_R002,PG_BOOL_R002_C08,Y3_encoded_boolean,comparison_numeric,6,6,6,6,1.0,1.0,1.0,0.0,0.0,0.9350000000000002,0.0,none,not_computed
BOOTSTRAP_V4_1_TO_V5_RULESET_CONDITIONED,RS_Y3_R002_C09,PG_BOOL_R002,PG_BOOL_R002_C09,Y3_encoded_boolean,comparison_numeric,6,6,6,6,1.0,1.0,1.0,0.0,0.0,0.9350000000000002,0.0,none,not_computed
BOOTSTRAP_V4_1_TO_V5_RULESET_CONDITIONED,RS_Y3_R002_C10,PG_BOOL_R002,PG_BOOL_R002_C10,Y3_encoded_boolean,comparison_numeric,6,6,6,6,1.0,1.0,1.0,0.0,0.0,0.9350000000000002,0.0,none,not_computed
BOOTSTRAP_V4_1_TO_V5_RULESET_CONDITIONED,RS_Y3_R003_C01,PG_BOOL_R003,PG_BOOL_R003_C01,Y3_encoded_boolean,comparison_numeric,6,6,6,6,1.0,1.0,1.0,0.0,0.0,0.9350000000000002,0.0,none,not_computed
BOOTSTRAP_V4_1_TO_V5_RULESET_CONDITIONED,RS_Y3_R003_C02,PG_BOOL_R003,PG_BOOL_R003_C02,Y3_encoded_boolean,comparison_numeric,6,6,6,6,1.0,1.0,1.0,0.0,0.0,0.9350000000000002,0.0,none,not_computed
BOOTSTRAP_V4_1_TO_V5_RULESET_CONDITIONED,RS_Y3_R003_C03,PG_BOOL_R003,PG_BOOL_R003_C03,Y3_encoded_boolean,comparison_numeric,6,6,6,6,1.0,1.0,1.0,0.0,0.0,0.9350000000000002,0.0,none,not_computed
BOOTSTRAP_V4_1_TO_V5_RULESET_CONDITIONED,RS_Y3_R003_C04,PG_BOOL_R003,PG_BOOL_R003_C04,Y3_encoded_boolean,comparison_numeric,6,6,6,6,1.0,1.0,1.0,0.0,0.0,0.9350000000000002,0.0,none,not_computed
BOOTSTRAP_V4_1_TO_V5_RULESET_CONDITIONED,RS_Y3_R003_C05,PG_BOOL_R003,PG_BOOL_R003_C05,Y3_encoded_boolean,comparison_numeric,6,6,6,6,1.0,1.0,1.0,0.0,0.0,0.9350000000000002,0.0,none,not_computed
BOOTSTRAP_V4_1_TO_V5_RULESET_CONDITIONED,RS_Y3_R003_C06,PG_BOOL_R003,PG_BOOL_R003_C06,Y3_encoded_boolean,comparison_numeric,6,6,6,6,1.0,1.0,1.0,0.0,0.0,0.9350000000000002,0.0,none,not_computed
BOOTSTRAP_V4_1_TO_V5_RULESET_CONDITIONED,RS_Y3_R003_C07,PG_BOOL_R003,PG_BOOL_R003_C07,Y3_encoded_boolean,comparison_numeric,6,6,6,6,1.0,1.0,1.0,0.0,0.0,0.9350000000000002,0.0,none,not_computed
BOOTSTRAP_V4_1_TO_V5_RULESET_CONDITIONED,RS_Y3_R003_C08,PG_BOOL_R003,PG_BOOL_R003_C08,Y3_encoded_boolean,comparison_numeric,6,6,6,6,1.0,1.0,1.0,0.0,0.0,0.9350000000000002,0.0,none,not_computed
BOOTSTRAP_V4_1_TO_V5_RULESET_CONDITIONED,RS_Y3_R003_C09,PG_BOOL_R003,PG_BOOL_R003_C09,Y3_encoded_boolean,comparison_numeric,6,6,6,6,1.0,1.0,1.0,0.0,0.0,0.9350000000000002,0.0,none,not_computed
BOOTSTRAP_V4_1_TO_V5_RULESET_CONDITIONED,RS_Y3_R003_C10,PG_BOOL_R003,PG_BOOL_R003_C10,Y3_encoded_boolean,comparison_numeric,6,6,6,6,1.0,1.0,1.0,0.0,0.0,0.9350000000000002,0.0,none,not_computed
BOOTSTRAP_V4_1_TO_V5_RULESET_CONDITIONED,RS_Y3_R004_C01,PG_BOOL_R004,PG_BOOL_R004_C01,Y3_encoded_boolean,comparison_numeric,6,6,6,6,1.0,1.0,1.0,0.0,0.0,0.9350000000000002,0.0,none,not_computed
BOOTSTRAP_V4_1_TO_V5_RULESET_CONDITIONED,RS_Y3_R004_C02,PG_BOOL_R004,PG_BOOL_R004_C02,Y3_encoded_boolean,comparison_numeric,6,6,6,6,1.0,1.0,1.0,0.0,0.0,0.9350000000000002,0.0,none,not_computed
BOOTSTRAP_V4_1_TO_V5_RULESET_CONDITIONED,RS_Y3_R004_C03,PG_BOOL_R004,PG_BOOL_R004_C03,Y3_encoded_boolean,comparison_numeric,6,6,6,6,1.0,1.0,1.0,0.0,0.0,0.9350000000000002,0.0,none,not_computed
BOOTSTRAP_V4_1_TO_V5_RULESET_CONDITIONED,RS_Y3_R004_C04,PG_BOOL_R004,PG_BOOL_R004_C04,Y3_encoded_boolean,comparison_numeric,6,6,6,6,1.0,1.0,1.0,0.0,0.0,0.9350000000000002,0.0,none,not_computed
BOOTSTRAP_V4_1_TO_V5_RULESET_CONDITIONED,RS_Y3_R004_C05,PG_BOOL_R004,PG_BOOL_R004_C05,Y3_encoded_boolean,comparison_numeric,6,6,6,6,1.0,1.0,1.0,0.0,0.0,0.9350000000000002,0.0,none,not_computed
BOOTSTRAP_V4_1_TO_V5_RULESET_CONDITIONED,RS_Y3_R004_C06,PG_BOOL_R004,PG_BOOL_R004_C06,Y3_encoded_boolean,comparison_numeric,6,6,6,6,1.0,1.0,1.0,0.0,0.0,0.9350000000000002,0.0,none,not_computed
BOOTSTRAP_V4_1_TO_V5_RULESET_CONDITIONED,RS_Y3_R004_C07,PG_BOOL_R004,PG_BOOL_R004_C07,Y3_encoded_boolean,comparison_numeric,6,6,6,6,1.0,1.0,1.0,0.0,0.0,0.9350000000000002,0.0,none,not_computed
BOOTSTRAP_V4_1_TO_V5_RULESET_CONDITIONED,RS_Y3_R004_C08,PG_BOOL_R004,PG_BOOL_R004_C08,Y3_encoded_boolean,comparison_numeric,6,6,6,6,1.0,1.0,1.0,0.0,0.0,0.9350000000000002,0.0,none,not_computed
BOOTSTRAP_V4_1_TO_V5_RULESET_CONDITIONED,RS_Y3_R004_C09,PG_BOOL_R004,PG_BOOL_R004_C09,Y3_encoded_boolean,comparison_numeric,6,6,6,6,1.0,1.0,1.0,0.0,0.0,0.9350000000000002,0.0,none,not_computed
BOOTSTRAP_V4_1_TO_V5_RULESET_CONDITIONED,RS_Y3_R004_C10,PG_BOOL_R004,PG_BOOL_R004_C10,Y3_encoded_boolean,comparison_numeric,6,6,6,6,1.0,1.0,1.0,0.0,0.0,0.9350000000000002,0.0,none,not_computed
BOOTSTRAP_V4_1_TO_V5_RULESET_CONDITIONED,RS_Y3_R005_C01,PG_BOOL_R005,PG_BOOL_R005_C01,Y3_encoded_boolean,comparison_numeric,6,6,6,6,1.0,1.0,1.0,0.0,0.0,0.9350000000000002,0.0,none,not_computed
BOOTSTRAP_V4_1_TO_V5_RULESET_CONDITIONED,RS_Y3_R005_C02,PG_BOOL_R005,PG_BOOL_R005_C02,Y3_encoded_boolean,comparison_numeric,6,6,6,6,1.0,1.0,1.0,0.0,0.0,0.9350000000000002,0.0,none,not_computed
BOOTSTRAP_V4_1_TO_V5_RULESET_CONDITIONED,RS_Y3_R005_C03,PG_BOOL_R005,PG_BOOL_R005_C03,Y3_encoded_boolean,comparison_numeric,6,6,6,6,1.0,1.0,1.0,0.0,0.0,0.9350000000000002,0.0,none,not_computed
BOOTSTRAP_V4_1_TO_V5_RULESET_CONDITIONED,RS_Y3_R005_C04,PG_BOOL_R005,PG_BOOL_R005_C04,Y3_encoded_boolean,comparison_numeric,6,6,6,6,1.0,1.0,1.0,0.0,0.0,0.9350000000000002,0.0,none,not_computed
BOOTSTRAP_V4_1_TO_V5_RULESET_CONDITIONED,RS_Y3_R005_C05,PG_BOOL_R005,PG_BOOL_R005_C05,Y3_encoded_boolean,comparison_numeric,6,6,6,6,1.0,1.0,1.0,0.0,0.0,0.9350000000000002,0.0,none,not_computed
BOOTSTRAP_V4_1_TO_V5_RULESET_CONDITIONED,RS_Y3_R005_C06,PG_BOOL_R005,PG_BOOL_R005_C06,Y3_encoded_boolean,comparison_numeric,6,6,6,6,1.0,1.0,1.0,0.0,0.0,0.9350000000000002,0.0,none,not_computed
BOOTSTRAP_V4_1_TO_V5_RULESET_CONDITIONED,RS_Y3_R005_C07,PG_BOOL_R005,PG_BOOL_R005_C07,Y3_encoded_boolean,comparison_numeric,6,6,6,6,1.0,1.0,1.0,0.0,0.0,0.9350000000000002,0.0,none,not_computed
BOOTSTRAP_V4_1_TO_V5_RULESET_CONDITIONED,RS_Y3_R005_C08,PG_BOOL_R005,PG_BOOL_R005_C08,Y3_encoded_boolean,comparison_numeric,6,6,6,6,1.0,1.0,1.0,0.0,0.0,0.9350000000000002,0.0,none,not_computed
BOOTSTRAP_V4_1_TO_V5_RULESET_CONDITIONED,RS_Y3_R005_C09,PG_BOOL_R005,PG_BOOL_R005_C09,Y3_encoded_boolean,comparison_numeric,6,6,6,6,1.0,1.0,1.0,0.0,0.0,0.9350000000000002,0.0,none,not_computed
BOOTSTRAP_V4_1_TO_V5_RULESET_CONDITIONED,RS_Y3_R005_C10,PG_BOOL_R005,PG_BOOL_R005_C10,Y3_encoded_boolean,comparison_numeric,6,6,6,6,1.0,1.0,1.0,0.0,0.0,0.9350000000000002,0.0,none,not_computed
BOOTSTRAP_V4_1_TO_V5_RULESET_CONDITIONED,RS_Y3_R006_C01,PG_BOOL_R006,PG_BOOL_R006_C01,Y3_encoded_boolean,comparison_text,6,6,6,6,1.0,1.0,1.0,0.0,0.0,0.9350000000000002,0.0,none,not_computed
BOOTSTRAP_V4_1_TO_V5_RULESET_CONDITIONED,RS_Y3_R006_C02,PG_BOOL_R006,PG_BOOL_R006_C02,Y3_encoded_boolean,comparison_text,6,6,6,6,1.0,1.0,1.0,0.0,0.0,0.9350000000000002,0.0,none,not_computed
BOOTSTRAP_V4_1_TO_V5_RULESET_CONDITIONED,RS_Y3_R006_C03,PG_BOOL_R006,PG_BOOL_R006_C03,Y3_encoded_boolean,comparison_text,6,6,6,6,1.0,1.0,1.0,0.0,0.0,0.9350000000000002,0.0,none,not_computed
BOOTSTRAP_V4_1_TO_V5_RULESET_CONDITIONED,RS_Y3_R006_C04,PG_BOOL_R006,PG_BOOL_R006_C04,Y3_encoded_boolean,comparison_text,6,6,6,6,1.0,1.0,1.0,0.0,0.0,0.9350000000000002,0.0,none,not_computed
BOOTSTRAP_V4_1_TO_V5_RULESET_CONDITIONED,RS_Y3_R006_C05,PG_BOOL_R006,PG_BOOL_R006_C05,Y3_encoded_boolean,comparison_text,6,6,6,6,1.0,1.0,1.0,0.0,0.0,0.9350000000000002,0.0,none,not_computed
BOOTSTRAP_V4_1_TO_V5_RULESET_CONDITIONED,RS_Y3_R006_C06,PG_BOOL_R006,PG_BOOL_R006_C06,Y3_encoded_boolean,comparison_text,6,6,6,6,1.0,1.0,1.0,0.0,0.0,0.9350000000000002,0.0,none,not_computed
BOOTSTRAP_V4_1_TO_V5_RULESET_CONDITIONED,RS_Y3_R006_C07,PG_BOOL_R006,PG_BOOL_R006_C07,Y3_encoded_boolean,comparison_text,6,6,6,6,1.0,1.0,1.0,0.0,0.0,0.9350000000000002,0.0,none,not_computed
BOOTSTRAP_V4_1_TO_V5_RULESET_CONDITIONED,RS_Y3_R006_C08,PG_BOOL_R006,PG_BOOL_R006_C08,Y3_encoded_boolean,comparison_text,6,6,6,6,1.0,1.0,1.0,0.0,0.0,0.9350000000000002,0.0,none,not_computed
BOOTSTRAP_V4_1_TO_V5_RULESET_CONDITIONED,RS_Y3_R006_C09,PG_BOOL_R006,PG_BOOL_R006_C09,Y3_encoded_boolean,comparison_text,6,6,6,6,1.0,1.0,1.0,0.0,0.0,0.9350000000000002,0.0,none,not_computed
BOOTSTRAP_V4_1_TO_V5_RULESET_CONDITIONED,RS_Y3_R006_C10,PG_BOOL_R006,PG_BOOL_R006_C10,Y3_encoded_boolean,comparison_text,6,6,6,6,1.0,1.0,1.0,0.0,0.0,0.9350000000000002,0.0,none,not_computed
BOOTSTRAP_V4_1_TO_V5_RULESET_CONDITIONED,RS_Y3_R007_C01,PG_BOOL_R007,PG_BOOL_R007_C01,Y3_encoded_boolean,comparison_text,6,6,6,6,1.0,1.0,1.0,0.0,0.0,0.9350000000000002,0.0,none,not_computed
BOOTSTRAP_V4_1_TO_V5_RULESET_CONDITIONED,RS_Y3_R007_C02,PG_BOOL_R007,PG_BOOL_R007_C02,Y3_encoded_boolean,comparison_text,6,6,6,6,1.0,1.0,1.0,0.0,0.0,0.9350000000000002,0.0,none,not_computed
BOOTSTRAP_V4_1_TO_V5_RULESET_CONDITIONED,RS_Y3_R007_C03,PG_BOOL_R007,PG_BOOL_R007_C03,Y3_encoded_boolean,comparison_text,6,6,6,6,1.0,1.0,1.0,0.0,0.0,0.9350000000000002,0.0,none,not_computed
BOOTSTRAP_V4_1_TO_V5_RULESET_CONDITIONED,RS_Y3_R007_C04,PG_BOOL_R007,PG_BOOL_R007_C04,Y3_encoded_boolean,comparison_text,6,6,6,6,1.0,1.0,1.0,0.0,0.0,0.9350000000000002,0.0,none,not_computed
BOOTSTRAP_V4_1_TO_V5_RULESET_CONDITIONED,RS_Y3_R007_C05,PG_BOOL_R007,PG_BOOL_R007_C05,Y3_encoded_boolean,comparison_text,6,6,6,6,1.0,1.0,1.0,0.0,0.0,0.9350000000000002,0.0,none,not_computed
BOOTSTRAP_V4_1_TO_V5_RULESET_CONDITIONED,RS_Y3_R007_C06,PG_BOOL_R007,PG_BOOL_R007_C06,Y3_encoded_boolean,comparison_text,6,6,6,6,1.0,1.0,1.0,0.0,0.0,0.9350000000000002,0.0,none,not_computed
BOOTSTRAP_V4_1_TO_V5_RULESET_CONDITIONED,RS_Y3_R007_C07,PG_BOOL_R007,PG_BOOL_R007_C07,Y3_encoded_boolean,comparison_text,6,6,6,6,1.0,1.0,1.0,0.0,0.0,0.9350000000000002,0.0,none,not_computed
BOOTSTRAP_V4_1_TO_V5_RULESET_CONDITIONED,RS_Y3_R007_C08,PG_BOOL_R007,PG_BOOL_R007_C08,Y3_encoded_boolean,comparison_text,6,6,6,6,1.0,1.0,1.0,0.0,0.0,0.9350000000000002,0.0,none,not_computed
BOOTSTRAP_V4_1_TO_V5_RULESET_CONDITIONED,RS_Y3_R007_C09,PG_BOOL_R007,PG_BOOL_R007_C09,Y3_encoded_boolean,comparison_text,6,6,6,6,1.0,1.0,1.0,0.0,0.0,0.9350000000000002,0.0,none,not_computed
BOOTSTRAP_V4_1_TO_V5_RULESET_CONDITIONED,RS_Y3_R007_C10,PG_BOOL_R007,PG_BOOL_R007_C10,Y3_encoded_boolean,comparison_text,6,6,6,6,1.0,1.0,1.0,0.0,0.0,0.9350000000000002,0.0,none,not_computed
BOOTSTRAP_V4_1_TO_V5_RULESET_CONDITIONED,RS_Y3_R008_C01,PG_BOOL_R008,PG_BOOL_R008_C01,Y3_encoded_boolean,comparison_text,6,6,6,6,1.0,1.0,1.0,0.0,0.0,0.9350000000000002,0.0,none,not_computed
BOOTSTRAP_V4_1_TO_V5_RULESET_CONDITIONED,RS_Y3_R008_C02,PG_BOOL_R008,PG_BOOL_R008_C02,Y3_encoded_boolean,comparison_text,6,6,6,6,1.0,1.0,1.0,0.0,0.0,0.9350000000000002,0.0,none,not_computed
BOOTSTRAP_V4_1_TO_V5_RULESET_CONDITIONED,RS_Y3_R008_C03,PG_BOOL_R008,PG_BOOL_R008_C03,Y3_encoded_boolean,comparison_text,6,6,6,6,1.0,1.0,1.0,0.0,0.0,0.9350000000000002,0.0,none,not_computed
BOOTSTRAP_V4_1_TO_V5_RULESET_CONDITIONED,RS_Y3_R008_C04,PG_BOOL_R008,PG_BOOL_R008_C04,Y3_encoded_boolean,comparison_text,6,6,6,6,1.0,1.0,1.0,0.0,0.0,0.9350000000000002,0.0,none,not_computed
BOOTSTRAP_V4_1_TO_V5_RULESET_CONDITIONED,RS_Y3_R008_C05,PG_BOOL_R008,PG_BOOL_R008_C05,Y3_encoded_boolean,comparison_text,6,6,6,6,1.0,1.0,1.0,0.0,0.0,0.9350000000000002,0.0,none,not_computed
BOOTSTRAP_V4_1_TO_V5_RULESET_CONDITIONED,RS_Y3_R008_C06,PG_BOOL_R008,PG_BOOL_R008_C06,Y3_encoded_boolean,comparison_text,6,6,6,6,1.0,1.0,1.0,0.0,0.0,0.9350000000000002,0.0,none,not_computed
BOOTSTRAP_V4_1_TO_V5_RULESET_CONDITIONED,RS_Y3_R008_C07,PG_BOOL_R008,PG_BOOL_R008_C07,Y3_encoded_boolean,comparison_text,6,6,6,6,1.0,1.0,1.0,0.0,0.0,0.9350000000000002,0.0,none,not_computed
BOOTSTRAP_V4_1_TO_V5_RULESET_CONDITIONED,RS_Y3_R008_C08,PG_BOOL_R008,PG_BOOL_R008_C08,Y3_encoded_boolean,comparison_text,6,6,6,6,1.0,1.0,1.0,0.0,0.0,0.9350000000000002,0.0,none,not_computed
BOOTSTRAP_V4_1_TO_V5_RULESET_CONDITIONED,RS_Y3_R008_C09,PG_BOOL_R008,PG_BOOL_R008_C09,Y3_encoded_boolean,comparison_text,6,6,6,6,1.0,1.0,1.0,0.0,0.0,0.9350000000000002,0.0,none,not_computed
BOOTSTRAP_V4_1_TO_V5_RULESET_CONDITIONED,RS_Y3_R008_C10,PG_BOOL_R008,PG_BOOL_R008_C10,Y3_encoded_boolean,comparison_text,6,6,6,6,1.0,1.0,1.0,0.0,0.0,0.9350000000000002,0.0,none,not_computed
BOOTSTRAP_V4_1_TO_V5_RULESET_CONDITIONED,RS_Y3_R009_C01,PG_BOOL_R009,PG_BOOL_R009_C01,Y3_encoded_boolean,comparison_text,6,6,6,6,1.0,1.0,1.0,0.0,0.0,0.9350000000000002,0.0,none,not_computed
BOOTSTRAP_V4_1_TO_V5_RULESET_CONDITIONED,RS_Y3_R009_C02,PG_BOOL_R009,PG_BOOL_R009_C02,Y3_encoded_boolean,comparison_text,6,6,6,6,1.0,1.0,1.0,0.0,0.0,0.9350000000000002,0.0,none,not_computed
BOOTSTRAP_V4_1_TO_V5_RULESET_CONDITIONED,RS_Y3_R009_C03,PG_BOOL_R009,PG_BOOL_R009_C03,Y3_encoded_boolean,comparison_text,6,6,6,6,1.0,1.0,1.0,0.0,0.0,0.9350000000000002,0.0,none,not_computed
BOOTSTRAP_V4_1_TO_V5_RULESET_CONDITIONED,RS_Y3_R009_C04,PG_BOOL_R009,PG_BOOL_R009_C04,Y3_encoded_boolean,comparison_text,6,6,6,6,1.0,1.0,1.0,0.0,0.0,0.9350000000000002,0.0,none,not_computed
BOOTSTRAP_V4_1_TO_V5_RULESET_CONDITIONED,RS_Y3_R009_C05,PG_BOOL_R009,PG_BOOL_R009_C05,Y3_encoded_boolean,comparison_text,6,6,6,6,1.0,1.0,1.0,0.0,0.0,0.9350000000000002,0.0,none,not_computed
BOOTSTRAP_V4_1_TO_V5_RULESET_CONDITIONED,RS_Y3_R009_C06,PG_BOOL_R009,PG_BOOL_R009_C06,Y3_encoded_boolean,comparison_text,6,6,6,6,1.0,1.0,1.0,0.0,0.0,0.9350000000000002,0.0,none,not_computed
BOOTSTRAP_V4_1_TO_V5_RULESET_CONDITIONED,RS_Y3_R009_C07,PG_BOOL_R009,PG_BOOL_R009_C07,Y3_encoded_boolean,comparison_text,6,6,6,6,1.0,1.0,1.0,0.0,0.0,0.9350000000000002,0.0,none,not_computed
BOOTSTRAP_V4_1_TO_V5_RULESET_CONDITIONED,RS_Y3_R009_C08,PG_BOOL_R009,PG_BOOL_R009_C08,Y3_encoded_boolean,comparison_text,6,6,6,6,1.0,1.0,1.0,0.0,0.0,0.9350000000000002,0.0,none,not_computed
BOOTSTRAP_V4_1_TO_V5_RULESET_CONDITIONED,RS_Y3_R009_C09,PG_BOOL_R009,PG_BOOL_R009_C09,Y3_encoded_boolean,comparison_text,6,6,6,6,1.0,1.0,1.0,0.0,0.0,0.9350000000000002,0.0,none,not_computed
BOOTSTRAP_V4_1_TO_V5_RULESET_CONDITIONED,RS_Y3_R009_C10,PG_BOOL_R009,PG_BOOL_R009_C10,Y3_encoded_boolean,comparison_text,6,6,6,6,1.0,1.0,1.0,0.0,0.0,0.9350000000000002,0.0,none,not_computed
BOOTSTRAP_V4_1_TO_V5_RULESET_CONDITIONED,RS_Y3_R010_C01,PG_BOOL_R010,PG_BOOL_R010_C01,Y3_encoded_boolean,comparison_text,6,6,6,6,1.0,1.0,1.0,0.0,0.0,0.9350000000000002,0.0,none,not_computed
BOOTSTRAP_V4_1_TO_V5_RULESET_CONDITIONED,RS_Y3_R010_C02,PG_BOOL_R010,PG_BOOL_R010_C02,Y3_encoded_boolean,comparison_text,6,6,6,6,1.0,1.0,1.0,0.0,0.0,0.9350000000000002,0.0,none,not_computed
BOOTSTRAP_V4_1_TO_V5_RULESET_CONDITIONED,RS_Y3_R010_C03,PG_BOOL_R010,PG_BOOL_R010_C03,Y3_encoded_boolean,comparison_text,6,6,6,6,1.0,1.0,1.0,0.0,0.0,0.9350000000000002,0.0,none,not_computed
BOOTSTRAP_V4_1_TO_V5_RULESET_CONDITIONED,RS_Y3_R010_C04,PG_BOOL_R010,PG_BOOL_R010_C04,Y3_encoded_boolean,comparison_text,6,6,6,6,1.0,1.0,1.0,0.0,0.0,0.9350000000000002,0.0,none,not_computed
BOOTSTRAP_V4_1_TO_V5_RULESET_CONDITIONED,RS_Y3_R010_C05,PG_BOOL_R010,PG_BOOL_R010_C05,Y3_encoded_boolean,comparison_text,6,6,6,6,1.0,1.0,1.0,0.0,0.0,0.9350000000000002,0.0,none,not_computed
BOOTSTRAP_V4_1_TO_V5_RULESET_CONDITIONED,RS_Y3_R010_C06,PG_BOOL_R010,PG_BOOL_R010_C06,Y3_encoded_boolean,comparison_text,6,6,6,6,1.0,1.0,1.0,0.0,0.0,0.9350000000000002,0.0,none,not_computed
BOOTSTRAP_V4_1_TO_V5_RULESET_CONDITIONED,RS_Y3_R010_C07,PG_BOOL_R010,PG_BOOL_R010_C07,Y3_encoded_boolean,comparison_text,6,6,6,6,1.0,1.0,1.0,0.0,0.0,0.9350000000000002,0.0,none,not_computed
BOOTSTRAP_V4_1_TO_V5_RULESET_CONDITIONED,RS_Y3_R010_C08,PG_BOOL_R010,PG_BOOL_R010_C08,Y3_encoded_boolean,comparison_text,6,6,6,6,1.0,1.0,1.0,0.0,0.0,0.9350000000000002,0.0,none,not_computed
BOOTSTRAP_V4_1_TO_V5_RULESET_CONDITIONED,RS_Y3_R010_C09,PG_BOOL_R010,PG_BOOL_R010_C09,Y3_encoded_boolean,comparison_text,6,6,6,6,1.0,1.0,1.0,0.0,0.0,0.9350000000000002,0.0,none,not_computed
BOOTSTRAP_V4_1_TO_V5_RULESET_CONDITIONED,RS_Y3_R010_C10,PG_BOOL_R010,PG_BOOL_R010_C10,Y3_encoded_boolean,comparison_text,6,6,6,6,1.0,1.0,1.0,0.0,0.0,0.9350000000000002,0.0,none,not_computed
BOOTSTRAP_V4_1_TO_V5_RULESET_CONDITIONED,RS_Y3_R011_C01,PG_BOOL_R011,PG_BOOL_R011_C01,Y3_encoded_boolean,null_boolean,6,6,2,6,1.0,1.0,1.0,0.0,0.0,0.85,0.0,none,not_computed
BOOTSTRAP_V4_1_TO_V5_RULESET_CONDITIONED,RS_Y3_R011_C02,PG_BOOL_R011,PG_BOOL_R011_C02,Y3_encoded_boolean,null_boolean,6,6,4,6,1.0,1.0,1.0,0.0,0.0,0.8783333333333333,0.0,none,not_computed
BOOTSTRAP_V4_1_TO_V5_RULESET_CONDITIONED,RS_Y3_R011_C03,PG_BOOL_R011,PG_BOOL_R011_C03,Y3_encoded_boolean,null_boolean,6,6,4,6,1.0,1.0,1.0,0.0,0.0,0.8783333333333333,0.0,none,not_computed
BOOTSTRAP_V4_1_TO_V5_RULESET_CONDITIONED,RS_Y3_R011_C04,PG_BOOL_R011,PG_BOOL_R011_C04,Y3_encoded_boolean,null_boolean,6,6,4,6,1.0,1.0,1.0,0.0,0.0,0.8783333333333333,0.0,none,not_computed
BOOTSTRAP_V4_1_TO_V5_RULESET_CONDITIONED,RS_Y3_R011_C05,PG_BOOL_R011,PG_BOOL_R011_C05,Y3_encoded_boolean,null_boolean,6,6,4,6,1.0,1.0,1.0,0.0,0.0,0.8783333333333333,0.0,none,not_computed
BOOTSTRAP_V4_1_TO_V5_RULESET_CONDITIONED,RS_Y3_R011_C06,PG_BOOL_R011,PG_BOOL_R011_C06,Y3_encoded_boolean,null_boolean,6,6,4,6,1.0,1.0,1.0,0.0,0.0,0.8783333333333333,0.0,none,not_computed
BOOTSTRAP_V4_1_TO_V5_RULESET_CONDITIONED,RS_Y3_R011_C07,PG_BOOL_R011,PG_BOOL_R011_C07,Y3_encoded_boolean,null_boolean,6,6,6,6,1.0,1.0,1.0,0.0,0.0,0.9350000000000002,0.0,none,not_computed
BOOTSTRAP_V4_1_TO_V5_RULESET_CONDITIONED,RS_Y3_R011_C08,PG_BOOL_R011,PG_BOOL_R011_C08,Y3_encoded_boolean,null_boolean,6,6,6,6,1.0,1.0,1.0,0.0,0.0,0.9350000000000002,0.0,none,not_computed
BOOTSTRAP_V4_1_TO_V5_RULESET_CONDITIONED,RS_Y3_R011_C09,PG_BOOL_R011,PG_BOOL_R011_C09,Y3_encoded_boolean,null_boolean,6,6,6,6,1.0,1.0,1.0,0.0,0.0,0.9350000000000002,0.0,none,not_computed
BOOTSTRAP_V4_1_TO_V5_RULESET_CONDITIONED,RS_Y3_R011_C10,PG_BOOL_R011,PG_BOOL_R011_C10,Y3_encoded_boolean,null_boolean,6,6,4,6,1.0,1.0,1.0,0.0,0.0,0.8783333333333333,0.0,none,not_computed
BOOTSTRAP_V4_1_TO_V5_RULESET_CONDITIONED,RS_Y3_R012_C01,PG_BOOL_R012,PG_BOOL_R012_C01,Y3_encoded_boolean,null_boolean,6,6,2,6,1.0,1.0,1.0,0.0,0.0,0.85,0.0,none,not_computed
BOOTSTRAP_V4_1_TO_V5_RULESET_CONDITIONED,RS_Y3_R012_C02,PG_BOOL_R012,PG_BOOL_R012_C02,Y3_encoded_boolean,null_boolean,6,6,4,6,1.0,1.0,1.0,0.0,0.0,0.8783333333333333,0.0,none,not_computed
BOOTSTRAP_V4_1_TO_V5_RULESET_CONDITIONED,RS_Y3_R012_C03,PG_BOOL_R012,PG_BOOL_R012_C03,Y3_encoded_boolean,null_boolean,6,6,4,6,1.0,1.0,1.0,0.0,0.0,0.8783333333333333,0.0,none,not_computed
BOOTSTRAP_V4_1_TO_V5_RULESET_CONDITIONED,RS_Y3_R012_C04,PG_BOOL_R012,PG_BOOL_R012_C04,Y3_encoded_boolean,null_boolean,6,6,4,6,1.0,1.0,1.0,0.0,0.0,0.8783333333333333,0.0,none,not_computed
BOOTSTRAP_V4_1_TO_V5_RULESET_CONDITIONED,RS_Y3_R012_C05,PG_BOOL_R012,PG_BOOL_R012_C05,Y3_encoded_boolean,null_boolean,6,6,4,6,1.0,1.0,1.0,0.0,0.0,0.8783333333333333,0.0,none,not_computed
BOOTSTRAP_V4_1_TO_V5_RULESET_CONDITIONED,RS_Y3_R012_C06,PG_BOOL_R012,PG_BOOL_R012_C06,Y3_encoded_boolean,null_boolean,6,6,4,6,1.0,1.0,1.0,0.0,0.0,0.8783333333333333,0.0,none,not_computed
BOOTSTRAP_V4_1_TO_V5_RULESET_CONDITIONED,RS_Y3_R012_C07,PG_BOOL_R012,PG_BOOL_R012_C07,Y3_encoded_boolean,null_boolean,6,6,6,6,1.0,1.0,1.0,0.0,0.0,0.9350000000000002,0.0,none,not_computed
BOOTSTRAP_V4_1_TO_V5_RULESET_CONDITIONED,RS_Y3_R012_C08,PG_BOOL_R012,PG_BOOL_R012_C08,Y3_encoded_boolean,null_boolean,6,6,6,6,1.0,1.0,1.0,0.0,0.0,0.9350000000000002,0.0,none,not_computed
BOOTSTRAP_V4_1_TO_V5_RULESET_CONDITIONED,RS_Y3_R012_C09,PG_BOOL_R012,PG_BOOL_R012_C09,Y3_encoded_boolean,null_boolean,6,6,6,6,1.0,1.0,1.0,0.0,0.0,0.9350000000000002,0.0,none,not_computed
BOOTSTRAP_V4_1_TO_V5_RULESET_CONDITIONED,RS_Y3_R012_C10,PG_BOOL_R012,PG_BOOL_R012_C10,Y3_encoded_boolean,null_boolean,6,6,4,6,1.0,1.0,1.0,0.0,0.0,0.8783333333333333,0.0,none,not_computed
BOOTSTRAP_V4_1_TO_V5_RULESET_CONDITIONED,RS_Y3_R013_C01,PG_BOOL_R013,PG_BOOL_R013_C01,Y3_encoded_boolean,null_boolean,6,6,2,6,1.0,1.0,1.0,0.0,0.0,0.85,0.0,none,not_computed
BOOTSTRAP_V4_1_TO_V5_RULESET_CONDITIONED,RS_Y3_R013_C02,PG_BOOL_R013,PG_BOOL_R013_C02,Y3_encoded_boolean,null_boolean,6,6,4,6,1.0,1.0,1.0,0.0,0.0,0.8783333333333333,0.0,none,not_computed
BOOTSTRAP_V4_1_TO_V5_RULESET_CONDITIONED,RS_Y3_R013_C03,PG_BOOL_R013,PG_BOOL_R013_C03,Y3_encoded_boolean,null_boolean,6,6,4,6,1.0,1.0,1.0,0.0,0.0,0.8783333333333333,0.0,none,not_computed
BOOTSTRAP_V4_1_TO_V5_RULESET_CONDITIONED,RS_Y3_R013_C04,PG_BOOL_R013,PG_BOOL_R013_C04,Y3_encoded_boolean,null_boolean,6,6,4,6,1.0,1.0,1.0,0.0,0.0,0.8783333333333333,0.0,none,not_computed
BOOTSTRAP_V4_1_TO_V5_RULESET_CONDITIONED,RS_Y3_R013_C05,PG_BOOL_R013,PG_BOOL_R013_C05,Y3_encoded_boolean,null_boolean,6,6,4,6,1.0,1.0,1.0,0.0,0.0,0.8783333333333333,0.0,none,not_computed
BOOTSTRAP_V4_1_TO_V5_RULESET_CONDITIONED,RS_Y3_R013_C06,PG_BOOL_R013,PG_BOOL_R013_C06,Y3_encoded_boolean,null_boolean,6,6,4,6,1.0,1.0,1.0,0.0,0.0,0.8783333333333333,0.0,none,not_computed
BOOTSTRAP_V4_1_TO_V5_RULESET_CONDITIONED,RS_Y3_R013_C07,PG_BOOL_R013,PG_BOOL_R013_C07,Y3_encoded_boolean,null_boolean,6,6,6,6,1.0,1.0,1.0,0.0,0.0,0.9350000000000002,0.0,none,not_computed
BOOTSTRAP_V4_1_TO_V5_RULESET_CONDITIONED,RS_Y3_R013_C08,PG_BOOL_R013,PG_BOOL_R013_C08,Y3_encoded_boolean,null_boolean,6,6,6,6,1.0,1.0,1.0,0.0,0.0,0.9350000000000002,0.0,none,not_computed
BOOTSTRAP_V4_1_TO_V5_RULESET_CONDITIONED,RS_Y3_R013_C09,PG_BOOL_R013,PG_BOOL_R013_C09,Y3_encoded_boolean,null_boolean,6,6,6,6,1.0,1.0,1.0,0.0,0.0,0.9350000000000002,0.0,none,not_computed
BOOTSTRAP_V4_1_TO_V5_RULESET_CONDITIONED,RS_Y3_R013_C10,PG_BOOL_R013,PG_BOOL_R013_C10,Y3_encoded_boolean,null_boolean,6,6,4,6,1.0,1.0,1.0,0.0,0.0,0.8783333333333333,0.0,none,not_computed
BOOTSTRAP_V4_1_TO_V5_RULESET_CONDITIONED,RS_Y3_R014_C01,PG_BOOL_R014,PG_BOOL_R014_C01,Y3_encoded_boolean,null_boolean,6,6,6,6,1.0,1.0,1.0,0.0,0.0,0.9350000000000002,0.0,none,not_computed
BOOTSTRAP_V4_1_TO_V5_RULESET_CONDITIONED,RS_Y3_R014_C02,PG_BOOL_R014,PG_BOOL_R014_C02,Y3_encoded_boolean,null_boolean,6,6,6,6,1.0,1.0,1.0,0.0,0.0,0.9350000000000002,0.0,none,not_computed
BOOTSTRAP_V4_1_TO_V5_RULESET_CONDITIONED,RS_Y3_R014_C03,PG_BOOL_R014,PG_BOOL_R014_C03,Y3_encoded_boolean,null_boolean,6,6,6,6,1.0,1.0,1.0,0.0,0.0,0.9350000000000002,0.0,none,not_computed
BOOTSTRAP_V4_1_TO_V5_RULESET_CONDITIONED,RS_Y3_R014_C04,PG_BOOL_R014,PG_BOOL_R014_C04,Y3_encoded_boolean,null_boolean,6,6,6,6,1.0,1.0,1.0,0.0,0.0,0.9350000000000002,0.0,none,not_computed
BOOTSTRAP_V4_1_TO_V5_RULESET_CONDITIONED,RS_Y3_R014_C05,PG_BOOL_R014,PG_BOOL_R014_C05,Y3_encoded_boolean,null_boolean,6,6,6,6,1.0,1.0,1.0,0.0,0.0,0.9350000000000002,0.0,none,not_computed
BOOTSTRAP_V4_1_TO_V5_RULESET_CONDITIONED,RS_Y3_R014_C06,PG_BOOL_R014,PG_BOOL_R014_C06,Y3_encoded_boolean,null_boolean,6,6,6,6,1.0,1.0,1.0,0.0,0.0,0.9350000000000002,0.0,none,not_computed
BOOTSTRAP_V4_1_TO_V5_RULESET_CONDITIONED,RS_Y3_R014_C07,PG_BOOL_R014,PG_BOOL_R014_C07,Y3_encoded_boolean,null_boolean,6,6,6,6,1.0,1.0,1.0,0.0,0.0,0.9350000000000002,0.0,none,not_computed
BOOTSTRAP_V4_1_TO_V5_RULESET_CONDITIONED,RS_Y3_R014_C08,PG_BOOL_R014,PG_BOOL_R014_C08,Y3_encoded_boolean,null_boolean,6,6,6,6,1.0,1.0,1.0,0.0,0.0,0.9350000000000002,0.0,none,not_computed
BOOTSTRAP_V4_1_TO_V5_RULESET_CONDITIONED,RS_Y3_R014_C09,PG_BOOL_R014,PG_BOOL_R014_C09,Y3_encoded_boolean,null_boolean,6,6,6,6,1.0,1.0,1.0,0.0,0.0,0.9350000000000002,0.0,none,not_computed
BOOTSTRAP_V4_1_TO_V5_RULESET_CONDITIONED,RS_Y3_R014_C10,PG_BOOL_R014,PG_BOOL_R014_C10,Y3_encoded_boolean,null_boolean,6,6,6,6,1.0,1.0,1.0,0.0,0.0,0.9350000000000002,0.0,none,not_computed
BOOTSTRAP_V4_1_TO_V5_RULESET_CONDITIONED,RS_Y3_R015_C01,PG_BOOL_R015,PG_BOOL_R015_C01,Y3_encoded_boolean,null_boolean,6,6,6,6,1.0,1.0,1.0,0.0,0.0,0.9350000000000002,0.0,none,not_computed
BOOTSTRAP_V4_1_TO_V5_RULESET_CONDITIONED,RS_Y3_R015_C02,PG_BOOL_R015,PG_BOOL_R015_C02,Y3_encoded_boolean,null_boolean,6,6,6,6,1.0,1.0,1.0,0.0,0.0,0.9350000000000002,0.0,none,not_computed
BOOTSTRAP_V4_1_TO_V5_RULESET_CONDITIONED,RS_Y3_R015_C03,PG_BOOL_R015,PG_BOOL_R015_C03,Y3_encoded_boolean,null_boolean,6,6,6,6,1.0,1.0,1.0,0.0,0.0,0.9350000000000002,0.0,none,not_computed
BOOTSTRAP_V4_1_TO_V5_RULESET_CONDITIONED,RS_Y3_R015_C04,PG_BOOL_R015,PG_BOOL_R015_C04,Y3_encoded_boolean,null_boolean,6,6,6,6,1.0,1.0,1.0,0.0,0.0,0.9350000000000002,0.0,none,not_computed
BOOTSTRAP_V4_1_TO_V5_RULESET_CONDITIONED,RS_Y3_R015_C05,PG_BOOL_R015,PG_BOOL_R015_C05,Y3_encoded_boolean,null_boolean,6,6,6,6,1.0,1.0,1.0,0.0,0.0,0.9350000000000002,0.0,none,not_computed
BOOTSTRAP_V4_1_TO_V5_RULESET_CONDITIONED,RS_Y3_R015_C06,PG_BOOL_R015,PG_BOOL_R015_C06,Y3_encoded_boolean,null_boolean,6,6,6,6,1.0,1.0,1.0,0.0,0.0,0.9350000000000002,0.0,none,not_computed
BOOTSTRAP_V4_1_TO_V5_RULESET_CONDITIONED,RS_Y3_R015_C07,PG_BOOL_R015,PG_BOOL_R015_C07,Y3_encoded_boolean,null_boolean,6,6,6,6,1.0,1.0,1.0,0.0,0.0,0.9350000000000002,0.0,none,not_computed
BOOTSTRAP_V4_1_TO_V5_RULESET_CONDITIONED,RS_Y3_R015_C08,PG_BOOL_R015,PG_BOOL_R015_C08,Y3_encoded_boolean,null_boolean,6,6,6,6,1.0,1.0,1.0,0.0,0.0,0.9350000000000002,0.0,none,not_computed
BOOTSTRAP_V4_1_TO_V5_RULESET_CONDITIONED,RS_Y3_R015_C09,PG_BOOL_R015,PG_BOOL_R015_C09,Y3_encoded_boolean,null_boolean,6,6,6,6,1.0,1.0,1.0,0.0,0.0,0.9350000000000002,0.0,none,not_computed
BOOTSTRAP_V4_1_TO_V5_RULESET_CONDITIONED,RS_Y3_R015_C10,PG_BOOL_R015,PG_BOOL_R015_C10,Y3_encoded_boolean,null_boolean,6,6,6,6,1.0,1.0,1.0,0.0,0.0,0.9350000000000002,0.0,none,not_computed
BOOTSTRAP_V4_1_TO_V5_RULESET_CONDITIONED,RS_Y3_R016_C01,PG_BOOL_R016,PG_BOOL_R016_C01,Y3_encoded_boolean,between_range,6,6,6,6,1.0,1.0,1.0,0.0,0.0,0.9350000000000002,0.0,none,not_computed
BOOTSTRAP_V4_1_TO_V5_RULESET_CONDITIONED,RS_Y3_R016_C02,PG_BOOL_R016,PG_BOOL_R016_C02,Y3_encoded_boolean,between_range,6,6,6,6,1.0,1.0,1.0,0.0,0.0,0.9350000000000002,0.0,none,not_computed
BOOTSTRAP_V4_1_TO_V5_RULESET_CONDITIONED,RS_Y3_R016_C03,PG_BOOL_R016,PG_BOOL_R016_C03,Y3_encoded_boolean,between_range,6,6,6,6,1.0,1.0,1.0,0.0,0.0,0.9350000000000002,0.0,none,not_computed
BOOTSTRAP_V4_1_TO_V5_RULESET_CONDITIONED,RS_Y3_R016_C04,PG_BOOL_R016,PG_BOOL_R016_C04,Y3_encoded_boolean,between_range,6,6,6,6,1.0,1.0,1.0,0.0,0.0,0.9350000000000002,0.0,none,not_computed
BOOTSTRAP_V4_1_TO_V5_RULESET_CONDITIONED,RS_Y3_R016_C05,PG_BOOL_R016,PG_BOOL_R016_C05,Y3_encoded_boolean,between_range,6,6,6,6,1.0,1.0,1.0,0.0,0.0,0.9350000000000002,0.0,none,not_computed
BOOTSTRAP_V4_1_TO_V5_RULESET_CONDITIONED,RS_Y3_R016_C06,PG_BOOL_R016,PG_BOOL_R016_C06,Y3_encoded_boolean,between_range,6,6,6,6,1.0,1.0,1.0,0.0,0.0,0.9350000000000002,0.0,none,not_computed
BOOTSTRAP_V4_1_TO_V5_RULESET_CONDITIONED,RS_Y3_R016_C07,PG_BOOL_R016,PG_BOOL_R016_C07,Y3_encoded_boolean,between_range,6,6,6,6,1.0,1.0,1.0,0.0,0.0,0.9350000000000002,0.0,none,not_computed
BOOTSTRAP_V4_1_TO_V5_RULESET_CONDITIONED,RS_Y3_R016_C08,PG_BOOL_R016,PG_BOOL_R016_C08,Y3_encoded_boolean,between_range,6,6,6,6,1.0,1.0,1.0,0.0,0.0,0.9350000000000002,0.0,none,not_computed
BOOTSTRAP_V4_1_TO_V5_RULESET_CONDITIONED,RS_Y3_R016_C09,PG_BOOL_R016,PG_BOOL_R016_C09,Y3_encoded_boolean,between_range,6,6,6,6,1.0,1.0,1.0,0.0,0.0,0.9350000000000002,0.0,none,not_computed
BOOTSTRAP_V4_1_TO_V5_RULESET_CONDITIONED,RS_Y3_R016_C10,PG_BOOL_R016,PG_BOOL_R016_C10,Y3_encoded_boolean,between_range,6,6,6,6,1.0,1.0,1.0,0.0,0.0,0.9350000000000002,0.0,none,not_computed
BOOTSTRAP_V4_1_TO_V5_RULESET_CONDITIONED,RS_Y3_R017_C01,PG_BOOL_R017,PG_BOOL_R017_C01,Y3_encoded_boolean,between_range,6,6,6,6,1.0,1.0,1.0,0.0,0.0,0.9350000000000002,0.0,none,not_computed
BOOTSTRAP_V4_1_TO_V5_RULESET_CONDITIONED,RS_Y3_R017_C02,PG_BOOL_R017,PG_BOOL_R017_C02,Y3_encoded_boolean,between_range,6,6,6,6,1.0,1.0,1.0,0.0,0.0,0.9350000000000002,0.0,none,not_computed
BOOTSTRAP_V4_1_TO_V5_RULESET_CONDITIONED,RS_Y3_R017_C03,PG_BOOL_R017,PG_BOOL_R017_C03,Y3_encoded_boolean,between_range,6,6,6,6,1.0,1.0,1.0,0.0,0.0,0.9350000000000002,0.0,none,not_computed
BOOTSTRAP_V4_1_TO_V5_RULESET_CONDITIONED,RS_Y3_R017_C04,PG_BOOL_R017,PG_BOOL_R017_C04,Y3_encoded_boolean,between_range,6,6,6,6,1.0,1.0,1.0,0.0,0.0,0.9350000000000002,0.0,none,not_computed
BOOTSTRAP_V4_1_TO_V5_RULESET_CONDITIONED,RS_Y3_R017_C05,PG_BOOL_R017,PG_BOOL_R017_C05,Y3_encoded_boolean,between_range,6,6,6,6,1.0,1.0,1.0,0.0,0.0,0.9350000000000002,0.0,none,not_computed
BOOTSTRAP_V4_1_TO_V5_RULESET_CONDITIONED,RS_Y3_R017_C06,PG_BOOL_R017,PG_BOOL_R017_C06,Y3_encoded_boolean,between_range,6,6,6,6,1.0,1.0,1.0,0.0,0.0,0.9350000000000002,0.0,none,not_computed
BOOTSTRAP_V4_1_TO_V5_RULESET_CONDITIONED,RS_Y3_R017_C07,PG_BOOL_R017,PG_BOOL_R017_C07,Y3_encoded_boolean,between_range,6,6,6,6,1.0,1.0,1.0,0.0,0.0,0.9350000000000002,0.0,none,not_computed
BOOTSTRAP_V4_1_TO_V5_RULESET_CONDITIONED,RS_Y3_R017_C08,PG_BOOL_R017,PG_BOOL_R017_C08,Y3_encoded_boolean,between_range,6,6,6,6,1.0,1.0,1.0,0.0,0.0,0.9350000000000002,0.0,none,not_computed
BOOTSTRAP_V4_1_TO_V5_RULESET_CONDITIONED,RS_Y3_R017_C09,PG_BOOL_R017,PG_BOOL_R017_C09,Y3_encoded_boolean,between_range,6,6,6,6,1.0,1.0,1.0,0.0,0.0,0.9350000000000002,0.0,none,not_computed
BOOTSTRAP_V4_1_TO_V5_RULESET_CONDITIONED,RS_Y3_R017_C10,PG_BOOL_R017,PG_BOOL_R017_C10,Y3_encoded_boolean,between_range,6,6,6,6,1.0,1.0,1.0,0.0,0.0,0.9350000000000002,0.0,none,not_computed
BOOTSTRAP_V4_1_TO_V5_RULESET_CONDITIONED,RS_Y3_R018_C01,PG_BOOL_R018,PG_BOOL_R018_C01,Y3_encoded_boolean,between_range,6,6,6,6,1.0,1.0,1.0,0.0,0.0,0.9350000000000002,0.0,none,not_computed
BOOTSTRAP_V4_1_TO_V5_RULESET_CONDITIONED,RS_Y3_R018_C02,PG_BOOL_R018,PG_BOOL_R018_C02,Y3_encoded_boolean,between_range,6,6,6,6,1.0,1.0,1.0,0.0,0.0,0.9350000000000002,0.0,none,not_computed
BOOTSTRAP_V4_1_TO_V5_RULESET_CONDITIONED,RS_Y3_R018_C03,PG_BOOL_R018,PG_BOOL_R018_C03,Y3_encoded_boolean,between_range,6,6,6,6,1.0,1.0,1.0,0.0,0.0,0.9350000000000002,0.0,none,not_computed
BOOTSTRAP_V4_1_TO_V5_RULESET_CONDITIONED,RS_Y3_R018_C04,PG_BOOL_R018,PG_BOOL_R018_C04,Y3_encoded_boolean,between_range,6,6,6,6,1.0,1.0,1.0,0.0,0.0,0.9350000000000002,0.0,none,not_computed
BOOTSTRAP_V4_1_TO_V5_RULESET_CONDITIONED,RS_Y3_R018_C05,PG_BOOL_R018,PG_BOOL_R018_C05,Y3_encoded_boolean,between_range,6,6,6,6,1.0,1.0,1.0,0.0,0.0,0.9350000000000002,0.0,none,not_computed
BOOTSTRAP_V4_1_TO_V5_RULESET_CONDITIONED,RS_Y3_R018_C06,PG_BOOL_R018,PG_BOOL_R018_C06,Y3_encoded_boolean,between_range,6,6,6,6,1.0,1.0,1.0,0.0,0.0,0.9350000000000002,0.0,none,not_computed
BOOTSTRAP_V4_1_TO_V5_RULESET_CONDITIONED,RS_Y3_R018_C07,PG_BOOL_R018,PG_BOOL_R018_C07,Y3_encoded_boolean,between_range,6,6,6,6,1.0,1.0,1.0,0.0,0.0,0.9350000000000002,0.0,none,not_computed
BOOTSTRAP_V4_1_TO_V5_RULESET_CONDITIONED,RS_Y3_R018_C08,PG_BOOL_R018,PG_BOOL_R018_C08,Y3_encoded_boolean,between_range,6,6,6,6,1.0,1.0,1.0,0.0,0.0,0.9350000000000002,0.0,none,not_computed
BOOTSTRAP_V4_1_TO_V5_RULESET_CONDITIONED,RS_Y3_R018_C09,PG_BOOL_R018,PG_BOOL_R018_C09,Y3_encoded_boolean,between_range,6,6,6,6,1.0,1.0,1.0,0.0,0.0,0.9350000000000002,0.0,none,not_computed
BOOTSTRAP_V4_1_TO_V5_RULESET_CONDITIONED,RS_Y3_R018_C10,PG_BOOL_R018,PG_BOOL_R018_C10,Y3_encoded_boolean,between_range,6,6,6,6,1.0,1.0,1.0,0.0,0.0,0.9350000000000002,0.0,none,not_computed
BOOTSTRAP_V4_1_TO_V5_RULESET_CONDITIONED,RS_Y3_R019_C01,PG_BOOL_R019,PG_BOOL_R019_C01,Y3_encoded_boolean,between_range,6,6,6,6,1.0,1.0,1.0,0.0,0.0,0.9350000000000002,0.0,none,not_computed
BOOTSTRAP_V4_1_TO_V5_RULESET_CONDITIONED,RS_Y3_R019_C02,PG_BOOL_R019,PG_BOOL_R019_C02,Y3_encoded_boolean,between_range,6,6,6,6,1.0,1.0,1.0,0.0,0.0,0.9350000000000002,0.0,none,not_computed
BOOTSTRAP_V4_1_TO_V5_RULESET_CONDITIONED,RS_Y3_R019_C03,PG_BOOL_R019,PG_BOOL_R019_C03,Y3_encoded_boolean,between_range,6,6,6,6,1.0,1.0,1.0,0.0,0.0,0.9350000000000002,0.0,none,not_computed
BOOTSTRAP_V4_1_TO_V5_RULESET_CONDITIONED,RS_Y3_R019_C04,PG_BOOL_R019,PG_BOOL_R019_C04,Y3_encoded_boolean,between_range,6,6,6,6,1.0,1.0,1.0,0.0,0.0,0.9350000000000002,0.0,none,not_computed
BOOTSTRAP_V4_1_TO_V5_RULESET_CONDITIONED,RS_Y3_R019_C05,PG_BOOL_R019,PG_BOOL_R019_C05,Y3_encoded_boolean,between_range,6,6,6,6,1.0,1.0,1.0,0.0,0.0,0.9350000000000002,0.0,none,not_computed
BOOTSTRAP_V4_1_TO_V5_RULESET_CONDITIONED,RS_Y3_R019_C06,PG_BOOL_R019,PG_BOOL_R019_C06,Y3_encoded_boolean,between_range,6,6,6,6,1.0,1.0,1.0,0.0,0.0,0.9350000000000002,0.0,none,not_computed
BOOTSTRAP_V4_1_TO_V5_RULESET_CONDITIONED,RS_Y3_R019_C07,PG_BOOL_R019,PG_BOOL_R019_C07,Y3_encoded_boolean,between_range,6,6,6,6,1.0,1.0,1.0,0.0,0.0,0.9350000000000002,0.0,none,not_computed
BOOTSTRAP_V4_1_TO_V5_RULESET_CONDITIONED,RS_Y3_R019_C08,PG_BOOL_R019,PG_BOOL_R019_C08,Y3_encoded_boolean,between_range,6,6,6,6,1.0,1.0,1.0,0.0,0.0,0.9350000000000002,0.0,none,not_computed
BOOTSTRAP_V4_1_TO_V5_RULESET_CONDITIONED,RS_Y3_R019_C09,PG_BOOL_R019,PG_BOOL_R019_C09,Y3_encoded_boolean,between_range,6,6,6,6,1.0,1.0,1.0,0.0,0.0,0.9350000000000002,0.0,none,not_computed
BOOTSTRAP_V4_1_TO_V5_RULESET_CONDITIONED,RS_Y3_R019_C10,PG_BOOL_R019,PG_BOOL_R019_C10,Y3_encoded_boolean,between_range,6,6,6,6,1.0,1.0,1.0,0.0,0.0,0.9350000000000002,0.0,none,not_computed
BOOTSTRAP_V4_1_TO_V5_RULESET_CONDITIONED,RS_Y3_R020_C01,PG_BOOL_R020,PG_BOOL_R020_C01,Y3_encoded_boolean,between_range,6,6,6,6,1.0,1.0,1.0,0.0,0.0,0.9350000000000002,0.0,none,not_computed
BOOTSTRAP_V4_1_TO_V5_RULESET_CONDITIONED,RS_Y3_R020_C02,PG_BOOL_R020,PG_BOOL_R020_C02,Y3_encoded_boolean,between_range,6,6,6,6,1.0,1.0,1.0,0.0,0.0,0.9350000000000002,0.0,none,not_computed
BOOTSTRAP_V4_1_TO_V5_RULESET_CONDITIONED,RS_Y3_R020_C03,PG_BOOL_R020,PG_BOOL_R020_C03,Y3_encoded_boolean,between_range,6,6,6,6,1.0,1.0,1.0,0.0,0.0,0.9350000000000002,0.0,none,not_computed
BOOTSTRAP_V4_1_TO_V5_RULESET_CONDITIONED,RS_Y3_R020_C04,PG_BOOL_R020,PG_BOOL_R020_C04,Y3_encoded_boolean,between_range,6,6,6,6,1.0,1.0,1.0,0.0,0.0,0.9350000000000002,0.0,none,not_computed
BOOTSTRAP_V4_1_TO_V5_RULESET_CONDITIONED,RS_Y3_R020_C05,PG_BOOL_R020,PG_BOOL_R020_C05,Y3_encoded_boolean,between_range,6,6,6,6,1.0,1.0,1.0,0.0,0.0,0.9350000000000002,0.0,none,not_computed
BOOTSTRAP_V4_1_TO_V5_RULESET_CONDITIONED,RS_Y3_R020_C06,PG_BOOL_R020,PG_BOOL_R020_C06,Y3_encoded_boolean,between_range,6,6,6,6,1.0,1.0,1.0,0.0,0.0,0.9350000000000002,0.0,none,not_computed
BOOTSTRAP_V4_1_TO_V5_RULESET_CONDITIONED,RS_Y3_R020_C07,PG_BOOL_R020,PG_BOOL_R020_C07,Y3_encoded_boolean,between_range,6,6,6,6,1.0,1.0,1.0,0.0,0.0,0.9350000000000002,0.0,none,not_computed
BOOTSTRAP_V4_1_TO_V5_RULESET_CONDITIONED,RS_Y3_R020_C08,PG_BOOL_R020,PG_BOOL_R020_C08,Y3_encoded_boolean,between_range,6,6,6,6,1.0,1.0,1.0,0.0,0.0,0.9350000000000002,0.0,none,not_computed
BOOTSTRAP_V4_1_TO_V5_RULESET_CONDITIONED,RS_Y3_R020_C09,PG_BOOL_R020,PG_BOOL_R020_C09,Y3_encoded_boolean,between_range,6,6,6,6,1.0,1.0,1.0,0.0,0.0,0.9350000000000002,0.0,none,not_computed
BOOTSTRAP_V4_1_TO_V5_RULESET_CONDITIONED,RS_Y3_R020_C10,PG_BOOL_R020,PG_BOOL_R020_C10,Y3_encoded_boolean,between_range,6,6,6,6,1.0,1.0,1.0,0.0,0.0,0.9350000000000002,0.0,none,not_computed
BOOTSTRAP_V4_1_TO_V5_RULESET_CONDITIONED,RS_Y3_R021_C01,PG_BOOL_R021,PG_BOOL_R021_C01,Y3_encoded_boolean,membership_list,6,6,6,6,1.0,1.0,1.0,0.0,0.0,0.9350000000000002,0.0,none,not_computed
BOOTSTRAP_V4_1_TO_V5_RULESET_CONDITIONED,RS_Y3_R021_C02,PG_BOOL_R021,PG_BOOL_R021_C02,Y3_encoded_boolean,membership_list,6,6,6,6,1.0,1.0,1.0,0.0,0.0,0.9350000000000002,0.0,none,not_computed
BOOTSTRAP_V4_1_TO_V5_RULESET_CONDITIONED,RS_Y3_R021_C03,PG_BOOL_R021,PG_BOOL_R021_C03,Y3_encoded_boolean,membership_list,6,6,6,6,1.0,1.0,1.0,0.0,0.0,0.9350000000000002,0.0,none,not_computed
BOOTSTRAP_V4_1_TO_V5_RULESET_CONDITIONED,RS_Y3_R021_C04,PG_BOOL_R021,PG_BOOL_R021_C04,Y3_encoded_boolean,membership_list,6,6,6,6,1.0,1.0,1.0,0.0,0.0,0.9350000000000002,0.0,none,not_computed
BOOTSTRAP_V4_1_TO_V5_RULESET_CONDITIONED,RS_Y3_R021_C05,PG_BOOL_R021,PG_BOOL_R021_C05,Y3_encoded_boolean,membership_list,6,6,6,6,1.0,1.0,1.0,0.0,0.0,0.9350000000000002,0.0,none,not_computed
BOOTSTRAP_V4_1_TO_V5_RULESET_CONDITIONED,RS_Y3_R021_C06,PG_BOOL_R021,PG_BOOL_R021_C06,Y3_encoded_boolean,membership_list,6,6,6,6,1.0,1.0,1.0,0.0,0.0,0.9350000000000002,0.0,none,not_computed
BOOTSTRAP_V4_1_TO_V5_RULESET_CONDITIONED,RS_Y3_R021_C07,PG_BOOL_R021,PG_BOOL_R021_C07,Y3_encoded_boolean,membership_list,6,6,6,6,1.0,1.0,1.0,0.0,0.0,0.9350000000000002,0.0,none,not_computed
BOOTSTRAP_V4_1_TO_V5_RULESET_CONDITIONED,RS_Y3_R021_C08,PG_BOOL_R021,PG_BOOL_R021_C08,Y3_encoded_boolean,membership_list,6,6,6,6,1.0,1.0,1.0,0.0,0.0,0.9350000000000002,0.0,none,not_computed
BOOTSTRAP_V4_1_TO_V5_RULESET_CONDITIONED,RS_Y3_R021_C09,PG_BOOL_R021,PG_BOOL_R021_C09,Y3_encoded_boolean,membership_list,6,6,6,6,1.0,1.0,1.0,0.0,0.0,0.9350000000000002,0.0,none,not_computed
BOOTSTRAP_V4_1_TO_V5_RULESET_CONDITIONED,RS_Y3_R021_C10,PG_BOOL_R021,PG_BOOL_R021_C10,Y3_encoded_boolean,membership_list,6,6,6,6,1.0,1.0,1.0,0.0,0.0,0.9350000000000002,0.0,none,not_computed
BOOTSTRAP_V4_1_TO_V5_RULESET_CONDITIONED,RS_Y3_R022_C01,PG_BOOL_R022,PG_BOOL_R022_C01,Y3_encoded_boolean,membership_list,6,6,6,6,1.0,1.0,1.0,0.0,0.0,0.9350000000000002,0.0,none,not_computed
BOOTSTRAP_V4_1_TO_V5_RULESET_CONDITIONED,RS_Y3_R022_C02,PG_BOOL_R022,PG_BOOL_R022_C02,Y3_encoded_boolean,membership_list,6,6,6,6,1.0,1.0,1.0,0.0,0.0,0.9350000000000002,0.0,none,not_computed
BOOTSTRAP_V4_1_TO_V5_RULESET_CONDITIONED,RS_Y3_R022_C03,PG_BOOL_R022,PG_BOOL_R022_C03,Y3_encoded_boolean,membership_list,6,6,6,6,1.0,1.0,1.0,0.0,0.0,0.9350000000000002,0.0,none,not_computed
BOOTSTRAP_V4_1_TO_V5_RULESET_CONDITIONED,RS_Y3_R022_C04,PG_BOOL_R022,PG_BOOL_R022_C04,Y3_encoded_boolean,membership_list,6,6,6,6,1.0,1.0,1.0,0.0,0.0,0.9350000000000002,0.0,none,not_computed
BOOTSTRAP_V4_1_TO_V5_RULESET_CONDITIONED,RS_Y3_R022_C05,PG_BOOL_R022,PG_BOOL_R022_C05,Y3_encoded_boolean,membership_list,6,6,6,6,1.0,1.0,1.0,0.0,0.0,0.9350000000000002,0.0,none,not_computed
BOOTSTRAP_V4_1_TO_V5_RULESET_CONDITIONED,RS_Y3_R022_C06,PG_BOOL_R022,PG_BOOL_R022_C06,Y3_encoded_boolean,membership_list,6,6,6,6,1.0,1.0,1.0,0.0,0.0,0.9350000000000002,0.0,none,not_computed
BOOTSTRAP_V4_1_TO_V5_RULESET_CONDITIONED,RS_Y3_R022_C07,PG_BOOL_R022,PG_BOOL_R022_C07,Y3_encoded_boolean,membership_list,6,6,6,6,1.0,1.0,1.0,0.0,0.0,0.9350000000000002,0.0,none,not_computed
BOOTSTRAP_V4_1_TO_V5_RULESET_CONDITIONED,RS_Y3_R022_C08,PG_BOOL_R022,PG_BOOL_R022_C08,Y3_encoded_boolean,membership_list,6,6,6,6,1.0,1.0,1.0,0.0,0.0,0.9350000000000002,0.0,none,not_computed
BOOTSTRAP_V4_1_TO_V5_RULESET_CONDITIONED,RS_Y3_R022_C09,PG_BOOL_R022,PG_BOOL_R022_C09,Y3_encoded_boolean,membership_list,6,6,6,6,1.0,1.0,1.0,0.0,0.0,0.9350000000000002,0.0,none,not_computed
BOOTSTRAP_V4_1_TO_V5_RULESET_CONDITIONED,RS_Y3_R022_C10,PG_BOOL_R022,PG_BOOL_R022_C10,Y3_encoded_boolean,membership_list,6,6,6,6,1.0,1.0,1.0,0.0,0.0,0.9350000000000002,0.0,none,not_computed
BOOTSTRAP_V4_1_TO_V5_RULESET_CONDITIONED,RS_Y3_R023_C01,PG_BOOL_R023,PG_BOOL_R023_C01,Y3_encoded_boolean,membership_list,6,6,6,6,1.0,1.0,1.0,0.0,0.0,0.9350000000000002,0.0,none,not_computed
BOOTSTRAP_V4_1_TO_V5_RULESET_CONDITIONED,RS_Y3_R023_C02,PG_BOOL_R023,PG_BOOL_R023_C02,Y3_encoded_boolean,membership_list,6,6,6,6,1.0,1.0,1.0,0.0,0.0,0.9350000000000002,0.0,none,not_computed
BOOTSTRAP_V4_1_TO_V5_RULESET_CONDITIONED,RS_Y3_R023_C03,PG_BOOL_R023,PG_BOOL_R023_C03,Y3_encoded_boolean,membership_list,6,6,6,6,1.0,1.0,1.0,0.0,0.0,0.9350000000000002,0.0,none,not_computed
BOOTSTRAP_V4_1_TO_V5_RULESET_CONDITIONED,RS_Y3_R023_C04,PG_BOOL_R023,PG_BOOL_R023_C04,Y3_encoded_boolean,membership_list,6,6,6,6,1.0,1.0,1.0,0.0,0.0,0.9350000000000002,0.0,none,not_computed
BOOTSTRAP_V4_1_TO_V5_RULESET_CONDITIONED,RS_Y3_R023_C05,PG_BOOL_R023,PG_BOOL_R023_C05,Y3_encoded_boolean,membership_list,6,6,6,6,1.0,1.0,1.0,0.0,0.0,0.9350000000000002,0.0,none,not_computed
BOOTSTRAP_V4_1_TO_V5_RULESET_CONDITIONED,RS_Y3_R023_C06,PG_BOOL_R023,PG_BOOL_R023_C06,Y3_encoded_boolean,membership_list,6,6,6,6,1.0,1.0,1.0,0.0,0.0,0.9350000000000002,0.0,none,not_computed
BOOTSTRAP_V4_1_TO_V5_RULESET_CONDITIONED,RS_Y3_R023_C07,PG_BOOL_R023,PG_BOOL_R023_C07,Y3_encoded_boolean,membership_list,6,6,6,6,1.0,1.0,1.0,0.0,0.0,0.9350000000000002,0.0,none,not_computed
BOOTSTRAP_V4_1_TO_V5_RULESET_CONDITIONED,RS_Y3_R023_C08,PG_BOOL_R023,PG_BOOL_R023_C08,Y3_encoded_boolean,membership_list,6,6,6,6,1.0,1.0,1.0,0.0,0.0,0.9350000000000002,0.0,none,not_computed
BOOTSTRAP_V4_1_TO_V5_RULESET_CONDITIONED,RS_Y3_R023_C09,PG_BOOL_R023,PG_BOOL_R023_C09,Y3_encoded_boolean,membership_list,6,6,6,6,1.0,1.0,1.0,0.0,0.0,0.9350000000000002,0.0,none,not_computed
BOOTSTRAP_V4_1_TO_V5_RULESET_CONDITIONED,RS_Y3_R023_C10,PG_BOOL_R023,PG_BOOL_R023_C10,Y3_encoded_boolean,membership_list,6,6,6,6,1.0,1.0,1.0,0.0,0.0,0.9350000000000002,0.0,none,not_computed
BOOTSTRAP_V4_1_TO_V5_RULESET_CONDITIONED,RS_Y3_R024_C01,PG_BOOL_R024,PG_BOOL_R024_C01,Y3_encoded_boolean,membership_list,6,6,6,6,1.0,1.0,1.0,0.0,0.0,0.9350000000000002,0.0,none,not_computed
BOOTSTRAP_V4_1_TO_V5_RULESET_CONDITIONED,RS_Y3_R024_C02,PG_BOOL_R024,PG_BOOL_R024_C02,Y3_encoded_boolean,membership_list,6,6,6,6,1.0,1.0,1.0,0.0,0.0,0.9350000000000002,0.0,none,not_computed
BOOTSTRAP_V4_1_TO_V5_RULESET_CONDITIONED,RS_Y3_R024_C03,PG_BOOL_R024,PG_BOOL_R024_C03,Y3_encoded_boolean,membership_list,6,6,6,6,1.0,1.0,1.0,0.0,0.0,0.9350000000000002,0.0,none,not_computed
BOOTSTRAP_V4_1_TO_V5_RULESET_CONDITIONED,RS_Y3_R024_C04,PG_BOOL_R024,PG_BOOL_R024_C04,Y3_encoded_boolean,membership_list,6,6,6,6,1.0,1.0,1.0,0.0,0.0,0.9350000000000002,0.0,none,not_computed
BOOTSTRAP_V4_1_TO_V5_RULESET_CONDITIONED,RS_Y3_R024_C05,PG_BOOL_R024,PG_BOOL_R024_C05,Y3_encoded_boolean,membership_list,6,6,6,6,1.0,1.0,1.0,0.0,0.0,0.9350000000000002,0.0,none,not_computed
BOOTSTRAP_V4_1_TO_V5_RULESET_CONDITIONED,RS_Y3_R024_C06,PG_BOOL_R024,PG_BOOL_R024_C06,Y3_encoded_boolean,membership_list,6,6,6,6,1.0,1.0,1.0,0.0,0.0,0.9350000000000002,0.0,none,not_computed
BOOTSTRAP_V4_1_TO_V5_RULESET_CONDITIONED,RS_Y3_R024_C07,PG_BOOL_R024,PG_BOOL_R024_C07,Y3_encoded_boolean,membership_list,6,6,6,6,1.0,1.0,1.0,0.0,0.0,0.9350000000000002,0.0,none,not_computed
BOOTSTRAP_V4_1_TO_V5_RULESET_CONDITIONED,RS_Y3_R024_C08,PG_BOOL_R024,PG_BOOL_R024_C08,Y3_encoded_boolean,membership_list,6,6,6,6,1.0,1.0,1.0,0.0,0.0,0.9350000000000002,0.0,none,not_computed
BOOTSTRAP_V4_1_TO_V5_RULESET_CONDITIONED,RS_Y3_R024_C09,PG_BOOL_R024,PG_BOOL_R024_C09,Y3_encoded_boolean,membership_list,6,6,6,6,1.0,1.0,1.0,0.0,0.0,0.9350000000000002,0.0,none,not_computed
BOOTSTRAP_V4_1_TO_V5_RULESET_CONDITIONED,RS_Y3_R024_C10,PG_BOOL_R024,PG_BOOL_R024_C10,Y3_encoded_boolean,membership_list,6,6,6,6,1.0,1.0,1.0,0.0,0.0,0.9350000000000002,0.0,none,not_computed
BOOTSTRAP_V4_1_TO_V5_RULESET_CONDITIONED,RS_Y3_R025_C01,PG_BOOL_R025,PG_BOOL_R025_C01,Y3_encoded_boolean,membership_list,6,6,6,6,1.0,1.0,1.0,0.0,0.0,0.9350000000000002,0.0,none,not_computed
BOOTSTRAP_V4_1_TO_V5_RULESET_CONDITIONED,RS_Y3_R025_C02,PG_BOOL_R025,PG_BOOL_R025_C02,Y3_encoded_boolean,membership_list,6,6,6,6,1.0,1.0,1.0,0.0,0.0,0.9350000000000002,0.0,none,not_computed
BOOTSTRAP_V4_1_TO_V5_RULESET_CONDITIONED,RS_Y3_R025_C03,PG_BOOL_R025,PG_BOOL_R025_C03,Y3_encoded_boolean,membership_list,6,6,6,6,1.0,1.0,1.0,0.0,0.0,0.9350000000000002,0.0,none,not_computed
BOOTSTRAP_V4_1_TO_V5_RULESET_CONDITIONED,RS_Y3_R025_C04,PG_BOOL_R025,PG_BOOL_R025_C04,Y3_encoded_boolean,membership_list,6,6,6,6,1.0,1.0,1.0,0.0,0.0,0.9350000000000002,0.0,none,not_computed
BOOTSTRAP_V4_1_TO_V5_RULESET_CONDITIONED,RS_Y3_R025_C05,PG_BOOL_R025,PG_BOOL_R025_C05,Y3_encoded_boolean,membership_list,6,6,6,6,1.0,1.0,1.0,0.0,0.0,0.9350000000000002,0.0,none,not_computed
BOOTSTRAP_V4_1_TO_V5_RULESET_CONDITIONED,RS_Y3_R025_C06,PG_BOOL_R025,PG_BOOL_R025_C06,Y3_encoded_boolean,membership_list,6,6,6,6,1.0,1.0,1.0,0.0,0.0,0.9350000000000002,0.0,none,not_computed
BOOTSTRAP_V4_1_TO_V5_RULESET_CONDITIONED,RS_Y3_R025_C07,PG_BOOL_R025,PG_BOOL_R025_C07,Y3_encoded_boolean,membership_list,6,6,6,6,1.0,1.0,1.0,0.0,0.0,0.9350000000000002,0.0,none,not_computed
BOOTSTRAP_V4_1_TO_V5_RULESET_CONDITIONED,RS_Y3_R025_C08,PG_BOOL_R025,PG_BOOL_R025_C08,Y3_encoded_boolean,membership_list,6,6,6,6,1.0,1.0,1.0,0.0,0.0,0.9350000000000002,0.0,none,not_computed
BOOTSTRAP_V4_1_TO_V5_RULESET_CONDITIONED,RS_Y3_R025_C09,PG_BOOL_R025,PG_BOOL_R025_C09,Y3_encoded_boolean,membership_list,6,6,6,6,1.0,1.0,1.0,0.0,0.0,0.9350000000000002,0.0,none,not_computed
BOOTSTRAP_V4_1_TO_V5_RULESET_CONDITIONED,RS_Y3_R025_C10,PG_BOOL_R025,PG_BOOL_R025_C10,Y3_encoded_boolean,membership_list,6,6,6,6,1.0,1.0,1.0,0.0,0.0,0.9350000000000002,0.0,none,not_computed
BOOTSTRAP_V4_1_TO_V5_RULESET_CONDITIONED,RS_Y3_R026_C01,PG_BOOL_R026,PG_BOOL_R026_C01,Y3_encoded_boolean,any_all_array,6,6,6,6,1.0,1.0,1.0,0.0,0.0,0.9350000000000002,0.0,none,not_computed
BOOTSTRAP_V4_1_TO_V5_RULESET_CONDITIONED,RS_Y3_R026_C02,PG_BOOL_R026,PG_BOOL_R026_C02,Y3_encoded_boolean,any_all_array,6,6,6,6,1.0,1.0,1.0,0.0,0.0,0.9350000000000002,0.0,none,not_computed
BOOTSTRAP_V4_1_TO_V5_RULESET_CONDITIONED,RS_Y3_R026_C03,PG_BOOL_R026,PG_BOOL_R026_C03,Y3_encoded_boolean,any_all_array,6,6,6,6,1.0,1.0,1.0,0.0,0.0,0.9350000000000002,0.0,none,not_computed
BOOTSTRAP_V4_1_TO_V5_RULESET_CONDITIONED,RS_Y3_R026_C04,PG_BOOL_R026,PG_BOOL_R026_C04,Y3_encoded_boolean,any_all_array,6,6,6,6,1.0,1.0,1.0,0.0,0.0,0.9350000000000002,0.0,none,not_computed
BOOTSTRAP_V4_1_TO_V5_RULESET_CONDITIONED,RS_Y3_R026_C05,PG_BOOL_R026,PG_BOOL_R026_C05,Y3_encoded_boolean,any_all_array,6,6,6,6,1.0,1.0,1.0,0.0,0.0,0.9350000000000002,0.0,none,not_computed
BOOTSTRAP_V4_1_TO_V5_RULESET_CONDITIONED,RS_Y3_R026_C06,PG_BOOL_R026,PG_BOOL_R026_C06,Y3_encoded_boolean,any_all_array,6,6,6,6,1.0,1.0,1.0,0.0,0.0,0.9350000000000002,0.0,none,not_computed
BOOTSTRAP_V4_1_TO_V5_RULESET_CONDITIONED,RS_Y3_R026_C07,PG_BOOL_R026,PG_BOOL_R026_C07,Y3_encoded_boolean,any_all_array,6,6,6,6,1.0,1.0,1.0,0.0,0.0,0.9350000000000002,0.0,none,not_computed
BOOTSTRAP_V4_1_TO_V5_RULESET_CONDITIONED,RS_Y3_R026_C08,PG_BOOL_R026,PG_BOOL_R026_C08,Y3_encoded_boolean,any_all_array,6,6,6,6,1.0,1.0,1.0,0.0,0.0,0.9350000000000002,0.0,none,not_computed
BOOTSTRAP_V4_1_TO_V5_RULESET_CONDITIONED,RS_Y3_R026_C09,PG_BOOL_R026,PG_BOOL_R026_C09,Y3_encoded_boolean,any_all_array,6,6,6,6,1.0,1.0,1.0,0.0,0.0,0.9350000000000002,0.0,none,not_computed
BOOTSTRAP_V4_1_TO_V5_RULESET_CONDITIONED,RS_Y3_R026_C10,PG_BOOL_R026,PG_BOOL_R026_C10,Y3_encoded_boolean,any_all_array,6,6,6,6,1.0,1.0,1.0,0.0,0.0,0.9350000000000002,0.0,none,not_computed
BOOTSTRAP_V4_1_TO_V5_RULESET_CONDITIONED,RS_Y3_R027_C01,PG_BOOL_R027,PG_BOOL_R027_C01,Y3_encoded_boolean,any_all_array,6,6,6,6,1.0,1.0,1.0,0.0,0.0,0.9350000000000002,0.0,none,not_computed
BOOTSTRAP_V4_1_TO_V5_RULESET_CONDITIONED,RS_Y3_R027_C02,PG_BOOL_R027,PG_BOOL_R027_C02,Y3_encoded_boolean,any_all_array,6,6,6,6,1.0,1.0,1.0,0.0,0.0,0.9350000000000002,0.0,none,not_computed
BOOTSTRAP_V4_1_TO_V5_RULESET_CONDITIONED,RS_Y3_R027_C03,PG_BOOL_R027,PG_BOOL_R027_C03,Y3_encoded_boolean,any_all_array,6,6,6,6,1.0,1.0,1.0,0.0,0.0,0.9350000000000002,0.0,none,not_computed
BOOTSTRAP_V4_1_TO_V5_RULESET_CONDITIONED,RS_Y3_R027_C04,PG_BOOL_R027,PG_BOOL_R027_C04,Y3_encoded_boolean,any_all_array,6,6,6,6,1.0,1.0,1.0,0.0,0.0,0.9350000000000002,0.0,none,not_computed
BOOTSTRAP_V4_1_TO_V5_RULESET_CONDITIONED,RS_Y3_R027_C05,PG_BOOL_R027,PG_BOOL_R027_C05,Y3_encoded_boolean,any_all_array,6,6,6,6,1.0,1.0,1.0,0.0,0.0,0.9350000000000002,0.0,none,not_computed
BOOTSTRAP_V4_1_TO_V5_RULESET_CONDITIONED,RS_Y3_R027_C06,PG_BOOL_R027,PG_BOOL_R027_C06,Y3_encoded_boolean,any_all_array,6,6,6,6,1.0,1.0,1.0,0.0,0.0,0.9350000000000002,0.0,none,not_computed
BOOTSTRAP_V4_1_TO_V5_RULESET_CONDITIONED,RS_Y3_R027_C07,PG_BOOL_R027,PG_BOOL_R027_C07,Y3_encoded_boolean,any_all_array,6,6,6,6,1.0,1.0,1.0,0.0,0.0,0.9350000000000002,0.0,none,not_computed
BOOTSTRAP_V4_1_TO_V5_RULESET_CONDITIONED,RS_Y3_R027_C08,PG_BOOL_R027,PG_BOOL_R027_C08,Y3_encoded_boolean,any_all_array,6,6,6,6,1.0,1.0,1.0,0.0,0.0,0.9350000000000002,0.0,none,not_computed
BOOTSTRAP_V4_1_TO_V5_RULESET_CONDITIONED,RS_Y3_R027_C09,PG_BOOL_R027,PG_BOOL_R027_C09,Y3_encoded_boolean,any_all_array,6,6,6,6,1.0,1.0,1.0,0.0,0.0,0.9350000000000002,0.0,none,not_computed
BOOTSTRAP_V4_1_TO_V5_RULESET_CONDITIONED,RS_Y3_R027_C10,PG_BOOL_R027,PG_BOOL_R027_C10,Y3_encoded_boolean,any_all_array,6,6,6,6,1.0,1.0,1.0,0.0,0.0,0.9350000000000002,0.0,none,not_computed
BOOTSTRAP_V4_1_TO_V5_RULESET_CONDITIONED,RS_Y3_R028_C01,PG_BOOL_R028,PG_BOOL_R028_C01,Y3_encoded_boolean,any_all_array,6,6,6,6,1.0,1.0,1.0,0.0,0.0,0.9350000000000002,0.0,none,not_computed
BOOTSTRAP_V4_1_TO_V5_RULESET_CONDITIONED,RS_Y3_R028_C02,PG_BOOL_R028,PG_BOOL_R028_C02,Y3_encoded_boolean,any_all_array,6,6,6,6,1.0,1.0,1.0,0.0,0.0,0.9350000000000002,0.0,none,not_computed
BOOTSTRAP_V4_1_TO_V5_RULESET_CONDITIONED,RS_Y3_R028_C03,PG_BOOL_R028,PG_BOOL_R028_C03,Y3_encoded_boolean,any_all_array,6,6,6,6,1.0,1.0,1.0,0.0,0.0,0.9350000000000002,0.0,none,not_computed
BOOTSTRAP_V4_1_TO_V5_RULESET_CONDITIONED,RS_Y3_R028_C04,PG_BOOL_R028,PG_BOOL_R028_C04,Y3_encoded_boolean,any_all_array,6,6,6,6,1.0,1.0,1.0,0.0,0.0,0.9350000000000002,0.0,none,not_computed
BOOTSTRAP_V4_1_TO_V5_RULESET_CONDITIONED,RS_Y3_R028_C05,PG_BOOL_R028,PG_BOOL_R028_C05,Y3_encoded_boolean,any_all_array,6,6,6,6,1.0,1.0,1.0,0.0,0.0,0.9350000000000002,0.0,none,not_computed
BOOTSTRAP_V4_1_TO_V5_RULESET_CONDITIONED,RS_Y3_R028_C06,PG_BOOL_R028,PG_BOOL_R028_C06,Y3_encoded_boolean,any_all_array,6,6,6,6,1.0,1.0,1.0,0.0,0.0,0.9350000000000002,0.0,none,not_computed
BOOTSTRAP_V4_1_TO_V5_RULESET_CONDITIONED,RS_Y3_R028_C07,PG_BOOL_R028,PG_BOOL_R028_C07,Y3_encoded_boolean,any_all_array,6,6,6,6,1.0,1.0,1.0,0.0,0.0,0.9350000000000002,0.0,none,not_computed
BOOTSTRAP_V4_1_TO_V5_RULESET_CONDITIONED,RS_Y3_R028_C08,PG_BOOL_R028,PG_BOOL_R028_C08,Y3_encoded_boolean,any_all_array,6,6,6,6,1.0,1.0,1.0,0.0,0.0,0.9350000000000002,0.0,none,not_computed
BOOTSTRAP_V4_1_TO_V5_RULESET_CONDITIONED,RS_Y3_R028_C09,PG_BOOL_R028,PG_BOOL_R028_C09,Y3_encoded_boolean,any_all_array,6,6,6,6,1.0,1.0,1.0,0.0,0.0,0.9350000000000002,0.0,none,not_computed
BOOTSTRAP_V4_1_TO_V5_RULESET_CONDITIONED,RS_Y3_R028_C10,PG_BOOL_R028,PG_BOOL_R028_C10,Y3_encoded_boolean,any_all_array,6,6,6,6,1.0,1.0,1.0,0.0,0.0,0.9350000000000002,0.0,none,not_computed
BOOTSTRAP_V4_1_TO_V5_RULESET_CONDITIONED,RS_Y3_R029_C01,PG_BOOL_R029,PG_BOOL_R029_C01,Y3_encoded_boolean,any_all_array,6,6,6,6,1.0,1.0,1.0,0.0,0.0,0.9350000000000002,0.0,none,not_computed
BOOTSTRAP_V4_1_TO_V5_RULESET_CONDITIONED,RS_Y3_R029_C02,PG_BOOL_R029,PG_BOOL_R029_C02,Y3_encoded_boolean,any_all_array,6,6,6,6,1.0,1.0,1.0,0.0,0.0,0.9350000000000002,0.0,none,not_computed
BOOTSTRAP_V4_1_TO_V5_RULESET_CONDITIONED,RS_Y3_R029_C03,PG_BOOL_R029,PG_BOOL_R029_C03,Y3_encoded_boolean,any_all_array,6,6,6,6,1.0,1.0,1.0,0.0,0.0,0.9350000000000002,0.0,none,not_computed
BOOTSTRAP_V4_1_TO_V5_RULESET_CONDITIONED,RS_Y3_R029_C04,PG_BOOL_R029,PG_BOOL_R029_C04,Y3_encoded_boolean,any_all_array,6,6,6,6,1.0,1.0,1.0,0.0,0.0,0.9350000000000002,0.0,none,not_computed
BOOTSTRAP_V4_1_TO_V5_RULESET_CONDITIONED,RS_Y3_R029_C05,PG_BOOL_R029,PG_BOOL_R029_C05,Y3_encoded_boolean,any_all_array,6,6,6,6,1.0,1.0,1.0,0.0,0.0,0.9350000000000002,0.0,none,not_computed
BOOTSTRAP_V4_1_TO_V5_RULESET_CONDITIONED,RS_Y3_R029_C06,PG_BOOL_R029,PG_BOOL_R029_C06,Y3_encoded_boolean,any_all_array,6,6,6,6,1.0,1.0,1.0,0.0,0.0,0.9350000000000002,0.0,none,not_computed
BOOTSTRAP_V4_1_TO_V5_RULESET_CONDITIONED,RS_Y3_R029_C07,PG_BOOL_R029,PG_BOOL_R029_C07,Y3_encoded_boolean,any_all_array,6,6,6,6,1.0,1.0,1.0,0.0,0.0,0.9350000000000002,0.0,none,not_computed
BOOTSTRAP_V4_1_TO_V5_RULESET_CONDITIONED,RS_Y3_R029_C08,PG_BOOL_R029,PG_BOOL_R029_C08,Y3_encoded_boolean,any_all_array,6,6,6,6,1.0,1.0,1.0,0.0,0.0,0.9350000000000002,0.0,none,not_computed
BOOTSTRAP_V4_1_TO_V5_RULESET_CONDITIONED,RS_Y3_R029_C09,PG_BOOL_R029,PG_BOOL_R029_C09,Y3_encoded_boolean,any_all_array,6,6,6,6,1.0,1.0,1.0,0.0,0.0,0.9350000000000002,0.0,none,not_computed
BOOTSTRAP_V4_1_TO_V5_RULESET_CONDITIONED,RS_Y3_R029_C10,PG_BOOL_R029,PG_BOOL_R029_C10,Y3_encoded_boolean,any_all_array,6,6,6,6,1.0,1.0,1.0,0.0,0.0,0.9350000000000002,0.0,none,not_computed
BOOTSTRAP_V4_1_TO_V5_RULESET_CONDITIONED,RS_Y3_R030_C01,PG_BOOL_R030,PG_BOOL_R030_C01,Y3_encoded_boolean,any_all_array,6,6,6,6,1.0,1.0,1.0,0.0,0.0,0.9350000000000002,0.0,none,not_computed
BOOTSTRAP_V4_1_TO_V5_RULESET_CONDITIONED,RS_Y3_R030_C02,PG_BOOL_R030,PG_BOOL_R030_C02,Y3_encoded_boolean,any_all_array,6,6,6,6,1.0,1.0,1.0,0.0,0.0,0.9350000000000002,0.0,none,not_computed
BOOTSTRAP_V4_1_TO_V5_RULESET_CONDITIONED,RS_Y3_R030_C03,PG_BOOL_R030,PG_BOOL_R030_C03,Y3_encoded_boolean,any_all_array,6,6,6,6,1.0,1.0,1.0,0.0,0.0,0.9350000000000002,0.0,none,not_computed
BOOTSTRAP_V4_1_TO_V5_RULESET_CONDITIONED,RS_Y3_R030_C04,PG_BOOL_R030,PG_BOOL_R030_C04,Y3_encoded_boolean,any_all_array,6,6,6,6,1.0,1.0,1.0,0.0,0.0,0.9350000000000002,0.0,none,not_computed
BOOTSTRAP_V4_1_TO_V5_RULESET_CONDITIONED,RS_Y3_R030_C05,PG_BOOL_R030,PG_BOOL_R030_C05,Y3_encoded_boolean,any_all_array,6,6,6,6,1.0,1.0,1.0,0.0,0.0,0.9350000000000002,0.0,none,not_computed
BOOTSTRAP_V4_1_TO_V5_RULESET_CONDITIONED,RS_Y3_R030_C06,PG_BOOL_R030,PG_BOOL_R030_C06,Y3_encoded_boolean,any_all_array,6,6,6,6,1.0,1.0,1.0,0.0,0.0,0.9350000000000002,0.0,none,not_computed
BOOTSTRAP_V4_1_TO_V5_RULESET_CONDITIONED,RS_Y3_R030_C07,PG_BOOL_R030,PG_BOOL_R030_C07,Y3_encoded_boolean,any_all_array,6,6,6,6,1.0,1.0,1.0,0.0,0.0,0.9350000000000002,0.0,none,not_computed
BOOTSTRAP_V4_1_TO_V5_RULESET_CONDITIONED,RS_Y3_R030_C08,PG_BOOL_R030,PG_BOOL_R030_C08,Y3_encoded_boolean,any_all_array,6,6,6,6,1.0,1.0,1.0,0.0,0.0,0.9350000000000002,0.0,none,not_computed
BOOTSTRAP_V4_1_TO_V5_RULESET_CONDITIONED,RS_Y3_R030_C09,PG_BOOL_R030,PG_BOOL_R030_C09,Y3_encoded_boolean,any_all_array,6,6,6,6,1.0,1.0,1.0,0.0,0.0,0.9350000000000002,0.0,none,not_computed
BOOTSTRAP_V4_1_TO_V5_RULESET_CONDITIONED,RS_Y3_R030_C10,PG_BOOL_R030,PG_BOOL_R030_C10,Y3_encoded_boolean,any_all_array,6,6,6,6,1.0,1.0,1.0,0.0,0.0,0.9350000000000002,0.0,none,not_computed
BOOTSTRAP_V4_1_TO_V5_RULESET_CONDITIONED,RS_Y3_R031_C01,PG_BOOL_R031,PG_BOOL_R031_C01,Y3_encoded_boolean,like_ilike,6,6,6,6,1.0,1.0,1.0,0.0,0.0,0.9350000000000002,0.0,none,not_computed
BOOTSTRAP_V4_1_TO_V5_RULESET_CONDITIONED,RS_Y3_R031_C02,PG_BOOL_R031,PG_BOOL_R031_C02,Y3_encoded_boolean,like_ilike,6,6,6,6,1.0,1.0,1.0,0.0,0.0,0.9350000000000002,0.0,none,not_computed
BOOTSTRAP_V4_1_TO_V5_RULESET_CONDITIONED,RS_Y3_R031_C03,PG_BOOL_R031,PG_BOOL_R031_C03,Y3_encoded_boolean,like_ilike,6,6,6,6,1.0,1.0,1.0,0.0,0.0,0.9350000000000002,0.0,none,not_computed
BOOTSTRAP_V4_1_TO_V5_RULESET_CONDITIONED,RS_Y3_R031_C04,PG_BOOL_R031,PG_BOOL_R031_C04,Y3_encoded_boolean,like_ilike,6,6,6,6,1.0,1.0,1.0,0.0,0.0,0.9350000000000002,0.0,none,not_computed
BOOTSTRAP_V4_1_TO_V5_RULESET_CONDITIONED,RS_Y3_R031_C05,PG_BOOL_R031,PG_BOOL_R031_C05,Y3_encoded_boolean,like_ilike,6,6,6,6,1.0,1.0,1.0,0.0,0.0,0.9350000000000002,0.0,none,not_computed
BOOTSTRAP_V4_1_TO_V5_RULESET_CONDITIONED,RS_Y3_R031_C06,PG_BOOL_R031,PG_BOOL_R031_C06,Y3_encoded_boolean,like_ilike,6,6,6,6,1.0,1.0,1.0,0.0,0.0,0.9350000000000002,0.0,none,not_computed
BOOTSTRAP_V4_1_TO_V5_RULESET_CONDITIONED,RS_Y3_R031_C07,PG_BOOL_R031,PG_BOOL_R031_C07,Y3_encoded_boolean,like_ilike,6,6,6,6,1.0,1.0,1.0,0.0,0.0,0.9350000000000002,0.0,none,not_computed
BOOTSTRAP_V4_1_TO_V5_RULESET_CONDITIONED,RS_Y3_R031_C08,PG_BOOL_R031,PG_BOOL_R031_C08,Y3_encoded_boolean,like_ilike,6,6,6,6,1.0,1.0,1.0,0.0,0.0,0.9350000000000002,0.0,none,not_computed
BOOTSTRAP_V4_1_TO_V5_RULESET_CONDITIONED,RS_Y3_R031_C09,PG_BOOL_R031,PG_BOOL_R031_C09,Y3_encoded_boolean,like_ilike,6,6,6,6,1.0,1.0,1.0,0.0,0.0,0.9350000000000002,0.0,none,not_computed
BOOTSTRAP_V4_1_TO_V5_RULESET_CONDITIONED,RS_Y3_R031_C10,PG_BOOL_R031,PG_BOOL_R031_C10,Y3_encoded_boolean,like_ilike,6,6,6,6,1.0,1.0,1.0,0.0,0.0,0.9350000000000002,0.0,none,not_computed
BOOTSTRAP_V4_1_TO_V5_RULESET_CONDITIONED,RS_Y3_R032_C01,PG_BOOL_R032,PG_BOOL_R032_C01,Y3_encoded_boolean,like_ilike,6,6,6,6,1.0,1.0,1.0,0.0,0.0,0.9350000000000002,0.0,none,not_computed
BOOTSTRAP_V4_1_TO_V5_RULESET_CONDITIONED,RS_Y3_R032_C02,PG_BOOL_R032,PG_BOOL_R032_C02,Y3_encoded_boolean,like_ilike,6,6,6,6,1.0,1.0,1.0,0.0,0.0,0.9350000000000002,0.0,none,not_computed
BOOTSTRAP_V4_1_TO_V5_RULESET_CONDITIONED,RS_Y3_R032_C03,PG_BOOL_R032,PG_BOOL_R032_C03,Y3_encoded_boolean,like_ilike,6,6,6,6,1.0,1.0,1.0,0.0,0.0,0.9350000000000002,0.0,none,not_computed
BOOTSTRAP_V4_1_TO_V5_RULESET_CONDITIONED,RS_Y3_R032_C04,PG_BOOL_R032,PG_BOOL_R032_C04,Y3_encoded_boolean,like_ilike,6,6,6,6,1.0,1.0,1.0,0.0,0.0,0.9350000000000002,0.0,none,not_computed
BOOTSTRAP_V4_1_TO_V5_RULESET_CONDITIONED,RS_Y3_R032_C05,PG_BOOL_R032,PG_BOOL_R032_C05,Y3_encoded_boolean,like_ilike,6,6,6,6,1.0,1.0,1.0,0.0,0.0,0.9350000000000002,0.0,none,not_computed
BOOTSTRAP_V4_1_TO_V5_RULESET_CONDITIONED,RS_Y3_R032_C06,PG_BOOL_R032,PG_BOOL_R032_C06,Y3_encoded_boolean,like_ilike,6,6,6,6,1.0,1.0,1.0,0.0,0.0,0.9350000000000002,0.0,none,not_computed
BOOTSTRAP_V4_1_TO_V5_RULESET_CONDITIONED,RS_Y3_R032_C07,PG_BOOL_R032,PG_BOOL_R032_C07,Y3_encoded_boolean,like_ilike,6,6,6,6,1.0,1.0,1.0,0.0,0.0,0.9350000000000002,0.0,none,not_computed
BOOTSTRAP_V4_1_TO_V5_RULESET_CONDITIONED,RS_Y3_R032_C08,PG_BOOL_R032,PG_BOOL_R032_C08,Y3_encoded_boolean,like_ilike,6,6,6,6,1.0,1.0,1.0,0.0,0.0,0.9350000000000002,0.0,none,not_computed
BOOTSTRAP_V4_1_TO_V5_RULESET_CONDITIONED,RS_Y3_R032_C09,PG_BOOL_R032,PG_BOOL_R032_C09,Y3_encoded_boolean,like_ilike,6,6,6,6,1.0,1.0,1.0,0.0,0.0,0.9350000000000002,0.0,none,not_computed
BOOTSTRAP_V4_1_TO_V5_RULESET_CONDITIONED,RS_Y3_R032_C10,PG_BOOL_R032,PG_BOOL_R032_C10,Y3_encoded_boolean,like_ilike,6,6,6,6,1.0,1.0,1.0,0.0,0.0,0.9350000000000002,0.0,none,not_computed
BOOTSTRAP_V4_1_TO_V5_RULESET_CONDITIONED,RS_Y3_R033_C01,PG_BOOL_R033,PG_BOOL_R033_C01,Y3_encoded_boolean,like_ilike,6,6,6,6,1.0,1.0,1.0,0.0,0.0,0.9350000000000002,0.0,none,not_computed
BOOTSTRAP_V4_1_TO_V5_RULESET_CONDITIONED,RS_Y3_R033_C02,PG_BOOL_R033,PG_BOOL_R033_C02,Y3_encoded_boolean,like_ilike,6,6,6,6,1.0,1.0,1.0,0.0,0.0,0.9350000000000002,0.0,none,not_computed
BOOTSTRAP_V4_1_TO_V5_RULESET_CONDITIONED,RS_Y3_R033_C03,PG_BOOL_R033,PG_BOOL_R033_C03,Y3_encoded_boolean,like_ilike,6,6,6,6,1.0,1.0,1.0,0.0,0.0,0.9350000000000002,0.0,none,not_computed
BOOTSTRAP_V4_1_TO_V5_RULESET_CONDITIONED,RS_Y3_R033_C04,PG_BOOL_R033,PG_BOOL_R033_C04,Y3_encoded_boolean,like_ilike,6,6,6,6,1.0,1.0,1.0,0.0,0.0,0.9350000000000002,0.0,none,not_computed
BOOTSTRAP_V4_1_TO_V5_RULESET_CONDITIONED,RS_Y3_R033_C05,PG_BOOL_R033,PG_BOOL_R033_C05,Y3_encoded_boolean,like_ilike,6,6,6,6,1.0,1.0,1.0,0.0,0.0,0.9350000000000002,0.0,none,not_computed
BOOTSTRAP_V4_1_TO_V5_RULESET_CONDITIONED,RS_Y3_R033_C06,PG_BOOL_R033,PG_BOOL_R033_C06,Y3_encoded_boolean,like_ilike,6,6,6,6,1.0,1.0,1.0,0.0,0.0,0.9350000000000002,0.0,none,not_computed
BOOTSTRAP_V4_1_TO_V5_RULESET_CONDITIONED,RS_Y3_R033_C07,PG_BOOL_R033,PG_BOOL_R033_C07,Y3_encoded_boolean,like_ilike,6,6,6,6,1.0,1.0,1.0,0.0,0.0,0.9350000000000002,0.0,none,not_computed
BOOTSTRAP_V4_1_TO_V5_RULESET_CONDITIONED,RS_Y3_R033_C08,PG_BOOL_R033,PG_BOOL_R033_C08,Y3_encoded_boolean,like_ilike,6,6,6,6,1.0,1.0,1.0,0.0,0.0,0.9350000000000002,0.0,none,not_computed
BOOTSTRAP_V4_1_TO_V5_RULESET_CONDITIONED,RS_Y3_R033_C09,PG_BOOL_R033,PG_BOOL_R033_C09,Y3_encoded_boolean,like_ilike,6,6,6,6,1.0,1.0,1.0,0.0,0.0,0.9350000000000002,0.0,none,not_computed
BOOTSTRAP_V4_1_TO_V5_RULESET_CONDITIONED,RS_Y3_R033_C10,PG_BOOL_R033,PG_BOOL_R033_C10,Y3_encoded_boolean,like_ilike,6,6,6,6,1.0,1.0,1.0,0.0,0.0,0.9350000000000002,0.0,none,not_computed
BOOTSTRAP_V4_1_TO_V5_RULESET_CONDITIONED,RS_Y3_R034_C01,PG_BOOL_R034,PG_BOOL_R034_C01,Y3_encoded_boolean,like_ilike,6,6,6,6,1.0,1.0,1.0,0.0,0.0,0.9350000000000002,0.0,none,not_computed
BOOTSTRAP_V4_1_TO_V5_RULESET_CONDITIONED,RS_Y3_R034_C02,PG_BOOL_R034,PG_BOOL_R034_C02,Y3_encoded_boolean,like_ilike,6,6,6,6,1.0,1.0,1.0,0.0,0.0,0.9350000000000002,0.0,none,not_computed
BOOTSTRAP_V4_1_TO_V5_RULESET_CONDITIONED,RS_Y3_R034_C03,PG_BOOL_R034,PG_BOOL_R034_C03,Y3_encoded_boolean,like_ilike,6,6,6,6,1.0,1.0,1.0,0.0,0.0,0.9350000000000002,0.0,none,not_computed
BOOTSTRAP_V4_1_TO_V5_RULESET_CONDITIONED,RS_Y3_R034_C04,PG_BOOL_R034,PG_BOOL_R034_C04,Y3_encoded_boolean,like_ilike,6,6,6,6,1.0,1.0,1.0,0.0,0.0,0.9350000000000002,0.0,none,not_computed
BOOTSTRAP_V4_1_TO_V5_RULESET_CONDITIONED,RS_Y3_R034_C05,PG_BOOL_R034,PG_BOOL_R034_C05,Y3_encoded_boolean,like_ilike,6,6,6,6,1.0,1.0,1.0,0.0,0.0,0.9350000000000002,0.0,none,not_computed
BOOTSTRAP_V4_1_TO_V5_RULESET_CONDITIONED,RS_Y3_R034_C06,PG_BOOL_R034,PG_BOOL_R034_C06,Y3_encoded_boolean,like_ilike,6,6,6,6,1.0,1.0,1.0,0.0,0.0,0.9350000000000002,0.0,none,not_computed
BOOTSTRAP_V4_1_TO_V5_RULESET_CONDITIONED,RS_Y3_R034_C07,PG_BOOL_R034,PG_BOOL_R034_C07,Y3_encoded_boolean,like_ilike,6,6,6,6,1.0,1.0,1.0,0.0,0.0,0.9350000000000002,0.0,none,not_computed
BOOTSTRAP_V4_1_TO_V5_RULESET_CONDITIONED,RS_Y3_R034_C08,PG_BOOL_R034,PG_BOOL_R034_C08,Y3_encoded_boolean,like_ilike,6,6,6,6,1.0,1.0,1.0,0.0,0.0,0.9350000000000002,0.0,none,not_computed
BOOTSTRAP_V4_1_TO_V5_RULESET_CONDITIONED,RS_Y3_R034_C09,PG_BOOL_R034,PG_BOOL_R034_C09,Y3_encoded_boolean,like_ilike,6,6,6,6,1.0,1.0,1.0,0.0,0.0,0.9350000000000002,0.0,none,not_computed
BOOTSTRAP_V4_1_TO_V5_RULESET_CONDITIONED,RS_Y3_R034_C10,PG_BOOL_R034,PG_BOOL_R034_C10,Y3_encoded_boolean,like_ilike,6,6,6,6,1.0,1.0,1.0,0.0,0.0,0.9350000000000002,0.0,none,not_computed
BOOTSTRAP_V4_1_TO_V5_RULESET_CONDITIONED,RS_Y3_R035_C01,PG_BOOL_R035,PG_BOOL_R035_C01,Y3_encoded_boolean,like_ilike,6,6,6,6,1.0,1.0,1.0,0.0,0.0,0.9350000000000002,0.0,none,not_computed
BOOTSTRAP_V4_1_TO_V5_RULESET_CONDITIONED,RS_Y3_R035_C02,PG_BOOL_R035,PG_BOOL_R035_C02,Y3_encoded_boolean,like_ilike,6,6,6,6,1.0,1.0,1.0,0.0,0.0,0.9350000000000002,0.0,none,not_computed
BOOTSTRAP_V4_1_TO_V5_RULESET_CONDITIONED,RS_Y3_R035_C03,PG_BOOL_R035,PG_BOOL_R035_C03,Y3_encoded_boolean,like_ilike,6,6,6,6,1.0,1.0,1.0,0.0,0.0,0.9350000000000002,0.0,none,not_computed
BOOTSTRAP_V4_1_TO_V5_RULESET_CONDITIONED,RS_Y3_R035_C04,PG_BOOL_R035,PG_BOOL_R035_C04,Y3_encoded_boolean,like_ilike,6,6,6,6,1.0,1.0,1.0,0.0,0.0,0.9350000000000002,0.0,none,not_computed
BOOTSTRAP_V4_1_TO_V5_RULESET_CONDITIONED,RS_Y3_R035_C05,PG_BOOL_R035,PG_BOOL_R035_C05,Y3_encoded_boolean,like_ilike,6,6,6,6,1.0,1.0,1.0,0.0,0.0,0.9350000000000002,0.0,none,not_computed
BOOTSTRAP_V4_1_TO_V5_RULESET_CONDITIONED,RS_Y3_R035_C06,PG_BOOL_R035,PG_BOOL_R035_C06,Y3_encoded_boolean,like_ilike,6,6,6,6,1.0,1.0,1.0,0.0,0.0,0.9350000000000002,0.0,none,not_computed
BOOTSTRAP_V4_1_TO_V5_RULESET_CONDITIONED,RS_Y3_R035_C07,PG_BOOL_R035,PG_BOOL_R035_C07,Y3_encoded_boolean,like_ilike,6,6,6,6,1.0,1.0,1.0,0.0,0.0,0.9350000000000002,0.0,none,not_computed
BOOTSTRAP_V4_1_TO_V5_RULESET_CONDITIONED,RS_Y3_R035_C08,PG_BOOL_R035,PG_BOOL_R035_C08,Y3_encoded_boolean,like_ilike,6,6,6,6,1.0,1.0,1.0,0.0,0.0,0.9350000000000002,0.0,none,not_computed
BOOTSTRAP_V4_1_TO_V5_RULESET_CONDITIONED,RS_Y3_R035_C09,PG_BOOL_R035,PG_BOOL_R035_C09,Y3_encoded_boolean,like_ilike,6,6,6,6,1.0,1.0,1.0,0.0,0.0,0.9350000000000002,0.0,none,not_computed
BOOTSTRAP_V4_1_TO_V5_RULESET_CONDITIONED,RS_Y3_R035_C10,PG_BOOL_R035,PG_BOOL_R035_C10,Y3_encoded_boolean,like_ilike,6,6,6,6,1.0,1.0,1.0,0.0,0.0,0.9350000000000002,0.0,none,not_computed
BOOTSTRAP_V4_1_TO_V5_RULESET_CONDITIONED,RS_Y3_R036_C01,PG_BOOL_R036,PG_BOOL_R036_C01,Y3_encoded_boolean,regex_match,6,6,6,0,1.0,1.0,1.0,0.0,0.0,0.585,0.0,boolean,not_computed
BOOTSTRAP_V4_1_TO_V5_RULESET_CONDITIONED,RS_Y3_R036_C02,PG_BOOL_R036,PG_BOOL_R036_C02,Y3_encoded_boolean,regex_match,6,6,6,0,1.0,1.0,1.0,0.0,0.0,0.585,0.0,boolean,not_computed
BOOTSTRAP_V4_1_TO_V5_RULESET_CONDITIONED,RS_Y3_R036_C03,PG_BOOL_R036,PG_BOOL_R036_C03,Y3_encoded_boolean,regex_match,6,6,6,6,1.0,1.0,1.0,0.0,0.0,0.9350000000000002,0.0,none,not_computed
BOOTSTRAP_V4_1_TO_V5_RULESET_CONDITIONED,RS_Y3_R036_C04,PG_BOOL_R036,PG_BOOL_R036_C04,Y3_encoded_boolean,regex_match,6,6,6,6,1.0,1.0,1.0,0.0,0.0,0.9350000000000002,0.0,none,not_computed
BOOTSTRAP_V4_1_TO_V5_RULESET_CONDITIONED,RS_Y3_R036_C05,PG_BOOL_R036,PG_BOOL_R036_C05,Y3_encoded_boolean,regex_match,6,6,6,6,1.0,1.0,1.0,0.0,0.0,0.9350000000000002,0.0,none,not_computed
BOOTSTRAP_V4_1_TO_V5_RULESET_CONDITIONED,RS_Y3_R036_C06,PG_BOOL_R036,PG_BOOL_R036_C06,Y3_encoded_boolean,regex_match,6,6,6,0,1.0,1.0,1.0,0.0,0.0,0.585,0.0,boolean,not_computed
BOOTSTRAP_V4_1_TO_V5_RULESET_CONDITIONED,RS_Y3_R036_C07,PG_BOOL_R036,PG_BOOL_R036_C07,Y3_encoded_boolean,regex_match,6,6,6,6,1.0,1.0,1.0,0.0,0.0,0.9350000000000002,0.0,none,not_computed
BOOTSTRAP_V4_1_TO_V5_RULESET_CONDITIONED,RS_Y3_R036_C08,PG_BOOL_R036,PG_BOOL_R036_C08,Y3_encoded_boolean,regex_match,6,6,6,6,1.0,1.0,1.0,0.0,0.0,0.9350000000000002,0.0,none,not_computed
BOOTSTRAP_V4_1_TO_V5_RULESET_CONDITIONED,RS_Y3_R036_C09,PG_BOOL_R036,PG_BOOL_R036_C09,Y3_encoded_boolean,regex_match,6,6,6,6,1.0,1.0,1.0,0.0,0.0,0.9350000000000002,0.0,none,not_computed
BOOTSTRAP_V4_1_TO_V5_RULESET_CONDITIONED,RS_Y3_R036_C10,PG_BOOL_R036,PG_BOOL_R036_C10,Y3_encoded_boolean,regex_match,6,6,6,0,1.0,1.0,1.0,0.0,0.0,0.585,0.0,boolean,not_computed
BOOTSTRAP_V4_1_TO_V5_RULESET_CONDITIONED,RS_Y3_R037_C01,PG_BOOL_R037,PG_BOOL_R037_C01,Y3_encoded_boolean,regex_match,6,6,6,0,1.0,1.0,1.0,0.0,0.0,0.585,0.0,boolean,not_computed
BOOTSTRAP_V4_1_TO_V5_RULESET_CONDITIONED,RS_Y3_R037_C02,PG_BOOL_R037,PG_BOOL_R037_C02,Y3_encoded_boolean,regex_match,6,6,6,0,1.0,1.0,1.0,0.0,0.0,0.585,0.0,boolean,not_computed
BOOTSTRAP_V4_1_TO_V5_RULESET_CONDITIONED,RS_Y3_R037_C03,PG_BOOL_R037,PG_BOOL_R037_C03,Y3_encoded_boolean,regex_match,6,6,6,6,1.0,1.0,1.0,0.0,0.0,0.9350000000000002,0.0,none,not_computed
BOOTSTRAP_V4_1_TO_V5_RULESET_CONDITIONED,RS_Y3_R037_C04,PG_BOOL_R037,PG_BOOL_R037_C04,Y3_encoded_boolean,regex_match,6,6,6,6,1.0,1.0,1.0,0.0,0.0,0.9350000000000002,0.0,none,not_computed
BOOTSTRAP_V4_1_TO_V5_RULESET_CONDITIONED,RS_Y3_R037_C05,PG_BOOL_R037,PG_BOOL_R037_C05,Y3_encoded_boolean,regex_match,6,6,6,6,1.0,1.0,1.0,0.0,0.0,0.9350000000000002,0.0,none,not_computed
BOOTSTRAP_V4_1_TO_V5_RULESET_CONDITIONED,RS_Y3_R037_C06,PG_BOOL_R037,PG_BOOL_R037_C06,Y3_encoded_boolean,regex_match,6,6,6,0,1.0,1.0,1.0,0.0,0.0,0.585,0.0,boolean,not_computed
BOOTSTRAP_V4_1_TO_V5_RULESET_CONDITIONED,RS_Y3_R037_C07,PG_BOOL_R037,PG_BOOL_R037_C07,Y3_encoded_boolean,regex_match,6,6,6,6,1.0,1.0,1.0,0.0,0.0,0.9350000000000002,0.0,none,not_computed
BOOTSTRAP_V4_1_TO_V5_RULESET_CONDITIONED,RS_Y3_R037_C08,PG_BOOL_R037,PG_BOOL_R037_C08,Y3_encoded_boolean,regex_match,6,6,6,6,1.0,1.0,1.0,0.0,0.0,0.9350000000000002,0.0,none,not_computed
BOOTSTRAP_V4_1_TO_V5_RULESET_CONDITIONED,RS_Y3_R037_C09,PG_BOOL_R037,PG_BOOL_R037_C09,Y3_encoded_boolean,regex_match,6,6,6,6,1.0,1.0,1.0,0.0,0.0,0.9350000000000002,0.0,none,not_computed
BOOTSTRAP_V4_1_TO_V5_RULESET_CONDITIONED,RS_Y3_R037_C10,PG_BOOL_R037,PG_BOOL_R037_C10,Y3_encoded_boolean,regex_match,6,6,6,0,1.0,1.0,1.0,0.0,0.0,0.585,0.0,boolean,not_computed
BOOTSTRAP_V4_1_TO_V5_RULESET_CONDITIONED,RS_Y3_R038_C01,PG_BOOL_R038,PG_BOOL_R038_C01,Y3_encoded_boolean,regex_match,6,6,6,0,1.0,1.0,1.0,0.0,0.0,0.585,0.0,boolean,not_computed
BOOTSTRAP_V4_1_TO_V5_RULESET_CONDITIONED,RS_Y3_R038_C02,PG_BOOL_R038,PG_BOOL_R038_C02,Y3_encoded_boolean,regex_match,6,6,6,0,1.0,1.0,1.0,0.0,0.0,0.585,0.0,boolean,not_computed
BOOTSTRAP_V4_1_TO_V5_RULESET_CONDITIONED,RS_Y3_R038_C03,PG_BOOL_R038,PG_BOOL_R038_C03,Y3_encoded_boolean,regex_match,6,6,6,6,1.0,1.0,1.0,0.0,0.0,0.9350000000000002,0.0,none,not_computed
BOOTSTRAP_V4_1_TO_V5_RULESET_CONDITIONED,RS_Y3_R038_C04,PG_BOOL_R038,PG_BOOL_R038_C04,Y3_encoded_boolean,regex_match,6,6,6,6,1.0,1.0,1.0,0.0,0.0,0.9350000000000002,0.0,none,not_computed
BOOTSTRAP_V4_1_TO_V5_RULESET_CONDITIONED,RS_Y3_R038_C05,PG_BOOL_R038,PG_BOOL_R038_C05,Y3_encoded_boolean,regex_match,6,6,6,6,1.0,1.0,1.0,0.0,0.0,0.9350000000000002,0.0,none,not_computed
BOOTSTRAP_V4_1_TO_V5_RULESET_CONDITIONED,RS_Y3_R038_C06,PG_BOOL_R038,PG_BOOL_R038_C06,Y3_encoded_boolean,regex_match,6,6,6,0,1.0,1.0,1.0,0.0,0.0,0.585,0.0,boolean,not_computed
BOOTSTRAP_V4_1_TO_V5_RULESET_CONDITIONED,RS_Y3_R038_C07,PG_BOOL_R038,PG_BOOL_R038_C07,Y3_encoded_boolean,regex_match,6,6,6,6,1.0,1.0,1.0,0.0,0.0,0.9350000000000002,0.0,none,not_computed
BOOTSTRAP_V4_1_TO_V5_RULESET_CONDITIONED,RS_Y3_R038_C08,PG_BOOL_R038,PG_BOOL_R038_C08,Y3_encoded_boolean,regex_match,6,6,6,6,1.0,1.0,1.0,0.0,0.0,0.9350000000000002,0.0,none,not_computed
BOOTSTRAP_V4_1_TO_V5_RULESET_CONDITIONED,RS_Y3_R038_C09,PG_BOOL_R038,PG_BOOL_R038_C09,Y3_encoded_boolean,regex_match,6,6,6,6,1.0,1.0,1.0,0.0,0.0,0.9350000000000002,0.0,none,not_computed
BOOTSTRAP_V4_1_TO_V5_RULESET_CONDITIONED,RS_Y3_R038_C10,PG_BOOL_R038,PG_BOOL_R038_C10,Y3_encoded_boolean,regex_match,6,6,6,0,1.0,1.0,1.0,0.0,0.0,0.585,0.0,boolean,not_computed
BOOTSTRAP_V4_1_TO_V5_RULESET_CONDITIONED,RS_Y3_R039_C01,PG_BOOL_R039,PG_BOOL_R039_C01,Y3_encoded_boolean,regex_match,6,6,6,0,1.0,0.0,1.0,0.0,0.0,0.35000000000000003,0.0,boolean+required_token,not_computed
BOOTSTRAP_V4_1_TO_V5_RULESET_CONDITIONED,RS_Y3_R039_C02,PG_BOOL_R039,PG_BOOL_R039_C02,Y3_encoded_boolean,regex_match,6,6,6,0,1.0,0.0,1.0,0.0,0.0,0.35000000000000003,0.0,boolean+required_token,not_computed
BOOTSTRAP_V4_1_TO_V5_RULESET_CONDITIONED,RS_Y3_R039_C03,PG_BOOL_R039,PG_BOOL_R039_C03,Y3_encoded_boolean,regex_match,6,6,6,6,1.0,1.0,1.0,0.0,0.0,0.9350000000000002,0.0,none,not_computed
BOOTSTRAP_V4_1_TO_V5_RULESET_CONDITIONED,RS_Y3_R039_C04,PG_BOOL_R039,PG_BOOL_R039_C04,Y3_encoded_boolean,regex_match,6,6,6,6,1.0,1.0,1.0,0.0,0.0,0.9350000000000002,0.0,none,not_computed
BOOTSTRAP_V4_1_TO_V5_RULESET_CONDITIONED,RS_Y3_R039_C05,PG_BOOL_R039,PG_BOOL_R039_C05,Y3_encoded_boolean,regex_match,6,6,6,6,1.0,1.0,1.0,0.0,0.0,0.9350000000000002,0.0,none,not_computed
BOOTSTRAP_V4_1_TO_V5_RULESET_CONDITIONED,RS_Y3_R039_C06,PG_BOOL_R039,PG_BOOL_R039_C06,Y3_encoded_boolean,regex_match,6,6,6,0,1.0,1.0,1.0,0.0,0.0,0.585,0.0,boolean,not_computed
BOOTSTRAP_V4_1_TO_V5_RULESET_CONDITIONED,RS_Y3_R039_C07,PG_BOOL_R039,PG_BOOL_R039_C07,Y3_encoded_boolean,regex_match,6,6,6,6,1.0,1.0,1.0,0.0,0.0,0.9350000000000002,0.0,none,not_computed
BOOTSTRAP_V4_1_TO_V5_RULESET_CONDITIONED,RS_Y3_R039_C08,PG_BOOL_R039,PG_BOOL_R039_C08,Y3_encoded_boolean,regex_match,6,6,6,6,1.0,1.0,1.0,0.0,0.0,0.9350000000000002,0.0,none,not_computed
BOOTSTRAP_V4_1_TO_V5_RULESET_CONDITIONED,RS_Y3_R039_C09,PG_BOOL_R039,PG_BOOL_R039_C09,Y3_encoded_boolean,regex_match,6,6,6,6,1.0,1.0,1.0,0.0,0.0,0.9350000000000002,0.0,none,not_computed
BOOTSTRAP_V4_1_TO_V5_RULESET_CONDITIONED,RS_Y3_R039_C10,PG_BOOL_R039,PG_BOOL_R039_C10,Y3_encoded_boolean,regex_match,6,6,6,0,1.0,1.0,1.0,0.0,0.0,0.5,0.0,boolean,not_computed
BOOTSTRAP_V4_1_TO_V5_RULESET_CONDITIONED,RS_Y3_R040_C01,PG_BOOL_R040,PG_BOOL_R040_C01,Y3_encoded_boolean,regex_match,6,6,6,6,1.0,1.0,1.0,0.0,0.0,0.9350000000000002,0.0,none,not_computed
BOOTSTRAP_V4_1_TO_V5_RULESET_CONDITIONED,RS_Y3_R040_C02,PG_BOOL_R040,PG_BOOL_R040_C02,Y3_encoded_boolean,regex_match,6,6,6,6,1.0,1.0,1.0,0.0,0.0,0.9350000000000002,0.0,none,not_computed
BOOTSTRAP_V4_1_TO_V5_RULESET_CONDITIONED,RS_Y3_R040_C03,PG_BOOL_R040,PG_BOOL_R040_C03,Y3_encoded_boolean,regex_match,6,6,6,6,1.0,1.0,1.0,0.0,0.0,0.9350000000000002,0.0,none,not_computed
BOOTSTRAP_V4_1_TO_V5_RULESET_CONDITIONED,RS_Y3_R040_C04,PG_BOOL_R040,PG_BOOL_R040_C04,Y3_encoded_boolean,regex_match,6,6,6,6,1.0,1.0,1.0,0.0,0.0,0.9350000000000002,0.0,none,not_computed
BOOTSTRAP_V4_1_TO_V5_RULESET_CONDITIONED,RS_Y3_R040_C05,PG_BOOL_R040,PG_BOOL_R040_C05,Y3_encoded_boolean,regex_match,6,6,6,6,1.0,1.0,1.0,0.0,0.0,0.9350000000000002,0.0,none,not_computed
BOOTSTRAP_V4_1_TO_V5_RULESET_CONDITIONED,RS_Y3_R040_C06,PG_BOOL_R040,PG_BOOL_R040_C06,Y3_encoded_boolean,regex_match,6,6,6,6,1.0,1.0,1.0,0.0,0.0,0.9350000000000002,0.0,none,not_computed
BOOTSTRAP_V4_1_TO_V5_RULESET_CONDITIONED,RS_Y3_R040_C07,PG_BOOL_R040,PG_BOOL_R040_C07,Y3_encoded_boolean,regex_match,6,6,6,6,1.0,1.0,1.0,0.0,0.0,0.9350000000000002,0.0,none,not_computed
BOOTSTRAP_V4_1_TO_V5_RULESET_CONDITIONED,RS_Y3_R040_C08,PG_BOOL_R040,PG_BOOL_R040_C08,Y3_encoded_boolean,regex_match,6,6,6,6,1.0,1.0,1.0,0.0,0.0,0.9350000000000002,0.0,none,not_computed
BOOTSTRAP_V4_1_TO_V5_RULESET_CONDITIONED,RS_Y3_R040_C09,PG_BOOL_R040,PG_BOOL_R040_C09,Y3_encoded_boolean,regex_match,6,6,6,6,1.0,1.0,1.0,0.0,0.0,0.9350000000000002,0.0,none,not_computed
BOOTSTRAP_V4_1_TO_V5_RULESET_CONDITIONED,RS_Y3_R040_C10,PG_BOOL_R040,PG_BOOL_R040_C10,Y3_encoded_boolean,regex_match,6,6,6,6,1.0,1.0,1.0,0.0,0.0,0.9350000000000002,0.0,none,not_computed
BOOTSTRAP_V4_1_TO_V5_RULESET_CONDITIONED,RS_Y3_R041_C01,PG_BOOL_R041,PG_BOOL_R041_C01,Y3_encoded_boolean,string_function,6,6,6,6,1.0,1.0,1.0,0.0,0.0,0.9350000000000002,0.0,none,not_computed
BOOTSTRAP_V4_1_TO_V5_RULESET_CONDITIONED,RS_Y3_R041_C02,PG_BOOL_R041,PG_BOOL_R041_C02,Y3_encoded_boolean,string_function,6,6,6,6,1.0,1.0,1.0,0.0,0.0,0.9350000000000002,0.0,none,not_computed
BOOTSTRAP_V4_1_TO_V5_RULESET_CONDITIONED,RS_Y3_R041_C03,PG_BOOL_R041,PG_BOOL_R041_C03,Y3_encoded_boolean,string_function,6,6,6,6,1.0,1.0,1.0,0.0,0.0,0.9350000000000002,0.0,none,not_computed
BOOTSTRAP_V4_1_TO_V5_RULESET_CONDITIONED,RS_Y3_R041_C04,PG_BOOL_R041,PG_BOOL_R041_C04,Y3_encoded_boolean,string_function,6,6,6,6,1.0,1.0,1.0,0.0,0.0,0.9350000000000002,0.0,none,not_computed
BOOTSTRAP_V4_1_TO_V5_RULESET_CONDITIONED,RS_Y3_R041_C05,PG_BOOL_R041,PG_BOOL_R041_C05,Y3_encoded_boolean,string_function,6,6,6,6,1.0,1.0,1.0,0.0,0.0,0.9350000000000002,0.0,none,not_computed
BOOTSTRAP_V4_1_TO_V5_RULESET_CONDITIONED,RS_Y3_R041_C06,PG_BOOL_R041,PG_BOOL_R041_C06,Y3_encoded_boolean,string_function,6,6,6,6,1.0,1.0,1.0,0.0,0.0,0.9350000000000002,0.0,none,not_computed
BOOTSTRAP_V4_1_TO_V5_RULESET_CONDITIONED,RS_Y3_R041_C07,PG_BOOL_R041,PG_BOOL_R041_C07,Y3_encoded_boolean,string_function,6,6,6,6,1.0,1.0,1.0,0.0,0.0,0.9350000000000002,0.0,none,not_computed
BOOTSTRAP_V4_1_TO_V5_RULESET_CONDITIONED,RS_Y3_R041_C08,PG_BOOL_R041,PG_BOOL_R041_C08,Y3_encoded_boolean,string_function,6,6,6,6,1.0,1.0,1.0,0.0,0.0,0.9350000000000002,0.0,none,not_computed
BOOTSTRAP_V4_1_TO_V5_RULESET_CONDITIONED,RS_Y3_R041_C09,PG_BOOL_R041,PG_BOOL_R041_C09,Y3_encoded_boolean,string_function,6,6,6,6,1.0,1.0,1.0,0.0,0.0,0.9350000000000002,0.0,none,not_computed
BOOTSTRAP_V4_1_TO_V5_RULESET_CONDITIONED,RS_Y3_R041_C10,PG_BOOL_R041,PG_BOOL_R041_C10,Y3_encoded_boolean,string_function,6,6,6,6,1.0,1.0,1.0,0.0,0.0,0.9350000000000002,0.0,none,not_computed
BOOTSTRAP_V4_1_TO_V5_RULESET_CONDITIONED,RS_Y3_R042_C01,PG_BOOL_R042,PG_BOOL_R042_C01,Y3_encoded_boolean,string_function,6,6,6,6,1.0,1.0,1.0,0.0,0.0,0.9350000000000002,0.0,none,not_computed
BOOTSTRAP_V4_1_TO_V5_RULESET_CONDITIONED,RS_Y3_R042_C02,PG_BOOL_R042,PG_BOOL_R042_C02,Y3_encoded_boolean,string_function,6,6,6,6,1.0,1.0,1.0,0.0,0.0,0.9350000000000002,0.0,none,not_computed
BOOTSTRAP_V4_1_TO_V5_RULESET_CONDITIONED,RS_Y3_R042_C03,PG_BOOL_R042,PG_BOOL_R042_C03,Y3_encoded_boolean,string_function,6,6,6,6,1.0,1.0,1.0,0.0,0.0,0.9350000000000002,0.0,none,not_computed
BOOTSTRAP_V4_1_TO_V5_RULESET_CONDITIONED,RS_Y3_R042_C04,PG_BOOL_R042,PG_BOOL_R042_C04,Y3_encoded_boolean,string_function,6,6,6,6,1.0,1.0,1.0,0.0,0.0,0.9350000000000002,0.0,none,not_computed
BOOTSTRAP_V4_1_TO_V5_RULESET_CONDITIONED,RS_Y3_R042_C05,PG_BOOL_R042,PG_BOOL_R042_C05,Y3_encoded_boolean,string_function,6,6,6,6,1.0,1.0,1.0,0.0,0.0,0.9350000000000002,0.0,none,not_computed
BOOTSTRAP_V4_1_TO_V5_RULESET_CONDITIONED,RS_Y3_R042_C06,PG_BOOL_R042,PG_BOOL_R042_C06,Y3_encoded_boolean,string_function,6,6,6,6,1.0,1.0,1.0,0.0,0.0,0.9350000000000002,0.0,none,not_computed
BOOTSTRAP_V4_1_TO_V5_RULESET_CONDITIONED,RS_Y3_R042_C07,PG_BOOL_R042,PG_BOOL_R042_C07,Y3_encoded_boolean,string_function,6,6,6,6,1.0,1.0,1.0,0.0,0.0,0.9350000000000002,0.0,none,not_computed
BOOTSTRAP_V4_1_TO_V5_RULESET_CONDITIONED,RS_Y3_R042_C08,PG_BOOL_R042,PG_BOOL_R042_C08,Y3_encoded_boolean,string_function,6,6,6,6,1.0,1.0,1.0,0.0,0.0,0.9350000000000002,0.0,none,not_computed
BOOTSTRAP_V4_1_TO_V5_RULESET_CONDITIONED,RS_Y3_R042_C09,PG_BOOL_R042,PG_BOOL_R042_C09,Y3_encoded_boolean,string_function,6,6,6,6,1.0,1.0,1.0,0.0,0.0,0.9350000000000002,0.0,none,not_computed
BOOTSTRAP_V4_1_TO_V5_RULESET_CONDITIONED,RS_Y3_R042_C10,PG_BOOL_R042,PG_BOOL_R042_C10,Y3_encoded_boolean,string_function,6,6,6,6,1.0,1.0,1.0,0.0,0.0,0.9350000000000002,0.0,none,not_computed
BOOTSTRAP_V4_1_TO_V5_RULESET_CONDITIONED,RS_Y3_R043_C01,PG_BOOL_R043,PG_BOOL_R043_C01,Y3_encoded_boolean,string_function,6,6,6,6,1.0,1.0,1.0,0.0,0.0,0.9350000000000002,0.0,none,not_computed
BOOTSTRAP_V4_1_TO_V5_RULESET_CONDITIONED,RS_Y3_R043_C02,PG_BOOL_R043,PG_BOOL_R043_C02,Y3_encoded_boolean,string_function,6,6,6,6,1.0,1.0,1.0,0.0,0.0,0.9350000000000002,0.0,none,not_computed
BOOTSTRAP_V4_1_TO_V5_RULESET_CONDITIONED,RS_Y3_R043_C03,PG_BOOL_R043,PG_BOOL_R043_C03,Y3_encoded_boolean,string_function,6,6,6,6,1.0,1.0,1.0,0.0,0.0,0.9350000000000002,0.0,none,not_computed
BOOTSTRAP_V4_1_TO_V5_RULESET_CONDITIONED,RS_Y3_R043_C04,PG_BOOL_R043,PG_BOOL_R043_C04,Y3_encoded_boolean,string_function,6,6,6,6,1.0,1.0,1.0,0.0,0.0,0.9350000000000002,0.0,none,not_computed
BOOTSTRAP_V4_1_TO_V5_RULESET_CONDITIONED,RS_Y3_R043_C05,PG_BOOL_R043,PG_BOOL_R043_C05,Y3_encoded_boolean,string_function,6,6,6,6,1.0,1.0,1.0,0.0,0.0,0.9350000000000002,0.0,none,not_computed
BOOTSTRAP_V4_1_TO_V5_RULESET_CONDITIONED,RS_Y3_R043_C06,PG_BOOL_R043,PG_BOOL_R043_C06,Y3_encoded_boolean,string_function,6,6,6,6,1.0,1.0,1.0,0.0,0.0,0.9350000000000002,0.0,none,not_computed
BOOTSTRAP_V4_1_TO_V5_RULESET_CONDITIONED,RS_Y3_R043_C07,PG_BOOL_R043,PG_BOOL_R043_C07,Y3_encoded_boolean,string_function,6,6,6,6,1.0,1.0,1.0,0.0,0.0,0.9350000000000002,0.0,none,not_computed
BOOTSTRAP_V4_1_TO_V5_RULESET_CONDITIONED,RS_Y3_R043_C08,PG_BOOL_R043,PG_BOOL_R043_C08,Y3_encoded_boolean,string_function,6,6,6,6,1.0,1.0,1.0,0.0,0.0,0.9350000000000002,0.0,none,not_computed
BOOTSTRAP_V4_1_TO_V5_RULESET_CONDITIONED,RS_Y3_R043_C09,PG_BOOL_R043,PG_BOOL_R043_C09,Y3_encoded_boolean,string_function,6,6,6,6,1.0,1.0,1.0,0.0,0.0,0.9350000000000002,0.0,none,not_computed
BOOTSTRAP_V4_1_TO_V5_RULESET_CONDITIONED,RS_Y3_R043_C10,PG_BOOL_R043,PG_BOOL_R043_C10,Y3_encoded_boolean,string_function,6,6,6,6,1.0,1.0,1.0,0.0,0.0,0.9350000000000002,0.0,none,not_computed
BOOTSTRAP_V4_1_TO_V5_RULESET_CONDITIONED,RS_Y3_R044_C01,PG_BOOL_R044,PG_BOOL_R044_C01,Y3_encoded_boolean,string_function,6,6,6,6,1.0,1.0,1.0,0.0,0.0,0.9350000000000002,0.0,none,not_computed
BOOTSTRAP_V4_1_TO_V5_RULESET_CONDITIONED,RS_Y3_R044_C02,PG_BOOL_R044,PG_BOOL_R044_C02,Y3_encoded_boolean,string_function,6,6,6,6,1.0,1.0,1.0,0.0,0.0,0.9350000000000002,0.0,none,not_computed
BOOTSTRAP_V4_1_TO_V5_RULESET_CONDITIONED,RS_Y3_R044_C03,PG_BOOL_R044,PG_BOOL_R044_C03,Y3_encoded_boolean,string_function,6,6,6,6,1.0,1.0,1.0,0.0,0.0,0.9350000000000002,0.0,none,not_computed
BOOTSTRAP_V4_1_TO_V5_RULESET_CONDITIONED,RS_Y3_R044_C04,PG_BOOL_R044,PG_BOOL_R044_C04,Y3_encoded_boolean,string_function,6,6,6,6,1.0,1.0,1.0,0.0,0.0,0.9350000000000002,0.0,none,not_computed
BOOTSTRAP_V4_1_TO_V5_RULESET_CONDITIONED,RS_Y3_R044_C05,PG_BOOL_R044,PG_BOOL_R044_C05,Y3_encoded_boolean,string_function,6,6,6,6,1.0,1.0,1.0,0.0,0.0,0.9350000000000002,0.0,none,not_computed
BOOTSTRAP_V4_1_TO_V5_RULESET_CONDITIONED,RS_Y3_R044_C06,PG_BOOL_R044,PG_BOOL_R044_C06,Y3_encoded_boolean,string_function,6,6,6,6,1.0,1.0,1.0,0.0,0.0,0.9350000000000002,0.0,none,not_computed
BOOTSTRAP_V4_1_TO_V5_RULESET_CONDITIONED,RS_Y3_R044_C07,PG_BOOL_R044,PG_BOOL_R044_C07,Y3_encoded_boolean,string_function,6,6,6,6,1.0,1.0,1.0,0.0,0.0,0.9350000000000002,0.0,none,not_computed
BOOTSTRAP_V4_1_TO_V5_RULESET_CONDITIONED,RS_Y3_R044_C08,PG_BOOL_R044,PG_BOOL_R044_C08,Y3_encoded_boolean,string_function,6,6,6,6,1.0,1.0,1.0,0.0,0.0,0.9350000000000002,0.0,none,not_computed
BOOTSTRAP_V4_1_TO_V5_RULESET_CONDITIONED,RS_Y3_R044_C09,PG_BOOL_R044,PG_BOOL_R044_C09,Y3_encoded_boolean,string_function,6,6,6,6,1.0,1.0,1.0,0.0,0.0,0.9350000000000002,0.0,none,not_computed
BOOTSTRAP_V4_1_TO_V5_RULESET_CONDITIONED,RS_Y3_R044_C10,PG_BOOL_R044,PG_BOOL_R044_C10,Y3_encoded_boolean,string_function,6,6,6,6,1.0,1.0,1.0,0.0,0.0,0.9350000000000002,0.0,none,not_computed
BOOTSTRAP_V4_1_TO_V5_RULESET_CONDITIONED,RS_Y3_R045_C01,PG_BOOL_R045,PG_BOOL_R045_C01,Y3_encoded_boolean,string_function,6,6,6,6,1.0,1.0,1.0,0.0,0.0,0.9350000000000002,0.0,none,not_computed
BOOTSTRAP_V4_1_TO_V5_RULESET_CONDITIONED,RS_Y3_R045_C02,PG_BOOL_R045,PG_BOOL_R045_C02,Y3_encoded_boolean,string_function,6,6,6,6,1.0,1.0,1.0,0.0,0.0,0.9350000000000002,0.0,none,not_computed
BOOTSTRAP_V4_1_TO_V5_RULESET_CONDITIONED,RS_Y3_R045_C03,PG_BOOL_R045,PG_BOOL_R045_C03,Y3_encoded_boolean,string_function,6,6,6,6,1.0,1.0,1.0,0.0,0.0,0.9350000000000002,0.0,none,not_computed
BOOTSTRAP_V4_1_TO_V5_RULESET_CONDITIONED,RS_Y3_R045_C04,PG_BOOL_R045,PG_BOOL_R045_C04,Y3_encoded_boolean,string_function,6,6,6,6,1.0,1.0,1.0,0.0,0.0,0.9350000000000002,0.0,none,not_computed
BOOTSTRAP_V4_1_TO_V5_RULESET_CONDITIONED,RS_Y3_R045_C05,PG_BOOL_R045,PG_BOOL_R045_C05,Y3_encoded_boolean,string_function,6,6,6,6,1.0,1.0,1.0,0.0,0.0,0.9350000000000002,0.0,none,not_computed
BOOTSTRAP_V4_1_TO_V5_RULESET_CONDITIONED,RS_Y3_R045_C06,PG_BOOL_R045,PG_BOOL_R045_C06,Y3_encoded_boolean,string_function,6,6,6,6,1.0,1.0,1.0,0.0,0.0,0.9350000000000002,0.0,none,not_computed
BOOTSTRAP_V4_1_TO_V5_RULESET_CONDITIONED,RS_Y3_R045_C07,PG_BOOL_R045,PG_BOOL_R045_C07,Y3_encoded_boolean,string_function,6,6,6,6,1.0,1.0,1.0,0.0,0.0,0.9350000000000002,0.0,none,not_computed
BOOTSTRAP_V4_1_TO_V5_RULESET_CONDITIONED,RS_Y3_R045_C08,PG_BOOL_R045,PG_BOOL_R045_C08,Y3_encoded_boolean,string_function,6,6,6,6,1.0,1.0,1.0,0.0,0.0,0.9350000000000002,0.0,none,not_computed
BOOTSTRAP_V4_1_TO_V5_RULESET_CONDITIONED,RS_Y3_R045_C09,PG_BOOL_R045,PG_BOOL_R045_C09,Y3_encoded_boolean,string_function,6,6,6,6,1.0,1.0,1.0,0.0,0.0,0.9350000000000002,0.0,none,not_computed
BOOTSTRAP_V4_1_TO_V5_RULESET_CONDITIONED,RS_Y3_R045_C10,PG_BOOL_R045,PG_BOOL_R045_C10,Y3_encoded_boolean,string_function,6,6,6,6,1.0,1.0,1.0,0.0,0.0,0.9350000000000002,0.0,none,not_computed
BOOTSTRAP_V4_1_TO_V5_RULESET_CONDITIONED,RS_Y3_R046_C01,PG_BOOL_R046,PG_BOOL_R046_C01,Y3_encoded_boolean,arithmetic_expression,6,6,6,6,1.0,1.0,1.0,0.0,0.0,0.9350000000000002,0.0,none,not_computed
BOOTSTRAP_V4_1_TO_V5_RULESET_CONDITIONED,RS_Y3_R046_C02,PG_BOOL_R046,PG_BOOL_R046_C02,Y3_encoded_boolean,arithmetic_expression,6,6,6,6,1.0,1.0,1.0,0.0,0.0,0.9350000000000002,0.0,none,not_computed
BOOTSTRAP_V4_1_TO_V5_RULESET_CONDITIONED,RS_Y3_R046_C03,PG_BOOL_R046,PG_BOOL_R046_C03,Y3_encoded_boolean,arithmetic_expression,6,6,6,6,1.0,1.0,1.0,0.0,0.0,0.9350000000000002,0.0,none,not_computed
BOOTSTRAP_V4_1_TO_V5_RULESET_CONDITIONED,RS_Y3_R046_C04,PG_BOOL_R046,PG_BOOL_R046_C04,Y3_encoded_boolean,arithmetic_expression,6,6,6,6,1.0,1.0,1.0,0.0,0.0,0.9350000000000002,0.0,none,not_computed
BOOTSTRAP_V4_1_TO_V5_RULESET_CONDITIONED,RS_Y3_R046_C05,PG_BOOL_R046,PG_BOOL_R046_C05,Y3_encoded_boolean,arithmetic_expression,6,6,6,6,1.0,1.0,1.0,0.0,0.0,0.9350000000000002,0.0,none,not_computed
BOOTSTRAP_V4_1_TO_V5_RULESET_CONDITIONED,RS_Y3_R046_C06,PG_BOOL_R046,PG_BOOL_R046_C06,Y3_encoded_boolean,arithmetic_expression,6,6,6,6,1.0,1.0,1.0,0.0,0.0,0.9350000000000002,0.0,none,not_computed
BOOTSTRAP_V4_1_TO_V5_RULESET_CONDITIONED,RS_Y3_R046_C07,PG_BOOL_R046,PG_BOOL_R046_C07,Y3_encoded_boolean,arithmetic_expression,6,6,6,6,1.0,1.0,1.0,0.0,0.0,0.9350000000000002,0.0,none,not_computed
BOOTSTRAP_V4_1_TO_V5_RULESET_CONDITIONED,RS_Y3_R046_C08,PG_BOOL_R046,PG_BOOL_R046_C08,Y3_encoded_boolean,arithmetic_expression,6,6,6,6,1.0,1.0,1.0,0.0,0.0,0.9350000000000002,0.0,none,not_computed
BOOTSTRAP_V4_1_TO_V5_RULESET_CONDITIONED,RS_Y3_R046_C09,PG_BOOL_R046,PG_BOOL_R046_C09,Y3_encoded_boolean,arithmetic_expression,6,6,6,6,1.0,1.0,1.0,0.0,0.0,0.9350000000000002,0.0,none,not_computed
BOOTSTRAP_V4_1_TO_V5_RULESET_CONDITIONED,RS_Y3_R046_C10,PG_BOOL_R046,PG_BOOL_R046_C10,Y3_encoded_boolean,arithmetic_expression,6,6,6,6,1.0,1.0,1.0,0.0,0.0,0.9350000000000002,0.0,none,not_computed
BOOTSTRAP_V4_1_TO_V5_RULESET_CONDITIONED,RS_Y3_R047_C01,PG_BOOL_R047,PG_BOOL_R047_C01,Y3_encoded_boolean,arithmetic_expression,6,6,6,6,1.0,1.0,1.0,0.0,0.0,0.9350000000000002,0.0,none,not_computed
BOOTSTRAP_V4_1_TO_V5_RULESET_CONDITIONED,RS_Y3_R047_C02,PG_BOOL_R047,PG_BOOL_R047_C02,Y3_encoded_boolean,arithmetic_expression,6,6,6,6,1.0,1.0,1.0,0.0,0.0,0.9350000000000002,0.0,none,not_computed
BOOTSTRAP_V4_1_TO_V5_RULESET_CONDITIONED,RS_Y3_R047_C03,PG_BOOL_R047,PG_BOOL_R047_C03,Y3_encoded_boolean,arithmetic_expression,6,6,6,6,1.0,1.0,1.0,0.0,0.0,0.9350000000000002,0.0,none,not_computed
BOOTSTRAP_V4_1_TO_V5_RULESET_CONDITIONED,RS_Y3_R047_C04,PG_BOOL_R047,PG_BOOL_R047_C04,Y3_encoded_boolean,arithmetic_expression,6,6,6,6,1.0,1.0,1.0,0.0,0.0,0.9350000000000002,0.0,none,not_computed
BOOTSTRAP_V4_1_TO_V5_RULESET_CONDITIONED,RS_Y3_R047_C05,PG_BOOL_R047,PG_BOOL_R047_C05,Y3_encoded_boolean,arithmetic_expression,6,6,6,6,1.0,1.0,1.0,0.0,0.0,0.9350000000000002,0.0,none,not_computed
BOOTSTRAP_V4_1_TO_V5_RULESET_CONDITIONED,RS_Y3_R047_C06,PG_BOOL_R047,PG_BOOL_R047_C06,Y3_encoded_boolean,arithmetic_expression,6,6,6,6,1.0,1.0,1.0,0.0,0.0,0.9350000000000002,0.0,none,not_computed
BOOTSTRAP_V4_1_TO_V5_RULESET_CONDITIONED,RS_Y3_R047_C07,PG_BOOL_R047,PG_BOOL_R047_C07,Y3_encoded_boolean,arithmetic_expression,6,6,6,6,1.0,1.0,1.0,0.0,0.0,0.9350000000000002,0.0,none,not_computed
BOOTSTRAP_V4_1_TO_V5_RULESET_CONDITIONED,RS_Y3_R047_C08,PG_BOOL_R047,PG_BOOL_R047_C08,Y3_encoded_boolean,arithmetic_expression,6,6,6,6,1.0,1.0,1.0,0.0,0.0,0.9350000000000002,0.0,none,not_computed
BOOTSTRAP_V4_1_TO_V5_RULESET_CONDITIONED,RS_Y3_R047_C09,PG_BOOL_R047,PG_BOOL_R047_C09,Y3_encoded_boolean,arithmetic_expression,6,6,6,6,1.0,1.0,1.0,0.0,0.0,0.9350000000000002,0.0,none,not_computed
BOOTSTRAP_V4_1_TO_V5_RULESET_CONDITIONED,RS_Y3_R047_C10,PG_BOOL_R047,PG_BOOL_R047_C10,Y3_encoded_boolean,arithmetic_expression,6,6,6,6,1.0,1.0,1.0,0.0,0.0,0.9350000000000002,0.0,none,not_computed
BOOTSTRAP_V4_1_TO_V5_RULESET_CONDITIONED,RS_Y3_R048_C01,PG_BOOL_R048,PG_BOOL_R048_C01,Y3_encoded_boolean,arithmetic_expression,6,6,6,6,1.0,1.0,1.0,0.0,0.0,0.9350000000000002,0.0,none,not_computed
BOOTSTRAP_V4_1_TO_V5_RULESET_CONDITIONED,RS_Y3_R048_C02,PG_BOOL_R048,PG_BOOL_R048_C02,Y3_encoded_boolean,arithmetic_expression,6,6,6,6,1.0,1.0,1.0,0.0,0.0,0.9350000000000002,0.0,none,not_computed
BOOTSTRAP_V4_1_TO_V5_RULESET_CONDITIONED,RS_Y3_R048_C03,PG_BOOL_R048,PG_BOOL_R048_C03,Y3_encoded_boolean,arithmetic_expression,6,6,6,6,1.0,1.0,1.0,0.0,0.0,0.9350000000000002,0.0,none,not_computed
BOOTSTRAP_V4_1_TO_V5_RULESET_CONDITIONED,RS_Y3_R048_C04,PG_BOOL_R048,PG_BOOL_R048_C04,Y3_encoded_boolean,arithmetic_expression,6,6,6,6,1.0,1.0,1.0,0.0,0.0,0.9350000000000002,0.0,none,not_computed
BOOTSTRAP_V4_1_TO_V5_RULESET_CONDITIONED,RS_Y3_R048_C05,PG_BOOL_R048,PG_BOOL_R048_C05,Y3_encoded_boolean,arithmetic_expression,6,6,6,6,1.0,1.0,1.0,0.0,0.0,0.9350000000000002,0.0,none,not_computed
BOOTSTRAP_V4_1_TO_V5_RULESET_CONDITIONED,RS_Y3_R048_C06,PG_BOOL_R048,PG_BOOL_R048_C06,Y3_encoded_boolean,arithmetic_expression,6,6,6,6,1.0,1.0,1.0,0.0,0.0,0.9350000000000002,0.0,none,not_computed
BOOTSTRAP_V4_1_TO_V5_RULESET_CONDITIONED,RS_Y3_R048_C07,PG_BOOL_R048,PG_BOOL_R048_C07,Y3_encoded_boolean,arithmetic_expression,6,6,6,6,1.0,1.0,1.0,0.0,0.0,0.9350000000000002,0.0,none,not_computed
BOOTSTRAP_V4_1_TO_V5_RULESET_CONDITIONED,RS_Y3_R048_C08,PG_BOOL_R048,PG_BOOL_R048_C08,Y3_encoded_boolean,arithmetic_expression,6,6,6,6,1.0,1.0,1.0,0.0,0.0,0.9350000000000002,0.0,none,not_computed
BOOTSTRAP_V4_1_TO_V5_RULESET_CONDITIONED,RS_Y3_R048_C09,PG_BOOL_R048,PG_BOOL_R048_C09,Y3_encoded_boolean,arithmetic_expression,6,6,6,6,1.0,1.0,1.0,0.0,0.0,0.9350000000000002,0.0,none,not_computed
BOOTSTRAP_V4_1_TO_V5_RULESET_CONDITIONED,RS_Y3_R048_C10,PG_BOOL_R048,PG_BOOL_R048_C10,Y3_encoded_boolean,arithmetic_expression,6,6,6,6,1.0,1.0,1.0,0.0,0.0,0.9350000000000002,0.0,none,not_computed
BOOTSTRAP_V4_1_TO_V5_RULESET_CONDITIONED,RS_Y3_R049_C01,PG_BOOL_R049,PG_BOOL_R049_C01,Y3_encoded_boolean,arithmetic_expression,6,6,6,6,1.0,1.0,1.0,0.0,0.0,0.9350000000000002,0.0,none,not_computed
BOOTSTRAP_V4_1_TO_V5_RULESET_CONDITIONED,RS_Y3_R049_C02,PG_BOOL_R049,PG_BOOL_R049_C02,Y3_encoded_boolean,arithmetic_expression,6,6,6,6,1.0,1.0,1.0,0.0,0.0,0.9350000000000002,0.0,none,not_computed
BOOTSTRAP_V4_1_TO_V5_RULESET_CONDITIONED,RS_Y3_R049_C03,PG_BOOL_R049,PG_BOOL_R049_C03,Y3_encoded_boolean,arithmetic_expression,6,6,6,6,1.0,1.0,1.0,0.0,0.0,0.9350000000000002,0.0,none,not_computed
BOOTSTRAP_V4_1_TO_V5_RULESET_CONDITIONED,RS_Y3_R049_C04,PG_BOOL_R049,PG_BOOL_R049_C04,Y3_encoded_boolean,arithmetic_expression,6,6,6,6,1.0,1.0,1.0,0.0,0.0,0.9350000000000002,0.0,none,not_computed
BOOTSTRAP_V4_1_TO_V5_RULESET_CONDITIONED,RS_Y3_R049_C05,PG_BOOL_R049,PG_BOOL_R049_C05,Y3_encoded_boolean,arithmetic_expression,6,6,6,6,1.0,1.0,1.0,0.0,0.0,0.9350000000000002,0.0,none,not_computed
BOOTSTRAP_V4_1_TO_V5_RULESET_CONDITIONED,RS_Y3_R049_C06,PG_BOOL_R049,PG_BOOL_R049_C06,Y3_encoded_boolean,arithmetic_expression,6,6,6,6,1.0,1.0,1.0,0.0,0.0,0.9350000000000002,0.0,none,not_computed
BOOTSTRAP_V4_1_TO_V5_RULESET_CONDITIONED,RS_Y3_R049_C07,PG_BOOL_R049,PG_BOOL_R049_C07,Y3_encoded_boolean,arithmetic_expression,6,6,6,6,1.0,1.0,1.0,0.0,0.0,0.9350000000000002,0.0,none,not_computed
BOOTSTRAP_V4_1_TO_V5_RULESET_CONDITIONED,RS_Y3_R049_C08,PG_BOOL_R049,PG_BOOL_R049_C08,Y3_encoded_boolean,arithmetic_expression,6,6,6,6,1.0,1.0,1.0,0.0,0.0,0.9350000000000002,0.0,none,not_computed
BOOTSTRAP_V4_1_TO_V5_RULESET_CONDITIONED,RS_Y3_R049_C09,PG_BOOL_R049,PG_BOOL_R049_C09,Y3_encoded_boolean,arithmetic_expression,6,6,6,6,1.0,1.0,1.0,0.0,0.0,0.9350000000000002,0.0,none,not_computed
BOOTSTRAP_V4_1_TO_V5_RULESET_CONDITIONED,RS_Y3_R049_C10,PG_BOOL_R049,PG_BOOL_R049_C10,Y3_encoded_boolean,arithmetic_expression,6,6,6,6,1.0,1.0,1.0,0.0,0.0,0.9350000000000002,0.0,none,not_computed
BOOTSTRAP_V4_1_TO_V5_RULESET_CONDITIONED,RS_Y3_R050_C01,PG_BOOL_R050,PG_BOOL_R050_C01,Y3_encoded_boolean,arithmetic_expression,6,6,6,6,1.0,1.0,1.0,0.0,0.0,0.9350000000000002,0.0,none,not_computed
BOOTSTRAP_V4_1_TO_V5_RULESET_CONDITIONED,RS_Y3_R050_C02,PG_BOOL_R050,PG_BOOL_R050_C02,Y3_encoded_boolean,arithmetic_expression,6,6,6,6,1.0,1.0,1.0,0.0,0.0,0.9350000000000002,0.0,none,not_computed
BOOTSTRAP_V4_1_TO_V5_RULESET_CONDITIONED,RS_Y3_R050_C03,PG_BOOL_R050,PG_BOOL_R050_C03,Y3_encoded_boolean,arithmetic_expression,6,6,6,6,1.0,1.0,1.0,0.0,0.0,0.9350000000000002,0.0,none,not_computed
BOOTSTRAP_V4_1_TO_V5_RULESET_CONDITIONED,RS_Y3_R050_C04,PG_BOOL_R050,PG_BOOL_R050_C04,Y3_encoded_boolean,arithmetic_expression,6,6,6,6,1.0,1.0,1.0,0.0,0.0,0.9350000000000002,0.0,none,not_computed
BOOTSTRAP_V4_1_TO_V5_RULESET_CONDITIONED,RS_Y3_R050_C05,PG_BOOL_R050,PG_BOOL_R050_C05,Y3_encoded_boolean,arithmetic_expression,6,6,6,6,1.0,1.0,1.0,0.0,0.0,0.9350000000000002,0.0,none,not_computed
BOOTSTRAP_V4_1_TO_V5_RULESET_CONDITIONED,RS_Y3_R050_C06,PG_BOOL_R050,PG_BOOL_R050_C06,Y3_encoded_boolean,arithmetic_expression,6,6,6,6,1.0,1.0,1.0,0.0,0.0,0.9350000000000002,0.0,none,not_computed
BOOTSTRAP_V4_1_TO_V5_RULESET_CONDITIONED,RS_Y3_R050_C07,PG_BOOL_R050,PG_BOOL_R050_C07,Y3_encoded_boolean,arithmetic_expression,6,6,6,6,1.0,1.0,1.0,0.0,0.0,0.9350000000000002,0.0,none,not_computed
BOOTSTRAP_V4_1_TO_V5_RULESET_CONDITIONED,RS_Y3_R050_C08,PG_BOOL_R050,PG_BOOL_R050_C08,Y3_encoded_boolean,arithmetic_expression,6,6,6,6,1.0,1.0,1.0,0.0,0.0,0.9350000000000002,0.0,none,not_computed
BOOTSTRAP_V4_1_TO_V5_RULESET_CONDITIONED,RS_Y3_R050_C09,PG_BOOL_R050,PG_BOOL_R050_C09,Y3_encoded_boolean,arithmetic_expression,6,6,6,6,1.0,1.0,1.0,0.0,0.0,0.9350000000000002,0.0,none,not_computed
BOOTSTRAP_V4_1_TO_V5_RULESET_CONDITIONED,RS_Y3_R050_C10,PG_BOOL_R050,PG_BOOL_R050_C10,Y3_encoded_boolean,arithmetic_expression,6,6,6,6,1.0,1.0,1.0,0.0,0.0,0.9350000000000002,0.0,none,not_computed
BOOTSTRAP_V4_1_TO_V5_RULESET_CONDITIONED,RS_Y3_R051_C01,PG_BOOL_R051,PG_BOOL_R051_C01,Y3_encoded_boolean,array_operator,6,6,6,6,1.0,1.0,1.0,0.0,0.0,0.9350000000000002,0.0,none,not_computed
BOOTSTRAP_V4_1_TO_V5_RULESET_CONDITIONED,RS_Y3_R051_C02,PG_BOOL_R051,PG_BOOL_R051_C02,Y3_encoded_boolean,array_operator,6,6,6,6,1.0,1.0,1.0,0.0,0.0,0.9350000000000002,0.0,none,not_computed
BOOTSTRAP_V4_1_TO_V5_RULESET_CONDITIONED,RS_Y3_R051_C03,PG_BOOL_R051,PG_BOOL_R051_C03,Y3_encoded_boolean,array_operator,6,6,6,6,1.0,1.0,1.0,0.0,0.0,0.9350000000000002,0.0,none,not_computed
BOOTSTRAP_V4_1_TO_V5_RULESET_CONDITIONED,RS_Y3_R051_C04,PG_BOOL_R051,PG_BOOL_R051_C04,Y3_encoded_boolean,array_operator,6,6,6,6,1.0,1.0,1.0,0.0,0.0,0.9350000000000002,0.0,none,not_computed
BOOTSTRAP_V4_1_TO_V5_RULESET_CONDITIONED,RS_Y3_R051_C05,PG_BOOL_R051,PG_BOOL_R051_C05,Y3_encoded_boolean,array_operator,6,6,6,6,1.0,1.0,1.0,0.0,0.0,0.9350000000000002,0.0,none,not_computed
BOOTSTRAP_V4_1_TO_V5_RULESET_CONDITIONED,RS_Y3_R051_C06,PG_BOOL_R051,PG_BOOL_R051_C06,Y3_encoded_boolean,array_operator,6,6,6,6,1.0,1.0,1.0,0.0,0.0,0.9350000000000002,0.0,none,not_computed
BOOTSTRAP_V4_1_TO_V5_RULESET_CONDITIONED,RS_Y3_R051_C07,PG_BOOL_R051,PG_BOOL_R051_C07,Y3_encoded_boolean,array_operator,6,6,6,6,1.0,1.0,1.0,0.0,0.0,0.9350000000000002,0.0,none,not_computed
BOOTSTRAP_V4_1_TO_V5_RULESET_CONDITIONED,RS_Y3_R051_C08,PG_BOOL_R051,PG_BOOL_R051_C08,Y3_encoded_boolean,array_operator,6,6,6,6,1.0,1.0,1.0,0.0,0.0,0.9350000000000002,0.0,none,not_computed
BOOTSTRAP_V4_1_TO_V5_RULESET_CONDITIONED,RS_Y3_R051_C09,PG_BOOL_R051,PG_BOOL_R051_C09,Y3_encoded_boolean,array_operator,6,6,6,6,1.0,1.0,1.0,0.0,0.0,0.9350000000000002,0.0,none,not_computed
BOOTSTRAP_V4_1_TO_V5_RULESET_CONDITIONED,RS_Y3_R051_C10,PG_BOOL_R051,PG_BOOL_R051_C10,Y3_encoded_boolean,array_operator,6,6,6,6,1.0,1.0,1.0,0.0,0.0,0.9350000000000002,0.0,none,not_computed
BOOTSTRAP_V4_1_TO_V5_RULESET_CONDITIONED,RS_Y3_R052_C01,PG_BOOL_R052,PG_BOOL_R052_C01,Y3_encoded_boolean,array_operator,6,6,6,6,1.0,1.0,1.0,0.0,0.0,0.9350000000000002,0.0,none,not_computed
BOOTSTRAP_V4_1_TO_V5_RULESET_CONDITIONED,RS_Y3_R052_C02,PG_BOOL_R052,PG_BOOL_R052_C02,Y3_encoded_boolean,array_operator,6,6,6,6,1.0,1.0,1.0,0.0,0.0,0.9350000000000002,0.0,none,not_computed
BOOTSTRAP_V4_1_TO_V5_RULESET_CONDITIONED,RS_Y3_R052_C03,PG_BOOL_R052,PG_BOOL_R052_C03,Y3_encoded_boolean,array_operator,6,6,6,6,1.0,1.0,1.0,0.0,0.0,0.9350000000000002,0.0,none,not_computed
BOOTSTRAP_V4_1_TO_V5_RULESET_CONDITIONED,RS_Y3_R052_C04,PG_BOOL_R052,PG_BOOL_R052_C04,Y3_encoded_boolean,array_operator,6,6,6,6,1.0,1.0,1.0,0.0,0.0,0.9350000000000002,0.0,none,not_computed
BOOTSTRAP_V4_1_TO_V5_RULESET_CONDITIONED,RS_Y3_R052_C05,PG_BOOL_R052,PG_BOOL_R052_C05,Y3_encoded_boolean,array_operator,6,6,6,6,1.0,1.0,1.0,0.0,0.0,0.9350000000000002,0.0,none,not_computed
BOOTSTRAP_V4_1_TO_V5_RULESET_CONDITIONED,RS_Y3_R052_C06,PG_BOOL_R052,PG_BOOL_R052_C06,Y3_encoded_boolean,array_operator,6,6,6,6,1.0,1.0,1.0,0.0,0.0,0.9350000000000002,0.0,none,not_computed
BOOTSTRAP_V4_1_TO_V5_RULESET_CONDITIONED,RS_Y3_R052_C07,PG_BOOL_R052,PG_BOOL_R052_C07,Y3_encoded_boolean,array_operator,6,6,6,6,1.0,1.0,1.0,0.0,0.0,0.9350000000000002,0.0,none,not_computed
BOOTSTRAP_V4_1_TO_V5_RULESET_CONDITIONED,RS_Y3_R052_C08,PG_BOOL_R052,PG_BOOL_R052_C08,Y3_encoded_boolean,array_operator,6,6,6,6,1.0,1.0,1.0,0.0,0.0,0.9350000000000002,0.0,none,not_computed
BOOTSTRAP_V4_1_TO_V5_RULESET_CONDITIONED,RS_Y3_R052_C09,PG_BOOL_R052,PG_BOOL_R052_C09,Y3_encoded_boolean,array_operator,6,6,6,6,1.0,1.0,1.0,0.0,0.0,0.9350000000000002,0.0,none,not_computed
BOOTSTRAP_V4_1_TO_V5_RULESET_CONDITIONED,RS_Y3_R052_C10,PG_BOOL_R052,PG_BOOL_R052_C10,Y3_encoded_boolean,array_operator,6,6,6,6,1.0,1.0,1.0,0.0,0.0,0.9350000000000002,0.0,none,not_computed
BOOTSTRAP_V4_1_TO_V5_RULESET_CONDITIONED,RS_Y3_R053_C01,PG_BOOL_R053,PG_BOOL_R053_C01,Y3_encoded_boolean,array_operator,6,6,6,0,1.0,1.0,1.0,0.0,0.0,0.585,0.0,boolean,not_computed
BOOTSTRAP_V4_1_TO_V5_RULESET_CONDITIONED,RS_Y3_R053_C02,PG_BOOL_R053,PG_BOOL_R053_C02,Y3_encoded_boolean,array_operator,6,6,6,0,1.0,1.0,1.0,0.0,0.0,0.585,0.0,boolean,not_computed
BOOTSTRAP_V4_1_TO_V5_RULESET_CONDITIONED,RS_Y3_R053_C03,PG_BOOL_R053,PG_BOOL_R053_C03,Y3_encoded_boolean,array_operator,6,6,6,6,1.0,1.0,1.0,0.0,0.0,0.9350000000000002,0.0,none,not_computed
BOOTSTRAP_V4_1_TO_V5_RULESET_CONDITIONED,RS_Y3_R053_C04,PG_BOOL_R053,PG_BOOL_R053_C04,Y3_encoded_boolean,array_operator,6,6,6,6,1.0,1.0,1.0,0.0,0.0,0.9350000000000002,0.0,none,not_computed
BOOTSTRAP_V4_1_TO_V5_RULESET_CONDITIONED,RS_Y3_R053_C05,PG_BOOL_R053,PG_BOOL_R053_C05,Y3_encoded_boolean,array_operator,6,6,6,6,1.0,1.0,1.0,0.0,0.0,0.9350000000000002,0.0,none,not_computed
BOOTSTRAP_V4_1_TO_V5_RULESET_CONDITIONED,RS_Y3_R053_C06,PG_BOOL_R053,PG_BOOL_R053_C06,Y3_encoded_boolean,array_operator,6,6,6,0,1.0,1.0,1.0,0.0,0.0,0.585,0.0,boolean,not_computed
BOOTSTRAP_V4_1_TO_V5_RULESET_CONDITIONED,RS_Y3_R053_C07,PG_BOOL_R053,PG_BOOL_R053_C07,Y3_encoded_boolean,array_operator,6,6,6,6,1.0,1.0,1.0,0.0,0.0,0.9350000000000002,0.0,none,not_computed
BOOTSTRAP_V4_1_TO_V5_RULESET_CONDITIONED,RS_Y3_R053_C08,PG_BOOL_R053,PG_BOOL_R053_C08,Y3_encoded_boolean,array_operator,6,6,6,6,1.0,1.0,1.0,0.0,0.0,0.9350000000000002,0.0,none,not_computed
BOOTSTRAP_V4_1_TO_V5_RULESET_CONDITIONED,RS_Y3_R053_C09,PG_BOOL_R053,PG_BOOL_R053_C09,Y3_encoded_boolean,array_operator,6,6,6,6,1.0,1.0,1.0,0.0,0.0,0.9350000000000002,0.0,none,not_computed
BOOTSTRAP_V4_1_TO_V5_RULESET_CONDITIONED,RS_Y3_R053_C10,PG_BOOL_R053,PG_BOOL_R053_C10,Y3_encoded_boolean,array_operator,6,6,6,0,1.0,1.0,1.0,0.0,0.0,0.585,0.0,boolean,not_computed
BOOTSTRAP_V4_1_TO_V5_RULESET_CONDITIONED,RS_Y3_R054_C01,PG_BOOL_R054,PG_BOOL_R054_C01,Y3_encoded_boolean,array_operator,6,6,6,6,1.0,1.0,1.0,0.0,0.0,0.9350000000000002,0.0,none,not_computed
BOOTSTRAP_V4_1_TO_V5_RULESET_CONDITIONED,RS_Y3_R054_C02,PG_BOOL_R054,PG_BOOL_R054_C02,Y3_encoded_boolean,array_operator,6,6,6,6,1.0,1.0,1.0,0.0,0.0,0.9350000000000002,0.0,none,not_computed
BOOTSTRAP_V4_1_TO_V5_RULESET_CONDITIONED,RS_Y3_R054_C03,PG_BOOL_R054,PG_BOOL_R054_C03,Y3_encoded_boolean,array_operator,6,6,6,6,1.0,1.0,1.0,0.0,0.0,0.9350000000000002,0.0,none,not_computed
BOOTSTRAP_V4_1_TO_V5_RULESET_CONDITIONED,RS_Y3_R054_C04,PG_BOOL_R054,PG_BOOL_R054_C04,Y3_encoded_boolean,array_operator,6,6,6,6,1.0,1.0,1.0,0.0,0.0,0.9350000000000002,0.0,none,not_computed
BOOTSTRAP_V4_1_TO_V5_RULESET_CONDITIONED,RS_Y3_R054_C05,PG_BOOL_R054,PG_BOOL_R054_C05,Y3_encoded_boolean,array_operator,6,6,6,6,1.0,1.0,1.0,0.0,0.0,0.9350000000000002,0.0,none,not_computed
BOOTSTRAP_V4_1_TO_V5_RULESET_CONDITIONED,RS_Y3_R054_C06,PG_BOOL_R054,PG_BOOL_R054_C06,Y3_encoded_boolean,array_operator,6,6,6,6,1.0,1.0,1.0,0.0,0.0,0.9350000000000002,0.0,none,not_computed
BOOTSTRAP_V4_1_TO_V5_RULESET_CONDITIONED,RS_Y3_R054_C07,PG_BOOL_R054,PG_BOOL_R054_C07,Y3_encoded_boolean,array_operator,6,6,6,6,1.0,1.0,1.0,0.0,0.0,0.9350000000000002,0.0,none,not_computed
BOOTSTRAP_V4_1_TO_V5_RULESET_CONDITIONED,RS_Y3_R054_C08,PG_BOOL_R054,PG_BOOL_R054_C08,Y3_encoded_boolean,array_operator,6,6,6,6,1.0,1.0,1.0,0.0,0.0,0.9350000000000002,0.0,none,not_computed
BOOTSTRAP_V4_1_TO_V5_RULESET_CONDITIONED,RS_Y3_R054_C09,PG_BOOL_R054,PG_BOOL_R054_C09,Y3_encoded_boolean,array_operator,6,6,6,6,1.0,1.0,1.0,0.0,0.0,0.9350000000000002,0.0,none,not_computed
BOOTSTRAP_V4_1_TO_V5_RULESET_CONDITIONED,RS_Y3_R054_C10,PG_BOOL_R054,PG_BOOL_R054_C10,Y3_encoded_boolean,array_operator,6,6,6,6,1.0,1.0,1.0,0.0,0.0,0.9350000000000002,0.0,none,not_computed
BOOTSTRAP_V4_1_TO_V5_RULESET_CONDITIONED,RS_Y3_R055_C01,PG_BOOL_R055,PG_BOOL_R055_C01,Y3_encoded_boolean,array_operator,6,6,6,6,1.0,1.0,1.0,0.0,0.0,0.9350000000000002,0.0,none,not_computed
BOOTSTRAP_V4_1_TO_V5_RULESET_CONDITIONED,RS_Y3_R055_C02,PG_BOOL_R055,PG_BOOL_R055_C02,Y3_encoded_boolean,array_operator,6,6,6,6,1.0,1.0,1.0,0.0,0.0,0.9350000000000002,0.0,none,not_computed
BOOTSTRAP_V4_1_TO_V5_RULESET_CONDITIONED,RS_Y3_R055_C03,PG_BOOL_R055,PG_BOOL_R055_C03,Y3_encoded_boolean,array_operator,6,6,6,6,1.0,1.0,1.0,0.0,0.0,0.9350000000000002,0.0,none,not_computed
BOOTSTRAP_V4_1_TO_V5_RULESET_CONDITIONED,RS_Y3_R055_C04,PG_BOOL_R055,PG_BOOL_R055_C04,Y3_encoded_boolean,array_operator,6,6,6,6,1.0,1.0,1.0,0.0,0.0,0.9350000000000002,0.0,none,not_computed
BOOTSTRAP_V4_1_TO_V5_RULESET_CONDITIONED,RS_Y3_R055_C05,PG_BOOL_R055,PG_BOOL_R055_C05,Y3_encoded_boolean,array_operator,6,6,6,6,1.0,1.0,1.0,0.0,0.0,0.9350000000000002,0.0,none,not_computed
BOOTSTRAP_V4_1_TO_V5_RULESET_CONDITIONED,RS_Y3_R055_C06,PG_BOOL_R055,PG_BOOL_R055_C06,Y3_encoded_boolean,array_operator,6,6,6,6,1.0,1.0,1.0,0.0,0.0,0.9350000000000002,0.0,none,not_computed
BOOTSTRAP_V4_1_TO_V5_RULESET_CONDITIONED,RS_Y3_R055_C07,PG_BOOL_R055,PG_BOOL_R055_C07,Y3_encoded_boolean,array_operator,6,6,6,6,1.0,1.0,1.0,0.0,0.0,0.9350000000000002,0.0,none,not_computed
BOOTSTRAP_V4_1_TO_V5_RULESET_CONDITIONED,RS_Y3_R055_C08,PG_BOOL_R055,PG_BOOL_R055_C08,Y3_encoded_boolean,array_operator,6,6,6,6,1.0,1.0,1.0,0.0,0.0,0.9350000000000002,0.0,none,not_computed
BOOTSTRAP_V4_1_TO_V5_RULESET_CONDITIONED,RS_Y3_R055_C09,PG_BOOL_R055,PG_BOOL_R055_C09,Y3_encoded_boolean,array_operator,6,6,6,6,1.0,1.0,1.0,0.0,0.0,0.9350000000000002,0.0,none,not_computed
BOOTSTRAP_V4_1_TO_V5_RULESET_CONDITIONED,RS_Y3_R055_C10,PG_BOOL_R055,PG_BOOL_R055_C10,Y3_encoded_boolean,array_operator,6,6,6,6,1.0,1.0,1.0,0.0,0.0,0.9350000000000002,0.0,none,not_computed
BOOTSTRAP_V4_1_TO_V5_RULESET_CONDITIONED,RS_Y3_R056_C01,PG_BOOL_R056,PG_BOOL_R056_C01,Y3_encoded_boolean,row_comparison,6,6,6,6,1.0,1.0,1.0,0.0,0.0,0.9350000000000002,0.0,none,not_computed
BOOTSTRAP_V4_1_TO_V5_RULESET_CONDITIONED,RS_Y3_R056_C02,PG_BOOL_R056,PG_BOOL_R056_C02,Y3_encoded_boolean,row_comparison,6,6,6,6,1.0,1.0,1.0,0.0,0.0,0.9350000000000002,0.0,none,not_computed
BOOTSTRAP_V4_1_TO_V5_RULESET_CONDITIONED,RS_Y3_R056_C03,PG_BOOL_R056,PG_BOOL_R056_C03,Y3_encoded_boolean,row_comparison,6,6,6,6,1.0,1.0,1.0,0.0,0.0,0.9350000000000002,0.0,none,not_computed
BOOTSTRAP_V4_1_TO_V5_RULESET_CONDITIONED,RS_Y3_R056_C04,PG_BOOL_R056,PG_BOOL_R056_C04,Y3_encoded_boolean,row_comparison,6,6,6,6,1.0,1.0,1.0,0.0,0.0,0.9350000000000002,0.0,none,not_computed
BOOTSTRAP_V4_1_TO_V5_RULESET_CONDITIONED,RS_Y3_R056_C05,PG_BOOL_R056,PG_BOOL_R056_C05,Y3_encoded_boolean,row_comparison,6,6,6,6,1.0,1.0,1.0,0.0,0.0,0.9350000000000002,0.0,none,not_computed
BOOTSTRAP_V4_1_TO_V5_RULESET_CONDITIONED,RS_Y3_R056_C06,PG_BOOL_R056,PG_BOOL_R056_C06,Y3_encoded_boolean,row_comparison,6,6,6,6,1.0,1.0,1.0,0.0,0.0,0.9350000000000002,0.0,none,not_computed
BOOTSTRAP_V4_1_TO_V5_RULESET_CONDITIONED,RS_Y3_R056_C07,PG_BOOL_R056,PG_BOOL_R056_C07,Y3_encoded_boolean,row_comparison,6,6,6,6,1.0,1.0,1.0,0.0,0.0,0.9350000000000002,0.0,none,not_computed
BOOTSTRAP_V4_1_TO_V5_RULESET_CONDITIONED,RS_Y3_R056_C08,PG_BOOL_R056,PG_BOOL_R056_C08,Y3_encoded_boolean,row_comparison,6,6,6,6,1.0,1.0,1.0,0.0,0.0,0.9350000000000002,0.0,none,not_computed
BOOTSTRAP_V4_1_TO_V5_RULESET_CONDITIONED,RS_Y3_R056_C09,PG_BOOL_R056,PG_BOOL_R056_C09,Y3_encoded_boolean,row_comparison,6,6,6,6,1.0,1.0,1.0,0.0,0.0,0.9350000000000002,0.0,none,not_computed
BOOTSTRAP_V4_1_TO_V5_RULESET_CONDITIONED,RS_Y3_R056_C10,PG_BOOL_R056,PG_BOOL_R056_C10,Y3_encoded_boolean,row_comparison,6,6,6,6,1.0,1.0,1.0,0.0,0.0,0.9350000000000002,0.0,none,not_computed
BOOTSTRAP_V4_1_TO_V5_RULESET_CONDITIONED,RS_Y3_R057_C01,PG_BOOL_R057,PG_BOOL_R057_C01,Y3_encoded_boolean,row_comparison,6,6,6,6,1.0,1.0,1.0,0.0,0.0,0.9350000000000002,0.0,none,not_computed
BOOTSTRAP_V4_1_TO_V5_RULESET_CONDITIONED,RS_Y3_R057_C02,PG_BOOL_R057,PG_BOOL_R057_C02,Y3_encoded_boolean,row_comparison,6,6,6,6,1.0,1.0,1.0,0.0,0.0,0.9350000000000002,0.0,none,not_computed
BOOTSTRAP_V4_1_TO_V5_RULESET_CONDITIONED,RS_Y3_R057_C03,PG_BOOL_R057,PG_BOOL_R057_C03,Y3_encoded_boolean,row_comparison,6,6,6,6,1.0,1.0,1.0,0.0,0.0,0.9350000000000002,0.0,none,not_computed
BOOTSTRAP_V4_1_TO_V5_RULESET_CONDITIONED,RS_Y3_R057_C04,PG_BOOL_R057,PG_BOOL_R057_C04,Y3_encoded_boolean,row_comparison,6,6,6,6,1.0,1.0,1.0,0.0,0.0,0.9350000000000002,0.0,none,not_computed
BOOTSTRAP_V4_1_TO_V5_RULESET_CONDITIONED,RS_Y3_R057_C05,PG_BOOL_R057,PG_BOOL_R057_C05,Y3_encoded_boolean,row_comparison,6,6,6,6,1.0,1.0,1.0,0.0,0.0,0.9350000000000002,0.0,none,not_computed
BOOTSTRAP_V4_1_TO_V5_RULESET_CONDITIONED,RS_Y3_R057_C06,PG_BOOL_R057,PG_BOOL_R057_C06,Y3_encoded_boolean,row_comparison,6,6,6,6,1.0,1.0,1.0,0.0,0.0,0.9350000000000002,0.0,none,not_computed
BOOTSTRAP_V4_1_TO_V5_RULESET_CONDITIONED,RS_Y3_R057_C07,PG_BOOL_R057,PG_BOOL_R057_C07,Y3_encoded_boolean,row_comparison,6,6,6,6,1.0,1.0,1.0,0.0,0.0,0.9350000000000002,0.0,none,not_computed
BOOTSTRAP_V4_1_TO_V5_RULESET_CONDITIONED,RS_Y3_R057_C08,PG_BOOL_R057,PG_BOOL_R057_C08,Y3_encoded_boolean,row_comparison,6,6,6,6,1.0,1.0,1.0,0.0,0.0,0.9350000000000002,0.0,none,not_computed
BOOTSTRAP_V4_1_TO_V5_RULESET_CONDITIONED,RS_Y3_R057_C09,PG_BOOL_R057,PG_BOOL_R057_C09,Y3_encoded_boolean,row_comparison,6,6,6,6,1.0,1.0,1.0,0.0,0.0,0.9350000000000002,0.0,none,not_computed
BOOTSTRAP_V4_1_TO_V5_RULESET_CONDITIONED,RS_Y3_R057_C10,PG_BOOL_R057,PG_BOOL_R057_C10,Y3_encoded_boolean,row_comparison,6,6,6,6,1.0,1.0,1.0,0.0,0.0,0.9350000000000002,0.0,none,not_computed
BOOTSTRAP_V4_1_TO_V5_RULESET_CONDITIONED,RS_Y3_R058_C01,PG_BOOL_R058,PG_BOOL_R058_C01,Y3_encoded_boolean,row_comparison,6,6,6,3,1.0,1.0,1.0,0.0,0.0,0.7600000000000001,0.0,boolean,not_computed
BOOTSTRAP_V4_1_TO_V5_RULESET_CONDITIONED,RS_Y3_R058_C02,PG_BOOL_R058,PG_BOOL_R058_C02,Y3_encoded_boolean,row_comparison,6,6,6,3,1.0,1.0,1.0,0.0,0.0,0.7600000000000001,0.0,boolean,not_computed
BOOTSTRAP_V4_1_TO_V5_RULESET_CONDITIONED,RS_Y3_R058_C03,PG_BOOL_R058,PG_BOOL_R058_C03,Y3_encoded_boolean,row_comparison,6,6,6,6,1.0,1.0,1.0,0.0,0.0,0.9350000000000002,0.0,none,not_computed
BOOTSTRAP_V4_1_TO_V5_RULESET_CONDITIONED,RS_Y3_R058_C04,PG_BOOL_R058,PG_BOOL_R058_C04,Y3_encoded_boolean,row_comparison,6,6,6,6,1.0,1.0,1.0,0.0,0.0,0.9350000000000002,0.0,none,not_computed
BOOTSTRAP_V4_1_TO_V5_RULESET_CONDITIONED,RS_Y3_R058_C05,PG_BOOL_R058,PG_BOOL_R058_C05,Y3_encoded_boolean,row_comparison,6,6,6,6,1.0,1.0,1.0,0.0,0.0,0.9350000000000002,0.0,none,not_computed
BOOTSTRAP_V4_1_TO_V5_RULESET_CONDITIONED,RS_Y3_R058_C06,PG_BOOL_R058,PG_BOOL_R058_C06,Y3_encoded_boolean,row_comparison,6,6,6,3,1.0,1.0,1.0,0.0,0.0,0.7600000000000001,0.0,boolean,not_computed
BOOTSTRAP_V4_1_TO_V5_RULESET_CONDITIONED,RS_Y3_R058_C07,PG_BOOL_R058,PG_BOOL_R058_C07,Y3_encoded_boolean,row_comparison,6,6,6,6,1.0,1.0,1.0,0.0,0.0,0.9350000000000002,0.0,none,not_computed
BOOTSTRAP_V4_1_TO_V5_RULESET_CONDITIONED,RS_Y3_R058_C08,PG_BOOL_R058,PG_BOOL_R058_C08,Y3_encoded_boolean,row_comparison,6,6,6,6,1.0,1.0,1.0,0.0,0.0,0.9350000000000002,0.0,none,not_computed
BOOTSTRAP_V4_1_TO_V5_RULESET_CONDITIONED,RS_Y3_R058_C09,PG_BOOL_R058,PG_BOOL_R058_C09,Y3_encoded_boolean,row_comparison,6,6,6,6,1.0,1.0,1.0,0.0,0.0,0.9350000000000002,0.0,none,not_computed
BOOTSTRAP_V4_1_TO_V5_RULESET_CONDITIONED,RS_Y3_R058_C10,PG_BOOL_R058,PG_BOOL_R058_C10,Y3_encoded_boolean,row_comparison,6,6,6,3,1.0,1.0,1.0,0.0,0.0,0.7600000000000001,0.0,boolean,not_computed
BOOTSTRAP_V4_1_TO_V5_RULESET_CONDITIONED,RS_Y3_R059_C01,PG_BOOL_R059,PG_BOOL_R059_C01,Y3_encoded_boolean,row_comparison,6,6,6,6,1.0,1.0,1.0,0.0,0.0,0.9350000000000002,0.0,none,not_computed
BOOTSTRAP_V4_1_TO_V5_RULESET_CONDITIONED,RS_Y3_R059_C02,PG_BOOL_R059,PG_BOOL_R059_C02,Y3_encoded_boolean,row_comparison,6,6,6,6,1.0,1.0,1.0,0.0,0.0,0.9350000000000002,0.0,none,not_computed
BOOTSTRAP_V4_1_TO_V5_RULESET_CONDITIONED,RS_Y3_R059_C03,PG_BOOL_R059,PG_BOOL_R059_C03,Y3_encoded_boolean,row_comparison,6,6,6,6,1.0,1.0,1.0,0.0,0.0,0.9350000000000002,0.0,none,not_computed
BOOTSTRAP_V4_1_TO_V5_RULESET_CONDITIONED,RS_Y3_R059_C04,PG_BOOL_R059,PG_BOOL_R059_C04,Y3_encoded_boolean,row_comparison,6,6,6,6,1.0,1.0,1.0,0.0,0.0,0.9350000000000002,0.0,none,not_computed
BOOTSTRAP_V4_1_TO_V5_RULESET_CONDITIONED,RS_Y3_R059_C05,PG_BOOL_R059,PG_BOOL_R059_C05,Y3_encoded_boolean,row_comparison,6,6,6,6,1.0,1.0,1.0,0.0,0.0,0.9350000000000002,0.0,none,not_computed
BOOTSTRAP_V4_1_TO_V5_RULESET_CONDITIONED,RS_Y3_R059_C06,PG_BOOL_R059,PG_BOOL_R059_C06,Y3_encoded_boolean,row_comparison,6,6,6,6,1.0,1.0,1.0,0.0,0.0,0.9350000000000002,0.0,none,not_computed
BOOTSTRAP_V4_1_TO_V5_RULESET_CONDITIONED,RS_Y3_R059_C07,PG_BOOL_R059,PG_BOOL_R059_C07,Y3_encoded_boolean,row_comparison,6,6,6,6,1.0,1.0,1.0,0.0,0.0,0.9350000000000002,0.0,none,not_computed
BOOTSTRAP_V4_1_TO_V5_RULESET_CONDITIONED,RS_Y3_R059_C08,PG_BOOL_R059,PG_BOOL_R059_C08,Y3_encoded_boolean,row_comparison,6,6,6,6,1.0,1.0,1.0,0.0,0.0,0.9350000000000002,0.0,none,not_computed
BOOTSTRAP_V4_1_TO_V5_RULESET_CONDITIONED,RS_Y3_R059_C09,PG_BOOL_R059,PG_BOOL_R059_C09,Y3_encoded_boolean,row_comparison,6,6,6,6,1.0,1.0,1.0,0.0,0.0,0.9350000000000002,0.0,none,not_computed
BOOTSTRAP_V4_1_TO_V5_RULESET_CONDITIONED,RS_Y3_R059_C10,PG_BOOL_R059,PG_BOOL_R059_C10,Y3_encoded_boolean,row_comparison,6,6,6,6,1.0,1.0,1.0,0.0,0.0,0.9350000000000002,0.0,none,not_computed
BOOTSTRAP_V4_1_TO_V5_RULESET_CONDITIONED,RS_Y3_R060_C01,PG_BOOL_R060,PG_BOOL_R060_C01,Y3_encoded_boolean,row_comparison,6,6,6,3,1.0,1.0,1.0,0.0,0.0,0.7600000000000001,0.0,boolean,not_computed
BOOTSTRAP_V4_1_TO_V5_RULESET_CONDITIONED,RS_Y3_R060_C02,PG_BOOL_R060,PG_BOOL_R060_C02,Y3_encoded_boolean,row_comparison,6,6,6,3,1.0,1.0,1.0,0.0,0.0,0.7600000000000001,0.0,boolean,not_computed
BOOTSTRAP_V4_1_TO_V5_RULESET_CONDITIONED,RS_Y3_R060_C03,PG_BOOL_R060,PG_BOOL_R060_C03,Y3_encoded_boolean,row_comparison,6,6,6,6,1.0,1.0,1.0,0.0,0.0,0.9350000000000002,0.0,none,not_computed
BOOTSTRAP_V4_1_TO_V5_RULESET_CONDITIONED,RS_Y3_R060_C04,PG_BOOL_R060,PG_BOOL_R060_C04,Y3_encoded_boolean,row_comparison,6,6,6,6,1.0,1.0,1.0,0.0,0.0,0.9350000000000002,0.0,none,not_computed
BOOTSTRAP_V4_1_TO_V5_RULESET_CONDITIONED,RS_Y3_R060_C05,PG_BOOL_R060,PG_BOOL_R060_C05,Y3_encoded_boolean,row_comparison,6,6,6,6,1.0,1.0,1.0,0.0,0.0,0.9350000000000002,0.0,none,not_computed
BOOTSTRAP_V4_1_TO_V5_RULESET_CONDITIONED,RS_Y3_R060_C06,PG_BOOL_R060,PG_BOOL_R060_C06,Y3_encoded_boolean,row_comparison,6,6,6,3,1.0,1.0,1.0,0.0,0.0,0.7600000000000001,0.0,boolean,not_computed
BOOTSTRAP_V4_1_TO_V5_RULESET_CONDITIONED,RS_Y3_R060_C07,PG_BOOL_R060,PG_BOOL_R060_C07,Y3_encoded_boolean,row_comparison,6,6,6,6,1.0,1.0,1.0,0.0,0.0,0.9350000000000002,0.0,none,not_computed
BOOTSTRAP_V4_1_TO_V5_RULESET_CONDITIONED,RS_Y3_R060_C08,PG_BOOL_R060,PG_BOOL_R060_C08,Y3_encoded_boolean,row_comparison,6,6,6,6,1.0,1.0,1.0,0.0,0.0,0.9350000000000002,0.0,none,not_computed
BOOTSTRAP_V4_1_TO_V5_RULESET_CONDITIONED,RS_Y3_R060_C09,PG_BOOL_R060,PG_BOOL_R060_C09,Y3_encoded_boolean,row_comparison,6,6,6,6,1.0,1.0,1.0,0.0,0.0,0.9350000000000002,0.0,none,not_computed
BOOTSTRAP_V4_1_TO_V5_RULESET_CONDITIONED,RS_Y3_R060_C10,PG_BOOL_R060,PG_BOOL_R060_C10,Y3_encoded_boolean,row_comparison,6,6,6,3,1.0,1.0,1.0,0.0,0.0,0.7600000000000001,0.0,boolean,not_computed
BOOTSTRAP_V4_1_TO_V5_RULESET_CONDITIONED,RS_Y3_R061_C01,PG_BOOL_R061,PG_BOOL_R061_C01,Y3_encoded_boolean,conditional_expression,6,6,6,6,1.0,1.0,1.0,0.0,0.0,0.9350000000000002,0.0,none,not_computed
BOOTSTRAP_V4_1_TO_V5_RULESET_CONDITIONED,RS_Y3_R061_C02,PG_BOOL_R061,PG_BOOL_R061_C02,Y3_encoded_boolean,conditional_expression,6,6,6,6,1.0,1.0,1.0,0.0,0.0,0.9350000000000002,0.0,none,not_computed
BOOTSTRAP_V4_1_TO_V5_RULESET_CONDITIONED,RS_Y3_R061_C03,PG_BOOL_R061,PG_BOOL_R061_C03,Y3_encoded_boolean,conditional_expression,6,6,6,6,1.0,1.0,1.0,0.0,0.0,0.9350000000000002,0.0,none,not_computed
BOOTSTRAP_V4_1_TO_V5_RULESET_CONDITIONED,RS_Y3_R061_C04,PG_BOOL_R061,PG_BOOL_R061_C04,Y3_encoded_boolean,conditional_expression,6,6,6,6,1.0,1.0,1.0,0.0,0.0,0.9350000000000002,0.0,none,not_computed
BOOTSTRAP_V4_1_TO_V5_RULESET_CONDITIONED,RS_Y3_R061_C05,PG_BOOL_R061,PG_BOOL_R061_C05,Y3_encoded_boolean,conditional_expression,6,6,6,6,1.0,1.0,1.0,0.0,0.0,0.9350000000000002,0.0,none,not_computed
BOOTSTRAP_V4_1_TO_V5_RULESET_CONDITIONED,RS_Y3_R061_C06,PG_BOOL_R061,PG_BOOL_R061_C06,Y3_encoded_boolean,conditional_expression,6,6,6,6,1.0,1.0,1.0,0.0,0.0,0.9350000000000002,0.0,none,not_computed
BOOTSTRAP_V4_1_TO_V5_RULESET_CONDITIONED,RS_Y3_R061_C07,PG_BOOL_R061,PG_BOOL_R061_C07,Y3_encoded_boolean,conditional_expression,6,6,6,6,1.0,1.0,1.0,0.0,0.0,0.9350000000000002,0.0,none,not_computed
BOOTSTRAP_V4_1_TO_V5_RULESET_CONDITIONED,RS_Y3_R061_C08,PG_BOOL_R061,PG_BOOL_R061_C08,Y3_encoded_boolean,conditional_expression,6,6,6,6,1.0,1.0,1.0,0.0,0.0,0.9350000000000002,0.0,none,not_computed
BOOTSTRAP_V4_1_TO_V5_RULESET_CONDITIONED,RS_Y3_R061_C09,PG_BOOL_R061,PG_BOOL_R061_C09,Y3_encoded_boolean,conditional_expression,6,6,6,6,1.0,1.0,1.0,0.0,0.0,0.9350000000000002,0.0,none,not_computed
BOOTSTRAP_V4_1_TO_V5_RULESET_CONDITIONED,RS_Y3_R061_C10,PG_BOOL_R061,PG_BOOL_R061_C10,Y3_encoded_boolean,conditional_expression,6,6,6,6,1.0,1.0,1.0,0.0,0.0,0.9350000000000002,0.0,none,not_computed
BOOTSTRAP_V4_1_TO_V5_RULESET_CONDITIONED,RS_Y3_R062_C01,PG_BOOL_R062,PG_BOOL_R062_C01,Y3_encoded_boolean,conditional_expression,6,6,6,6,1.0,1.0,1.0,0.0,0.0,0.9350000000000002,0.0,none,not_computed
BOOTSTRAP_V4_1_TO_V5_RULESET_CONDITIONED,RS_Y3_R062_C02,PG_BOOL_R062,PG_BOOL_R062_C02,Y3_encoded_boolean,conditional_expression,6,6,6,6,1.0,1.0,1.0,0.0,0.0,0.9350000000000002,0.0,none,not_computed
BOOTSTRAP_V4_1_TO_V5_RULESET_CONDITIONED,RS_Y3_R062_C03,PG_BOOL_R062,PG_BOOL_R062_C03,Y3_encoded_boolean,conditional_expression,6,6,6,6,1.0,1.0,1.0,0.0,0.0,0.9350000000000002,0.0,none,not_computed
BOOTSTRAP_V4_1_TO_V5_RULESET_CONDITIONED,RS_Y3_R062_C04,PG_BOOL_R062,PG_BOOL_R062_C04,Y3_encoded_boolean,conditional_expression,6,6,6,6,1.0,1.0,1.0,0.0,0.0,0.9350000000000002,0.0,none,not_computed
BOOTSTRAP_V4_1_TO_V5_RULESET_CONDITIONED,RS_Y3_R062_C05,PG_BOOL_R062,PG_BOOL_R062_C05,Y3_encoded_boolean,conditional_expression,6,6,6,6,1.0,1.0,1.0,0.0,0.0,0.9350000000000002,0.0,none,not_computed
BOOTSTRAP_V4_1_TO_V5_RULESET_CONDITIONED,RS_Y3_R062_C06,PG_BOOL_R062,PG_BOOL_R062_C06,Y3_encoded_boolean,conditional_expression,6,6,6,6,1.0,1.0,1.0,0.0,0.0,0.9350000000000002,0.0,none,not_computed
BOOTSTRAP_V4_1_TO_V5_RULESET_CONDITIONED,RS_Y3_R062_C07,PG_BOOL_R062,PG_BOOL_R062_C07,Y3_encoded_boolean,conditional_expression,6,6,6,6,1.0,1.0,1.0,0.0,0.0,0.9350000000000002,0.0,none,not_computed
BOOTSTRAP_V4_1_TO_V5_RULESET_CONDITIONED,RS_Y3_R062_C08,PG_BOOL_R062,PG_BOOL_R062_C08,Y3_encoded_boolean,conditional_expression,6,6,6,6,1.0,1.0,1.0,0.0,0.0,0.9350000000000002,0.0,none,not_computed
BOOTSTRAP_V4_1_TO_V5_RULESET_CONDITIONED,RS_Y3_R062_C09,PG_BOOL_R062,PG_BOOL_R062_C09,Y3_encoded_boolean,conditional_expression,6,6,6,6,1.0,1.0,1.0,0.0,0.0,0.9350000000000002,0.0,none,not_computed
BOOTSTRAP_V4_1_TO_V5_RULESET_CONDITIONED,RS_Y3_R062_C10,PG_BOOL_R062,PG_BOOL_R062_C10,Y3_encoded_boolean,conditional_expression,6,6,6,6,1.0,1.0,1.0,0.0,0.0,0.9350000000000002,0.0,none,not_computed
BOOTSTRAP_V4_1_TO_V5_RULESET_CONDITIONED,RS_Y3_R063_C01,PG_BOOL_R063,PG_BOOL_R063_C01,Y3_encoded_boolean,conditional_expression,6,6,6,6,1.0,1.0,1.0,0.0,0.0,0.9350000000000002,0.0,none,not_computed
BOOTSTRAP_V4_1_TO_V5_RULESET_CONDITIONED,RS_Y3_R063_C02,PG_BOOL_R063,PG_BOOL_R063_C02,Y3_encoded_boolean,conditional_expression,6,6,6,6,1.0,1.0,1.0,0.0,0.0,0.9350000000000002,0.0,none,not_computed
BOOTSTRAP_V4_1_TO_V5_RULESET_CONDITIONED,RS_Y3_R063_C03,PG_BOOL_R063,PG_BOOL_R063_C03,Y3_encoded_boolean,conditional_expression,6,6,6,6,1.0,1.0,1.0,0.0,0.0,0.9350000000000002,0.0,none,not_computed
BOOTSTRAP_V4_1_TO_V5_RULESET_CONDITIONED,RS_Y3_R063_C04,PG_BOOL_R063,PG_BOOL_R063_C04,Y3_encoded_boolean,conditional_expression,6,6,6,6,1.0,1.0,1.0,0.0,0.0,0.9350000000000002,0.0,none,not_computed
BOOTSTRAP_V4_1_TO_V5_RULESET_CONDITIONED,RS_Y3_R063_C05,PG_BOOL_R063,PG_BOOL_R063_C05,Y3_encoded_boolean,conditional_expression,6,6,6,6,1.0,1.0,1.0,0.0,0.0,0.9350000000000002,0.0,none,not_computed
BOOTSTRAP_V4_1_TO_V5_RULESET_CONDITIONED,RS_Y3_R063_C06,PG_BOOL_R063,PG_BOOL_R063_C06,Y3_encoded_boolean,conditional_expression,6,6,6,6,1.0,1.0,1.0,0.0,0.0,0.9350000000000002,0.0,none,not_computed
BOOTSTRAP_V4_1_TO_V5_RULESET_CONDITIONED,RS_Y3_R063_C07,PG_BOOL_R063,PG_BOOL_R063_C07,Y3_encoded_boolean,conditional_expression,6,6,6,6,1.0,1.0,1.0,0.0,0.0,0.9350000000000002,0.0,none,not_computed
BOOTSTRAP_V4_1_TO_V5_RULESET_CONDITIONED,RS_Y3_R063_C08,PG_BOOL_R063,PG_BOOL_R063_C08,Y3_encoded_boolean,conditional_expression,6,6,6,6,1.0,1.0,1.0,0.0,0.0,0.9350000000000002,0.0,none,not_computed
BOOTSTRAP_V4_1_TO_V5_RULESET_CONDITIONED,RS_Y3_R063_C09,PG_BOOL_R063,PG_BOOL_R063_C09,Y3_encoded_boolean,conditional_expression,6,6,6,6,1.0,1.0,1.0,0.0,0.0,0.9350000000000002,0.0,none,not_computed
BOOTSTRAP_V4_1_TO_V5_RULESET_CONDITIONED,RS_Y3_R063_C10,PG_BOOL_R063,PG_BOOL_R063_C10,Y3_encoded_boolean,conditional_expression,6,6,6,6,1.0,1.0,1.0,0.0,0.0,0.9350000000000002,0.0,none,not_computed
BOOTSTRAP_V4_1_TO_V5_RULESET_CONDITIONED,RS_Y3_R064_C01,PG_BOOL_R064,PG_BOOL_R064_C01,Y3_encoded_boolean,conditional_expression,6,6,6,6,1.0,1.0,1.0,0.0,0.0,0.9350000000000002,0.0,none,not_computed
BOOTSTRAP_V4_1_TO_V5_RULESET_CONDITIONED,RS_Y3_R064_C02,PG_BOOL_R064,PG_BOOL_R064_C02,Y3_encoded_boolean,conditional_expression,6,6,6,6,1.0,1.0,1.0,0.0,0.0,0.9350000000000002,0.0,none,not_computed
BOOTSTRAP_V4_1_TO_V5_RULESET_CONDITIONED,RS_Y3_R064_C03,PG_BOOL_R064,PG_BOOL_R064_C03,Y3_encoded_boolean,conditional_expression,6,6,6,6,1.0,1.0,1.0,0.0,0.0,0.9350000000000002,0.0,none,not_computed
BOOTSTRAP_V4_1_TO_V5_RULESET_CONDITIONED,RS_Y3_R064_C04,PG_BOOL_R064,PG_BOOL_R064_C04,Y3_encoded_boolean,conditional_expression,6,6,6,6,1.0,1.0,1.0,0.0,0.0,0.9350000000000002,0.0,none,not_computed
BOOTSTRAP_V4_1_TO_V5_RULESET_CONDITIONED,RS_Y3_R064_C05,PG_BOOL_R064,PG_BOOL_R064_C05,Y3_encoded_boolean,conditional_expression,6,6,6,6,1.0,1.0,1.0,0.0,0.0,0.9350000000000002,0.0,none,not_computed
BOOTSTRAP_V4_1_TO_V5_RULESET_CONDITIONED,RS_Y3_R064_C06,PG_BOOL_R064,PG_BOOL_R064_C06,Y3_encoded_boolean,conditional_expression,6,6,6,6,1.0,1.0,1.0,0.0,0.0,0.9350000000000002,0.0,none,not_computed
BOOTSTRAP_V4_1_TO_V5_RULESET_CONDITIONED,RS_Y3_R064_C07,PG_BOOL_R064,PG_BOOL_R064_C07,Y3_encoded_boolean,conditional_expression,6,6,6,6,1.0,1.0,1.0,0.0,0.0,0.9350000000000002,0.0,none,not_computed
BOOTSTRAP_V4_1_TO_V5_RULESET_CONDITIONED,RS_Y3_R064_C08,PG_BOOL_R064,PG_BOOL_R064_C08,Y3_encoded_boolean,conditional_expression,6,6,6,6,1.0,1.0,1.0,0.0,0.0,0.9350000000000002,0.0,none,not_computed
BOOTSTRAP_V4_1_TO_V5_RULESET_CONDITIONED,RS_Y3_R064_C09,PG_BOOL_R064,PG_BOOL_R064_C09,Y3_encoded_boolean,conditional_expression,6,6,6,6,1.0,1.0,1.0,0.0,0.0,0.9350000000000002,0.0,none,not_computed
BOOTSTRAP_V4_1_TO_V5_RULESET_CONDITIONED,RS_Y3_R064_C10,PG_BOOL_R064,PG_BOOL_R064_C10,Y3_encoded_boolean,conditional_expression,6,6,6,6,1.0,1.0,1.0,0.0,0.0,0.9350000000000002,0.0,none,not_computed
BOOTSTRAP_V4_1_TO_V5_RULESET_CONDITIONED,RS_Y3_R065_C01,PG_BOOL_R065,PG_BOOL_R065_C01,Y3_encoded_boolean,conditional_expression,6,6,6,6,1.0,1.0,1.0,0.0,0.0,0.9350000000000002,0.0,none,not_computed
BOOTSTRAP_V4_1_TO_V5_RULESET_CONDITIONED,RS_Y3_R065_C02,PG_BOOL_R065,PG_BOOL_R065_C02,Y3_encoded_boolean,conditional_expression,6,6,6,6,1.0,1.0,1.0,0.0,0.0,0.9350000000000002,0.0,none,not_computed
BOOTSTRAP_V4_1_TO_V5_RULESET_CONDITIONED,RS_Y3_R065_C03,PG_BOOL_R065,PG_BOOL_R065_C03,Y3_encoded_boolean,conditional_expression,6,6,6,6,1.0,1.0,1.0,0.0,0.0,0.9350000000000002,0.0,none,not_computed
BOOTSTRAP_V4_1_TO_V5_RULESET_CONDITIONED,RS_Y3_R065_C04,PG_BOOL_R065,PG_BOOL_R065_C04,Y3_encoded_boolean,conditional_expression,6,6,6,6,1.0,1.0,1.0,0.0,0.0,0.9350000000000002,0.0,none,not_computed
BOOTSTRAP_V4_1_TO_V5_RULESET_CONDITIONED,RS_Y3_R065_C05,PG_BOOL_R065,PG_BOOL_R065_C05,Y3_encoded_boolean,conditional_expression,6,6,6,6,1.0,1.0,1.0,0.0,0.0,0.9350000000000002,0.0,none,not_computed
BOOTSTRAP_V4_1_TO_V5_RULESET_CONDITIONED,RS_Y3_R065_C06,PG_BOOL_R065,PG_BOOL_R065_C06,Y3_encoded_boolean,conditional_expression,6,6,6,6,1.0,1.0,1.0,0.0,0.0,0.9350000000000002,0.0,none,not_computed
BOOTSTRAP_V4_1_TO_V5_RULESET_CONDITIONED,RS_Y3_R065_C07,PG_BOOL_R065,PG_BOOL_R065_C07,Y3_encoded_boolean,conditional_expression,6,6,6,6,1.0,1.0,1.0,0.0,0.0,0.9350000000000002,0.0,none,not_computed
BOOTSTRAP_V4_1_TO_V5_RULESET_CONDITIONED,RS_Y3_R065_C08,PG_BOOL_R065,PG_BOOL_R065_C08,Y3_encoded_boolean,conditional_expression,6,6,6,6,1.0,1.0,1.0,0.0,0.0,0.9350000000000002,0.0,none,not_computed
BOOTSTRAP_V4_1_TO_V5_RULESET_CONDITIONED,RS_Y3_R065_C09,PG_BOOL_R065,PG_BOOL_R065_C09,Y3_encoded_boolean,conditional_expression,6,6,6,6,1.0,1.0,1.0,0.0,0.0,0.9350000000000002,0.0,none,not_computed
BOOTSTRAP_V4_1_TO_V5_RULESET_CONDITIONED,RS_Y3_R065_C10,PG_BOOL_R065,PG_BOOL_R065_C10,Y3_encoded_boolean,conditional_expression,6,6,6,6,1.0,1.0,1.0,0.0,0.0,0.9350000000000002,0.0,none,not_computed
BOOTSTRAP_V4_1_TO_V5_RULESET_CONDITIONED,RS_Y3_R066_C01,PG_BOOL_R066,PG_BOOL_R066_C01,Y3_encoded_boolean,cast_expression,6,6,6,6,1.0,1.0,1.0,0.0,0.0,0.9350000000000002,0.0,none,not_computed
BOOTSTRAP_V4_1_TO_V5_RULESET_CONDITIONED,RS_Y3_R066_C02,PG_BOOL_R066,PG_BOOL_R066_C02,Y3_encoded_boolean,cast_expression,6,6,6,6,1.0,1.0,1.0,0.0,0.0,0.9350000000000002,0.0,none,not_computed
BOOTSTRAP_V4_1_TO_V5_RULESET_CONDITIONED,RS_Y3_R066_C03,PG_BOOL_R066,PG_BOOL_R066_C03,Y3_encoded_boolean,cast_expression,6,6,6,6,1.0,1.0,1.0,0.0,0.0,0.9350000000000002,0.0,none,not_computed
BOOTSTRAP_V4_1_TO_V5_RULESET_CONDITIONED,RS_Y3_R066_C04,PG_BOOL_R066,PG_BOOL_R066_C04,Y3_encoded_boolean,cast_expression,6,6,6,6,1.0,1.0,1.0,0.0,0.0,0.9350000000000002,0.0,none,not_computed
BOOTSTRAP_V4_1_TO_V5_RULESET_CONDITIONED,RS_Y3_R066_C05,PG_BOOL_R066,PG_BOOL_R066_C05,Y3_encoded_boolean,cast_expression,6,6,6,6,1.0,1.0,1.0,0.0,0.0,0.9350000000000002,0.0,none,not_computed
BOOTSTRAP_V4_1_TO_V5_RULESET_CONDITIONED,RS_Y3_R066_C06,PG_BOOL_R066,PG_BOOL_R066_C06,Y3_encoded_boolean,cast_expression,6,6,6,6,1.0,1.0,1.0,0.0,0.0,0.9350000000000002,0.0,none,not_computed
BOOTSTRAP_V4_1_TO_V5_RULESET_CONDITIONED,RS_Y3_R066_C07,PG_BOOL_R066,PG_BOOL_R066_C07,Y3_encoded_boolean,cast_expression,6,6,6,6,1.0,1.0,1.0,0.0,0.0,0.9350000000000002,0.0,none,not_computed
BOOTSTRAP_V4_1_TO_V5_RULESET_CONDITIONED,RS_Y3_R066_C08,PG_BOOL_R066,PG_BOOL_R066_C08,Y3_encoded_boolean,cast_expression,6,6,6,6,1.0,1.0,1.0,0.0,0.0,0.9350000000000002,0.0,none,not_computed
BOOTSTRAP_V4_1_TO_V5_RULESET_CONDITIONED,RS_Y3_R066_C09,PG_BOOL_R066,PG_BOOL_R066_C09,Y3_encoded_boolean,cast_expression,6,6,6,6,1.0,1.0,1.0,0.0,0.0,0.9350000000000002,0.0,none,not_computed
BOOTSTRAP_V4_1_TO_V5_RULESET_CONDITIONED,RS_Y3_R066_C10,PG_BOOL_R066,PG_BOOL_R066_C10,Y3_encoded_boolean,cast_expression,6,6,6,6,1.0,1.0,1.0,0.0,0.0,0.9350000000000002,0.0,none,not_computed
BOOTSTRAP_V4_1_TO_V5_RULESET_CONDITIONED,RS_Y3_R067_C01,PG_BOOL_R067,PG_BOOL_R067_C01,Y3_encoded_boolean,cast_expression,6,6,6,6,1.0,1.0,1.0,0.0,0.0,0.9350000000000002,0.0,none,not_computed
BOOTSTRAP_V4_1_TO_V5_RULESET_CONDITIONED,RS_Y3_R067_C02,PG_BOOL_R067,PG_BOOL_R067_C02,Y3_encoded_boolean,cast_expression,6,6,6,6,1.0,1.0,1.0,0.0,0.0,0.9350000000000002,0.0,none,not_computed
BOOTSTRAP_V4_1_TO_V5_RULESET_CONDITIONED,RS_Y3_R067_C03,PG_BOOL_R067,PG_BOOL_R067_C03,Y3_encoded_boolean,cast_expression,6,6,6,6,1.0,1.0,1.0,0.0,0.0,0.9350000000000002,0.0,none,not_computed
BOOTSTRAP_V4_1_TO_V5_RULESET_CONDITIONED,RS_Y3_R067_C04,PG_BOOL_R067,PG_BOOL_R067_C04,Y3_encoded_boolean,cast_expression,6,6,6,6,1.0,1.0,1.0,0.0,0.0,0.9350000000000002,0.0,none,not_computed
BOOTSTRAP_V4_1_TO_V5_RULESET_CONDITIONED,RS_Y3_R067_C05,PG_BOOL_R067,PG_BOOL_R067_C05,Y3_encoded_boolean,cast_expression,6,6,6,6,1.0,1.0,1.0,0.0,0.0,0.9350000000000002,0.0,none,not_computed
BOOTSTRAP_V4_1_TO_V5_RULESET_CONDITIONED,RS_Y3_R067_C06,PG_BOOL_R067,PG_BOOL_R067_C06,Y3_encoded_boolean,cast_expression,6,6,6,6,1.0,1.0,1.0,0.0,0.0,0.9350000000000002,0.0,none,not_computed
BOOTSTRAP_V4_1_TO_V5_RULESET_CONDITIONED,RS_Y3_R067_C07,PG_BOOL_R067,PG_BOOL_R067_C07,Y3_encoded_boolean,cast_expression,6,6,6,6,1.0,1.0,1.0,0.0,0.0,0.9350000000000002,0.0,none,not_computed
BOOTSTRAP_V4_1_TO_V5_RULESET_CONDITIONED,RS_Y3_R067_C08,PG_BOOL_R067,PG_BOOL_R067_C08,Y3_encoded_boolean,cast_expression,6,6,6,6,1.0,1.0,1.0,0.0,0.0,0.9350000000000002,0.0,none,not_computed
BOOTSTRAP_V4_1_TO_V5_RULESET_CONDITIONED,RS_Y3_R067_C09,PG_BOOL_R067,PG_BOOL_R067_C09,Y3_encoded_boolean,cast_expression,6,6,6,6,1.0,1.0,1.0,0.0,0.0,0.9350000000000002,0.0,none,not_computed
BOOTSTRAP_V4_1_TO_V5_RULESET_CONDITIONED,RS_Y3_R067_C10,PG_BOOL_R067,PG_BOOL_R067_C10,Y3_encoded_boolean,cast_expression,6,6,6,6,1.0,1.0,1.0,0.0,0.0,0.9350000000000002,0.0,none,not_computed
BOOTSTRAP_V4_1_TO_V5_RULESET_CONDITIONED,RS_Y3_R068_C01,PG_BOOL_R068,PG_BOOL_R068_C01,Y3_encoded_boolean,cast_expression,6,6,6,6,1.0,1.0,1.0,0.0,0.0,0.9350000000000002,0.0,none,not_computed
BOOTSTRAP_V4_1_TO_V5_RULESET_CONDITIONED,RS_Y3_R068_C02,PG_BOOL_R068,PG_BOOL_R068_C02,Y3_encoded_boolean,cast_expression,6,6,6,6,1.0,1.0,1.0,0.0,0.0,0.9350000000000002,0.0,none,not_computed
BOOTSTRAP_V4_1_TO_V5_RULESET_CONDITIONED,RS_Y3_R068_C03,PG_BOOL_R068,PG_BOOL_R068_C03,Y3_encoded_boolean,cast_expression,6,6,6,6,1.0,1.0,1.0,0.0,0.0,0.9350000000000002,0.0,none,not_computed
BOOTSTRAP_V4_1_TO_V5_RULESET_CONDITIONED,RS_Y3_R068_C04,PG_BOOL_R068,PG_BOOL_R068_C04,Y3_encoded_boolean,cast_expression,6,6,6,6,1.0,1.0,1.0,0.0,0.0,0.9350000000000002,0.0,none,not_computed
BOOTSTRAP_V4_1_TO_V5_RULESET_CONDITIONED,RS_Y3_R068_C05,PG_BOOL_R068,PG_BOOL_R068_C05,Y3_encoded_boolean,cast_expression,6,6,6,6,1.0,1.0,1.0,0.0,0.0,0.9350000000000002,0.0,none,not_computed
BOOTSTRAP_V4_1_TO_V5_RULESET_CONDITIONED,RS_Y3_R068_C06,PG_BOOL_R068,PG_BOOL_R068_C06,Y3_encoded_boolean,cast_expression,6,6,6,6,1.0,1.0,1.0,0.0,0.0,0.9350000000000002,0.0,none,not_computed
BOOTSTRAP_V4_1_TO_V5_RULESET_CONDITIONED,RS_Y3_R068_C07,PG_BOOL_R068,PG_BOOL_R068_C07,Y3_encoded_boolean,cast_expression,6,6,6,6,1.0,1.0,1.0,0.0,0.0,0.9350000000000002,0.0,none,not_computed
BOOTSTRAP_V4_1_TO_V5_RULESET_CONDITIONED,RS_Y3_R068_C08,PG_BOOL_R068,PG_BOOL_R068_C08,Y3_encoded_boolean,cast_expression,6,6,6,6,1.0,1.0,1.0,0.0,0.0,0.9350000000000002,0.0,none,not_computed
BOOTSTRAP_V4_1_TO_V5_RULESET_CONDITIONED,RS_Y3_R068_C09,PG_BOOL_R068,PG_BOOL_R068_C09,Y3_encoded_boolean,cast_expression,6,6,6,6,1.0,1.0,1.0,0.0,0.0,0.9350000000000002,0.0,none,not_computed
BOOTSTRAP_V4_1_TO_V5_RULESET_CONDITIONED,RS_Y3_R068_C10,PG_BOOL_R068,PG_BOOL_R068_C10,Y3_encoded_boolean,cast_expression,6,6,6,6,1.0,1.0,1.0,0.0,0.0,0.9350000000000002,0.0,none,not_computed
BOOTSTRAP_V4_1_TO_V5_RULESET_CONDITIONED,RS_Y3_R069_C01,PG_BOOL_R069,PG_BOOL_R069_C01,Y3_encoded_boolean,cast_expression,6,6,6,6,1.0,1.0,1.0,0.0,0.0,0.9350000000000002,0.0,none,not_computed
BOOTSTRAP_V4_1_TO_V5_RULESET_CONDITIONED,RS_Y3_R069_C02,PG_BOOL_R069,PG_BOOL_R069_C02,Y3_encoded_boolean,cast_expression,6,6,6,6,1.0,1.0,1.0,0.0,0.0,0.9350000000000002,0.0,none,not_computed
BOOTSTRAP_V4_1_TO_V5_RULESET_CONDITIONED,RS_Y3_R069_C03,PG_BOOL_R069,PG_BOOL_R069_C03,Y3_encoded_boolean,cast_expression,6,6,6,6,1.0,1.0,1.0,0.0,0.0,0.9350000000000002,0.0,none,not_computed
BOOTSTRAP_V4_1_TO_V5_RULESET_CONDITIONED,RS_Y3_R069_C04,PG_BOOL_R069,PG_BOOL_R069_C04,Y3_encoded_boolean,cast_expression,6,6,6,6,1.0,1.0,1.0,0.0,0.0,0.9350000000000002,0.0,none,not_computed
BOOTSTRAP_V4_1_TO_V5_RULESET_CONDITIONED,RS_Y3_R069_C05,PG_BOOL_R069,PG_BOOL_R069_C05,Y3_encoded_boolean,cast_expression,6,6,6,6,1.0,1.0,1.0,0.0,0.0,0.9350000000000002,0.0,none,not_computed
BOOTSTRAP_V4_1_TO_V5_RULESET_CONDITIONED,RS_Y3_R069_C06,PG_BOOL_R069,PG_BOOL_R069_C06,Y3_encoded_boolean,cast_expression,6,6,6,6,1.0,1.0,1.0,0.0,0.0,0.9350000000000002,0.0,none,not_computed
BOOTSTRAP_V4_1_TO_V5_RULESET_CONDITIONED,RS_Y3_R069_C07,PG_BOOL_R069,PG_BOOL_R069_C07,Y3_encoded_boolean,cast_expression,6,6,6,6,1.0,1.0,1.0,0.0,0.0,0.9350000000000002,0.0,none,not_computed
BOOTSTRAP_V4_1_TO_V5_RULESET_CONDITIONED,RS_Y3_R069_C08,PG_BOOL_R069,PG_BOOL_R069_C08,Y3_encoded_boolean,cast_expression,6,6,6,6,1.0,1.0,1.0,0.0,0.0,0.9350000000000002,0.0,none,not_computed
BOOTSTRAP_V4_1_TO_V5_RULESET_CONDITIONED,RS_Y3_R069_C09,PG_BOOL_R069,PG_BOOL_R069_C09,Y3_encoded_boolean,cast_expression,6,6,6,6,1.0,1.0,1.0,0.0,0.0,0.9350000000000002,0.0,none,not_computed
BOOTSTRAP_V4_1_TO_V5_RULESET_CONDITIONED,RS_Y3_R069_C10,PG_BOOL_R069,PG_BOOL_R069_C10,Y3_encoded_boolean,cast_expression,6,6,6,6,1.0,1.0,1.0,0.0,0.0,0.9350000000000002,0.0,none,not_computed
BOOTSTRAP_V4_1_TO_V5_RULESET_CONDITIONED,RS_Y3_R070_C01,PG_BOOL_R070,PG_BOOL_R070_C01,Y3_encoded_boolean,cast_expression,6,6,6,6,1.0,1.0,1.0,0.0,0.0,0.9350000000000002,0.0,none,not_computed
BOOTSTRAP_V4_1_TO_V5_RULESET_CONDITIONED,RS_Y3_R070_C02,PG_BOOL_R070,PG_BOOL_R070_C02,Y3_encoded_boolean,cast_expression,6,6,6,6,1.0,1.0,1.0,0.0,0.0,0.9350000000000002,0.0,none,not_computed
BOOTSTRAP_V4_1_TO_V5_RULESET_CONDITIONED,RS_Y3_R070_C03,PG_BOOL_R070,PG_BOOL_R070_C03,Y3_encoded_boolean,cast_expression,6,6,6,6,1.0,1.0,1.0,0.0,0.0,0.9350000000000002,0.0,none,not_computed
BOOTSTRAP_V4_1_TO_V5_RULESET_CONDITIONED,RS_Y3_R070_C04,PG_BOOL_R070,PG_BOOL_R070_C04,Y3_encoded_boolean,cast_expression,6,6,6,6,1.0,1.0,1.0,0.0,0.0,0.9350000000000002,0.0,none,not_computed
BOOTSTRAP_V4_1_TO_V5_RULESET_CONDITIONED,RS_Y3_R070_C05,PG_BOOL_R070,PG_BOOL_R070_C05,Y3_encoded_boolean,cast_expression,6,6,6,6,1.0,1.0,1.0,0.0,0.0,0.9350000000000002,0.0,none,not_computed
BOOTSTRAP_V4_1_TO_V5_RULESET_CONDITIONED,RS_Y3_R070_C06,PG_BOOL_R070,PG_BOOL_R070_C06,Y3_encoded_boolean,cast_expression,6,6,6,6,1.0,1.0,1.0,0.0,0.0,0.9350000000000002,0.0,none,not_computed
BOOTSTRAP_V4_1_TO_V5_RULESET_CONDITIONED,RS_Y3_R070_C07,PG_BOOL_R070,PG_BOOL_R070_C07,Y3_encoded_boolean,cast_expression,6,6,6,6,1.0,1.0,1.0,0.0,0.0,0.9350000000000002,0.0,none,not_computed
BOOTSTRAP_V4_1_TO_V5_RULESET_CONDITIONED,RS_Y3_R070_C08,PG_BOOL_R070,PG_BOOL_R070_C08,Y3_encoded_boolean,cast_expression,6,6,6,6,1.0,1.0,1.0,0.0,0.0,0.9350000000000002,0.0,none,not_computed
BOOTSTRAP_V4_1_TO_V5_RULESET_CONDITIONED,RS_Y3_R070_C09,PG_BOOL_R070,PG_BOOL_R070_C09,Y3_encoded_boolean,cast_expression,6,6,6,6,1.0,1.0,1.0,0.0,0.0,0.9350000000000002,0.0,none,not_computed
BOOTSTRAP_V4_1_TO_V5_RULESET_CONDITIONED,RS_Y3_R070_C10,PG_BOOL_R070,PG_BOOL_R070_C10,Y3_encoded_boolean,cast_expression,6,6,6,6,1.0,1.0,1.0,0.0,0.0,0.9350000000000002,0.0,none,not_computed
BOOTSTRAP_V4_1_TO_V5_RULESET_CONDITIONED,RS_Y3_R071_C01,PG_BOOL_R071,PG_BOOL_R071_C01,Y3_encoded_boolean,jsonb_predicate,6,6,6,0,1.0,0.0,1.0,0.0,0.0,0.35000000000000003,0.0,boolean+required_token,not_computed
BOOTSTRAP_V4_1_TO_V5_RULESET_CONDITIONED,RS_Y3_R071_C02,PG_BOOL_R071,PG_BOOL_R071_C02,Y3_encoded_boolean,jsonb_predicate,6,6,6,0,1.0,0.0,1.0,0.0,0.0,0.35000000000000003,0.0,boolean+required_token,not_computed
BOOTSTRAP_V4_1_TO_V5_RULESET_CONDITIONED,RS_Y3_R071_C03,PG_BOOL_R071,PG_BOOL_R071_C03,Y3_encoded_boolean,jsonb_predicate,6,6,6,6,1.0,1.0,1.0,0.0,0.0,0.9350000000000002,0.0,none,not_computed
BOOTSTRAP_V4_1_TO_V5_RULESET_CONDITIONED,RS_Y3_R071_C04,PG_BOOL_R071,PG_BOOL_R071_C04,Y3_encoded_boolean,jsonb_predicate,6,6,6,6,1.0,1.0,1.0,0.0,0.0,0.9350000000000002,0.0,none,not_computed
BOOTSTRAP_V4_1_TO_V5_RULESET_CONDITIONED,RS_Y3_R071_C05,PG_BOOL_R071,PG_BOOL_R071_C05,Y3_encoded_boolean,jsonb_predicate,6,6,6,6,1.0,1.0,1.0,0.0,0.0,0.9350000000000002,0.0,none,not_computed
BOOTSTRAP_V4_1_TO_V5_RULESET_CONDITIONED,RS_Y3_R071_C06,PG_BOOL_R071,PG_BOOL_R071_C06,Y3_encoded_boolean,jsonb_predicate,6,6,6,0,1.0,1.0,1.0,0.0,0.0,0.585,0.0,boolean,not_computed
BOOTSTRAP_V4_1_TO_V5_RULESET_CONDITIONED,RS_Y3_R071_C07,PG_BOOL_R071,PG_BOOL_R071_C07,Y3_encoded_boolean,jsonb_predicate,6,6,6,6,1.0,1.0,1.0,0.0,0.0,0.9350000000000002,0.0,none,not_computed
BOOTSTRAP_V4_1_TO_V5_RULESET_CONDITIONED,RS_Y3_R071_C08,PG_BOOL_R071,PG_BOOL_R071_C08,Y3_encoded_boolean,jsonb_predicate,6,6,6,6,1.0,1.0,1.0,0.0,0.0,0.9350000000000002,0.0,none,not_computed
BOOTSTRAP_V4_1_TO_V5_RULESET_CONDITIONED,RS_Y3_R071_C09,PG_BOOL_R071,PG_BOOL_R071_C09,Y3_encoded_boolean,jsonb_predicate,6,6,6,6,1.0,1.0,1.0,0.0,0.0,0.9350000000000002,0.0,none,not_computed
BOOTSTRAP_V4_1_TO_V5_RULESET_CONDITIONED,RS_Y3_R071_C10,PG_BOOL_R071,PG_BOOL_R071_C10,Y3_encoded_boolean,jsonb_predicate,6,6,6,0,1.0,1.0,1.0,0.0,0.0,0.5,0.0,boolean,not_computed
BOOTSTRAP_V4_1_TO_V5_RULESET_CONDITIONED,RS_Y3_R072_C01,PG_BOOL_R072,PG_BOOL_R072_C01,Y3_encoded_boolean,jsonb_predicate,6,6,6,6,1.0,1.0,1.0,0.0,0.0,0.9350000000000002,0.0,none,not_computed
BOOTSTRAP_V4_1_TO_V5_RULESET_CONDITIONED,RS_Y3_R072_C02,PG_BOOL_R072,PG_BOOL_R072_C02,Y3_encoded_boolean,jsonb_predicate,6,6,6,6,1.0,1.0,1.0,0.0,0.0,0.9350000000000002,0.0,none,not_computed
BOOTSTRAP_V4_1_TO_V5_RULESET_CONDITIONED,RS_Y3_R072_C03,PG_BOOL_R072,PG_BOOL_R072_C03,Y3_encoded_boolean,jsonb_predicate,6,6,6,6,1.0,1.0,1.0,0.0,0.0,0.9350000000000002,0.0,none,not_computed
BOOTSTRAP_V4_1_TO_V5_RULESET_CONDITIONED,RS_Y3_R072_C04,PG_BOOL_R072,PG_BOOL_R072_C04,Y3_encoded_boolean,jsonb_predicate,6,6,6,6,1.0,1.0,1.0,0.0,0.0,0.9350000000000002,0.0,none,not_computed
BOOTSTRAP_V4_1_TO_V5_RULESET_CONDITIONED,RS_Y3_R072_C05,PG_BOOL_R072,PG_BOOL_R072_C05,Y3_encoded_boolean,jsonb_predicate,6,6,6,6,1.0,1.0,1.0,0.0,0.0,0.9350000000000002,0.0,none,not_computed
BOOTSTRAP_V4_1_TO_V5_RULESET_CONDITIONED,RS_Y3_R072_C06,PG_BOOL_R072,PG_BOOL_R072_C06,Y3_encoded_boolean,jsonb_predicate,6,6,6,6,1.0,1.0,1.0,0.0,0.0,0.9350000000000002,0.0,none,not_computed
BOOTSTRAP_V4_1_TO_V5_RULESET_CONDITIONED,RS_Y3_R072_C07,PG_BOOL_R072,PG_BOOL_R072_C07,Y3_encoded_boolean,jsonb_predicate,6,6,6,6,1.0,1.0,1.0,0.0,0.0,0.9350000000000002,0.0,none,not_computed
BOOTSTRAP_V4_1_TO_V5_RULESET_CONDITIONED,RS_Y3_R072_C08,PG_BOOL_R072,PG_BOOL_R072_C08,Y3_encoded_boolean,jsonb_predicate,6,6,6,6,1.0,1.0,1.0,0.0,0.0,0.9350000000000002,0.0,none,not_computed
BOOTSTRAP_V4_1_TO_V5_RULESET_CONDITIONED,RS_Y3_R072_C09,PG_BOOL_R072,PG_BOOL_R072_C09,Y3_encoded_boolean,jsonb_predicate,6,6,6,6,1.0,1.0,1.0,0.0,0.0,0.9350000000000002,0.0,none,not_computed
BOOTSTRAP_V4_1_TO_V5_RULESET_CONDITIONED,RS_Y3_R072_C10,PG_BOOL_R072,PG_BOOL_R072_C10,Y3_encoded_boolean,jsonb_predicate,6,6,6,6,1.0,1.0,1.0,0.0,0.0,0.9350000000000002,0.0,none,not_computed
BOOTSTRAP_V4_1_TO_V5_RULESET_CONDITIONED,RS_Y3_R073_C01,PG_BOOL_R073,PG_BOOL_R073_C01,Y3_encoded_boolean,jsonb_predicate,6,6,6,6,1.0,1.0,1.0,0.0,0.0,0.9350000000000002,0.0,none,not_computed
BOOTSTRAP_V4_1_TO_V5_RULESET_CONDITIONED,RS_Y3_R073_C02,PG_BOOL_R073,PG_BOOL_R073_C02,Y3_encoded_boolean,jsonb_predicate,6,6,6,6,1.0,1.0,1.0,0.0,0.0,0.9350000000000002,0.0,none,not_computed
BOOTSTRAP_V4_1_TO_V5_RULESET_CONDITIONED,RS_Y3_R073_C03,PG_BOOL_R073,PG_BOOL_R073_C03,Y3_encoded_boolean,jsonb_predicate,6,6,6,6,1.0,1.0,1.0,0.0,0.0,0.9350000000000002,0.0,none,not_computed
BOOTSTRAP_V4_1_TO_V5_RULESET_CONDITIONED,RS_Y3_R073_C04,PG_BOOL_R073,PG_BOOL_R073_C04,Y3_encoded_boolean,jsonb_predicate,6,6,6,6,1.0,1.0,1.0,0.0,0.0,0.9350000000000002,0.0,none,not_computed
BOOTSTRAP_V4_1_TO_V5_RULESET_CONDITIONED,RS_Y3_R073_C05,PG_BOOL_R073,PG_BOOL_R073_C05,Y3_encoded_boolean,jsonb_predicate,6,6,6,6,1.0,1.0,1.0,0.0,0.0,0.9350000000000002,0.0,none,not_computed
BOOTSTRAP_V4_1_TO_V5_RULESET_CONDITIONED,RS_Y3_R073_C06,PG_BOOL_R073,PG_BOOL_R073_C06,Y3_encoded_boolean,jsonb_predicate,6,6,6,6,1.0,1.0,1.0,0.0,0.0,0.9350000000000002,0.0,none,not_computed
BOOTSTRAP_V4_1_TO_V5_RULESET_CONDITIONED,RS_Y3_R073_C07,PG_BOOL_R073,PG_BOOL_R073_C07,Y3_encoded_boolean,jsonb_predicate,6,6,6,6,1.0,1.0,1.0,0.0,0.0,0.9350000000000002,0.0,none,not_computed
BOOTSTRAP_V4_1_TO_V5_RULESET_CONDITIONED,RS_Y3_R073_C08,PG_BOOL_R073,PG_BOOL_R073_C08,Y3_encoded_boolean,jsonb_predicate,6,6,6,6,1.0,1.0,1.0,0.0,0.0,0.9350000000000002,0.0,none,not_computed
BOOTSTRAP_V4_1_TO_V5_RULESET_CONDITIONED,RS_Y3_R073_C09,PG_BOOL_R073,PG_BOOL_R073_C09,Y3_encoded_boolean,jsonb_predicate,6,6,6,6,1.0,1.0,1.0,0.0,0.0,0.9350000000000002,0.0,none,not_computed
BOOTSTRAP_V4_1_TO_V5_RULESET_CONDITIONED,RS_Y3_R073_C10,PG_BOOL_R073,PG_BOOL_R073_C10,Y3_encoded_boolean,jsonb_predicate,6,6,6,6,1.0,1.0,1.0,0.0,0.0,0.9350000000000002,0.0,none,not_computed
BOOTSTRAP_V4_1_TO_V5_RULESET_CONDITIONED,RS_Y3_R074_C01,PG_BOOL_R074,PG_BOOL_R074_C01,Y3_encoded_boolean,jsonb_predicate,6,6,6,6,1.0,1.0,1.0,0.0,0.0,0.9350000000000002,0.0,none,not_computed
BOOTSTRAP_V4_1_TO_V5_RULESET_CONDITIONED,RS_Y3_R074_C02,PG_BOOL_R074,PG_BOOL_R074_C02,Y3_encoded_boolean,jsonb_predicate,6,6,6,6,1.0,1.0,1.0,0.0,0.0,0.9350000000000002,0.0,none,not_computed
BOOTSTRAP_V4_1_TO_V5_RULESET_CONDITIONED,RS_Y3_R074_C03,PG_BOOL_R074,PG_BOOL_R074_C03,Y3_encoded_boolean,jsonb_predicate,6,6,6,6,1.0,1.0,1.0,0.0,0.0,0.9350000000000002,0.0,none,not_computed
BOOTSTRAP_V4_1_TO_V5_RULESET_CONDITIONED,RS_Y3_R074_C04,PG_BOOL_R074,PG_BOOL_R074_C04,Y3_encoded_boolean,jsonb_predicate,6,6,6,6,1.0,1.0,1.0,0.0,0.0,0.9350000000000002,0.0,none,not_computed
BOOTSTRAP_V4_1_TO_V5_RULESET_CONDITIONED,RS_Y3_R074_C05,PG_BOOL_R074,PG_BOOL_R074_C05,Y3_encoded_boolean,jsonb_predicate,6,6,6,6,1.0,1.0,1.0,0.0,0.0,0.9350000000000002,0.0,none,not_computed
BOOTSTRAP_V4_1_TO_V5_RULESET_CONDITIONED,RS_Y3_R074_C06,PG_BOOL_R074,PG_BOOL_R074_C06,Y3_encoded_boolean,jsonb_predicate,6,6,6,6,1.0,1.0,1.0,0.0,0.0,0.9350000000000002,0.0,none,not_computed
BOOTSTRAP_V4_1_TO_V5_RULESET_CONDITIONED,RS_Y3_R074_C07,PG_BOOL_R074,PG_BOOL_R074_C07,Y3_encoded_boolean,jsonb_predicate,6,6,6,6,1.0,1.0,1.0,0.0,0.0,0.9350000000000002,0.0,none,not_computed
BOOTSTRAP_V4_1_TO_V5_RULESET_CONDITIONED,RS_Y3_R074_C08,PG_BOOL_R074,PG_BOOL_R074_C08,Y3_encoded_boolean,jsonb_predicate,6,6,6,6,1.0,1.0,1.0,0.0,0.0,0.9350000000000002,0.0,none,not_computed
BOOTSTRAP_V4_1_TO_V5_RULESET_CONDITIONED,RS_Y3_R074_C09,PG_BOOL_R074,PG_BOOL_R074_C09,Y3_encoded_boolean,jsonb_predicate,6,6,6,6,1.0,1.0,1.0,0.0,0.0,0.9350000000000002,0.0,none,not_computed
BOOTSTRAP_V4_1_TO_V5_RULESET_CONDITIONED,RS_Y3_R074_C10,PG_BOOL_R074,PG_BOOL_R074_C10,Y3_encoded_boolean,jsonb_predicate,6,6,6,6,1.0,1.0,1.0,0.0,0.0,0.9350000000000002,0.0,none,not_computed
BOOTSTRAP_V4_1_TO_V5_RULESET_CONDITIONED,RS_Y3_R075_C01,PG_BOOL_R075,PG_BOOL_R075_C01,Y3_encoded_boolean,jsonb_predicate,6,6,6,6,1.0,1.0,1.0,0.0,0.0,0.9350000000000002,0.0,none,not_computed
BOOTSTRAP_V4_1_TO_V5_RULESET_CONDITIONED,RS_Y3_R075_C02,PG_BOOL_R075,PG_BOOL_R075_C02,Y3_encoded_boolean,jsonb_predicate,6,6,6,6,1.0,1.0,1.0,0.0,0.0,0.9350000000000002,0.0,none,not_computed
BOOTSTRAP_V4_1_TO_V5_RULESET_CONDITIONED,RS_Y3_R075_C03,PG_BOOL_R075,PG_BOOL_R075_C03,Y3_encoded_boolean,jsonb_predicate,6,6,6,6,1.0,1.0,1.0,0.0,0.0,0.9350000000000002,0.0,none,not_computed
BOOTSTRAP_V4_1_TO_V5_RULESET_CONDITIONED,RS_Y3_R075_C04,PG_BOOL_R075,PG_BOOL_R075_C04,Y3_encoded_boolean,jsonb_predicate,6,6,6,6,1.0,1.0,1.0,0.0,0.0,0.9350000000000002,0.0,none,not_computed
BOOTSTRAP_V4_1_TO_V5_RULESET_CONDITIONED,RS_Y3_R075_C05,PG_BOOL_R075,PG_BOOL_R075_C05,Y3_encoded_boolean,jsonb_predicate,6,6,6,6,1.0,1.0,1.0,0.0,0.0,0.9350000000000002,0.0,none,not_computed
BOOTSTRAP_V4_1_TO_V5_RULESET_CONDITIONED,RS_Y3_R075_C06,PG_BOOL_R075,PG_BOOL_R075_C06,Y3_encoded_boolean,jsonb_predicate,6,6,6,6,1.0,1.0,1.0,0.0,0.0,0.9350000000000002,0.0,none,not_computed
BOOTSTRAP_V4_1_TO_V5_RULESET_CONDITIONED,RS_Y3_R075_C07,PG_BOOL_R075,PG_BOOL_R075_C07,Y3_encoded_boolean,jsonb_predicate,6,6,6,6,1.0,1.0,1.0,0.0,0.0,0.9350000000000002,0.0,none,not_computed
BOOTSTRAP_V4_1_TO_V5_RULESET_CONDITIONED,RS_Y3_R075_C08,PG_BOOL_R075,PG_BOOL_R075_C08,Y3_encoded_boolean,jsonb_predicate,6,6,6,6,1.0,1.0,1.0,0.0,0.0,0.9350000000000002,0.0,none,not_computed
BOOTSTRAP_V4_1_TO_V5_RULESET_CONDITIONED,RS_Y3_R075_C09,PG_BOOL_R075,PG_BOOL_R075_C09,Y3_encoded_boolean,jsonb_predicate,6,6,6,6,1.0,1.0,1.0,0.0,0.0,0.9350000000000002,0.0,none,not_computed
BOOTSTRAP_V4_1_TO_V5_RULESET_CONDITIONED,RS_Y3_R075_C10,PG_BOOL_R075,PG_BOOL_R075_C10,Y3_encoded_boolean,jsonb_predicate,6,6,6,6,1.0,1.0,1.0,0.0,0.0,0.9350000000000002,0.0,none,not_computed
BOOTSTRAP_V4_1_TO_V5_RULESET_CONDITIONED,RS_Y3_R076_C01,PG_BOOL_R076,PG_BOOL_R076_C01,Y3_encoded_boolean,range_type,6,6,6,6,1.0,1.0,1.0,0.0,0.0,0.9350000000000002,0.0,none,not_computed
BOOTSTRAP_V4_1_TO_V5_RULESET_CONDITIONED,RS_Y3_R076_C02,PG_BOOL_R076,PG_BOOL_R076_C02,Y3_encoded_boolean,range_type,6,6,6,6,1.0,1.0,1.0,0.0,0.0,0.9350000000000002,0.0,none,not_computed
BOOTSTRAP_V4_1_TO_V5_RULESET_CONDITIONED,RS_Y3_R076_C03,PG_BOOL_R076,PG_BOOL_R076_C03,Y3_encoded_boolean,range_type,6,6,6,6,1.0,1.0,1.0,0.0,0.0,0.9350000000000002,0.0,none,not_computed
BOOTSTRAP_V4_1_TO_V5_RULESET_CONDITIONED,RS_Y3_R076_C04,PG_BOOL_R076,PG_BOOL_R076_C04,Y3_encoded_boolean,range_type,6,6,6,6,1.0,1.0,1.0,0.0,0.0,0.9350000000000002,0.0,none,not_computed
BOOTSTRAP_V4_1_TO_V5_RULESET_CONDITIONED,RS_Y3_R076_C05,PG_BOOL_R076,PG_BOOL_R076_C05,Y3_encoded_boolean,range_type,6,6,6,6,1.0,1.0,1.0,0.0,0.0,0.9350000000000002,0.0,none,not_computed
BOOTSTRAP_V4_1_TO_V5_RULESET_CONDITIONED,RS_Y3_R076_C06,PG_BOOL_R076,PG_BOOL_R076_C06,Y3_encoded_boolean,range_type,6,6,6,6,1.0,1.0,1.0,0.0,0.0,0.9350000000000002,0.0,none,not_computed
BOOTSTRAP_V4_1_TO_V5_RULESET_CONDITIONED,RS_Y3_R076_C07,PG_BOOL_R076,PG_BOOL_R076_C07,Y3_encoded_boolean,range_type,6,6,6,6,1.0,1.0,1.0,0.0,0.0,0.9350000000000002,0.0,none,not_computed
BOOTSTRAP_V4_1_TO_V5_RULESET_CONDITIONED,RS_Y3_R076_C08,PG_BOOL_R076,PG_BOOL_R076_C08,Y3_encoded_boolean,range_type,6,6,6,6,1.0,1.0,1.0,0.0,0.0,0.9350000000000002,0.0,none,not_computed
BOOTSTRAP_V4_1_TO_V5_RULESET_CONDITIONED,RS_Y3_R076_C09,PG_BOOL_R076,PG_BOOL_R076_C09,Y3_encoded_boolean,range_type,6,6,6,6,1.0,1.0,1.0,0.0,0.0,0.9350000000000002,0.0,none,not_computed
BOOTSTRAP_V4_1_TO_V5_RULESET_CONDITIONED,RS_Y3_R076_C10,PG_BOOL_R076,PG_BOOL_R076_C10,Y3_encoded_boolean,range_type,6,6,6,6,1.0,1.0,1.0,0.0,0.0,0.9350000000000002,0.0,none,not_computed
BOOTSTRAP_V4_1_TO_V5_RULESET_CONDITIONED,RS_Y3_R077_C01,PG_BOOL_R077,PG_BOOL_R077_C01,Y3_encoded_boolean,range_type,6,6,6,0,1.0,1.0,1.0,0.0,0.0,0.585,0.0,boolean,not_computed
BOOTSTRAP_V4_1_TO_V5_RULESET_CONDITIONED,RS_Y3_R077_C02,PG_BOOL_R077,PG_BOOL_R077_C02,Y3_encoded_boolean,range_type,6,6,6,0,1.0,1.0,1.0,0.0,0.0,0.585,0.0,boolean,not_computed
BOOTSTRAP_V4_1_TO_V5_RULESET_CONDITIONED,RS_Y3_R077_C03,PG_BOOL_R077,PG_BOOL_R077_C03,Y3_encoded_boolean,range_type,6,6,6,6,1.0,1.0,1.0,0.0,0.0,0.9350000000000002,0.0,none,not_computed
BOOTSTRAP_V4_1_TO_V5_RULESET_CONDITIONED,RS_Y3_R077_C04,PG_BOOL_R077,PG_BOOL_R077_C04,Y3_encoded_boolean,range_type,6,6,6,6,1.0,1.0,1.0,0.0,0.0,0.9350000000000002,0.0,none,not_computed
BOOTSTRAP_V4_1_TO_V5_RULESET_CONDITIONED,RS_Y3_R077_C05,PG_BOOL_R077,PG_BOOL_R077_C05,Y3_encoded_boolean,range_type,6,6,6,6,1.0,1.0,1.0,0.0,0.0,0.9350000000000002,0.0,none,not_computed
BOOTSTRAP_V4_1_TO_V5_RULESET_CONDITIONED,RS_Y3_R077_C06,PG_BOOL_R077,PG_BOOL_R077_C06,Y3_encoded_boolean,range_type,6,6,6,0,1.0,1.0,1.0,0.0,0.0,0.585,0.0,boolean,not_computed
BOOTSTRAP_V4_1_TO_V5_RULESET_CONDITIONED,RS_Y3_R077_C07,PG_BOOL_R077,PG_BOOL_R077_C07,Y3_encoded_boolean,range_type,6,6,6,6,1.0,1.0,1.0,0.0,0.0,0.9350000000000002,0.0,none,not_computed
BOOTSTRAP_V4_1_TO_V5_RULESET_CONDITIONED,RS_Y3_R077_C08,PG_BOOL_R077,PG_BOOL_R077_C08,Y3_encoded_boolean,range_type,6,6,6,6,1.0,1.0,1.0,0.0,0.0,0.9350000000000002,0.0,none,not_computed
BOOTSTRAP_V4_1_TO_V5_RULESET_CONDITIONED,RS_Y3_R077_C09,PG_BOOL_R077,PG_BOOL_R077_C09,Y3_encoded_boolean,range_type,6,6,6,6,1.0,1.0,1.0,0.0,0.0,0.9350000000000002,0.0,none,not_computed
BOOTSTRAP_V4_1_TO_V5_RULESET_CONDITIONED,RS_Y3_R077_C10,PG_BOOL_R077,PG_BOOL_R077_C10,Y3_encoded_boolean,range_type,6,6,6,0,1.0,1.0,1.0,0.0,0.0,0.585,0.0,boolean,not_computed
BOOTSTRAP_V4_1_TO_V5_RULESET_CONDITIONED,RS_Y3_R078_C01,PG_BOOL_R078,PG_BOOL_R078_C01,Y3_encoded_boolean,range_type,6,6,6,6,1.0,1.0,1.0,0.0,0.0,0.9350000000000002,0.0,none,not_computed
BOOTSTRAP_V4_1_TO_V5_RULESET_CONDITIONED,RS_Y3_R078_C02,PG_BOOL_R078,PG_BOOL_R078_C02,Y3_encoded_boolean,range_type,6,6,6,6,1.0,1.0,1.0,0.0,0.0,0.9350000000000002,0.0,none,not_computed
BOOTSTRAP_V4_1_TO_V5_RULESET_CONDITIONED,RS_Y3_R078_C03,PG_BOOL_R078,PG_BOOL_R078_C03,Y3_encoded_boolean,range_type,6,6,6,6,1.0,1.0,1.0,0.0,0.0,0.9350000000000002,0.0,none,not_computed
BOOTSTRAP_V4_1_TO_V5_RULESET_CONDITIONED,RS_Y3_R078_C04,PG_BOOL_R078,PG_BOOL_R078_C04,Y3_encoded_boolean,range_type,6,6,6,6,1.0,1.0,1.0,0.0,0.0,0.9350000000000002,0.0,none,not_computed
BOOTSTRAP_V4_1_TO_V5_RULESET_CONDITIONED,RS_Y3_R078_C05,PG_BOOL_R078,PG_BOOL_R078_C05,Y3_encoded_boolean,range_type,6,6,6,6,1.0,1.0,1.0,0.0,0.0,0.9350000000000002,0.0,none,not_computed
BOOTSTRAP_V4_1_TO_V5_RULESET_CONDITIONED,RS_Y3_R078_C06,PG_BOOL_R078,PG_BOOL_R078_C06,Y3_encoded_boolean,range_type,6,6,6,6,1.0,1.0,1.0,0.0,0.0,0.9350000000000002,0.0,none,not_computed
BOOTSTRAP_V4_1_TO_V5_RULESET_CONDITIONED,RS_Y3_R078_C07,PG_BOOL_R078,PG_BOOL_R078_C07,Y3_encoded_boolean,range_type,6,6,6,6,1.0,1.0,1.0,0.0,0.0,0.9350000000000002,0.0,none,not_computed
BOOTSTRAP_V4_1_TO_V5_RULESET_CONDITIONED,RS_Y3_R078_C08,PG_BOOL_R078,PG_BOOL_R078_C08,Y3_encoded_boolean,range_type,6,6,6,6,1.0,1.0,1.0,0.0,0.0,0.9350000000000002,0.0,none,not_computed
BOOTSTRAP_V4_1_TO_V5_RULESET_CONDITIONED,RS_Y3_R078_C09,PG_BOOL_R078,PG_BOOL_R078_C09,Y3_encoded_boolean,range_type,6,6,6,6,1.0,1.0,1.0,0.0,0.0,0.9350000000000002,0.0,none,not_computed
BOOTSTRAP_V4_1_TO_V5_RULESET_CONDITIONED,RS_Y3_R078_C10,PG_BOOL_R078,PG_BOOL_R078_C10,Y3_encoded_boolean,range_type,6,6,6,6,1.0,1.0,1.0,0.0,0.0,0.9350000000000002,0.0,none,not_computed
BOOTSTRAP_V4_1_TO_V5_RULESET_CONDITIONED,RS_Y3_R079_C01,PG_BOOL_R079,PG_BOOL_R079_C01,Y3_encoded_boolean,range_type,6,6,6,6,1.0,1.0,1.0,0.0,0.0,0.9350000000000002,0.0,none,not_computed
BOOTSTRAP_V4_1_TO_V5_RULESET_CONDITIONED,RS_Y3_R079_C02,PG_BOOL_R079,PG_BOOL_R079_C02,Y3_encoded_boolean,range_type,6,6,6,6,1.0,1.0,1.0,0.0,0.0,0.9350000000000002,0.0,none,not_computed
BOOTSTRAP_V4_1_TO_V5_RULESET_CONDITIONED,RS_Y3_R079_C03,PG_BOOL_R079,PG_BOOL_R079_C03,Y3_encoded_boolean,range_type,6,6,6,6,1.0,1.0,1.0,0.0,0.0,0.9350000000000002,0.0,none,not_computed
BOOTSTRAP_V4_1_TO_V5_RULESET_CONDITIONED,RS_Y3_R079_C04,PG_BOOL_R079,PG_BOOL_R079_C04,Y3_encoded_boolean,range_type,6,6,6,6,1.0,1.0,1.0,0.0,0.0,0.9350000000000002,0.0,none,not_computed
BOOTSTRAP_V4_1_TO_V5_RULESET_CONDITIONED,RS_Y3_R079_C05,PG_BOOL_R079,PG_BOOL_R079_C05,Y3_encoded_boolean,range_type,6,6,6,6,1.0,1.0,1.0,0.0,0.0,0.9350000000000002,0.0,none,not_computed
BOOTSTRAP_V4_1_TO_V5_RULESET_CONDITIONED,RS_Y3_R079_C06,PG_BOOL_R079,PG_BOOL_R079_C06,Y3_encoded_boolean,range_type,6,6,6,6,1.0,1.0,1.0,0.0,0.0,0.9350000000000002,0.0,none,not_computed
BOOTSTRAP_V4_1_TO_V5_RULESET_CONDITIONED,RS_Y3_R079_C07,PG_BOOL_R079,PG_BOOL_R079_C07,Y3_encoded_boolean,range_type,6,6,6,6,1.0,1.0,1.0,0.0,0.0,0.9350000000000002,0.0,none,not_computed
BOOTSTRAP_V4_1_TO_V5_RULESET_CONDITIONED,RS_Y3_R079_C08,PG_BOOL_R079,PG_BOOL_R079_C08,Y3_encoded_boolean,range_type,6,6,6,6,1.0,1.0,1.0,0.0,0.0,0.9350000000000002,0.0,none,not_computed
BOOTSTRAP_V4_1_TO_V5_RULESET_CONDITIONED,RS_Y3_R079_C09,PG_BOOL_R079,PG_BOOL_R079_C09,Y3_encoded_boolean,range_type,6,6,6,6,1.0,1.0,1.0,0.0,0.0,0.9350000000000002,0.0,none,not_computed
BOOTSTRAP_V4_1_TO_V5_RULESET_CONDITIONED,RS_Y3_R079_C10,PG_BOOL_R079,PG_BOOL_R079_C10,Y3_encoded_boolean,range_type,6,6,6,6,1.0,1.0,1.0,0.0,0.0,0.9350000000000002,0.0,none,not_computed
BOOTSTRAP_V4_1_TO_V5_RULESET_CONDITIONED,RS_Y3_R080_C01,PG_BOOL_R080,PG_BOOL_R080_C01,Y3_encoded_boolean,range_type,6,6,6,6,1.0,1.0,1.0,0.0,0.0,0.9350000000000002,0.0,none,not_computed
BOOTSTRAP_V4_1_TO_V5_RULESET_CONDITIONED,RS_Y3_R080_C02,PG_BOOL_R080,PG_BOOL_R080_C02,Y3_encoded_boolean,range_type,6,6,6,6,1.0,1.0,1.0,0.0,0.0,0.9350000000000002,0.0,none,not_computed
BOOTSTRAP_V4_1_TO_V5_RULESET_CONDITIONED,RS_Y3_R080_C03,PG_BOOL_R080,PG_BOOL_R080_C03,Y3_encoded_boolean,range_type,6,6,6,6,1.0,1.0,1.0,0.0,0.0,0.9350000000000002,0.0,none,not_computed
BOOTSTRAP_V4_1_TO_V5_RULESET_CONDITIONED,RS_Y3_R080_C04,PG_BOOL_R080,PG_BOOL_R080_C04,Y3_encoded_boolean,range_type,6,6,6,6,1.0,1.0,1.0,0.0,0.0,0.9350000000000002,0.0,none,not_computed
BOOTSTRAP_V4_1_TO_V5_RULESET_CONDITIONED,RS_Y3_R080_C05,PG_BOOL_R080,PG_BOOL_R080_C05,Y3_encoded_boolean,range_type,6,6,6,6,1.0,1.0,1.0,0.0,0.0,0.9350000000000002,0.0,none,not_computed
BOOTSTRAP_V4_1_TO_V5_RULESET_CONDITIONED,RS_Y3_R080_C06,PG_BOOL_R080,PG_BOOL_R080_C06,Y3_encoded_boolean,range_type,6,6,6,6,1.0,1.0,1.0,0.0,0.0,0.9350000000000002,0.0,none,not_computed
BOOTSTRAP_V4_1_TO_V5_RULESET_CONDITIONED,RS_Y3_R080_C07,PG_BOOL_R080,PG_BOOL_R080_C07,Y3_encoded_boolean,range_type,6,6,6,6,1.0,1.0,1.0,0.0,0.0,0.9350000000000002,0.0,none,not_computed
BOOTSTRAP_V4_1_TO_V5_RULESET_CONDITIONED,RS_Y3_R080_C08,PG_BOOL_R080,PG_BOOL_R080_C08,Y3_encoded_boolean,range_type,6,6,6,6,1.0,1.0,1.0,0.0,0.0,0.9350000000000002,0.0,none,not_computed
BOOTSTRAP_V4_1_TO_V5_RULESET_CONDITIONED,RS_Y3_R080_C09,PG_BOOL_R080,PG_BOOL_R080_C09,Y3_encoded_boolean,range_type,6,6,6,6,1.0,1.0,1.0,0.0,0.0,0.9350000000000002,0.0,none,not_computed
BOOTSTRAP_V4_1_TO_V5_RULESET_CONDITIONED,RS_Y3_R080_C10,PG_BOOL_R080,PG_BOOL_R080_C10,Y3_encoded_boolean,range_type,6,6,6,6,1.0,1.0,1.0,0.0,0.0,0.9350000000000002,0.0,none,not_computed
BOOTSTRAP_V4_1_TO_V5_RULESET_CONDITIONED,RS_Y3_R081_C01,PG_BOOL_R081,PG_BOOL_R081_C01,Y3_encoded_boolean,network_inet,6,6,6,6,1.0,1.0,1.0,0.0,0.0,0.9350000000000002,0.0,none,not_computed
BOOTSTRAP_V4_1_TO_V5_RULESET_CONDITIONED,RS_Y3_R081_C02,PG_BOOL_R081,PG_BOOL_R081_C02,Y3_encoded_boolean,network_inet,6,6,6,6,1.0,1.0,1.0,0.0,0.0,0.9350000000000002,0.0,none,not_computed
BOOTSTRAP_V4_1_TO_V5_RULESET_CONDITIONED,RS_Y3_R081_C03,PG_BOOL_R081,PG_BOOL_R081_C03,Y3_encoded_boolean,network_inet,6,6,6,6,1.0,1.0,1.0,0.0,0.0,0.9350000000000002,0.0,none,not_computed
BOOTSTRAP_V4_1_TO_V5_RULESET_CONDITIONED,RS_Y3_R081_C04,PG_BOOL_R081,PG_BOOL_R081_C04,Y3_encoded_boolean,network_inet,6,6,6,6,1.0,1.0,1.0,0.0,0.0,0.9350000000000002,0.0,none,not_computed
BOOTSTRAP_V4_1_TO_V5_RULESET_CONDITIONED,RS_Y3_R081_C05,PG_BOOL_R081,PG_BOOL_R081_C05,Y3_encoded_boolean,network_inet,6,6,6,6,1.0,1.0,1.0,0.0,0.0,0.9350000000000002,0.0,none,not_computed
BOOTSTRAP_V4_1_TO_V5_RULESET_CONDITIONED,RS_Y3_R081_C06,PG_BOOL_R081,PG_BOOL_R081_C06,Y3_encoded_boolean,network_inet,6,6,6,6,1.0,1.0,1.0,0.0,0.0,0.9350000000000002,0.0,none,not_computed
BOOTSTRAP_V4_1_TO_V5_RULESET_CONDITIONED,RS_Y3_R081_C07,PG_BOOL_R081,PG_BOOL_R081_C07,Y3_encoded_boolean,network_inet,6,6,6,6,1.0,1.0,1.0,0.0,0.0,0.9350000000000002,0.0,none,not_computed
BOOTSTRAP_V4_1_TO_V5_RULESET_CONDITIONED,RS_Y3_R081_C08,PG_BOOL_R081,PG_BOOL_R081_C08,Y3_encoded_boolean,network_inet,6,6,6,6,1.0,1.0,1.0,0.0,0.0,0.9350000000000002,0.0,none,not_computed
BOOTSTRAP_V4_1_TO_V5_RULESET_CONDITIONED,RS_Y3_R081_C09,PG_BOOL_R081,PG_BOOL_R081_C09,Y3_encoded_boolean,network_inet,6,6,6,6,1.0,1.0,1.0,0.0,0.0,0.9350000000000002,0.0,none,not_computed
BOOTSTRAP_V4_1_TO_V5_RULESET_CONDITIONED,RS_Y3_R081_C10,PG_BOOL_R081,PG_BOOL_R081_C10,Y3_encoded_boolean,network_inet,6,6,6,6,1.0,1.0,1.0,0.0,0.0,0.9350000000000002,0.0,none,not_computed
BOOTSTRAP_V4_1_TO_V5_RULESET_CONDITIONED,RS_Y3_R082_C01,PG_BOOL_R082,PG_BOOL_R082_C01,Y3_encoded_boolean,network_inet,6,6,6,6,1.0,1.0,1.0,0.0,0.0,0.9350000000000002,0.0,none,not_computed
BOOTSTRAP_V4_1_TO_V5_RULESET_CONDITIONED,RS_Y3_R082_C02,PG_BOOL_R082,PG_BOOL_R082_C02,Y3_encoded_boolean,network_inet,6,6,6,6,1.0,1.0,1.0,0.0,0.0,0.9350000000000002,0.0,none,not_computed
BOOTSTRAP_V4_1_TO_V5_RULESET_CONDITIONED,RS_Y3_R082_C03,PG_BOOL_R082,PG_BOOL_R082_C03,Y3_encoded_boolean,network_inet,6,6,6,6,1.0,1.0,1.0,0.0,0.0,0.9350000000000002,0.0,none,not_computed
BOOTSTRAP_V4_1_TO_V5_RULESET_CONDITIONED,RS_Y3_R082_C04,PG_BOOL_R082,PG_BOOL_R082_C04,Y3_encoded_boolean,network_inet,6,6,6,6,1.0,1.0,1.0,0.0,0.0,0.9350000000000002,0.0,none,not_computed
BOOTSTRAP_V4_1_TO_V5_RULESET_CONDITIONED,RS_Y3_R082_C05,PG_BOOL_R082,PG_BOOL_R082_C05,Y3_encoded_boolean,network_inet,6,6,6,6,1.0,1.0,1.0,0.0,0.0,0.9350000000000002,0.0,none,not_computed
BOOTSTRAP_V4_1_TO_V5_RULESET_CONDITIONED,RS_Y3_R082_C06,PG_BOOL_R082,PG_BOOL_R082_C06,Y3_encoded_boolean,network_inet,6,6,6,6,1.0,1.0,1.0,0.0,0.0,0.9350000000000002,0.0,none,not_computed
BOOTSTRAP_V4_1_TO_V5_RULESET_CONDITIONED,RS_Y3_R082_C07,PG_BOOL_R082,PG_BOOL_R082_C07,Y3_encoded_boolean,network_inet,6,6,6,6,1.0,1.0,1.0,0.0,0.0,0.9350000000000002,0.0,none,not_computed
BOOTSTRAP_V4_1_TO_V5_RULESET_CONDITIONED,RS_Y3_R082_C08,PG_BOOL_R082,PG_BOOL_R082_C08,Y3_encoded_boolean,network_inet,6,6,6,6,1.0,1.0,1.0,0.0,0.0,0.9350000000000002,0.0,none,not_computed
BOOTSTRAP_V4_1_TO_V5_RULESET_CONDITIONED,RS_Y3_R082_C09,PG_BOOL_R082,PG_BOOL_R082_C09,Y3_encoded_boolean,network_inet,6,6,6,6,1.0,1.0,1.0,0.0,0.0,0.9350000000000002,0.0,none,not_computed
BOOTSTRAP_V4_1_TO_V5_RULESET_CONDITIONED,RS_Y3_R082_C10,PG_BOOL_R082,PG_BOOL_R082_C10,Y3_encoded_boolean,network_inet,6,6,6,6,1.0,1.0,1.0,0.0,0.0,0.9350000000000002,0.0,none,not_computed
BOOTSTRAP_V4_1_TO_V5_RULESET_CONDITIONED,RS_Y3_R083_C01,PG_BOOL_R083,PG_BOOL_R083_C01,Y3_encoded_boolean,network_inet,6,6,6,6,1.0,1.0,1.0,0.0,0.0,0.9350000000000002,0.0,none,not_computed
BOOTSTRAP_V4_1_TO_V5_RULESET_CONDITIONED,RS_Y3_R083_C02,PG_BOOL_R083,PG_BOOL_R083_C02,Y3_encoded_boolean,network_inet,6,6,6,6,1.0,1.0,1.0,0.0,0.0,0.9350000000000002,0.0,none,not_computed
BOOTSTRAP_V4_1_TO_V5_RULESET_CONDITIONED,RS_Y3_R083_C03,PG_BOOL_R083,PG_BOOL_R083_C03,Y3_encoded_boolean,network_inet,6,6,6,6,1.0,1.0,1.0,0.0,0.0,0.9350000000000002,0.0,none,not_computed
BOOTSTRAP_V4_1_TO_V5_RULESET_CONDITIONED,RS_Y3_R083_C04,PG_BOOL_R083,PG_BOOL_R083_C04,Y3_encoded_boolean,network_inet,6,6,6,6,1.0,1.0,1.0,0.0,0.0,0.9350000000000002,0.0,none,not_computed
BOOTSTRAP_V4_1_TO_V5_RULESET_CONDITIONED,RS_Y3_R083_C05,PG_BOOL_R083,PG_BOOL_R083_C05,Y3_encoded_boolean,network_inet,6,6,6,6,1.0,1.0,1.0,0.0,0.0,0.9350000000000002,0.0,none,not_computed
BOOTSTRAP_V4_1_TO_V5_RULESET_CONDITIONED,RS_Y3_R083_C06,PG_BOOL_R083,PG_BOOL_R083_C06,Y3_encoded_boolean,network_inet,6,6,6,6,1.0,1.0,1.0,0.0,0.0,0.9350000000000002,0.0,none,not_computed
BOOTSTRAP_V4_1_TO_V5_RULESET_CONDITIONED,RS_Y3_R083_C07,PG_BOOL_R083,PG_BOOL_R083_C07,Y3_encoded_boolean,network_inet,6,6,6,6,1.0,1.0,1.0,0.0,0.0,0.9350000000000002,0.0,none,not_computed
BOOTSTRAP_V4_1_TO_V5_RULESET_CONDITIONED,RS_Y3_R083_C08,PG_BOOL_R083,PG_BOOL_R083_C08,Y3_encoded_boolean,network_inet,6,6,6,6,1.0,1.0,1.0,0.0,0.0,0.9350000000000002,0.0,none,not_computed
BOOTSTRAP_V4_1_TO_V5_RULESET_CONDITIONED,RS_Y3_R083_C09,PG_BOOL_R083,PG_BOOL_R083_C09,Y3_encoded_boolean,network_inet,6,6,6,6,1.0,1.0,1.0,0.0,0.0,0.9350000000000002,0.0,none,not_computed
BOOTSTRAP_V4_1_TO_V5_RULESET_CONDITIONED,RS_Y3_R083_C10,PG_BOOL_R083,PG_BOOL_R083_C10,Y3_encoded_boolean,network_inet,6,6,6,6,1.0,1.0,1.0,0.0,0.0,0.9350000000000002,0.0,none,not_computed
BOOTSTRAP_V4_1_TO_V5_RULESET_CONDITIONED,RS_Y3_R084_C01,PG_BOOL_R084,PG_BOOL_R084_C01,Y3_encoded_boolean,network_inet,6,6,6,6,1.0,1.0,1.0,0.0,0.0,0.9350000000000002,0.0,none,not_computed
BOOTSTRAP_V4_1_TO_V5_RULESET_CONDITIONED,RS_Y3_R084_C02,PG_BOOL_R084,PG_BOOL_R084_C02,Y3_encoded_boolean,network_inet,6,6,6,6,1.0,1.0,1.0,0.0,0.0,0.9350000000000002,0.0,none,not_computed
BOOTSTRAP_V4_1_TO_V5_RULESET_CONDITIONED,RS_Y3_R084_C03,PG_BOOL_R084,PG_BOOL_R084_C03,Y3_encoded_boolean,network_inet,6,6,6,6,1.0,1.0,1.0,0.0,0.0,0.9350000000000002,0.0,none,not_computed
BOOTSTRAP_V4_1_TO_V5_RULESET_CONDITIONED,RS_Y3_R084_C04,PG_BOOL_R084,PG_BOOL_R084_C04,Y3_encoded_boolean,network_inet,6,6,6,6,1.0,1.0,1.0,0.0,0.0,0.9350000000000002,0.0,none,not_computed
BOOTSTRAP_V4_1_TO_V5_RULESET_CONDITIONED,RS_Y3_R084_C05,PG_BOOL_R084,PG_BOOL_R084_C05,Y3_encoded_boolean,network_inet,6,6,6,6,1.0,1.0,1.0,0.0,0.0,0.9350000000000002,0.0,none,not_computed
BOOTSTRAP_V4_1_TO_V5_RULESET_CONDITIONED,RS_Y3_R084_C06,PG_BOOL_R084,PG_BOOL_R084_C06,Y3_encoded_boolean,network_inet,6,6,6,6,1.0,1.0,1.0,0.0,0.0,0.9350000000000002,0.0,none,not_computed
BOOTSTRAP_V4_1_TO_V5_RULESET_CONDITIONED,RS_Y3_R084_C07,PG_BOOL_R084,PG_BOOL_R084_C07,Y3_encoded_boolean,network_inet,6,6,6,6,1.0,1.0,1.0,0.0,0.0,0.9350000000000002,0.0,none,not_computed
BOOTSTRAP_V4_1_TO_V5_RULESET_CONDITIONED,RS_Y3_R084_C08,PG_BOOL_R084,PG_BOOL_R084_C08,Y3_encoded_boolean,network_inet,6,6,6,6,1.0,1.0,1.0,0.0,0.0,0.9350000000000002,0.0,none,not_computed
BOOTSTRAP_V4_1_TO_V5_RULESET_CONDITIONED,RS_Y3_R084_C09,PG_BOOL_R084,PG_BOOL_R084_C09,Y3_encoded_boolean,network_inet,6,6,6,6,1.0,1.0,1.0,0.0,0.0,0.9350000000000002,0.0,none,not_computed
BOOTSTRAP_V4_1_TO_V5_RULESET_CONDITIONED,RS_Y3_R084_C10,PG_BOOL_R084,PG_BOOL_R084_C10,Y3_encoded_boolean,network_inet,6,6,6,6,1.0,1.0,1.0,0.0,0.0,0.9350000000000002,0.0,none,not_computed
BOOTSTRAP_V4_1_TO_V5_RULESET_CONDITIONED,RS_Y3_R085_C01,PG_BOOL_R085,PG_BOOL_R085_C01,Y3_encoded_boolean,network_inet,6,6,6,6,1.0,1.0,1.0,0.0,0.0,0.9350000000000002,0.0,none,not_computed
BOOTSTRAP_V4_1_TO_V5_RULESET_CONDITIONED,RS_Y3_R085_C02,PG_BOOL_R085,PG_BOOL_R085_C02,Y3_encoded_boolean,network_inet,6,6,6,6,1.0,1.0,1.0,0.0,0.0,0.9350000000000002,0.0,none,not_computed
BOOTSTRAP_V4_1_TO_V5_RULESET_CONDITIONED,RS_Y3_R085_C03,PG_BOOL_R085,PG_BOOL_R085_C03,Y3_encoded_boolean,network_inet,6,6,6,6,1.0,1.0,1.0,0.0,0.0,0.9350000000000002,0.0,none,not_computed
BOOTSTRAP_V4_1_TO_V5_RULESET_CONDITIONED,RS_Y3_R085_C04,PG_BOOL_R085,PG_BOOL_R085_C04,Y3_encoded_boolean,network_inet,6,6,6,6,1.0,1.0,1.0,0.0,0.0,0.9350000000000002,0.0,none,not_computed
BOOTSTRAP_V4_1_TO_V5_RULESET_CONDITIONED,RS_Y3_R085_C05,PG_BOOL_R085,PG_BOOL_R085_C05,Y3_encoded_boolean,network_inet,6,6,6,6,1.0,1.0,1.0,0.0,0.0,0.9350000000000002,0.0,none,not_computed
BOOTSTRAP_V4_1_TO_V5_RULESET_CONDITIONED,RS_Y3_R085_C06,PG_BOOL_R085,PG_BOOL_R085_C06,Y3_encoded_boolean,network_inet,6,6,6,6,1.0,1.0,1.0,0.0,0.0,0.9350000000000002,0.0,none,not_computed
BOOTSTRAP_V4_1_TO_V5_RULESET_CONDITIONED,RS_Y3_R085_C07,PG_BOOL_R085,PG_BOOL_R085_C07,Y3_encoded_boolean,network_inet,6,6,6,6,1.0,1.0,1.0,0.0,0.0,0.9350000000000002,0.0,none,not_computed
BOOTSTRAP_V4_1_TO_V5_RULESET_CONDITIONED,RS_Y3_R085_C08,PG_BOOL_R085,PG_BOOL_R085_C08,Y3_encoded_boolean,network_inet,6,6,6,6,1.0,1.0,1.0,0.0,0.0,0.9350000000000002,0.0,none,not_computed
BOOTSTRAP_V4_1_TO_V5_RULESET_CONDITIONED,RS_Y3_R085_C09,PG_BOOL_R085,PG_BOOL_R085_C09,Y3_encoded_boolean,network_inet,6,6,6,6,1.0,1.0,1.0,0.0,0.0,0.9350000000000002,0.0,none,not_computed
BOOTSTRAP_V4_1_TO_V5_RULESET_CONDITIONED,RS_Y3_R085_C10,PG_BOOL_R085,PG_BOOL_R085_C10,Y3_encoded_boolean,network_inet,6,6,6,6,1.0,1.0,1.0,0.0,0.0,0.9350000000000002,0.0,none,not_computed
BOOTSTRAP_V4_1_TO_V5_RULESET_CONDITIONED,RS_Y3_R086_C01,PG_BOOL_R086,PG_BOOL_R086_C01,Y3_encoded_boolean,uuid_predicate,6,6,6,0,1.0,1.0,0.049999999999999996,0.0,0.0,0.5425,0.0,slot,not_computed
BOOTSTRAP_V4_1_TO_V5_RULESET_CONDITIONED,RS_Y3_R086_C02,PG_BOOL_R086,PG_BOOL_R086_C02,Y3_encoded_boolean,uuid_predicate,6,6,6,0,1.0,1.0,0.049999999999999996,0.0,0.0,0.5425,0.0,slot,not_computed
BOOTSTRAP_V4_1_TO_V5_RULESET_CONDITIONED,RS_Y3_R086_C03,PG_BOOL_R086,PG_BOOL_R086_C03,Y3_encoded_boolean,uuid_predicate,6,6,6,0,1.0,1.0,0.049999999999999996,0.0,0.0,0.5425,0.0,slot,not_computed
BOOTSTRAP_V4_1_TO_V5_RULESET_CONDITIONED,RS_Y3_R086_C04,PG_BOOL_R086,PG_BOOL_R086_C04,Y3_encoded_boolean,uuid_predicate,6,6,6,0,1.0,1.0,0.049999999999999996,0.0,0.0,0.5425,0.0,slot,not_computed
BOOTSTRAP_V4_1_TO_V5_RULESET_CONDITIONED,RS_Y3_R086_C05,PG_BOOL_R086,PG_BOOL_R086_C05,Y3_encoded_boolean,uuid_predicate,6,6,6,0,1.0,1.0,0.049999999999999996,0.0,0.0,0.5425,0.0,slot,not_computed
BOOTSTRAP_V4_1_TO_V5_RULESET_CONDITIONED,RS_Y3_R086_C06,PG_BOOL_R086,PG_BOOL_R086_C06,Y3_encoded_boolean,uuid_predicate,6,6,6,0,1.0,1.0,0.049999999999999996,0.0,0.0,0.5425,0.0,slot,not_computed
BOOTSTRAP_V4_1_TO_V5_RULESET_CONDITIONED,RS_Y3_R086_C07,PG_BOOL_R086,PG_BOOL_R086_C07,Y3_encoded_boolean,uuid_predicate,6,6,6,0,1.0,1.0,0.049999999999999996,0.0,0.0,0.5425,0.0,slot,not_computed
BOOTSTRAP_V4_1_TO_V5_RULESET_CONDITIONED,RS_Y3_R086_C08,PG_BOOL_R086,PG_BOOL_R086_C08,Y3_encoded_boolean,uuid_predicate,6,6,6,0,1.0,1.0,0.049999999999999996,0.0,0.0,0.5425,0.0,slot,not_computed
BOOTSTRAP_V4_1_TO_V5_RULESET_CONDITIONED,RS_Y3_R086_C09,PG_BOOL_R086,PG_BOOL_R086_C09,Y3_encoded_boolean,uuid_predicate,6,6,6,0,1.0,1.0,0.049999999999999996,0.0,0.0,0.5425,0.0,slot,not_computed
BOOTSTRAP_V4_1_TO_V5_RULESET_CONDITIONED,RS_Y3_R086_C10,PG_BOOL_R086,PG_BOOL_R086_C10,Y3_encoded_boolean,uuid_predicate,6,6,6,0,1.0,1.0,0.049999999999999996,0.0,0.0,0.5425,0.0,slot,not_computed
BOOTSTRAP_V4_1_TO_V5_RULESET_CONDITIONED,RS_Y3_R087_C01,PG_BOOL_R087,PG_BOOL_R087_C01,Y3_encoded_boolean,uuid_predicate,6,6,6,0,1.0,1.0,0.049999999999999996,0.0,0.0,0.5425,0.0,slot,not_computed
BOOTSTRAP_V4_1_TO_V5_RULESET_CONDITIONED,RS_Y3_R087_C02,PG_BOOL_R087,PG_BOOL_R087_C02,Y3_encoded_boolean,uuid_predicate,6,6,6,0,1.0,1.0,0.049999999999999996,0.0,0.0,0.5425,0.0,slot,not_computed
BOOTSTRAP_V4_1_TO_V5_RULESET_CONDITIONED,RS_Y3_R087_C03,PG_BOOL_R087,PG_BOOL_R087_C03,Y3_encoded_boolean,uuid_predicate,6,6,6,0,1.0,1.0,0.049999999999999996,0.0,0.0,0.5425,0.0,slot,not_computed
BOOTSTRAP_V4_1_TO_V5_RULESET_CONDITIONED,RS_Y3_R087_C04,PG_BOOL_R087,PG_BOOL_R087_C04,Y3_encoded_boolean,uuid_predicate,6,6,6,0,1.0,1.0,0.049999999999999996,0.0,0.0,0.5425,0.0,slot,not_computed
BOOTSTRAP_V4_1_TO_V5_RULESET_CONDITIONED,RS_Y3_R087_C05,PG_BOOL_R087,PG_BOOL_R087_C05,Y3_encoded_boolean,uuid_predicate,6,6,6,0,1.0,1.0,0.049999999999999996,0.0,0.0,0.5425,0.0,slot,not_computed
BOOTSTRAP_V4_1_TO_V5_RULESET_CONDITIONED,RS_Y3_R087_C06,PG_BOOL_R087,PG_BOOL_R087_C06,Y3_encoded_boolean,uuid_predicate,6,6,6,0,1.0,1.0,0.049999999999999996,0.0,0.0,0.5425,0.0,slot,not_computed
BOOTSTRAP_V4_1_TO_V5_RULESET_CONDITIONED,RS_Y3_R087_C07,PG_BOOL_R087,PG_BOOL_R087_C07,Y3_encoded_boolean,uuid_predicate,6,6,6,0,1.0,1.0,0.049999999999999996,0.0,0.0,0.5425,0.0,slot,not_computed
BOOTSTRAP_V4_1_TO_V5_RULESET_CONDITIONED,RS_Y3_R087_C08,PG_BOOL_R087,PG_BOOL_R087_C08,Y3_encoded_boolean,uuid_predicate,6,6,6,0,1.0,1.0,0.049999999999999996,0.0,0.0,0.5425,0.0,slot,not_computed
BOOTSTRAP_V4_1_TO_V5_RULESET_CONDITIONED,RS_Y3_R087_C09,PG_BOOL_R087,PG_BOOL_R087_C09,Y3_encoded_boolean,uuid_predicate,6,6,6,0,1.0,1.0,0.049999999999999996,0.0,0.0,0.5425,0.0,slot,not_computed
BOOTSTRAP_V4_1_TO_V5_RULESET_CONDITIONED,RS_Y3_R087_C10,PG_BOOL_R087,PG_BOOL_R087_C10,Y3_encoded_boolean,uuid_predicate,6,6,6,0,1.0,1.0,0.049999999999999996,0.0,0.0,0.5425,0.0,slot,not_computed
BOOTSTRAP_V4_1_TO_V5_RULESET_CONDITIONED,RS_Y3_R088_C01,PG_BOOL_R088,PG_BOOL_R088_C01,Y3_encoded_boolean,uuid_predicate,6,6,6,0,1.0,1.0,0.049999999999999996,0.0,0.0,0.49249999999999994,0.0,boolean+slot,not_computed
BOOTSTRAP_V4_1_TO_V5_RULESET_CONDITIONED,RS_Y3_R088_C02,PG_BOOL_R088,PG_BOOL_R088_C02,Y3_encoded_boolean,uuid_predicate,6,6,6,0,1.0,1.0,0.049999999999999996,0.0,0.0,0.49249999999999994,0.0,boolean+slot,not_computed
BOOTSTRAP_V4_1_TO_V5_RULESET_CONDITIONED,RS_Y3_R088_C03,PG_BOOL_R088,PG_BOOL_R088_C03,Y3_encoded_boolean,uuid_predicate,6,6,6,0,1.0,1.0,0.049999999999999996,0.0,0.0,0.5425,0.0,slot,not_computed
BOOTSTRAP_V4_1_TO_V5_RULESET_CONDITIONED,RS_Y3_R088_C04,PG_BOOL_R088,PG_BOOL_R088_C04,Y3_encoded_boolean,uuid_predicate,6,6,6,0,1.0,1.0,0.049999999999999996,0.0,0.0,0.5425,0.0,slot,not_computed
BOOTSTRAP_V4_1_TO_V5_RULESET_CONDITIONED,RS_Y3_R088_C05,PG_BOOL_R088,PG_BOOL_R088_C05,Y3_encoded_boolean,uuid_predicate,6,6,6,0,1.0,1.0,0.049999999999999996,0.0,0.0,0.5425,0.0,slot,not_computed
BOOTSTRAP_V4_1_TO_V5_RULESET_CONDITIONED,RS_Y3_R088_C06,PG_BOOL_R088,PG_BOOL_R088_C06,Y3_encoded_boolean,uuid_predicate,6,6,6,0,1.0,1.0,0.049999999999999996,0.0,0.0,0.49249999999999994,0.0,boolean+slot,not_computed
BOOTSTRAP_V4_1_TO_V5_RULESET_CONDITIONED,RS_Y3_R088_C07,PG_BOOL_R088,PG_BOOL_R088_C07,Y3_encoded_boolean,uuid_predicate,6,6,6,0,1.0,1.0,0.049999999999999996,0.0,0.0,0.5425,0.0,slot,not_computed
BOOTSTRAP_V4_1_TO_V5_RULESET_CONDITIONED,RS_Y3_R088_C08,PG_BOOL_R088,PG_BOOL_R088_C08,Y3_encoded_boolean,uuid_predicate,6,6,6,0,1.0,1.0,0.049999999999999996,0.0,0.0,0.5425,0.0,slot,not_computed
BOOTSTRAP_V4_1_TO_V5_RULESET_CONDITIONED,RS_Y3_R088_C09,PG_BOOL_R088,PG_BOOL_R088_C09,Y3_encoded_boolean,uuid_predicate,6,6,6,0,1.0,1.0,0.049999999999999996,0.0,0.0,0.5425,0.0,slot,not_computed
BOOTSTRAP_V4_1_TO_V5_RULESET_CONDITIONED,RS_Y3_R088_C10,PG_BOOL_R088,PG_BOOL_R088_C10,Y3_encoded_boolean,uuid_predicate,6,6,6,0,1.0,1.0,0.049999999999999996,0.0,0.0,0.49249999999999994,0.0,boolean+slot,not_computed
BOOTSTRAP_V4_1_TO_V5_RULESET_CONDITIONED,RS_Y3_R089_C01,PG_BOOL_R089,PG_BOOL_R089_C01,Y3_encoded_boolean,uuid_predicate,6,6,6,0,1.0,1.0,0.25000000000000006,0.0,0.0,0.5725,0.0,slot,not_computed
BOOTSTRAP_V4_1_TO_V5_RULESET_CONDITIONED,RS_Y3_R089_C02,PG_BOOL_R089,PG_BOOL_R089_C02,Y3_encoded_boolean,uuid_predicate,6,6,6,0,1.0,1.0,0.25000000000000006,0.0,0.0,0.5725,0.0,slot,not_computed
BOOTSTRAP_V4_1_TO_V5_RULESET_CONDITIONED,RS_Y3_R089_C03,PG_BOOL_R089,PG_BOOL_R089_C03,Y3_encoded_boolean,uuid_predicate,6,6,6,0,1.0,1.0,0.24999999999999997,0.0,0.0,0.5724999999999999,0.0,slot,not_computed
BOOTSTRAP_V4_1_TO_V5_RULESET_CONDITIONED,RS_Y3_R089_C04,PG_BOOL_R089,PG_BOOL_R089_C04,Y3_encoded_boolean,uuid_predicate,6,6,6,0,1.0,1.0,0.25000000000000006,0.0,0.0,0.5725,0.0,slot,not_computed
BOOTSTRAP_V4_1_TO_V5_RULESET_CONDITIONED,RS_Y3_R089_C05,PG_BOOL_R089,PG_BOOL_R089_C05,Y3_encoded_boolean,uuid_predicate,6,6,6,0,1.0,1.0,0.25000000000000006,0.0,0.0,0.5725,0.0,slot,not_computed
BOOTSTRAP_V4_1_TO_V5_RULESET_CONDITIONED,RS_Y3_R089_C06,PG_BOOL_R089,PG_BOOL_R089_C06,Y3_encoded_boolean,uuid_predicate,6,6,6,0,1.0,1.0,0.25000000000000006,0.0,0.0,0.5725,0.0,slot,not_computed
BOOTSTRAP_V4_1_TO_V5_RULESET_CONDITIONED,RS_Y3_R089_C07,PG_BOOL_R089,PG_BOOL_R089_C07,Y3_encoded_boolean,uuid_predicate,6,6,6,0,1.0,1.0,0.25000000000000006,0.0,0.0,0.5725,0.0,slot,not_computed
BOOTSTRAP_V4_1_TO_V5_RULESET_CONDITIONED,RS_Y3_R089_C08,PG_BOOL_R089,PG_BOOL_R089_C08,Y3_encoded_boolean,uuid_predicate,6,6,6,0,1.0,1.0,0.25000000000000006,0.0,0.0,0.5725,0.0,slot,not_computed
BOOTSTRAP_V4_1_TO_V5_RULESET_CONDITIONED,RS_Y3_R089_C09,PG_BOOL_R089,PG_BOOL_R089_C09,Y3_encoded_boolean,uuid_predicate,6,6,6,0,1.0,1.0,0.25000000000000006,0.0,0.0,0.5725,0.0,slot,not_computed
BOOTSTRAP_V4_1_TO_V5_RULESET_CONDITIONED,RS_Y3_R089_C10,PG_BOOL_R089,PG_BOOL_R089_C10,Y3_encoded_boolean,uuid_predicate,6,6,6,0,1.0,1.0,0.25000000000000006,0.0,0.0,0.5725,0.0,slot,not_computed
BOOTSTRAP_V4_1_TO_V5_RULESET_CONDITIONED,RS_Y3_R090_C01,PG_BOOL_R090,PG_BOOL_R090_C01,Y3_encoded_boolean,uuid_predicate,6,6,6,0,1.0,1.0,0.3,0.0,0.0,0.58,0.0,slot,not_computed
BOOTSTRAP_V4_1_TO_V5_RULESET_CONDITIONED,RS_Y3_R090_C02,PG_BOOL_R090,PG_BOOL_R090_C02,Y3_encoded_boolean,uuid_predicate,6,6,6,0,1.0,1.0,0.3,0.0,0.0,0.58,0.0,slot,not_computed
BOOTSTRAP_V4_1_TO_V5_RULESET_CONDITIONED,RS_Y3_R090_C03,PG_BOOL_R090,PG_BOOL_R090_C03,Y3_encoded_boolean,uuid_predicate,6,6,6,0,1.0,1.0,0.3,0.0,0.0,0.58,0.0,slot,not_computed
BOOTSTRAP_V4_1_TO_V5_RULESET_CONDITIONED,RS_Y3_R090_C04,PG_BOOL_R090,PG_BOOL_R090_C04,Y3_encoded_boolean,uuid_predicate,6,6,6,0,1.0,1.0,0.3,0.0,0.0,0.58,0.0,slot,not_computed
BOOTSTRAP_V4_1_TO_V5_RULESET_CONDITIONED,RS_Y3_R090_C05,PG_BOOL_R090,PG_BOOL_R090_C05,Y3_encoded_boolean,uuid_predicate,6,6,6,0,1.0,1.0,0.3,0.0,0.0,0.58,0.0,slot,not_computed
BOOTSTRAP_V4_1_TO_V5_RULESET_CONDITIONED,RS_Y3_R090_C06,PG_BOOL_R090,PG_BOOL_R090_C06,Y3_encoded_boolean,uuid_predicate,6,6,6,0,1.0,1.0,0.3,0.0,0.0,0.58,0.0,slot,not_computed
BOOTSTRAP_V4_1_TO_V5_RULESET_CONDITIONED,RS_Y3_R090_C07,PG_BOOL_R090,PG_BOOL_R090_C07,Y3_encoded_boolean,uuid_predicate,6,6,6,0,1.0,1.0,0.3,0.0,0.0,0.58,0.0,slot,not_computed
BOOTSTRAP_V4_1_TO_V5_RULESET_CONDITIONED,RS_Y3_R090_C08,PG_BOOL_R090,PG_BOOL_R090_C08,Y3_encoded_boolean,uuid_predicate,6,6,6,0,1.0,1.0,0.3,0.0,0.0,0.58,0.0,slot,not_computed
BOOTSTRAP_V4_1_TO_V5_RULESET_CONDITIONED,RS_Y3_R090_C09,PG_BOOL_R090,PG_BOOL_R090_C09,Y3_encoded_boolean,uuid_predicate,6,6,6,0,1.0,1.0,0.3,0.0,0.0,0.58,0.0,slot,not_computed
BOOTSTRAP_V4_1_TO_V5_RULESET_CONDITIONED,RS_Y3_R090_C10,PG_BOOL_R090,PG_BOOL_R090_C10,Y3_encoded_boolean,uuid_predicate,6,6,6,0,1.0,1.0,0.3,0.0,0.0,0.58,0.0,slot,not_computed
BOOTSTRAP_V4_1_TO_V5_RULESET_CONDITIONED,RS_Y3_R091_C01,PG_BOOL_R091,PG_BOOL_R091_C01,Y3_encoded_boolean,full_text_predicate,6,6,6,0,1.0,1.0,1.0,0.0,0.0,0.585,0.0,boolean,not_computed
BOOTSTRAP_V4_1_TO_V5_RULESET_CONDITIONED,RS_Y3_R091_C02,PG_BOOL_R091,PG_BOOL_R091_C02,Y3_encoded_boolean,full_text_predicate,6,6,6,0,1.0,1.0,1.0,0.0,0.0,0.585,0.0,boolean,not_computed
BOOTSTRAP_V4_1_TO_V5_RULESET_CONDITIONED,RS_Y3_R091_C03,PG_BOOL_R091,PG_BOOL_R091_C03,Y3_encoded_boolean,full_text_predicate,6,6,6,6,1.0,1.0,1.0,0.0,0.0,0.9350000000000002,0.0,none,not_computed
BOOTSTRAP_V4_1_TO_V5_RULESET_CONDITIONED,RS_Y3_R091_C04,PG_BOOL_R091,PG_BOOL_R091_C04,Y3_encoded_boolean,full_text_predicate,6,6,6,6,1.0,1.0,1.0,0.0,0.0,0.9350000000000002,0.0,none,not_computed
BOOTSTRAP_V4_1_TO_V5_RULESET_CONDITIONED,RS_Y3_R091_C05,PG_BOOL_R091,PG_BOOL_R091_C05,Y3_encoded_boolean,full_text_predicate,6,6,6,6,1.0,1.0,1.0,0.0,0.0,0.9350000000000002,0.0,none,not_computed
BOOTSTRAP_V4_1_TO_V5_RULESET_CONDITIONED,RS_Y3_R091_C06,PG_BOOL_R091,PG_BOOL_R091_C06,Y3_encoded_boolean,full_text_predicate,6,6,6,0,1.0,1.0,1.0,0.0,0.0,0.585,0.0,boolean,not_computed
BOOTSTRAP_V4_1_TO_V5_RULESET_CONDITIONED,RS_Y3_R091_C07,PG_BOOL_R091,PG_BOOL_R091_C07,Y3_encoded_boolean,full_text_predicate,6,6,6,6,1.0,1.0,1.0,0.0,0.0,0.9350000000000002,0.0,none,not_computed
BOOTSTRAP_V4_1_TO_V5_RULESET_CONDITIONED,RS_Y3_R091_C08,PG_BOOL_R091,PG_BOOL_R091_C08,Y3_encoded_boolean,full_text_predicate,6,6,6,6,1.0,1.0,1.0,0.0,0.0,0.9350000000000002,0.0,none,not_computed
BOOTSTRAP_V4_1_TO_V5_RULESET_CONDITIONED,RS_Y3_R091_C09,PG_BOOL_R091,PG_BOOL_R091_C09,Y3_encoded_boolean,full_text_predicate,6,6,6,6,1.0,1.0,1.0,0.0,0.0,0.9350000000000002,0.0,none,not_computed
BOOTSTRAP_V4_1_TO_V5_RULESET_CONDITIONED,RS_Y3_R091_C10,PG_BOOL_R091,PG_BOOL_R091_C10,Y3_encoded_boolean,full_text_predicate,6,6,6,0,1.0,1.0,1.0,0.0,0.0,0.585,0.0,boolean,not_computed
BOOTSTRAP_V4_1_TO_V5_RULESET_CONDITIONED,RS_Y3_R092_C01,PG_BOOL_R092,PG_BOOL_R092_C01,Y3_encoded_boolean,full_text_predicate,6,6,6,0,1.0,1.0,1.0,0.0,0.0,0.585,0.0,boolean,not_computed
BOOTSTRAP_V4_1_TO_V5_RULESET_CONDITIONED,RS_Y3_R092_C02,PG_BOOL_R092,PG_BOOL_R092_C02,Y3_encoded_boolean,full_text_predicate,6,6,6,0,1.0,1.0,1.0,0.0,0.0,0.585,0.0,boolean,not_computed
BOOTSTRAP_V4_1_TO_V5_RULESET_CONDITIONED,RS_Y3_R092_C03,PG_BOOL_R092,PG_BOOL_R092_C03,Y3_encoded_boolean,full_text_predicate,6,6,6,6,1.0,1.0,1.0,0.0,0.0,0.9350000000000002,0.0,none,not_computed
BOOTSTRAP_V4_1_TO_V5_RULESET_CONDITIONED,RS_Y3_R092_C04,PG_BOOL_R092,PG_BOOL_R092_C04,Y3_encoded_boolean,full_text_predicate,6,6,6,6,1.0,1.0,1.0,0.0,0.0,0.9350000000000002,0.0,none,not_computed
BOOTSTRAP_V4_1_TO_V5_RULESET_CONDITIONED,RS_Y3_R092_C05,PG_BOOL_R092,PG_BOOL_R092_C05,Y3_encoded_boolean,full_text_predicate,6,6,6,6,1.0,1.0,1.0,0.0,0.0,0.9350000000000002,0.0,none,not_computed
BOOTSTRAP_V4_1_TO_V5_RULESET_CONDITIONED,RS_Y3_R092_C06,PG_BOOL_R092,PG_BOOL_R092_C06,Y3_encoded_boolean,full_text_predicate,6,6,6,0,1.0,1.0,1.0,0.0,0.0,0.585,0.0,boolean,not_computed
BOOTSTRAP_V4_1_TO_V5_RULESET_CONDITIONED,RS_Y3_R092_C07,PG_BOOL_R092,PG_BOOL_R092_C07,Y3_encoded_boolean,full_text_predicate,6,6,6,6,1.0,1.0,1.0,0.0,0.0,0.9350000000000002,0.0,none,not_computed
BOOTSTRAP_V4_1_TO_V5_RULESET_CONDITIONED,RS_Y3_R092_C08,PG_BOOL_R092,PG_BOOL_R092_C08,Y3_encoded_boolean,full_text_predicate,6,6,6,6,1.0,1.0,1.0,0.0,0.0,0.9350000000000002,0.0,none,not_computed
BOOTSTRAP_V4_1_TO_V5_RULESET_CONDITIONED,RS_Y3_R092_C09,PG_BOOL_R092,PG_BOOL_R092_C09,Y3_encoded_boolean,full_text_predicate,6,6,6,6,1.0,1.0,1.0,0.0,0.0,0.9350000000000002,0.0,none,not_computed
BOOTSTRAP_V4_1_TO_V5_RULESET_CONDITIONED,RS_Y3_R092_C10,PG_BOOL_R092,PG_BOOL_R092_C10,Y3_encoded_boolean,full_text_predicate,6,6,6,0,1.0,1.0,1.0,0.0,0.0,0.585,0.0,boolean,not_computed
BOOTSTRAP_V4_1_TO_V5_RULESET_CONDITIONED,RS_Y3_R093_C01,PG_BOOL_R093,PG_BOOL_R093_C01,Y3_encoded_boolean,full_text_predicate,6,6,6,6,1.0,1.0,1.0,0.0,0.0,0.9350000000000002,0.0,none,not_computed
BOOTSTRAP_V4_1_TO_V5_RULESET_CONDITIONED,RS_Y3_R093_C02,PG_BOOL_R093,PG_BOOL_R093_C02,Y3_encoded_boolean,full_text_predicate,6,6,6,6,1.0,1.0,1.0,0.0,0.0,0.9350000000000002,0.0,none,not_computed
BOOTSTRAP_V4_1_TO_V5_RULESET_CONDITIONED,RS_Y3_R093_C03,PG_BOOL_R093,PG_BOOL_R093_C03,Y3_encoded_boolean,full_text_predicate,6,6,6,6,1.0,1.0,1.0,0.0,0.0,0.9350000000000002,0.0,none,not_computed
BOOTSTRAP_V4_1_TO_V5_RULESET_CONDITIONED,RS_Y3_R093_C04,PG_BOOL_R093,PG_BOOL_R093_C04,Y3_encoded_boolean,full_text_predicate,6,6,6,6,1.0,1.0,1.0,0.0,0.0,0.9350000000000002,0.0,none,not_computed
BOOTSTRAP_V4_1_TO_V5_RULESET_CONDITIONED,RS_Y3_R093_C05,PG_BOOL_R093,PG_BOOL_R093_C05,Y3_encoded_boolean,full_text_predicate,6,6,6,6,1.0,1.0,1.0,0.0,0.0,0.9350000000000002,0.0,none,not_computed
BOOTSTRAP_V4_1_TO_V5_RULESET_CONDITIONED,RS_Y3_R093_C06,PG_BOOL_R093,PG_BOOL_R093_C06,Y3_encoded_boolean,full_text_predicate,6,6,6,6,1.0,1.0,1.0,0.0,0.0,0.9350000000000002,0.0,none,not_computed
BOOTSTRAP_V4_1_TO_V5_RULESET_CONDITIONED,RS_Y3_R093_C07,PG_BOOL_R093,PG_BOOL_R093_C07,Y3_encoded_boolean,full_text_predicate,6,6,6,6,1.0,1.0,1.0,0.0,0.0,0.9350000000000002,0.0,none,not_computed
BOOTSTRAP_V4_1_TO_V5_RULESET_CONDITIONED,RS_Y3_R093_C08,PG_BOOL_R093,PG_BOOL_R093_C08,Y3_encoded_boolean,full_text_predicate,6,6,6,6,1.0,1.0,1.0,0.0,0.0,0.9350000000000002,0.0,none,not_computed
BOOTSTRAP_V4_1_TO_V5_RULESET_CONDITIONED,RS_Y3_R093_C09,PG_BOOL_R093,PG_BOOL_R093_C09,Y3_encoded_boolean,full_text_predicate,6,6,6,6,1.0,1.0,1.0,0.0,0.0,0.9350000000000002,0.0,none,not_computed
BOOTSTRAP_V4_1_TO_V5_RULESET_CONDITIONED,RS_Y3_R093_C10,PG_BOOL_R093,PG_BOOL_R093_C10,Y3_encoded_boolean,full_text_predicate,6,6,6,6,1.0,1.0,1.0,0.0,0.0,0.9350000000000002,0.0,none,not_computed
BOOTSTRAP_V4_1_TO_V5_RULESET_CONDITIONED,RS_Y3_R094_C01,PG_BOOL_R094,PG_BOOL_R094_C01,Y3_encoded_boolean,full_text_predicate,6,6,6,6,1.0,1.0,1.0,0.0,0.0,0.9350000000000002,0.0,none,not_computed
BOOTSTRAP_V4_1_TO_V5_RULESET_CONDITIONED,RS_Y3_R094_C02,PG_BOOL_R094,PG_BOOL_R094_C02,Y3_encoded_boolean,full_text_predicate,6,6,6,6,1.0,1.0,1.0,0.0,0.0,0.9350000000000002,0.0,none,not_computed
BOOTSTRAP_V4_1_TO_V5_RULESET_CONDITIONED,RS_Y3_R094_C03,PG_BOOL_R094,PG_BOOL_R094_C03,Y3_encoded_boolean,full_text_predicate,6,6,6,6,1.0,1.0,1.0,0.0,0.0,0.9350000000000002,0.0,none,not_computed
BOOTSTRAP_V4_1_TO_V5_RULESET_CONDITIONED,RS_Y3_R094_C04,PG_BOOL_R094,PG_BOOL_R094_C04,Y3_encoded_boolean,full_text_predicate,6,6,6,6,1.0,1.0,1.0,0.0,0.0,0.9350000000000002,0.0,none,not_computed
BOOTSTRAP_V4_1_TO_V5_RULESET_CONDITIONED,RS_Y3_R094_C05,PG_BOOL_R094,PG_BOOL_R094_C05,Y3_encoded_boolean,full_text_predicate,6,6,6,6,1.0,1.0,1.0,0.0,0.0,0.9350000000000002,0.0,none,not_computed
BOOTSTRAP_V4_1_TO_V5_RULESET_CONDITIONED,RS_Y3_R094_C06,PG_BOOL_R094,PG_BOOL_R094_C06,Y3_encoded_boolean,full_text_predicate,6,6,6,6,1.0,1.0,1.0,0.0,0.0,0.9350000000000002,0.0,none,not_computed
BOOTSTRAP_V4_1_TO_V5_RULESET_CONDITIONED,RS_Y3_R094_C07,PG_BOOL_R094,PG_BOOL_R094_C07,Y3_encoded_boolean,full_text_predicate,6,6,6,6,1.0,1.0,1.0,0.0,0.0,0.9350000000000002,0.0,none,not_computed
BOOTSTRAP_V4_1_TO_V5_RULESET_CONDITIONED,RS_Y3_R094_C08,PG_BOOL_R094,PG_BOOL_R094_C08,Y3_encoded_boolean,full_text_predicate,6,6,6,6,1.0,1.0,1.0,0.0,0.0,0.9350000000000002,0.0,none,not_computed
BOOTSTRAP_V4_1_TO_V5_RULESET_CONDITIONED,RS_Y3_R094_C09,PG_BOOL_R094,PG_BOOL_R094_C09,Y3_encoded_boolean,full_text_predicate,6,6,6,6,1.0,1.0,1.0,0.0,0.0,0.9350000000000002,0.0,none,not_computed
BOOTSTRAP_V4_1_TO_V5_RULESET_CONDITIONED,RS_Y3_R094_C10,PG_BOOL_R094,PG_BOOL_R094_C10,Y3_encoded_boolean,full_text_predicate,6,6,6,6,1.0,1.0,1.0,0.0,0.0,0.9350000000000002,0.0,none,not_computed
BOOTSTRAP_V4_1_TO_V5_RULESET_CONDITIONED,RS_Y3_R095_C01,PG_BOOL_R095,PG_BOOL_R095_C01,Y3_encoded_boolean,full_text_predicate,6,6,6,0,1.0,1.0,1.0,0.0,0.0,0.585,0.0,boolean,not_computed
BOOTSTRAP_V4_1_TO_V5_RULESET_CONDITIONED,RS_Y3_R095_C02,PG_BOOL_R095,PG_BOOL_R095_C02,Y3_encoded_boolean,full_text_predicate,6,6,6,0,1.0,1.0,1.0,0.0,0.0,0.585,0.0,boolean,not_computed
BOOTSTRAP_V4_1_TO_V5_RULESET_CONDITIONED,RS_Y3_R095_C03,PG_BOOL_R095,PG_BOOL_R095_C03,Y3_encoded_boolean,full_text_predicate,6,6,6,6,1.0,1.0,1.0,0.0,0.0,0.9350000000000002,0.0,none,not_computed
BOOTSTRAP_V4_1_TO_V5_RULESET_CONDITIONED,RS_Y3_R095_C04,PG_BOOL_R095,PG_BOOL_R095_C04,Y3_encoded_boolean,full_text_predicate,6,6,6,6,1.0,1.0,1.0,0.0,0.0,0.9350000000000002,0.0,none,not_computed
BOOTSTRAP_V4_1_TO_V5_RULESET_CONDITIONED,RS_Y3_R095_C05,PG_BOOL_R095,PG_BOOL_R095_C05,Y3_encoded_boolean,full_text_predicate,6,6,6,6,1.0,1.0,1.0,0.0,0.0,0.9350000000000002,0.0,none,not_computed
BOOTSTRAP_V4_1_TO_V5_RULESET_CONDITIONED,RS_Y3_R095_C06,PG_BOOL_R095,PG_BOOL_R095_C06,Y3_encoded_boolean,full_text_predicate,6,6,6,0,1.0,1.0,1.0,0.0,0.0,0.585,0.0,boolean,not_computed
BOOTSTRAP_V4_1_TO_V5_RULESET_CONDITIONED,RS_Y3_R095_C07,PG_BOOL_R095,PG_BOOL_R095_C07,Y3_encoded_boolean,full_text_predicate,6,6,6,6,1.0,1.0,1.0,0.0,0.0,0.9350000000000002,0.0,none,not_computed
BOOTSTRAP_V4_1_TO_V5_RULESET_CONDITIONED,RS_Y3_R095_C08,PG_BOOL_R095,PG_BOOL_R095_C08,Y3_encoded_boolean,full_text_predicate,6,6,6,6,1.0,1.0,1.0,0.0,0.0,0.9350000000000002,0.0,none,not_computed
BOOTSTRAP_V4_1_TO_V5_RULESET_CONDITIONED,RS_Y3_R095_C09,PG_BOOL_R095,PG_BOOL_R095_C09,Y3_encoded_boolean,full_text_predicate,6,6,6,6,1.0,1.0,1.0,0.0,0.0,0.9350000000000002,0.0,none,not_computed
BOOTSTRAP_V4_1_TO_V5_RULESET_CONDITIONED,RS_Y3_R095_C10,PG_BOOL_R095,PG_BOOL_R095_C10,Y3_encoded_boolean,full_text_predicate,6,6,6,0,1.0,1.0,1.0,0.0,0.0,0.585,0.0,boolean,not_computed
BOOTSTRAP_V4_1_TO_V5_RULESET_CONDITIONED,RS_Y3_R096_C01,PG_BOOL_R096,PG_BOOL_R096_C01,Y3_encoded_boolean,logical_composition,6,6,6,6,1.0,1.0,1.0,0.0,0.0,0.9350000000000002,0.0,none,not_computed
BOOTSTRAP_V4_1_TO_V5_RULESET_CONDITIONED,RS_Y3_R096_C02,PG_BOOL_R096,PG_BOOL_R096_C02,Y3_encoded_boolean,logical_composition,6,6,6,6,1.0,1.0,1.0,0.0,0.0,0.9350000000000002,0.0,none,not_computed
BOOTSTRAP_V4_1_TO_V5_RULESET_CONDITIONED,RS_Y3_R096_C03,PG_BOOL_R096,PG_BOOL_R096_C03,Y3_encoded_boolean,logical_composition,6,6,6,6,1.0,1.0,1.0,0.0,0.0,0.9350000000000002,0.0,none,not_computed
BOOTSTRAP_V4_1_TO_V5_RULESET_CONDITIONED,RS_Y3_R096_C04,PG_BOOL_R096,PG_BOOL_R096_C04,Y3_encoded_boolean,logical_composition,6,6,6,6,1.0,1.0,1.0,0.0,0.0,0.9350000000000002,0.0,none,not_computed
BOOTSTRAP_V4_1_TO_V5_RULESET_CONDITIONED,RS_Y3_R096_C05,PG_BOOL_R096,PG_BOOL_R096_C05,Y3_encoded_boolean,logical_composition,6,6,6,6,1.0,1.0,1.0,0.0,0.0,0.9350000000000002,0.0,none,not_computed
BOOTSTRAP_V4_1_TO_V5_RULESET_CONDITIONED,RS_Y3_R096_C06,PG_BOOL_R096,PG_BOOL_R096_C06,Y3_encoded_boolean,logical_composition,6,6,6,6,1.0,1.0,1.0,0.0,0.0,0.9350000000000002,0.0,none,not_computed
BOOTSTRAP_V4_1_TO_V5_RULESET_CONDITIONED,RS_Y3_R096_C07,PG_BOOL_R096,PG_BOOL_R096_C07,Y3_encoded_boolean,logical_composition,6,6,6,6,1.0,1.0,1.0,0.0,0.0,0.9350000000000002,0.0,none,not_computed
BOOTSTRAP_V4_1_TO_V5_RULESET_CONDITIONED,RS_Y3_R096_C08,PG_BOOL_R096,PG_BOOL_R096_C08,Y3_encoded_boolean,logical_composition,6,6,6,6,1.0,1.0,1.0,0.0,0.0,0.9350000000000002,0.0,none,not_computed
BOOTSTRAP_V4_1_TO_V5_RULESET_CONDITIONED,RS_Y3_R096_C09,PG_BOOL_R096,PG_BOOL_R096_C09,Y3_encoded_boolean,logical_composition,6,6,6,6,1.0,1.0,1.0,0.0,0.0,0.9350000000000002,0.0,none,not_computed
BOOTSTRAP_V4_1_TO_V5_RULESET_CONDITIONED,RS_Y3_R096_C10,PG_BOOL_R096,PG_BOOL_R096_C10,Y3_encoded_boolean,logical_composition,6,6,6,6,1.0,1.0,1.0,0.0,0.0,0.9350000000000002,0.0,none,not_computed
BOOTSTRAP_V4_1_TO_V5_RULESET_CONDITIONED,RS_Y3_R097_C01,PG_BOOL_R097,PG_BOOL_R097_C01,Y3_encoded_boolean,logical_composition,6,6,6,6,1.0,1.0,1.0,0.0,0.0,0.9350000000000002,0.0,none,not_computed
BOOTSTRAP_V4_1_TO_V5_RULESET_CONDITIONED,RS_Y3_R097_C02,PG_BOOL_R097,PG_BOOL_R097_C02,Y3_encoded_boolean,logical_composition,6,6,6,6,1.0,1.0,1.0,0.0,0.0,0.9350000000000002,0.0,none,not_computed
BOOTSTRAP_V4_1_TO_V5_RULESET_CONDITIONED,RS_Y3_R097_C03,PG_BOOL_R097,PG_BOOL_R097_C03,Y3_encoded_boolean,logical_composition,6,6,6,6,1.0,1.0,1.0,0.0,0.0,0.9350000000000002,0.0,none,not_computed
BOOTSTRAP_V4_1_TO_V5_RULESET_CONDITIONED,RS_Y3_R097_C04,PG_BOOL_R097,PG_BOOL_R097_C04,Y3_encoded_boolean,logical_composition,6,6,6,6,1.0,1.0,1.0,0.0,0.0,0.9350000000000002,0.0,none,not_computed
BOOTSTRAP_V4_1_TO_V5_RULESET_CONDITIONED,RS_Y3_R097_C05,PG_BOOL_R097,PG_BOOL_R097_C05,Y3_encoded_boolean,logical_composition,6,6,6,6,1.0,1.0,1.0,0.0,0.0,0.9350000000000002,0.0,none,not_computed
BOOTSTRAP_V4_1_TO_V5_RULESET_CONDITIONED,RS_Y3_R097_C06,PG_BOOL_R097,PG_BOOL_R097_C06,Y3_encoded_boolean,logical_composition,6,6,6,6,1.0,1.0,1.0,0.0,0.0,0.9350000000000002,0.0,none,not_computed
BOOTSTRAP_V4_1_TO_V5_RULESET_CONDITIONED,RS_Y3_R097_C07,PG_BOOL_R097,PG_BOOL_R097_C07,Y3_encoded_boolean,logical_composition,6,6,6,6,1.0,1.0,1.0,0.0,0.0,0.9350000000000002,0.0,none,not_computed
BOOTSTRAP_V4_1_TO_V5_RULESET_CONDITIONED,RS_Y3_R097_C08,PG_BOOL_R097,PG_BOOL_R097_C08,Y3_encoded_boolean,logical_composition,6,6,6,6,1.0,1.0,1.0,0.0,0.0,0.9350000000000002,0.0,none,not_computed
BOOTSTRAP_V4_1_TO_V5_RULESET_CONDITIONED,RS_Y3_R097_C09,PG_BOOL_R097,PG_BOOL_R097_C09,Y3_encoded_boolean,logical_composition,6,6,6,6,1.0,1.0,1.0,0.0,0.0,0.9350000000000002,0.0,none,not_computed
BOOTSTRAP_V4_1_TO_V5_RULESET_CONDITIONED,RS_Y3_R097_C10,PG_BOOL_R097,PG_BOOL_R097_C10,Y3_encoded_boolean,logical_composition,6,6,6,6,1.0,1.0,1.0,0.0,0.0,0.9350000000000002,0.0,none,not_computed
BOOTSTRAP_V4_1_TO_V5_RULESET_CONDITIONED,RS_Y3_R098_C01,PG_BOOL_R098,PG_BOOL_R098_C01,Y3_encoded_boolean,logical_composition,6,6,6,6,1.0,1.0,1.0,0.0,0.0,0.9350000000000002,0.0,none,not_computed
BOOTSTRAP_V4_1_TO_V5_RULESET_CONDITIONED,RS_Y3_R098_C02,PG_BOOL_R098,PG_BOOL_R098_C02,Y3_encoded_boolean,logical_composition,6,6,6,6,1.0,1.0,1.0,0.0,0.0,0.9350000000000002,0.0,none,not_computed
BOOTSTRAP_V4_1_TO_V5_RULESET_CONDITIONED,RS_Y3_R098_C03,PG_BOOL_R098,PG_BOOL_R098_C03,Y3_encoded_boolean,logical_composition,6,6,6,6,1.0,1.0,1.0,0.0,0.0,0.9350000000000002,0.0,none,not_computed
BOOTSTRAP_V4_1_TO_V5_RULESET_CONDITIONED,RS_Y3_R098_C04,PG_BOOL_R098,PG_BOOL_R098_C04,Y3_encoded_boolean,logical_composition,6,6,6,6,1.0,1.0,1.0,0.0,0.0,0.9350000000000002,0.0,none,not_computed
BOOTSTRAP_V4_1_TO_V5_RULESET_CONDITIONED,RS_Y3_R098_C05,PG_BOOL_R098,PG_BOOL_R098_C05,Y3_encoded_boolean,logical_composition,6,6,6,6,1.0,1.0,1.0,0.0,0.0,0.9350000000000002,0.0,none,not_computed
BOOTSTRAP_V4_1_TO_V5_RULESET_CONDITIONED,RS_Y3_R098_C06,PG_BOOL_R098,PG_BOOL_R098_C06,Y3_encoded_boolean,logical_composition,6,6,6,6,1.0,1.0,1.0,0.0,0.0,0.9350000000000002,0.0,none,not_computed
BOOTSTRAP_V4_1_TO_V5_RULESET_CONDITIONED,RS_Y3_R098_C07,PG_BOOL_R098,PG_BOOL_R098_C07,Y3_encoded_boolean,logical_composition,6,6,6,6,1.0,1.0,1.0,0.0,0.0,0.9350000000000002,0.0,none,not_computed
BOOTSTRAP_V4_1_TO_V5_RULESET_CONDITIONED,RS_Y3_R098_C08,PG_BOOL_R098,PG_BOOL_R098_C08,Y3_encoded_boolean,logical_composition,6,6,6,6,1.0,1.0,1.0,0.0,0.0,0.9350000000000002,0.0,none,not_computed
BOOTSTRAP_V4_1_TO_V5_RULESET_CONDITIONED,RS_Y3_R098_C09,PG_BOOL_R098,PG_BOOL_R098_C09,Y3_encoded_boolean,logical_composition,6,6,6,6,1.0,1.0,1.0,0.0,0.0,0.9350000000000002,0.0,none,not_computed
BOOTSTRAP_V4_1_TO_V5_RULESET_CONDITIONED,RS_Y3_R098_C10,PG_BOOL_R098,PG_BOOL_R098_C10,Y3_encoded_boolean,logical_composition,6,6,6,6,1.0,1.0,1.0,0.0,0.0,0.9350000000000002,0.0,none,not_computed
BOOTSTRAP_V4_1_TO_V5_RULESET_CONDITIONED,RS_Y3_R099_C01,PG_BOOL_R099,PG_BOOL_R099_C01,Y3_encoded_boolean,logical_composition,6,6,6,6,1.0,1.0,1.0,0.0,0.0,0.9350000000000002,0.0,none,not_computed
BOOTSTRAP_V4_1_TO_V5_RULESET_CONDITIONED,RS_Y3_R099_C02,PG_BOOL_R099,PG_BOOL_R099_C02,Y3_encoded_boolean,logical_composition,6,6,6,6,1.0,1.0,1.0,0.0,0.0,0.9350000000000002,0.0,none,not_computed
BOOTSTRAP_V4_1_TO_V5_RULESET_CONDITIONED,RS_Y3_R099_C03,PG_BOOL_R099,PG_BOOL_R099_C03,Y3_encoded_boolean,logical_composition,6,6,6,6,1.0,1.0,1.0,0.0,0.0,0.9350000000000002,0.0,none,not_computed
BOOTSTRAP_V4_1_TO_V5_RULESET_CONDITIONED,RS_Y3_R099_C04,PG_BOOL_R099,PG_BOOL_R099_C04,Y3_encoded_boolean,logical_composition,6,6,6,6,1.0,1.0,1.0,0.0,0.0,0.9350000000000002,0.0,none,not_computed
BOOTSTRAP_V4_1_TO_V5_RULESET_CONDITIONED,RS_Y3_R099_C05,PG_BOOL_R099,PG_BOOL_R099_C05,Y3_encoded_boolean,logical_composition,6,6,6,6,1.0,1.0,1.0,0.0,0.0,0.9350000000000002,0.0,none,not_computed
BOOTSTRAP_V4_1_TO_V5_RULESET_CONDITIONED,RS_Y3_R099_C06,PG_BOOL_R099,PG_BOOL_R099_C06,Y3_encoded_boolean,logical_composition,6,6,6,6,1.0,1.0,1.0,0.0,0.0,0.9350000000000002,0.0,none,not_computed
BOOTSTRAP_V4_1_TO_V5_RULESET_CONDITIONED,RS_Y3_R099_C07,PG_BOOL_R099,PG_BOOL_R099_C07,Y3_encoded_boolean,logical_composition,6,6,6,6,1.0,1.0,1.0,0.0,0.0,0.9350000000000002,0.0,none,not_computed
BOOTSTRAP_V4_1_TO_V5_RULESET_CONDITIONED,RS_Y3_R099_C08,PG_BOOL_R099,PG_BOOL_R099_C08,Y3_encoded_boolean,logical_composition,6,6,6,6,1.0,1.0,1.0,0.0,0.0,0.9350000000000002,0.0,none,not_computed
BOOTSTRAP_V4_1_TO_V5_RULESET_CONDITIONED,RS_Y3_R099_C09,PG_BOOL_R099,PG_BOOL_R099_C09,Y3_encoded_boolean,logical_composition,6,6,6,6,1.0,1.0,1.0,0.0,0.0,0.9350000000000002,0.0,none,not_computed
BOOTSTRAP_V4_1_TO_V5_RULESET_CONDITIONED,RS_Y3_R099_C10,PG_BOOL_R099,PG_BOOL_R099_C10,Y3_encoded_boolean,logical_composition,6,6,6,6,1.0,1.0,1.0,0.0,0.0,0.9350000000000002,0.0,none,not_computed
BOOTSTRAP_V4_1_TO_V5_RULESET_CONDITIONED,RS_Y3_R100_C01,PG_BOOL_R100,PG_BOOL_R100_C01,Y3_encoded_boolean,logical_composition,6,6,6,6,1.0,1.0,1.0,0.0,0.0,0.9350000000000002,0.0,none,not_computed
BOOTSTRAP_V4_1_TO_V5_RULESET_CONDITIONED,RS_Y3_R100_C02,PG_BOOL_R100,PG_BOOL_R100_C02,Y3_encoded_boolean,logical_composition,6,6,6,6,1.0,1.0,1.0,0.0,0.0,0.9350000000000002,0.0,none,not_computed
BOOTSTRAP_V4_1_TO_V5_RULESET_CONDITIONED,RS_Y3_R100_C03,PG_BOOL_R100,PG_BOOL_R100_C03,Y3_encoded_boolean,logical_composition,6,6,6,6,1.0,1.0,1.0,0.0,0.0,0.9350000000000002,0.0,none,not_computed
BOOTSTRAP_V4_1_TO_V5_RULESET_CONDITIONED,RS_Y3_R100_C04,PG_BOOL_R100,PG_BOOL_R100_C04,Y3_encoded_boolean,logical_composition,6,6,6,6,1.0,1.0,1.0,0.0,0.0,0.9350000000000002,0.0,none,not_computed
BOOTSTRAP_V4_1_TO_V5_RULESET_CONDITIONED,RS_Y3_R100_C05,PG_BOOL_R100,PG_BOOL_R100_C05,Y3_encoded_boolean,logical_composition,6,6,6,6,1.0,1.0,1.0,0.0,0.0,0.9350000000000002,0.0,none,not_computed
BOOTSTRAP_V4_1_TO_V5_RULESET_CONDITIONED,RS_Y3_R100_C06,PG_BOOL_R100,PG_BOOL_R100_C06,Y3_encoded_boolean,logical_composition,6,6,6,6,1.0,1.0,1.0,0.0,0.0,0.9350000000000002,0.0,none,not_computed
BOOTSTRAP_V4_1_TO_V5_RULESET_CONDITIONED,RS_Y3_R100_C07,PG_BOOL_R100,PG_BOOL_R100_C07,Y3_encoded_boolean,logical_composition,6,6,6,6,1.0,1.0,1.0,0.0,0.0,0.9350000000000002,0.0,none,not_computed
BOOTSTRAP_V4_1_TO_V5_RULESET_CONDITIONED,RS_Y3_R100_C08,PG_BOOL_R100,PG_BOOL_R100_C08,Y3_encoded_boolean,logical_composition,6,6,6,6,1.0,1.0,1.0,0.0,0.0,0.9350000000000002,0.0,none,not_computed
BOOTSTRAP_V4_1_TO_V5_RULESET_CONDITIONED,RS_Y3_R100_C09,PG_BOOL_R100,PG_BOOL_R100_C09,Y3_encoded_boolean,logical_composition,6,6,6,6,1.0,1.0,1.0,0.0,0.0,0.9350000000000002,0.0,none,not_computed
BOOTSTRAP_V4_1_TO_V5_RULESET_CONDITIONED,RS_Y3_R100_C10,PG_BOOL_R100,PG_BOOL_R100_C10,Y3_encoded_boolean,logical_composition,6,6,6,6,1.0,1.0,1.0,0.0,0.0,0.9350000000000002,0.0,none,not_computed
BOOTSTRAP_V4_1_TO_V5_RULESET_CONDITIONED,RS_Y4_R001_C01,PG_BOOL_R001,PG_BOOL_R001_C01,Y4_obfuscated_boolean,comparison_numeric,6,6,6,6,1.0,1.0,1.0,0.0,0.0,0.9350000000000002,0.0,none,not_computed
BOOTSTRAP_V4_1_TO_V5_RULESET_CONDITIONED,RS_Y4_R001_C02,PG_BOOL_R001,PG_BOOL_R001_C02,Y4_obfuscated_boolean,comparison_numeric,6,6,6,6,1.0,1.0,1.0,0.0,0.0,0.9350000000000002,0.0,none,not_computed
BOOTSTRAP_V4_1_TO_V5_RULESET_CONDITIONED,RS_Y4_R001_C03,PG_BOOL_R001,PG_BOOL_R001_C03,Y4_obfuscated_boolean,comparison_numeric,6,6,6,6,1.0,1.0,1.0,0.0,0.0,0.9350000000000002,0.0,none,not_computed
BOOTSTRAP_V4_1_TO_V5_RULESET_CONDITIONED,RS_Y4_R001_C04,PG_BOOL_R001,PG_BOOL_R001_C04,Y4_obfuscated_boolean,comparison_numeric,6,6,6,6,1.0,1.0,1.0,0.0,0.0,0.9350000000000002,0.0,none,not_computed
BOOTSTRAP_V4_1_TO_V5_RULESET_CONDITIONED,RS_Y4_R001_C05,PG_BOOL_R001,PG_BOOL_R001_C05,Y4_obfuscated_boolean,comparison_numeric,6,6,6,6,1.0,1.0,1.0,0.0,0.0,0.9350000000000002,0.0,none,not_computed
BOOTSTRAP_V4_1_TO_V5_RULESET_CONDITIONED,RS_Y4_R001_C06,PG_BOOL_R001,PG_BOOL_R001_C06,Y4_obfuscated_boolean,comparison_numeric,6,6,6,6,1.0,1.0,1.0,0.0,0.0,0.9350000000000002,0.0,none,not_computed
BOOTSTRAP_V4_1_TO_V5_RULESET_CONDITIONED,RS_Y4_R001_C07,PG_BOOL_R001,PG_BOOL_R001_C07,Y4_obfuscated_boolean,comparison_numeric,6,6,6,6,1.0,1.0,1.0,0.0,0.0,0.9350000000000002,0.0,none,not_computed
BOOTSTRAP_V4_1_TO_V5_RULESET_CONDITIONED,RS_Y4_R001_C08,PG_BOOL_R001,PG_BOOL_R001_C08,Y4_obfuscated_boolean,comparison_numeric,6,6,6,6,1.0,1.0,1.0,0.0,0.0,0.9350000000000002,0.0,none,not_computed
BOOTSTRAP_V4_1_TO_V5_RULESET_CONDITIONED,RS_Y4_R001_C09,PG_BOOL_R001,PG_BOOL_R001_C09,Y4_obfuscated_boolean,comparison_numeric,6,6,6,6,1.0,1.0,1.0,0.0,0.0,0.9350000000000002,0.0,none,not_computed
BOOTSTRAP_V4_1_TO_V5_RULESET_CONDITIONED,RS_Y4_R001_C10,PG_BOOL_R001,PG_BOOL_R001_C10,Y4_obfuscated_boolean,comparison_numeric,6,6,6,6,1.0,1.0,1.0,0.0,0.0,0.9350000000000002,0.0,none,not_computed
BOOTSTRAP_V4_1_TO_V5_RULESET_CONDITIONED,RS_Y4_R002_C01,PG_BOOL_R002,PG_BOOL_R002_C01,Y4_obfuscated_boolean,comparison_numeric,6,6,6,6,1.0,1.0,1.0,0.0,0.0,0.9350000000000002,0.0,none,not_computed
BOOTSTRAP_V4_1_TO_V5_RULESET_CONDITIONED,RS_Y4_R002_C02,PG_BOOL_R002,PG_BOOL_R002_C02,Y4_obfuscated_boolean,comparison_numeric,6,6,6,6,1.0,1.0,1.0,0.0,0.0,0.9350000000000002,0.0,none,not_computed
BOOTSTRAP_V4_1_TO_V5_RULESET_CONDITIONED,RS_Y4_R002_C03,PG_BOOL_R002,PG_BOOL_R002_C03,Y4_obfuscated_boolean,comparison_numeric,6,6,6,6,1.0,1.0,1.0,0.0,0.0,0.9350000000000002,0.0,none,not_computed
BOOTSTRAP_V4_1_TO_V5_RULESET_CONDITIONED,RS_Y4_R002_C04,PG_BOOL_R002,PG_BOOL_R002_C04,Y4_obfuscated_boolean,comparison_numeric,6,6,6,6,1.0,1.0,1.0,0.0,0.0,0.9350000000000002,0.0,none,not_computed
BOOTSTRAP_V4_1_TO_V5_RULESET_CONDITIONED,RS_Y4_R002_C05,PG_BOOL_R002,PG_BOOL_R002_C05,Y4_obfuscated_boolean,comparison_numeric,6,6,6,6,1.0,1.0,1.0,0.0,0.0,0.9350000000000002,0.0,none,not_computed
BOOTSTRAP_V4_1_TO_V5_RULESET_CONDITIONED,RS_Y4_R002_C06,PG_BOOL_R002,PG_BOOL_R002_C06,Y4_obfuscated_boolean,comparison_numeric,6,6,6,6,1.0,1.0,1.0,0.0,0.0,0.9350000000000002,0.0,none,not_computed
BOOTSTRAP_V4_1_TO_V5_RULESET_CONDITIONED,RS_Y4_R002_C07,PG_BOOL_R002,PG_BOOL_R002_C07,Y4_obfuscated_boolean,comparison_numeric,6,6,6,6,1.0,1.0,1.0,0.0,0.0,0.9350000000000002,0.0,none,not_computed
BOOTSTRAP_V4_1_TO_V5_RULESET_CONDITIONED,RS_Y4_R002_C08,PG_BOOL_R002,PG_BOOL_R002_C08,Y4_obfuscated_boolean,comparison_numeric,6,6,6,6,1.0,1.0,1.0,0.0,0.0,0.9350000000000002,0.0,none,not_computed
BOOTSTRAP_V4_1_TO_V5_RULESET_CONDITIONED,RS_Y4_R002_C09,PG_BOOL_R002,PG_BOOL_R002_C09,Y4_obfuscated_boolean,comparison_numeric,6,6,6,6,1.0,1.0,1.0,0.0,0.0,0.9350000000000002,0.0,none,not_computed
BOOTSTRAP_V4_1_TO_V5_RULESET_CONDITIONED,RS_Y4_R002_C10,PG_BOOL_R002,PG_BOOL_R002_C10,Y4_obfuscated_boolean,comparison_numeric,6,6,6,6,1.0,1.0,1.0,0.0,0.0,0.9350000000000002,0.0,none,not_computed
BOOTSTRAP_V4_1_TO_V5_RULESET_CONDITIONED,RS_Y4_R003_C01,PG_BOOL_R003,PG_BOOL_R003_C01,Y4_obfuscated_boolean,comparison_numeric,6,6,6,6,1.0,1.0,1.0,0.0,0.0,0.9350000000000002,0.0,none,not_computed
BOOTSTRAP_V4_1_TO_V5_RULESET_CONDITIONED,RS_Y4_R003_C02,PG_BOOL_R003,PG_BOOL_R003_C02,Y4_obfuscated_boolean,comparison_numeric,6,6,6,6,1.0,1.0,1.0,0.0,0.0,0.9350000000000002,0.0,none,not_computed
BOOTSTRAP_V4_1_TO_V5_RULESET_CONDITIONED,RS_Y4_R003_C03,PG_BOOL_R003,PG_BOOL_R003_C03,Y4_obfuscated_boolean,comparison_numeric,6,6,6,6,1.0,1.0,1.0,0.0,0.0,0.9350000000000002,0.0,none,not_computed
BOOTSTRAP_V4_1_TO_V5_RULESET_CONDITIONED,RS_Y4_R003_C04,PG_BOOL_R003,PG_BOOL_R003_C04,Y4_obfuscated_boolean,comparison_numeric,6,6,6,6,1.0,1.0,1.0,0.0,0.0,0.9350000000000002,0.0,none,not_computed
BOOTSTRAP_V4_1_TO_V5_RULESET_CONDITIONED,RS_Y4_R003_C05,PG_BOOL_R003,PG_BOOL_R003_C05,Y4_obfuscated_boolean,comparison_numeric,6,6,6,6,1.0,1.0,1.0,0.0,0.0,0.9350000000000002,0.0,none,not_computed
BOOTSTRAP_V4_1_TO_V5_RULESET_CONDITIONED,RS_Y4_R003_C06,PG_BOOL_R003,PG_BOOL_R003_C06,Y4_obfuscated_boolean,comparison_numeric,6,6,6,6,1.0,1.0,1.0,0.0,0.0,0.9350000000000002,0.0,none,not_computed
BOOTSTRAP_V4_1_TO_V5_RULESET_CONDITIONED,RS_Y4_R003_C07,PG_BOOL_R003,PG_BOOL_R003_C07,Y4_obfuscated_boolean,comparison_numeric,6,6,6,6,1.0,1.0,1.0,0.0,0.0,0.9350000000000002,0.0,none,not_computed
BOOTSTRAP_V4_1_TO_V5_RULESET_CONDITIONED,RS_Y4_R003_C08,PG_BOOL_R003,PG_BOOL_R003_C08,Y4_obfuscated_boolean,comparison_numeric,6,6,6,6,1.0,1.0,1.0,0.0,0.0,0.9350000000000002,0.0,none,not_computed
BOOTSTRAP_V4_1_TO_V5_RULESET_CONDITIONED,RS_Y4_R003_C09,PG_BOOL_R003,PG_BOOL_R003_C09,Y4_obfuscated_boolean,comparison_numeric,6,6,6,6,1.0,1.0,1.0,0.0,0.0,0.9350000000000002,0.0,none,not_computed
BOOTSTRAP_V4_1_TO_V5_RULESET_CONDITIONED,RS_Y4_R003_C10,PG_BOOL_R003,PG_BOOL_R003_C10,Y4_obfuscated_boolean,comparison_numeric,6,6,6,6,1.0,1.0,1.0,0.0,0.0,0.9350000000000002,0.0,none,not_computed
BOOTSTRAP_V4_1_TO_V5_RULESET_CONDITIONED,RS_Y4_R004_C01,PG_BOOL_R004,PG_BOOL_R004_C01,Y4_obfuscated_boolean,comparison_numeric,6,6,6,6,1.0,1.0,1.0,0.0,0.0,0.9350000000000002,0.0,none,not_computed
BOOTSTRAP_V4_1_TO_V5_RULESET_CONDITIONED,RS_Y4_R004_C02,PG_BOOL_R004,PG_BOOL_R004_C02,Y4_obfuscated_boolean,comparison_numeric,6,6,6,6,1.0,1.0,1.0,0.0,0.0,0.9350000000000002,0.0,none,not_computed
BOOTSTRAP_V4_1_TO_V5_RULESET_CONDITIONED,RS_Y4_R004_C03,PG_BOOL_R004,PG_BOOL_R004_C03,Y4_obfuscated_boolean,comparison_numeric,6,6,6,6,1.0,1.0,1.0,0.0,0.0,0.9350000000000002,0.0,none,not_computed
BOOTSTRAP_V4_1_TO_V5_RULESET_CONDITIONED,RS_Y4_R004_C04,PG_BOOL_R004,PG_BOOL_R004_C04,Y4_obfuscated_boolean,comparison_numeric,6,6,6,6,1.0,1.0,1.0,0.0,0.0,0.9350000000000002,0.0,none,not_computed
BOOTSTRAP_V4_1_TO_V5_RULESET_CONDITIONED,RS_Y4_R004_C05,PG_BOOL_R004,PG_BOOL_R004_C05,Y4_obfuscated_boolean,comparison_numeric,6,6,6,6,1.0,1.0,1.0,0.0,0.0,0.9350000000000002,0.0,none,not_computed
BOOTSTRAP_V4_1_TO_V5_RULESET_CONDITIONED,RS_Y4_R004_C06,PG_BOOL_R004,PG_BOOL_R004_C06,Y4_obfuscated_boolean,comparison_numeric,6,6,6,6,1.0,1.0,1.0,0.0,0.0,0.9350000000000002,0.0,none,not_computed
BOOTSTRAP_V4_1_TO_V5_RULESET_CONDITIONED,RS_Y4_R004_C07,PG_BOOL_R004,PG_BOOL_R004_C07,Y4_obfuscated_boolean,comparison_numeric,6,6,6,6,1.0,1.0,1.0,0.0,0.0,0.9350000000000002,0.0,none,not_computed
BOOTSTRAP_V4_1_TO_V5_RULESET_CONDITIONED,RS_Y4_R004_C08,PG_BOOL_R004,PG_BOOL_R004_C08,Y4_obfuscated_boolean,comparison_numeric,6,6,6,6,1.0,1.0,1.0,0.0,0.0,0.9350000000000002,0.0,none,not_computed
BOOTSTRAP_V4_1_TO_V5_RULESET_CONDITIONED,RS_Y4_R004_C09,PG_BOOL_R004,PG_BOOL_R004_C09,Y4_obfuscated_boolean,comparison_numeric,6,6,6,6,1.0,1.0,1.0,0.0,0.0,0.9350000000000002,0.0,none,not_computed
BOOTSTRAP_V4_1_TO_V5_RULESET_CONDITIONED,RS_Y4_R004_C10,PG_BOOL_R004,PG_BOOL_R004_C10,Y4_obfuscated_boolean,comparison_numeric,6,6,6,6,1.0,1.0,1.0,0.0,0.0,0.9350000000000002,0.0,none,not_computed
BOOTSTRAP_V4_1_TO_V5_RULESET_CONDITIONED,RS_Y4_R005_C01,PG_BOOL_R005,PG_BOOL_R005_C01,Y4_obfuscated_boolean,comparison_numeric,6,6,6,6,1.0,1.0,1.0,0.0,0.0,0.9350000000000002,0.0,none,not_computed
BOOTSTRAP_V4_1_TO_V5_RULESET_CONDITIONED,RS_Y4_R005_C02,PG_BOOL_R005,PG_BOOL_R005_C02,Y4_obfuscated_boolean,comparison_numeric,6,6,6,6,1.0,1.0,1.0,0.0,0.0,0.9350000000000002,0.0,none,not_computed
BOOTSTRAP_V4_1_TO_V5_RULESET_CONDITIONED,RS_Y4_R005_C03,PG_BOOL_R005,PG_BOOL_R005_C03,Y4_obfuscated_boolean,comparison_numeric,6,6,6,6,1.0,1.0,1.0,0.0,0.0,0.9350000000000002,0.0,none,not_computed
BOOTSTRAP_V4_1_TO_V5_RULESET_CONDITIONED,RS_Y4_R005_C04,PG_BOOL_R005,PG_BOOL_R005_C04,Y4_obfuscated_boolean,comparison_numeric,6,6,6,6,1.0,1.0,1.0,0.0,0.0,0.9350000000000002,0.0,none,not_computed
BOOTSTRAP_V4_1_TO_V5_RULESET_CONDITIONED,RS_Y4_R005_C05,PG_BOOL_R005,PG_BOOL_R005_C05,Y4_obfuscated_boolean,comparison_numeric,6,6,6,6,1.0,1.0,1.0,0.0,0.0,0.9350000000000002,0.0,none,not_computed
BOOTSTRAP_V4_1_TO_V5_RULESET_CONDITIONED,RS_Y4_R005_C06,PG_BOOL_R005,PG_BOOL_R005_C06,Y4_obfuscated_boolean,comparison_numeric,6,6,6,6,1.0,1.0,1.0,0.0,0.0,0.9350000000000002,0.0,none,not_computed
BOOTSTRAP_V4_1_TO_V5_RULESET_CONDITIONED,RS_Y4_R005_C07,PG_BOOL_R005,PG_BOOL_R005_C07,Y4_obfuscated_boolean,comparison_numeric,6,6,6,6,1.0,1.0,1.0,0.0,0.0,0.9350000000000002,0.0,none,not_computed
BOOTSTRAP_V4_1_TO_V5_RULESET_CONDITIONED,RS_Y4_R005_C08,PG_BOOL_R005,PG_BOOL_R005_C08,Y4_obfuscated_boolean,comparison_numeric,6,6,6,6,1.0,1.0,1.0,0.0,0.0,0.9350000000000002,0.0,none,not_computed
BOOTSTRAP_V4_1_TO_V5_RULESET_CONDITIONED,RS_Y4_R005_C09,PG_BOOL_R005,PG_BOOL_R005_C09,Y4_obfuscated_boolean,comparison_numeric,6,6,6,6,1.0,1.0,1.0,0.0,0.0,0.9350000000000002,0.0,none,not_computed
BOOTSTRAP_V4_1_TO_V5_RULESET_CONDITIONED,RS_Y4_R005_C10,PG_BOOL_R005,PG_BOOL_R005_C10,Y4_obfuscated_boolean,comparison_numeric,6,6,6,6,1.0,1.0,1.0,0.0,0.0,0.9350000000000002,0.0,none,not_computed
BOOTSTRAP_V4_1_TO_V5_RULESET_CONDITIONED,RS_Y4_R006_C01,PG_BOOL_R006,PG_BOOL_R006_C01,Y4_obfuscated_boolean,comparison_text,6,6,6,6,1.0,1.0,1.0,0.0,0.0,0.9350000000000002,0.0,none,not_computed
BOOTSTRAP_V4_1_TO_V5_RULESET_CONDITIONED,RS_Y4_R006_C02,PG_BOOL_R006,PG_BOOL_R006_C02,Y4_obfuscated_boolean,comparison_text,6,6,6,6,1.0,1.0,1.0,0.0,0.0,0.9350000000000002,0.0,none,not_computed
BOOTSTRAP_V4_1_TO_V5_RULESET_CONDITIONED,RS_Y4_R006_C03,PG_BOOL_R006,PG_BOOL_R006_C03,Y4_obfuscated_boolean,comparison_text,6,6,6,6,1.0,1.0,1.0,0.0,0.0,0.9350000000000002,0.0,none,not_computed
BOOTSTRAP_V4_1_TO_V5_RULESET_CONDITIONED,RS_Y4_R006_C04,PG_BOOL_R006,PG_BOOL_R006_C04,Y4_obfuscated_boolean,comparison_text,6,6,6,6,1.0,1.0,1.0,0.0,0.0,0.9350000000000002,0.0,none,not_computed
BOOTSTRAP_V4_1_TO_V5_RULESET_CONDITIONED,RS_Y4_R006_C05,PG_BOOL_R006,PG_BOOL_R006_C05,Y4_obfuscated_boolean,comparison_text,6,6,6,6,1.0,1.0,1.0,0.0,0.0,0.9350000000000002,0.0,none,not_computed
BOOTSTRAP_V4_1_TO_V5_RULESET_CONDITIONED,RS_Y4_R006_C06,PG_BOOL_R006,PG_BOOL_R006_C06,Y4_obfuscated_boolean,comparison_text,6,6,6,6,1.0,1.0,1.0,0.0,0.0,0.9350000000000002,0.0,none,not_computed
BOOTSTRAP_V4_1_TO_V5_RULESET_CONDITIONED,RS_Y4_R006_C07,PG_BOOL_R006,PG_BOOL_R006_C07,Y4_obfuscated_boolean,comparison_text,6,6,6,6,1.0,1.0,1.0,0.0,0.0,0.9350000000000002,0.0,none,not_computed
BOOTSTRAP_V4_1_TO_V5_RULESET_CONDITIONED,RS_Y4_R006_C08,PG_BOOL_R006,PG_BOOL_R006_C08,Y4_obfuscated_boolean,comparison_text,6,6,6,6,1.0,1.0,1.0,0.0,0.0,0.9350000000000002,0.0,none,not_computed
BOOTSTRAP_V4_1_TO_V5_RULESET_CONDITIONED,RS_Y4_R006_C09,PG_BOOL_R006,PG_BOOL_R006_C09,Y4_obfuscated_boolean,comparison_text,6,6,6,6,1.0,1.0,1.0,0.0,0.0,0.9350000000000002,0.0,none,not_computed
BOOTSTRAP_V4_1_TO_V5_RULESET_CONDITIONED,RS_Y4_R006_C10,PG_BOOL_R006,PG_BOOL_R006_C10,Y4_obfuscated_boolean,comparison_text,6,6,6,6,1.0,1.0,1.0,0.0,0.0,0.9350000000000002,0.0,none,not_computed
BOOTSTRAP_V4_1_TO_V5_RULESET_CONDITIONED,RS_Y4_R007_C01,PG_BOOL_R007,PG_BOOL_R007_C01,Y4_obfuscated_boolean,comparison_text,6,6,6,6,1.0,1.0,1.0,0.0,0.0,0.9350000000000002,0.0,none,not_computed
BOOTSTRAP_V4_1_TO_V5_RULESET_CONDITIONED,RS_Y4_R007_C02,PG_BOOL_R007,PG_BOOL_R007_C02,Y4_obfuscated_boolean,comparison_text,6,6,6,6,1.0,1.0,1.0,0.0,0.0,0.9350000000000002,0.0,none,not_computed
BOOTSTRAP_V4_1_TO_V5_RULESET_CONDITIONED,RS_Y4_R007_C03,PG_BOOL_R007,PG_BOOL_R007_C03,Y4_obfuscated_boolean,comparison_text,6,6,6,6,1.0,1.0,1.0,0.0,0.0,0.9350000000000002,0.0,none,not_computed
BOOTSTRAP_V4_1_TO_V5_RULESET_CONDITIONED,RS_Y4_R007_C04,PG_BOOL_R007,PG_BOOL_R007_C04,Y4_obfuscated_boolean,comparison_text,6,6,6,6,1.0,1.0,1.0,0.0,0.0,0.9350000000000002,0.0,none,not_computed
BOOTSTRAP_V4_1_TO_V5_RULESET_CONDITIONED,RS_Y4_R007_C05,PG_BOOL_R007,PG_BOOL_R007_C05,Y4_obfuscated_boolean,comparison_text,6,6,6,6,1.0,1.0,1.0,0.0,0.0,0.9350000000000002,0.0,none,not_computed
BOOTSTRAP_V4_1_TO_V5_RULESET_CONDITIONED,RS_Y4_R007_C06,PG_BOOL_R007,PG_BOOL_R007_C06,Y4_obfuscated_boolean,comparison_text,6,6,6,6,1.0,1.0,1.0,0.0,0.0,0.9350000000000002,0.0,none,not_computed
BOOTSTRAP_V4_1_TO_V5_RULESET_CONDITIONED,RS_Y4_R007_C07,PG_BOOL_R007,PG_BOOL_R007_C07,Y4_obfuscated_boolean,comparison_text,6,6,6,6,1.0,1.0,1.0,0.0,0.0,0.9350000000000002,0.0,none,not_computed
BOOTSTRAP_V4_1_TO_V5_RULESET_CONDITIONED,RS_Y4_R007_C08,PG_BOOL_R007,PG_BOOL_R007_C08,Y4_obfuscated_boolean,comparison_text,6,6,6,6,1.0,1.0,1.0,0.0,0.0,0.9350000000000002,0.0,none,not_computed
BOOTSTRAP_V4_1_TO_V5_RULESET_CONDITIONED,RS_Y4_R007_C09,PG_BOOL_R007,PG_BOOL_R007_C09,Y4_obfuscated_boolean,comparison_text,6,6,6,6,1.0,1.0,1.0,0.0,0.0,0.9350000000000002,0.0,none,not_computed
BOOTSTRAP_V4_1_TO_V5_RULESET_CONDITIONED,RS_Y4_R007_C10,PG_BOOL_R007,PG_BOOL_R007_C10,Y4_obfuscated_boolean,comparison_text,6,6,6,6,1.0,1.0,1.0,0.0,0.0,0.9350000000000002,0.0,none,not_computed
BOOTSTRAP_V4_1_TO_V5_RULESET_CONDITIONED,RS_Y4_R008_C01,PG_BOOL_R008,PG_BOOL_R008_C01,Y4_obfuscated_boolean,comparison_text,6,6,6,6,1.0,1.0,1.0,0.0,0.0,0.9350000000000002,0.0,none,not_computed
BOOTSTRAP_V4_1_TO_V5_RULESET_CONDITIONED,RS_Y4_R008_C02,PG_BOOL_R008,PG_BOOL_R008_C02,Y4_obfuscated_boolean,comparison_text,6,6,6,6,1.0,1.0,1.0,0.0,0.0,0.9350000000000002,0.0,none,not_computed
BOOTSTRAP_V4_1_TO_V5_RULESET_CONDITIONED,RS_Y4_R008_C03,PG_BOOL_R008,PG_BOOL_R008_C03,Y4_obfuscated_boolean,comparison_text,6,6,6,6,1.0,1.0,1.0,0.0,0.0,0.9350000000000002,0.0,none,not_computed
BOOTSTRAP_V4_1_TO_V5_RULESET_CONDITIONED,RS_Y4_R008_C04,PG_BOOL_R008,PG_BOOL_R008_C04,Y4_obfuscated_boolean,comparison_text,6,6,6,6,1.0,1.0,1.0,0.0,0.0,0.9350000000000002,0.0,none,not_computed
BOOTSTRAP_V4_1_TO_V5_RULESET_CONDITIONED,RS_Y4_R008_C05,PG_BOOL_R008,PG_BOOL_R008_C05,Y4_obfuscated_boolean,comparison_text,6,6,6,6,1.0,1.0,1.0,0.0,0.0,0.9350000000000002,0.0,none,not_computed
BOOTSTRAP_V4_1_TO_V5_RULESET_CONDITIONED,RS_Y4_R008_C06,PG_BOOL_R008,PG_BOOL_R008_C06,Y4_obfuscated_boolean,comparison_text,6,6,6,6,1.0,1.0,1.0,0.0,0.0,0.9350000000000002,0.0,none,not_computed
BOOTSTRAP_V4_1_TO_V5_RULESET_CONDITIONED,RS_Y4_R008_C07,PG_BOOL_R008,PG_BOOL_R008_C07,Y4_obfuscated_boolean,comparison_text,6,6,6,6,1.0,1.0,1.0,0.0,0.0,0.9350000000000002,0.0,none,not_computed
BOOTSTRAP_V4_1_TO_V5_RULESET_CONDITIONED,RS_Y4_R008_C08,PG_BOOL_R008,PG_BOOL_R008_C08,Y4_obfuscated_boolean,comparison_text,6,6,6,6,1.0,1.0,1.0,0.0,0.0,0.9350000000000002,0.0,none,not_computed
BOOTSTRAP_V4_1_TO_V5_RULESET_CONDITIONED,RS_Y4_R008_C09,PG_BOOL_R008,PG_BOOL_R008_C09,Y4_obfuscated_boolean,comparison_text,6,6,6,6,1.0,1.0,1.0,0.0,0.0,0.9350000000000002,0.0,none,not_computed
BOOTSTRAP_V4_1_TO_V5_RULESET_CONDITIONED,RS_Y4_R008_C10,PG_BOOL_R008,PG_BOOL_R008_C10,Y4_obfuscated_boolean,comparison_text,6,6,6,6,1.0,1.0,1.0,0.0,0.0,0.9350000000000002,0.0,none,not_computed
BOOTSTRAP_V4_1_TO_V5_RULESET_CONDITIONED,RS_Y4_R009_C01,PG_BOOL_R009,PG_BOOL_R009_C01,Y4_obfuscated_boolean,comparison_text,6,6,6,6,1.0,1.0,1.0,0.0,0.0,0.9350000000000002,0.0,none,not_computed
BOOTSTRAP_V4_1_TO_V5_RULESET_CONDITIONED,RS_Y4_R009_C02,PG_BOOL_R009,PG_BOOL_R009_C02,Y4_obfuscated_boolean,comparison_text,6,6,6,6,1.0,1.0,1.0,0.0,0.0,0.9350000000000002,0.0,none,not_computed
BOOTSTRAP_V4_1_TO_V5_RULESET_CONDITIONED,RS_Y4_R009_C03,PG_BOOL_R009,PG_BOOL_R009_C03,Y4_obfuscated_boolean,comparison_text,6,6,6,6,1.0,1.0,1.0,0.0,0.0,0.9350000000000002,0.0,none,not_computed
BOOTSTRAP_V4_1_TO_V5_RULESET_CONDITIONED,RS_Y4_R009_C04,PG_BOOL_R009,PG_BOOL_R009_C04,Y4_obfuscated_boolean,comparison_text,6,6,6,6,1.0,1.0,1.0,0.0,0.0,0.9350000000000002,0.0,none,not_computed
BOOTSTRAP_V4_1_TO_V5_RULESET_CONDITIONED,RS_Y4_R009_C05,PG_BOOL_R009,PG_BOOL_R009_C05,Y4_obfuscated_boolean,comparison_text,6,6,6,6,1.0,1.0,1.0,0.0,0.0,0.9350000000000002,0.0,none,not_computed
BOOTSTRAP_V4_1_TO_V5_RULESET_CONDITIONED,RS_Y4_R009_C06,PG_BOOL_R009,PG_BOOL_R009_C06,Y4_obfuscated_boolean,comparison_text,6,6,6,6,1.0,1.0,1.0,0.0,0.0,0.9350000000000002,0.0,none,not_computed
BOOTSTRAP_V4_1_TO_V5_RULESET_CONDITIONED,RS_Y4_R009_C07,PG_BOOL_R009,PG_BOOL_R009_C07,Y4_obfuscated_boolean,comparison_text,6,6,6,6,1.0,1.0,1.0,0.0,0.0,0.9350000000000002,0.0,none,not_computed
BOOTSTRAP_V4_1_TO_V5_RULESET_CONDITIONED,RS_Y4_R009_C08,PG_BOOL_R009,PG_BOOL_R009_C08,Y4_obfuscated_boolean,comparison_text,6,6,6,6,1.0,1.0,1.0,0.0,0.0,0.9350000000000002,0.0,none,not_computed
BOOTSTRAP_V4_1_TO_V5_RULESET_CONDITIONED,RS_Y4_R009_C09,PG_BOOL_R009,PG_BOOL_R009_C09,Y4_obfuscated_boolean,comparison_text,6,6,6,6,1.0,1.0,1.0,0.0,0.0,0.9350000000000002,0.0,none,not_computed
BOOTSTRAP_V4_1_TO_V5_RULESET_CONDITIONED,RS_Y4_R009_C10,PG_BOOL_R009,PG_BOOL_R009_C10,Y4_obfuscated_boolean,comparison_text,6,6,6,6,1.0,1.0,1.0,0.0,0.0,0.9350000000000002,0.0,none,not_computed
BOOTSTRAP_V4_1_TO_V5_RULESET_CONDITIONED,RS_Y4_R010_C01,PG_BOOL_R010,PG_BOOL_R010_C01,Y4_obfuscated_boolean,comparison_text,6,6,6,6,1.0,1.0,1.0,0.0,0.0,0.9350000000000002,0.0,none,not_computed
BOOTSTRAP_V4_1_TO_V5_RULESET_CONDITIONED,RS_Y4_R010_C02,PG_BOOL_R010,PG_BOOL_R010_C02,Y4_obfuscated_boolean,comparison_text,6,6,6,6,1.0,1.0,1.0,0.0,0.0,0.9350000000000002,0.0,none,not_computed
BOOTSTRAP_V4_1_TO_V5_RULESET_CONDITIONED,RS_Y4_R010_C03,PG_BOOL_R010,PG_BOOL_R010_C03,Y4_obfuscated_boolean,comparison_text,6,6,6,6,1.0,1.0,1.0,0.0,0.0,0.9350000000000002,0.0,none,not_computed
BOOTSTRAP_V4_1_TO_V5_RULESET_CONDITIONED,RS_Y4_R010_C04,PG_BOOL_R010,PG_BOOL_R010_C04,Y4_obfuscated_boolean,comparison_text,6,6,6,6,1.0,1.0,1.0,0.0,0.0,0.9350000000000002,0.0,none,not_computed
BOOTSTRAP_V4_1_TO_V5_RULESET_CONDITIONED,RS_Y4_R010_C05,PG_BOOL_R010,PG_BOOL_R010_C05,Y4_obfuscated_boolean,comparison_text,6,6,6,6,1.0,1.0,1.0,0.0,0.0,0.9350000000000002,0.0,none,not_computed
BOOTSTRAP_V4_1_TO_V5_RULESET_CONDITIONED,RS_Y4_R010_C06,PG_BOOL_R010,PG_BOOL_R010_C06,Y4_obfuscated_boolean,comparison_text,6,6,6,6,1.0,1.0,1.0,0.0,0.0,0.9350000000000002,0.0,none,not_computed
BOOTSTRAP_V4_1_TO_V5_RULESET_CONDITIONED,RS_Y4_R010_C07,PG_BOOL_R010,PG_BOOL_R010_C07,Y4_obfuscated_boolean,comparison_text,6,6,6,6,1.0,1.0,1.0,0.0,0.0,0.9350000000000002,0.0,none,not_computed
BOOTSTRAP_V4_1_TO_V5_RULESET_CONDITIONED,RS_Y4_R010_C08,PG_BOOL_R010,PG_BOOL_R010_C08,Y4_obfuscated_boolean,comparison_text,6,6,6,6,1.0,1.0,1.0,0.0,0.0,0.9350000000000002,0.0,none,not_computed
BOOTSTRAP_V4_1_TO_V5_RULESET_CONDITIONED,RS_Y4_R010_C09,PG_BOOL_R010,PG_BOOL_R010_C09,Y4_obfuscated_boolean,comparison_text,6,6,6,6,1.0,1.0,1.0,0.0,0.0,0.9350000000000002,0.0,none,not_computed
BOOTSTRAP_V4_1_TO_V5_RULESET_CONDITIONED,RS_Y4_R010_C10,PG_BOOL_R010,PG_BOOL_R010_C10,Y4_obfuscated_boolean,comparison_text,6,6,6,6,1.0,1.0,1.0,0.0,0.0,0.9350000000000002,0.0,none,not_computed
BOOTSTRAP_V4_1_TO_V5_RULESET_CONDITIONED,RS_Y4_R011_C01,PG_BOOL_R011,PG_BOOL_R011_C01,Y4_obfuscated_boolean,null_boolean,6,6,5,6,1.0,1.0,1.0,0.0,0.0,0.9066666666666666,0.0,none,not_computed
BOOTSTRAP_V4_1_TO_V5_RULESET_CONDITIONED,RS_Y4_R011_C02,PG_BOOL_R011,PG_BOOL_R011_C02,Y4_obfuscated_boolean,null_boolean,6,6,5,6,1.0,1.0,1.0,0.0,0.0,0.9066666666666666,0.0,none,not_computed
BOOTSTRAP_V4_1_TO_V5_RULESET_CONDITIONED,RS_Y4_R011_C03,PG_BOOL_R011,PG_BOOL_R011_C03,Y4_obfuscated_boolean,null_boolean,6,6,5,6,1.0,1.0,1.0,0.0,0.0,0.9066666666666666,0.0,none,not_computed
BOOTSTRAP_V4_1_TO_V5_RULESET_CONDITIONED,RS_Y4_R011_C04,PG_BOOL_R011,PG_BOOL_R011_C04,Y4_obfuscated_boolean,null_boolean,6,6,5,6,1.0,1.0,1.0,0.0,0.0,0.9066666666666666,0.0,none,not_computed
BOOTSTRAP_V4_1_TO_V5_RULESET_CONDITIONED,RS_Y4_R011_C05,PG_BOOL_R011,PG_BOOL_R011_C05,Y4_obfuscated_boolean,null_boolean,6,6,5,6,1.0,1.0,1.0,0.0,0.0,0.9066666666666666,0.0,none,not_computed
BOOTSTRAP_V4_1_TO_V5_RULESET_CONDITIONED,RS_Y4_R011_C06,PG_BOOL_R011,PG_BOOL_R011_C06,Y4_obfuscated_boolean,null_boolean,6,6,5,6,1.0,1.0,1.0,0.0,0.0,0.9066666666666666,0.0,none,not_computed
BOOTSTRAP_V4_1_TO_V5_RULESET_CONDITIONED,RS_Y4_R011_C07,PG_BOOL_R011,PG_BOOL_R011_C07,Y4_obfuscated_boolean,null_boolean,6,6,6,6,1.0,1.0,1.0,0.0,0.0,0.9350000000000002,0.0,none,not_computed
BOOTSTRAP_V4_1_TO_V5_RULESET_CONDITIONED,RS_Y4_R011_C08,PG_BOOL_R011,PG_BOOL_R011_C08,Y4_obfuscated_boolean,null_boolean,6,6,6,6,1.0,1.0,1.0,0.0,0.0,0.9350000000000002,0.0,none,not_computed
BOOTSTRAP_V4_1_TO_V5_RULESET_CONDITIONED,RS_Y4_R011_C09,PG_BOOL_R011,PG_BOOL_R011_C09,Y4_obfuscated_boolean,null_boolean,6,6,5,6,1.0,1.0,1.0,0.0,0.0,0.9066666666666666,0.0,none,not_computed
BOOTSTRAP_V4_1_TO_V5_RULESET_CONDITIONED,RS_Y4_R011_C10,PG_BOOL_R011,PG_BOOL_R011_C10,Y4_obfuscated_boolean,null_boolean,6,6,5,6,1.0,1.0,1.0,0.0,0.0,0.9066666666666666,0.0,none,not_computed
BOOTSTRAP_V4_1_TO_V5_RULESET_CONDITIONED,RS_Y4_R012_C01,PG_BOOL_R012,PG_BOOL_R012_C01,Y4_obfuscated_boolean,null_boolean,6,6,5,6,1.0,1.0,1.0,0.0,0.0,0.9066666666666668,0.0,none,not_computed
BOOTSTRAP_V4_1_TO_V5_RULESET_CONDITIONED,RS_Y4_R012_C02,PG_BOOL_R012,PG_BOOL_R012_C02,Y4_obfuscated_boolean,null_boolean,6,6,5,6,1.0,1.0,1.0,0.0,0.0,0.9066666666666668,0.0,none,not_computed
BOOTSTRAP_V4_1_TO_V5_RULESET_CONDITIONED,RS_Y4_R012_C03,PG_BOOL_R012,PG_BOOL_R012_C03,Y4_obfuscated_boolean,null_boolean,6,6,5,6,1.0,1.0,1.0,0.0,0.0,0.9066666666666668,0.0,none,not_computed
BOOTSTRAP_V4_1_TO_V5_RULESET_CONDITIONED,RS_Y4_R012_C04,PG_BOOL_R012,PG_BOOL_R012_C04,Y4_obfuscated_boolean,null_boolean,6,6,5,6,1.0,1.0,1.0,0.0,0.0,0.9066666666666668,0.0,none,not_computed
BOOTSTRAP_V4_1_TO_V5_RULESET_CONDITIONED,RS_Y4_R012_C05,PG_BOOL_R012,PG_BOOL_R012_C05,Y4_obfuscated_boolean,null_boolean,6,6,5,6,1.0,1.0,1.0,0.0,0.0,0.9066666666666668,0.0,none,not_computed
BOOTSTRAP_V4_1_TO_V5_RULESET_CONDITIONED,RS_Y4_R012_C06,PG_BOOL_R012,PG_BOOL_R012_C06,Y4_obfuscated_boolean,null_boolean,6,6,5,6,1.0,1.0,1.0,0.0,0.0,0.9066666666666668,0.0,none,not_computed
BOOTSTRAP_V4_1_TO_V5_RULESET_CONDITIONED,RS_Y4_R012_C07,PG_BOOL_R012,PG_BOOL_R012_C07,Y4_obfuscated_boolean,null_boolean,6,6,6,6,1.0,1.0,1.0,0.0,0.0,0.9350000000000002,0.0,none,not_computed
BOOTSTRAP_V4_1_TO_V5_RULESET_CONDITIONED,RS_Y4_R012_C08,PG_BOOL_R012,PG_BOOL_R012_C08,Y4_obfuscated_boolean,null_boolean,6,6,6,6,1.0,1.0,1.0,0.0,0.0,0.9350000000000002,0.0,none,not_computed
BOOTSTRAP_V4_1_TO_V5_RULESET_CONDITIONED,RS_Y4_R012_C09,PG_BOOL_R012,PG_BOOL_R012_C09,Y4_obfuscated_boolean,null_boolean,6,6,5,6,1.0,1.0,1.0,0.0,0.0,0.9066666666666668,0.0,none,not_computed
BOOTSTRAP_V4_1_TO_V5_RULESET_CONDITIONED,RS_Y4_R012_C10,PG_BOOL_R012,PG_BOOL_R012_C10,Y4_obfuscated_boolean,null_boolean,6,6,5,6,1.0,1.0,1.0,0.0,0.0,0.9066666666666668,0.0,none,not_computed
BOOTSTRAP_V4_1_TO_V5_RULESET_CONDITIONED,RS_Y4_R013_C01,PG_BOOL_R013,PG_BOOL_R013_C01,Y4_obfuscated_boolean,null_boolean,6,6,5,6,1.0,1.0,1.0,0.0,0.0,0.9066666666666666,0.0,none,not_computed
BOOTSTRAP_V4_1_TO_V5_RULESET_CONDITIONED,RS_Y4_R013_C02,PG_BOOL_R013,PG_BOOL_R013_C02,Y4_obfuscated_boolean,null_boolean,6,6,5,6,1.0,1.0,1.0,0.0,0.0,0.9066666666666666,0.0,none,not_computed
BOOTSTRAP_V4_1_TO_V5_RULESET_CONDITIONED,RS_Y4_R013_C03,PG_BOOL_R013,PG_BOOL_R013_C03,Y4_obfuscated_boolean,null_boolean,6,6,5,6,1.0,1.0,1.0,0.0,0.0,0.9066666666666666,0.0,none,not_computed
BOOTSTRAP_V4_1_TO_V5_RULESET_CONDITIONED,RS_Y4_R013_C04,PG_BOOL_R013,PG_BOOL_R013_C04,Y4_obfuscated_boolean,null_boolean,6,6,5,6,1.0,1.0,1.0,0.0,0.0,0.9066666666666666,0.0,none,not_computed
BOOTSTRAP_V4_1_TO_V5_RULESET_CONDITIONED,RS_Y4_R013_C05,PG_BOOL_R013,PG_BOOL_R013_C05,Y4_obfuscated_boolean,null_boolean,6,6,5,6,1.0,1.0,1.0,0.0,0.0,0.9066666666666666,0.0,none,not_computed
BOOTSTRAP_V4_1_TO_V5_RULESET_CONDITIONED,RS_Y4_R013_C06,PG_BOOL_R013,PG_BOOL_R013_C06,Y4_obfuscated_boolean,null_boolean,6,6,5,6,1.0,1.0,1.0,0.0,0.0,0.9066666666666666,0.0,none,not_computed
BOOTSTRAP_V4_1_TO_V5_RULESET_CONDITIONED,RS_Y4_R013_C07,PG_BOOL_R013,PG_BOOL_R013_C07,Y4_obfuscated_boolean,null_boolean,6,6,6,6,1.0,1.0,1.0,0.0,0.0,0.9350000000000002,0.0,none,not_computed
BOOTSTRAP_V4_1_TO_V5_RULESET_CONDITIONED,RS_Y4_R013_C08,PG_BOOL_R013,PG_BOOL_R013_C08,Y4_obfuscated_boolean,null_boolean,6,6,6,6,1.0,1.0,1.0,0.0,0.0,0.9350000000000002,0.0,none,not_computed
BOOTSTRAP_V4_1_TO_V5_RULESET_CONDITIONED,RS_Y4_R013_C09,PG_BOOL_R013,PG_BOOL_R013_C09,Y4_obfuscated_boolean,null_boolean,6,6,5,6,1.0,1.0,1.0,0.0,0.0,0.9066666666666666,0.0,none,not_computed
BOOTSTRAP_V4_1_TO_V5_RULESET_CONDITIONED,RS_Y4_R013_C10,PG_BOOL_R013,PG_BOOL_R013_C10,Y4_obfuscated_boolean,null_boolean,6,6,5,6,1.0,1.0,1.0,0.0,0.0,0.9066666666666666,0.0,none,not_computed
BOOTSTRAP_V4_1_TO_V5_RULESET_CONDITIONED,RS_Y4_R014_C01,PG_BOOL_R014,PG_BOOL_R014_C01,Y4_obfuscated_boolean,null_boolean,6,6,6,6,1.0,1.0,1.0,0.0,0.0,0.9350000000000002,0.0,none,not_computed
BOOTSTRAP_V4_1_TO_V5_RULESET_CONDITIONED,RS_Y4_R014_C02,PG_BOOL_R014,PG_BOOL_R014_C02,Y4_obfuscated_boolean,null_boolean,6,6,6,6,1.0,1.0,1.0,0.0,0.0,0.9350000000000002,0.0,none,not_computed
BOOTSTRAP_V4_1_TO_V5_RULESET_CONDITIONED,RS_Y4_R014_C03,PG_BOOL_R014,PG_BOOL_R014_C03,Y4_obfuscated_boolean,null_boolean,6,6,6,6,1.0,1.0,1.0,0.0,0.0,0.9350000000000002,0.0,none,not_computed
BOOTSTRAP_V4_1_TO_V5_RULESET_CONDITIONED,RS_Y4_R014_C04,PG_BOOL_R014,PG_BOOL_R014_C04,Y4_obfuscated_boolean,null_boolean,6,6,6,6,1.0,1.0,1.0,0.0,0.0,0.9350000000000002,0.0,none,not_computed
BOOTSTRAP_V4_1_TO_V5_RULESET_CONDITIONED,RS_Y4_R014_C05,PG_BOOL_R014,PG_BOOL_R014_C05,Y4_obfuscated_boolean,null_boolean,6,6,6,6,1.0,1.0,1.0,0.0,0.0,0.9350000000000002,0.0,none,not_computed
BOOTSTRAP_V4_1_TO_V5_RULESET_CONDITIONED,RS_Y4_R014_C06,PG_BOOL_R014,PG_BOOL_R014_C06,Y4_obfuscated_boolean,null_boolean,6,6,6,6,1.0,1.0,1.0,0.0,0.0,0.9350000000000002,0.0,none,not_computed
BOOTSTRAP_V4_1_TO_V5_RULESET_CONDITIONED,RS_Y4_R014_C07,PG_BOOL_R014,PG_BOOL_R014_C07,Y4_obfuscated_boolean,null_boolean,6,6,6,6,1.0,1.0,1.0,0.0,0.0,0.9350000000000002,0.0,none,not_computed
BOOTSTRAP_V4_1_TO_V5_RULESET_CONDITIONED,RS_Y4_R014_C08,PG_BOOL_R014,PG_BOOL_R014_C08,Y4_obfuscated_boolean,null_boolean,6,6,6,6,1.0,1.0,1.0,0.0,0.0,0.9350000000000002,0.0,none,not_computed
BOOTSTRAP_V4_1_TO_V5_RULESET_CONDITIONED,RS_Y4_R014_C09,PG_BOOL_R014,PG_BOOL_R014_C09,Y4_obfuscated_boolean,null_boolean,6,6,6,6,1.0,1.0,1.0,0.0,0.0,0.9350000000000002,0.0,none,not_computed
BOOTSTRAP_V4_1_TO_V5_RULESET_CONDITIONED,RS_Y4_R014_C10,PG_BOOL_R014,PG_BOOL_R014_C10,Y4_obfuscated_boolean,null_boolean,6,6,6,6,1.0,1.0,1.0,0.0,0.0,0.9350000000000002,0.0,none,not_computed
BOOTSTRAP_V4_1_TO_V5_RULESET_CONDITIONED,RS_Y4_R015_C01,PG_BOOL_R015,PG_BOOL_R015_C01,Y4_obfuscated_boolean,null_boolean,6,6,6,6,1.0,1.0,1.0,0.0,0.0,0.9350000000000002,0.0,none,not_computed
BOOTSTRAP_V4_1_TO_V5_RULESET_CONDITIONED,RS_Y4_R015_C02,PG_BOOL_R015,PG_BOOL_R015_C02,Y4_obfuscated_boolean,null_boolean,6,6,6,6,1.0,1.0,1.0,0.0,0.0,0.9350000000000002,0.0,none,not_computed
BOOTSTRAP_V4_1_TO_V5_RULESET_CONDITIONED,RS_Y4_R015_C03,PG_BOOL_R015,PG_BOOL_R015_C03,Y4_obfuscated_boolean,null_boolean,6,6,6,6,1.0,1.0,1.0,0.0,0.0,0.9350000000000002,0.0,none,not_computed
BOOTSTRAP_V4_1_TO_V5_RULESET_CONDITIONED,RS_Y4_R015_C04,PG_BOOL_R015,PG_BOOL_R015_C04,Y4_obfuscated_boolean,null_boolean,6,6,6,6,1.0,1.0,1.0,0.0,0.0,0.9350000000000002,0.0,none,not_computed
BOOTSTRAP_V4_1_TO_V5_RULESET_CONDITIONED,RS_Y4_R015_C05,PG_BOOL_R015,PG_BOOL_R015_C05,Y4_obfuscated_boolean,null_boolean,6,6,6,6,1.0,1.0,1.0,0.0,0.0,0.9350000000000002,0.0,none,not_computed
BOOTSTRAP_V4_1_TO_V5_RULESET_CONDITIONED,RS_Y4_R015_C06,PG_BOOL_R015,PG_BOOL_R015_C06,Y4_obfuscated_boolean,null_boolean,6,6,6,6,1.0,1.0,1.0,0.0,0.0,0.9350000000000002,0.0,none,not_computed
BOOTSTRAP_V4_1_TO_V5_RULESET_CONDITIONED,RS_Y4_R015_C07,PG_BOOL_R015,PG_BOOL_R015_C07,Y4_obfuscated_boolean,null_boolean,6,6,6,6,1.0,1.0,1.0,0.0,0.0,0.9350000000000002,0.0,none,not_computed
BOOTSTRAP_V4_1_TO_V5_RULESET_CONDITIONED,RS_Y4_R015_C08,PG_BOOL_R015,PG_BOOL_R015_C08,Y4_obfuscated_boolean,null_boolean,6,6,6,6,1.0,1.0,1.0,0.0,0.0,0.9350000000000002,0.0,none,not_computed
BOOTSTRAP_V4_1_TO_V5_RULESET_CONDITIONED,RS_Y4_R015_C09,PG_BOOL_R015,PG_BOOL_R015_C09,Y4_obfuscated_boolean,null_boolean,6,6,6,6,1.0,1.0,1.0,0.0,0.0,0.9350000000000002,0.0,none,not_computed
BOOTSTRAP_V4_1_TO_V5_RULESET_CONDITIONED,RS_Y4_R015_C10,PG_BOOL_R015,PG_BOOL_R015_C10,Y4_obfuscated_boolean,null_boolean,6,6,6,6,1.0,1.0,1.0,0.0,0.0,0.9350000000000002,0.0,none,not_computed
BOOTSTRAP_V4_1_TO_V5_RULESET_CONDITIONED,RS_Y4_R016_C01,PG_BOOL_R016,PG_BOOL_R016_C01,Y4_obfuscated_boolean,between_range,6,6,6,6,1.0,1.0,1.0,0.0,0.0,0.9350000000000002,0.0,none,not_computed
BOOTSTRAP_V4_1_TO_V5_RULESET_CONDITIONED,RS_Y4_R016_C02,PG_BOOL_R016,PG_BOOL_R016_C02,Y4_obfuscated_boolean,between_range,6,6,6,6,1.0,1.0,1.0,0.0,0.0,0.9350000000000002,0.0,none,not_computed
BOOTSTRAP_V4_1_TO_V5_RULESET_CONDITIONED,RS_Y4_R016_C03,PG_BOOL_R016,PG_BOOL_R016_C03,Y4_obfuscated_boolean,between_range,6,6,6,6,1.0,1.0,1.0,0.0,0.0,0.9350000000000002,0.0,none,not_computed
BOOTSTRAP_V4_1_TO_V5_RULESET_CONDITIONED,RS_Y4_R016_C04,PG_BOOL_R016,PG_BOOL_R016_C04,Y4_obfuscated_boolean,between_range,6,6,6,6,1.0,1.0,1.0,0.0,0.0,0.9350000000000002,0.0,none,not_computed
BOOTSTRAP_V4_1_TO_V5_RULESET_CONDITIONED,RS_Y4_R016_C05,PG_BOOL_R016,PG_BOOL_R016_C05,Y4_obfuscated_boolean,between_range,6,6,6,6,1.0,1.0,1.0,0.0,0.0,0.9350000000000002,0.0,none,not_computed
BOOTSTRAP_V4_1_TO_V5_RULESET_CONDITIONED,RS_Y4_R016_C06,PG_BOOL_R016,PG_BOOL_R016_C06,Y4_obfuscated_boolean,between_range,6,6,6,6,1.0,1.0,1.0,0.0,0.0,0.9350000000000002,0.0,none,not_computed
BOOTSTRAP_V4_1_TO_V5_RULESET_CONDITIONED,RS_Y4_R016_C07,PG_BOOL_R016,PG_BOOL_R016_C07,Y4_obfuscated_boolean,between_range,6,6,6,6,1.0,1.0,1.0,0.0,0.0,0.9350000000000002,0.0,none,not_computed
BOOTSTRAP_V4_1_TO_V5_RULESET_CONDITIONED,RS_Y4_R016_C08,PG_BOOL_R016,PG_BOOL_R016_C08,Y4_obfuscated_boolean,between_range,6,6,6,6,1.0,1.0,1.0,0.0,0.0,0.9350000000000002,0.0,none,not_computed
BOOTSTRAP_V4_1_TO_V5_RULESET_CONDITIONED,RS_Y4_R016_C09,PG_BOOL_R016,PG_BOOL_R016_C09,Y4_obfuscated_boolean,between_range,6,6,6,6,1.0,1.0,1.0,0.0,0.0,0.9350000000000002,0.0,none,not_computed
BOOTSTRAP_V4_1_TO_V5_RULESET_CONDITIONED,RS_Y4_R016_C10,PG_BOOL_R016,PG_BOOL_R016_C10,Y4_obfuscated_boolean,between_range,6,6,6,6,1.0,1.0,1.0,0.0,0.0,0.9350000000000002,0.0,none,not_computed
BOOTSTRAP_V4_1_TO_V5_RULESET_CONDITIONED,RS_Y4_R017_C01,PG_BOOL_R017,PG_BOOL_R017_C01,Y4_obfuscated_boolean,between_range,6,6,6,6,1.0,1.0,1.0,0.0,0.0,0.9350000000000002,0.0,none,not_computed
BOOTSTRAP_V4_1_TO_V5_RULESET_CONDITIONED,RS_Y4_R017_C02,PG_BOOL_R017,PG_BOOL_R017_C02,Y4_obfuscated_boolean,between_range,6,6,6,6,1.0,1.0,1.0,0.0,0.0,0.9350000000000002,0.0,none,not_computed
BOOTSTRAP_V4_1_TO_V5_RULESET_CONDITIONED,RS_Y4_R017_C03,PG_BOOL_R017,PG_BOOL_R017_C03,Y4_obfuscated_boolean,between_range,6,6,6,6,1.0,1.0,1.0,0.0,0.0,0.9350000000000002,0.0,none,not_computed
BOOTSTRAP_V4_1_TO_V5_RULESET_CONDITIONED,RS_Y4_R017_C04,PG_BOOL_R017,PG_BOOL_R017_C04,Y4_obfuscated_boolean,between_range,6,6,6,6,1.0,1.0,1.0,0.0,0.0,0.9350000000000002,0.0,none,not_computed
BOOTSTRAP_V4_1_TO_V5_RULESET_CONDITIONED,RS_Y4_R017_C05,PG_BOOL_R017,PG_BOOL_R017_C05,Y4_obfuscated_boolean,between_range,6,6,6,6,1.0,1.0,1.0,0.0,0.0,0.9350000000000002,0.0,none,not_computed
BOOTSTRAP_V4_1_TO_V5_RULESET_CONDITIONED,RS_Y4_R017_C06,PG_BOOL_R017,PG_BOOL_R017_C06,Y4_obfuscated_boolean,between_range,6,6,6,6,1.0,1.0,1.0,0.0,0.0,0.9350000000000002,0.0,none,not_computed
BOOTSTRAP_V4_1_TO_V5_RULESET_CONDITIONED,RS_Y4_R017_C07,PG_BOOL_R017,PG_BOOL_R017_C07,Y4_obfuscated_boolean,between_range,6,6,6,6,1.0,1.0,1.0,0.0,0.0,0.9350000000000002,0.0,none,not_computed
BOOTSTRAP_V4_1_TO_V5_RULESET_CONDITIONED,RS_Y4_R017_C08,PG_BOOL_R017,PG_BOOL_R017_C08,Y4_obfuscated_boolean,between_range,6,6,6,6,1.0,1.0,1.0,0.0,0.0,0.9350000000000002,0.0,none,not_computed
BOOTSTRAP_V4_1_TO_V5_RULESET_CONDITIONED,RS_Y4_R017_C09,PG_BOOL_R017,PG_BOOL_R017_C09,Y4_obfuscated_boolean,between_range,6,6,6,6,1.0,1.0,1.0,0.0,0.0,0.9350000000000002,0.0,none,not_computed
BOOTSTRAP_V4_1_TO_V5_RULESET_CONDITIONED,RS_Y4_R017_C10,PG_BOOL_R017,PG_BOOL_R017_C10,Y4_obfuscated_boolean,between_range,6,6,6,6,1.0,1.0,1.0,0.0,0.0,0.9350000000000002,0.0,none,not_computed
BOOTSTRAP_V4_1_TO_V5_RULESET_CONDITIONED,RS_Y4_R018_C01,PG_BOOL_R018,PG_BOOL_R018_C01,Y4_obfuscated_boolean,between_range,6,6,6,6,1.0,1.0,1.0,0.0,0.0,0.9350000000000002,0.0,none,not_computed
BOOTSTRAP_V4_1_TO_V5_RULESET_CONDITIONED,RS_Y4_R018_C02,PG_BOOL_R018,PG_BOOL_R018_C02,Y4_obfuscated_boolean,between_range,6,6,6,6,1.0,1.0,1.0,0.0,0.0,0.9350000000000002,0.0,none,not_computed
BOOTSTRAP_V4_1_TO_V5_RULESET_CONDITIONED,RS_Y4_R018_C03,PG_BOOL_R018,PG_BOOL_R018_C03,Y4_obfuscated_boolean,between_range,6,6,6,6,1.0,1.0,1.0,0.0,0.0,0.9350000000000002,0.0,none,not_computed
BOOTSTRAP_V4_1_TO_V5_RULESET_CONDITIONED,RS_Y4_R018_C04,PG_BOOL_R018,PG_BOOL_R018_C04,Y4_obfuscated_boolean,between_range,6,6,6,6,1.0,1.0,1.0,0.0,0.0,0.9350000000000002,0.0,none,not_computed
BOOTSTRAP_V4_1_TO_V5_RULESET_CONDITIONED,RS_Y4_R018_C05,PG_BOOL_R018,PG_BOOL_R018_C05,Y4_obfuscated_boolean,between_range,6,6,6,6,1.0,1.0,1.0,0.0,0.0,0.9350000000000002,0.0,none,not_computed
BOOTSTRAP_V4_1_TO_V5_RULESET_CONDITIONED,RS_Y4_R018_C06,PG_BOOL_R018,PG_BOOL_R018_C06,Y4_obfuscated_boolean,between_range,6,6,6,6,1.0,1.0,1.0,0.0,0.0,0.9350000000000002,0.0,none,not_computed
BOOTSTRAP_V4_1_TO_V5_RULESET_CONDITIONED,RS_Y4_R018_C07,PG_BOOL_R018,PG_BOOL_R018_C07,Y4_obfuscated_boolean,between_range,6,6,6,6,1.0,1.0,1.0,0.0,0.0,0.9350000000000002,0.0,none,not_computed
BOOTSTRAP_V4_1_TO_V5_RULESET_CONDITIONED,RS_Y4_R018_C08,PG_BOOL_R018,PG_BOOL_R018_C08,Y4_obfuscated_boolean,between_range,6,6,6,6,1.0,1.0,1.0,0.0,0.0,0.9350000000000002,0.0,none,not_computed
BOOTSTRAP_V4_1_TO_V5_RULESET_CONDITIONED,RS_Y4_R018_C09,PG_BOOL_R018,PG_BOOL_R018_C09,Y4_obfuscated_boolean,between_range,6,6,6,6,1.0,1.0,1.0,0.0,0.0,0.9350000000000002,0.0,none,not_computed
BOOTSTRAP_V4_1_TO_V5_RULESET_CONDITIONED,RS_Y4_R018_C10,PG_BOOL_R018,PG_BOOL_R018_C10,Y4_obfuscated_boolean,between_range,6,6,6,6,1.0,1.0,1.0,0.0,0.0,0.9350000000000002,0.0,none,not_computed
BOOTSTRAP_V4_1_TO_V5_RULESET_CONDITIONED,RS_Y4_R019_C01,PG_BOOL_R019,PG_BOOL_R019_C01,Y4_obfuscated_boolean,between_range,6,6,6,6,1.0,1.0,1.0,0.0,0.0,0.9350000000000002,0.0,none,not_computed
BOOTSTRAP_V4_1_TO_V5_RULESET_CONDITIONED,RS_Y4_R019_C02,PG_BOOL_R019,PG_BOOL_R019_C02,Y4_obfuscated_boolean,between_range,6,6,6,6,1.0,1.0,1.0,0.0,0.0,0.9350000000000002,0.0,none,not_computed
BOOTSTRAP_V4_1_TO_V5_RULESET_CONDITIONED,RS_Y4_R019_C03,PG_BOOL_R019,PG_BOOL_R019_C03,Y4_obfuscated_boolean,between_range,6,6,6,6,1.0,1.0,1.0,0.0,0.0,0.9350000000000002,0.0,none,not_computed
BOOTSTRAP_V4_1_TO_V5_RULESET_CONDITIONED,RS_Y4_R019_C04,PG_BOOL_R019,PG_BOOL_R019_C04,Y4_obfuscated_boolean,between_range,6,6,6,6,1.0,1.0,1.0,0.0,0.0,0.9350000000000002,0.0,none,not_computed
BOOTSTRAP_V4_1_TO_V5_RULESET_CONDITIONED,RS_Y4_R019_C05,PG_BOOL_R019,PG_BOOL_R019_C05,Y4_obfuscated_boolean,between_range,6,6,6,6,1.0,1.0,1.0,0.0,0.0,0.9350000000000002,0.0,none,not_computed
BOOTSTRAP_V4_1_TO_V5_RULESET_CONDITIONED,RS_Y4_R019_C06,PG_BOOL_R019,PG_BOOL_R019_C06,Y4_obfuscated_boolean,between_range,6,6,6,6,1.0,1.0,1.0,0.0,0.0,0.9350000000000002,0.0,none,not_computed
BOOTSTRAP_V4_1_TO_V5_RULESET_CONDITIONED,RS_Y4_R019_C07,PG_BOOL_R019,PG_BOOL_R019_C07,Y4_obfuscated_boolean,between_range,6,6,6,6,1.0,1.0,1.0,0.0,0.0,0.9350000000000002,0.0,none,not_computed
BOOTSTRAP_V4_1_TO_V5_RULESET_CONDITIONED,RS_Y4_R019_C08,PG_BOOL_R019,PG_BOOL_R019_C08,Y4_obfuscated_boolean,between_range,6,6,6,6,1.0,1.0,1.0,0.0,0.0,0.9350000000000002,0.0,none,not_computed
BOOTSTRAP_V4_1_TO_V5_RULESET_CONDITIONED,RS_Y4_R019_C09,PG_BOOL_R019,PG_BOOL_R019_C09,Y4_obfuscated_boolean,between_range,6,6,6,6,1.0,1.0,1.0,0.0,0.0,0.9350000000000002,0.0,none,not_computed
BOOTSTRAP_V4_1_TO_V5_RULESET_CONDITIONED,RS_Y4_R019_C10,PG_BOOL_R019,PG_BOOL_R019_C10,Y4_obfuscated_boolean,between_range,6,6,6,6,1.0,1.0,1.0,0.0,0.0,0.9350000000000002,0.0,none,not_computed
BOOTSTRAP_V4_1_TO_V5_RULESET_CONDITIONED,RS_Y4_R020_C01,PG_BOOL_R020,PG_BOOL_R020_C01,Y4_obfuscated_boolean,between_range,6,6,6,6,1.0,1.0,1.0,0.0,0.0,0.9350000000000002,0.0,none,not_computed
BOOTSTRAP_V4_1_TO_V5_RULESET_CONDITIONED,RS_Y4_R020_C02,PG_BOOL_R020,PG_BOOL_R020_C02,Y4_obfuscated_boolean,between_range,6,6,6,6,1.0,1.0,1.0,0.0,0.0,0.9350000000000002,0.0,none,not_computed
BOOTSTRAP_V4_1_TO_V5_RULESET_CONDITIONED,RS_Y4_R020_C03,PG_BOOL_R020,PG_BOOL_R020_C03,Y4_obfuscated_boolean,between_range,6,6,6,6,1.0,1.0,1.0,0.0,0.0,0.9350000000000002,0.0,none,not_computed
BOOTSTRAP_V4_1_TO_V5_RULESET_CONDITIONED,RS_Y4_R020_C04,PG_BOOL_R020,PG_BOOL_R020_C04,Y4_obfuscated_boolean,between_range,6,6,6,6,1.0,1.0,1.0,0.0,0.0,0.9350000000000002,0.0,none,not_computed
BOOTSTRAP_V4_1_TO_V5_RULESET_CONDITIONED,RS_Y4_R020_C05,PG_BOOL_R020,PG_BOOL_R020_C05,Y4_obfuscated_boolean,between_range,6,6,6,6,1.0,1.0,1.0,0.0,0.0,0.9350000000000002,0.0,none,not_computed
BOOTSTRAP_V4_1_TO_V5_RULESET_CONDITIONED,RS_Y4_R020_C06,PG_BOOL_R020,PG_BOOL_R020_C06,Y4_obfuscated_boolean,between_range,6,6,6,6,1.0,1.0,1.0,0.0,0.0,0.9350000000000002,0.0,none,not_computed
BOOTSTRAP_V4_1_TO_V5_RULESET_CONDITIONED,RS_Y4_R020_C07,PG_BOOL_R020,PG_BOOL_R020_C07,Y4_obfuscated_boolean,between_range,6,6,6,6,1.0,1.0,1.0,0.0,0.0,0.9350000000000002,0.0,none,not_computed
BOOTSTRAP_V4_1_TO_V5_RULESET_CONDITIONED,RS_Y4_R020_C08,PG_BOOL_R020,PG_BOOL_R020_C08,Y4_obfuscated_boolean,between_range,6,6,6,6,1.0,1.0,1.0,0.0,0.0,0.9350000000000002,0.0,none,not_computed
BOOTSTRAP_V4_1_TO_V5_RULESET_CONDITIONED,RS_Y4_R020_C09,PG_BOOL_R020,PG_BOOL_R020_C09,Y4_obfuscated_boolean,between_range,6,6,6,6,1.0,1.0,1.0,0.0,0.0,0.9350000000000002,0.0,none,not_computed
BOOTSTRAP_V4_1_TO_V5_RULESET_CONDITIONED,RS_Y4_R020_C10,PG_BOOL_R020,PG_BOOL_R020_C10,Y4_obfuscated_boolean,between_range,6,6,6,6,1.0,1.0,1.0,0.0,0.0,0.9350000000000002,0.0,none,not_computed
BOOTSTRAP_V4_1_TO_V5_RULESET_CONDITIONED,RS_Y4_R021_C01,PG_BOOL_R021,PG_BOOL_R021_C01,Y4_obfuscated_boolean,membership_list,6,6,6,6,1.0,1.0,1.0,0.0,0.0,0.9350000000000002,0.0,none,not_computed
BOOTSTRAP_V4_1_TO_V5_RULESET_CONDITIONED,RS_Y4_R021_C02,PG_BOOL_R021,PG_BOOL_R021_C02,Y4_obfuscated_boolean,membership_list,6,6,6,6,1.0,1.0,1.0,0.0,0.0,0.9350000000000002,0.0,none,not_computed
BOOTSTRAP_V4_1_TO_V5_RULESET_CONDITIONED,RS_Y4_R021_C03,PG_BOOL_R021,PG_BOOL_R021_C03,Y4_obfuscated_boolean,membership_list,6,6,6,6,1.0,1.0,1.0,0.0,0.0,0.9350000000000002,0.0,none,not_computed
BOOTSTRAP_V4_1_TO_V5_RULESET_CONDITIONED,RS_Y4_R021_C04,PG_BOOL_R021,PG_BOOL_R021_C04,Y4_obfuscated_boolean,membership_list,6,6,6,6,1.0,1.0,1.0,0.0,0.0,0.9350000000000002,0.0,none,not_computed
BOOTSTRAP_V4_1_TO_V5_RULESET_CONDITIONED,RS_Y4_R021_C05,PG_BOOL_R021,PG_BOOL_R021_C05,Y4_obfuscated_boolean,membership_list,6,6,6,6,1.0,1.0,1.0,0.0,0.0,0.9350000000000002,0.0,none,not_computed
BOOTSTRAP_V4_1_TO_V5_RULESET_CONDITIONED,RS_Y4_R021_C06,PG_BOOL_R021,PG_BOOL_R021_C06,Y4_obfuscated_boolean,membership_list,6,6,6,6,1.0,1.0,1.0,0.0,0.0,0.9350000000000002,0.0,none,not_computed
BOOTSTRAP_V4_1_TO_V5_RULESET_CONDITIONED,RS_Y4_R021_C07,PG_BOOL_R021,PG_BOOL_R021_C07,Y4_obfuscated_boolean,membership_list,6,6,6,6,1.0,1.0,1.0,0.0,0.0,0.9350000000000002,0.0,none,not_computed
BOOTSTRAP_V4_1_TO_V5_RULESET_CONDITIONED,RS_Y4_R021_C08,PG_BOOL_R021,PG_BOOL_R021_C08,Y4_obfuscated_boolean,membership_list,6,6,6,6,1.0,1.0,1.0,0.0,0.0,0.9350000000000002,0.0,none,not_computed
BOOTSTRAP_V4_1_TO_V5_RULESET_CONDITIONED,RS_Y4_R021_C09,PG_BOOL_R021,PG_BOOL_R021_C09,Y4_obfuscated_boolean,membership_list,6,6,6,6,1.0,1.0,1.0,0.0,0.0,0.9350000000000002,0.0,none,not_computed
BOOTSTRAP_V4_1_TO_V5_RULESET_CONDITIONED,RS_Y4_R021_C10,PG_BOOL_R021,PG_BOOL_R021_C10,Y4_obfuscated_boolean,membership_list,6,6,6,6,1.0,1.0,1.0,0.0,0.0,0.9350000000000002,0.0,none,not_computed
BOOTSTRAP_V4_1_TO_V5_RULESET_CONDITIONED,RS_Y4_R022_C01,PG_BOOL_R022,PG_BOOL_R022_C01,Y4_obfuscated_boolean,membership_list,6,6,6,6,1.0,1.0,1.0,0.0,0.0,0.9350000000000002,0.0,none,not_computed
BOOTSTRAP_V4_1_TO_V5_RULESET_CONDITIONED,RS_Y4_R022_C02,PG_BOOL_R022,PG_BOOL_R022_C02,Y4_obfuscated_boolean,membership_list,6,6,6,6,1.0,1.0,1.0,0.0,0.0,0.9350000000000002,0.0,none,not_computed
BOOTSTRAP_V4_1_TO_V5_RULESET_CONDITIONED,RS_Y4_R022_C03,PG_BOOL_R022,PG_BOOL_R022_C03,Y4_obfuscated_boolean,membership_list,6,6,6,6,1.0,1.0,1.0,0.0,0.0,0.9350000000000002,0.0,none,not_computed
BOOTSTRAP_V4_1_TO_V5_RULESET_CONDITIONED,RS_Y4_R022_C04,PG_BOOL_R022,PG_BOOL_R022_C04,Y4_obfuscated_boolean,membership_list,6,6,6,6,1.0,1.0,1.0,0.0,0.0,0.9350000000000002,0.0,none,not_computed
BOOTSTRAP_V4_1_TO_V5_RULESET_CONDITIONED,RS_Y4_R022_C05,PG_BOOL_R022,PG_BOOL_R022_C05,Y4_obfuscated_boolean,membership_list,6,6,6,6,1.0,1.0,1.0,0.0,0.0,0.9350000000000002,0.0,none,not_computed
BOOTSTRAP_V4_1_TO_V5_RULESET_CONDITIONED,RS_Y4_R022_C06,PG_BOOL_R022,PG_BOOL_R022_C06,Y4_obfuscated_boolean,membership_list,6,6,6,6,1.0,1.0,1.0,0.0,0.0,0.9350000000000002,0.0,none,not_computed
BOOTSTRAP_V4_1_TO_V5_RULESET_CONDITIONED,RS_Y4_R022_C07,PG_BOOL_R022,PG_BOOL_R022_C07,Y4_obfuscated_boolean,membership_list,6,6,6,6,1.0,1.0,1.0,0.0,0.0,0.9350000000000002,0.0,none,not_computed
BOOTSTRAP_V4_1_TO_V5_RULESET_CONDITIONED,RS_Y4_R022_C08,PG_BOOL_R022,PG_BOOL_R022_C08,Y4_obfuscated_boolean,membership_list,6,6,6,6,1.0,1.0,1.0,0.0,0.0,0.9350000000000002,0.0,none,not_computed
BOOTSTRAP_V4_1_TO_V5_RULESET_CONDITIONED,RS_Y4_R022_C09,PG_BOOL_R022,PG_BOOL_R022_C09,Y4_obfuscated_boolean,membership_list,6,6,6,6,1.0,1.0,1.0,0.0,0.0,0.9350000000000002,0.0,none,not_computed
BOOTSTRAP_V4_1_TO_V5_RULESET_CONDITIONED,RS_Y4_R022_C10,PG_BOOL_R022,PG_BOOL_R022_C10,Y4_obfuscated_boolean,membership_list,6,6,6,6,1.0,1.0,1.0,0.0,0.0,0.9350000000000002,0.0,none,not_computed
BOOTSTRAP_V4_1_TO_V5_RULESET_CONDITIONED,RS_Y4_R023_C01,PG_BOOL_R023,PG_BOOL_R023_C01,Y4_obfuscated_boolean,membership_list,6,6,6,6,1.0,1.0,1.0,0.0,0.0,0.9350000000000002,0.0,none,not_computed
BOOTSTRAP_V4_1_TO_V5_RULESET_CONDITIONED,RS_Y4_R023_C02,PG_BOOL_R023,PG_BOOL_R023_C02,Y4_obfuscated_boolean,membership_list,6,6,6,6,1.0,1.0,1.0,0.0,0.0,0.9350000000000002,0.0,none,not_computed
BOOTSTRAP_V4_1_TO_V5_RULESET_CONDITIONED,RS_Y4_R023_C03,PG_BOOL_R023,PG_BOOL_R023_C03,Y4_obfuscated_boolean,membership_list,6,6,6,6,1.0,1.0,1.0,0.0,0.0,0.9350000000000002,0.0,none,not_computed
BOOTSTRAP_V4_1_TO_V5_RULESET_CONDITIONED,RS_Y4_R023_C04,PG_BOOL_R023,PG_BOOL_R023_C04,Y4_obfuscated_boolean,membership_list,6,6,6,6,1.0,1.0,1.0,0.0,0.0,0.9350000000000002,0.0,none,not_computed
BOOTSTRAP_V4_1_TO_V5_RULESET_CONDITIONED,RS_Y4_R023_C05,PG_BOOL_R023,PG_BOOL_R023_C05,Y4_obfuscated_boolean,membership_list,6,6,6,6,1.0,1.0,1.0,0.0,0.0,0.9350000000000002,0.0,none,not_computed
BOOTSTRAP_V4_1_TO_V5_RULESET_CONDITIONED,RS_Y4_R023_C06,PG_BOOL_R023,PG_BOOL_R023_C06,Y4_obfuscated_boolean,membership_list,6,6,6,6,1.0,1.0,1.0,0.0,0.0,0.9350000000000002,0.0,none,not_computed
BOOTSTRAP_V4_1_TO_V5_RULESET_CONDITIONED,RS_Y4_R023_C07,PG_BOOL_R023,PG_BOOL_R023_C07,Y4_obfuscated_boolean,membership_list,6,6,6,6,1.0,1.0,1.0,0.0,0.0,0.9350000000000002,0.0,none,not_computed
BOOTSTRAP_V4_1_TO_V5_RULESET_CONDITIONED,RS_Y4_R023_C08,PG_BOOL_R023,PG_BOOL_R023_C08,Y4_obfuscated_boolean,membership_list,6,6,6,6,1.0,1.0,1.0,0.0,0.0,0.9350000000000002,0.0,none,not_computed
BOOTSTRAP_V4_1_TO_V5_RULESET_CONDITIONED,RS_Y4_R023_C09,PG_BOOL_R023,PG_BOOL_R023_C09,Y4_obfuscated_boolean,membership_list,6,6,6,6,1.0,1.0,1.0,0.0,0.0,0.9350000000000002,0.0,none,not_computed
BOOTSTRAP_V4_1_TO_V5_RULESET_CONDITIONED,RS_Y4_R023_C10,PG_BOOL_R023,PG_BOOL_R023_C10,Y4_obfuscated_boolean,membership_list,6,6,6,6,1.0,1.0,1.0,0.0,0.0,0.9350000000000002,0.0,none,not_computed
BOOTSTRAP_V4_1_TO_V5_RULESET_CONDITIONED,RS_Y4_R024_C01,PG_BOOL_R024,PG_BOOL_R024_C01,Y4_obfuscated_boolean,membership_list,6,6,6,6,1.0,1.0,1.0,0.0,0.0,0.9350000000000002,0.0,none,not_computed
BOOTSTRAP_V4_1_TO_V5_RULESET_CONDITIONED,RS_Y4_R024_C02,PG_BOOL_R024,PG_BOOL_R024_C02,Y4_obfuscated_boolean,membership_list,6,6,6,6,1.0,1.0,1.0,0.0,0.0,0.9350000000000002,0.0,none,not_computed
BOOTSTRAP_V4_1_TO_V5_RULESET_CONDITIONED,RS_Y4_R024_C03,PG_BOOL_R024,PG_BOOL_R024_C03,Y4_obfuscated_boolean,membership_list,6,6,6,6,1.0,1.0,1.0,0.0,0.0,0.9350000000000002,0.0,none,not_computed
BOOTSTRAP_V4_1_TO_V5_RULESET_CONDITIONED,RS_Y4_R024_C04,PG_BOOL_R024,PG_BOOL_R024_C04,Y4_obfuscated_boolean,membership_list,6,6,6,6,1.0,1.0,1.0,0.0,0.0,0.9350000000000002,0.0,none,not_computed
BOOTSTRAP_V4_1_TO_V5_RULESET_CONDITIONED,RS_Y4_R024_C05,PG_BOOL_R024,PG_BOOL_R024_C05,Y4_obfuscated_boolean,membership_list,6,6,6,6,1.0,1.0,1.0,0.0,0.0,0.9350000000000002,0.0,none,not_computed
BOOTSTRAP_V4_1_TO_V5_RULESET_CONDITIONED,RS_Y4_R024_C06,PG_BOOL_R024,PG_BOOL_R024_C06,Y4_obfuscated_boolean,membership_list,6,6,6,6,1.0,1.0,1.0,0.0,0.0,0.9350000000000002,0.0,none,not_computed
BOOTSTRAP_V4_1_TO_V5_RULESET_CONDITIONED,RS_Y4_R024_C07,PG_BOOL_R024,PG_BOOL_R024_C07,Y4_obfuscated_boolean,membership_list,6,6,6,6,1.0,1.0,1.0,0.0,0.0,0.9350000000000002,0.0,none,not_computed
BOOTSTRAP_V4_1_TO_V5_RULESET_CONDITIONED,RS_Y4_R024_C08,PG_BOOL_R024,PG_BOOL_R024_C08,Y4_obfuscated_boolean,membership_list,6,6,6,6,1.0,1.0,1.0,0.0,0.0,0.9350000000000002,0.0,none,not_computed
BOOTSTRAP_V4_1_TO_V5_RULESET_CONDITIONED,RS_Y4_R024_C09,PG_BOOL_R024,PG_BOOL_R024_C09,Y4_obfuscated_boolean,membership_list,6,6,6,6,1.0,1.0,1.0,0.0,0.0,0.9350000000000002,0.0,none,not_computed
BOOTSTRAP_V4_1_TO_V5_RULESET_CONDITIONED,RS_Y4_R024_C10,PG_BOOL_R024,PG_BOOL_R024_C10,Y4_obfuscated_boolean,membership_list,6,6,6,6,1.0,1.0,1.0,0.0,0.0,0.9350000000000002,0.0,none,not_computed
BOOTSTRAP_V4_1_TO_V5_RULESET_CONDITIONED,RS_Y4_R025_C01,PG_BOOL_R025,PG_BOOL_R025_C01,Y4_obfuscated_boolean,membership_list,6,6,6,6,1.0,1.0,1.0,0.0,0.0,0.9350000000000002,0.0,none,not_computed
BOOTSTRAP_V4_1_TO_V5_RULESET_CONDITIONED,RS_Y4_R025_C02,PG_BOOL_R025,PG_BOOL_R025_C02,Y4_obfuscated_boolean,membership_list,6,6,6,6,1.0,1.0,1.0,0.0,0.0,0.9350000000000002,0.0,none,not_computed
BOOTSTRAP_V4_1_TO_V5_RULESET_CONDITIONED,RS_Y4_R025_C03,PG_BOOL_R025,PG_BOOL_R025_C03,Y4_obfuscated_boolean,membership_list,6,6,6,6,1.0,1.0,1.0,0.0,0.0,0.9350000000000002,0.0,none,not_computed
BOOTSTRAP_V4_1_TO_V5_RULESET_CONDITIONED,RS_Y4_R025_C04,PG_BOOL_R025,PG_BOOL_R025_C04,Y4_obfuscated_boolean,membership_list,6,6,6,6,1.0,1.0,1.0,0.0,0.0,0.9350000000000002,0.0,none,not_computed
BOOTSTRAP_V4_1_TO_V5_RULESET_CONDITIONED,RS_Y4_R025_C05,PG_BOOL_R025,PG_BOOL_R025_C05,Y4_obfuscated_boolean,membership_list,6,6,6,6,1.0,1.0,1.0,0.0,0.0,0.9350000000000002,0.0,none,not_computed
BOOTSTRAP_V4_1_TO_V5_RULESET_CONDITIONED,RS_Y4_R025_C06,PG_BOOL_R025,PG_BOOL_R025_C06,Y4_obfuscated_boolean,membership_list,6,6,6,6,1.0,1.0,1.0,0.0,0.0,0.9350000000000002,0.0,none,not_computed
BOOTSTRAP_V4_1_TO_V5_RULESET_CONDITIONED,RS_Y4_R025_C07,PG_BOOL_R025,PG_BOOL_R025_C07,Y4_obfuscated_boolean,membership_list,6,6,6,6,1.0,1.0,1.0,0.0,0.0,0.9350000000000002,0.0,none,not_computed
BOOTSTRAP_V4_1_TO_V5_RULESET_CONDITIONED,RS_Y4_R025_C08,PG_BOOL_R025,PG_BOOL_R025_C08,Y4_obfuscated_boolean,membership_list,6,6,6,6,1.0,1.0,1.0,0.0,0.0,0.9350000000000002,0.0,none,not_computed
BOOTSTRAP_V4_1_TO_V5_RULESET_CONDITIONED,RS_Y4_R025_C09,PG_BOOL_R025,PG_BOOL_R025_C09,Y4_obfuscated_boolean,membership_list,6,6,6,6,1.0,1.0,1.0,0.0,0.0,0.9350000000000002,0.0,none,not_computed
BOOTSTRAP_V4_1_TO_V5_RULESET_CONDITIONED,RS_Y4_R025_C10,PG_BOOL_R025,PG_BOOL_R025_C10,Y4_obfuscated_boolean,membership_list,6,6,6,6,1.0,1.0,1.0,0.0,0.0,0.9350000000000002,0.0,none,not_computed
BOOTSTRAP_V4_1_TO_V5_RULESET_CONDITIONED,RS_Y4_R026_C01,PG_BOOL_R026,PG_BOOL_R026_C01,Y4_obfuscated_boolean,any_all_array,6,6,6,6,1.0,1.0,1.0,0.0,0.0,0.9350000000000002,0.0,none,not_computed
BOOTSTRAP_V4_1_TO_V5_RULESET_CONDITIONED,RS_Y4_R026_C02,PG_BOOL_R026,PG_BOOL_R026_C02,Y4_obfuscated_boolean,any_all_array,6,6,6,6,1.0,1.0,1.0,0.0,0.0,0.9350000000000002,0.0,none,not_computed
BOOTSTRAP_V4_1_TO_V5_RULESET_CONDITIONED,RS_Y4_R026_C03,PG_BOOL_R026,PG_BOOL_R026_C03,Y4_obfuscated_boolean,any_all_array,6,6,6,6,1.0,1.0,1.0,0.0,0.0,0.9350000000000002,0.0,none,not_computed
BOOTSTRAP_V4_1_TO_V5_RULESET_CONDITIONED,RS_Y4_R026_C04,PG_BOOL_R026,PG_BOOL_R026_C04,Y4_obfuscated_boolean,any_all_array,6,6,6,6,1.0,1.0,1.0,0.0,0.0,0.9350000000000002,0.0,none,not_computed
BOOTSTRAP_V4_1_TO_V5_RULESET_CONDITIONED,RS_Y4_R026_C05,PG_BOOL_R026,PG_BOOL_R026_C05,Y4_obfuscated_boolean,any_all_array,6,6,6,6,1.0,1.0,1.0,0.0,0.0,0.9350000000000002,0.0,none,not_computed
BOOTSTRAP_V4_1_TO_V5_RULESET_CONDITIONED,RS_Y4_R026_C06,PG_BOOL_R026,PG_BOOL_R026_C06,Y4_obfuscated_boolean,any_all_array,6,6,6,6,1.0,1.0,1.0,0.0,0.0,0.9350000000000002,0.0,none,not_computed
BOOTSTRAP_V4_1_TO_V5_RULESET_CONDITIONED,RS_Y4_R026_C07,PG_BOOL_R026,PG_BOOL_R026_C07,Y4_obfuscated_boolean,any_all_array,6,6,6,6,1.0,1.0,1.0,0.0,0.0,0.9350000000000002,0.0,none,not_computed
BOOTSTRAP_V4_1_TO_V5_RULESET_CONDITIONED,RS_Y4_R026_C08,PG_BOOL_R026,PG_BOOL_R026_C08,Y4_obfuscated_boolean,any_all_array,6,6,6,6,1.0,1.0,1.0,0.0,0.0,0.9350000000000002,0.0,none,not_computed
BOOTSTRAP_V4_1_TO_V5_RULESET_CONDITIONED,RS_Y4_R026_C09,PG_BOOL_R026,PG_BOOL_R026_C09,Y4_obfuscated_boolean,any_all_array,6,6,6,6,1.0,1.0,1.0,0.0,0.0,0.9350000000000002,0.0,none,not_computed
BOOTSTRAP_V4_1_TO_V5_RULESET_CONDITIONED,RS_Y4_R026_C10,PG_BOOL_R026,PG_BOOL_R026_C10,Y4_obfuscated_boolean,any_all_array,6,6,6,6,1.0,1.0,1.0,0.0,0.0,0.9350000000000002,0.0,none,not_computed
BOOTSTRAP_V4_1_TO_V5_RULESET_CONDITIONED,RS_Y4_R027_C01,PG_BOOL_R027,PG_BOOL_R027_C01,Y4_obfuscated_boolean,any_all_array,6,6,6,6,1.0,1.0,1.0,0.0,0.0,0.9350000000000002,0.0,none,not_computed
BOOTSTRAP_V4_1_TO_V5_RULESET_CONDITIONED,RS_Y4_R027_C02,PG_BOOL_R027,PG_BOOL_R027_C02,Y4_obfuscated_boolean,any_all_array,6,6,6,6,1.0,1.0,1.0,0.0,0.0,0.9350000000000002,0.0,none,not_computed
BOOTSTRAP_V4_1_TO_V5_RULESET_CONDITIONED,RS_Y4_R027_C03,PG_BOOL_R027,PG_BOOL_R027_C03,Y4_obfuscated_boolean,any_all_array,6,6,6,6,1.0,1.0,1.0,0.0,0.0,0.9350000000000002,0.0,none,not_computed
BOOTSTRAP_V4_1_TO_V5_RULESET_CONDITIONED,RS_Y4_R027_C04,PG_BOOL_R027,PG_BOOL_R027_C04,Y4_obfuscated_boolean,any_all_array,6,6,6,6,1.0,1.0,1.0,0.0,0.0,0.9350000000000002,0.0,none,not_computed
BOOTSTRAP_V4_1_TO_V5_RULESET_CONDITIONED,RS_Y4_R027_C05,PG_BOOL_R027,PG_BOOL_R027_C05,Y4_obfuscated_boolean,any_all_array,6,6,6,6,1.0,1.0,1.0,0.0,0.0,0.9350000000000002,0.0,none,not_computed
BOOTSTRAP_V4_1_TO_V5_RULESET_CONDITIONED,RS_Y4_R027_C06,PG_BOOL_R027,PG_BOOL_R027_C06,Y4_obfuscated_boolean,any_all_array,6,6,6,6,1.0,1.0,1.0,0.0,0.0,0.9350000000000002,0.0,none,not_computed
BOOTSTRAP_V4_1_TO_V5_RULESET_CONDITIONED,RS_Y4_R027_C07,PG_BOOL_R027,PG_BOOL_R027_C07,Y4_obfuscated_boolean,any_all_array,6,6,6,6,1.0,1.0,1.0,0.0,0.0,0.9350000000000002,0.0,none,not_computed
BOOTSTRAP_V4_1_TO_V5_RULESET_CONDITIONED,RS_Y4_R027_C08,PG_BOOL_R027,PG_BOOL_R027_C08,Y4_obfuscated_boolean,any_all_array,6,6,6,6,1.0,1.0,1.0,0.0,0.0,0.9350000000000002,0.0,none,not_computed
BOOTSTRAP_V4_1_TO_V5_RULESET_CONDITIONED,RS_Y4_R027_C09,PG_BOOL_R027,PG_BOOL_R027_C09,Y4_obfuscated_boolean,any_all_array,6,6,6,6,1.0,1.0,1.0,0.0,0.0,0.9350000000000002,0.0,none,not_computed
BOOTSTRAP_V4_1_TO_V5_RULESET_CONDITIONED,RS_Y4_R027_C10,PG_BOOL_R027,PG_BOOL_R027_C10,Y4_obfuscated_boolean,any_all_array,6,6,6,6,1.0,1.0,1.0,0.0,0.0,0.9350000000000002,0.0,none,not_computed
BOOTSTRAP_V4_1_TO_V5_RULESET_CONDITIONED,RS_Y4_R028_C01,PG_BOOL_R028,PG_BOOL_R028_C01,Y4_obfuscated_boolean,any_all_array,6,6,6,6,1.0,1.0,1.0,0.0,0.0,0.9350000000000002,0.0,none,not_computed
BOOTSTRAP_V4_1_TO_V5_RULESET_CONDITIONED,RS_Y4_R028_C02,PG_BOOL_R028,PG_BOOL_R028_C02,Y4_obfuscated_boolean,any_all_array,6,6,6,6,1.0,1.0,1.0,0.0,0.0,0.9350000000000002,0.0,none,not_computed
BOOTSTRAP_V4_1_TO_V5_RULESET_CONDITIONED,RS_Y4_R028_C03,PG_BOOL_R028,PG_BOOL_R028_C03,Y4_obfuscated_boolean,any_all_array,6,6,6,6,1.0,1.0,1.0,0.0,0.0,0.9350000000000002,0.0,none,not_computed
BOOTSTRAP_V4_1_TO_V5_RULESET_CONDITIONED,RS_Y4_R028_C04,PG_BOOL_R028,PG_BOOL_R028_C04,Y4_obfuscated_boolean,any_all_array,6,6,6,6,1.0,1.0,1.0,0.0,0.0,0.9350000000000002,0.0,none,not_computed
BOOTSTRAP_V4_1_TO_V5_RULESET_CONDITIONED,RS_Y4_R028_C05,PG_BOOL_R028,PG_BOOL_R028_C05,Y4_obfuscated_boolean,any_all_array,6,6,6,6,1.0,1.0,1.0,0.0,0.0,0.9350000000000002,0.0,none,not_computed
BOOTSTRAP_V4_1_TO_V5_RULESET_CONDITIONED,RS_Y4_R028_C06,PG_BOOL_R028,PG_BOOL_R028_C06,Y4_obfuscated_boolean,any_all_array,6,6,6,6,1.0,1.0,1.0,0.0,0.0,0.9350000000000002,0.0,none,not_computed
BOOTSTRAP_V4_1_TO_V5_RULESET_CONDITIONED,RS_Y4_R028_C07,PG_BOOL_R028,PG_BOOL_R028_C07,Y4_obfuscated_boolean,any_all_array,6,6,6,6,1.0,1.0,1.0,0.0,0.0,0.9350000000000002,0.0,none,not_computed
BOOTSTRAP_V4_1_TO_V5_RULESET_CONDITIONED,RS_Y4_R028_C08,PG_BOOL_R028,PG_BOOL_R028_C08,Y4_obfuscated_boolean,any_all_array,6,6,6,6,1.0,1.0,1.0,0.0,0.0,0.9350000000000002,0.0,none,not_computed
BOOTSTRAP_V4_1_TO_V5_RULESET_CONDITIONED,RS_Y4_R028_C09,PG_BOOL_R028,PG_BOOL_R028_C09,Y4_obfuscated_boolean,any_all_array,6,6,6,6,1.0,1.0,1.0,0.0,0.0,0.9350000000000002,0.0,none,not_computed
BOOTSTRAP_V4_1_TO_V5_RULESET_CONDITIONED,RS_Y4_R028_C10,PG_BOOL_R028,PG_BOOL_R028_C10,Y4_obfuscated_boolean,any_all_array,6,6,6,6,1.0,1.0,1.0,0.0,0.0,0.9350000000000002,0.0,none,not_computed
BOOTSTRAP_V4_1_TO_V5_RULESET_CONDITIONED,RS_Y4_R029_C01,PG_BOOL_R029,PG_BOOL_R029_C01,Y4_obfuscated_boolean,any_all_array,6,6,6,6,1.0,1.0,1.0,0.0,0.0,0.9350000000000002,0.0,none,not_computed
BOOTSTRAP_V4_1_TO_V5_RULESET_CONDITIONED,RS_Y4_R029_C02,PG_BOOL_R029,PG_BOOL_R029_C02,Y4_obfuscated_boolean,any_all_array,6,6,6,6,1.0,1.0,1.0,0.0,0.0,0.9350000000000002,0.0,none,not_computed
BOOTSTRAP_V4_1_TO_V5_RULESET_CONDITIONED,RS_Y4_R029_C03,PG_BOOL_R029,PG_BOOL_R029_C03,Y4_obfuscated_boolean,any_all_array,6,6,6,6,1.0,1.0,1.0,0.0,0.0,0.9350000000000002,0.0,none,not_computed
BOOTSTRAP_V4_1_TO_V5_RULESET_CONDITIONED,RS_Y4_R029_C04,PG_BOOL_R029,PG_BOOL_R029_C04,Y4_obfuscated_boolean,any_all_array,6,6,6,6,1.0,1.0,1.0,0.0,0.0,0.9350000000000002,0.0,none,not_computed
BOOTSTRAP_V4_1_TO_V5_RULESET_CONDITIONED,RS_Y4_R029_C05,PG_BOOL_R029,PG_BOOL_R029_C05,Y4_obfuscated_boolean,any_all_array,6,6,6,6,1.0,1.0,1.0,0.0,0.0,0.9350000000000002,0.0,none,not_computed
BOOTSTRAP_V4_1_TO_V5_RULESET_CONDITIONED,RS_Y4_R029_C06,PG_BOOL_R029,PG_BOOL_R029_C06,Y4_obfuscated_boolean,any_all_array,6,6,6,6,1.0,1.0,1.0,0.0,0.0,0.9350000000000002,0.0,none,not_computed
BOOTSTRAP_V4_1_TO_V5_RULESET_CONDITIONED,RS_Y4_R029_C07,PG_BOOL_R029,PG_BOOL_R029_C07,Y4_obfuscated_boolean,any_all_array,6,6,6,6,1.0,1.0,1.0,0.0,0.0,0.9350000000000002,0.0,none,not_computed
BOOTSTRAP_V4_1_TO_V5_RULESET_CONDITIONED,RS_Y4_R029_C08,PG_BOOL_R029,PG_BOOL_R029_C08,Y4_obfuscated_boolean,any_all_array,6,6,6,6,1.0,1.0,1.0,0.0,0.0,0.9350000000000002,0.0,none,not_computed
BOOTSTRAP_V4_1_TO_V5_RULESET_CONDITIONED,RS_Y4_R029_C09,PG_BOOL_R029,PG_BOOL_R029_C09,Y4_obfuscated_boolean,any_all_array,6,6,6,6,1.0,1.0,1.0,0.0,0.0,0.9350000000000002,0.0,none,not_computed
BOOTSTRAP_V4_1_TO_V5_RULESET_CONDITIONED,RS_Y4_R029_C10,PG_BOOL_R029,PG_BOOL_R029_C10,Y4_obfuscated_boolean,any_all_array,6,6,6,6,1.0,1.0,1.0,0.0,0.0,0.9350000000000002,0.0,none,not_computed
BOOTSTRAP_V4_1_TO_V5_RULESET_CONDITIONED,RS_Y4_R030_C01,PG_BOOL_R030,PG_BOOL_R030_C01,Y4_obfuscated_boolean,any_all_array,6,6,6,6,1.0,1.0,1.0,0.0,0.0,0.9350000000000002,0.0,none,not_computed
BOOTSTRAP_V4_1_TO_V5_RULESET_CONDITIONED,RS_Y4_R030_C02,PG_BOOL_R030,PG_BOOL_R030_C02,Y4_obfuscated_boolean,any_all_array,6,6,6,6,1.0,1.0,1.0,0.0,0.0,0.9350000000000002,0.0,none,not_computed
BOOTSTRAP_V4_1_TO_V5_RULESET_CONDITIONED,RS_Y4_R030_C03,PG_BOOL_R030,PG_BOOL_R030_C03,Y4_obfuscated_boolean,any_all_array,6,6,6,6,1.0,1.0,1.0,0.0,0.0,0.9350000000000002,0.0,none,not_computed
BOOTSTRAP_V4_1_TO_V5_RULESET_CONDITIONED,RS_Y4_R030_C04,PG_BOOL_R030,PG_BOOL_R030_C04,Y4_obfuscated_boolean,any_all_array,6,6,6,6,1.0,1.0,1.0,0.0,0.0,0.9350000000000002,0.0,none,not_computed
BOOTSTRAP_V4_1_TO_V5_RULESET_CONDITIONED,RS_Y4_R030_C05,PG_BOOL_R030,PG_BOOL_R030_C05,Y4_obfuscated_boolean,any_all_array,6,6,6,6,1.0,1.0,1.0,0.0,0.0,0.9350000000000002,0.0,none,not_computed
BOOTSTRAP_V4_1_TO_V5_RULESET_CONDITIONED,RS_Y4_R030_C06,PG_BOOL_R030,PG_BOOL_R030_C06,Y4_obfuscated_boolean,any_all_array,6,6,6,6,1.0,1.0,1.0,0.0,0.0,0.9350000000000002,0.0,none,not_computed
BOOTSTRAP_V4_1_TO_V5_RULESET_CONDITIONED,RS_Y4_R030_C07,PG_BOOL_R030,PG_BOOL_R030_C07,Y4_obfuscated_boolean,any_all_array,6,6,6,6,1.0,1.0,1.0,0.0,0.0,0.9350000000000002,0.0,none,not_computed
BOOTSTRAP_V4_1_TO_V5_RULESET_CONDITIONED,RS_Y4_R030_C08,PG_BOOL_R030,PG_BOOL_R030_C08,Y4_obfuscated_boolean,any_all_array,6,6,6,6,1.0,1.0,1.0,0.0,0.0,0.9350000000000002,0.0,none,not_computed
BOOTSTRAP_V4_1_TO_V5_RULESET_CONDITIONED,RS_Y4_R030_C09,PG_BOOL_R030,PG_BOOL_R030_C09,Y4_obfuscated_boolean,any_all_array,6,6,6,6,1.0,1.0,1.0,0.0,0.0,0.9350000000000002,0.0,none,not_computed
BOOTSTRAP_V4_1_TO_V5_RULESET_CONDITIONED,RS_Y4_R030_C10,PG_BOOL_R030,PG_BOOL_R030_C10,Y4_obfuscated_boolean,any_all_array,6,6,6,6,1.0,1.0,1.0,0.0,0.0,0.9350000000000002,0.0,none,not_computed
BOOTSTRAP_V4_1_TO_V5_RULESET_CONDITIONED,RS_Y4_R031_C01,PG_BOOL_R031,PG_BOOL_R031_C01,Y4_obfuscated_boolean,like_ilike,6,6,6,6,1.0,1.0,1.0,0.0,0.0,0.9350000000000002,0.0,none,not_computed
BOOTSTRAP_V4_1_TO_V5_RULESET_CONDITIONED,RS_Y4_R031_C02,PG_BOOL_R031,PG_BOOL_R031_C02,Y4_obfuscated_boolean,like_ilike,6,6,6,6,1.0,1.0,1.0,0.0,0.0,0.9350000000000002,0.0,none,not_computed
BOOTSTRAP_V4_1_TO_V5_RULESET_CONDITIONED,RS_Y4_R031_C03,PG_BOOL_R031,PG_BOOL_R031_C03,Y4_obfuscated_boolean,like_ilike,6,6,6,6,1.0,1.0,1.0,0.0,0.0,0.9350000000000002,0.0,none,not_computed
BOOTSTRAP_V4_1_TO_V5_RULESET_CONDITIONED,RS_Y4_R031_C04,PG_BOOL_R031,PG_BOOL_R031_C04,Y4_obfuscated_boolean,like_ilike,6,6,6,6,1.0,1.0,1.0,0.0,0.0,0.9350000000000002,0.0,none,not_computed
BOOTSTRAP_V4_1_TO_V5_RULESET_CONDITIONED,RS_Y4_R031_C05,PG_BOOL_R031,PG_BOOL_R031_C05,Y4_obfuscated_boolean,like_ilike,6,6,6,6,1.0,1.0,1.0,0.0,0.0,0.9350000000000002,0.0,none,not_computed
BOOTSTRAP_V4_1_TO_V5_RULESET_CONDITIONED,RS_Y4_R031_C06,PG_BOOL_R031,PG_BOOL_R031_C06,Y4_obfuscated_boolean,like_ilike,6,6,6,6,1.0,1.0,1.0,0.0,0.0,0.9350000000000002,0.0,none,not_computed
BOOTSTRAP_V4_1_TO_V5_RULESET_CONDITIONED,RS_Y4_R031_C07,PG_BOOL_R031,PG_BOOL_R031_C07,Y4_obfuscated_boolean,like_ilike,6,6,6,6,1.0,1.0,1.0,0.0,0.0,0.9350000000000002,0.0,none,not_computed
BOOTSTRAP_V4_1_TO_V5_RULESET_CONDITIONED,RS_Y4_R031_C08,PG_BOOL_R031,PG_BOOL_R031_C08,Y4_obfuscated_boolean,like_ilike,6,6,6,6,1.0,1.0,1.0,0.0,0.0,0.9350000000000002,0.0,none,not_computed
BOOTSTRAP_V4_1_TO_V5_RULESET_CONDITIONED,RS_Y4_R031_C09,PG_BOOL_R031,PG_BOOL_R031_C09,Y4_obfuscated_boolean,like_ilike,6,6,6,6,1.0,1.0,1.0,0.0,0.0,0.9350000000000002,0.0,none,not_computed
BOOTSTRAP_V4_1_TO_V5_RULESET_CONDITIONED,RS_Y4_R031_C10,PG_BOOL_R031,PG_BOOL_R031_C10,Y4_obfuscated_boolean,like_ilike,6,6,6,6,1.0,1.0,1.0,0.0,0.0,0.9350000000000002,0.0,none,not_computed
BOOTSTRAP_V4_1_TO_V5_RULESET_CONDITIONED,RS_Y4_R032_C01,PG_BOOL_R032,PG_BOOL_R032_C01,Y4_obfuscated_boolean,like_ilike,6,6,6,6,1.0,1.0,1.0,0.0,0.0,0.9350000000000002,0.0,none,not_computed
BOOTSTRAP_V4_1_TO_V5_RULESET_CONDITIONED,RS_Y4_R032_C02,PG_BOOL_R032,PG_BOOL_R032_C02,Y4_obfuscated_boolean,like_ilike,6,6,6,6,1.0,1.0,1.0,0.0,0.0,0.9350000000000002,0.0,none,not_computed
BOOTSTRAP_V4_1_TO_V5_RULESET_CONDITIONED,RS_Y4_R032_C03,PG_BOOL_R032,PG_BOOL_R032_C03,Y4_obfuscated_boolean,like_ilike,6,6,6,6,1.0,1.0,1.0,0.0,0.0,0.9350000000000002,0.0,none,not_computed
BOOTSTRAP_V4_1_TO_V5_RULESET_CONDITIONED,RS_Y4_R032_C04,PG_BOOL_R032,PG_BOOL_R032_C04,Y4_obfuscated_boolean,like_ilike,6,6,6,6,1.0,1.0,1.0,0.0,0.0,0.9350000000000002,0.0,none,not_computed
BOOTSTRAP_V4_1_TO_V5_RULESET_CONDITIONED,RS_Y4_R032_C05,PG_BOOL_R032,PG_BOOL_R032_C05,Y4_obfuscated_boolean,like_ilike,6,6,6,6,1.0,1.0,1.0,0.0,0.0,0.9350000000000002,0.0,none,not_computed
BOOTSTRAP_V4_1_TO_V5_RULESET_CONDITIONED,RS_Y4_R032_C06,PG_BOOL_R032,PG_BOOL_R032_C06,Y4_obfuscated_boolean,like_ilike,6,6,6,6,1.0,1.0,1.0,0.0,0.0,0.9350000000000002,0.0,none,not_computed
BOOTSTRAP_V4_1_TO_V5_RULESET_CONDITIONED,RS_Y4_R032_C07,PG_BOOL_R032,PG_BOOL_R032_C07,Y4_obfuscated_boolean,like_ilike,6,6,6,6,1.0,1.0,1.0,0.0,0.0,0.9350000000000002,0.0,none,not_computed
BOOTSTRAP_V4_1_TO_V5_RULESET_CONDITIONED,RS_Y4_R032_C08,PG_BOOL_R032,PG_BOOL_R032_C08,Y4_obfuscated_boolean,like_ilike,6,6,6,6,1.0,1.0,1.0,0.0,0.0,0.9350000000000002,0.0,none,not_computed
BOOTSTRAP_V4_1_TO_V5_RULESET_CONDITIONED,RS_Y4_R032_C09,PG_BOOL_R032,PG_BOOL_R032_C09,Y4_obfuscated_boolean,like_ilike,6,6,6,6,1.0,1.0,1.0,0.0,0.0,0.9350000000000002,0.0,none,not_computed
BOOTSTRAP_V4_1_TO_V5_RULESET_CONDITIONED,RS_Y4_R032_C10,PG_BOOL_R032,PG_BOOL_R032_C10,Y4_obfuscated_boolean,like_ilike,6,6,6,6,1.0,1.0,1.0,0.0,0.0,0.9350000000000002,0.0,none,not_computed
BOOTSTRAP_V4_1_TO_V5_RULESET_CONDITIONED,RS_Y4_R033_C01,PG_BOOL_R033,PG_BOOL_R033_C01,Y4_obfuscated_boolean,like_ilike,6,6,6,6,1.0,1.0,1.0,0.0,0.0,0.9350000000000002,0.0,none,not_computed
BOOTSTRAP_V4_1_TO_V5_RULESET_CONDITIONED,RS_Y4_R033_C02,PG_BOOL_R033,PG_BOOL_R033_C02,Y4_obfuscated_boolean,like_ilike,6,6,6,6,1.0,1.0,1.0,0.0,0.0,0.9350000000000002,0.0,none,not_computed
BOOTSTRAP_V4_1_TO_V5_RULESET_CONDITIONED,RS_Y4_R033_C03,PG_BOOL_R033,PG_BOOL_R033_C03,Y4_obfuscated_boolean,like_ilike,6,6,6,6,1.0,1.0,1.0,0.0,0.0,0.9350000000000002,0.0,none,not_computed
BOOTSTRAP_V4_1_TO_V5_RULESET_CONDITIONED,RS_Y4_R033_C04,PG_BOOL_R033,PG_BOOL_R033_C04,Y4_obfuscated_boolean,like_ilike,6,6,6,6,1.0,1.0,1.0,0.0,0.0,0.9350000000000002,0.0,none,not_computed
BOOTSTRAP_V4_1_TO_V5_RULESET_CONDITIONED,RS_Y4_R033_C05,PG_BOOL_R033,PG_BOOL_R033_C05,Y4_obfuscated_boolean,like_ilike,6,6,6,6,1.0,1.0,1.0,0.0,0.0,0.9350000000000002,0.0,none,not_computed
BOOTSTRAP_V4_1_TO_V5_RULESET_CONDITIONED,RS_Y4_R033_C06,PG_BOOL_R033,PG_BOOL_R033_C06,Y4_obfuscated_boolean,like_ilike,6,6,6,6,1.0,1.0,1.0,0.0,0.0,0.9350000000000002,0.0,none,not_computed
BOOTSTRAP_V4_1_TO_V5_RULESET_CONDITIONED,RS_Y4_R033_C07,PG_BOOL_R033,PG_BOOL_R033_C07,Y4_obfuscated_boolean,like_ilike,6,6,6,6,1.0,1.0,1.0,0.0,0.0,0.9350000000000002,0.0,none,not_computed
BOOTSTRAP_V4_1_TO_V5_RULESET_CONDITIONED,RS_Y4_R033_C08,PG_BOOL_R033,PG_BOOL_R033_C08,Y4_obfuscated_boolean,like_ilike,6,6,6,6,1.0,1.0,1.0,0.0,0.0,0.9350000000000002,0.0,none,not_computed
BOOTSTRAP_V4_1_TO_V5_RULESET_CONDITIONED,RS_Y4_R033_C09,PG_BOOL_R033,PG_BOOL_R033_C09,Y4_obfuscated_boolean,like_ilike,6,6,6,6,1.0,1.0,1.0,0.0,0.0,0.9350000000000002,0.0,none,not_computed
BOOTSTRAP_V4_1_TO_V5_RULESET_CONDITIONED,RS_Y4_R033_C10,PG_BOOL_R033,PG_BOOL_R033_C10,Y4_obfuscated_boolean,like_ilike,6,6,6,6,1.0,1.0,1.0,0.0,0.0,0.9350000000000002,0.0,none,not_computed
BOOTSTRAP_V4_1_TO_V5_RULESET_CONDITIONED,RS_Y4_R034_C01,PG_BOOL_R034,PG_BOOL_R034_C01,Y4_obfuscated_boolean,like_ilike,6,6,6,6,1.0,1.0,1.0,0.0,0.0,0.9350000000000002,0.0,none,not_computed
BOOTSTRAP_V4_1_TO_V5_RULESET_CONDITIONED,RS_Y4_R034_C02,PG_BOOL_R034,PG_BOOL_R034_C02,Y4_obfuscated_boolean,like_ilike,6,6,6,6,1.0,1.0,1.0,0.0,0.0,0.9350000000000002,0.0,none,not_computed
BOOTSTRAP_V4_1_TO_V5_RULESET_CONDITIONED,RS_Y4_R034_C03,PG_BOOL_R034,PG_BOOL_R034_C03,Y4_obfuscated_boolean,like_ilike,6,6,6,6,1.0,1.0,1.0,0.0,0.0,0.9350000000000002,0.0,none,not_computed
BOOTSTRAP_V4_1_TO_V5_RULESET_CONDITIONED,RS_Y4_R034_C04,PG_BOOL_R034,PG_BOOL_R034_C04,Y4_obfuscated_boolean,like_ilike,6,6,6,6,1.0,1.0,1.0,0.0,0.0,0.9350000000000002,0.0,none,not_computed
BOOTSTRAP_V4_1_TO_V5_RULESET_CONDITIONED,RS_Y4_R034_C05,PG_BOOL_R034,PG_BOOL_R034_C05,Y4_obfuscated_boolean,like_ilike,6,6,6,6,1.0,1.0,1.0,0.0,0.0,0.9350000000000002,0.0,none,not_computed
BOOTSTRAP_V4_1_TO_V5_RULESET_CONDITIONED,RS_Y4_R034_C06,PG_BOOL_R034,PG_BOOL_R034_C06,Y4_obfuscated_boolean,like_ilike,6,6,6,6,1.0,1.0,1.0,0.0,0.0,0.9350000000000002,0.0,none,not_computed
BOOTSTRAP_V4_1_TO_V5_RULESET_CONDITIONED,RS_Y4_R034_C07,PG_BOOL_R034,PG_BOOL_R034_C07,Y4_obfuscated_boolean,like_ilike,6,6,6,6,1.0,1.0,1.0,0.0,0.0,0.9350000000000002,0.0,none,not_computed
BOOTSTRAP_V4_1_TO_V5_RULESET_CONDITIONED,RS_Y4_R034_C08,PG_BOOL_R034,PG_BOOL_R034_C08,Y4_obfuscated_boolean,like_ilike,6,6,6,6,1.0,1.0,1.0,0.0,0.0,0.9350000000000002,0.0,none,not_computed
BOOTSTRAP_V4_1_TO_V5_RULESET_CONDITIONED,RS_Y4_R034_C09,PG_BOOL_R034,PG_BOOL_R034_C09,Y4_obfuscated_boolean,like_ilike,6,6,6,6,1.0,1.0,1.0,0.0,0.0,0.9350000000000002,0.0,none,not_computed
BOOTSTRAP_V4_1_TO_V5_RULESET_CONDITIONED,RS_Y4_R034_C10,PG_BOOL_R034,PG_BOOL_R034_C10,Y4_obfuscated_boolean,like_ilike,6,6,6,6,1.0,1.0,1.0,0.0,0.0,0.9350000000000002,0.0,none,not_computed
BOOTSTRAP_V4_1_TO_V5_RULESET_CONDITIONED,RS_Y4_R035_C01,PG_BOOL_R035,PG_BOOL_R035_C01,Y4_obfuscated_boolean,like_ilike,6,6,6,6,1.0,1.0,1.0,0.0,0.0,0.9350000000000002,0.0,none,not_computed
BOOTSTRAP_V4_1_TO_V5_RULESET_CONDITIONED,RS_Y4_R035_C02,PG_BOOL_R035,PG_BOOL_R035_C02,Y4_obfuscated_boolean,like_ilike,6,6,6,6,1.0,1.0,1.0,0.0,0.0,0.9350000000000002,0.0,none,not_computed
BOOTSTRAP_V4_1_TO_V5_RULESET_CONDITIONED,RS_Y4_R035_C03,PG_BOOL_R035,PG_BOOL_R035_C03,Y4_obfuscated_boolean,like_ilike,6,6,6,6,1.0,1.0,1.0,0.0,0.0,0.9350000000000002,0.0,none,not_computed
BOOTSTRAP_V4_1_TO_V5_RULESET_CONDITIONED,RS_Y4_R035_C04,PG_BOOL_R035,PG_BOOL_R035_C04,Y4_obfuscated_boolean,like_ilike,6,6,6,6,1.0,1.0,1.0,0.0,0.0,0.9350000000000002,0.0,none,not_computed
BOOTSTRAP_V4_1_TO_V5_RULESET_CONDITIONED,RS_Y4_R035_C05,PG_BOOL_R035,PG_BOOL_R035_C05,Y4_obfuscated_boolean,like_ilike,6,6,6,6,1.0,1.0,1.0,0.0,0.0,0.9350000000000002,0.0,none,not_computed
BOOTSTRAP_V4_1_TO_V5_RULESET_CONDITIONED,RS_Y4_R035_C06,PG_BOOL_R035,PG_BOOL_R035_C06,Y4_obfuscated_boolean,like_ilike,6,6,6,6,1.0,1.0,1.0,0.0,0.0,0.9350000000000002,0.0,none,not_computed
BOOTSTRAP_V4_1_TO_V5_RULESET_CONDITIONED,RS_Y4_R035_C07,PG_BOOL_R035,PG_BOOL_R035_C07,Y4_obfuscated_boolean,like_ilike,6,6,6,6,1.0,1.0,1.0,0.0,0.0,0.9350000000000002,0.0,none,not_computed
BOOTSTRAP_V4_1_TO_V5_RULESET_CONDITIONED,RS_Y4_R035_C08,PG_BOOL_R035,PG_BOOL_R035_C08,Y4_obfuscated_boolean,like_ilike,6,6,6,6,1.0,1.0,1.0,0.0,0.0,0.9350000000000002,0.0,none,not_computed
BOOTSTRAP_V4_1_TO_V5_RULESET_CONDITIONED,RS_Y4_R035_C09,PG_BOOL_R035,PG_BOOL_R035_C09,Y4_obfuscated_boolean,like_ilike,6,6,6,6,1.0,1.0,1.0,0.0,0.0,0.9350000000000002,0.0,none,not_computed
BOOTSTRAP_V4_1_TO_V5_RULESET_CONDITIONED,RS_Y4_R035_C10,PG_BOOL_R035,PG_BOOL_R035_C10,Y4_obfuscated_boolean,like_ilike,6,6,6,6,1.0,1.0,1.0,0.0,0.0,0.9350000000000002,0.0,none,not_computed
BOOTSTRAP_V4_1_TO_V5_RULESET_CONDITIONED,RS_Y4_R036_C01,PG_BOOL_R036,PG_BOOL_R036_C01,Y4_obfuscated_boolean,regex_match,6,6,6,0,1.0,1.0,1.0,0.0,0.0,0.585,0.0,boolean,not_computed
BOOTSTRAP_V4_1_TO_V5_RULESET_CONDITIONED,RS_Y4_R036_C02,PG_BOOL_R036,PG_BOOL_R036_C02,Y4_obfuscated_boolean,regex_match,6,6,6,0,1.0,1.0,1.0,0.0,0.0,0.585,0.0,boolean,not_computed
BOOTSTRAP_V4_1_TO_V5_RULESET_CONDITIONED,RS_Y4_R036_C03,PG_BOOL_R036,PG_BOOL_R036_C03,Y4_obfuscated_boolean,regex_match,6,6,6,5,1.0,1.0,1.0,0.0,0.0,0.8766666666666666,0.0,boolean,not_computed
BOOTSTRAP_V4_1_TO_V5_RULESET_CONDITIONED,RS_Y4_R036_C04,PG_BOOL_R036,PG_BOOL_R036_C04,Y4_obfuscated_boolean,regex_match,6,6,6,6,1.0,1.0,1.0,0.0,0.0,0.9350000000000002,0.0,none,not_computed
BOOTSTRAP_V4_1_TO_V5_RULESET_CONDITIONED,RS_Y4_R036_C05,PG_BOOL_R036,PG_BOOL_R036_C05,Y4_obfuscated_boolean,regex_match,6,6,6,6,1.0,1.0,1.0,0.0,0.0,0.9350000000000002,0.0,none,not_computed
BOOTSTRAP_V4_1_TO_V5_RULESET_CONDITIONED,RS_Y4_R036_C06,PG_BOOL_R036,PG_BOOL_R036_C06,Y4_obfuscated_boolean,regex_match,6,6,6,0,1.0,1.0,1.0,0.0,0.0,0.585,0.0,boolean,not_computed
BOOTSTRAP_V4_1_TO_V5_RULESET_CONDITIONED,RS_Y4_R036_C07,PG_BOOL_R036,PG_BOOL_R036_C07,Y4_obfuscated_boolean,regex_match,6,6,6,6,1.0,1.0,1.0,0.0,0.0,0.9350000000000002,0.0,none,not_computed
BOOTSTRAP_V4_1_TO_V5_RULESET_CONDITIONED,RS_Y4_R036_C08,PG_BOOL_R036,PG_BOOL_R036_C08,Y4_obfuscated_boolean,regex_match,6,6,6,6,1.0,1.0,1.0,0.0,0.0,0.9350000000000002,0.0,none,not_computed
BOOTSTRAP_V4_1_TO_V5_RULESET_CONDITIONED,RS_Y4_R036_C09,PG_BOOL_R036,PG_BOOL_R036_C09,Y4_obfuscated_boolean,regex_match,6,6,6,6,1.0,1.0,1.0,0.0,0.0,0.9350000000000002,0.0,none,not_computed
BOOTSTRAP_V4_1_TO_V5_RULESET_CONDITIONED,RS_Y4_R036_C10,PG_BOOL_R036,PG_BOOL_R036_C10,Y4_obfuscated_boolean,regex_match,6,6,6,0,1.0,1.0,1.0,0.0,0.0,0.585,0.0,boolean,not_computed
BOOTSTRAP_V4_1_TO_V5_RULESET_CONDITIONED,RS_Y4_R037_C01,PG_BOOL_R037,PG_BOOL_R037_C01,Y4_obfuscated_boolean,regex_match,6,6,6,0,1.0,1.0,1.0,0.0,0.0,0.585,0.0,boolean,not_computed
BOOTSTRAP_V4_1_TO_V5_RULESET_CONDITIONED,RS_Y4_R037_C02,PG_BOOL_R037,PG_BOOL_R037_C02,Y4_obfuscated_boolean,regex_match,6,6,6,0,1.0,1.0,1.0,0.0,0.0,0.585,0.0,boolean,not_computed
BOOTSTRAP_V4_1_TO_V5_RULESET_CONDITIONED,RS_Y4_R037_C03,PG_BOOL_R037,PG_BOOL_R037_C03,Y4_obfuscated_boolean,regex_match,6,6,6,5,1.0,1.0,1.0,0.0,0.0,0.8766666666666666,0.0,boolean,not_computed
BOOTSTRAP_V4_1_TO_V5_RULESET_CONDITIONED,RS_Y4_R037_C04,PG_BOOL_R037,PG_BOOL_R037_C04,Y4_obfuscated_boolean,regex_match,6,6,6,6,1.0,1.0,1.0,0.0,0.0,0.9350000000000002,0.0,none,not_computed
BOOTSTRAP_V4_1_TO_V5_RULESET_CONDITIONED,RS_Y4_R037_C05,PG_BOOL_R037,PG_BOOL_R037_C05,Y4_obfuscated_boolean,regex_match,6,6,6,6,1.0,1.0,1.0,0.0,0.0,0.9350000000000002,0.0,none,not_computed
BOOTSTRAP_V4_1_TO_V5_RULESET_CONDITIONED,RS_Y4_R037_C06,PG_BOOL_R037,PG_BOOL_R037_C06,Y4_obfuscated_boolean,regex_match,6,6,6,0,1.0,1.0,1.0,0.0,0.0,0.585,0.0,boolean,not_computed
BOOTSTRAP_V4_1_TO_V5_RULESET_CONDITIONED,RS_Y4_R037_C07,PG_BOOL_R037,PG_BOOL_R037_C07,Y4_obfuscated_boolean,regex_match,6,6,6,6,1.0,1.0,1.0,0.0,0.0,0.9350000000000002,0.0,none,not_computed
BOOTSTRAP_V4_1_TO_V5_RULESET_CONDITIONED,RS_Y4_R037_C08,PG_BOOL_R037,PG_BOOL_R037_C08,Y4_obfuscated_boolean,regex_match,6,6,6,6,1.0,1.0,1.0,0.0,0.0,0.9350000000000002,0.0,none,not_computed
BOOTSTRAP_V4_1_TO_V5_RULESET_CONDITIONED,RS_Y4_R037_C09,PG_BOOL_R037,PG_BOOL_R037_C09,Y4_obfuscated_boolean,regex_match,6,6,6,6,1.0,1.0,1.0,0.0,0.0,0.9350000000000002,0.0,none,not_computed
BOOTSTRAP_V4_1_TO_V5_RULESET_CONDITIONED,RS_Y4_R037_C10,PG_BOOL_R037,PG_BOOL_R037_C10,Y4_obfuscated_boolean,regex_match,6,6,6,0,1.0,1.0,1.0,0.0,0.0,0.585,0.0,boolean,not_computed
BOOTSTRAP_V4_1_TO_V5_RULESET_CONDITIONED,RS_Y4_R038_C01,PG_BOOL_R038,PG_BOOL_R038_C01,Y4_obfuscated_boolean,regex_match,6,6,6,0,1.0,1.0,1.0,0.0,0.0,0.585,0.0,boolean,not_computed
BOOTSTRAP_V4_1_TO_V5_RULESET_CONDITIONED,RS_Y4_R038_C02,PG_BOOL_R038,PG_BOOL_R038_C02,Y4_obfuscated_boolean,regex_match,6,6,6,0,1.0,1.0,1.0,0.0,0.0,0.585,0.0,boolean,not_computed
BOOTSTRAP_V4_1_TO_V5_RULESET_CONDITIONED,RS_Y4_R038_C03,PG_BOOL_R038,PG_BOOL_R038_C03,Y4_obfuscated_boolean,regex_match,6,6,6,4,1.0,1.0,1.0,0.0,0.0,0.8183333333333334,0.0,boolean,not_computed
BOOTSTRAP_V4_1_TO_V5_RULESET_CONDITIONED,RS_Y4_R038_C04,PG_BOOL_R038,PG_BOOL_R038_C04,Y4_obfuscated_boolean,regex_match,6,6,6,6,1.0,1.0,1.0,0.0,0.0,0.9350000000000002,0.0,none,not_computed
BOOTSTRAP_V4_1_TO_V5_RULESET_CONDITIONED,RS_Y4_R038_C05,PG_BOOL_R038,PG_BOOL_R038_C05,Y4_obfuscated_boolean,regex_match,6,6,6,6,1.0,1.0,1.0,0.0,0.0,0.9350000000000002,0.0,none,not_computed
BOOTSTRAP_V4_1_TO_V5_RULESET_CONDITIONED,RS_Y4_R038_C06,PG_BOOL_R038,PG_BOOL_R038_C06,Y4_obfuscated_boolean,regex_match,6,6,6,0,1.0,1.0,1.0,0.0,0.0,0.585,0.0,boolean,not_computed
BOOTSTRAP_V4_1_TO_V5_RULESET_CONDITIONED,RS_Y4_R038_C07,PG_BOOL_R038,PG_BOOL_R038_C07,Y4_obfuscated_boolean,regex_match,6,6,6,6,1.0,1.0,1.0,0.0,0.0,0.9350000000000002,0.0,none,not_computed
BOOTSTRAP_V4_1_TO_V5_RULESET_CONDITIONED,RS_Y4_R038_C08,PG_BOOL_R038,PG_BOOL_R038_C08,Y4_obfuscated_boolean,regex_match,6,6,6,6,1.0,1.0,1.0,0.0,0.0,0.9350000000000002,0.0,none,not_computed
BOOTSTRAP_V4_1_TO_V5_RULESET_CONDITIONED,RS_Y4_R038_C09,PG_BOOL_R038,PG_BOOL_R038_C09,Y4_obfuscated_boolean,regex_match,6,6,6,6,1.0,1.0,1.0,0.0,0.0,0.9350000000000002,0.0,none,not_computed
BOOTSTRAP_V4_1_TO_V5_RULESET_CONDITIONED,RS_Y4_R038_C10,PG_BOOL_R038,PG_BOOL_R038_C10,Y4_obfuscated_boolean,regex_match,6,6,6,0,1.0,1.0,1.0,0.0,0.0,0.585,0.0,boolean,not_computed
BOOTSTRAP_V4_1_TO_V5_RULESET_CONDITIONED,RS_Y4_R039_C01,PG_BOOL_R039,PG_BOOL_R039_C01,Y4_obfuscated_boolean,regex_match,6,6,6,0,1.0,0.0,1.0,0.0,0.0,0.35000000000000003,0.0,boolean+required_token,not_computed
BOOTSTRAP_V4_1_TO_V5_RULESET_CONDITIONED,RS_Y4_R039_C02,PG_BOOL_R039,PG_BOOL_R039_C02,Y4_obfuscated_boolean,regex_match,6,6,6,0,1.0,0.0,1.0,0.0,0.0,0.35000000000000003,0.0,boolean+required_token,not_computed
BOOTSTRAP_V4_1_TO_V5_RULESET_CONDITIONED,RS_Y4_R039_C03,PG_BOOL_R039,PG_BOOL_R039_C03,Y4_obfuscated_boolean,regex_match,6,6,6,4,1.0,1.0,1.0,0.0,0.0,0.8183333333333334,0.0,boolean,not_computed
BOOTSTRAP_V4_1_TO_V5_RULESET_CONDITIONED,RS_Y4_R039_C04,PG_BOOL_R039,PG_BOOL_R039_C04,Y4_obfuscated_boolean,regex_match,6,6,6,6,1.0,1.0,1.0,0.0,0.0,0.9350000000000002,0.0,none,not_computed
BOOTSTRAP_V4_1_TO_V5_RULESET_CONDITIONED,RS_Y4_R039_C05,PG_BOOL_R039,PG_BOOL_R039_C05,Y4_obfuscated_boolean,regex_match,6,6,6,6,1.0,1.0,1.0,0.0,0.0,0.9350000000000002,0.0,none,not_computed
BOOTSTRAP_V4_1_TO_V5_RULESET_CONDITIONED,RS_Y4_R039_C06,PG_BOOL_R039,PG_BOOL_R039_C06,Y4_obfuscated_boolean,regex_match,6,6,6,0,1.0,1.0,1.0,0.0,0.0,0.585,0.0,boolean,not_computed
BOOTSTRAP_V4_1_TO_V5_RULESET_CONDITIONED,RS_Y4_R039_C07,PG_BOOL_R039,PG_BOOL_R039_C07,Y4_obfuscated_boolean,regex_match,6,6,6,6,1.0,1.0,1.0,0.0,0.0,0.9350000000000002,0.0,none,not_computed
BOOTSTRAP_V4_1_TO_V5_RULESET_CONDITIONED,RS_Y4_R039_C08,PG_BOOL_R039,PG_BOOL_R039_C08,Y4_obfuscated_boolean,regex_match,6,6,6,6,1.0,1.0,1.0,0.0,0.0,0.9350000000000002,0.0,none,not_computed
BOOTSTRAP_V4_1_TO_V5_RULESET_CONDITIONED,RS_Y4_R039_C09,PG_BOOL_R039,PG_BOOL_R039_C09,Y4_obfuscated_boolean,regex_match,6,6,6,6,1.0,1.0,1.0,0.0,0.0,0.9350000000000002,0.0,none,not_computed
BOOTSTRAP_V4_1_TO_V5_RULESET_CONDITIONED,RS_Y4_R039_C10,PG_BOOL_R039,PG_BOOL_R039_C10,Y4_obfuscated_boolean,regex_match,6,6,6,0,1.0,1.0,1.0,0.0,0.0,0.5,0.0,boolean,not_computed
BOOTSTRAP_V4_1_TO_V5_RULESET_CONDITIONED,RS_Y4_R040_C01,PG_BOOL_R040,PG_BOOL_R040_C01,Y4_obfuscated_boolean,regex_match,6,6,6,6,1.0,1.0,1.0,0.0,0.0,0.9350000000000002,0.0,none,not_computed
BOOTSTRAP_V4_1_TO_V5_RULESET_CONDITIONED,RS_Y4_R040_C02,PG_BOOL_R040,PG_BOOL_R040_C02,Y4_obfuscated_boolean,regex_match,6,6,6,6,1.0,1.0,1.0,0.0,0.0,0.9350000000000002,0.0,none,not_computed
BOOTSTRAP_V4_1_TO_V5_RULESET_CONDITIONED,RS_Y4_R040_C03,PG_BOOL_R040,PG_BOOL_R040_C03,Y4_obfuscated_boolean,regex_match,6,6,6,6,1.0,1.0,1.0,0.0,0.0,0.9350000000000002,0.0,none,not_computed
BOOTSTRAP_V4_1_TO_V5_RULESET_CONDITIONED,RS_Y4_R040_C04,PG_BOOL_R040,PG_BOOL_R040_C04,Y4_obfuscated_boolean,regex_match,6,6,6,6,1.0,1.0,1.0,0.0,0.0,0.9350000000000002,0.0,none,not_computed
BOOTSTRAP_V4_1_TO_V5_RULESET_CONDITIONED,RS_Y4_R040_C05,PG_BOOL_R040,PG_BOOL_R040_C05,Y4_obfuscated_boolean,regex_match,6,6,6,6,1.0,1.0,1.0,0.0,0.0,0.9350000000000002,0.0,none,not_computed
BOOTSTRAP_V4_1_TO_V5_RULESET_CONDITIONED,RS_Y4_R040_C06,PG_BOOL_R040,PG_BOOL_R040_C06,Y4_obfuscated_boolean,regex_match,6,6,6,6,1.0,1.0,1.0,0.0,0.0,0.9350000000000002,0.0,none,not_computed
BOOTSTRAP_V4_1_TO_V5_RULESET_CONDITIONED,RS_Y4_R040_C07,PG_BOOL_R040,PG_BOOL_R040_C07,Y4_obfuscated_boolean,regex_match,6,6,6,6,1.0,1.0,1.0,0.0,0.0,0.9350000000000002,0.0,none,not_computed
BOOTSTRAP_V4_1_TO_V5_RULESET_CONDITIONED,RS_Y4_R040_C08,PG_BOOL_R040,PG_BOOL_R040_C08,Y4_obfuscated_boolean,regex_match,6,6,6,6,1.0,1.0,1.0,0.0,0.0,0.9350000000000002,0.0,none,not_computed
BOOTSTRAP_V4_1_TO_V5_RULESET_CONDITIONED,RS_Y4_R040_C09,PG_BOOL_R040,PG_BOOL_R040_C09,Y4_obfuscated_boolean,regex_match,6,6,6,6,1.0,1.0,1.0,0.0,0.0,0.9350000000000002,0.0,none,not_computed
BOOTSTRAP_V4_1_TO_V5_RULESET_CONDITIONED,RS_Y4_R040_C10,PG_BOOL_R040,PG_BOOL_R040_C10,Y4_obfuscated_boolean,regex_match,6,6,6,6,1.0,1.0,1.0,0.0,0.0,0.9350000000000002,0.0,none,not_computed
BOOTSTRAP_V4_1_TO_V5_RULESET_CONDITIONED,RS_Y4_R041_C01,PG_BOOL_R041,PG_BOOL_R041_C01,Y4_obfuscated_boolean,string_function,6,6,6,6,1.0,1.0,1.0,0.0,0.0,0.9350000000000002,0.0,none,not_computed
BOOTSTRAP_V4_1_TO_V5_RULESET_CONDITIONED,RS_Y4_R041_C02,PG_BOOL_R041,PG_BOOL_R041_C02,Y4_obfuscated_boolean,string_function,6,6,6,6,1.0,1.0,1.0,0.0,0.0,0.9350000000000002,0.0,none,not_computed
BOOTSTRAP_V4_1_TO_V5_RULESET_CONDITIONED,RS_Y4_R041_C03,PG_BOOL_R041,PG_BOOL_R041_C03,Y4_obfuscated_boolean,string_function,6,6,6,6,1.0,1.0,1.0,0.0,0.0,0.9350000000000002,0.0,none,not_computed
BOOTSTRAP_V4_1_TO_V5_RULESET_CONDITIONED,RS_Y4_R041_C04,PG_BOOL_R041,PG_BOOL_R041_C04,Y4_obfuscated_boolean,string_function,6,6,6,6,1.0,1.0,1.0,0.0,0.0,0.9350000000000002,0.0,none,not_computed
BOOTSTRAP_V4_1_TO_V5_RULESET_CONDITIONED,RS_Y4_R041_C05,PG_BOOL_R041,PG_BOOL_R041_C05,Y4_obfuscated_boolean,string_function,6,6,6,6,1.0,1.0,1.0,0.0,0.0,0.9350000000000002,0.0,none,not_computed
BOOTSTRAP_V4_1_TO_V5_RULESET_CONDITIONED,RS_Y4_R041_C06,PG_BOOL_R041,PG_BOOL_R041_C06,Y4_obfuscated_boolean,string_function,6,6,6,6,1.0,1.0,1.0,0.0,0.0,0.9350000000000002,0.0,none,not_computed
BOOTSTRAP_V4_1_TO_V5_RULESET_CONDITIONED,RS_Y4_R041_C07,PG_BOOL_R041,PG_BOOL_R041_C07,Y4_obfuscated_boolean,string_function,6,6,6,6,1.0,1.0,1.0,0.0,0.0,0.9350000000000002,0.0,none,not_computed
BOOTSTRAP_V4_1_TO_V5_RULESET_CONDITIONED,RS_Y4_R041_C08,PG_BOOL_R041,PG_BOOL_R041_C08,Y4_obfuscated_boolean,string_function,6,6,6,6,1.0,1.0,1.0,0.0,0.0,0.9350000000000002,0.0,none,not_computed
BOOTSTRAP_V4_1_TO_V5_RULESET_CONDITIONED,RS_Y4_R041_C09,PG_BOOL_R041,PG_BOOL_R041_C09,Y4_obfuscated_boolean,string_function,6,6,6,6,1.0,1.0,1.0,0.0,0.0,0.9350000000000002,0.0,none,not_computed
BOOTSTRAP_V4_1_TO_V5_RULESET_CONDITIONED,RS_Y4_R041_C10,PG_BOOL_R041,PG_BOOL_R041_C10,Y4_obfuscated_boolean,string_function,6,6,6,6,1.0,1.0,1.0,0.0,0.0,0.9350000000000002,0.0,none,not_computed
BOOTSTRAP_V4_1_TO_V5_RULESET_CONDITIONED,RS_Y4_R042_C01,PG_BOOL_R042,PG_BOOL_R042_C01,Y4_obfuscated_boolean,string_function,6,6,6,6,1.0,1.0,1.0,0.0,0.0,0.9350000000000002,0.0,none,not_computed
BOOTSTRAP_V4_1_TO_V5_RULESET_CONDITIONED,RS_Y4_R042_C02,PG_BOOL_R042,PG_BOOL_R042_C02,Y4_obfuscated_boolean,string_function,6,6,6,6,1.0,1.0,1.0,0.0,0.0,0.9350000000000002,0.0,none,not_computed
BOOTSTRAP_V4_1_TO_V5_RULESET_CONDITIONED,RS_Y4_R042_C03,PG_BOOL_R042,PG_BOOL_R042_C03,Y4_obfuscated_boolean,string_function,6,6,6,6,1.0,1.0,1.0,0.0,0.0,0.9350000000000002,0.0,none,not_computed
BOOTSTRAP_V4_1_TO_V5_RULESET_CONDITIONED,RS_Y4_R042_C04,PG_BOOL_R042,PG_BOOL_R042_C04,Y4_obfuscated_boolean,string_function,6,6,6,6,1.0,1.0,1.0,0.0,0.0,0.9350000000000002,0.0,none,not_computed
BOOTSTRAP_V4_1_TO_V5_RULESET_CONDITIONED,RS_Y4_R042_C05,PG_BOOL_R042,PG_BOOL_R042_C05,Y4_obfuscated_boolean,string_function,6,6,6,6,1.0,1.0,1.0,0.0,0.0,0.9350000000000002,0.0,none,not_computed
BOOTSTRAP_V4_1_TO_V5_RULESET_CONDITIONED,RS_Y4_R042_C06,PG_BOOL_R042,PG_BOOL_R042_C06,Y4_obfuscated_boolean,string_function,6,6,6,6,1.0,1.0,1.0,0.0,0.0,0.9350000000000002,0.0,none,not_computed
BOOTSTRAP_V4_1_TO_V5_RULESET_CONDITIONED,RS_Y4_R042_C07,PG_BOOL_R042,PG_BOOL_R042_C07,Y4_obfuscated_boolean,string_function,6,6,6,6,1.0,1.0,1.0,0.0,0.0,0.9350000000000002,0.0,none,not_computed
BOOTSTRAP_V4_1_TO_V5_RULESET_CONDITIONED,RS_Y4_R042_C08,PG_BOOL_R042,PG_BOOL_R042_C08,Y4_obfuscated_boolean,string_function,6,6,6,6,1.0,1.0,1.0,0.0,0.0,0.9350000000000002,0.0,none,not_computed
BOOTSTRAP_V4_1_TO_V5_RULESET_CONDITIONED,RS_Y4_R042_C09,PG_BOOL_R042,PG_BOOL_R042_C09,Y4_obfuscated_boolean,string_function,6,6,6,6,1.0,1.0,1.0,0.0,0.0,0.9350000000000002,0.0,none,not_computed
BOOTSTRAP_V4_1_TO_V5_RULESET_CONDITIONED,RS_Y4_R042_C10,PG_BOOL_R042,PG_BOOL_R042_C10,Y4_obfuscated_boolean,string_function,6,6,6,6,1.0,1.0,1.0,0.0,0.0,0.9350000000000002,0.0,none,not_computed
BOOTSTRAP_V4_1_TO_V5_RULESET_CONDITIONED,RS_Y4_R043_C01,PG_BOOL_R043,PG_BOOL_R043_C01,Y4_obfuscated_boolean,string_function,6,6,6,6,1.0,1.0,1.0,0.0,0.0,0.9350000000000002,0.0,none,not_computed
BOOTSTRAP_V4_1_TO_V5_RULESET_CONDITIONED,RS_Y4_R043_C02,PG_BOOL_R043,PG_BOOL_R043_C02,Y4_obfuscated_boolean,string_function,6,6,6,6,1.0,1.0,1.0,0.0,0.0,0.9350000000000002,0.0,none,not_computed
BOOTSTRAP_V4_1_TO_V5_RULESET_CONDITIONED,RS_Y4_R043_C03,PG_BOOL_R043,PG_BOOL_R043_C03,Y4_obfuscated_boolean,string_function,6,6,6,6,1.0,1.0,1.0,0.0,0.0,0.9350000000000002,0.0,none,not_computed
BOOTSTRAP_V4_1_TO_V5_RULESET_CONDITIONED,RS_Y4_R043_C04,PG_BOOL_R043,PG_BOOL_R043_C04,Y4_obfuscated_boolean,string_function,6,6,6,6,1.0,1.0,1.0,0.0,0.0,0.9350000000000002,0.0,none,not_computed
BOOTSTRAP_V4_1_TO_V5_RULESET_CONDITIONED,RS_Y4_R043_C05,PG_BOOL_R043,PG_BOOL_R043_C05,Y4_obfuscated_boolean,string_function,6,6,6,6,1.0,1.0,1.0,0.0,0.0,0.9350000000000002,0.0,none,not_computed
BOOTSTRAP_V4_1_TO_V5_RULESET_CONDITIONED,RS_Y4_R043_C06,PG_BOOL_R043,PG_BOOL_R043_C06,Y4_obfuscated_boolean,string_function,6,6,6,6,1.0,1.0,1.0,0.0,0.0,0.9350000000000002,0.0,none,not_computed
BOOTSTRAP_V4_1_TO_V5_RULESET_CONDITIONED,RS_Y4_R043_C07,PG_BOOL_R043,PG_BOOL_R043_C07,Y4_obfuscated_boolean,string_function,6,6,6,6,1.0,1.0,1.0,0.0,0.0,0.9350000000000002,0.0,none,not_computed
BOOTSTRAP_V4_1_TO_V5_RULESET_CONDITIONED,RS_Y4_R043_C08,PG_BOOL_R043,PG_BOOL_R043_C08,Y4_obfuscated_boolean,string_function,6,6,6,6,1.0,1.0,1.0,0.0,0.0,0.9350000000000002,0.0,none,not_computed
BOOTSTRAP_V4_1_TO_V5_RULESET_CONDITIONED,RS_Y4_R043_C09,PG_BOOL_R043,PG_BOOL_R043_C09,Y4_obfuscated_boolean,string_function,6,6,6,6,1.0,1.0,1.0,0.0,0.0,0.9350000000000002,0.0,none,not_computed
BOOTSTRAP_V4_1_TO_V5_RULESET_CONDITIONED,RS_Y4_R043_C10,PG_BOOL_R043,PG_BOOL_R043_C10,Y4_obfuscated_boolean,string_function,6,6,6,6,1.0,1.0,1.0,0.0,0.0,0.9350000000000002,0.0,none,not_computed
BOOTSTRAP_V4_1_TO_V5_RULESET_CONDITIONED,RS_Y4_R044_C01,PG_BOOL_R044,PG_BOOL_R044_C01,Y4_obfuscated_boolean,string_function,6,6,6,6,1.0,1.0,1.0,0.0,0.0,0.9350000000000002,0.0,none,not_computed
BOOTSTRAP_V4_1_TO_V5_RULESET_CONDITIONED,RS_Y4_R044_C02,PG_BOOL_R044,PG_BOOL_R044_C02,Y4_obfuscated_boolean,string_function,6,6,6,6,1.0,1.0,1.0,0.0,0.0,0.9350000000000002,0.0,none,not_computed
BOOTSTRAP_V4_1_TO_V5_RULESET_CONDITIONED,RS_Y4_R044_C03,PG_BOOL_R044,PG_BOOL_R044_C03,Y4_obfuscated_boolean,string_function,6,6,6,6,1.0,1.0,1.0,0.0,0.0,0.9350000000000002,0.0,none,not_computed
BOOTSTRAP_V4_1_TO_V5_RULESET_CONDITIONED,RS_Y4_R044_C04,PG_BOOL_R044,PG_BOOL_R044_C04,Y4_obfuscated_boolean,string_function,6,6,6,6,1.0,1.0,1.0,0.0,0.0,0.9350000000000002,0.0,none,not_computed
BOOTSTRAP_V4_1_TO_V5_RULESET_CONDITIONED,RS_Y4_R044_C05,PG_BOOL_R044,PG_BOOL_R044_C05,Y4_obfuscated_boolean,string_function,6,6,6,6,1.0,1.0,1.0,0.0,0.0,0.9350000000000002,0.0,none,not_computed
BOOTSTRAP_V4_1_TO_V5_RULESET_CONDITIONED,RS_Y4_R044_C06,PG_BOOL_R044,PG_BOOL_R044_C06,Y4_obfuscated_boolean,string_function,6,6,6,6,1.0,1.0,1.0,0.0,0.0,0.9350000000000002,0.0,none,not_computed
BOOTSTRAP_V4_1_TO_V5_RULESET_CONDITIONED,RS_Y4_R044_C07,PG_BOOL_R044,PG_BOOL_R044_C07,Y4_obfuscated_boolean,string_function,6,6,6,6,1.0,1.0,1.0,0.0,0.0,0.9350000000000002,0.0,none,not_computed
BOOTSTRAP_V4_1_TO_V5_RULESET_CONDITIONED,RS_Y4_R044_C08,PG_BOOL_R044,PG_BOOL_R044_C08,Y4_obfuscated_boolean,string_function,6,6,6,6,1.0,1.0,1.0,0.0,0.0,0.9350000000000002,0.0,none,not_computed
BOOTSTRAP_V4_1_TO_V5_RULESET_CONDITIONED,RS_Y4_R044_C09,PG_BOOL_R044,PG_BOOL_R044_C09,Y4_obfuscated_boolean,string_function,6,6,6,6,1.0,1.0,1.0,0.0,0.0,0.9350000000000002,0.0,none,not_computed
BOOTSTRAP_V4_1_TO_V5_RULESET_CONDITIONED,RS_Y4_R044_C10,PG_BOOL_R044,PG_BOOL_R044_C10,Y4_obfuscated_boolean,string_function,6,6,6,6,1.0,1.0,1.0,0.0,0.0,0.9350000000000002,0.0,none,not_computed
BOOTSTRAP_V4_1_TO_V5_RULESET_CONDITIONED,RS_Y4_R045_C01,PG_BOOL_R045,PG_BOOL_R045_C01,Y4_obfuscated_boolean,string_function,6,6,6,6,1.0,1.0,1.0,0.0,0.0,0.9350000000000002,0.0,none,not_computed
BOOTSTRAP_V4_1_TO_V5_RULESET_CONDITIONED,RS_Y4_R045_C02,PG_BOOL_R045,PG_BOOL_R045_C02,Y4_obfuscated_boolean,string_function,6,6,6,6,1.0,1.0,1.0,0.0,0.0,0.9350000000000002,0.0,none,not_computed
BOOTSTRAP_V4_1_TO_V5_RULESET_CONDITIONED,RS_Y4_R045_C03,PG_BOOL_R045,PG_BOOL_R045_C03,Y4_obfuscated_boolean,string_function,6,6,6,6,1.0,1.0,1.0,0.0,0.0,0.9350000000000002,0.0,none,not_computed
BOOTSTRAP_V4_1_TO_V5_RULESET_CONDITIONED,RS_Y4_R045_C04,PG_BOOL_R045,PG_BOOL_R045_C04,Y4_obfuscated_boolean,string_function,6,6,6,6,1.0,1.0,1.0,0.0,0.0,0.9350000000000002,0.0,none,not_computed
BOOTSTRAP_V4_1_TO_V5_RULESET_CONDITIONED,RS_Y4_R045_C05,PG_BOOL_R045,PG_BOOL_R045_C05,Y4_obfuscated_boolean,string_function,6,6,6,6,1.0,1.0,1.0,0.0,0.0,0.9350000000000002,0.0,none,not_computed
BOOTSTRAP_V4_1_TO_V5_RULESET_CONDITIONED,RS_Y4_R045_C06,PG_BOOL_R045,PG_BOOL_R045_C06,Y4_obfuscated_boolean,string_function,6,6,6,6,1.0,1.0,1.0,0.0,0.0,0.9350000000000002,0.0,none,not_computed
BOOTSTRAP_V4_1_TO_V5_RULESET_CONDITIONED,RS_Y4_R045_C07,PG_BOOL_R045,PG_BOOL_R045_C07,Y4_obfuscated_boolean,string_function,6,6,6,6,1.0,1.0,1.0,0.0,0.0,0.9350000000000002,0.0,none,not_computed
BOOTSTRAP_V4_1_TO_V5_RULESET_CONDITIONED,RS_Y4_R045_C08,PG_BOOL_R045,PG_BOOL_R045_C08,Y4_obfuscated_boolean,string_function,6,6,6,6,1.0,1.0,1.0,0.0,0.0,0.9350000000000002,0.0,none,not_computed
BOOTSTRAP_V4_1_TO_V5_RULESET_CONDITIONED,RS_Y4_R045_C09,PG_BOOL_R045,PG_BOOL_R045_C09,Y4_obfuscated_boolean,string_function,6,6,6,6,1.0,1.0,1.0,0.0,0.0,0.9350000000000002,0.0,none,not_computed
BOOTSTRAP_V4_1_TO_V5_RULESET_CONDITIONED,RS_Y4_R045_C10,PG_BOOL_R045,PG_BOOL_R045_C10,Y4_obfuscated_boolean,string_function,6,6,6,6,1.0,1.0,1.0,0.0,0.0,0.9350000000000002,0.0,none,not_computed
BOOTSTRAP_V4_1_TO_V5_RULESET_CONDITIONED,RS_Y4_R046_C01,PG_BOOL_R046,PG_BOOL_R046_C01,Y4_obfuscated_boolean,arithmetic_expression,6,6,6,6,1.0,1.0,1.0,0.0,0.0,0.9350000000000002,0.0,none,not_computed
BOOTSTRAP_V4_1_TO_V5_RULESET_CONDITIONED,RS_Y4_R046_C02,PG_BOOL_R046,PG_BOOL_R046_C02,Y4_obfuscated_boolean,arithmetic_expression,6,6,6,6,1.0,1.0,1.0,0.0,0.0,0.9350000000000002,0.0,none,not_computed
BOOTSTRAP_V4_1_TO_V5_RULESET_CONDITIONED,RS_Y4_R046_C03,PG_BOOL_R046,PG_BOOL_R046_C03,Y4_obfuscated_boolean,arithmetic_expression,6,6,6,6,1.0,1.0,1.0,0.0,0.0,0.9350000000000002,0.0,none,not_computed
BOOTSTRAP_V4_1_TO_V5_RULESET_CONDITIONED,RS_Y4_R046_C04,PG_BOOL_R046,PG_BOOL_R046_C04,Y4_obfuscated_boolean,arithmetic_expression,6,6,6,6,1.0,1.0,1.0,0.0,0.0,0.9350000000000002,0.0,none,not_computed
BOOTSTRAP_V4_1_TO_V5_RULESET_CONDITIONED,RS_Y4_R046_C05,PG_BOOL_R046,PG_BOOL_R046_C05,Y4_obfuscated_boolean,arithmetic_expression,6,6,6,6,1.0,1.0,1.0,0.0,0.0,0.9350000000000002,0.0,none,not_computed
BOOTSTRAP_V4_1_TO_V5_RULESET_CONDITIONED,RS_Y4_R046_C06,PG_BOOL_R046,PG_BOOL_R046_C06,Y4_obfuscated_boolean,arithmetic_expression,6,6,6,6,1.0,1.0,1.0,0.0,0.0,0.9350000000000002,0.0,none,not_computed
BOOTSTRAP_V4_1_TO_V5_RULESET_CONDITIONED,RS_Y4_R046_C07,PG_BOOL_R046,PG_BOOL_R046_C07,Y4_obfuscated_boolean,arithmetic_expression,6,6,6,6,1.0,1.0,1.0,0.0,0.0,0.9350000000000002,0.0,none,not_computed
BOOTSTRAP_V4_1_TO_V5_RULESET_CONDITIONED,RS_Y4_R046_C08,PG_BOOL_R046,PG_BOOL_R046_C08,Y4_obfuscated_boolean,arithmetic_expression,6,6,6,6,1.0,1.0,1.0,0.0,0.0,0.9350000000000002,0.0,none,not_computed
BOOTSTRAP_V4_1_TO_V5_RULESET_CONDITIONED,RS_Y4_R046_C09,PG_BOOL_R046,PG_BOOL_R046_C09,Y4_obfuscated_boolean,arithmetic_expression,6,6,6,6,1.0,1.0,1.0,0.0,0.0,0.9350000000000002,0.0,none,not_computed
BOOTSTRAP_V4_1_TO_V5_RULESET_CONDITIONED,RS_Y4_R046_C10,PG_BOOL_R046,PG_BOOL_R046_C10,Y4_obfuscated_boolean,arithmetic_expression,6,6,6,6,1.0,1.0,1.0,0.0,0.0,0.9350000000000002,0.0,none,not_computed
BOOTSTRAP_V4_1_TO_V5_RULESET_CONDITIONED,RS_Y4_R047_C01,PG_BOOL_R047,PG_BOOL_R047_C01,Y4_obfuscated_boolean,arithmetic_expression,6,6,6,6,1.0,1.0,1.0,0.0,0.0,0.9350000000000002,0.0,none,not_computed
BOOTSTRAP_V4_1_TO_V5_RULESET_CONDITIONED,RS_Y4_R047_C02,PG_BOOL_R047,PG_BOOL_R047_C02,Y4_obfuscated_boolean,arithmetic_expression,6,6,6,6,1.0,1.0,1.0,0.0,0.0,0.9350000000000002,0.0,none,not_computed
BOOTSTRAP_V4_1_TO_V5_RULESET_CONDITIONED,RS_Y4_R047_C03,PG_BOOL_R047,PG_BOOL_R047_C03,Y4_obfuscated_boolean,arithmetic_expression,6,6,6,6,1.0,1.0,1.0,0.0,0.0,0.9350000000000002,0.0,none,not_computed
BOOTSTRAP_V4_1_TO_V5_RULESET_CONDITIONED,RS_Y4_R047_C04,PG_BOOL_R047,PG_BOOL_R047_C04,Y4_obfuscated_boolean,arithmetic_expression,6,6,6,6,1.0,1.0,1.0,0.0,0.0,0.9350000000000002,0.0,none,not_computed
BOOTSTRAP_V4_1_TO_V5_RULESET_CONDITIONED,RS_Y4_R047_C05,PG_BOOL_R047,PG_BOOL_R047_C05,Y4_obfuscated_boolean,arithmetic_expression,6,6,6,6,1.0,1.0,1.0,0.0,0.0,0.9350000000000002,0.0,none,not_computed
BOOTSTRAP_V4_1_TO_V5_RULESET_CONDITIONED,RS_Y4_R047_C06,PG_BOOL_R047,PG_BOOL_R047_C06,Y4_obfuscated_boolean,arithmetic_expression,6,6,6,6,1.0,1.0,1.0,0.0,0.0,0.9350000000000002,0.0,none,not_computed
BOOTSTRAP_V4_1_TO_V5_RULESET_CONDITIONED,RS_Y4_R047_C07,PG_BOOL_R047,PG_BOOL_R047_C07,Y4_obfuscated_boolean,arithmetic_expression,6,6,6,6,1.0,1.0,1.0,0.0,0.0,0.9350000000000002,0.0,none,not_computed
BOOTSTRAP_V4_1_TO_V5_RULESET_CONDITIONED,RS_Y4_R047_C08,PG_BOOL_R047,PG_BOOL_R047_C08,Y4_obfuscated_boolean,arithmetic_expression,6,6,6,6,1.0,1.0,1.0,0.0,0.0,0.9350000000000002,0.0,none,not_computed
BOOTSTRAP_V4_1_TO_V5_RULESET_CONDITIONED,RS_Y4_R047_C09,PG_BOOL_R047,PG_BOOL_R047_C09,Y4_obfuscated_boolean,arithmetic_expression,6,6,6,6,1.0,1.0,1.0,0.0,0.0,0.9350000000000002,0.0,none,not_computed
BOOTSTRAP_V4_1_TO_V5_RULESET_CONDITIONED,RS_Y4_R047_C10,PG_BOOL_R047,PG_BOOL_R047_C10,Y4_obfuscated_boolean,arithmetic_expression,6,6,6,6,1.0,1.0,1.0,0.0,0.0,0.9350000000000002,0.0,none,not_computed
BOOTSTRAP_V4_1_TO_V5_RULESET_CONDITIONED,RS_Y4_R048_C01,PG_BOOL_R048,PG_BOOL_R048_C01,Y4_obfuscated_boolean,arithmetic_expression,6,6,6,6,1.0,1.0,1.0,0.0,0.0,0.9350000000000002,0.0,none,not_computed
BOOTSTRAP_V4_1_TO_V5_RULESET_CONDITIONED,RS_Y4_R048_C02,PG_BOOL_R048,PG_BOOL_R048_C02,Y4_obfuscated_boolean,arithmetic_expression,6,6,6,6,1.0,1.0,1.0,0.0,0.0,0.9350000000000002,0.0,none,not_computed
BOOTSTRAP_V4_1_TO_V5_RULESET_CONDITIONED,RS_Y4_R048_C03,PG_BOOL_R048,PG_BOOL_R048_C03,Y4_obfuscated_boolean,arithmetic_expression,6,6,6,6,1.0,1.0,1.0,0.0,0.0,0.9350000000000002,0.0,none,not_computed
BOOTSTRAP_V4_1_TO_V5_RULESET_CONDITIONED,RS_Y4_R048_C04,PG_BOOL_R048,PG_BOOL_R048_C04,Y4_obfuscated_boolean,arithmetic_expression,6,6,6,6,1.0,1.0,1.0,0.0,0.0,0.9350000000000002,0.0,none,not_computed
BOOTSTRAP_V4_1_TO_V5_RULESET_CONDITIONED,RS_Y4_R048_C05,PG_BOOL_R048,PG_BOOL_R048_C05,Y4_obfuscated_boolean,arithmetic_expression,6,6,6,6,1.0,1.0,1.0,0.0,0.0,0.9350000000000002,0.0,none,not_computed
BOOTSTRAP_V4_1_TO_V5_RULESET_CONDITIONED,RS_Y4_R048_C06,PG_BOOL_R048,PG_BOOL_R048_C06,Y4_obfuscated_boolean,arithmetic_expression,6,6,6,6,1.0,1.0,1.0,0.0,0.0,0.9350000000000002,0.0,none,not_computed
BOOTSTRAP_V4_1_TO_V5_RULESET_CONDITIONED,RS_Y4_R048_C07,PG_BOOL_R048,PG_BOOL_R048_C07,Y4_obfuscated_boolean,arithmetic_expression,6,6,6,6,1.0,1.0,1.0,0.0,0.0,0.9350000000000002,0.0,none,not_computed
BOOTSTRAP_V4_1_TO_V5_RULESET_CONDITIONED,RS_Y4_R048_C08,PG_BOOL_R048,PG_BOOL_R048_C08,Y4_obfuscated_boolean,arithmetic_expression,6,6,6,6,1.0,1.0,1.0,0.0,0.0,0.9350000000000002,0.0,none,not_computed
BOOTSTRAP_V4_1_TO_V5_RULESET_CONDITIONED,RS_Y4_R048_C09,PG_BOOL_R048,PG_BOOL_R048_C09,Y4_obfuscated_boolean,arithmetic_expression,6,6,6,6,1.0,1.0,1.0,0.0,0.0,0.9350000000000002,0.0,none,not_computed
BOOTSTRAP_V4_1_TO_V5_RULESET_CONDITIONED,RS_Y4_R048_C10,PG_BOOL_R048,PG_BOOL_R048_C10,Y4_obfuscated_boolean,arithmetic_expression,6,6,6,6,1.0,1.0,1.0,0.0,0.0,0.9350000000000002,0.0,none,not_computed
BOOTSTRAP_V4_1_TO_V5_RULESET_CONDITIONED,RS_Y4_R049_C01,PG_BOOL_R049,PG_BOOL_R049_C01,Y4_obfuscated_boolean,arithmetic_expression,6,6,6,6,1.0,1.0,1.0,0.0,0.0,0.9350000000000002,0.0,none,not_computed
BOOTSTRAP_V4_1_TO_V5_RULESET_CONDITIONED,RS_Y4_R049_C02,PG_BOOL_R049,PG_BOOL_R049_C02,Y4_obfuscated_boolean,arithmetic_expression,6,6,6,6,1.0,1.0,1.0,0.0,0.0,0.9350000000000002,0.0,none,not_computed
BOOTSTRAP_V4_1_TO_V5_RULESET_CONDITIONED,RS_Y4_R049_C03,PG_BOOL_R049,PG_BOOL_R049_C03,Y4_obfuscated_boolean,arithmetic_expression,6,6,6,6,1.0,1.0,1.0,0.0,0.0,0.9350000000000002,0.0,none,not_computed
BOOTSTRAP_V4_1_TO_V5_RULESET_CONDITIONED,RS_Y4_R049_C04,PG_BOOL_R049,PG_BOOL_R049_C04,Y4_obfuscated_boolean,arithmetic_expression,6,6,6,6,1.0,1.0,1.0,0.0,0.0,0.9350000000000002,0.0,none,not_computed
BOOTSTRAP_V4_1_TO_V5_RULESET_CONDITIONED,RS_Y4_R049_C05,PG_BOOL_R049,PG_BOOL_R049_C05,Y4_obfuscated_boolean,arithmetic_expression,6,6,6,6,1.0,1.0,1.0,0.0,0.0,0.9350000000000002,0.0,none,not_computed
BOOTSTRAP_V4_1_TO_V5_RULESET_CONDITIONED,RS_Y4_R049_C06,PG_BOOL_R049,PG_BOOL_R049_C06,Y4_obfuscated_boolean,arithmetic_expression,6,6,6,6,1.0,1.0,1.0,0.0,0.0,0.9350000000000002,0.0,none,not_computed
BOOTSTRAP_V4_1_TO_V5_RULESET_CONDITIONED,RS_Y4_R049_C07,PG_BOOL_R049,PG_BOOL_R049_C07,Y4_obfuscated_boolean,arithmetic_expression,6,6,6,6,1.0,1.0,1.0,0.0,0.0,0.9350000000000002,0.0,none,not_computed
BOOTSTRAP_V4_1_TO_V5_RULESET_CONDITIONED,RS_Y4_R049_C08,PG_BOOL_R049,PG_BOOL_R049_C08,Y4_obfuscated_boolean,arithmetic_expression,6,6,6,6,1.0,1.0,1.0,0.0,0.0,0.9350000000000002,0.0,none,not_computed
BOOTSTRAP_V4_1_TO_V5_RULESET_CONDITIONED,RS_Y4_R049_C09,PG_BOOL_R049,PG_BOOL_R049_C09,Y4_obfuscated_boolean,arithmetic_expression,6,6,6,6,1.0,1.0,1.0,0.0,0.0,0.9350000000000002,0.0,none,not_computed
BOOTSTRAP_V4_1_TO_V5_RULESET_CONDITIONED,RS_Y4_R049_C10,PG_BOOL_R049,PG_BOOL_R049_C10,Y4_obfuscated_boolean,arithmetic_expression,6,6,6,6,1.0,1.0,1.0,0.0,0.0,0.9350000000000002,0.0,none,not_computed
BOOTSTRAP_V4_1_TO_V5_RULESET_CONDITIONED,RS_Y4_R050_C01,PG_BOOL_R050,PG_BOOL_R050_C01,Y4_obfuscated_boolean,arithmetic_expression,6,6,6,6,1.0,1.0,1.0,0.0,0.0,0.9350000000000002,0.0,none,not_computed
BOOTSTRAP_V4_1_TO_V5_RULESET_CONDITIONED,RS_Y4_R050_C02,PG_BOOL_R050,PG_BOOL_R050_C02,Y4_obfuscated_boolean,arithmetic_expression,6,6,6,6,1.0,1.0,1.0,0.0,0.0,0.9350000000000002,0.0,none,not_computed
BOOTSTRAP_V4_1_TO_V5_RULESET_CONDITIONED,RS_Y4_R050_C03,PG_BOOL_R050,PG_BOOL_R050_C03,Y4_obfuscated_boolean,arithmetic_expression,6,6,6,6,1.0,1.0,1.0,0.0,0.0,0.9350000000000002,0.0,none,not_computed
BOOTSTRAP_V4_1_TO_V5_RULESET_CONDITIONED,RS_Y4_R050_C04,PG_BOOL_R050,PG_BOOL_R050_C04,Y4_obfuscated_boolean,arithmetic_expression,6,6,6,6,1.0,1.0,1.0,0.0,0.0,0.9350000000000002,0.0,none,not_computed
BOOTSTRAP_V4_1_TO_V5_RULESET_CONDITIONED,RS_Y4_R050_C05,PG_BOOL_R050,PG_BOOL_R050_C05,Y4_obfuscated_boolean,arithmetic_expression,6,6,6,6,1.0,1.0,1.0,0.0,0.0,0.9350000000000002,0.0,none,not_computed
BOOTSTRAP_V4_1_TO_V5_RULESET_CONDITIONED,RS_Y4_R050_C06,PG_BOOL_R050,PG_BOOL_R050_C06,Y4_obfuscated_boolean,arithmetic_expression,6,6,6,6,1.0,1.0,1.0,0.0,0.0,0.9350000000000002,0.0,none,not_computed
BOOTSTRAP_V4_1_TO_V5_RULESET_CONDITIONED,RS_Y4_R050_C07,PG_BOOL_R050,PG_BOOL_R050_C07,Y4_obfuscated_boolean,arithmetic_expression,6,6,6,6,1.0,1.0,1.0,0.0,0.0,0.9350000000000002,0.0,none,not_computed
BOOTSTRAP_V4_1_TO_V5_RULESET_CONDITIONED,RS_Y4_R050_C08,PG_BOOL_R050,PG_BOOL_R050_C08,Y4_obfuscated_boolean,arithmetic_expression,6,6,6,6,1.0,1.0,1.0,0.0,0.0,0.9350000000000002,0.0,none,not_computed
BOOTSTRAP_V4_1_TO_V5_RULESET_CONDITIONED,RS_Y4_R050_C09,PG_BOOL_R050,PG_BOOL_R050_C09,Y4_obfuscated_boolean,arithmetic_expression,6,6,6,6,1.0,1.0,1.0,0.0,0.0,0.9350000000000002,0.0,none,not_computed
BOOTSTRAP_V4_1_TO_V5_RULESET_CONDITIONED,RS_Y4_R050_C10,PG_BOOL_R050,PG_BOOL_R050_C10,Y4_obfuscated_boolean,arithmetic_expression,6,6,6,6,1.0,1.0,1.0,0.0,0.0,0.9350000000000002,0.0,none,not_computed
BOOTSTRAP_V4_1_TO_V5_RULESET_CONDITIONED,RS_Y4_R051_C01,PG_BOOL_R051,PG_BOOL_R051_C01,Y4_obfuscated_boolean,array_operator,6,6,6,6,1.0,1.0,1.0,0.0,0.0,0.9350000000000002,0.0,none,not_computed
BOOTSTRAP_V4_1_TO_V5_RULESET_CONDITIONED,RS_Y4_R051_C02,PG_BOOL_R051,PG_BOOL_R051_C02,Y4_obfuscated_boolean,array_operator,6,6,6,6,1.0,1.0,1.0,0.0,0.0,0.9350000000000002,0.0,none,not_computed
BOOTSTRAP_V4_1_TO_V5_RULESET_CONDITIONED,RS_Y4_R051_C03,PG_BOOL_R051,PG_BOOL_R051_C03,Y4_obfuscated_boolean,array_operator,6,6,6,6,1.0,1.0,1.0,0.0,0.0,0.9350000000000002,0.0,none,not_computed
BOOTSTRAP_V4_1_TO_V5_RULESET_CONDITIONED,RS_Y4_R051_C04,PG_BOOL_R051,PG_BOOL_R051_C04,Y4_obfuscated_boolean,array_operator,6,6,6,6,1.0,1.0,1.0,0.0,0.0,0.9350000000000002,0.0,none,not_computed
BOOTSTRAP_V4_1_TO_V5_RULESET_CONDITIONED,RS_Y4_R051_C05,PG_BOOL_R051,PG_BOOL_R051_C05,Y4_obfuscated_boolean,array_operator,6,6,6,6,1.0,1.0,1.0,0.0,0.0,0.9350000000000002,0.0,none,not_computed
BOOTSTRAP_V4_1_TO_V5_RULESET_CONDITIONED,RS_Y4_R051_C06,PG_BOOL_R051,PG_BOOL_R051_C06,Y4_obfuscated_boolean,array_operator,6,6,6,6,1.0,1.0,1.0,0.0,0.0,0.9350000000000002,0.0,none,not_computed
BOOTSTRAP_V4_1_TO_V5_RULESET_CONDITIONED,RS_Y4_R051_C07,PG_BOOL_R051,PG_BOOL_R051_C07,Y4_obfuscated_boolean,array_operator,6,6,6,6,1.0,1.0,1.0,0.0,0.0,0.9350000000000002,0.0,none,not_computed
BOOTSTRAP_V4_1_TO_V5_RULESET_CONDITIONED,RS_Y4_R051_C08,PG_BOOL_R051,PG_BOOL_R051_C08,Y4_obfuscated_boolean,array_operator,6,6,6,6,1.0,1.0,1.0,0.0,0.0,0.9350000000000002,0.0,none,not_computed
BOOTSTRAP_V4_1_TO_V5_RULESET_CONDITIONED,RS_Y4_R051_C09,PG_BOOL_R051,PG_BOOL_R051_C09,Y4_obfuscated_boolean,array_operator,6,6,6,6,1.0,1.0,1.0,0.0,0.0,0.9350000000000002,0.0,none,not_computed
BOOTSTRAP_V4_1_TO_V5_RULESET_CONDITIONED,RS_Y4_R051_C10,PG_BOOL_R051,PG_BOOL_R051_C10,Y4_obfuscated_boolean,array_operator,6,6,6,6,1.0,1.0,1.0,0.0,0.0,0.9350000000000002,0.0,none,not_computed
BOOTSTRAP_V4_1_TO_V5_RULESET_CONDITIONED,RS_Y4_R052_C01,PG_BOOL_R052,PG_BOOL_R052_C01,Y4_obfuscated_boolean,array_operator,6,6,6,6,1.0,1.0,1.0,0.0,0.0,0.9350000000000002,0.0,none,not_computed
BOOTSTRAP_V4_1_TO_V5_RULESET_CONDITIONED,RS_Y4_R052_C02,PG_BOOL_R052,PG_BOOL_R052_C02,Y4_obfuscated_boolean,array_operator,6,6,6,6,1.0,1.0,1.0,0.0,0.0,0.9350000000000002,0.0,none,not_computed
BOOTSTRAP_V4_1_TO_V5_RULESET_CONDITIONED,RS_Y4_R052_C03,PG_BOOL_R052,PG_BOOL_R052_C03,Y4_obfuscated_boolean,array_operator,6,6,6,6,1.0,1.0,1.0,0.0,0.0,0.9350000000000002,0.0,none,not_computed
BOOTSTRAP_V4_1_TO_V5_RULESET_CONDITIONED,RS_Y4_R052_C04,PG_BOOL_R052,PG_BOOL_R052_C04,Y4_obfuscated_boolean,array_operator,6,6,6,6,1.0,1.0,1.0,0.0,0.0,0.9350000000000002,0.0,none,not_computed
BOOTSTRAP_V4_1_TO_V5_RULESET_CONDITIONED,RS_Y4_R052_C05,PG_BOOL_R052,PG_BOOL_R052_C05,Y4_obfuscated_boolean,array_operator,6,6,6,6,1.0,1.0,1.0,0.0,0.0,0.9350000000000002,0.0,none,not_computed
BOOTSTRAP_V4_1_TO_V5_RULESET_CONDITIONED,RS_Y4_R052_C06,PG_BOOL_R052,PG_BOOL_R052_C06,Y4_obfuscated_boolean,array_operator,6,6,6,6,1.0,1.0,1.0,0.0,0.0,0.9350000000000002,0.0,none,not_computed
BOOTSTRAP_V4_1_TO_V5_RULESET_CONDITIONED,RS_Y4_R052_C07,PG_BOOL_R052,PG_BOOL_R052_C07,Y4_obfuscated_boolean,array_operator,6,6,6,6,1.0,1.0,1.0,0.0,0.0,0.9350000000000002,0.0,none,not_computed
BOOTSTRAP_V4_1_TO_V5_RULESET_CONDITIONED,RS_Y4_R052_C08,PG_BOOL_R052,PG_BOOL_R052_C08,Y4_obfuscated_boolean,array_operator,6,6,6,6,1.0,1.0,1.0,0.0,0.0,0.9350000000000002,0.0,none,not_computed
BOOTSTRAP_V4_1_TO_V5_RULESET_CONDITIONED,RS_Y4_R052_C09,PG_BOOL_R052,PG_BOOL_R052_C09,Y4_obfuscated_boolean,array_operator,6,6,6,6,1.0,1.0,1.0,0.0,0.0,0.9350000000000002,0.0,none,not_computed
BOOTSTRAP_V4_1_TO_V5_RULESET_CONDITIONED,RS_Y4_R052_C10,PG_BOOL_R052,PG_BOOL_R052_C10,Y4_obfuscated_boolean,array_operator,6,6,6,6,1.0,1.0,1.0,0.0,0.0,0.9350000000000002,0.0,none,not_computed
BOOTSTRAP_V4_1_TO_V5_RULESET_CONDITIONED,RS_Y4_R053_C01,PG_BOOL_R053,PG_BOOL_R053_C01,Y4_obfuscated_boolean,array_operator,6,6,6,0,1.0,1.0,1.0,0.0,0.0,0.585,0.0,boolean,not_computed
BOOTSTRAP_V4_1_TO_V5_RULESET_CONDITIONED,RS_Y4_R053_C02,PG_BOOL_R053,PG_BOOL_R053_C02,Y4_obfuscated_boolean,array_operator,6,6,6,0,1.0,1.0,1.0,0.0,0.0,0.585,0.0,boolean,not_computed
BOOTSTRAP_V4_1_TO_V5_RULESET_CONDITIONED,RS_Y4_R053_C03,PG_BOOL_R053,PG_BOOL_R053_C03,Y4_obfuscated_boolean,array_operator,6,6,6,5,1.0,1.0,1.0,0.0,0.0,0.8766666666666666,0.0,boolean,not_computed
BOOTSTRAP_V4_1_TO_V5_RULESET_CONDITIONED,RS_Y4_R053_C04,PG_BOOL_R053,PG_BOOL_R053_C04,Y4_obfuscated_boolean,array_operator,6,6,6,6,1.0,1.0,1.0,0.0,0.0,0.9350000000000002,0.0,none,not_computed
BOOTSTRAP_V4_1_TO_V5_RULESET_CONDITIONED,RS_Y4_R053_C05,PG_BOOL_R053,PG_BOOL_R053_C05,Y4_obfuscated_boolean,array_operator,6,6,6,6,1.0,1.0,1.0,0.0,0.0,0.9350000000000002,0.0,none,not_computed
BOOTSTRAP_V4_1_TO_V5_RULESET_CONDITIONED,RS_Y4_R053_C06,PG_BOOL_R053,PG_BOOL_R053_C06,Y4_obfuscated_boolean,array_operator,6,6,6,0,1.0,1.0,1.0,0.0,0.0,0.585,0.0,boolean,not_computed
BOOTSTRAP_V4_1_TO_V5_RULESET_CONDITIONED,RS_Y4_R053_C07,PG_BOOL_R053,PG_BOOL_R053_C07,Y4_obfuscated_boolean,array_operator,6,6,6,6,1.0,1.0,1.0,0.0,0.0,0.9350000000000002,0.0,none,not_computed
BOOTSTRAP_V4_1_TO_V5_RULESET_CONDITIONED,RS_Y4_R053_C08,PG_BOOL_R053,PG_BOOL_R053_C08,Y4_obfuscated_boolean,array_operator,6,6,6,6,1.0,1.0,1.0,0.0,0.0,0.9350000000000002,0.0,none,not_computed
BOOTSTRAP_V4_1_TO_V5_RULESET_CONDITIONED,RS_Y4_R053_C09,PG_BOOL_R053,PG_BOOL_R053_C09,Y4_obfuscated_boolean,array_operator,6,6,6,6,1.0,1.0,1.0,0.0,0.0,0.9350000000000002,0.0,none,not_computed
BOOTSTRAP_V4_1_TO_V5_RULESET_CONDITIONED,RS_Y4_R053_C10,PG_BOOL_R053,PG_BOOL_R053_C10,Y4_obfuscated_boolean,array_operator,6,6,6,0,1.0,1.0,1.0,0.0,0.0,0.585,0.0,boolean,not_computed
BOOTSTRAP_V4_1_TO_V5_RULESET_CONDITIONED,RS_Y4_R054_C01,PG_BOOL_R054,PG_BOOL_R054_C01,Y4_obfuscated_boolean,array_operator,6,6,6,6,1.0,1.0,1.0,0.0,0.0,0.9350000000000002,0.0,none,not_computed
BOOTSTRAP_V4_1_TO_V5_RULESET_CONDITIONED,RS_Y4_R054_C02,PG_BOOL_R054,PG_BOOL_R054_C02,Y4_obfuscated_boolean,array_operator,6,6,6,6,1.0,1.0,1.0,0.0,0.0,0.9350000000000002,0.0,none,not_computed
BOOTSTRAP_V4_1_TO_V5_RULESET_CONDITIONED,RS_Y4_R054_C03,PG_BOOL_R054,PG_BOOL_R054_C03,Y4_obfuscated_boolean,array_operator,6,6,6,6,1.0,1.0,1.0,0.0,0.0,0.9350000000000002,0.0,none,not_computed
BOOTSTRAP_V4_1_TO_V5_RULESET_CONDITIONED,RS_Y4_R054_C04,PG_BOOL_R054,PG_BOOL_R054_C04,Y4_obfuscated_boolean,array_operator,6,6,6,6,1.0,1.0,1.0,0.0,0.0,0.9350000000000002,0.0,none,not_computed
BOOTSTRAP_V4_1_TO_V5_RULESET_CONDITIONED,RS_Y4_R054_C05,PG_BOOL_R054,PG_BOOL_R054_C05,Y4_obfuscated_boolean,array_operator,6,6,6,6,1.0,1.0,1.0,0.0,0.0,0.9350000000000002,0.0,none,not_computed
BOOTSTRAP_V4_1_TO_V5_RULESET_CONDITIONED,RS_Y4_R054_C06,PG_BOOL_R054,PG_BOOL_R054_C06,Y4_obfuscated_boolean,array_operator,6,6,6,6,1.0,1.0,1.0,0.0,0.0,0.9350000000000002,0.0,none,not_computed
BOOTSTRAP_V4_1_TO_V5_RULESET_CONDITIONED,RS_Y4_R054_C07,PG_BOOL_R054,PG_BOOL_R054_C07,Y4_obfuscated_boolean,array_operator,6,6,6,6,1.0,1.0,1.0,0.0,0.0,0.9350000000000002,0.0,none,not_computed
BOOTSTRAP_V4_1_TO_V5_RULESET_CONDITIONED,RS_Y4_R054_C08,PG_BOOL_R054,PG_BOOL_R054_C08,Y4_obfuscated_boolean,array_operator,6,6,6,6,1.0,1.0,1.0,0.0,0.0,0.9350000000000002,0.0,none,not_computed
BOOTSTRAP_V4_1_TO_V5_RULESET_CONDITIONED,RS_Y4_R054_C09,PG_BOOL_R054,PG_BOOL_R054_C09,Y4_obfuscated_boolean,array_operator,6,6,6,6,1.0,1.0,1.0,0.0,0.0,0.9350000000000002,0.0,none,not_computed
BOOTSTRAP_V4_1_TO_V5_RULESET_CONDITIONED,RS_Y4_R054_C10,PG_BOOL_R054,PG_BOOL_R054_C10,Y4_obfuscated_boolean,array_operator,6,6,6,6,1.0,1.0,1.0,0.0,0.0,0.9350000000000002,0.0,none,not_computed
BOOTSTRAP_V4_1_TO_V5_RULESET_CONDITIONED,RS_Y4_R055_C01,PG_BOOL_R055,PG_BOOL_R055_C01,Y4_obfuscated_boolean,array_operator,6,6,6,6,1.0,1.0,1.0,0.0,0.0,0.9350000000000002,0.0,none,not_computed
BOOTSTRAP_V4_1_TO_V5_RULESET_CONDITIONED,RS_Y4_R055_C02,PG_BOOL_R055,PG_BOOL_R055_C02,Y4_obfuscated_boolean,array_operator,6,6,6,6,1.0,1.0,1.0,0.0,0.0,0.9350000000000002,0.0,none,not_computed
BOOTSTRAP_V4_1_TO_V5_RULESET_CONDITIONED,RS_Y4_R055_C03,PG_BOOL_R055,PG_BOOL_R055_C03,Y4_obfuscated_boolean,array_operator,6,6,6,6,1.0,1.0,1.0,0.0,0.0,0.9350000000000002,0.0,none,not_computed
BOOTSTRAP_V4_1_TO_V5_RULESET_CONDITIONED,RS_Y4_R055_C04,PG_BOOL_R055,PG_BOOL_R055_C04,Y4_obfuscated_boolean,array_operator,6,6,6,6,1.0,1.0,1.0,0.0,0.0,0.9350000000000002,0.0,none,not_computed
BOOTSTRAP_V4_1_TO_V5_RULESET_CONDITIONED,RS_Y4_R055_C05,PG_BOOL_R055,PG_BOOL_R055_C05,Y4_obfuscated_boolean,array_operator,6,6,6,6,1.0,1.0,1.0,0.0,0.0,0.9350000000000002,0.0,none,not_computed
BOOTSTRAP_V4_1_TO_V5_RULESET_CONDITIONED,RS_Y4_R055_C06,PG_BOOL_R055,PG_BOOL_R055_C06,Y4_obfuscated_boolean,array_operator,6,6,6,6,1.0,1.0,1.0,0.0,0.0,0.9350000000000002,0.0,none,not_computed
BOOTSTRAP_V4_1_TO_V5_RULESET_CONDITIONED,RS_Y4_R055_C07,PG_BOOL_R055,PG_BOOL_R055_C07,Y4_obfuscated_boolean,array_operator,6,6,6,6,1.0,1.0,1.0,0.0,0.0,0.9350000000000002,0.0,none,not_computed
BOOTSTRAP_V4_1_TO_V5_RULESET_CONDITIONED,RS_Y4_R055_C08,PG_BOOL_R055,PG_BOOL_R055_C08,Y4_obfuscated_boolean,array_operator,6,6,6,6,1.0,1.0,1.0,0.0,0.0,0.9350000000000002,0.0,none,not_computed
BOOTSTRAP_V4_1_TO_V5_RULESET_CONDITIONED,RS_Y4_R055_C09,PG_BOOL_R055,PG_BOOL_R055_C09,Y4_obfuscated_boolean,array_operator,6,6,6,6,1.0,1.0,1.0,0.0,0.0,0.9350000000000002,0.0,none,not_computed
BOOTSTRAP_V4_1_TO_V5_RULESET_CONDITIONED,RS_Y4_R055_C10,PG_BOOL_R055,PG_BOOL_R055_C10,Y4_obfuscated_boolean,array_operator,6,6,6,6,1.0,1.0,1.0,0.0,0.0,0.9350000000000002,0.0,none,not_computed
BOOTSTRAP_V4_1_TO_V5_RULESET_CONDITIONED,RS_Y4_R056_C01,PG_BOOL_R056,PG_BOOL_R056_C01,Y4_obfuscated_boolean,row_comparison,6,6,6,6,1.0,1.0,1.0,0.0,0.0,0.9350000000000002,0.0,none,not_computed
BOOTSTRAP_V4_1_TO_V5_RULESET_CONDITIONED,RS_Y4_R056_C02,PG_BOOL_R056,PG_BOOL_R056_C02,Y4_obfuscated_boolean,row_comparison,6,6,6,6,1.0,1.0,1.0,0.0,0.0,0.9350000000000002,0.0,none,not_computed
BOOTSTRAP_V4_1_TO_V5_RULESET_CONDITIONED,RS_Y4_R056_C03,PG_BOOL_R056,PG_BOOL_R056_C03,Y4_obfuscated_boolean,row_comparison,6,6,6,6,1.0,1.0,1.0,0.0,0.0,0.9350000000000002,0.0,none,not_computed
BOOTSTRAP_V4_1_TO_V5_RULESET_CONDITIONED,RS_Y4_R056_C04,PG_BOOL_R056,PG_BOOL_R056_C04,Y4_obfuscated_boolean,row_comparison,6,6,6,6,1.0,1.0,1.0,0.0,0.0,0.9350000000000002,0.0,none,not_computed
BOOTSTRAP_V4_1_TO_V5_RULESET_CONDITIONED,RS_Y4_R056_C05,PG_BOOL_R056,PG_BOOL_R056_C05,Y4_obfuscated_boolean,row_comparison,6,6,6,6,1.0,1.0,1.0,0.0,0.0,0.9350000000000002,0.0,none,not_computed
BOOTSTRAP_V4_1_TO_V5_RULESET_CONDITIONED,RS_Y4_R056_C06,PG_BOOL_R056,PG_BOOL_R056_C06,Y4_obfuscated_boolean,row_comparison,6,6,6,6,1.0,1.0,1.0,0.0,0.0,0.9350000000000002,0.0,none,not_computed
BOOTSTRAP_V4_1_TO_V5_RULESET_CONDITIONED,RS_Y4_R056_C07,PG_BOOL_R056,PG_BOOL_R056_C07,Y4_obfuscated_boolean,row_comparison,6,6,6,6,1.0,1.0,1.0,0.0,0.0,0.9350000000000002,0.0,none,not_computed
BOOTSTRAP_V4_1_TO_V5_RULESET_CONDITIONED,RS_Y4_R056_C08,PG_BOOL_R056,PG_BOOL_R056_C08,Y4_obfuscated_boolean,row_comparison,6,6,6,6,1.0,1.0,1.0,0.0,0.0,0.9350000000000002,0.0,none,not_computed
BOOTSTRAP_V4_1_TO_V5_RULESET_CONDITIONED,RS_Y4_R056_C09,PG_BOOL_R056,PG_BOOL_R056_C09,Y4_obfuscated_boolean,row_comparison,6,6,6,6,1.0,1.0,1.0,0.0,0.0,0.9350000000000002,0.0,none,not_computed
BOOTSTRAP_V4_1_TO_V5_RULESET_CONDITIONED,RS_Y4_R056_C10,PG_BOOL_R056,PG_BOOL_R056_C10,Y4_obfuscated_boolean,row_comparison,6,6,6,6,1.0,1.0,1.0,0.0,0.0,0.9350000000000002,0.0,none,not_computed
BOOTSTRAP_V4_1_TO_V5_RULESET_CONDITIONED,RS_Y4_R057_C01,PG_BOOL_R057,PG_BOOL_R057_C01,Y4_obfuscated_boolean,row_comparison,6,6,6,6,1.0,1.0,1.0,0.0,0.0,0.9350000000000002,0.0,none,not_computed
BOOTSTRAP_V4_1_TO_V5_RULESET_CONDITIONED,RS_Y4_R057_C02,PG_BOOL_R057,PG_BOOL_R057_C02,Y4_obfuscated_boolean,row_comparison,6,6,6,6,1.0,1.0,1.0,0.0,0.0,0.9350000000000002,0.0,none,not_computed
BOOTSTRAP_V4_1_TO_V5_RULESET_CONDITIONED,RS_Y4_R057_C03,PG_BOOL_R057,PG_BOOL_R057_C03,Y4_obfuscated_boolean,row_comparison,6,6,6,6,1.0,1.0,1.0,0.0,0.0,0.9350000000000002,0.0,none,not_computed
BOOTSTRAP_V4_1_TO_V5_RULESET_CONDITIONED,RS_Y4_R057_C04,PG_BOOL_R057,PG_BOOL_R057_C04,Y4_obfuscated_boolean,row_comparison,6,6,6,6,1.0,1.0,1.0,0.0,0.0,0.9350000000000002,0.0,none,not_computed
BOOTSTRAP_V4_1_TO_V5_RULESET_CONDITIONED,RS_Y4_R057_C05,PG_BOOL_R057,PG_BOOL_R057_C05,Y4_obfuscated_boolean,row_comparison,6,6,6,6,1.0,1.0,1.0,0.0,0.0,0.9350000000000002,0.0,none,not_computed
BOOTSTRAP_V4_1_TO_V5_RULESET_CONDITIONED,RS_Y4_R057_C06,PG_BOOL_R057,PG_BOOL_R057_C06,Y4_obfuscated_boolean,row_comparison,6,6,6,6,1.0,1.0,1.0,0.0,0.0,0.9350000000000002,0.0,none,not_computed
BOOTSTRAP_V4_1_TO_V5_RULESET_CONDITIONED,RS_Y4_R057_C07,PG_BOOL_R057,PG_BOOL_R057_C07,Y4_obfuscated_boolean,row_comparison,6,6,6,6,1.0,1.0,1.0,0.0,0.0,0.9350000000000002,0.0,none,not_computed
BOOTSTRAP_V4_1_TO_V5_RULESET_CONDITIONED,RS_Y4_R057_C08,PG_BOOL_R057,PG_BOOL_R057_C08,Y4_obfuscated_boolean,row_comparison,6,6,6,6,1.0,1.0,1.0,0.0,0.0,0.9350000000000002,0.0,none,not_computed
BOOTSTRAP_V4_1_TO_V5_RULESET_CONDITIONED,RS_Y4_R057_C09,PG_BOOL_R057,PG_BOOL_R057_C09,Y4_obfuscated_boolean,row_comparison,6,6,6,6,1.0,1.0,1.0,0.0,0.0,0.9350000000000002,0.0,none,not_computed
BOOTSTRAP_V4_1_TO_V5_RULESET_CONDITIONED,RS_Y4_R057_C10,PG_BOOL_R057,PG_BOOL_R057_C10,Y4_obfuscated_boolean,row_comparison,6,6,6,6,1.0,1.0,1.0,0.0,0.0,0.9350000000000002,0.0,none,not_computed
BOOTSTRAP_V4_1_TO_V5_RULESET_CONDITIONED,RS_Y4_R058_C01,PG_BOOL_R058,PG_BOOL_R058_C01,Y4_obfuscated_boolean,row_comparison,6,6,6,3,1.0,1.0,1.0,0.0,0.0,0.7600000000000001,0.0,boolean,not_computed
BOOTSTRAP_V4_1_TO_V5_RULESET_CONDITIONED,RS_Y4_R058_C02,PG_BOOL_R058,PG_BOOL_R058_C02,Y4_obfuscated_boolean,row_comparison,6,6,6,3,1.0,1.0,1.0,0.0,0.0,0.7600000000000001,0.0,boolean,not_computed
BOOTSTRAP_V4_1_TO_V5_RULESET_CONDITIONED,RS_Y4_R058_C03,PG_BOOL_R058,PG_BOOL_R058_C03,Y4_obfuscated_boolean,row_comparison,6,6,6,5,1.0,1.0,1.0,0.0,0.0,0.8766666666666668,0.0,boolean,not_computed
BOOTSTRAP_V4_1_TO_V5_RULESET_CONDITIONED,RS_Y4_R058_C04,PG_BOOL_R058,PG_BOOL_R058_C04,Y4_obfuscated_boolean,row_comparison,6,6,6,6,1.0,1.0,1.0,0.0,0.0,0.9350000000000002,0.0,none,not_computed
BOOTSTRAP_V4_1_TO_V5_RULESET_CONDITIONED,RS_Y4_R058_C05,PG_BOOL_R058,PG_BOOL_R058_C05,Y4_obfuscated_boolean,row_comparison,6,6,6,6,1.0,1.0,1.0,0.0,0.0,0.9350000000000002,0.0,none,not_computed
BOOTSTRAP_V4_1_TO_V5_RULESET_CONDITIONED,RS_Y4_R058_C06,PG_BOOL_R058,PG_BOOL_R058_C06,Y4_obfuscated_boolean,row_comparison,6,6,6,3,1.0,1.0,1.0,0.0,0.0,0.7600000000000001,0.0,boolean,not_computed
BOOTSTRAP_V4_1_TO_V5_RULESET_CONDITIONED,RS_Y4_R058_C07,PG_BOOL_R058,PG_BOOL_R058_C07,Y4_obfuscated_boolean,row_comparison,6,6,6,6,1.0,1.0,1.0,0.0,0.0,0.9350000000000002,0.0,none,not_computed
BOOTSTRAP_V4_1_TO_V5_RULESET_CONDITIONED,RS_Y4_R058_C08,PG_BOOL_R058,PG_BOOL_R058_C08,Y4_obfuscated_boolean,row_comparison,6,6,6,6,1.0,1.0,1.0,0.0,0.0,0.9350000000000002,0.0,none,not_computed
BOOTSTRAP_V4_1_TO_V5_RULESET_CONDITIONED,RS_Y4_R058_C09,PG_BOOL_R058,PG_BOOL_R058_C09,Y4_obfuscated_boolean,row_comparison,6,6,6,6,1.0,1.0,1.0,0.0,0.0,0.9350000000000002,0.0,none,not_computed
BOOTSTRAP_V4_1_TO_V5_RULESET_CONDITIONED,RS_Y4_R058_C10,PG_BOOL_R058,PG_BOOL_R058_C10,Y4_obfuscated_boolean,row_comparison,6,6,6,3,1.0,1.0,1.0,0.0,0.0,0.7600000000000001,0.0,boolean,not_computed
BOOTSTRAP_V4_1_TO_V5_RULESET_CONDITIONED,RS_Y4_R059_C01,PG_BOOL_R059,PG_BOOL_R059_C01,Y4_obfuscated_boolean,row_comparison,6,6,6,6,1.0,1.0,1.0,0.0,0.0,0.9350000000000002,0.0,none,not_computed
BOOTSTRAP_V4_1_TO_V5_RULESET_CONDITIONED,RS_Y4_R059_C02,PG_BOOL_R059,PG_BOOL_R059_C02,Y4_obfuscated_boolean,row_comparison,6,6,6,6,1.0,1.0,1.0,0.0,0.0,0.9350000000000002,0.0,none,not_computed
BOOTSTRAP_V4_1_TO_V5_RULESET_CONDITIONED,RS_Y4_R059_C03,PG_BOOL_R059,PG_BOOL_R059_C03,Y4_obfuscated_boolean,row_comparison,6,6,6,6,1.0,1.0,1.0,0.0,0.0,0.9350000000000002,0.0,none,not_computed
BOOTSTRAP_V4_1_TO_V5_RULESET_CONDITIONED,RS_Y4_R059_C04,PG_BOOL_R059,PG_BOOL_R059_C04,Y4_obfuscated_boolean,row_comparison,6,6,6,6,1.0,1.0,1.0,0.0,0.0,0.9350000000000002,0.0,none,not_computed
BOOTSTRAP_V4_1_TO_V5_RULESET_CONDITIONED,RS_Y4_R059_C05,PG_BOOL_R059,PG_BOOL_R059_C05,Y4_obfuscated_boolean,row_comparison,6,6,6,6,1.0,1.0,1.0,0.0,0.0,0.9350000000000002,0.0,none,not_computed
BOOTSTRAP_V4_1_TO_V5_RULESET_CONDITIONED,RS_Y4_R059_C06,PG_BOOL_R059,PG_BOOL_R059_C06,Y4_obfuscated_boolean,row_comparison,6,6,6,6,1.0,1.0,1.0,0.0,0.0,0.9350000000000002,0.0,none,not_computed
BOOTSTRAP_V4_1_TO_V5_RULESET_CONDITIONED,RS_Y4_R059_C07,PG_BOOL_R059,PG_BOOL_R059_C07,Y4_obfuscated_boolean,row_comparison,6,6,6,6,1.0,1.0,1.0,0.0,0.0,0.9350000000000002,0.0,none,not_computed
BOOTSTRAP_V4_1_TO_V5_RULESET_CONDITIONED,RS_Y4_R059_C08,PG_BOOL_R059,PG_BOOL_R059_C08,Y4_obfuscated_boolean,row_comparison,6,6,6,6,1.0,1.0,1.0,0.0,0.0,0.9350000000000002,0.0,none,not_computed
BOOTSTRAP_V4_1_TO_V5_RULESET_CONDITIONED,RS_Y4_R059_C09,PG_BOOL_R059,PG_BOOL_R059_C09,Y4_obfuscated_boolean,row_comparison,6,6,6,6,1.0,1.0,1.0,0.0,0.0,0.9350000000000002,0.0,none,not_computed
BOOTSTRAP_V4_1_TO_V5_RULESET_CONDITIONED,RS_Y4_R059_C10,PG_BOOL_R059,PG_BOOL_R059_C10,Y4_obfuscated_boolean,row_comparison,6,6,6,6,1.0,1.0,1.0,0.0,0.0,0.9350000000000002,0.0,none,not_computed
BOOTSTRAP_V4_1_TO_V5_RULESET_CONDITIONED,RS_Y4_R060_C01,PG_BOOL_R060,PG_BOOL_R060_C01,Y4_obfuscated_boolean,row_comparison,6,6,6,3,1.0,1.0,1.0,0.0,0.0,0.7600000000000001,0.0,boolean,not_computed
BOOTSTRAP_V4_1_TO_V5_RULESET_CONDITIONED,RS_Y4_R060_C02,PG_BOOL_R060,PG_BOOL_R060_C02,Y4_obfuscated_boolean,row_comparison,6,6,6,3,1.0,1.0,1.0,0.0,0.0,0.7600000000000001,0.0,boolean,not_computed
BOOTSTRAP_V4_1_TO_V5_RULESET_CONDITIONED,RS_Y4_R060_C03,PG_BOOL_R060,PG_BOOL_R060_C03,Y4_obfuscated_boolean,row_comparison,6,6,6,6,1.0,1.0,1.0,0.0,0.0,0.9350000000000002,0.0,none,not_computed
BOOTSTRAP_V4_1_TO_V5_RULESET_CONDITIONED,RS_Y4_R060_C04,PG_BOOL_R060,PG_BOOL_R060_C04,Y4_obfuscated_boolean,row_comparison,6,6,6,6,1.0,1.0,1.0,0.0,0.0,0.9350000000000002,0.0,none,not_computed
BOOTSTRAP_V4_1_TO_V5_RULESET_CONDITIONED,RS_Y4_R060_C05,PG_BOOL_R060,PG_BOOL_R060_C05,Y4_obfuscated_boolean,row_comparison,6,6,6,6,1.0,1.0,1.0,0.0,0.0,0.9350000000000002,0.0,none,not_computed
BOOTSTRAP_V4_1_TO_V5_RULESET_CONDITIONED,RS_Y4_R060_C06,PG_BOOL_R060,PG_BOOL_R060_C06,Y4_obfuscated_boolean,row_comparison,6,6,6,3,1.0,1.0,1.0,0.0,0.0,0.7600000000000001,0.0,boolean,not_computed
BOOTSTRAP_V4_1_TO_V5_RULESET_CONDITIONED,RS_Y4_R060_C07,PG_BOOL_R060,PG_BOOL_R060_C07,Y4_obfuscated_boolean,row_comparison,6,6,6,6,1.0,1.0,1.0,0.0,0.0,0.9350000000000002,0.0,none,not_computed
BOOTSTRAP_V4_1_TO_V5_RULESET_CONDITIONED,RS_Y4_R060_C08,PG_BOOL_R060,PG_BOOL_R060_C08,Y4_obfuscated_boolean,row_comparison,6,6,6,6,1.0,1.0,1.0,0.0,0.0,0.9350000000000002,0.0,none,not_computed
BOOTSTRAP_V4_1_TO_V5_RULESET_CONDITIONED,RS_Y4_R060_C09,PG_BOOL_R060,PG_BOOL_R060_C09,Y4_obfuscated_boolean,row_comparison,6,6,6,6,1.0,1.0,1.0,0.0,0.0,0.9350000000000002,0.0,none,not_computed
BOOTSTRAP_V4_1_TO_V5_RULESET_CONDITIONED,RS_Y4_R060_C10,PG_BOOL_R060,PG_BOOL_R060_C10,Y4_obfuscated_boolean,row_comparison,6,6,6,3,1.0,1.0,1.0,0.0,0.0,0.7600000000000001,0.0,boolean,not_computed
BOOTSTRAP_V4_1_TO_V5_RULESET_CONDITIONED,RS_Y4_R061_C01,PG_BOOL_R061,PG_BOOL_R061_C01,Y4_obfuscated_boolean,conditional_expression,6,6,6,6,1.0,1.0,1.0,0.0,0.0,0.9350000000000002,0.0,none,not_computed
BOOTSTRAP_V4_1_TO_V5_RULESET_CONDITIONED,RS_Y4_R061_C02,PG_BOOL_R061,PG_BOOL_R061_C02,Y4_obfuscated_boolean,conditional_expression,6,6,6,6,1.0,1.0,1.0,0.0,0.0,0.9350000000000002,0.0,none,not_computed
BOOTSTRAP_V4_1_TO_V5_RULESET_CONDITIONED,RS_Y4_R061_C03,PG_BOOL_R061,PG_BOOL_R061_C03,Y4_obfuscated_boolean,conditional_expression,6,6,6,6,1.0,1.0,1.0,0.0,0.0,0.9350000000000002,0.0,none,not_computed
BOOTSTRAP_V4_1_TO_V5_RULESET_CONDITIONED,RS_Y4_R061_C04,PG_BOOL_R061,PG_BOOL_R061_C04,Y4_obfuscated_boolean,conditional_expression,6,6,6,6,1.0,1.0,1.0,0.0,0.0,0.9350000000000002,0.0,none,not_computed
BOOTSTRAP_V4_1_TO_V5_RULESET_CONDITIONED,RS_Y4_R061_C05,PG_BOOL_R061,PG_BOOL_R061_C05,Y4_obfuscated_boolean,conditional_expression,6,6,6,6,1.0,1.0,1.0,0.0,0.0,0.9350000000000002,0.0,none,not_computed
BOOTSTRAP_V4_1_TO_V5_RULESET_CONDITIONED,RS_Y4_R061_C06,PG_BOOL_R061,PG_BOOL_R061_C06,Y4_obfuscated_boolean,conditional_expression,6,6,6,6,1.0,1.0,1.0,0.0,0.0,0.9350000000000002,0.0,none,not_computed
BOOTSTRAP_V4_1_TO_V5_RULESET_CONDITIONED,RS_Y4_R061_C07,PG_BOOL_R061,PG_BOOL_R061_C07,Y4_obfuscated_boolean,conditional_expression,6,6,6,6,1.0,1.0,1.0,0.0,0.0,0.9350000000000002,0.0,none,not_computed
BOOTSTRAP_V4_1_TO_V5_RULESET_CONDITIONED,RS_Y4_R061_C08,PG_BOOL_R061,PG_BOOL_R061_C08,Y4_obfuscated_boolean,conditional_expression,6,6,6,6,1.0,1.0,1.0,0.0,0.0,0.9350000000000002,0.0,none,not_computed
BOOTSTRAP_V4_1_TO_V5_RULESET_CONDITIONED,RS_Y4_R061_C09,PG_BOOL_R061,PG_BOOL_R061_C09,Y4_obfuscated_boolean,conditional_expression,6,6,6,6,1.0,1.0,1.0,0.0,0.0,0.9350000000000002,0.0,none,not_computed
BOOTSTRAP_V4_1_TO_V5_RULESET_CONDITIONED,RS_Y4_R061_C10,PG_BOOL_R061,PG_BOOL_R061_C10,Y4_obfuscated_boolean,conditional_expression,6,6,6,6,1.0,1.0,1.0,0.0,0.0,0.9350000000000002,0.0,none,not_computed
BOOTSTRAP_V4_1_TO_V5_RULESET_CONDITIONED,RS_Y4_R062_C01,PG_BOOL_R062,PG_BOOL_R062_C01,Y4_obfuscated_boolean,conditional_expression,6,6,6,6,1.0,1.0,1.0,0.0,0.0,0.9350000000000002,0.0,none,not_computed
BOOTSTRAP_V4_1_TO_V5_RULESET_CONDITIONED,RS_Y4_R062_C02,PG_BOOL_R062,PG_BOOL_R062_C02,Y4_obfuscated_boolean,conditional_expression,6,6,6,6,1.0,1.0,1.0,0.0,0.0,0.9350000000000002,0.0,none,not_computed
BOOTSTRAP_V4_1_TO_V5_RULESET_CONDITIONED,RS_Y4_R062_C03,PG_BOOL_R062,PG_BOOL_R062_C03,Y4_obfuscated_boolean,conditional_expression,6,6,6,6,1.0,1.0,1.0,0.0,0.0,0.9350000000000002,0.0,none,not_computed
BOOTSTRAP_V4_1_TO_V5_RULESET_CONDITIONED,RS_Y4_R062_C04,PG_BOOL_R062,PG_BOOL_R062_C04,Y4_obfuscated_boolean,conditional_expression,6,6,6,6,1.0,1.0,1.0,0.0,0.0,0.9350000000000002,0.0,none,not_computed
BOOTSTRAP_V4_1_TO_V5_RULESET_CONDITIONED,RS_Y4_R062_C05,PG_BOOL_R062,PG_BOOL_R062_C05,Y4_obfuscated_boolean,conditional_expression,6,6,6,6,1.0,1.0,1.0,0.0,0.0,0.9350000000000002,0.0,none,not_computed
BOOTSTRAP_V4_1_TO_V5_RULESET_CONDITIONED,RS_Y4_R062_C06,PG_BOOL_R062,PG_BOOL_R062_C06,Y4_obfuscated_boolean,conditional_expression,6,6,6,6,1.0,1.0,1.0,0.0,0.0,0.9350000000000002,0.0,none,not_computed
BOOTSTRAP_V4_1_TO_V5_RULESET_CONDITIONED,RS_Y4_R062_C07,PG_BOOL_R062,PG_BOOL_R062_C07,Y4_obfuscated_boolean,conditional_expression,6,6,6,6,1.0,1.0,1.0,0.0,0.0,0.9350000000000002,0.0,none,not_computed
BOOTSTRAP_V4_1_TO_V5_RULESET_CONDITIONED,RS_Y4_R062_C08,PG_BOOL_R062,PG_BOOL_R062_C08,Y4_obfuscated_boolean,conditional_expression,6,6,6,6,1.0,1.0,1.0,0.0,0.0,0.9350000000000002,0.0,none,not_computed
BOOTSTRAP_V4_1_TO_V5_RULESET_CONDITIONED,RS_Y4_R062_C09,PG_BOOL_R062,PG_BOOL_R062_C09,Y4_obfuscated_boolean,conditional_expression,6,6,6,6,1.0,1.0,1.0,0.0,0.0,0.9350000000000002,0.0,none,not_computed
BOOTSTRAP_V4_1_TO_V5_RULESET_CONDITIONED,RS_Y4_R062_C10,PG_BOOL_R062,PG_BOOL_R062_C10,Y4_obfuscated_boolean,conditional_expression,6,6,6,6,1.0,1.0,1.0,0.0,0.0,0.9350000000000002,0.0,none,not_computed
BOOTSTRAP_V4_1_TO_V5_RULESET_CONDITIONED,RS_Y4_R063_C01,PG_BOOL_R063,PG_BOOL_R063_C01,Y4_obfuscated_boolean,conditional_expression,6,6,6,6,1.0,1.0,1.0,0.0,0.0,0.9350000000000002,0.0,none,not_computed
BOOTSTRAP_V4_1_TO_V5_RULESET_CONDITIONED,RS_Y4_R063_C02,PG_BOOL_R063,PG_BOOL_R063_C02,Y4_obfuscated_boolean,conditional_expression,6,6,6,6,1.0,1.0,1.0,0.0,0.0,0.9350000000000002,0.0,none,not_computed
BOOTSTRAP_V4_1_TO_V5_RULESET_CONDITIONED,RS_Y4_R063_C03,PG_BOOL_R063,PG_BOOL_R063_C03,Y4_obfuscated_boolean,conditional_expression,6,6,6,6,1.0,1.0,1.0,0.0,0.0,0.9350000000000002,0.0,none,not_computed
BOOTSTRAP_V4_1_TO_V5_RULESET_CONDITIONED,RS_Y4_R063_C04,PG_BOOL_R063,PG_BOOL_R063_C04,Y4_obfuscated_boolean,conditional_expression,6,6,6,6,1.0,1.0,1.0,0.0,0.0,0.9350000000000002,0.0,none,not_computed
BOOTSTRAP_V4_1_TO_V5_RULESET_CONDITIONED,RS_Y4_R063_C05,PG_BOOL_R063,PG_BOOL_R063_C05,Y4_obfuscated_boolean,conditional_expression,6,6,6,6,1.0,1.0,1.0,0.0,0.0,0.9350000000000002,0.0,none,not_computed
BOOTSTRAP_V4_1_TO_V5_RULESET_CONDITIONED,RS_Y4_R063_C06,PG_BOOL_R063,PG_BOOL_R063_C06,Y4_obfuscated_boolean,conditional_expression,6,6,6,6,1.0,1.0,1.0,0.0,0.0,0.9350000000000002,0.0,none,not_computed
BOOTSTRAP_V4_1_TO_V5_RULESET_CONDITIONED,RS_Y4_R063_C07,PG_BOOL_R063,PG_BOOL_R063_C07,Y4_obfuscated_boolean,conditional_expression,6,6,6,6,1.0,1.0,1.0,0.0,0.0,0.9350000000000002,0.0,none,not_computed
BOOTSTRAP_V4_1_TO_V5_RULESET_CONDITIONED,RS_Y4_R063_C08,PG_BOOL_R063,PG_BOOL_R063_C08,Y4_obfuscated_boolean,conditional_expression,6,6,6,6,1.0,1.0,1.0,0.0,0.0,0.9350000000000002,0.0,none,not_computed
BOOTSTRAP_V4_1_TO_V5_RULESET_CONDITIONED,RS_Y4_R063_C09,PG_BOOL_R063,PG_BOOL_R063_C09,Y4_obfuscated_boolean,conditional_expression,6,6,6,6,1.0,1.0,1.0,0.0,0.0,0.9350000000000002,0.0,none,not_computed
BOOTSTRAP_V4_1_TO_V5_RULESET_CONDITIONED,RS_Y4_R063_C10,PG_BOOL_R063,PG_BOOL_R063_C10,Y4_obfuscated_boolean,conditional_expression,6,6,6,6,1.0,1.0,1.0,0.0,0.0,0.9350000000000002,0.0,none,not_computed
BOOTSTRAP_V4_1_TO_V5_RULESET_CONDITIONED,RS_Y4_R064_C01,PG_BOOL_R064,PG_BOOL_R064_C01,Y4_obfuscated_boolean,conditional_expression,6,6,6,6,1.0,1.0,1.0,0.0,0.0,0.9350000000000002,0.0,none,not_computed
BOOTSTRAP_V4_1_TO_V5_RULESET_CONDITIONED,RS_Y4_R064_C02,PG_BOOL_R064,PG_BOOL_R064_C02,Y4_obfuscated_boolean,conditional_expression,6,6,6,6,1.0,1.0,1.0,0.0,0.0,0.9350000000000002,0.0,none,not_computed
BOOTSTRAP_V4_1_TO_V5_RULESET_CONDITIONED,RS_Y4_R064_C03,PG_BOOL_R064,PG_BOOL_R064_C03,Y4_obfuscated_boolean,conditional_expression,6,6,6,6,1.0,1.0,1.0,0.0,0.0,0.9350000000000002,0.0,none,not_computed
BOOTSTRAP_V4_1_TO_V5_RULESET_CONDITIONED,RS_Y4_R064_C04,PG_BOOL_R064,PG_BOOL_R064_C04,Y4_obfuscated_boolean,conditional_expression,6,6,6,6,1.0,1.0,1.0,0.0,0.0,0.9350000000000002,0.0,none,not_computed
BOOTSTRAP_V4_1_TO_V5_RULESET_CONDITIONED,RS_Y4_R064_C05,PG_BOOL_R064,PG_BOOL_R064_C05,Y4_obfuscated_boolean,conditional_expression,6,6,6,6,1.0,1.0,1.0,0.0,0.0,0.9350000000000002,0.0,none,not_computed
BOOTSTRAP_V4_1_TO_V5_RULESET_CONDITIONED,RS_Y4_R064_C06,PG_BOOL_R064,PG_BOOL_R064_C06,Y4_obfuscated_boolean,conditional_expression,6,6,6,6,1.0,1.0,1.0,0.0,0.0,0.9350000000000002,0.0,none,not_computed
BOOTSTRAP_V4_1_TO_V5_RULESET_CONDITIONED,RS_Y4_R064_C07,PG_BOOL_R064,PG_BOOL_R064_C07,Y4_obfuscated_boolean,conditional_expression,6,6,6,6,1.0,1.0,1.0,0.0,0.0,0.9350000000000002,0.0,none,not_computed
BOOTSTRAP_V4_1_TO_V5_RULESET_CONDITIONED,RS_Y4_R064_C08,PG_BOOL_R064,PG_BOOL_R064_C08,Y4_obfuscated_boolean,conditional_expression,6,6,6,6,1.0,1.0,1.0,0.0,0.0,0.9350000000000002,0.0,none,not_computed
BOOTSTRAP_V4_1_TO_V5_RULESET_CONDITIONED,RS_Y4_R064_C09,PG_BOOL_R064,PG_BOOL_R064_C09,Y4_obfuscated_boolean,conditional_expression,6,6,6,6,1.0,1.0,1.0,0.0,0.0,0.9350000000000002,0.0,none,not_computed
BOOTSTRAP_V4_1_TO_V5_RULESET_CONDITIONED,RS_Y4_R064_C10,PG_BOOL_R064,PG_BOOL_R064_C10,Y4_obfuscated_boolean,conditional_expression,6,6,6,6,1.0,1.0,1.0,0.0,0.0,0.9350000000000002,0.0,none,not_computed
BOOTSTRAP_V4_1_TO_V5_RULESET_CONDITIONED,RS_Y4_R065_C01,PG_BOOL_R065,PG_BOOL_R065_C01,Y4_obfuscated_boolean,conditional_expression,6,6,6,6,1.0,1.0,1.0,0.0,0.0,0.9350000000000002,0.0,none,not_computed
BOOTSTRAP_V4_1_TO_V5_RULESET_CONDITIONED,RS_Y4_R065_C02,PG_BOOL_R065,PG_BOOL_R065_C02,Y4_obfuscated_boolean,conditional_expression,6,6,6,6,1.0,1.0,1.0,0.0,0.0,0.9350000000000002,0.0,none,not_computed
BOOTSTRAP_V4_1_TO_V5_RULESET_CONDITIONED,RS_Y4_R065_C03,PG_BOOL_R065,PG_BOOL_R065_C03,Y4_obfuscated_boolean,conditional_expression,6,6,6,6,1.0,1.0,1.0,0.0,0.0,0.9350000000000002,0.0,none,not_computed
BOOTSTRAP_V4_1_TO_V5_RULESET_CONDITIONED,RS_Y4_R065_C04,PG_BOOL_R065,PG_BOOL_R065_C04,Y4_obfuscated_boolean,conditional_expression,6,6,6,6,1.0,1.0,1.0,0.0,0.0,0.9350000000000002,0.0,none,not_computed
BOOTSTRAP_V4_1_TO_V5_RULESET_CONDITIONED,RS_Y4_R065_C05,PG_BOOL_R065,PG_BOOL_R065_C05,Y4_obfuscated_boolean,conditional_expression,6,6,6,6,1.0,1.0,1.0,0.0,0.0,0.9350000000000002,0.0,none,not_computed
BOOTSTRAP_V4_1_TO_V5_RULESET_CONDITIONED,RS_Y4_R065_C06,PG_BOOL_R065,PG_BOOL_R065_C06,Y4_obfuscated_boolean,conditional_expression,6,6,6,6,1.0,1.0,1.0,0.0,0.0,0.9350000000000002,0.0,none,not_computed
BOOTSTRAP_V4_1_TO_V5_RULESET_CONDITIONED,RS_Y4_R065_C07,PG_BOOL_R065,PG_BOOL_R065_C07,Y4_obfuscated_boolean,conditional_expression,6,6,6,6,1.0,1.0,1.0,0.0,0.0,0.9350000000000002,0.0,none,not_computed
BOOTSTRAP_V4_1_TO_V5_RULESET_CONDITIONED,RS_Y4_R065_C08,PG_BOOL_R065,PG_BOOL_R065_C08,Y4_obfuscated_boolean,conditional_expression,6,6,6,6,1.0,1.0,1.0,0.0,0.0,0.9350000000000002,0.0,none,not_computed
BOOTSTRAP_V4_1_TO_V5_RULESET_CONDITIONED,RS_Y4_R065_C09,PG_BOOL_R065,PG_BOOL_R065_C09,Y4_obfuscated_boolean,conditional_expression,6,6,6,6,1.0,1.0,1.0,0.0,0.0,0.9350000000000002,0.0,none,not_computed
BOOTSTRAP_V4_1_TO_V5_RULESET_CONDITIONED,RS_Y4_R065_C10,PG_BOOL_R065,PG_BOOL_R065_C10,Y4_obfuscated_boolean,conditional_expression,6,6,6,6,1.0,1.0,1.0,0.0,0.0,0.9350000000000002,0.0,none,not_computed
BOOTSTRAP_V4_1_TO_V5_RULESET_CONDITIONED,RS_Y4_R066_C01,PG_BOOL_R066,PG_BOOL_R066_C01,Y4_obfuscated_boolean,cast_expression,6,6,6,6,1.0,1.0,1.0,0.0,0.0,0.9350000000000002,0.0,none,not_computed
BOOTSTRAP_V4_1_TO_V5_RULESET_CONDITIONED,RS_Y4_R066_C02,PG_BOOL_R066,PG_BOOL_R066_C02,Y4_obfuscated_boolean,cast_expression,6,6,6,6,1.0,1.0,1.0,0.0,0.0,0.9350000000000002,0.0,none,not_computed
BOOTSTRAP_V4_1_TO_V5_RULESET_CONDITIONED,RS_Y4_R066_C03,PG_BOOL_R066,PG_BOOL_R066_C03,Y4_obfuscated_boolean,cast_expression,6,6,6,6,1.0,1.0,1.0,0.0,0.0,0.9350000000000002,0.0,none,not_computed
BOOTSTRAP_V4_1_TO_V5_RULESET_CONDITIONED,RS_Y4_R066_C04,PG_BOOL_R066,PG_BOOL_R066_C04,Y4_obfuscated_boolean,cast_expression,6,6,6,6,1.0,1.0,1.0,0.0,0.0,0.9350000000000002,0.0,none,not_computed
BOOTSTRAP_V4_1_TO_V5_RULESET_CONDITIONED,RS_Y4_R066_C05,PG_BOOL_R066,PG_BOOL_R066_C05,Y4_obfuscated_boolean,cast_expression,6,6,6,6,1.0,1.0,1.0,0.0,0.0,0.9350000000000002,0.0,none,not_computed
BOOTSTRAP_V4_1_TO_V5_RULESET_CONDITIONED,RS_Y4_R066_C06,PG_BOOL_R066,PG_BOOL_R066_C06,Y4_obfuscated_boolean,cast_expression,6,6,6,6,1.0,1.0,1.0,0.0,0.0,0.9350000000000002,0.0,none,not_computed
BOOTSTRAP_V4_1_TO_V5_RULESET_CONDITIONED,RS_Y4_R066_C07,PG_BOOL_R066,PG_BOOL_R066_C07,Y4_obfuscated_boolean,cast_expression,6,6,6,6,1.0,1.0,1.0,0.0,0.0,0.9350000000000002,0.0,none,not_computed
BOOTSTRAP_V4_1_TO_V5_RULESET_CONDITIONED,RS_Y4_R066_C08,PG_BOOL_R066,PG_BOOL_R066_C08,Y4_obfuscated_boolean,cast_expression,6,6,6,6,1.0,1.0,1.0,0.0,0.0,0.9350000000000002,0.0,none,not_computed
BOOTSTRAP_V4_1_TO_V5_RULESET_CONDITIONED,RS_Y4_R066_C09,PG_BOOL_R066,PG_BOOL_R066_C09,Y4_obfuscated_boolean,cast_expression,6,6,6,6,1.0,1.0,1.0,0.0,0.0,0.9350000000000002,0.0,none,not_computed
BOOTSTRAP_V4_1_TO_V5_RULESET_CONDITIONED,RS_Y4_R066_C10,PG_BOOL_R066,PG_BOOL_R066_C10,Y4_obfuscated_boolean,cast_expression,6,6,6,6,1.0,1.0,1.0,0.0,0.0,0.9350000000000002,0.0,none,not_computed
BOOTSTRAP_V4_1_TO_V5_RULESET_CONDITIONED,RS_Y4_R067_C01,PG_BOOL_R067,PG_BOOL_R067_C01,Y4_obfuscated_boolean,cast_expression,6,6,6,6,1.0,1.0,1.0,0.0,0.0,0.9350000000000002,0.0,none,not_computed
BOOTSTRAP_V4_1_TO_V5_RULESET_CONDITIONED,RS_Y4_R067_C02,PG_BOOL_R067,PG_BOOL_R067_C02,Y4_obfuscated_boolean,cast_expression,6,6,6,6,1.0,1.0,1.0,0.0,0.0,0.9350000000000002,0.0,none,not_computed
BOOTSTRAP_V4_1_TO_V5_RULESET_CONDITIONED,RS_Y4_R067_C03,PG_BOOL_R067,PG_BOOL_R067_C03,Y4_obfuscated_boolean,cast_expression,6,6,6,6,1.0,1.0,1.0,0.0,0.0,0.9350000000000002,0.0,none,not_computed
BOOTSTRAP_V4_1_TO_V5_RULESET_CONDITIONED,RS_Y4_R067_C04,PG_BOOL_R067,PG_BOOL_R067_C04,Y4_obfuscated_boolean,cast_expression,6,6,6,6,1.0,1.0,1.0,0.0,0.0,0.9350000000000002,0.0,none,not_computed
BOOTSTRAP_V4_1_TO_V5_RULESET_CONDITIONED,RS_Y4_R067_C05,PG_BOOL_R067,PG_BOOL_R067_C05,Y4_obfuscated_boolean,cast_expression,6,6,6,6,1.0,1.0,1.0,0.0,0.0,0.9350000000000002,0.0,none,not_computed
BOOTSTRAP_V4_1_TO_V5_RULESET_CONDITIONED,RS_Y4_R067_C06,PG_BOOL_R067,PG_BOOL_R067_C06,Y4_obfuscated_boolean,cast_expression,6,6,6,6,1.0,1.0,1.0,0.0,0.0,0.9350000000000002,0.0,none,not_computed
BOOTSTRAP_V4_1_TO_V5_RULESET_CONDITIONED,RS_Y4_R067_C07,PG_BOOL_R067,PG_BOOL_R067_C07,Y4_obfuscated_boolean,cast_expression,6,6,6,6,1.0,1.0,1.0,0.0,0.0,0.9350000000000002,0.0,none,not_computed
BOOTSTRAP_V4_1_TO_V5_RULESET_CONDITIONED,RS_Y4_R067_C08,PG_BOOL_R067,PG_BOOL_R067_C08,Y4_obfuscated_boolean,cast_expression,6,6,6,6,1.0,1.0,1.0,0.0,0.0,0.9350000000000002,0.0,none,not_computed
BOOTSTRAP_V4_1_TO_V5_RULESET_CONDITIONED,RS_Y4_R067_C09,PG_BOOL_R067,PG_BOOL_R067_C09,Y4_obfuscated_boolean,cast_expression,6,6,6,6,1.0,1.0,1.0,0.0,0.0,0.9350000000000002,0.0,none,not_computed
BOOTSTRAP_V4_1_TO_V5_RULESET_CONDITIONED,RS_Y4_R067_C10,PG_BOOL_R067,PG_BOOL_R067_C10,Y4_obfuscated_boolean,cast_expression,6,6,6,6,1.0,1.0,1.0,0.0,0.0,0.9350000000000002,0.0,none,not_computed
BOOTSTRAP_V4_1_TO_V5_RULESET_CONDITIONED,RS_Y4_R068_C01,PG_BOOL_R068,PG_BOOL_R068_C01,Y4_obfuscated_boolean,cast_expression,6,6,5,6,1.0,1.0,1.0,0.0,0.0,0.9066666666666668,0.0,none,not_computed
BOOTSTRAP_V4_1_TO_V5_RULESET_CONDITIONED,RS_Y4_R068_C02,PG_BOOL_R068,PG_BOOL_R068_C02,Y4_obfuscated_boolean,cast_expression,6,6,5,6,1.0,1.0,1.0,0.0,0.0,0.9066666666666668,0.0,none,not_computed
BOOTSTRAP_V4_1_TO_V5_RULESET_CONDITIONED,RS_Y4_R068_C03,PG_BOOL_R068,PG_BOOL_R068_C03,Y4_obfuscated_boolean,cast_expression,6,6,5,6,1.0,1.0,1.0,0.0,0.0,0.9066666666666668,0.0,none,not_computed
BOOTSTRAP_V4_1_TO_V5_RULESET_CONDITIONED,RS_Y4_R068_C04,PG_BOOL_R068,PG_BOOL_R068_C04,Y4_obfuscated_boolean,cast_expression,6,6,5,6,1.0,1.0,1.0,0.0,0.0,0.9066666666666668,0.0,none,not_computed
BOOTSTRAP_V4_1_TO_V5_RULESET_CONDITIONED,RS_Y4_R068_C05,PG_BOOL_R068,PG_BOOL_R068_C05,Y4_obfuscated_boolean,cast_expression,6,6,5,6,1.0,1.0,1.0,0.0,0.0,0.9066666666666668,0.0,none,not_computed
BOOTSTRAP_V4_1_TO_V5_RULESET_CONDITIONED,RS_Y4_R068_C06,PG_BOOL_R068,PG_BOOL_R068_C06,Y4_obfuscated_boolean,cast_expression,6,6,5,6,1.0,1.0,1.0,0.0,0.0,0.9066666666666668,0.0,none,not_computed
BOOTSTRAP_V4_1_TO_V5_RULESET_CONDITIONED,RS_Y4_R068_C07,PG_BOOL_R068,PG_BOOL_R068_C07,Y4_obfuscated_boolean,cast_expression,6,6,6,6,1.0,1.0,1.0,0.0,0.0,0.9350000000000002,0.0,none,not_computed
BOOTSTRAP_V4_1_TO_V5_RULESET_CONDITIONED,RS_Y4_R068_C08,PG_BOOL_R068,PG_BOOL_R068_C08,Y4_obfuscated_boolean,cast_expression,6,6,6,6,1.0,1.0,1.0,0.0,0.0,0.9350000000000002,0.0,none,not_computed
BOOTSTRAP_V4_1_TO_V5_RULESET_CONDITIONED,RS_Y4_R068_C09,PG_BOOL_R068,PG_BOOL_R068_C09,Y4_obfuscated_boolean,cast_expression,6,6,5,6,1.0,1.0,1.0,0.0,0.0,0.9066666666666668,0.0,none,not_computed
BOOTSTRAP_V4_1_TO_V5_RULESET_CONDITIONED,RS_Y4_R068_C10,PG_BOOL_R068,PG_BOOL_R068_C10,Y4_obfuscated_boolean,cast_expression,6,6,5,6,1.0,1.0,1.0,0.0,0.0,0.9066666666666668,0.0,none,not_computed
BOOTSTRAP_V4_1_TO_V5_RULESET_CONDITIONED,RS_Y4_R069_C01,PG_BOOL_R069,PG_BOOL_R069_C01,Y4_obfuscated_boolean,cast_expression,6,6,6,6,1.0,1.0,1.0,0.0,0.0,0.9350000000000002,0.0,none,not_computed
BOOTSTRAP_V4_1_TO_V5_RULESET_CONDITIONED,RS_Y4_R069_C02,PG_BOOL_R069,PG_BOOL_R069_C02,Y4_obfuscated_boolean,cast_expression,6,6,6,6,1.0,1.0,1.0,0.0,0.0,0.9350000000000002,0.0,none,not_computed
BOOTSTRAP_V4_1_TO_V5_RULESET_CONDITIONED,RS_Y4_R069_C03,PG_BOOL_R069,PG_BOOL_R069_C03,Y4_obfuscated_boolean,cast_expression,6,6,6,6,1.0,1.0,1.0,0.0,0.0,0.9350000000000002,0.0,none,not_computed
BOOTSTRAP_V4_1_TO_V5_RULESET_CONDITIONED,RS_Y4_R069_C04,PG_BOOL_R069,PG_BOOL_R069_C04,Y4_obfuscated_boolean,cast_expression,6,6,6,6,1.0,1.0,1.0,0.0,0.0,0.9350000000000002,0.0,none,not_computed
BOOTSTRAP_V4_1_TO_V5_RULESET_CONDITIONED,RS_Y4_R069_C05,PG_BOOL_R069,PG_BOOL_R069_C05,Y4_obfuscated_boolean,cast_expression,6,6,6,6,1.0,1.0,1.0,0.0,0.0,0.9350000000000002,0.0,none,not_computed
BOOTSTRAP_V4_1_TO_V5_RULESET_CONDITIONED,RS_Y4_R069_C06,PG_BOOL_R069,PG_BOOL_R069_C06,Y4_obfuscated_boolean,cast_expression,6,6,6,6,1.0,1.0,1.0,0.0,0.0,0.9350000000000002,0.0,none,not_computed
BOOTSTRAP_V4_1_TO_V5_RULESET_CONDITIONED,RS_Y4_R069_C07,PG_BOOL_R069,PG_BOOL_R069_C07,Y4_obfuscated_boolean,cast_expression,6,6,6,6,1.0,1.0,1.0,0.0,0.0,0.9350000000000002,0.0,none,not_computed
BOOTSTRAP_V4_1_TO_V5_RULESET_CONDITIONED,RS_Y4_R069_C08,PG_BOOL_R069,PG_BOOL_R069_C08,Y4_obfuscated_boolean,cast_expression,6,6,6,6,1.0,1.0,1.0,0.0,0.0,0.9350000000000002,0.0,none,not_computed
BOOTSTRAP_V4_1_TO_V5_RULESET_CONDITIONED,RS_Y4_R069_C09,PG_BOOL_R069,PG_BOOL_R069_C09,Y4_obfuscated_boolean,cast_expression,6,6,6,6,1.0,1.0,1.0,0.0,0.0,0.9350000000000002,0.0,none,not_computed
BOOTSTRAP_V4_1_TO_V5_RULESET_CONDITIONED,RS_Y4_R069_C10,PG_BOOL_R069,PG_BOOL_R069_C10,Y4_obfuscated_boolean,cast_expression,6,6,6,6,1.0,1.0,1.0,0.0,0.0,0.9350000000000002,0.0,none,not_computed
BOOTSTRAP_V4_1_TO_V5_RULESET_CONDITIONED,RS_Y4_R070_C01,PG_BOOL_R070,PG_BOOL_R070_C01,Y4_obfuscated_boolean,cast_expression,6,6,6,6,1.0,1.0,1.0,0.0,0.0,0.9350000000000002,0.0,none,not_computed
BOOTSTRAP_V4_1_TO_V5_RULESET_CONDITIONED,RS_Y4_R070_C02,PG_BOOL_R070,PG_BOOL_R070_C02,Y4_obfuscated_boolean,cast_expression,6,6,6,6,1.0,1.0,1.0,0.0,0.0,0.9350000000000002,0.0,none,not_computed
BOOTSTRAP_V4_1_TO_V5_RULESET_CONDITIONED,RS_Y4_R070_C03,PG_BOOL_R070,PG_BOOL_R070_C03,Y4_obfuscated_boolean,cast_expression,6,6,6,6,1.0,1.0,1.0,0.0,0.0,0.9350000000000002,0.0,none,not_computed
BOOTSTRAP_V4_1_TO_V5_RULESET_CONDITIONED,RS_Y4_R070_C04,PG_BOOL_R070,PG_BOOL_R070_C04,Y4_obfuscated_boolean,cast_expression,6,6,6,6,1.0,1.0,1.0,0.0,0.0,0.9350000000000002,0.0,none,not_computed
BOOTSTRAP_V4_1_TO_V5_RULESET_CONDITIONED,RS_Y4_R070_C05,PG_BOOL_R070,PG_BOOL_R070_C05,Y4_obfuscated_boolean,cast_expression,6,6,6,6,1.0,1.0,1.0,0.0,0.0,0.9350000000000002,0.0,none,not_computed
BOOTSTRAP_V4_1_TO_V5_RULESET_CONDITIONED,RS_Y4_R070_C06,PG_BOOL_R070,PG_BOOL_R070_C06,Y4_obfuscated_boolean,cast_expression,6,6,6,6,1.0,1.0,1.0,0.0,0.0,0.9350000000000002,0.0,none,not_computed
BOOTSTRAP_V4_1_TO_V5_RULESET_CONDITIONED,RS_Y4_R070_C07,PG_BOOL_R070,PG_BOOL_R070_C07,Y4_obfuscated_boolean,cast_expression,6,6,6,6,1.0,1.0,1.0,0.0,0.0,0.9350000000000002,0.0,none,not_computed
BOOTSTRAP_V4_1_TO_V5_RULESET_CONDITIONED,RS_Y4_R070_C08,PG_BOOL_R070,PG_BOOL_R070_C08,Y4_obfuscated_boolean,cast_expression,6,6,6,6,1.0,1.0,1.0,0.0,0.0,0.9350000000000002,0.0,none,not_computed
BOOTSTRAP_V4_1_TO_V5_RULESET_CONDITIONED,RS_Y4_R070_C09,PG_BOOL_R070,PG_BOOL_R070_C09,Y4_obfuscated_boolean,cast_expression,6,6,6,6,1.0,1.0,1.0,0.0,0.0,0.9350000000000002,0.0,none,not_computed
BOOTSTRAP_V4_1_TO_V5_RULESET_CONDITIONED,RS_Y4_R070_C10,PG_BOOL_R070,PG_BOOL_R070_C10,Y4_obfuscated_boolean,cast_expression,6,6,6,6,1.0,1.0,1.0,0.0,0.0,0.9350000000000002,0.0,none,not_computed
BOOTSTRAP_V4_1_TO_V5_RULESET_CONDITIONED,RS_Y4_R071_C01,PG_BOOL_R071,PG_BOOL_R071_C01,Y4_obfuscated_boolean,jsonb_predicate,6,6,6,0,1.0,0.0,1.0,0.0,0.0,0.35000000000000003,0.0,boolean+required_token,not_computed
BOOTSTRAP_V4_1_TO_V5_RULESET_CONDITIONED,RS_Y4_R071_C02,PG_BOOL_R071,PG_BOOL_R071_C02,Y4_obfuscated_boolean,jsonb_predicate,6,6,6,0,1.0,0.0,1.0,0.0,0.0,0.35000000000000003,0.0,boolean+required_token,not_computed
BOOTSTRAP_V4_1_TO_V5_RULESET_CONDITIONED,RS_Y4_R071_C03,PG_BOOL_R071,PG_BOOL_R071_C03,Y4_obfuscated_boolean,jsonb_predicate,6,6,6,4,1.0,1.0,1.0,0.0,0.0,0.8183333333333334,0.0,boolean,not_computed
BOOTSTRAP_V4_1_TO_V5_RULESET_CONDITIONED,RS_Y4_R071_C04,PG_BOOL_R071,PG_BOOL_R071_C04,Y4_obfuscated_boolean,jsonb_predicate,6,6,6,6,1.0,1.0,1.0,0.0,0.0,0.9350000000000002,0.0,none,not_computed
BOOTSTRAP_V4_1_TO_V5_RULESET_CONDITIONED,RS_Y4_R071_C05,PG_BOOL_R071,PG_BOOL_R071_C05,Y4_obfuscated_boolean,jsonb_predicate,6,6,6,6,1.0,1.0,1.0,0.0,0.0,0.9350000000000002,0.0,none,not_computed
BOOTSTRAP_V4_1_TO_V5_RULESET_CONDITIONED,RS_Y4_R071_C06,PG_BOOL_R071,PG_BOOL_R071_C06,Y4_obfuscated_boolean,jsonb_predicate,6,6,6,0,1.0,1.0,1.0,0.0,0.0,0.585,0.0,boolean,not_computed
BOOTSTRAP_V4_1_TO_V5_RULESET_CONDITIONED,RS_Y4_R071_C07,PG_BOOL_R071,PG_BOOL_R071_C07,Y4_obfuscated_boolean,jsonb_predicate,6,6,6,6,1.0,1.0,1.0,0.0,0.0,0.9350000000000002,0.0,none,not_computed
BOOTSTRAP_V4_1_TO_V5_RULESET_CONDITIONED,RS_Y4_R071_C08,PG_BOOL_R071,PG_BOOL_R071_C08,Y4_obfuscated_boolean,jsonb_predicate,6,6,6,6,1.0,1.0,1.0,0.0,0.0,0.9350000000000002,0.0,none,not_computed
BOOTSTRAP_V4_1_TO_V5_RULESET_CONDITIONED,RS_Y4_R071_C09,PG_BOOL_R071,PG_BOOL_R071_C09,Y4_obfuscated_boolean,jsonb_predicate,6,6,6,6,1.0,1.0,1.0,0.0,0.0,0.9350000000000002,0.0,none,not_computed
BOOTSTRAP_V4_1_TO_V5_RULESET_CONDITIONED,RS_Y4_R071_C10,PG_BOOL_R071,PG_BOOL_R071_C10,Y4_obfuscated_boolean,jsonb_predicate,6,6,6,0,1.0,1.0,1.0,0.0,0.0,0.5,0.0,boolean,not_computed
BOOTSTRAP_V4_1_TO_V5_RULESET_CONDITIONED,RS_Y4_R072_C01,PG_BOOL_R072,PG_BOOL_R072_C01,Y4_obfuscated_boolean,jsonb_predicate,6,6,6,6,1.0,1.0,1.0,0.0,0.0,0.9350000000000002,0.0,none,not_computed
BOOTSTRAP_V4_1_TO_V5_RULESET_CONDITIONED,RS_Y4_R072_C02,PG_BOOL_R072,PG_BOOL_R072_C02,Y4_obfuscated_boolean,jsonb_predicate,6,6,6,6,1.0,1.0,1.0,0.0,0.0,0.9350000000000002,0.0,none,not_computed
BOOTSTRAP_V4_1_TO_V5_RULESET_CONDITIONED,RS_Y4_R072_C03,PG_BOOL_R072,PG_BOOL_R072_C03,Y4_obfuscated_boolean,jsonb_predicate,6,6,6,6,1.0,1.0,1.0,0.0,0.0,0.9350000000000002,0.0,none,not_computed
BOOTSTRAP_V4_1_TO_V5_RULESET_CONDITIONED,RS_Y4_R072_C04,PG_BOOL_R072,PG_BOOL_R072_C04,Y4_obfuscated_boolean,jsonb_predicate,6,6,6,6,1.0,1.0,1.0,0.0,0.0,0.9350000000000002,0.0,none,not_computed
BOOTSTRAP_V4_1_TO_V5_RULESET_CONDITIONED,RS_Y4_R072_C05,PG_BOOL_R072,PG_BOOL_R072_C05,Y4_obfuscated_boolean,jsonb_predicate,6,6,6,6,1.0,1.0,1.0,0.0,0.0,0.9350000000000002,0.0,none,not_computed
BOOTSTRAP_V4_1_TO_V5_RULESET_CONDITIONED,RS_Y4_R072_C06,PG_BOOL_R072,PG_BOOL_R072_C06,Y4_obfuscated_boolean,jsonb_predicate,6,6,6,6,1.0,1.0,1.0,0.0,0.0,0.9350000000000002,0.0,none,not_computed
BOOTSTRAP_V4_1_TO_V5_RULESET_CONDITIONED,RS_Y4_R072_C07,PG_BOOL_R072,PG_BOOL_R072_C07,Y4_obfuscated_boolean,jsonb_predicate,6,6,6,6,1.0,1.0,1.0,0.0,0.0,0.9350000000000002,0.0,none,not_computed
BOOTSTRAP_V4_1_TO_V5_RULESET_CONDITIONED,RS_Y4_R072_C08,PG_BOOL_R072,PG_BOOL_R072_C08,Y4_obfuscated_boolean,jsonb_predicate,6,6,6,6,1.0,1.0,1.0,0.0,0.0,0.9350000000000002,0.0,none,not_computed
BOOTSTRAP_V4_1_TO_V5_RULESET_CONDITIONED,RS_Y4_R072_C09,PG_BOOL_R072,PG_BOOL_R072_C09,Y4_obfuscated_boolean,jsonb_predicate,6,6,6,6,1.0,1.0,1.0,0.0,0.0,0.9350000000000002,0.0,none,not_computed
BOOTSTRAP_V4_1_TO_V5_RULESET_CONDITIONED,RS_Y4_R072_C10,PG_BOOL_R072,PG_BOOL_R072_C10,Y4_obfuscated_boolean,jsonb_predicate,6,6,6,6,1.0,1.0,1.0,0.0,0.0,0.9350000000000002,0.0,none,not_computed
BOOTSTRAP_V4_1_TO_V5_RULESET_CONDITIONED,RS_Y4_R073_C01,PG_BOOL_R073,PG_BOOL_R073_C01,Y4_obfuscated_boolean,jsonb_predicate,6,6,6,6,1.0,1.0,1.0,0.0,0.0,0.9350000000000002,0.0,none,not_computed
BOOTSTRAP_V4_1_TO_V5_RULESET_CONDITIONED,RS_Y4_R073_C02,PG_BOOL_R073,PG_BOOL_R073_C02,Y4_obfuscated_boolean,jsonb_predicate,6,6,6,6,1.0,1.0,1.0,0.0,0.0,0.9350000000000002,0.0,none,not_computed
BOOTSTRAP_V4_1_TO_V5_RULESET_CONDITIONED,RS_Y4_R073_C03,PG_BOOL_R073,PG_BOOL_R073_C03,Y4_obfuscated_boolean,jsonb_predicate,6,6,6,6,1.0,1.0,1.0,0.0,0.0,0.9350000000000002,0.0,none,not_computed
BOOTSTRAP_V4_1_TO_V5_RULESET_CONDITIONED,RS_Y4_R073_C04,PG_BOOL_R073,PG_BOOL_R073_C04,Y4_obfuscated_boolean,jsonb_predicate,6,6,6,6,1.0,1.0,1.0,0.0,0.0,0.9350000000000002,0.0,none,not_computed
BOOTSTRAP_V4_1_TO_V5_RULESET_CONDITIONED,RS_Y4_R073_C05,PG_BOOL_R073,PG_BOOL_R073_C05,Y4_obfuscated_boolean,jsonb_predicate,6,6,6,6,1.0,1.0,1.0,0.0,0.0,0.9350000000000002,0.0,none,not_computed
BOOTSTRAP_V4_1_TO_V5_RULESET_CONDITIONED,RS_Y4_R073_C06,PG_BOOL_R073,PG_BOOL_R073_C06,Y4_obfuscated_boolean,jsonb_predicate,6,6,6,6,1.0,1.0,1.0,0.0,0.0,0.9350000000000002,0.0,none,not_computed
BOOTSTRAP_V4_1_TO_V5_RULESET_CONDITIONED,RS_Y4_R073_C07,PG_BOOL_R073,PG_BOOL_R073_C07,Y4_obfuscated_boolean,jsonb_predicate,6,6,6,6,1.0,1.0,1.0,0.0,0.0,0.9350000000000002,0.0,none,not_computed
BOOTSTRAP_V4_1_TO_V5_RULESET_CONDITIONED,RS_Y4_R073_C08,PG_BOOL_R073,PG_BOOL_R073_C08,Y4_obfuscated_boolean,jsonb_predicate,6,6,6,6,1.0,1.0,1.0,0.0,0.0,0.9350000000000002,0.0,none,not_computed
BOOTSTRAP_V4_1_TO_V5_RULESET_CONDITIONED,RS_Y4_R073_C09,PG_BOOL_R073,PG_BOOL_R073_C09,Y4_obfuscated_boolean,jsonb_predicate,6,6,6,6,1.0,1.0,1.0,0.0,0.0,0.9350000000000002,0.0,none,not_computed
BOOTSTRAP_V4_1_TO_V5_RULESET_CONDITIONED,RS_Y4_R073_C10,PG_BOOL_R073,PG_BOOL_R073_C10,Y4_obfuscated_boolean,jsonb_predicate,6,6,6,6,1.0,1.0,1.0,0.0,0.0,0.9350000000000002,0.0,none,not_computed
BOOTSTRAP_V4_1_TO_V5_RULESET_CONDITIONED,RS_Y4_R074_C01,PG_BOOL_R074,PG_BOOL_R074_C01,Y4_obfuscated_boolean,jsonb_predicate,6,6,6,6,1.0,1.0,1.0,0.0,0.0,0.9350000000000002,0.0,none,not_computed
BOOTSTRAP_V4_1_TO_V5_RULESET_CONDITIONED,RS_Y4_R074_C02,PG_BOOL_R074,PG_BOOL_R074_C02,Y4_obfuscated_boolean,jsonb_predicate,6,6,6,6,1.0,1.0,1.0,0.0,0.0,0.9350000000000002,0.0,none,not_computed
BOOTSTRAP_V4_1_TO_V5_RULESET_CONDITIONED,RS_Y4_R074_C03,PG_BOOL_R074,PG_BOOL_R074_C03,Y4_obfuscated_boolean,jsonb_predicate,6,6,6,6,1.0,1.0,1.0,0.0,0.0,0.9350000000000002,0.0,none,not_computed
BOOTSTRAP_V4_1_TO_V5_RULESET_CONDITIONED,RS_Y4_R074_C04,PG_BOOL_R074,PG_BOOL_R074_C04,Y4_obfuscated_boolean,jsonb_predicate,6,6,6,6,1.0,1.0,1.0,0.0,0.0,0.9350000000000002,0.0,none,not_computed
BOOTSTRAP_V4_1_TO_V5_RULESET_CONDITIONED,RS_Y4_R074_C05,PG_BOOL_R074,PG_BOOL_R074_C05,Y4_obfuscated_boolean,jsonb_predicate,6,6,6,6,1.0,1.0,1.0,0.0,0.0,0.9350000000000002,0.0,none,not_computed
BOOTSTRAP_V4_1_TO_V5_RULESET_CONDITIONED,RS_Y4_R074_C06,PG_BOOL_R074,PG_BOOL_R074_C06,Y4_obfuscated_boolean,jsonb_predicate,6,6,6,6,1.0,1.0,1.0,0.0,0.0,0.9350000000000002,0.0,none,not_computed
BOOTSTRAP_V4_1_TO_V5_RULESET_CONDITIONED,RS_Y4_R074_C07,PG_BOOL_R074,PG_BOOL_R074_C07,Y4_obfuscated_boolean,jsonb_predicate,6,6,6,6,1.0,1.0,1.0,0.0,0.0,0.9350000000000002,0.0,none,not_computed
BOOTSTRAP_V4_1_TO_V5_RULESET_CONDITIONED,RS_Y4_R074_C08,PG_BOOL_R074,PG_BOOL_R074_C08,Y4_obfuscated_boolean,jsonb_predicate,6,6,6,6,1.0,1.0,1.0,0.0,0.0,0.9350000000000002,0.0,none,not_computed
BOOTSTRAP_V4_1_TO_V5_RULESET_CONDITIONED,RS_Y4_R074_C09,PG_BOOL_R074,PG_BOOL_R074_C09,Y4_obfuscated_boolean,jsonb_predicate,6,6,6,6,1.0,1.0,1.0,0.0,0.0,0.9350000000000002,0.0,none,not_computed
BOOTSTRAP_V4_1_TO_V5_RULESET_CONDITIONED,RS_Y4_R074_C10,PG_BOOL_R074,PG_BOOL_R074_C10,Y4_obfuscated_boolean,jsonb_predicate,6,6,6,6,1.0,1.0,1.0,0.0,0.0,0.9350000000000002,0.0,none,not_computed
BOOTSTRAP_V4_1_TO_V5_RULESET_CONDITIONED,RS_Y4_R075_C01,PG_BOOL_R075,PG_BOOL_R075_C01,Y4_obfuscated_boolean,jsonb_predicate,6,6,5,6,1.0,1.0,1.0,0.0,0.0,0.9066666666666666,0.0,none,not_computed
BOOTSTRAP_V4_1_TO_V5_RULESET_CONDITIONED,RS_Y4_R075_C02,PG_BOOL_R075,PG_BOOL_R075_C02,Y4_obfuscated_boolean,jsonb_predicate,6,6,5,6,1.0,1.0,1.0,0.0,0.0,0.9066666666666666,0.0,none,not_computed
BOOTSTRAP_V4_1_TO_V5_RULESET_CONDITIONED,RS_Y4_R075_C03,PG_BOOL_R075,PG_BOOL_R075_C03,Y4_obfuscated_boolean,jsonb_predicate,6,6,5,6,1.0,1.0,1.0,0.0,0.0,0.9066666666666666,0.0,none,not_computed
BOOTSTRAP_V4_1_TO_V5_RULESET_CONDITIONED,RS_Y4_R075_C04,PG_BOOL_R075,PG_BOOL_R075_C04,Y4_obfuscated_boolean,jsonb_predicate,6,6,5,6,1.0,1.0,1.0,0.0,0.0,0.9066666666666666,0.0,none,not_computed
BOOTSTRAP_V4_1_TO_V5_RULESET_CONDITIONED,RS_Y4_R075_C05,PG_BOOL_R075,PG_BOOL_R075_C05,Y4_obfuscated_boolean,jsonb_predicate,6,6,5,6,1.0,1.0,1.0,0.0,0.0,0.9066666666666666,0.0,none,not_computed
BOOTSTRAP_V4_1_TO_V5_RULESET_CONDITIONED,RS_Y4_R075_C06,PG_BOOL_R075,PG_BOOL_R075_C06,Y4_obfuscated_boolean,jsonb_predicate,6,6,5,6,1.0,1.0,1.0,0.0,0.0,0.9066666666666666,0.0,none,not_computed
BOOTSTRAP_V4_1_TO_V5_RULESET_CONDITIONED,RS_Y4_R075_C07,PG_BOOL_R075,PG_BOOL_R075_C07,Y4_obfuscated_boolean,jsonb_predicate,6,6,6,6,1.0,1.0,1.0,0.0,0.0,0.9350000000000002,0.0,none,not_computed
BOOTSTRAP_V4_1_TO_V5_RULESET_CONDITIONED,RS_Y4_R075_C08,PG_BOOL_R075,PG_BOOL_R075_C08,Y4_obfuscated_boolean,jsonb_predicate,6,6,6,6,1.0,1.0,1.0,0.0,0.0,0.9350000000000002,0.0,none,not_computed
BOOTSTRAP_V4_1_TO_V5_RULESET_CONDITIONED,RS_Y4_R075_C09,PG_BOOL_R075,PG_BOOL_R075_C09,Y4_obfuscated_boolean,jsonb_predicate,6,6,5,6,1.0,1.0,1.0,0.0,0.0,0.9066666666666666,0.0,none,not_computed
BOOTSTRAP_V4_1_TO_V5_RULESET_CONDITIONED,RS_Y4_R075_C10,PG_BOOL_R075,PG_BOOL_R075_C10,Y4_obfuscated_boolean,jsonb_predicate,6,6,5,6,1.0,1.0,1.0,0.0,0.0,0.9066666666666666,0.0,none,not_computed
BOOTSTRAP_V4_1_TO_V5_RULESET_CONDITIONED,RS_Y4_R076_C01,PG_BOOL_R076,PG_BOOL_R076_C01,Y4_obfuscated_boolean,range_type,6,6,6,6,1.0,1.0,1.0,0.0,0.0,0.9350000000000002,0.0,none,not_computed
BOOTSTRAP_V4_1_TO_V5_RULESET_CONDITIONED,RS_Y4_R076_C02,PG_BOOL_R076,PG_BOOL_R076_C02,Y4_obfuscated_boolean,range_type,6,6,6,6,1.0,1.0,1.0,0.0,0.0,0.9350000000000002,0.0,none,not_computed
BOOTSTRAP_V4_1_TO_V5_RULESET_CONDITIONED,RS_Y4_R076_C03,PG_BOOL_R076,PG_BOOL_R076_C03,Y4_obfuscated_boolean,range_type,6,6,6,6,1.0,1.0,1.0,0.0,0.0,0.9350000000000002,0.0,none,not_computed
BOOTSTRAP_V4_1_TO_V5_RULESET_CONDITIONED,RS_Y4_R076_C04,PG_BOOL_R076,PG_BOOL_R076_C04,Y4_obfuscated_boolean,range_type,6,6,6,6,1.0,1.0,1.0,0.0,0.0,0.9350000000000002,0.0,none,not_computed
BOOTSTRAP_V4_1_TO_V5_RULESET_CONDITIONED,RS_Y4_R076_C05,PG_BOOL_R076,PG_BOOL_R076_C05,Y4_obfuscated_boolean,range_type,6,6,6,6,1.0,1.0,1.0,0.0,0.0,0.9350000000000002,0.0,none,not_computed
BOOTSTRAP_V4_1_TO_V5_RULESET_CONDITIONED,RS_Y4_R076_C06,PG_BOOL_R076,PG_BOOL_R076_C06,Y4_obfuscated_boolean,range_type,6,6,6,6,1.0,1.0,1.0,0.0,0.0,0.9350000000000002,0.0,none,not_computed
BOOTSTRAP_V4_1_TO_V5_RULESET_CONDITIONED,RS_Y4_R076_C07,PG_BOOL_R076,PG_BOOL_R076_C07,Y4_obfuscated_boolean,range_type,6,6,6,6,1.0,1.0,1.0,0.0,0.0,0.9350000000000002,0.0,none,not_computed
BOOTSTRAP_V4_1_TO_V5_RULESET_CONDITIONED,RS_Y4_R076_C08,PG_BOOL_R076,PG_BOOL_R076_C08,Y4_obfuscated_boolean,range_type,6,6,6,6,1.0,1.0,1.0,0.0,0.0,0.9350000000000002,0.0,none,not_computed
BOOTSTRAP_V4_1_TO_V5_RULESET_CONDITIONED,RS_Y4_R076_C09,PG_BOOL_R076,PG_BOOL_R076_C09,Y4_obfuscated_boolean,range_type,6,6,6,6,1.0,1.0,1.0,0.0,0.0,0.9350000000000002,0.0,none,not_computed
BOOTSTRAP_V4_1_TO_V5_RULESET_CONDITIONED,RS_Y4_R076_C10,PG_BOOL_R076,PG_BOOL_R076_C10,Y4_obfuscated_boolean,range_type,6,6,6,6,1.0,1.0,1.0,0.0,0.0,0.9350000000000002,0.0,none,not_computed
BOOTSTRAP_V4_1_TO_V5_RULESET_CONDITIONED,RS_Y4_R077_C01,PG_BOOL_R077,PG_BOOL_R077_C01,Y4_obfuscated_boolean,range_type,6,6,6,0,1.0,1.0,1.0,0.0,0.0,0.585,0.0,boolean,not_computed
BOOTSTRAP_V4_1_TO_V5_RULESET_CONDITIONED,RS_Y4_R077_C02,PG_BOOL_R077,PG_BOOL_R077_C02,Y4_obfuscated_boolean,range_type,6,6,6,0,1.0,1.0,1.0,0.0,0.0,0.585,0.0,boolean,not_computed
BOOTSTRAP_V4_1_TO_V5_RULESET_CONDITIONED,RS_Y4_R077_C03,PG_BOOL_R077,PG_BOOL_R077_C03,Y4_obfuscated_boolean,range_type,6,6,6,5,1.0,1.0,1.0,0.0,0.0,0.8766666666666666,0.0,boolean,not_computed
BOOTSTRAP_V4_1_TO_V5_RULESET_CONDITIONED,RS_Y4_R077_C04,PG_BOOL_R077,PG_BOOL_R077_C04,Y4_obfuscated_boolean,range_type,6,6,6,6,1.0,1.0,1.0,0.0,0.0,0.9350000000000002,0.0,none,not_computed
BOOTSTRAP_V4_1_TO_V5_RULESET_CONDITIONED,RS_Y4_R077_C05,PG_BOOL_R077,PG_BOOL_R077_C05,Y4_obfuscated_boolean,range_type,6,6,6,6,1.0,1.0,1.0,0.0,0.0,0.9350000000000002,0.0,none,not_computed
BOOTSTRAP_V4_1_TO_V5_RULESET_CONDITIONED,RS_Y4_R077_C06,PG_BOOL_R077,PG_BOOL_R077_C06,Y4_obfuscated_boolean,range_type,6,6,6,0,1.0,1.0,1.0,0.0,0.0,0.585,0.0,boolean,not_computed
BOOTSTRAP_V4_1_TO_V5_RULESET_CONDITIONED,RS_Y4_R077_C07,PG_BOOL_R077,PG_BOOL_R077_C07,Y4_obfuscated_boolean,range_type,6,6,6,6,1.0,1.0,1.0,0.0,0.0,0.9350000000000002,0.0,none,not_computed
BOOTSTRAP_V4_1_TO_V5_RULESET_CONDITIONED,RS_Y4_R077_C08,PG_BOOL_R077,PG_BOOL_R077_C08,Y4_obfuscated_boolean,range_type,6,6,6,6,1.0,1.0,1.0,0.0,0.0,0.9350000000000002,0.0,none,not_computed
BOOTSTRAP_V4_1_TO_V5_RULESET_CONDITIONED,RS_Y4_R077_C09,PG_BOOL_R077,PG_BOOL_R077_C09,Y4_obfuscated_boolean,range_type,6,6,6,6,1.0,1.0,1.0,0.0,0.0,0.9350000000000002,0.0,none,not_computed
BOOTSTRAP_V4_1_TO_V5_RULESET_CONDITIONED,RS_Y4_R077_C10,PG_BOOL_R077,PG_BOOL_R077_C10,Y4_obfuscated_boolean,range_type,6,6,6,0,1.0,1.0,1.0,0.0,0.0,0.585,0.0,boolean,not_computed
BOOTSTRAP_V4_1_TO_V5_RULESET_CONDITIONED,RS_Y4_R078_C01,PG_BOOL_R078,PG_BOOL_R078_C01,Y4_obfuscated_boolean,range_type,6,6,6,6,1.0,1.0,1.0,0.0,0.0,0.9350000000000002,0.0,none,not_computed
BOOTSTRAP_V4_1_TO_V5_RULESET_CONDITIONED,RS_Y4_R078_C02,PG_BOOL_R078,PG_BOOL_R078_C02,Y4_obfuscated_boolean,range_type,6,6,6,6,1.0,1.0,1.0,0.0,0.0,0.9350000000000002,0.0,none,not_computed
BOOTSTRAP_V4_1_TO_V5_RULESET_CONDITIONED,RS_Y4_R078_C03,PG_BOOL_R078,PG_BOOL_R078_C03,Y4_obfuscated_boolean,range_type,6,6,6,6,1.0,1.0,1.0,0.0,0.0,0.9350000000000002,0.0,none,not_computed
BOOTSTRAP_V4_1_TO_V5_RULESET_CONDITIONED,RS_Y4_R078_C04,PG_BOOL_R078,PG_BOOL_R078_C04,Y4_obfuscated_boolean,range_type,6,6,6,6,1.0,1.0,1.0,0.0,0.0,0.9350000000000002,0.0,none,not_computed
BOOTSTRAP_V4_1_TO_V5_RULESET_CONDITIONED,RS_Y4_R078_C05,PG_BOOL_R078,PG_BOOL_R078_C05,Y4_obfuscated_boolean,range_type,6,6,6,6,1.0,1.0,1.0,0.0,0.0,0.9350000000000002,0.0,none,not_computed
BOOTSTRAP_V4_1_TO_V5_RULESET_CONDITIONED,RS_Y4_R078_C06,PG_BOOL_R078,PG_BOOL_R078_C06,Y4_obfuscated_boolean,range_type,6,6,6,6,1.0,1.0,1.0,0.0,0.0,0.9350000000000002,0.0,none,not_computed
BOOTSTRAP_V4_1_TO_V5_RULESET_CONDITIONED,RS_Y4_R078_C07,PG_BOOL_R078,PG_BOOL_R078_C07,Y4_obfuscated_boolean,range_type,6,6,6,6,1.0,1.0,1.0,0.0,0.0,0.9350000000000002,0.0,none,not_computed
BOOTSTRAP_V4_1_TO_V5_RULESET_CONDITIONED,RS_Y4_R078_C08,PG_BOOL_R078,PG_BOOL_R078_C08,Y4_obfuscated_boolean,range_type,6,6,6,6,1.0,1.0,1.0,0.0,0.0,0.9350000000000002,0.0,none,not_computed
BOOTSTRAP_V4_1_TO_V5_RULESET_CONDITIONED,RS_Y4_R078_C09,PG_BOOL_R078,PG_BOOL_R078_C09,Y4_obfuscated_boolean,range_type,6,6,6,6,1.0,1.0,1.0,0.0,0.0,0.9350000000000002,0.0,none,not_computed
BOOTSTRAP_V4_1_TO_V5_RULESET_CONDITIONED,RS_Y4_R078_C10,PG_BOOL_R078,PG_BOOL_R078_C10,Y4_obfuscated_boolean,range_type,6,6,6,6,1.0,1.0,1.0,0.0,0.0,0.9350000000000002,0.0,none,not_computed
BOOTSTRAP_V4_1_TO_V5_RULESET_CONDITIONED,RS_Y4_R079_C01,PG_BOOL_R079,PG_BOOL_R079_C01,Y4_obfuscated_boolean,range_type,6,6,6,6,1.0,1.0,1.0,0.0,0.0,0.9350000000000002,0.0,none,not_computed
BOOTSTRAP_V4_1_TO_V5_RULESET_CONDITIONED,RS_Y4_R079_C02,PG_BOOL_R079,PG_BOOL_R079_C02,Y4_obfuscated_boolean,range_type,6,6,6,6,1.0,1.0,1.0,0.0,0.0,0.9350000000000002,0.0,none,not_computed
BOOTSTRAP_V4_1_TO_V5_RULESET_CONDITIONED,RS_Y4_R079_C03,PG_BOOL_R079,PG_BOOL_R079_C03,Y4_obfuscated_boolean,range_type,6,6,6,6,1.0,1.0,1.0,0.0,0.0,0.9350000000000002,0.0,none,not_computed
BOOTSTRAP_V4_1_TO_V5_RULESET_CONDITIONED,RS_Y4_R079_C04,PG_BOOL_R079,PG_BOOL_R079_C04,Y4_obfuscated_boolean,range_type,6,6,6,6,1.0,1.0,1.0,0.0,0.0,0.9350000000000002,0.0,none,not_computed
BOOTSTRAP_V4_1_TO_V5_RULESET_CONDITIONED,RS_Y4_R079_C05,PG_BOOL_R079,PG_BOOL_R079_C05,Y4_obfuscated_boolean,range_type,6,6,6,6,1.0,1.0,1.0,0.0,0.0,0.9350000000000002,0.0,none,not_computed
BOOTSTRAP_V4_1_TO_V5_RULESET_CONDITIONED,RS_Y4_R079_C06,PG_BOOL_R079,PG_BOOL_R079_C06,Y4_obfuscated_boolean,range_type,6,6,6,6,1.0,1.0,1.0,0.0,0.0,0.9350000000000002,0.0,none,not_computed
BOOTSTRAP_V4_1_TO_V5_RULESET_CONDITIONED,RS_Y4_R079_C07,PG_BOOL_R079,PG_BOOL_R079_C07,Y4_obfuscated_boolean,range_type,6,6,6,6,1.0,1.0,1.0,0.0,0.0,0.9350000000000002,0.0,none,not_computed
BOOTSTRAP_V4_1_TO_V5_RULESET_CONDITIONED,RS_Y4_R079_C08,PG_BOOL_R079,PG_BOOL_R079_C08,Y4_obfuscated_boolean,range_type,6,6,6,6,1.0,1.0,1.0,0.0,0.0,0.9350000000000002,0.0,none,not_computed
BOOTSTRAP_V4_1_TO_V5_RULESET_CONDITIONED,RS_Y4_R079_C09,PG_BOOL_R079,PG_BOOL_R079_C09,Y4_obfuscated_boolean,range_type,6,6,6,6,1.0,1.0,1.0,0.0,0.0,0.9350000000000002,0.0,none,not_computed
BOOTSTRAP_V4_1_TO_V5_RULESET_CONDITIONED,RS_Y4_R079_C10,PG_BOOL_R079,PG_BOOL_R079_C10,Y4_obfuscated_boolean,range_type,6,6,6,6,1.0,1.0,1.0,0.0,0.0,0.9350000000000002,0.0,none,not_computed
BOOTSTRAP_V4_1_TO_V5_RULESET_CONDITIONED,RS_Y4_R080_C01,PG_BOOL_R080,PG_BOOL_R080_C01,Y4_obfuscated_boolean,range_type,6,6,6,6,1.0,1.0,1.0,0.0,0.0,0.9350000000000002,0.0,none,not_computed
BOOTSTRAP_V4_1_TO_V5_RULESET_CONDITIONED,RS_Y4_R080_C02,PG_BOOL_R080,PG_BOOL_R080_C02,Y4_obfuscated_boolean,range_type,6,6,6,6,1.0,1.0,1.0,0.0,0.0,0.9350000000000002,0.0,none,not_computed
BOOTSTRAP_V4_1_TO_V5_RULESET_CONDITIONED,RS_Y4_R080_C03,PG_BOOL_R080,PG_BOOL_R080_C03,Y4_obfuscated_boolean,range_type,6,6,6,6,1.0,1.0,1.0,0.0,0.0,0.9350000000000002,0.0,none,not_computed
BOOTSTRAP_V4_1_TO_V5_RULESET_CONDITIONED,RS_Y4_R080_C04,PG_BOOL_R080,PG_BOOL_R080_C04,Y4_obfuscated_boolean,range_type,6,6,6,6,1.0,1.0,1.0,0.0,0.0,0.9350000000000002,0.0,none,not_computed
BOOTSTRAP_V4_1_TO_V5_RULESET_CONDITIONED,RS_Y4_R080_C05,PG_BOOL_R080,PG_BOOL_R080_C05,Y4_obfuscated_boolean,range_type,6,6,6,6,1.0,1.0,1.0,0.0,0.0,0.9350000000000002,0.0,none,not_computed
BOOTSTRAP_V4_1_TO_V5_RULESET_CONDITIONED,RS_Y4_R080_C06,PG_BOOL_R080,PG_BOOL_R080_C06,Y4_obfuscated_boolean,range_type,6,6,6,6,1.0,1.0,1.0,0.0,0.0,0.9350000000000002,0.0,none,not_computed
BOOTSTRAP_V4_1_TO_V5_RULESET_CONDITIONED,RS_Y4_R080_C07,PG_BOOL_R080,PG_BOOL_R080_C07,Y4_obfuscated_boolean,range_type,6,6,6,6,1.0,1.0,1.0,0.0,0.0,0.9350000000000002,0.0,none,not_computed
BOOTSTRAP_V4_1_TO_V5_RULESET_CONDITIONED,RS_Y4_R080_C08,PG_BOOL_R080,PG_BOOL_R080_C08,Y4_obfuscated_boolean,range_type,6,6,6,6,1.0,1.0,1.0,0.0,0.0,0.9350000000000002,0.0,none,not_computed
BOOTSTRAP_V4_1_TO_V5_RULESET_CONDITIONED,RS_Y4_R080_C09,PG_BOOL_R080,PG_BOOL_R080_C09,Y4_obfuscated_boolean,range_type,6,6,6,6,1.0,1.0,1.0,0.0,0.0,0.9350000000000002,0.0,none,not_computed
BOOTSTRAP_V4_1_TO_V5_RULESET_CONDITIONED,RS_Y4_R080_C10,PG_BOOL_R080,PG_BOOL_R080_C10,Y4_obfuscated_boolean,range_type,6,6,6,6,1.0,1.0,1.0,0.0,0.0,0.9350000000000002,0.0,none,not_computed
BOOTSTRAP_V4_1_TO_V5_RULESET_CONDITIONED,RS_Y4_R081_C01,PG_BOOL_R081,PG_BOOL_R081_C01,Y4_obfuscated_boolean,network_inet,6,6,6,6,1.0,1.0,1.0,0.0,0.0,0.9350000000000002,0.0,none,not_computed
BOOTSTRAP_V4_1_TO_V5_RULESET_CONDITIONED,RS_Y4_R081_C02,PG_BOOL_R081,PG_BOOL_R081_C02,Y4_obfuscated_boolean,network_inet,6,6,6,6,1.0,1.0,1.0,0.0,0.0,0.9350000000000002,0.0,none,not_computed
BOOTSTRAP_V4_1_TO_V5_RULESET_CONDITIONED,RS_Y4_R081_C03,PG_BOOL_R081,PG_BOOL_R081_C03,Y4_obfuscated_boolean,network_inet,6,6,6,6,1.0,1.0,1.0,0.0,0.0,0.9350000000000002,0.0,none,not_computed
BOOTSTRAP_V4_1_TO_V5_RULESET_CONDITIONED,RS_Y4_R081_C04,PG_BOOL_R081,PG_BOOL_R081_C04,Y4_obfuscated_boolean,network_inet,6,6,6,6,1.0,1.0,1.0,0.0,0.0,0.9350000000000002,0.0,none,not_computed
BOOTSTRAP_V4_1_TO_V5_RULESET_CONDITIONED,RS_Y4_R081_C05,PG_BOOL_R081,PG_BOOL_R081_C05,Y4_obfuscated_boolean,network_inet,6,6,6,6,1.0,1.0,1.0,0.0,0.0,0.9350000000000002,0.0,none,not_computed
BOOTSTRAP_V4_1_TO_V5_RULESET_CONDITIONED,RS_Y4_R081_C06,PG_BOOL_R081,PG_BOOL_R081_C06,Y4_obfuscated_boolean,network_inet,6,6,6,6,1.0,1.0,1.0,0.0,0.0,0.9350000000000002,0.0,none,not_computed
BOOTSTRAP_V4_1_TO_V5_RULESET_CONDITIONED,RS_Y4_R081_C07,PG_BOOL_R081,PG_BOOL_R081_C07,Y4_obfuscated_boolean,network_inet,6,6,6,6,1.0,1.0,1.0,0.0,0.0,0.9350000000000002,0.0,none,not_computed
BOOTSTRAP_V4_1_TO_V5_RULESET_CONDITIONED,RS_Y4_R081_C08,PG_BOOL_R081,PG_BOOL_R081_C08,Y4_obfuscated_boolean,network_inet,6,6,6,6,1.0,1.0,1.0,0.0,0.0,0.9350000000000002,0.0,none,not_computed
BOOTSTRAP_V4_1_TO_V5_RULESET_CONDITIONED,RS_Y4_R081_C09,PG_BOOL_R081,PG_BOOL_R081_C09,Y4_obfuscated_boolean,network_inet,6,6,6,6,1.0,1.0,1.0,0.0,0.0,0.9350000000000002,0.0,none,not_computed
BOOTSTRAP_V4_1_TO_V5_RULESET_CONDITIONED,RS_Y4_R081_C10,PG_BOOL_R081,PG_BOOL_R081_C10,Y4_obfuscated_boolean,network_inet,6,6,6,6,1.0,1.0,1.0,0.0,0.0,0.9350000000000002,0.0,none,not_computed
BOOTSTRAP_V4_1_TO_V5_RULESET_CONDITIONED,RS_Y4_R082_C01,PG_BOOL_R082,PG_BOOL_R082_C01,Y4_obfuscated_boolean,network_inet,6,6,6,6,1.0,1.0,1.0,0.0,0.0,0.9350000000000002,0.0,none,not_computed
BOOTSTRAP_V4_1_TO_V5_RULESET_CONDITIONED,RS_Y4_R082_C02,PG_BOOL_R082,PG_BOOL_R082_C02,Y4_obfuscated_boolean,network_inet,6,6,6,6,1.0,1.0,1.0,0.0,0.0,0.9350000000000002,0.0,none,not_computed
BOOTSTRAP_V4_1_TO_V5_RULESET_CONDITIONED,RS_Y4_R082_C03,PG_BOOL_R082,PG_BOOL_R082_C03,Y4_obfuscated_boolean,network_inet,6,6,6,6,1.0,1.0,1.0,0.0,0.0,0.9350000000000002,0.0,none,not_computed
BOOTSTRAP_V4_1_TO_V5_RULESET_CONDITIONED,RS_Y4_R082_C04,PG_BOOL_R082,PG_BOOL_R082_C04,Y4_obfuscated_boolean,network_inet,6,6,6,6,1.0,1.0,1.0,0.0,0.0,0.9350000000000002,0.0,none,not_computed
BOOTSTRAP_V4_1_TO_V5_RULESET_CONDITIONED,RS_Y4_R082_C05,PG_BOOL_R082,PG_BOOL_R082_C05,Y4_obfuscated_boolean,network_inet,6,6,6,6,1.0,1.0,1.0,0.0,0.0,0.9350000000000002,0.0,none,not_computed
BOOTSTRAP_V4_1_TO_V5_RULESET_CONDITIONED,RS_Y4_R082_C06,PG_BOOL_R082,PG_BOOL_R082_C06,Y4_obfuscated_boolean,network_inet,6,6,6,6,1.0,1.0,1.0,0.0,0.0,0.9350000000000002,0.0,none,not_computed
BOOTSTRAP_V4_1_TO_V5_RULESET_CONDITIONED,RS_Y4_R082_C07,PG_BOOL_R082,PG_BOOL_R082_C07,Y4_obfuscated_boolean,network_inet,6,6,6,6,1.0,1.0,1.0,0.0,0.0,0.9350000000000002,0.0,none,not_computed
BOOTSTRAP_V4_1_TO_V5_RULESET_CONDITIONED,RS_Y4_R082_C08,PG_BOOL_R082,PG_BOOL_R082_C08,Y4_obfuscated_boolean,network_inet,6,6,6,6,1.0,1.0,1.0,0.0,0.0,0.9350000000000002,0.0,none,not_computed
BOOTSTRAP_V4_1_TO_V5_RULESET_CONDITIONED,RS_Y4_R082_C09,PG_BOOL_R082,PG_BOOL_R082_C09,Y4_obfuscated_boolean,network_inet,6,6,6,6,1.0,1.0,1.0,0.0,0.0,0.9350000000000002,0.0,none,not_computed
BOOTSTRAP_V4_1_TO_V5_RULESET_CONDITIONED,RS_Y4_R082_C10,PG_BOOL_R082,PG_BOOL_R082_C10,Y4_obfuscated_boolean,network_inet,6,6,6,6,1.0,1.0,1.0,0.0,0.0,0.9350000000000002,0.0,none,not_computed
BOOTSTRAP_V4_1_TO_V5_RULESET_CONDITIONED,RS_Y4_R083_C01,PG_BOOL_R083,PG_BOOL_R083_C01,Y4_obfuscated_boolean,network_inet,6,6,6,6,1.0,1.0,1.0,0.0,0.0,0.9350000000000002,0.0,none,not_computed
BOOTSTRAP_V4_1_TO_V5_RULESET_CONDITIONED,RS_Y4_R083_C02,PG_BOOL_R083,PG_BOOL_R083_C02,Y4_obfuscated_boolean,network_inet,6,6,6,6,1.0,1.0,1.0,0.0,0.0,0.9350000000000002,0.0,none,not_computed
BOOTSTRAP_V4_1_TO_V5_RULESET_CONDITIONED,RS_Y4_R083_C03,PG_BOOL_R083,PG_BOOL_R083_C03,Y4_obfuscated_boolean,network_inet,6,6,6,6,1.0,1.0,1.0,0.0,0.0,0.9350000000000002,0.0,none,not_computed
BOOTSTRAP_V4_1_TO_V5_RULESET_CONDITIONED,RS_Y4_R083_C04,PG_BOOL_R083,PG_BOOL_R083_C04,Y4_obfuscated_boolean,network_inet,6,6,6,6,1.0,1.0,1.0,0.0,0.0,0.9350000000000002,0.0,none,not_computed
BOOTSTRAP_V4_1_TO_V5_RULESET_CONDITIONED,RS_Y4_R083_C05,PG_BOOL_R083,PG_BOOL_R083_C05,Y4_obfuscated_boolean,network_inet,6,6,6,6,1.0,1.0,1.0,0.0,0.0,0.9350000000000002,0.0,none,not_computed
BOOTSTRAP_V4_1_TO_V5_RULESET_CONDITIONED,RS_Y4_R083_C06,PG_BOOL_R083,PG_BOOL_R083_C06,Y4_obfuscated_boolean,network_inet,6,6,6,6,1.0,1.0,1.0,0.0,0.0,0.9350000000000002,0.0,none,not_computed
BOOTSTRAP_V4_1_TO_V5_RULESET_CONDITIONED,RS_Y4_R083_C07,PG_BOOL_R083,PG_BOOL_R083_C07,Y4_obfuscated_boolean,network_inet,6,6,6,6,1.0,1.0,1.0,0.0,0.0,0.9350000000000002,0.0,none,not_computed
BOOTSTRAP_V4_1_TO_V5_RULESET_CONDITIONED,RS_Y4_R083_C08,PG_BOOL_R083,PG_BOOL_R083_C08,Y4_obfuscated_boolean,network_inet,6,6,6,6,1.0,1.0,1.0,0.0,0.0,0.9350000000000002,0.0,none,not_computed
BOOTSTRAP_V4_1_TO_V5_RULESET_CONDITIONED,RS_Y4_R083_C09,PG_BOOL_R083,PG_BOOL_R083_C09,Y4_obfuscated_boolean,network_inet,6,6,6,6,1.0,1.0,1.0,0.0,0.0,0.9350000000000002,0.0,none,not_computed
BOOTSTRAP_V4_1_TO_V5_RULESET_CONDITIONED,RS_Y4_R083_C10,PG_BOOL_R083,PG_BOOL_R083_C10,Y4_obfuscated_boolean,network_inet,6,6,6,6,1.0,1.0,1.0,0.0,0.0,0.9350000000000002,0.0,none,not_computed
BOOTSTRAP_V4_1_TO_V5_RULESET_CONDITIONED,RS_Y4_R084_C01,PG_BOOL_R084,PG_BOOL_R084_C01,Y4_obfuscated_boolean,network_inet,6,6,6,6,1.0,1.0,1.0,0.0,0.0,0.9350000000000002,0.0,none,not_computed
BOOTSTRAP_V4_1_TO_V5_RULESET_CONDITIONED,RS_Y4_R084_C02,PG_BOOL_R084,PG_BOOL_R084_C02,Y4_obfuscated_boolean,network_inet,6,6,6,6,1.0,1.0,1.0,0.0,0.0,0.9350000000000002,0.0,none,not_computed
BOOTSTRAP_V4_1_TO_V5_RULESET_CONDITIONED,RS_Y4_R084_C03,PG_BOOL_R084,PG_BOOL_R084_C03,Y4_obfuscated_boolean,network_inet,6,6,6,6,1.0,1.0,1.0,0.0,0.0,0.9350000000000002,0.0,none,not_computed
BOOTSTRAP_V4_1_TO_V5_RULESET_CONDITIONED,RS_Y4_R084_C04,PG_BOOL_R084,PG_BOOL_R084_C04,Y4_obfuscated_boolean,network_inet,6,6,6,6,1.0,1.0,1.0,0.0,0.0,0.9350000000000002,0.0,none,not_computed
BOOTSTRAP_V4_1_TO_V5_RULESET_CONDITIONED,RS_Y4_R084_C05,PG_BOOL_R084,PG_BOOL_R084_C05,Y4_obfuscated_boolean,network_inet,6,6,6,6,1.0,1.0,1.0,0.0,0.0,0.9350000000000002,0.0,none,not_computed
BOOTSTRAP_V4_1_TO_V5_RULESET_CONDITIONED,RS_Y4_R084_C06,PG_BOOL_R084,PG_BOOL_R084_C06,Y4_obfuscated_boolean,network_inet,6,6,6,6,1.0,1.0,1.0,0.0,0.0,0.9350000000000002,0.0,none,not_computed
BOOTSTRAP_V4_1_TO_V5_RULESET_CONDITIONED,RS_Y4_R084_C07,PG_BOOL_R084,PG_BOOL_R084_C07,Y4_obfuscated_boolean,network_inet,6,6,6,6,1.0,1.0,1.0,0.0,0.0,0.9350000000000002,0.0,none,not_computed
BOOTSTRAP_V4_1_TO_V5_RULESET_CONDITIONED,RS_Y4_R084_C08,PG_BOOL_R084,PG_BOOL_R084_C08,Y4_obfuscated_boolean,network_inet,6,6,6,6,1.0,1.0,1.0,0.0,0.0,0.9350000000000002,0.0,none,not_computed
BOOTSTRAP_V4_1_TO_V5_RULESET_CONDITIONED,RS_Y4_R084_C09,PG_BOOL_R084,PG_BOOL_R084_C09,Y4_obfuscated_boolean,network_inet,6,6,6,6,1.0,1.0,1.0,0.0,0.0,0.9350000000000002,0.0,none,not_computed
BOOTSTRAP_V4_1_TO_V5_RULESET_CONDITIONED,RS_Y4_R084_C10,PG_BOOL_R084,PG_BOOL_R084_C10,Y4_obfuscated_boolean,network_inet,6,6,6,6,1.0,1.0,1.0,0.0,0.0,0.9350000000000002,0.0,none,not_computed
BOOTSTRAP_V4_1_TO_V5_RULESET_CONDITIONED,RS_Y4_R085_C01,PG_BOOL_R085,PG_BOOL_R085_C01,Y4_obfuscated_boolean,network_inet,6,6,6,6,1.0,1.0,1.0,0.0,0.0,0.9350000000000002,0.0,none,not_computed
BOOTSTRAP_V4_1_TO_V5_RULESET_CONDITIONED,RS_Y4_R085_C02,PG_BOOL_R085,PG_BOOL_R085_C02,Y4_obfuscated_boolean,network_inet,6,6,6,6,1.0,1.0,1.0,0.0,0.0,0.9350000000000002,0.0,none,not_computed
BOOTSTRAP_V4_1_TO_V5_RULESET_CONDITIONED,RS_Y4_R085_C03,PG_BOOL_R085,PG_BOOL_R085_C03,Y4_obfuscated_boolean,network_inet,6,6,6,6,1.0,1.0,1.0,0.0,0.0,0.9350000000000002,0.0,none,not_computed
BOOTSTRAP_V4_1_TO_V5_RULESET_CONDITIONED,RS_Y4_R085_C04,PG_BOOL_R085,PG_BOOL_R085_C04,Y4_obfuscated_boolean,network_inet,6,6,6,6,1.0,1.0,1.0,0.0,0.0,0.9350000000000002,0.0,none,not_computed
BOOTSTRAP_V4_1_TO_V5_RULESET_CONDITIONED,RS_Y4_R085_C05,PG_BOOL_R085,PG_BOOL_R085_C05,Y4_obfuscated_boolean,network_inet,6,6,6,6,1.0,1.0,1.0,0.0,0.0,0.9350000000000002,0.0,none,not_computed
BOOTSTRAP_V4_1_TO_V5_RULESET_CONDITIONED,RS_Y4_R085_C06,PG_BOOL_R085,PG_BOOL_R085_C06,Y4_obfuscated_boolean,network_inet,6,6,6,6,1.0,1.0,1.0,0.0,0.0,0.9350000000000002,0.0,none,not_computed
BOOTSTRAP_V4_1_TO_V5_RULESET_CONDITIONED,RS_Y4_R085_C07,PG_BOOL_R085,PG_BOOL_R085_C07,Y4_obfuscated_boolean,network_inet,6,6,6,6,1.0,1.0,1.0,0.0,0.0,0.9350000000000002,0.0,none,not_computed
BOOTSTRAP_V4_1_TO_V5_RULESET_CONDITIONED,RS_Y4_R085_C08,PG_BOOL_R085,PG_BOOL_R085_C08,Y4_obfuscated_boolean,network_inet,6,6,6,6,1.0,1.0,1.0,0.0,0.0,0.9350000000000002,0.0,none,not_computed
BOOTSTRAP_V4_1_TO_V5_RULESET_CONDITIONED,RS_Y4_R085_C09,PG_BOOL_R085,PG_BOOL_R085_C09,Y4_obfuscated_boolean,network_inet,6,6,6,6,1.0,1.0,1.0,0.0,0.0,0.9350000000000002,0.0,none,not_computed
BOOTSTRAP_V4_1_TO_V5_RULESET_CONDITIONED,RS_Y4_R085_C10,PG_BOOL_R085,PG_BOOL_R085_C10,Y4_obfuscated_boolean,network_inet,6,6,6,6,1.0,1.0,1.0,0.0,0.0,0.9350000000000002,0.0,none,not_computed
BOOTSTRAP_V4_1_TO_V5_RULESET_CONDITIONED,RS_Y4_R086_C01,PG_BOOL_R086,PG_BOOL_R086_C01,Y4_obfuscated_boolean,uuid_predicate,6,6,6,0,1.0,1.0,0.049999999999999996,0.0,0.0,0.5425,0.0,slot,not_computed
BOOTSTRAP_V4_1_TO_V5_RULESET_CONDITIONED,RS_Y4_R086_C02,PG_BOOL_R086,PG_BOOL_R086_C02,Y4_obfuscated_boolean,uuid_predicate,6,6,6,0,1.0,1.0,0.049999999999999996,0.0,0.0,0.5425,0.0,slot,not_computed
BOOTSTRAP_V4_1_TO_V5_RULESET_CONDITIONED,RS_Y4_R086_C03,PG_BOOL_R086,PG_BOOL_R086_C03,Y4_obfuscated_boolean,uuid_predicate,6,6,6,0,1.0,1.0,0.049999999999999996,0.0,0.0,0.5425,0.0,slot,not_computed
BOOTSTRAP_V4_1_TO_V5_RULESET_CONDITIONED,RS_Y4_R086_C04,PG_BOOL_R086,PG_BOOL_R086_C04,Y4_obfuscated_boolean,uuid_predicate,6,6,6,0,1.0,1.0,0.049999999999999996,0.0,0.0,0.5425,0.0,slot,not_computed
BOOTSTRAP_V4_1_TO_V5_RULESET_CONDITIONED,RS_Y4_R086_C05,PG_BOOL_R086,PG_BOOL_R086_C05,Y4_obfuscated_boolean,uuid_predicate,6,6,6,0,1.0,1.0,0.049999999999999996,0.0,0.0,0.5425,0.0,slot,not_computed
BOOTSTRAP_V4_1_TO_V5_RULESET_CONDITIONED,RS_Y4_R086_C06,PG_BOOL_R086,PG_BOOL_R086_C06,Y4_obfuscated_boolean,uuid_predicate,6,6,6,0,1.0,1.0,0.049999999999999996,0.0,0.0,0.5425,0.0,slot,not_computed
BOOTSTRAP_V4_1_TO_V5_RULESET_CONDITIONED,RS_Y4_R086_C07,PG_BOOL_R086,PG_BOOL_R086_C07,Y4_obfuscated_boolean,uuid_predicate,6,6,6,0,1.0,1.0,0.049999999999999996,0.0,0.0,0.5425,0.0,slot,not_computed
BOOTSTRAP_V4_1_TO_V5_RULESET_CONDITIONED,RS_Y4_R086_C08,PG_BOOL_R086,PG_BOOL_R086_C08,Y4_obfuscated_boolean,uuid_predicate,6,6,6,0,1.0,1.0,0.049999999999999996,0.0,0.0,0.5425,0.0,slot,not_computed
BOOTSTRAP_V4_1_TO_V5_RULESET_CONDITIONED,RS_Y4_R086_C09,PG_BOOL_R086,PG_BOOL_R086_C09,Y4_obfuscated_boolean,uuid_predicate,6,6,6,0,1.0,1.0,0.049999999999999996,0.0,0.0,0.5425,0.0,slot,not_computed
BOOTSTRAP_V4_1_TO_V5_RULESET_CONDITIONED,RS_Y4_R086_C10,PG_BOOL_R086,PG_BOOL_R086_C10,Y4_obfuscated_boolean,uuid_predicate,6,6,6,0,1.0,1.0,0.049999999999999996,0.0,0.0,0.5425,0.0,slot,not_computed
BOOTSTRAP_V4_1_TO_V5_RULESET_CONDITIONED,RS_Y4_R087_C01,PG_BOOL_R087,PG_BOOL_R087_C01,Y4_obfuscated_boolean,uuid_predicate,6,6,6,0,1.0,1.0,0.049999999999999996,0.0,0.0,0.5425,0.0,slot,not_computed
BOOTSTRAP_V4_1_TO_V5_RULESET_CONDITIONED,RS_Y4_R087_C02,PG_BOOL_R087,PG_BOOL_R087_C02,Y4_obfuscated_boolean,uuid_predicate,6,6,6,0,1.0,1.0,0.049999999999999996,0.0,0.0,0.5425,0.0,slot,not_computed
BOOTSTRAP_V4_1_TO_V5_RULESET_CONDITIONED,RS_Y4_R087_C03,PG_BOOL_R087,PG_BOOL_R087_C03,Y4_obfuscated_boolean,uuid_predicate,6,6,6,0,1.0,1.0,0.049999999999999996,0.0,0.0,0.5425,0.0,slot,not_computed
BOOTSTRAP_V4_1_TO_V5_RULESET_CONDITIONED,RS_Y4_R087_C04,PG_BOOL_R087,PG_BOOL_R087_C04,Y4_obfuscated_boolean,uuid_predicate,6,6,6,0,1.0,1.0,0.049999999999999996,0.0,0.0,0.5425,0.0,slot,not_computed
BOOTSTRAP_V4_1_TO_V5_RULESET_CONDITIONED,RS_Y4_R087_C05,PG_BOOL_R087,PG_BOOL_R087_C05,Y4_obfuscated_boolean,uuid_predicate,6,6,6,0,1.0,1.0,0.049999999999999996,0.0,0.0,0.5425,0.0,slot,not_computed
BOOTSTRAP_V4_1_TO_V5_RULESET_CONDITIONED,RS_Y4_R087_C06,PG_BOOL_R087,PG_BOOL_R087_C06,Y4_obfuscated_boolean,uuid_predicate,6,6,6,0,1.0,1.0,0.049999999999999996,0.0,0.0,0.5425,0.0,slot,not_computed
BOOTSTRAP_V4_1_TO_V5_RULESET_CONDITIONED,RS_Y4_R087_C07,PG_BOOL_R087,PG_BOOL_R087_C07,Y4_obfuscated_boolean,uuid_predicate,6,6,6,0,1.0,1.0,0.049999999999999996,0.0,0.0,0.5425,0.0,slot,not_computed
BOOTSTRAP_V4_1_TO_V5_RULESET_CONDITIONED,RS_Y4_R087_C08,PG_BOOL_R087,PG_BOOL_R087_C08,Y4_obfuscated_boolean,uuid_predicate,6,6,6,0,1.0,1.0,0.049999999999999996,0.0,0.0,0.5425,0.0,slot,not_computed
BOOTSTRAP_V4_1_TO_V5_RULESET_CONDITIONED,RS_Y4_R087_C09,PG_BOOL_R087,PG_BOOL_R087_C09,Y4_obfuscated_boolean,uuid_predicate,6,6,6,0,1.0,1.0,0.049999999999999996,0.0,0.0,0.5425,0.0,slot,not_computed
BOOTSTRAP_V4_1_TO_V5_RULESET_CONDITIONED,RS_Y4_R087_C10,PG_BOOL_R087,PG_BOOL_R087_C10,Y4_obfuscated_boolean,uuid_predicate,6,6,6,0,1.0,1.0,0.049999999999999996,0.0,0.0,0.5425,0.0,slot,not_computed
BOOTSTRAP_V4_1_TO_V5_RULESET_CONDITIONED,RS_Y4_R088_C01,PG_BOOL_R088,PG_BOOL_R088_C01,Y4_obfuscated_boolean,uuid_predicate,6,6,6,0,1.0,1.0,0.049999999999999996,0.0,0.0,0.49249999999999994,0.0,boolean+slot,not_computed
BOOTSTRAP_V4_1_TO_V5_RULESET_CONDITIONED,RS_Y4_R088_C02,PG_BOOL_R088,PG_BOOL_R088_C02,Y4_obfuscated_boolean,uuid_predicate,6,6,6,0,1.0,1.0,0.049999999999999996,0.0,0.0,0.49249999999999994,0.0,boolean+slot,not_computed
BOOTSTRAP_V4_1_TO_V5_RULESET_CONDITIONED,RS_Y4_R088_C03,PG_BOOL_R088,PG_BOOL_R088_C03,Y4_obfuscated_boolean,uuid_predicate,6,6,6,0,1.0,1.0,0.049999999999999996,0.0,0.0,0.5425,0.0,slot,not_computed
BOOTSTRAP_V4_1_TO_V5_RULESET_CONDITIONED,RS_Y4_R088_C04,PG_BOOL_R088,PG_BOOL_R088_C04,Y4_obfuscated_boolean,uuid_predicate,6,6,6,0,1.0,1.0,0.049999999999999996,0.0,0.0,0.5425,0.0,slot,not_computed
BOOTSTRAP_V4_1_TO_V5_RULESET_CONDITIONED,RS_Y4_R088_C05,PG_BOOL_R088,PG_BOOL_R088_C05,Y4_obfuscated_boolean,uuid_predicate,6,6,6,0,1.0,1.0,0.049999999999999996,0.0,0.0,0.5425,0.0,slot,not_computed
BOOTSTRAP_V4_1_TO_V5_RULESET_CONDITIONED,RS_Y4_R088_C06,PG_BOOL_R088,PG_BOOL_R088_C06,Y4_obfuscated_boolean,uuid_predicate,6,6,6,0,1.0,1.0,0.049999999999999996,0.0,0.0,0.49249999999999994,0.0,boolean+slot,not_computed
BOOTSTRAP_V4_1_TO_V5_RULESET_CONDITIONED,RS_Y4_R088_C07,PG_BOOL_R088,PG_BOOL_R088_C07,Y4_obfuscated_boolean,uuid_predicate,6,6,6,0,1.0,1.0,0.049999999999999996,0.0,0.0,0.5425,0.0,slot,not_computed
BOOTSTRAP_V4_1_TO_V5_RULESET_CONDITIONED,RS_Y4_R088_C08,PG_BOOL_R088,PG_BOOL_R088_C08,Y4_obfuscated_boolean,uuid_predicate,6,6,6,0,1.0,1.0,0.049999999999999996,0.0,0.0,0.5425,0.0,slot,not_computed
BOOTSTRAP_V4_1_TO_V5_RULESET_CONDITIONED,RS_Y4_R088_C09,PG_BOOL_R088,PG_BOOL_R088_C09,Y4_obfuscated_boolean,uuid_predicate,6,6,6,0,1.0,1.0,0.049999999999999996,0.0,0.0,0.5425,0.0,slot,not_computed
BOOTSTRAP_V4_1_TO_V5_RULESET_CONDITIONED,RS_Y4_R088_C10,PG_BOOL_R088,PG_BOOL_R088_C10,Y4_obfuscated_boolean,uuid_predicate,6,6,6,0,1.0,1.0,0.049999999999999996,0.0,0.0,0.49249999999999994,0.0,boolean+slot,not_computed
BOOTSTRAP_V4_1_TO_V5_RULESET_CONDITIONED,RS_Y4_R089_C01,PG_BOOL_R089,PG_BOOL_R089_C01,Y4_obfuscated_boolean,uuid_predicate,6,6,6,0,1.0,1.0,0.25000000000000006,0.0,0.0,0.5725,0.0,slot,not_computed
BOOTSTRAP_V4_1_TO_V5_RULESET_CONDITIONED,RS_Y4_R089_C02,PG_BOOL_R089,PG_BOOL_R089_C02,Y4_obfuscated_boolean,uuid_predicate,6,6,6,0,1.0,1.0,0.25000000000000006,0.0,0.0,0.5725,0.0,slot,not_computed
BOOTSTRAP_V4_1_TO_V5_RULESET_CONDITIONED,RS_Y4_R089_C03,PG_BOOL_R089,PG_BOOL_R089_C03,Y4_obfuscated_boolean,uuid_predicate,6,6,6,0,1.0,1.0,0.24999999999999997,0.0,0.0,0.5724999999999999,0.0,slot,not_computed
BOOTSTRAP_V4_1_TO_V5_RULESET_CONDITIONED,RS_Y4_R089_C04,PG_BOOL_R089,PG_BOOL_R089_C04,Y4_obfuscated_boolean,uuid_predicate,6,6,6,0,1.0,1.0,0.25000000000000006,0.0,0.0,0.5725,0.0,slot,not_computed
BOOTSTRAP_V4_1_TO_V5_RULESET_CONDITIONED,RS_Y4_R089_C05,PG_BOOL_R089,PG_BOOL_R089_C05,Y4_obfuscated_boolean,uuid_predicate,6,6,6,0,1.0,1.0,0.25000000000000006,0.0,0.0,0.5725,0.0,slot,not_computed
BOOTSTRAP_V4_1_TO_V5_RULESET_CONDITIONED,RS_Y4_R089_C06,PG_BOOL_R089,PG_BOOL_R089_C06,Y4_obfuscated_boolean,uuid_predicate,6,6,6,0,1.0,1.0,0.25000000000000006,0.0,0.0,0.5725,0.0,slot,not_computed
BOOTSTRAP_V4_1_TO_V5_RULESET_CONDITIONED,RS_Y4_R089_C07,PG_BOOL_R089,PG_BOOL_R089_C07,Y4_obfuscated_boolean,uuid_predicate,6,6,6,0,1.0,1.0,0.25000000000000006,0.0,0.0,0.5725,0.0,slot,not_computed
BOOTSTRAP_V4_1_TO_V5_RULESET_CONDITIONED,RS_Y4_R089_C08,PG_BOOL_R089,PG_BOOL_R089_C08,Y4_obfuscated_boolean,uuid_predicate,6,6,6,0,1.0,1.0,0.25000000000000006,0.0,0.0,0.5725,0.0,slot,not_computed
BOOTSTRAP_V4_1_TO_V5_RULESET_CONDITIONED,RS_Y4_R089_C09,PG_BOOL_R089,PG_BOOL_R089_C09,Y4_obfuscated_boolean,uuid_predicate,6,6,6,0,1.0,1.0,0.25000000000000006,0.0,0.0,0.5725,0.0,slot,not_computed
BOOTSTRAP_V4_1_TO_V5_RULESET_CONDITIONED,RS_Y4_R089_C10,PG_BOOL_R089,PG_BOOL_R089_C10,Y4_obfuscated_boolean,uuid_predicate,6,6,6,0,1.0,1.0,0.25000000000000006,0.0,0.0,0.5725,0.0,slot,not_computed
BOOTSTRAP_V4_1_TO_V5_RULESET_CONDITIONED,RS_Y4_R090_C01,PG_BOOL_R090,PG_BOOL_R090_C01,Y4_obfuscated_boolean,uuid_predicate,6,6,6,0,1.0,1.0,0.3,0.0,0.0,0.58,0.0,slot,not_computed
BOOTSTRAP_V4_1_TO_V5_RULESET_CONDITIONED,RS_Y4_R090_C02,PG_BOOL_R090,PG_BOOL_R090_C02,Y4_obfuscated_boolean,uuid_predicate,6,6,6,0,1.0,1.0,0.3,0.0,0.0,0.58,0.0,slot,not_computed
BOOTSTRAP_V4_1_TO_V5_RULESET_CONDITIONED,RS_Y4_R090_C03,PG_BOOL_R090,PG_BOOL_R090_C03,Y4_obfuscated_boolean,uuid_predicate,6,6,6,0,1.0,1.0,0.3,0.0,0.0,0.58,0.0,slot,not_computed
BOOTSTRAP_V4_1_TO_V5_RULESET_CONDITIONED,RS_Y4_R090_C04,PG_BOOL_R090,PG_BOOL_R090_C04,Y4_obfuscated_boolean,uuid_predicate,6,6,6,0,1.0,1.0,0.3,0.0,0.0,0.58,0.0,slot,not_computed
BOOTSTRAP_V4_1_TO_V5_RULESET_CONDITIONED,RS_Y4_R090_C05,PG_BOOL_R090,PG_BOOL_R090_C05,Y4_obfuscated_boolean,uuid_predicate,6,6,6,0,1.0,1.0,0.3,0.0,0.0,0.58,0.0,slot,not_computed
BOOTSTRAP_V4_1_TO_V5_RULESET_CONDITIONED,RS_Y4_R090_C06,PG_BOOL_R090,PG_BOOL_R090_C06,Y4_obfuscated_boolean,uuid_predicate,6,6,6,0,1.0,1.0,0.3,0.0,0.0,0.58,0.0,slot,not_computed
BOOTSTRAP_V4_1_TO_V5_RULESET_CONDITIONED,RS_Y4_R090_C07,PG_BOOL_R090,PG_BOOL_R090_C07,Y4_obfuscated_boolean,uuid_predicate,6,6,6,0,1.0,1.0,0.3,0.0,0.0,0.58,0.0,slot,not_computed
BOOTSTRAP_V4_1_TO_V5_RULESET_CONDITIONED,RS_Y4_R090_C08,PG_BOOL_R090,PG_BOOL_R090_C08,Y4_obfuscated_boolean,uuid_predicate,6,6,6,0,1.0,1.0,0.3,0.0,0.0,0.58,0.0,slot,not_computed
BOOTSTRAP_V4_1_TO_V5_RULESET_CONDITIONED,RS_Y4_R090_C09,PG_BOOL_R090,PG_BOOL_R090_C09,Y4_obfuscated_boolean,uuid_predicate,6,6,6,0,1.0,1.0,0.3,0.0,0.0,0.58,0.0,slot,not_computed
BOOTSTRAP_V4_1_TO_V5_RULESET_CONDITIONED,RS_Y4_R090_C10,PG_BOOL_R090,PG_BOOL_R090_C10,Y4_obfuscated_boolean,uuid_predicate,6,6,6,0,1.0,1.0,0.3,0.0,0.0,0.58,0.0,slot,not_computed
BOOTSTRAP_V4_1_TO_V5_RULESET_CONDITIONED,RS_Y4_R091_C01,PG_BOOL_R091,PG_BOOL_R091_C01,Y4_obfuscated_boolean,full_text_predicate,6,6,6,0,1.0,1.0,1.0,0.0,0.0,0.585,0.0,boolean,not_computed
BOOTSTRAP_V4_1_TO_V5_RULESET_CONDITIONED,RS_Y4_R091_C02,PG_BOOL_R091,PG_BOOL_R091_C02,Y4_obfuscated_boolean,full_text_predicate,6,6,6,0,1.0,1.0,1.0,0.0,0.0,0.585,0.0,boolean,not_computed
BOOTSTRAP_V4_1_TO_V5_RULESET_CONDITIONED,RS_Y4_R091_C03,PG_BOOL_R091,PG_BOOL_R091_C03,Y4_obfuscated_boolean,full_text_predicate,6,6,6,4,1.0,1.0,1.0,0.0,0.0,0.8183333333333334,0.0,boolean,not_computed
BOOTSTRAP_V4_1_TO_V5_RULESET_CONDITIONED,RS_Y4_R091_C04,PG_BOOL_R091,PG_BOOL_R091_C04,Y4_obfuscated_boolean,full_text_predicate,6,6,6,6,1.0,1.0,1.0,0.0,0.0,0.9350000000000002,0.0,none,not_computed
BOOTSTRAP_V4_1_TO_V5_RULESET_CONDITIONED,RS_Y4_R091_C05,PG_BOOL_R091,PG_BOOL_R091_C05,Y4_obfuscated_boolean,full_text_predicate,6,6,6,6,1.0,1.0,1.0,0.0,0.0,0.9350000000000002,0.0,none,not_computed
BOOTSTRAP_V4_1_TO_V5_RULESET_CONDITIONED,RS_Y4_R091_C06,PG_BOOL_R091,PG_BOOL_R091_C06,Y4_obfuscated_boolean,full_text_predicate,6,6,6,0,1.0,1.0,1.0,0.0,0.0,0.585,0.0,boolean,not_computed
BOOTSTRAP_V4_1_TO_V5_RULESET_CONDITIONED,RS_Y4_R091_C07,PG_BOOL_R091,PG_BOOL_R091_C07,Y4_obfuscated_boolean,full_text_predicate,6,6,6,6,1.0,1.0,1.0,0.0,0.0,0.9350000000000002,0.0,none,not_computed
BOOTSTRAP_V4_1_TO_V5_RULESET_CONDITIONED,RS_Y4_R091_C08,PG_BOOL_R091,PG_BOOL_R091_C08,Y4_obfuscated_boolean,full_text_predicate,6,6,6,6,1.0,1.0,1.0,0.0,0.0,0.9350000000000002,0.0,none,not_computed
BOOTSTRAP_V4_1_TO_V5_RULESET_CONDITIONED,RS_Y4_R091_C09,PG_BOOL_R091,PG_BOOL_R091_C09,Y4_obfuscated_boolean,full_text_predicate,6,6,6,6,1.0,1.0,1.0,0.0,0.0,0.9350000000000002,0.0,none,not_computed
BOOTSTRAP_V4_1_TO_V5_RULESET_CONDITIONED,RS_Y4_R091_C10,PG_BOOL_R091,PG_BOOL_R091_C10,Y4_obfuscated_boolean,full_text_predicate,6,6,6,0,1.0,1.0,1.0,0.0,0.0,0.585,0.0,boolean,not_computed
BOOTSTRAP_V4_1_TO_V5_RULESET_CONDITIONED,RS_Y4_R092_C01,PG_BOOL_R092,PG_BOOL_R092_C01,Y4_obfuscated_boolean,full_text_predicate,6,6,6,0,1.0,1.0,1.0,0.0,0.0,0.585,0.0,boolean,not_computed
BOOTSTRAP_V4_1_TO_V5_RULESET_CONDITIONED,RS_Y4_R092_C02,PG_BOOL_R092,PG_BOOL_R092_C02,Y4_obfuscated_boolean,full_text_predicate,6,6,6,0,1.0,1.0,1.0,0.0,0.0,0.585,0.0,boolean,not_computed
BOOTSTRAP_V4_1_TO_V5_RULESET_CONDITIONED,RS_Y4_R092_C03,PG_BOOL_R092,PG_BOOL_R092_C03,Y4_obfuscated_boolean,full_text_predicate,6,6,6,5,1.0,1.0,1.0,0.0,0.0,0.8766666666666666,0.0,boolean,not_computed
BOOTSTRAP_V4_1_TO_V5_RULESET_CONDITIONED,RS_Y4_R092_C04,PG_BOOL_R092,PG_BOOL_R092_C04,Y4_obfuscated_boolean,full_text_predicate,6,6,6,6,1.0,1.0,1.0,0.0,0.0,0.9350000000000002,0.0,none,not_computed
BOOTSTRAP_V4_1_TO_V5_RULESET_CONDITIONED,RS_Y4_R092_C05,PG_BOOL_R092,PG_BOOL_R092_C05,Y4_obfuscated_boolean,full_text_predicate,6,6,6,6,1.0,1.0,1.0,0.0,0.0,0.9350000000000002,0.0,none,not_computed
BOOTSTRAP_V4_1_TO_V5_RULESET_CONDITIONED,RS_Y4_R092_C06,PG_BOOL_R092,PG_BOOL_R092_C06,Y4_obfuscated_boolean,full_text_predicate,6,6,6,0,1.0,1.0,1.0,0.0,0.0,0.585,0.0,boolean,not_computed
BOOTSTRAP_V4_1_TO_V5_RULESET_CONDITIONED,RS_Y4_R092_C07,PG_BOOL_R092,PG_BOOL_R092_C07,Y4_obfuscated_boolean,full_text_predicate,6,6,6,6,1.0,1.0,1.0,0.0,0.0,0.9350000000000002,0.0,none,not_computed
BOOTSTRAP_V4_1_TO_V5_RULESET_CONDITIONED,RS_Y4_R092_C08,PG_BOOL_R092,PG_BOOL_R092_C08,Y4_obfuscated_boolean,full_text_predicate,6,6,6,6,1.0,1.0,1.0,0.0,0.0,0.9350000000000002,0.0,none,not_computed
BOOTSTRAP_V4_1_TO_V5_RULESET_CONDITIONED,RS_Y4_R092_C09,PG_BOOL_R092,PG_BOOL_R092_C09,Y4_obfuscated_boolean,full_text_predicate,6,6,6,6,1.0,1.0,1.0,0.0,0.0,0.9350000000000002,0.0,none,not_computed
BOOTSTRAP_V4_1_TO_V5_RULESET_CONDITIONED,RS_Y4_R092_C10,PG_BOOL_R092,PG_BOOL_R092_C10,Y4_obfuscated_boolean,full_text_predicate,6,6,6,0,1.0,1.0,1.0,0.0,0.0,0.585,0.0,boolean,not_computed
BOOTSTRAP_V4_1_TO_V5_RULESET_CONDITIONED,RS_Y4_R093_C01,PG_BOOL_R093,PG_BOOL_R093_C01,Y4_obfuscated_boolean,full_text_predicate,6,6,6,6,1.0,1.0,1.0,0.0,0.0,0.9350000000000002,0.0,none,not_computed
BOOTSTRAP_V4_1_TO_V5_RULESET_CONDITIONED,RS_Y4_R093_C02,PG_BOOL_R093,PG_BOOL_R093_C02,Y4_obfuscated_boolean,full_text_predicate,6,6,6,6,1.0,1.0,1.0,0.0,0.0,0.9350000000000002,0.0,none,not_computed
BOOTSTRAP_V4_1_TO_V5_RULESET_CONDITIONED,RS_Y4_R093_C03,PG_BOOL_R093,PG_BOOL_R093_C03,Y4_obfuscated_boolean,full_text_predicate,6,6,6,6,1.0,1.0,1.0,0.0,0.0,0.9350000000000002,0.0,none,not_computed
BOOTSTRAP_V4_1_TO_V5_RULESET_CONDITIONED,RS_Y4_R093_C04,PG_BOOL_R093,PG_BOOL_R093_C04,Y4_obfuscated_boolean,full_text_predicate,6,6,6,6,1.0,1.0,1.0,0.0,0.0,0.9350000000000002,0.0,none,not_computed
BOOTSTRAP_V4_1_TO_V5_RULESET_CONDITIONED,RS_Y4_R093_C05,PG_BOOL_R093,PG_BOOL_R093_C05,Y4_obfuscated_boolean,full_text_predicate,6,6,6,6,1.0,1.0,1.0,0.0,0.0,0.9350000000000002,0.0,none,not_computed
BOOTSTRAP_V4_1_TO_V5_RULESET_CONDITIONED,RS_Y4_R093_C06,PG_BOOL_R093,PG_BOOL_R093_C06,Y4_obfuscated_boolean,full_text_predicate,6,6,6,6,1.0,1.0,1.0,0.0,0.0,0.9350000000000002,0.0,none,not_computed
BOOTSTRAP_V4_1_TO_V5_RULESET_CONDITIONED,RS_Y4_R093_C07,PG_BOOL_R093,PG_BOOL_R093_C07,Y4_obfuscated_boolean,full_text_predicate,6,6,6,6,1.0,1.0,1.0,0.0,0.0,0.9350000000000002,0.0,none,not_computed
BOOTSTRAP_V4_1_TO_V5_RULESET_CONDITIONED,RS_Y4_R093_C08,PG_BOOL_R093,PG_BOOL_R093_C08,Y4_obfuscated_boolean,full_text_predicate,6,6,6,6,1.0,1.0,1.0,0.0,0.0,0.9350000000000002,0.0,none,not_computed
BOOTSTRAP_V4_1_TO_V5_RULESET_CONDITIONED,RS_Y4_R093_C09,PG_BOOL_R093,PG_BOOL_R093_C09,Y4_obfuscated_boolean,full_text_predicate,6,6,6,6,1.0,1.0,1.0,0.0,0.0,0.9350000000000002,0.0,none,not_computed
BOOTSTRAP_V4_1_TO_V5_RULESET_CONDITIONED,RS_Y4_R093_C10,PG_BOOL_R093,PG_BOOL_R093_C10,Y4_obfuscated_boolean,full_text_predicate,6,6,6,6,1.0,1.0,1.0,0.0,0.0,0.9350000000000002,0.0,none,not_computed
BOOTSTRAP_V4_1_TO_V5_RULESET_CONDITIONED,RS_Y4_R094_C01,PG_BOOL_R094,PG_BOOL_R094_C01,Y4_obfuscated_boolean,full_text_predicate,6,6,6,6,1.0,1.0,1.0,0.0,0.0,0.9350000000000002,0.0,none,not_computed
BOOTSTRAP_V4_1_TO_V5_RULESET_CONDITIONED,RS_Y4_R094_C02,PG_BOOL_R094,PG_BOOL_R094_C02,Y4_obfuscated_boolean,full_text_predicate,6,6,6,6,1.0,1.0,1.0,0.0,0.0,0.9350000000000002,0.0,none,not_computed
BOOTSTRAP_V4_1_TO_V5_RULESET_CONDITIONED,RS_Y4_R094_C03,PG_BOOL_R094,PG_BOOL_R094_C03,Y4_obfuscated_boolean,full_text_predicate,6,6,6,6,1.0,1.0,1.0,0.0,0.0,0.9350000000000002,0.0,none,not_computed
BOOTSTRAP_V4_1_TO_V5_RULESET_CONDITIONED,RS_Y4_R094_C04,PG_BOOL_R094,PG_BOOL_R094_C04,Y4_obfuscated_boolean,full_text_predicate,6,6,6,6,1.0,1.0,1.0,0.0,0.0,0.9350000000000002,0.0,none,not_computed
BOOTSTRAP_V4_1_TO_V5_RULESET_CONDITIONED,RS_Y4_R094_C05,PG_BOOL_R094,PG_BOOL_R094_C05,Y4_obfuscated_boolean,full_text_predicate,6,6,6,6,1.0,1.0,1.0,0.0,0.0,0.9350000000000002,0.0,none,not_computed
BOOTSTRAP_V4_1_TO_V5_RULESET_CONDITIONED,RS_Y4_R094_C06,PG_BOOL_R094,PG_BOOL_R094_C06,Y4_obfuscated_boolean,full_text_predicate,6,6,6,6,1.0,1.0,1.0,0.0,0.0,0.9350000000000002,0.0,none,not_computed
BOOTSTRAP_V4_1_TO_V5_RULESET_CONDITIONED,RS_Y4_R094_C07,PG_BOOL_R094,PG_BOOL_R094_C07,Y4_obfuscated_boolean,full_text_predicate,6,6,6,6,1.0,1.0,1.0,0.0,0.0,0.9350000000000002,0.0,none,not_computed
BOOTSTRAP_V4_1_TO_V5_RULESET_CONDITIONED,RS_Y4_R094_C08,PG_BOOL_R094,PG_BOOL_R094_C08,Y4_obfuscated_boolean,full_text_predicate,6,6,6,6,1.0,1.0,1.0,0.0,0.0,0.9350000000000002,0.0,none,not_computed
BOOTSTRAP_V4_1_TO_V5_RULESET_CONDITIONED,RS_Y4_R094_C09,PG_BOOL_R094,PG_BOOL_R094_C09,Y4_obfuscated_boolean,full_text_predicate,6,6,6,6,1.0,1.0,1.0,0.0,0.0,0.9350000000000002,0.0,none,not_computed
BOOTSTRAP_V4_1_TO_V5_RULESET_CONDITIONED,RS_Y4_R094_C10,PG_BOOL_R094,PG_BOOL_R094_C10,Y4_obfuscated_boolean,full_text_predicate,6,6,6,6,1.0,1.0,1.0,0.0,0.0,0.9350000000000002,0.0,none,not_computed
BOOTSTRAP_V4_1_TO_V5_RULESET_CONDITIONED,RS_Y4_R095_C01,PG_BOOL_R095,PG_BOOL_R095_C01,Y4_obfuscated_boolean,full_text_predicate,6,6,6,0,1.0,1.0,1.0,0.0,0.0,0.585,0.0,boolean,not_computed
BOOTSTRAP_V4_1_TO_V5_RULESET_CONDITIONED,RS_Y4_R095_C02,PG_BOOL_R095,PG_BOOL_R095_C02,Y4_obfuscated_boolean,full_text_predicate,6,6,6,0,1.0,1.0,1.0,0.0,0.0,0.585,0.0,boolean,not_computed
BOOTSTRAP_V4_1_TO_V5_RULESET_CONDITIONED,RS_Y4_R095_C03,PG_BOOL_R095,PG_BOOL_R095_C03,Y4_obfuscated_boolean,full_text_predicate,6,6,6,4,1.0,1.0,1.0,0.0,0.0,0.8183333333333334,0.0,boolean,not_computed
BOOTSTRAP_V4_1_TO_V5_RULESET_CONDITIONED,RS_Y4_R095_C04,PG_BOOL_R095,PG_BOOL_R095_C04,Y4_obfuscated_boolean,full_text_predicate,6,6,6,6,1.0,1.0,1.0,0.0,0.0,0.9350000000000002,0.0,none,not_computed
BOOTSTRAP_V4_1_TO_V5_RULESET_CONDITIONED,RS_Y4_R095_C05,PG_BOOL_R095,PG_BOOL_R095_C05,Y4_obfuscated_boolean,full_text_predicate,6,6,6,6,1.0,1.0,1.0,0.0,0.0,0.9350000000000002,0.0,none,not_computed
BOOTSTRAP_V4_1_TO_V5_RULESET_CONDITIONED,RS_Y4_R095_C06,PG_BOOL_R095,PG_BOOL_R095_C06,Y4_obfuscated_boolean,full_text_predicate,6,6,6,0,1.0,1.0,1.0,0.0,0.0,0.585,0.0,boolean,not_computed
BOOTSTRAP_V4_1_TO_V5_RULESET_CONDITIONED,RS_Y4_R095_C07,PG_BOOL_R095,PG_BOOL_R095_C07,Y4_obfuscated_boolean,full_text_predicate,6,6,6,6,1.0,1.0,1.0,0.0,0.0,0.9350000000000002,0.0,none,not_computed
BOOTSTRAP_V4_1_TO_V5_RULESET_CONDITIONED,RS_Y4_R095_C08,PG_BOOL_R095,PG_BOOL_R095_C08,Y4_obfuscated_boolean,full_text_predicate,6,6,6,6,1.0,1.0,1.0,0.0,0.0,0.9350000000000002,0.0,none,not_computed
BOOTSTRAP_V4_1_TO_V5_RULESET_CONDITIONED,RS_Y4_R095_C09,PG_BOOL_R095,PG_BOOL_R095_C09,Y4_obfuscated_boolean,full_text_predicate,6,6,6,6,1.0,1.0,1.0,0.0,0.0,0.9350000000000002,0.0,none,not_computed
BOOTSTRAP_V4_1_TO_V5_RULESET_CONDITIONED,RS_Y4_R095_C10,PG_BOOL_R095,PG_BOOL_R095_C10,Y4_obfuscated_boolean,full_text_predicate,6,6,6,0,1.0,1.0,1.0,0.0,0.0,0.585,0.0,boolean,not_computed
BOOTSTRAP_V4_1_TO_V5_RULESET_CONDITIONED,RS_Y4_R096_C01,PG_BOOL_R096,PG_BOOL_R096_C01,Y4_obfuscated_boolean,logical_composition,6,6,6,6,1.0,1.0,1.0,0.0,0.0,0.9350000000000002,0.0,none,not_computed
BOOTSTRAP_V4_1_TO_V5_RULESET_CONDITIONED,RS_Y4_R096_C02,PG_BOOL_R096,PG_BOOL_R096_C02,Y4_obfuscated_boolean,logical_composition,6,6,6,6,1.0,1.0,1.0,0.0,0.0,0.9350000000000002,0.0,none,not_computed
BOOTSTRAP_V4_1_TO_V5_RULESET_CONDITIONED,RS_Y4_R096_C03,PG_BOOL_R096,PG_BOOL_R096_C03,Y4_obfuscated_boolean,logical_composition,6,6,6,6,1.0,1.0,1.0,0.0,0.0,0.9350000000000002,0.0,none,not_computed
BOOTSTRAP_V4_1_TO_V5_RULESET_CONDITIONED,RS_Y4_R096_C04,PG_BOOL_R096,PG_BOOL_R096_C04,Y4_obfuscated_boolean,logical_composition,6,6,6,6,1.0,1.0,1.0,0.0,0.0,0.9350000000000002,0.0,none,not_computed
BOOTSTRAP_V4_1_TO_V5_RULESET_CONDITIONED,RS_Y4_R096_C05,PG_BOOL_R096,PG_BOOL_R096_C05,Y4_obfuscated_boolean,logical_composition,6,6,6,6,1.0,1.0,1.0,0.0,0.0,0.9350000000000002,0.0,none,not_computed
BOOTSTRAP_V4_1_TO_V5_RULESET_CONDITIONED,RS_Y4_R096_C06,PG_BOOL_R096,PG_BOOL_R096_C06,Y4_obfuscated_boolean,logical_composition,6,6,6,6,1.0,1.0,1.0,0.0,0.0,0.9350000000000002,0.0,none,not_computed
BOOTSTRAP_V4_1_TO_V5_RULESET_CONDITIONED,RS_Y4_R096_C07,PG_BOOL_R096,PG_BOOL_R096_C07,Y4_obfuscated_boolean,logical_composition,6,6,6,6,1.0,1.0,1.0,0.0,0.0,0.9350000000000002,0.0,none,not_computed
BOOTSTRAP_V4_1_TO_V5_RULESET_CONDITIONED,RS_Y4_R096_C08,PG_BOOL_R096,PG_BOOL_R096_C08,Y4_obfuscated_boolean,logical_composition,6,6,6,6,1.0,1.0,1.0,0.0,0.0,0.9350000000000002,0.0,none,not_computed
BOOTSTRAP_V4_1_TO_V5_RULESET_CONDITIONED,RS_Y4_R096_C09,PG_BOOL_R096,PG_BOOL_R096_C09,Y4_obfuscated_boolean,logical_composition,6,6,6,6,1.0,1.0,1.0,0.0,0.0,0.9350000000000002,0.0,none,not_computed
BOOTSTRAP_V4_1_TO_V5_RULESET_CONDITIONED,RS_Y4_R096_C10,PG_BOOL_R096,PG_BOOL_R096_C10,Y4_obfuscated_boolean,logical_composition,6,6,6,6,1.0,1.0,1.0,0.0,0.0,0.9350000000000002,0.0,none,not_computed
BOOTSTRAP_V4_1_TO_V5_RULESET_CONDITIONED,RS_Y4_R097_C01,PG_BOOL_R097,PG_BOOL_R097_C01,Y4_obfuscated_boolean,logical_composition,6,6,6,6,1.0,1.0,1.0,0.0,0.0,0.9350000000000002,0.0,none,not_computed
BOOTSTRAP_V4_1_TO_V5_RULESET_CONDITIONED,RS_Y4_R097_C02,PG_BOOL_R097,PG_BOOL_R097_C02,Y4_obfuscated_boolean,logical_composition,6,6,6,6,1.0,1.0,1.0,0.0,0.0,0.9350000000000002,0.0,none,not_computed
BOOTSTRAP_V4_1_TO_V5_RULESET_CONDITIONED,RS_Y4_R097_C03,PG_BOOL_R097,PG_BOOL_R097_C03,Y4_obfuscated_boolean,logical_composition,6,6,6,6,1.0,1.0,1.0,0.0,0.0,0.9350000000000002,0.0,none,not_computed
BOOTSTRAP_V4_1_TO_V5_RULESET_CONDITIONED,RS_Y4_R097_C04,PG_BOOL_R097,PG_BOOL_R097_C04,Y4_obfuscated_boolean,logical_composition,6,6,6,6,1.0,1.0,1.0,0.0,0.0,0.9350000000000002,0.0,none,not_computed
BOOTSTRAP_V4_1_TO_V5_RULESET_CONDITIONED,RS_Y4_R097_C05,PG_BOOL_R097,PG_BOOL_R097_C05,Y4_obfuscated_boolean,logical_composition,6,6,6,6,1.0,1.0,1.0,0.0,0.0,0.9350000000000002,0.0,none,not_computed
BOOTSTRAP_V4_1_TO_V5_RULESET_CONDITIONED,RS_Y4_R097_C06,PG_BOOL_R097,PG_BOOL_R097_C06,Y4_obfuscated_boolean,logical_composition,6,6,6,6,1.0,1.0,1.0,0.0,0.0,0.9350000000000002,0.0,none,not_computed
BOOTSTRAP_V4_1_TO_V5_RULESET_CONDITIONED,RS_Y4_R097_C07,PG_BOOL_R097,PG_BOOL_R097_C07,Y4_obfuscated_boolean,logical_composition,6,6,6,6,1.0,1.0,1.0,0.0,0.0,0.9350000000000002,0.0,none,not_computed
BOOTSTRAP_V4_1_TO_V5_RULESET_CONDITIONED,RS_Y4_R097_C08,PG_BOOL_R097,PG_BOOL_R097_C08,Y4_obfuscated_boolean,logical_composition,6,6,6,6,1.0,1.0,1.0,0.0,0.0,0.9350000000000002,0.0,none,not_computed
BOOTSTRAP_V4_1_TO_V5_RULESET_CONDITIONED,RS_Y4_R097_C09,PG_BOOL_R097,PG_BOOL_R097_C09,Y4_obfuscated_boolean,logical_composition,6,6,6,6,1.0,1.0,1.0,0.0,0.0,0.9350000000000002,0.0,none,not_computed
BOOTSTRAP_V4_1_TO_V5_RULESET_CONDITIONED,RS_Y4_R097_C10,PG_BOOL_R097,PG_BOOL_R097_C10,Y4_obfuscated_boolean,logical_composition,6,6,6,6,1.0,1.0,1.0,0.0,0.0,0.9350000000000002,0.0,none,not_computed
BOOTSTRAP_V4_1_TO_V5_RULESET_CONDITIONED,RS_Y4_R098_C01,PG_BOOL_R098,PG_BOOL_R098_C01,Y4_obfuscated_boolean,logical_composition,6,6,6,6,1.0,1.0,1.0,0.0,0.0,0.9350000000000002,0.0,none,not_computed
BOOTSTRAP_V4_1_TO_V5_RULESET_CONDITIONED,RS_Y4_R098_C02,PG_BOOL_R098,PG_BOOL_R098_C02,Y4_obfuscated_boolean,logical_composition,6,6,6,6,1.0,1.0,1.0,0.0,0.0,0.9350000000000002,0.0,none,not_computed
BOOTSTRAP_V4_1_TO_V5_RULESET_CONDITIONED,RS_Y4_R098_C03,PG_BOOL_R098,PG_BOOL_R098_C03,Y4_obfuscated_boolean,logical_composition,6,6,6,6,1.0,1.0,1.0,0.0,0.0,0.9350000000000002,0.0,none,not_computed
BOOTSTRAP_V4_1_TO_V5_RULESET_CONDITIONED,RS_Y4_R098_C04,PG_BOOL_R098,PG_BOOL_R098_C04,Y4_obfuscated_boolean,logical_composition,6,6,6,6,1.0,1.0,1.0,0.0,0.0,0.9350000000000002,0.0,none,not_computed
BOOTSTRAP_V4_1_TO_V5_RULESET_CONDITIONED,RS_Y4_R098_C05,PG_BOOL_R098,PG_BOOL_R098_C05,Y4_obfuscated_boolean,logical_composition,6,6,6,6,1.0,1.0,1.0,0.0,0.0,0.9350000000000002,0.0,none,not_computed
BOOTSTRAP_V4_1_TO_V5_RULESET_CONDITIONED,RS_Y4_R098_C06,PG_BOOL_R098,PG_BOOL_R098_C06,Y4_obfuscated_boolean,logical_composition,6,6,6,6,1.0,1.0,1.0,0.0,0.0,0.9350000000000002,0.0,none,not_computed
BOOTSTRAP_V4_1_TO_V5_RULESET_CONDITIONED,RS_Y4_R098_C07,PG_BOOL_R098,PG_BOOL_R098_C07,Y4_obfuscated_boolean,logical_composition,6,6,6,6,1.0,1.0,1.0,0.0,0.0,0.9350000000000002,0.0,none,not_computed
BOOTSTRAP_V4_1_TO_V5_RULESET_CONDITIONED,RS_Y4_R098_C08,PG_BOOL_R098,PG_BOOL_R098_C08,Y4_obfuscated_boolean,logical_composition,6,6,6,6,1.0,1.0,1.0,0.0,0.0,0.9350000000000002,0.0,none,not_computed
BOOTSTRAP_V4_1_TO_V5_RULESET_CONDITIONED,RS_Y4_R098_C09,PG_BOOL_R098,PG_BOOL_R098_C09,Y4_obfuscated_boolean,logical_composition,6,6,6,6,1.0,1.0,1.0,0.0,0.0,0.9350000000000002,0.0,none,not_computed
BOOTSTRAP_V4_1_TO_V5_RULESET_CONDITIONED,RS_Y4_R098_C10,PG_BOOL_R098,PG_BOOL_R098_C10,Y4_obfuscated_boolean,logical_composition,6,6,6,6,1.0,1.0,1.0,0.0,0.0,0.9350000000000002,0.0,none,not_computed
BOOTSTRAP_V4_1_TO_V5_RULESET_CONDITIONED,RS_Y4_R099_C01,PG_BOOL_R099,PG_BOOL_R099_C01,Y4_obfuscated_boolean,logical_composition,6,6,6,6,1.0,1.0,1.0,0.0,0.0,0.9350000000000002,0.0,none,not_computed
BOOTSTRAP_V4_1_TO_V5_RULESET_CONDITIONED,RS_Y4_R099_C02,PG_BOOL_R099,PG_BOOL_R099_C02,Y4_obfuscated_boolean,logical_composition,6,6,6,6,1.0,1.0,1.0,0.0,0.0,0.9350000000000002,0.0,none,not_computed
BOOTSTRAP_V4_1_TO_V5_RULESET_CONDITIONED,RS_Y4_R099_C03,PG_BOOL_R099,PG_BOOL_R099_C03,Y4_obfuscated_boolean,logical_composition,6,6,6,6,1.0,1.0,1.0,0.0,0.0,0.9350000000000002,0.0,none,not_computed
BOOTSTRAP_V4_1_TO_V5_RULESET_CONDITIONED,RS_Y4_R099_C04,PG_BOOL_R099,PG_BOOL_R099_C04,Y4_obfuscated_boolean,logical_composition,6,6,6,6,1.0,1.0,1.0,0.0,0.0,0.9350000000000002,0.0,none,not_computed
BOOTSTRAP_V4_1_TO_V5_RULESET_CONDITIONED,RS_Y4_R099_C05,PG_BOOL_R099,PG_BOOL_R099_C05,Y4_obfuscated_boolean,logical_composition,6,6,6,6,1.0,1.0,1.0,0.0,0.0,0.9350000000000002,0.0,none,not_computed
BOOTSTRAP_V4_1_TO_V5_RULESET_CONDITIONED,RS_Y4_R099_C06,PG_BOOL_R099,PG_BOOL_R099_C06,Y4_obfuscated_boolean,logical_composition,6,6,6,6,1.0,1.0,1.0,0.0,0.0,0.9350000000000002,0.0,none,not_computed
BOOTSTRAP_V4_1_TO_V5_RULESET_CONDITIONED,RS_Y4_R099_C07,PG_BOOL_R099,PG_BOOL_R099_C07,Y4_obfuscated_boolean,logical_composition,6,6,6,6,1.0,1.0,1.0,0.0,0.0,0.9350000000000002,0.0,none,not_computed
BOOTSTRAP_V4_1_TO_V5_RULESET_CONDITIONED,RS_Y4_R099_C08,PG_BOOL_R099,PG_BOOL_R099_C08,Y4_obfuscated_boolean,logical_composition,6,6,6,6,1.0,1.0,1.0,0.0,0.0,0.9350000000000002,0.0,none,not_computed
BOOTSTRAP_V4_1_TO_V5_RULESET_CONDITIONED,RS_Y4_R099_C09,PG_BOOL_R099,PG_BOOL_R099_C09,Y4_obfuscated_boolean,logical_composition,6,6,6,6,1.0,1.0,1.0,0.0,0.0,0.9350000000000002,0.0,none,not_computed
BOOTSTRAP_V4_1_TO_V5_RULESET_CONDITIONED,RS_Y4_R099_C10,PG_BOOL_R099,PG_BOOL_R099_C10,Y4_obfuscated_boolean,logical_composition,6,6,6,6,1.0,1.0,1.0,0.0,0.0,0.9350000000000002,0.0,none,not_computed
BOOTSTRAP_V4_1_TO_V5_RULESET_CONDITIONED,RS_Y4_R100_C01,PG_BOOL_R100,PG_BOOL_R100_C01,Y4_obfuscated_boolean,logical_composition,6,6,6,6,1.0,1.0,1.0,0.0,0.0,0.9350000000000002,0.0,none,not_computed
BOOTSTRAP_V4_1_TO_V5_RULESET_CONDITIONED,RS_Y4_R100_C02,PG_BOOL_R100,PG_BOOL_R100_C02,Y4_obfuscated_boolean,logical_composition,6,6,6,6,1.0,1.0,1.0,0.0,0.0,0.9350000000000002,0.0,none,not_computed
BOOTSTRAP_V4_1_TO_V5_RULESET_CONDITIONED,RS_Y4_R100_C03,PG_BOOL_R100,PG_BOOL_R100_C03,Y4_obfuscated_boolean,logical_composition,6,6,6,6,1.0,1.0,1.0,0.0,0.0,0.9350000000000002,0.0,none,not_computed
BOOTSTRAP_V4_1_TO_V5_RULESET_CONDITIONED,RS_Y4_R100_C04,PG_BOOL_R100,PG_BOOL_R100_C04,Y4_obfuscated_boolean,logical_composition,6,6,6,6,1.0,1.0,1.0,0.0,0.0,0.9350000000000002,0.0,none,not_computed
BOOTSTRAP_V4_1_TO_V5_RULESET_CONDITIONED,RS_Y4_R100_C05,PG_BOOL_R100,PG_BOOL_R100_C05,Y4_obfuscated_boolean,logical_composition,6,6,6,6,1.0,1.0,1.0,0.0,0.0,0.9350000000000002,0.0,none,not_computed
BOOTSTRAP_V4_1_TO_V5_RULESET_CONDITIONED,RS_Y4_R100_C06,PG_BOOL_R100,PG_BOOL_R100_C06,Y4_obfuscated_boolean,logical_composition,6,6,6,6,1.0,1.0,1.0,0.0,0.0,0.9350000000000002,0.0,none,not_computed
BOOTSTRAP_V4_1_TO_V5_RULESET_CONDITIONED,RS_Y4_R100_C07,PG_BOOL_R100,PG_BOOL_R100_C07,Y4_obfuscated_boolean,logical_composition,6,6,6,6,1.0,1.0,1.0,0.0,0.0,0.9350000000000002,0.0,none,not_computed
BOOTSTRAP_V4_1_TO_V5_RULESET_CONDITIONED,RS_Y4_R100_C08,PG_BOOL_R100,PG_BOOL_R100_C08,Y4_obfuscated_boolean,logical_composition,6,6,6,6,1.0,1.0,1.0,0.0,0.0,0.9350000000000002,0.0,none,not_computed
BOOTSTRAP_V4_1_TO_V5_RULESET_CONDITIONED,RS_Y4_R100_C09,PG_BOOL_R100,PG_BOOL_R100_C09,Y4_obfuscated_boolean,logical_composition,6,6,6,6,1.0,1.0,1.0,0.0,0.0,0.9350000000000002,0.0,none,not_computed
BOOTSTRAP_V4_1_TO_V5_RULESET_CONDITIONED,RS_Y4_R100_C10,PG_BOOL_R100,PG_BOOL_R100_C10,Y4_obfuscated_boolean,logical_composition,6,6,6,6,1.0,1.0,1.0,0.0,0.0,0.9350000000000002,0.0,none,not_computed
